PROVRES;TIPPARTO;SEXO;IMEDAD;ITIEMGEST;IMINSTRUC;IPESONAC;CUENTA
82;1;2;5.30 a 34;4.28 a 31;2.Secundaria/Polimodal Incompleta;1.Menos de 2500 gramos;9
14;1;1;4.25 a 29;6.37 a 41;1.Hasta Primaria/C.EGB Completa;2.2500 gramos y más;560
26;1;1;2.15 a 19;5.32 a 36;4.Sin especificar;1.Menos de 2500 gramos;1
34;2;2;3.20 a 24;5.32 a 36;1.Hasta Primaria/C.EGB Completa;1.Menos de 2500 gramos;2
54;2;1;4.25 a 29;3.24 a 27;3.Secundario/Polimodal Completa y más;1.Menos de 2500 gramos;1
30;1;2;5.30 a 34;7.42 y más;2.Secundaria/Polimodal Incompleta;2.2500 gramos y más;1
06;2;2;2.15 a 19;6.37 a 41;2.Secundaria/Polimodal Incompleta;2.2500 gramos y más;2
10;1;2;4.25 a 29;8.Sin especificar;3.Secundario/Polimodal Completa y más;3.Sin especificar;6
82;1;1;4.25 a 29;5.32 a 36;3.Secundario/Polimodal Completa y más;1.Menos de 2500 gramos;77
90;1;1;2.15 a 19;6.37 a 41;2.Secundaria/Polimodal Incompleta;3.Sin especificar;1
86;1;2;3.20 a 24;3.24 a 27;3.Secundario/Polimodal Completa y más;1.Menos de 2500 gramos;1
34;1;2;2.15 a 19;6.37 a 41;1.Hasta Primaria/C.EGB Completa;1.Menos de 2500 gramos;5
06;9;2;8.De 45 y más;6.37 a 41;4.Sin especificar;2.2500 gramos y más;5
26;2;2;3.20 a 24;3.24 a 27;3.Secundario/Polimodal Completa y más;1.Menos de 2500 gramos;2
58;2;2;5.30 a 34;5.32 a 36;3.Secundario/Polimodal Completa y más;2.2500 gramos y más;5
62;1;2;5.30 a 34;6.37 a 41;3.Secundario/Polimodal Completa y más;1.Menos de 2500 gramos;18
18;1;1;6.35 a 39;6.37 a 41;4.Sin especificar;1.Menos de 2500 gramos;8
90;1;1;3.20 a 24;5.32 a 36;2.Secundaria/Polimodal Incompleta;1.Menos de 2500 gramos;22
66;1;2;1.Menor de 15;7.42 y más;1.Hasta Primaria/C.EGB Completa;2.2500 gramos y más;1
82;1;2;4.25 a 29;6.37 a 41;4.Sin especificar;2.2500 gramos y más;25
14;1;2;5.30 a 34;8.Sin especificar;4.Sin especificar;3.Sin especificar;6
06;2;1;6.35 a 39;5.32 a 36;4.Sin especificar;1.Menos de 2500 gramos;8
50;2;2;5.30 a 34;6.37 a 41;3.Secundario/Polimodal Completa y más;2.2500 gramos y más;19
34;1;2;6.35 a 39;7.42 y más;1.Hasta Primaria/C.EGB Completa;2.2500 gramos y más;1
90;1;2;4.25 a 29;6.37 a 41;3.Secundario/Polimodal Completa y más;3.Sin especificar;7
78;2;1;7.40 a 44;6.37 a 41;2.Secundaria/Polimodal Incompleta;2.2500 gramos y más;1
99;1;2;3.20 a 24;8.Sin especificar;4.Sin especificar;3.Sin especificar;5
30;1;2;3.20 a 24;5.32 a 36;4.Sin especificar;2.2500 gramos y más;2
06;1;2;6.35 a 39;8.Sin especificar;4.Sin especificar;2.2500 gramos y más;9
54;1;1;6.35 a 39;7.42 y más;2.Secundaria/Polimodal Incompleta;2.2500 gramos y más;1
38;1;2;4.25 a 29;4.28 a 31;3.Secundario/Polimodal Completa y más;1.Menos de 2500 gramos;2
02;1;1;7.40 a 44;6.37 a 41;1.Hasta Primaria/C.EGB Completa;3.Sin especificar;1
22;1;2;7.40 a 44;8.Sin especificar;3.Secundario/Polimodal Completa y más;2.2500 gramos y más;1
26;1;1;6.35 a 39;5.32 a 36;3.Secundario/Polimodal Completa y más;1.Menos de 2500 gramos;15
18;2;2;2.15 a 19;6.37 a 41;2.Secundaria/Polimodal Incompleta;1.Menos de 2500 gramos;5
58;1;1;5.30 a 34;5.32 a 36;1.Hasta Primaria/C.EGB Completa;2.2500 gramos y más;5
50;2;1;4.25 a 29;5.32 a 36;2.Secundaria/Polimodal Incompleta;2.2500 gramos y más;5
42;1;2;2.15 a 19;6.37 a 41;2.Secundaria/Polimodal Incompleta;2.2500 gramos y más;73
06;1;1;3.20 a 24;3.24 a 27;4.Sin especificar;1.Menos de 2500 gramos;3
02;9;2;5.30 a 34;5.32 a 36;4.Sin especificar;1.Menos de 2500 gramos;2
10;2;2;4.25 a 29;6.37 a 41;3.Secundario/Polimodal Completa y más;2.2500 gramos y más;6
66;2;1;3.20 a 24;6.37 a 41;3.Secundario/Polimodal Completa y más;1.Menos de 2500 gramos;4
50;1;2;1.Menor de 15;6.37 a 41;2.Secundaria/Polimodal Incompleta;2.2500 gramos y más;11
22;1;2;3.20 a 24;4.28 a 31;2.Secundaria/Polimodal Incompleta;1.Menos de 2500 gramos;4
74;1;1;2.15 a 19;5.32 a 36;2.Secundaria/Polimodal Incompleta;2.2500 gramos y más;14
02;2;2;5.30 a 34;5.32 a 36;3.Secundario/Polimodal Completa y más;1.Menos de 2500 gramos;40
82;1;1;7.40 a 44;6.37 a 41;1.Hasta Primaria/C.EGB Completa;2.2500 gramos y más;133
06;1;2;9.Sin especificar;3.24 a 27;4.Sin especificar;3.Sin especificar;1
82;1;2;2.15 a 19;5.32 a 36;2.Secundaria/Polimodal Incompleta;2.2500 gramos y más;49
22;9;2;4.25 a 29;5.32 a 36;2.Secundaria/Polimodal Incompleta;2.2500 gramos y más;1
06;1;1;8.De 45 y más;5.32 a 36;3.Secundario/Polimodal Completa y más;2.2500 gramos y más;14
58;1;2;5.30 a 34;6.37 a 41;3.Secundario/Polimodal Completa y más;2.2500 gramos y más;624
62;1;2;5.30 a 34;5.32 a 36;1.Hasta Primaria/C.EGB Completa;1.Menos de 2500 gramos;3
34;2;1;6.35 a 39;6.37 a 41;4.Sin especificar;2.2500 gramos y más;1
14;1;2;8.De 45 y más;6.37 a 41;1.Hasta Primaria/C.EGB Completa;2.2500 gramos y más;6
82;2;2;3.20 a 24;6.37 a 41;3.Secundario/Polimodal Completa y más;2.2500 gramos y más;5
18;1;2;2.15 a 19;4.28 a 31;2.Secundaria/Polimodal Incompleta;1.Menos de 2500 gramos;5
06;2;1;3.20 a 24;2.22 a 23;3.Secundario/Polimodal Completa y más;1.Menos de 2500 gramos;1
34;1;2;4.25 a 29;6.37 a 41;4.Sin especificar;2.2500 gramos y más;271
86;1;1;4.25 a 29;5.32 a 36;2.Secundaria/Polimodal Incompleta;2.2500 gramos y más;12
66;1;2;3.20 a 24;8.Sin especificar;2.Secundaria/Polimodal Incompleta;3.Sin especificar;1
34;1;2;7.40 a 44;6.37 a 41;4.Sin especificar;1.Menos de 2500 gramos;2
74;1;2;6.35 a 39;5.32 a 36;3.Secundario/Polimodal Completa y más;1.Menos de 2500 gramos;9
22;1;1;4.25 a 29;3.24 a 27;3.Secundario/Polimodal Completa y más;1.Menos de 2500 gramos;2
62;1;1;5.30 a 34;5.32 a 36;2.Secundaria/Polimodal Incompleta;1.Menos de 2500 gramos;6
54;1;2;4.25 a 29;5.32 a 36;1.Hasta Primaria/C.EGB Completa;2.2500 gramos y más;37
14;1;1;4.25 a 29;4.28 a 31;2.Secundaria/Polimodal Incompleta;1.Menos de 2500 gramos;10
82;1;1;5.30 a 34;3.24 a 27;1.Hasta Primaria/C.EGB Completa;1.Menos de 2500 gramos;3
26;2;1;3.20 a 24;5.32 a 36;2.Secundaria/Polimodal Incompleta;1.Menos de 2500 gramos;1
02;1;2;9.Sin especificar;8.Sin especificar;3.Secundario/Polimodal Completa y más;2.2500 gramos y más;1
18;1;1;5.30 a 34;3.24 a 27;4.Sin especificar;1.Menos de 2500 gramos;2
22;1;1;9.Sin especificar;5.32 a 36;3.Secundario/Polimodal Completa y más;2.2500 gramos y más;1
90;1;1;7.40 a 44;6.37 a 41;3.Secundario/Polimodal Completa y más;1.Menos de 2500 gramos;6
90;1;2;3.20 a 24;5.32 a 36;1.Hasta Primaria/C.EGB Completa;1.Menos de 2500 gramos;11
06;1;2;7.40 a 44;3.24 a 27;1.Hasta Primaria/C.EGB Completa;1.Menos de 2500 gramos;1
26;2;1;4.25 a 29;6.37 a 41;3.Secundario/Polimodal Completa y más;2.2500 gramos y más;2
30;1;1;5.30 a 34;8.Sin especificar;3.Secundario/Polimodal Completa y más;2.2500 gramos y más;10
26;1;2;2.15 a 19;5.32 a 36;3.Secundario/Polimodal Completa y más;2.2500 gramos y más;3
06;9;1;4.25 a 29;6.37 a 41;1.Hasta Primaria/C.EGB Completa;2.2500 gramos y más;1
06;1;1;5.30 a 34;8.Sin especificar;3.Secundario/Polimodal Completa y más;3.Sin especificar;12
34;2;1;5.30 a 34;6.37 a 41;4.Sin especificar;2.2500 gramos y más;6
02;1;2;6.35 a 39;6.37 a 41;3.Secundario/Polimodal Completa y más;3.Sin especificar;1
86;2;1;3.20 a 24;4.28 a 31;1.Hasta Primaria/C.EGB Completa;1.Menos de 2500 gramos;1
86;2;1;4.25 a 29;4.28 a 31;1.Hasta Primaria/C.EGB Completa;1.Menos de 2500 gramos;1
30;1;2;4.25 a 29;6.37 a 41;3.Secundario/Polimodal Completa y más;3.Sin especificar;2
14;2;1;3.20 a 24;3.24 a 27;1.Hasta Primaria/C.EGB Completa;1.Menos de 2500 gramos;1
34;2;2;3.20 a 24;5.32 a 36;4.Sin especificar;2.2500 gramos y más;1
70;1;1;1.Menor de 15;6.37 a 41;1.Hasta Primaria/C.EGB Completa;1.Menos de 2500 gramos;1
46;1;2;2.15 a 19;6.37 a 41;2.Secundaria/Polimodal Incompleta;1.Menos de 2500 gramos;1
02;2;2;6.35 a 39;5.32 a 36;3.Secundario/Polimodal Completa y más;1.Menos de 2500 gramos;39
54;1;1;4.25 a 29;6.37 a 41;1.Hasta Primaria/C.EGB Completa;3.Sin especificar;1
82;2;2;3.20 a 24;6.37 a 41;1.Hasta Primaria/C.EGB Completa;2.2500 gramos y más;7
82;1;2;4.25 a 29;7.42 y más;2.Secundaria/Polimodal Incompleta;2.2500 gramos y más;4
22;2;1;4.25 a 29;6.37 a 41;1.Hasta Primaria/C.EGB Completa;1.Menos de 2500 gramos;3
18;1;2;5.30 a 34;6.37 a 41;3.Secundario/Polimodal Completa y más;2.2500 gramos y más;762
06;2;2;4.25 a 29;8.Sin especificar;1.Hasta Primaria/C.EGB Completa;3.Sin especificar;1
10;1;1;7.40 a 44;4.28 a 31;3.Secundario/Polimodal Completa y más;1.Menos de 2500 gramos;1
54;2;2;4.25 a 29;5.32 a 36;1.Hasta Primaria/C.EGB Completa;2.2500 gramos y más;3
18;1;1;4.25 a 29;6.37 a 41;3.Secundario/Polimodal Completa y más;2.2500 gramos y más;878
54;1;2;7.40 a 44;5.32 a 36;3.Secundario/Polimodal Completa y más;1.Menos de 2500 gramos;6
06;1;2;4.25 a 29;2.22 a 23;3.Secundario/Polimodal Completa y más;1.Menos de 2500 gramos;1
14;1;1;4.25 a 29;3.24 a 27;3.Secundario/Polimodal Completa y más;1.Menos de 2500 gramos;5
14;2;2;2.15 a 19;6.37 a 41;2.Secundaria/Polimodal Incompleta;1.Menos de 2500 gramos;3
06;1;2;5.30 a 34;8.Sin especificar;3.Secundario/Polimodal Completa y más;2.2500 gramos y más;106
54;1;2;5.30 a 34;4.28 a 31;2.Secundaria/Polimodal Incompleta;1.Menos de 2500 gramos;3
54;1;2;4.25 a 29;6.37 a 41;1.Hasta Primaria/C.EGB Completa;2.2500 gramos y más;730
78;1;1;8.De 45 y más;6.37 a 41;3.Secundario/Polimodal Completa y más;2.2500 gramos y más;4
86;1;2;5.30 a 34;4.28 a 31;2.Secundaria/Polimodal Incompleta;1.Menos de 2500 gramos;1
58;2;2;2.15 a 19;6.37 a 41;1.Hasta Primaria/C.EGB Completa;2.2500 gramos y más;1
82;2;2;7.40 a 44;6.37 a 41;1.Hasta Primaria/C.EGB Completa;2.2500 gramos y más;3
06;1;2;6.35 a 39;8.Sin especificar;1.Hasta Primaria/C.EGB Completa;1.Menos de 2500 gramos;5
10;1;1;2.15 a 19;5.32 a 36;1.Hasta Primaria/C.EGB Completa;1.Menos de 2500 gramos;1
58;2;2;6.35 a 39;3.24 a 27;3.Secundario/Polimodal Completa y más;1.Menos de 2500 gramos;1
30;1;2;1.Menor de 15;6.37 a 41;2.Secundaria/Polimodal Incompleta;1.Menos de 2500 gramos;3
86;1;1;4.25 a 29;4.28 a 31;3.Secundario/Polimodal Completa y más;1.Menos de 2500 gramos;3
06;1;2;6.35 a 39;1.Menos de 22;1.Hasta Primaria/C.EGB Completa;1.Menos de 2500 gramos;1
66;1;2;2.15 a 19;8.Sin especificar;1.Hasta Primaria/C.EGB Completa;3.Sin especificar;1
18;2;2;4.25 a 29;6.37 a 41;2.Secundaria/Polimodal Incompleta;2.2500 gramos y más;1
02;1;1;7.40 a 44;4.28 a 31;1.Hasta Primaria/C.EGB Completa;1.Menos de 2500 gramos;2
94;2;1;5.30 a 34;5.32 a 36;1.Hasta Primaria/C.EGB Completa;2.2500 gramos y más;1
34;1;2;6.35 a 39;5.32 a 36;3.Secundario/Polimodal Completa y más;2.2500 gramos y más;8
18;2;2;3.20 a 24;5.32 a 36;4.Sin especificar;1.Menos de 2500 gramos;3
50;1;1;2.15 a 19;3.24 a 27;2.Secundaria/Polimodal Incompleta;1.Menos de 2500 gramos;4
06;1;1;6.35 a 39;6.37 a 41;3.Secundario/Polimodal Completa y más;3.Sin especificar;18
38;2;2;5.30 a 34;6.37 a 41;2.Secundaria/Polimodal Incompleta;2.2500 gramos y más;1
74;1;1;4.25 a 29;7.42 y más;3.Secundario/Polimodal Completa y más;2.2500 gramos y más;15
58;2;1;3.20 a 24;5.32 a 36;3.Secundario/Polimodal Completa y más;1.Menos de 2500 gramos;1
74;1;2;6.35 a 39;6.37 a 41;3.Secundario/Polimodal Completa y más;2.2500 gramos y más;273
38;1;1;7.40 a 44;4.28 a 31;1.Hasta Primaria/C.EGB Completa;1.Menos de 2500 gramos;1
06;2;1;8.De 45 y más;5.32 a 36;3.Secundario/Polimodal Completa y más;2.2500 gramos y más;3
22;1;2;7.40 a 44;8.Sin especificar;1.Hasta Primaria/C.EGB Completa;2.2500 gramos y más;3
34;1;2;6.35 a 39;5.32 a 36;4.Sin especificar;1.Menos de 2500 gramos;13
38;1;1;5.30 a 34;7.42 y más;1.Hasta Primaria/C.EGB Completa;2.2500 gramos y más;6
06;9;2;4.25 a 29;5.32 a 36;4.Sin especificar;1.Menos de 2500 gramos;7
02;9;1;3.20 a 24;5.32 a 36;4.Sin especificar;2.2500 gramos y más;1
18;1;1;5.30 a 34;6.37 a 41;2.Secundaria/Polimodal Incompleta;1.Menos de 2500 gramos;1
66;1;2;6.35 a 39;5.32 a 36;1.Hasta Primaria/C.EGB Completa;2.2500 gramos y más;10
74;1;2;7.40 a 44;6.37 a 41;4.Sin especificar;2.2500 gramos y más;1
74;1;2;7.40 a 44;6.37 a 41;1.Hasta Primaria/C.EGB Completa;1.Menos de 2500 gramos;1
66;1;1;5.30 a 34;4.28 a 31;3.Secundario/Polimodal Completa y más;1.Menos de 2500 gramos;2
62;1;1;5.30 a 34;5.32 a 36;4.Sin especificar;2.2500 gramos y más;3
99;2;2;5.30 a 34;6.37 a 41;3.Secundario/Polimodal Completa y más;2.2500 gramos y más;1
62;1;2;2.15 a 19;5.32 a 36;4.Sin especificar;2.2500 gramos y más;1
74;2;1;5.30 a 34;6.37 a 41;2.Secundaria/Polimodal Incompleta;2.2500 gramos y más;2
22;1;1;7.40 a 44;8.Sin especificar;1.Hasta Primaria/C.EGB Completa;2.2500 gramos y más;1
30;1;2;6.35 a 39;6.37 a 41;2.Secundaria/Polimodal Incompleta;3.Sin especificar;1
90;1;1;6.35 a 39;5.32 a 36;1.Hasta Primaria/C.EGB Completa;1.Menos de 2500 gramos;10
14;1;1;7.40 a 44;7.42 y más;2.Secundaria/Polimodal Incompleta;2.2500 gramos y más;2
90;2;1;3.20 a 24;5.32 a 36;2.Secundaria/Polimodal Incompleta;1.Menos de 2500 gramos;5
62;1;1;7.40 a 44;5.32 a 36;3.Secundario/Polimodal Completa y más;1.Menos de 2500 gramos;6
62;1;1;8.De 45 y más;6.37 a 41;1.Hasta Primaria/C.EGB Completa;2.2500 gramos y más;2
02;1;1;8.De 45 y más;5.32 a 36;4.Sin especificar;2.2500 gramos y más;2
18;1;2;3.20 a 24;5.32 a 36;2.Secundaria/Polimodal Incompleta;1.Menos de 2500 gramos;19
18;1;1;9.Sin especificar;6.37 a 41;4.Sin especificar;2.2500 gramos y más;2
62;1;2;4.25 a 29;5.32 a 36;2.Secundaria/Polimodal Incompleta;1.Menos de 2500 gramos;9
18;1;1;4.25 a 29;5.32 a 36;3.Secundario/Polimodal Completa y más;2.2500 gramos y más;31
78;2;2;7.40 a 44;6.37 a 41;3.Secundario/Polimodal Completa y más;2.2500 gramos y más;2
02;1;2;9.Sin especificar;5.32 a 36;4.Sin especificar;1.Menos de 2500 gramos;1
02;1;2;6.35 a 39;6.37 a 41;1.Hasta Primaria/C.EGB Completa;2.2500 gramos y más;212
34;2;2;4.25 a 29;5.32 a 36;3.Secundario/Polimodal Completa y más;1.Menos de 2500 gramos;3
74;1;2;3.20 a 24;6.37 a 41;2.Secundaria/Polimodal Incompleta;2.2500 gramos y más;165
82;1;2;1.Menor de 15;5.32 a 36;2.Secundaria/Polimodal Incompleta;2.2500 gramos y más;1
46;2;1;7.40 a 44;5.32 a 36;3.Secundario/Polimodal Completa y más;1.Menos de 2500 gramos;2
99;1;1;5.30 a 34;6.37 a 41;3.Secundario/Polimodal Completa y más;1.Menos de 2500 gramos;1
10;2;2;5.30 a 34;6.37 a 41;3.Secundario/Polimodal Completa y más;1.Menos de 2500 gramos;1
62;1;1;4.25 a 29;6.37 a 41;4.Sin especificar;3.Sin especificar;1
86;1;2;7.40 a 44;5.32 a 36;1.Hasta Primaria/C.EGB Completa;2.2500 gramos y más;10
14;1;1;4.25 a 29;5.32 a 36;1.Hasta Primaria/C.EGB Completa;2.2500 gramos y más;14
66;2;2;2.15 a 19;5.32 a 36;2.Secundaria/Polimodal Incompleta;1.Menos de 2500 gramos;2
74;1;2;5.30 a 34;6.37 a 41;4.Sin especificar;2.2500 gramos y más;16
34;1;2;6.35 a 39;5.32 a 36;2.Secundaria/Polimodal Incompleta;2.2500 gramos y más;4
82;1;2;4.25 a 29;6.37 a 41;1.Hasta Primaria/C.EGB Completa;1.Menos de 2500 gramos;23
14;1;2;2.15 a 19;4.28 a 31;2.Secundaria/Polimodal Incompleta;2.2500 gramos y más;1
62;1;1;2.15 a 19;6.37 a 41;2.Secundaria/Polimodal Incompleta;2.2500 gramos y más;154
62;1;1;3.20 a 24;8.Sin especificar;1.Hasta Primaria/C.EGB Completa;2.2500 gramos y más;1
82;1;1;3.20 a 24;5.32 a 36;1.Hasta Primaria/C.EGB Completa;1.Menos de 2500 gramos;31
30;2;2;2.15 a 19;6.37 a 41;2.Secundaria/Polimodal Incompleta;2.2500 gramos y más;2
06;1;9;6.35 a 39;5.32 a 36;2.Secundaria/Polimodal Incompleta;2.2500 gramos y más;1
66;1;2;8.De 45 y más;5.32 a 36;3.Secundario/Polimodal Completa y más;1.Menos de 2500 gramos;1
38;1;2;4.25 a 29;5.32 a 36;3.Secundario/Polimodal Completa y más;2.2500 gramos y más;24
06;1;9;4.25 a 29;5.32 a 36;2.Secundaria/Polimodal Incompleta;1.Menos de 2500 gramos;2
34;1;2;7.40 a 44;6.37 a 41;3.Secundario/Polimodal Completa y más;2.2500 gramos y más;42
34;2;1;5.30 a 34;5.32 a 36;4.Sin especificar;2.2500 gramos y más;2
02;2;1;3.20 a 24;5.32 a 36;3.Secundario/Polimodal Completa y más;2.2500 gramos y más;1
99;1;2;7.40 a 44;6.37 a 41;4.Sin especificar;2.2500 gramos y más;2
54;1;1;7.40 a 44;5.32 a 36;3.Secundario/Polimodal Completa y más;1.Menos de 2500 gramos;4
82;1;2;2.15 a 19;5.32 a 36;3.Secundario/Polimodal Completa y más;1.Menos de 2500 gramos;10
22;9;1;7.40 a 44;6.37 a 41;1.Hasta Primaria/C.EGB Completa;3.Sin especificar;1
54;2;2;5.30 a 34;6.37 a 41;2.Secundaria/Polimodal Incompleta;2.2500 gramos y más;2
86;1;1;5.30 a 34;7.42 y más;3.Secundario/Polimodal Completa y más;2.2500 gramos y más;4
50;1;2;5.30 a 34;6.37 a 41;3.Secundario/Polimodal Completa y más;2.2500 gramos y más;1746
38;1;2;6.35 a 39;4.28 a 31;3.Secundario/Polimodal Completa y más;1.Menos de 2500 gramos;3
86;1;2;5.30 a 34;5.32 a 36;3.Secundario/Polimodal Completa y más;2.2500 gramos y más;39
46;1;1;4.25 a 29;4.28 a 31;3.Secundario/Polimodal Completa y más;1.Menos de 2500 gramos;2
58;1;1;4.25 a 29;6.37 a 41;2.Secundaria/Polimodal Incompleta;1.Menos de 2500 gramos;5
70;1;1;4.25 a 29;3.24 a 27;1.Hasta Primaria/C.EGB Completa;1.Menos de 2500 gramos;2
18;1;1;2.15 a 19;4.28 a 31;4.Sin especificar;1.Menos de 2500 gramos;1
90;1;2;1.Menor de 15;5.32 a 36;1.Hasta Primaria/C.EGB Completa;2.2500 gramos y más;1
78;1;2;7.40 a 44;5.32 a 36;3.Secundario/Polimodal Completa y más;2.2500 gramos y más;2
30;2;1;2.15 a 19;6.37 a 41;3.Secundario/Polimodal Completa y más;1.Menos de 2500 gramos;2
06;2;2;6.35 a 39;4.28 a 31;4.Sin especificar;1.Menos de 2500 gramos;1
54;1;2;3.20 a 24;8.Sin especificar;3.Secundario/Polimodal Completa y más;2.2500 gramos y más;1
34;1;1;2.15 a 19;4.28 a 31;2.Secundaria/Polimodal Incompleta;1.Menos de 2500 gramos;5
22;1;2;6.35 a 39;7.42 y más;2.Secundaria/Polimodal Incompleta;2.2500 gramos y más;1
99;1;9;2.15 a 19;6.37 a 41;2.Secundaria/Polimodal Incompleta;2.2500 gramos y más;1
90;1;1;3.20 a 24;7.42 y más;3.Secundario/Polimodal Completa y más;1.Menos de 2500 gramos;1
10;2;2;6.35 a 39;5.32 a 36;1.Hasta Primaria/C.EGB Completa;1.Menos de 2500 gramos;1
62;1;2;5.30 a 34;4.28 a 31;4.Sin especificar;1.Menos de 2500 gramos;1
06;1;1;6.35 a 39;8.Sin especificar;2.Secundaria/Polimodal Incompleta;3.Sin especificar;2
82;2;2;3.20 a 24;2.22 a 23;2.Secundaria/Polimodal Incompleta;1.Menos de 2500 gramos;1
62;1;2;4.25 a 29;6.37 a 41;3.Secundario/Polimodal Completa y más;2.2500 gramos y más;553
54;1;2;8.De 45 y más;4.28 a 31;1.Hasta Primaria/C.EGB Completa;1.Menos de 2500 gramos;1
99;9;1;7.40 a 44;5.32 a 36;4.Sin especificar;2.2500 gramos y más;1
78;2;2;7.40 a 44;4.28 a 31;3.Secundario/Polimodal Completa y más;1.Menos de 2500 gramos;1
86;1;2;2.15 a 19;5.32 a 36;2.Secundaria/Polimodal Incompleta;3.Sin especificar;1
26;1;2;7.40 a 44;5.32 a 36;1.Hasta Primaria/C.EGB Completa;2.2500 gramos y más;1
82;1;1;2.15 a 19;5.32 a 36;1.Hasta Primaria/C.EGB Completa;1.Menos de 2500 gramos;13
46;1;2;4.25 a 29;6.37 a 41;2.Secundaria/Polimodal Incompleta;2.2500 gramos y más;45
74;1;2;2.15 a 19;6.37 a 41;4.Sin especificar;2.2500 gramos y más;3
66;2;1;7.40 a 44;6.37 a 41;3.Secundario/Polimodal Completa y más;2.2500 gramos y más;1
22;1;1;2.15 a 19;6.37 a 41;1.Hasta Primaria/C.EGB Completa;1.Menos de 2500 gramos;6
90;2;2;6.35 a 39;6.37 a 41;1.Hasta Primaria/C.EGB Completa;2.2500 gramos y más;1
58;1;1;2.15 a 19;5.32 a 36;1.Hasta Primaria/C.EGB Completa;1.Menos de 2500 gramos;3
14;2;2;5.30 a 34;5.32 a 36;1.Hasta Primaria/C.EGB Completa;2.2500 gramos y más;1
10;1;2;3.20 a 24;3.24 a 27;2.Secundaria/Polimodal Incompleta;1.Menos de 2500 gramos;1
02;2;1;6.35 a 39;5.32 a 36;4.Sin especificar;1.Menos de 2500 gramos;8
82;1;2;5.30 a 34;8.Sin especificar;3.Secundario/Polimodal Completa y más;3.Sin especificar;1
54;1;2;4.25 a 29;8.Sin especificar;1.Hasta Primaria/C.EGB Completa;2.2500 gramos y más;1
18;1;2;3.20 a 24;4.28 a 31;3.Secundario/Polimodal Completa y más;1.Menos de 2500 gramos;4
62;2;1;4.25 a 29;6.37 a 41;4.Sin especificar;1.Menos de 2500 gramos;2
18;2;2;5.30 a 34;5.32 a 36;4.Sin especificar;1.Menos de 2500 gramos;2
22;1;2;3.20 a 24;6.37 a 41;2.Secundaria/Polimodal Incompleta;1.Menos de 2500 gramos;12
54;1;1;5.30 a 34;6.37 a 41;4.Sin especificar;2.2500 gramos y más;116
22;2;2;4.25 a 29;5.32 a 36;2.Secundaria/Polimodal Incompleta;2.2500 gramos y más;2
66;1;2;1.Menor de 15;6.37 a 41;2.Secundaria/Polimodal Incompleta;1.Menos de 2500 gramos;1
66;1;1;7.40 a 44;6.37 a 41;2.Secundaria/Polimodal Incompleta;2.2500 gramos y más;33
70;1;1;2.15 a 19;3.24 a 27;1.Hasta Primaria/C.EGB Completa;1.Menos de 2500 gramos;1
34;1;1;6.35 a 39;8.Sin especificar;4.Sin especificar;3.Sin especificar;2
90;1;2;5.30 a 34;3.24 a 27;3.Secundario/Polimodal Completa y más;1.Menos de 2500 gramos;5
74;1;1;6.35 a 39;5.32 a 36;2.Secundaria/Polimodal Incompleta;1.Menos de 2500 gramos;5
22;2;1;3.20 a 24;6.37 a 41;2.Secundaria/Polimodal Incompleta;1.Menos de 2500 gramos;2
90;2;2;6.35 a 39;4.28 a 31;3.Secundario/Polimodal Completa y más;1.Menos de 2500 gramos;8
66;1;2;6.35 a 39;4.28 a 31;2.Secundaria/Polimodal Incompleta;1.Menos de 2500 gramos;2
22;2;2;3.20 a 24;6.37 a 41;1.Hasta Primaria/C.EGB Completa;1.Menos de 2500 gramos;1
99;1;1;3.20 a 24;4.28 a 31;2.Secundaria/Polimodal Incompleta;3.Sin especificar;1
06;2;2;4.25 a 29;6.37 a 41;2.Secundaria/Polimodal Incompleta;2.2500 gramos y más;12
70;1;1;4.25 a 29;6.37 a 41;1.Hasta Primaria/C.EGB Completa;1.Menos de 2500 gramos;10
62;1;2;5.30 a 34;6.37 a 41;2.Secundaria/Polimodal Incompleta;2.2500 gramos y más;140
86;1;1;3.20 a 24;5.32 a 36;2.Secundaria/Polimodal Incompleta;1.Menos de 2500 gramos;6
06;1;2;7.40 a 44;5.32 a 36;1.Hasta Primaria/C.EGB Completa;3.Sin especificar;2
62;2;2;6.35 a 39;6.37 a 41;2.Secundaria/Polimodal Incompleta;2.2500 gramos y más;1
99;1;1;4.25 a 29;6.37 a 41;4.Sin especificar;3.Sin especificar;1
86;1;1;3.20 a 24;4.28 a 31;1.Hasta Primaria/C.EGB Completa;2.2500 gramos y más;1
54;2;2;2.15 a 19;6.37 a 41;2.Secundaria/Polimodal Incompleta;2.2500 gramos y más;1
14;2;1;5.30 a 34;4.28 a 31;3.Secundario/Polimodal Completa y más;1.Menos de 2500 gramos;2
06;1;9;6.35 a 39;5.32 a 36;2.Secundaria/Polimodal Incompleta;1.Menos de 2500 gramos;1
82;1;2;2.15 a 19;5.32 a 36;4.Sin especificar;1.Menos de 2500 gramos;1
66;1;2;4.25 a 29;6.37 a 41;3.Secundario/Polimodal Completa y más;3.Sin especificar;3
14;1;2;3.20 a 24;6.37 a 41;4.Sin especificar;1.Menos de 2500 gramos;1
74;1;1;7.40 a 44;8.Sin especificar;3.Secundario/Polimodal Completa y más;3.Sin especificar;1
06;1;9;3.20 a 24;6.37 a 41;3.Secundario/Polimodal Completa y más;2.2500 gramos y más;80
14;1;2;4.25 a 29;4.28 a 31;1.Hasta Primaria/C.EGB Completa;1.Menos de 2500 gramos;3
66;1;2;3.20 a 24;2.22 a 23;3.Secundario/Polimodal Completa y más;1.Menos de 2500 gramos;1
06;1;1;9.Sin especificar;6.37 a 41;3.Secundario/Polimodal Completa y más;2.2500 gramos y más;621
34;2;1;3.20 a 24;6.37 a 41;2.Secundaria/Polimodal Incompleta;2.2500 gramos y más;3
02;2;1;3.20 a 24;3.24 a 27;2.Secundaria/Polimodal Incompleta;1.Menos de 2500 gramos;1
22;1;2;7.40 a 44;4.28 a 31;1.Hasta Primaria/C.EGB Completa;1.Menos de 2500 gramos;1
14;1;2;5.30 a 34;6.37 a 41;1.Hasta Primaria/C.EGB Completa;2.2500 gramos y más;476
30;1;1;9.Sin especificar;6.37 a 41;2.Secundaria/Polimodal Incompleta;2.2500 gramos y más;2
78;1;1;7.40 a 44;3.24 a 27;3.Secundario/Polimodal Completa y más;1.Menos de 2500 gramos;1
90;1;1;5.30 a 34;5.32 a 36;1.Hasta Primaria/C.EGB Completa;1.Menos de 2500 gramos;17
42;1;2;6.35 a 39;5.32 a 36;1.Hasta Primaria/C.EGB Completa;2.2500 gramos y más;1
18;1;2;6.35 a 39;6.37 a 41;2.Secundaria/Polimodal Incompleta;1.Menos de 2500 gramos;6
06;1;1;6.35 a 39;5.32 a 36;4.Sin especificar;2.2500 gramos y más;46
06;1;1;4.25 a 29;6.37 a 41;3.Secundario/Polimodal Completa y más;3.Sin especificar;38
34;1;2;5.30 a 34;6.37 a 41;1.Hasta Primaria/C.EGB Completa;2.2500 gramos y más;123
86;2;2;6.35 a 39;5.32 a 36;2.Secundaria/Polimodal Incompleta;1.Menos de 2500 gramos;2
66;2;1;6.35 a 39;5.32 a 36;3.Secundario/Polimodal Completa y más;2.2500 gramos y más;3
18;1;1;1.Menor de 15;4.28 a 31;4.Sin especificar;2.2500 gramos y más;1
86;1;2;6.35 a 39;4.28 a 31;1.Hasta Primaria/C.EGB Completa;1.Menos de 2500 gramos;2
78;1;1;4.25 a 29;6.37 a 41;2.Secundaria/Polimodal Incompleta;2.2500 gramos y más;144
66;1;2;3.20 a 24;8.Sin especificar;4.Sin especificar;2.2500 gramos y más;1
30;2;2;5.30 a 34;5.32 a 36;1.Hasta Primaria/C.EGB Completa;1.Menos de 2500 gramos;2
86;1;2;3.20 a 24;3.24 a 27;2.Secundaria/Polimodal Incompleta;1.Menos de 2500 gramos;3
70;2;1;5.30 a 34;4.28 a 31;3.Secundario/Polimodal Completa y más;1.Menos de 2500 gramos;2
70;1;1;3.20 a 24;4.28 a 31;2.Secundaria/Polimodal Incompleta;1.Menos de 2500 gramos;2
14;1;1;5.30 a 34;6.37 a 41;2.Secundaria/Polimodal Incompleta;1.Menos de 2500 gramos;12
02;1;1;6.35 a 39;5.32 a 36;2.Secundaria/Polimodal Incompleta;1.Menos de 2500 gramos;3
50;1;1;5.30 a 34;6.37 a 41;4.Sin especificar;2.2500 gramos y más;1
06;9;2;3.20 a 24;6.37 a 41;4.Sin especificar;2.2500 gramos y más;67
38;1;2;5.30 a 34;5.32 a 36;2.Secundaria/Polimodal Incompleta;2.2500 gramos y más;3
70;1;1;7.40 a 44;6.37 a 41;2.Secundaria/Polimodal Incompleta;2.2500 gramos y más;28
46;1;2;3.20 a 24;6.37 a 41;2.Secundaria/Polimodal Incompleta;1.Menos de 2500 gramos;1
90;1;1;5.30 a 34;6.37 a 41;1.Hasta Primaria/C.EGB Completa;2.2500 gramos y más;338
14;9;2;6.35 a 39;6.37 a 41;3.Secundario/Polimodal Completa y más;1.Menos de 2500 gramos;2
70;1;2;3.20 a 24;4.28 a 31;1.Hasta Primaria/C.EGB Completa;1.Menos de 2500 gramos;1
58;2;2;6.35 a 39;5.32 a 36;3.Secundario/Polimodal Completa y más;2.2500 gramos y más;5
78;1;2;6.35 a 39;6.37 a 41;3.Secundario/Polimodal Completa y más;1.Menos de 2500 gramos;3
94;1;2;6.35 a 39;6.37 a 41;2.Secundaria/Polimodal Incompleta;2.2500 gramos y más;15
74;2;1;4.25 a 29;3.24 a 27;3.Secundario/Polimodal Completa y más;1.Menos de 2500 gramos;2
14;1;2;6.35 a 39;8.Sin especificar;2.Secundaria/Polimodal Incompleta;1.Menos de 2500 gramos;1
06;2;1;9.Sin especificar;5.32 a 36;3.Secundario/Polimodal Completa y más;1.Menos de 2500 gramos;5
54;1;2;1.Menor de 15;6.37 a 41;1.Hasta Primaria/C.EGB Completa;1.Menos de 2500 gramos;2
74;1;1;3.20 a 24;4.28 a 31;4.Sin especificar;2.2500 gramos y más;1
14;2;1;5.30 a 34;5.32 a 36;2.Secundaria/Polimodal Incompleta;1.Menos de 2500 gramos;3
54;1;1;2.15 a 19;5.32 a 36;2.Secundaria/Polimodal Incompleta;1.Menos de 2500 gramos;19
14;1;1;7.40 a 44;7.42 y más;1.Hasta Primaria/C.EGB Completa;2.2500 gramos y más;1
06;1;2;5.30 a 34;8.Sin especificar;2.Secundaria/Polimodal Incompleta;3.Sin especificar;2
26;1;2;5.30 a 34;3.24 a 27;3.Secundario/Polimodal Completa y más;1.Menos de 2500 gramos;1
86;1;2;2.15 a 19;5.32 a 36;3.Secundario/Polimodal Completa y más;2.2500 gramos y más;6
54;2;1;5.30 a 34;5.32 a 36;3.Secundario/Polimodal Completa y más;2.2500 gramos y más;5
42;1;2;2.15 a 19;6.37 a 41;2.Secundaria/Polimodal Incompleta;1.Menos de 2500 gramos;3
94;1;2;8.De 45 y más;6.37 a 41;3.Secundario/Polimodal Completa y más;2.2500 gramos y más;2
62;1;2;3.20 a 24;7.42 y más;1.Hasta Primaria/C.EGB Completa;2.2500 gramos y más;1
82;1;2;6.35 a 39;5.32 a 36;1.Hasta Primaria/C.EGB Completa;1.Menos de 2500 gramos;18
90;2;2;4.25 a 29;6.37 a 41;1.Hasta Primaria/C.EGB Completa;2.2500 gramos y más;2
30;1;2;2.15 a 19;5.32 a 36;3.Secundario/Polimodal Completa y más;2.2500 gramos y más;2
18;1;1;3.20 a 24;6.37 a 41;2.Secundaria/Polimodal Incompleta;3.Sin especificar;4
54;1;2;2.15 a 19;6.37 a 41;3.Secundario/Polimodal Completa y más;2.2500 gramos y más;154
06;1;1;4.25 a 29;8.Sin especificar;4.Sin especificar;3.Sin especificar;372
94;1;1;5.30 a 34;5.32 a 36;4.Sin especificar;1.Menos de 2500 gramos;1
86;1;2;2.15 a 19;7.42 y más;3.Secundario/Polimodal Completa y más;2.2500 gramos y más;2
70;1;2;3.20 a 24;4.28 a 31;3.Secundario/Polimodal Completa y más;1.Menos de 2500 gramos;2
86;1;2;1.Menor de 15;6.37 a 41;1.Hasta Primaria/C.EGB Completa;1.Menos de 2500 gramos;1
06;2;2;7.40 a 44;3.24 a 27;2.Secundaria/Polimodal Incompleta;1.Menos de 2500 gramos;2
86;1;1;4.25 a 29;7.42 y más;1.Hasta Primaria/C.EGB Completa;2.2500 gramos y más;13
26;1;1;7.40 a 44;6.37 a 41;4.Sin especificar;2.2500 gramos y más;15
22;1;2;3.20 a 24;6.37 a 41;3.Secundario/Polimodal Completa y más;2.2500 gramos y más;867
70;2;2;8.De 45 y más;5.32 a 36;3.Secundario/Polimodal Completa y más;1.Menos de 2500 gramos;2
30;1;1;3.20 a 24;6.37 a 41;4.Sin especificar;2.2500 gramos y más;8
99;9;2;9.Sin especificar;8.Sin especificar;4.Sin especificar;3.Sin especificar;2
10;1;2;2.15 a 19;7.42 y más;2.Secundaria/Polimodal Incompleta;2.2500 gramos y más;1
70;1;1;4.25 a 29;7.42 y más;1.Hasta Primaria/C.EGB Completa;2.2500 gramos y más;2
82;2;1;6.35 a 39;6.37 a 41;3.Secundario/Polimodal Completa y más;2.2500 gramos y más;28
54;1;2;2.15 a 19;4.28 a 31;2.Secundaria/Polimodal Incompleta;1.Menos de 2500 gramos;5
66;1;2;7.40 a 44;5.32 a 36;3.Secundario/Polimodal Completa y más;1.Menos de 2500 gramos;12
70;1;2;5.30 a 34;5.32 a 36;1.Hasta Primaria/C.EGB Completa;2.2500 gramos y más;3
18;1;2;3.20 a 24;7.42 y más;1.Hasta Primaria/C.EGB Completa;1.Menos de 2500 gramos;1
90;1;1;5.30 a 34;4.28 a 31;3.Secundario/Polimodal Completa y más;2.2500 gramos y más;2
86;2;2;6.35 a 39;5.32 a 36;3.Secundario/Polimodal Completa y más;1.Menos de 2500 gramos;5
78;1;2;8.De 45 y más;6.37 a 41;4.Sin especificar;2.2500 gramos y más;1
34;1;1;5.30 a 34;6.37 a 41;4.Sin especificar;2.2500 gramos y más;238
66;1;2;2.15 a 19;6.37 a 41;3.Secundario/Polimodal Completa y más;1.Menos de 2500 gramos;7
06;2;2;5.30 a 34;6.37 a 41;4.Sin especificar;1.Menos de 2500 gramos;2
26;1;2;2.15 a 19;6.37 a 41;1.Hasta Primaria/C.EGB Completa;2.2500 gramos y más;12
34;1;1;7.40 a 44;5.32 a 36;3.Secundario/Polimodal Completa y más;2.2500 gramos y más;3
14;1;1;2.15 a 19;3.24 a 27;1.Hasta Primaria/C.EGB Completa;1.Menos de 2500 gramos;1
14;1;1;3.20 a 24;8.Sin especificar;3.Secundario/Polimodal Completa y más;2.2500 gramos y más;6
06;1;2;2.15 a 19;8.Sin especificar;2.Secundaria/Polimodal Incompleta;3.Sin especificar;10
46;1;1;6.35 a 39;5.32 a 36;3.Secundario/Polimodal Completa y más;1.Menos de 2500 gramos;11
54;1;2;9.Sin especificar;8.Sin especificar;4.Sin especificar;3.Sin especificar;1
22;1;2;5.30 a 34;3.24 a 27;4.Sin especificar;1.Menos de 2500 gramos;1
86;1;1;7.40 a 44;5.32 a 36;2.Secundaria/Polimodal Incompleta;2.2500 gramos y más;4
46;1;1;4.25 a 29;3.24 a 27;2.Secundaria/Polimodal Incompleta;1.Menos de 2500 gramos;1
66;1;2;3.20 a 24;1.Menos de 22;2.Secundaria/Polimodal Incompleta;1.Menos de 2500 gramos;1
70;1;1;2.15 a 19;6.37 a 41;2.Secundaria/Polimodal Incompleta;2.2500 gramos y más;371
70;1;2;5.30 a 34;3.24 a 27;3.Secundario/Polimodal Completa y más;1.Menos de 2500 gramos;1
14;1;1;8.De 45 y más;5.32 a 36;3.Secundario/Polimodal Completa y más;2.2500 gramos y más;2
54;1;2;8.De 45 y más;6.37 a 41;2.Secundaria/Polimodal Incompleta;2.2500 gramos y más;2
78;1;1;4.25 a 29;2.22 a 23;3.Secundario/Polimodal Completa y más;1.Menos de 2500 gramos;1
42;1;2;6.35 a 39;6.37 a 41;2.Secundaria/Polimodal Incompleta;2.2500 gramos y más;25
18;1;2;4.25 a 29;4.28 a 31;4.Sin especificar;1.Menos de 2500 gramos;3
82;1;2;7.40 a 44;3.24 a 27;3.Secundario/Polimodal Completa y más;1.Menos de 2500 gramos;1
62;1;2;3.20 a 24;5.32 a 36;2.Secundaria/Polimodal Incompleta;2.2500 gramos y más;12
58;2;2;2.15 a 19;5.32 a 36;1.Hasta Primaria/C.EGB Completa;1.Menos de 2500 gramos;1
90;1;1;6.35 a 39;8.Sin especificar;3.Secundario/Polimodal Completa y más;2.2500 gramos y más;5
66;1;1;2.15 a 19;7.42 y más;2.Secundaria/Polimodal Incompleta;2.2500 gramos y más;4
10;1;2;6.35 a 39;8.Sin especificar;3.Secundario/Polimodal Completa y más;3.Sin especificar;1
22;2;2;2.15 a 19;6.37 a 41;1.Hasta Primaria/C.EGB Completa;2.2500 gramos y más;3
54;1;2;3.20 a 24;5.32 a 36;2.Secundaria/Polimodal Incompleta;1.Menos de 2500 gramos;20
90;1;2;2.15 a 19;5.32 a 36;1.Hasta Primaria/C.EGB Completa;2.2500 gramos y más;23
54;1;2;1.Menor de 15;5.32 a 36;2.Secundaria/Polimodal Incompleta;2.2500 gramos y más;1
54;1;2;2.15 a 19;5.32 a 36;1.Hasta Primaria/C.EGB Completa;1.Menos de 2500 gramos;8
82;1;2;8.De 45 y más;6.37 a 41;2.Secundaria/Polimodal Incompleta;2.2500 gramos y más;5
66;1;2;3.20 a 24;6.37 a 41;3.Secundario/Polimodal Completa y más;1.Menos de 2500 gramos;23
02;1;2;5.30 a 34;6.37 a 41;3.Secundario/Polimodal Completa y más;1.Menos de 2500 gramos;71
74;1;1;4.25 a 29;8.Sin especificar;3.Secundario/Polimodal Completa y más;3.Sin especificar;1
14;1;1;1.Menor de 15;6.37 a 41;1.Hasta Primaria/C.EGB Completa;2.2500 gramos y más;6
22;1;1;3.20 a 24;2.22 a 23;3.Secundario/Polimodal Completa y más;1.Menos de 2500 gramos;1
86;2;1;3.20 a 24;6.37 a 41;3.Secundario/Polimodal Completa y más;1.Menos de 2500 gramos;2
62;2;1;2.15 a 19;5.32 a 36;2.Secundaria/Polimodal Incompleta;1.Menos de 2500 gramos;1
78;1;1;6.35 a 39;5.32 a 36;2.Secundaria/Polimodal Incompleta;2.2500 gramos y más;3
18;1;1;4.25 a 29;8.Sin especificar;3.Secundario/Polimodal Completa y más;2.2500 gramos y más;2
54;1;1;5.30 a 34;7.42 y más;4.Sin especificar;2.2500 gramos y más;1
58;1;1;2.15 a 19;6.37 a 41;1.Hasta Primaria/C.EGB Completa;2.2500 gramos y más;38
26;2;2;5.30 a 34;6.37 a 41;2.Secundaria/Polimodal Incompleta;1.Menos de 2500 gramos;1
06;1;1;3.20 a 24;8.Sin especificar;3.Secundario/Polimodal Completa y más;1.Menos de 2500 gramos;17
18;2;1;6.35 a 39;6.37 a 41;3.Secundario/Polimodal Completa y más;1.Menos de 2500 gramos;3
06;1;2;3.20 a 24;3.24 a 27;3.Secundario/Polimodal Completa y más;1.Menos de 2500 gramos;25
10;1;2;5.30 a 34;8.Sin especificar;3.Secundario/Polimodal Completa y más;3.Sin especificar;3
86;1;1;6.35 a 39;6.37 a 41;4.Sin especificar;2.2500 gramos y más;1
14;1;2;7.40 a 44;8.Sin especificar;4.Sin especificar;3.Sin especificar;2
18;1;1;6.35 a 39;4.28 a 31;2.Secundaria/Polimodal Incompleta;1.Menos de 2500 gramos;4
86;1;1;4.25 a 29;4.28 a 31;3.Secundario/Polimodal Completa y más;2.2500 gramos y más;1
18;1;1;5.30 a 34;5.32 a 36;1.Hasta Primaria/C.EGB Completa;2.2500 gramos y más;14
18;1;1;3.20 a 24;8.Sin especificar;3.Secundario/Polimodal Completa y más;2.2500 gramos y más;3
06;2;2;8.De 45 y más;5.32 a 36;1.Hasta Primaria/C.EGB Completa;1.Menos de 2500 gramos;1
34;2;1;5.30 a 34;5.32 a 36;4.Sin especificar;1.Menos de 2500 gramos;1
38;2;1;2.15 a 19;5.32 a 36;2.Secundaria/Polimodal Incompleta;1.Menos de 2500 gramos;2
66;1;2;2.15 a 19;5.32 a 36;1.Hasta Primaria/C.EGB Completa;2.2500 gramos y más;5
34;2;2;5.30 a 34;2.22 a 23;2.Secundaria/Polimodal Incompleta;1.Menos de 2500 gramos;1
06;1;1;4.25 a 29;6.37 a 41;4.Sin especificar;2.2500 gramos y más;1280
74;1;2;6.35 a 39;6.37 a 41;1.Hasta Primaria/C.EGB Completa;1.Menos de 2500 gramos;1
06;2;1;3.20 a 24;5.32 a 36;2.Secundaria/Polimodal Incompleta;1.Menos de 2500 gramos;29
06;9;2;3.20 a 24;6.37 a 41;2.Secundaria/Polimodal Incompleta;2.2500 gramos y más;4
62;1;1;7.40 a 44;3.24 a 27;3.Secundario/Polimodal Completa y más;1.Menos de 2500 gramos;3
14;1;1;7.40 a 44;5.32 a 36;1.Hasta Primaria/C.EGB Completa;1.Menos de 2500 gramos;8
14;2;1;7.40 a 44;6.37 a 41;3.Secundario/Polimodal Completa y más;1.Menos de 2500 gramos;1
70;2;1;5.30 a 34;2.22 a 23;2.Secundaria/Polimodal Incompleta;1.Menos de 2500 gramos;2
62;1;2;4.25 a 29;6.37 a 41;1.Hasta Primaria/C.EGB Completa;1.Menos de 2500 gramos;3
22;2;1;4.25 a 29;6.37 a 41;1.Hasta Primaria/C.EGB Completa;2.2500 gramos y más;4
90;1;2;5.30 a 34;2.22 a 23;3.Secundario/Polimodal Completa y más;1.Menos de 2500 gramos;1
14;1;2;6.35 a 39;4.28 a 31;1.Hasta Primaria/C.EGB Completa;1.Menos de 2500 gramos;1
78;1;2;2.15 a 19;5.32 a 36;3.Secundario/Polimodal Completa y más;2.2500 gramos y más;3
34;1;2;2.15 a 19;6.37 a 41;2.Secundaria/Polimodal Incompleta;2.2500 gramos y más;248
34;2;2;5.30 a 34;5.32 a 36;3.Secundario/Polimodal Completa y más;2.2500 gramos y más;1
50;1;1;2.15 a 19;5.32 a 36;2.Secundaria/Polimodal Incompleta;2.2500 gramos y más;16
30;2;1;5.30 a 34;6.37 a 41;2.Secundaria/Polimodal Incompleta;2.2500 gramos y más;6
14;2;1;5.30 a 34;6.37 a 41;3.Secundario/Polimodal Completa y más;1.Menos de 2500 gramos;7
70;1;1;3.20 a 24;5.32 a 36;1.Hasta Primaria/C.EGB Completa;1.Menos de 2500 gramos;7
38;2;1;4.25 a 29;6.37 a 41;3.Secundario/Polimodal Completa y más;1.Menos de 2500 gramos;1
94;2;2;6.35 a 39;6.37 a 41;3.Secundario/Polimodal Completa y más;2.2500 gramos y más;3
62;1;2;5.30 a 34;7.42 y más;3.Secundario/Polimodal Completa y más;2.2500 gramos y más;1
06;1;1;4.25 a 29;8.Sin especificar;3.Secundario/Polimodal Completa y más;1.Menos de 2500 gramos;24
74;1;1;7.40 a 44;7.42 y más;3.Secundario/Polimodal Completa y más;2.2500 gramos y más;1
14;1;2;3.20 a 24;5.32 a 36;2.Secundaria/Polimodal Incompleta;1.Menos de 2500 gramos;54
34;1;1;8.De 45 y más;6.37 a 41;1.Hasta Primaria/C.EGB Completa;2.2500 gramos y más;3
14;1;1;4.25 a 29;6.37 a 41;3.Secundario/Polimodal Completa y más;1.Menos de 2500 gramos;58
54;1;2;9.Sin especificar;6.37 a 41;2.Secundaria/Polimodal Incompleta;2.2500 gramos y más;1
22;2;2;3.20 a 24;6.37 a 41;1.Hasta Primaria/C.EGB Completa;2.2500 gramos y más;3
82;2;1;6.35 a 39;5.32 a 36;1.Hasta Primaria/C.EGB Completa;1.Menos de 2500 gramos;3
58;2;1;6.35 a 39;6.37 a 41;1.Hasta Primaria/C.EGB Completa;2.2500 gramos y más;1
66;1;1;4.25 a 29;6.37 a 41;4.Sin especificar;2.2500 gramos y más;24
26;1;2;2.15 a 19;5.32 a 36;3.Secundario/Polimodal Completa y más;1.Menos de 2500 gramos;1
50;2;2;4.25 a 29;5.32 a 36;1.Hasta Primaria/C.EGB Completa;2.2500 gramos y más;2
90;2;2;2.15 a 19;6.37 a 41;3.Secundario/Polimodal Completa y más;1.Menos de 2500 gramos;1
74;1;1;6.35 a 39;7.42 y más;2.Secundaria/Polimodal Incompleta;2.2500 gramos y más;3
22;1;1;4.25 a 29;6.37 a 41;4.Sin especificar;2.2500 gramos y más;34
62;1;1;5.30 a 34;8.Sin especificar;3.Secundario/Polimodal Completa y más;2.2500 gramos y más;2
06;2;2;4.25 a 29;6.37 a 41;2.Secundaria/Polimodal Incompleta;1.Menos de 2500 gramos;7
66;1;1;6.35 a 39;4.28 a 31;3.Secundario/Polimodal Completa y más;1.Menos de 2500 gramos;6
70;2;1;6.35 a 39;5.32 a 36;2.Secundaria/Polimodal Incompleta;2.2500 gramos y más;1
42;1;1;6.35 a 39;6.37 a 41;1.Hasta Primaria/C.EGB Completa;2.2500 gramos y más;20
70;2;1;6.35 a 39;6.37 a 41;3.Secundario/Polimodal Completa y más;2.2500 gramos y más;5
30;1;2;1.Menor de 15;6.37 a 41;2.Secundaria/Polimodal Incompleta;2.2500 gramos y más;16
70;1;1;2.15 a 19;6.37 a 41;3.Secundario/Polimodal Completa y más;1.Menos de 2500 gramos;4
66;2;2;6.35 a 39;5.32 a 36;3.Secundario/Polimodal Completa y más;1.Menos de 2500 gramos;11
26;1;2;7.40 a 44;5.32 a 36;1.Hasta Primaria/C.EGB Completa;1.Menos de 2500 gramos;3
14;1;1;4.25 a 29;5.32 a 36;2.Secundaria/Polimodal Incompleta;1.Menos de 2500 gramos;35
58;2;1;4.25 a 29;6.37 a 41;2.Secundaria/Polimodal Incompleta;2.2500 gramos y más;2
90;1;1;3.20 a 24;6.37 a 41;4.Sin especificar;1.Menos de 2500 gramos;1
58;1;2;5.30 a 34;6.37 a 41;3.Secundario/Polimodal Completa y más;1.Menos de 2500 gramos;11
62;2;1;4.25 a 29;6.37 a 41;4.Sin especificar;2.2500 gramos y más;2
06;9;1;4.25 a 29;5.32 a 36;2.Secundaria/Polimodal Incompleta;1.Menos de 2500 gramos;1
90;2;2;5.30 a 34;3.24 a 27;3.Secundario/Polimodal Completa y más;1.Menos de 2500 gramos;4
22;1;2;3.20 a 24;5.32 a 36;2.Secundaria/Polimodal Incompleta;3.Sin especificar;1
82;1;1;3.20 a 24;3.24 a 27;2.Secundaria/Polimodal Incompleta;1.Menos de 2500 gramos;14
06;9;2;4.25 a 29;5.32 a 36;4.Sin especificar;2.2500 gramos y más;1
58;1;1;7.40 a 44;6.37 a 41;3.Secundario/Polimodal Completa y más;2.2500 gramos y más;109
10;2;1;5.30 a 34;5.32 a 36;3.Secundario/Polimodal Completa y más;2.2500 gramos y más;3
18;2;2;4.25 a 29;6.37 a 41;2.Secundaria/Polimodal Incompleta;1.Menos de 2500 gramos;2
02;2;2;4.25 a 29;5.32 a 36;4.Sin especificar;2.2500 gramos y más;2
90;2;1;4.25 a 29;5.32 a 36;2.Secundaria/Polimodal Incompleta;3.Sin especificar;1
14;1;1;3.20 a 24;7.42 y más;3.Secundario/Polimodal Completa y más;2.2500 gramos y más;4
82;1;2;8.De 45 y más;6.37 a 41;3.Secundario/Polimodal Completa y más;1.Menos de 2500 gramos;5
70;1;1;6.35 a 39;3.24 a 27;2.Secundaria/Polimodal Incompleta;1.Menos de 2500 gramos;2
06;1;2;3.20 a 24;5.32 a 36;1.Hasta Primaria/C.EGB Completa;2.2500 gramos y más;67
14;1;1;3.20 a 24;6.37 a 41;3.Secundario/Polimodal Completa y más;1.Menos de 2500 gramos;30
06;2;1;3.20 a 24;6.37 a 41;3.Secundario/Polimodal Completa y más;2.2500 gramos y más;39
06;1;2;5.30 a 34;5.32 a 36;1.Hasta Primaria/C.EGB Completa;1.Menos de 2500 gramos;80
02;9;1;8.De 45 y más;6.37 a 41;3.Secundario/Polimodal Completa y más;2.2500 gramos y más;2
06;2;1;6.35 a 39;6.37 a 41;3.Secundario/Polimodal Completa y más;2.2500 gramos y más;74
58;1;2;6.35 a 39;6.37 a 41;4.Sin especificar;2.2500 gramos y más;3
82;1;1;2.15 a 19;6.37 a 41;3.Secundario/Polimodal Completa y más;2.2500 gramos y más;266
82;2;1;5.30 a 34;5.32 a 36;2.Secundaria/Polimodal Incompleta;1.Menos de 2500 gramos;4
90;2;2;3.20 a 24;2.22 a 23;3.Secundario/Polimodal Completa y más;1.Menos de 2500 gramos;2
06;1;1;8.De 45 y más;5.32 a 36;3.Secundario/Polimodal Completa y más;1.Menos de 2500 gramos;12
14;1;1;6.35 a 39;6.37 a 41;1.Hasta Primaria/C.EGB Completa;1.Menos de 2500 gramos;7
02;1;1;6.35 a 39;7.42 y más;3.Secundario/Polimodal Completa y más;2.2500 gramos y más;2
02;2;2;8.De 45 y más;5.32 a 36;4.Sin especificar;1.Menos de 2500 gramos;3
66;1;1;5.30 a 34;8.Sin especificar;4.Sin especificar;2.2500 gramos y más;2
26;2;2;6.35 a 39;5.32 a 36;3.Secundario/Polimodal Completa y más;1.Menos de 2500 gramos;5
06;2;1;6.35 a 39;5.32 a 36;4.Sin especificar;2.2500 gramos y más;1
06;1;1;9.Sin especificar;8.Sin especificar;1.Hasta Primaria/C.EGB Completa;2.2500 gramos y más;6
06;1;1;4.25 a 29;4.28 a 31;2.Secundaria/Polimodal Incompleta;3.Sin especificar;1
26;2;1;5.30 a 34;6.37 a 41;3.Secundario/Polimodal Completa y más;1.Menos de 2500 gramos;1
30;1;2;6.35 a 39;4.28 a 31;2.Secundaria/Polimodal Incompleta;1.Menos de 2500 gramos;3
30;1;1;2.15 a 19;6.37 a 41;4.Sin especificar;2.2500 gramos y más;9
02;9;1;3.20 a 24;4.28 a 31;4.Sin especificar;1.Menos de 2500 gramos;1
14;1;1;8.De 45 y más;5.32 a 36;3.Secundario/Polimodal Completa y más;1.Menos de 2500 gramos;5
06;1;2;4.25 a 29;5.32 a 36;1.Hasta Primaria/C.EGB Completa;2.2500 gramos y más;120
86;1;2;1.Menor de 15;6.37 a 41;1.Hasta Primaria/C.EGB Completa;2.2500 gramos y más;10
26;1;1;7.40 a 44;6.37 a 41;4.Sin especificar;1.Menos de 2500 gramos;2
66;1;2;4.25 a 29;5.32 a 36;1.Hasta Primaria/C.EGB Completa;2.2500 gramos y más;11
58;2;1;4.25 a 29;6.37 a 41;2.Secundaria/Polimodal Incompleta;1.Menos de 2500 gramos;1
82;1;1;2.15 a 19;7.42 y más;2.Secundaria/Polimodal Incompleta;2.2500 gramos y más;1
74;2;1;6.35 a 39;3.24 a 27;3.Secundario/Polimodal Completa y más;1.Menos de 2500 gramos;2
22;2;1;5.30 a 34;6.37 a 41;4.Sin especificar;3.Sin especificar;1
06;9;2;7.40 a 44;6.37 a 41;4.Sin especificar;1.Menos de 2500 gramos;1
06;1;1;3.20 a 24;8.Sin especificar;2.Secundaria/Polimodal Incompleta;2.2500 gramos y más;61
62;1;2;4.25 a 29;6.37 a 41;1.Hasta Primaria/C.EGB Completa;2.2500 gramos y más;101
74;1;2;7.40 a 44;4.28 a 31;3.Secundario/Polimodal Completa y más;1.Menos de 2500 gramos;1
14;1;2;3.20 a 24;4.28 a 31;3.Secundario/Polimodal Completa y más;1.Menos de 2500 gramos;10
02;2;2;5.30 a 34;6.37 a 41;1.Hasta Primaria/C.EGB Completa;2.2500 gramos y más;2
82;1;2;4.25 a 29;5.32 a 36;2.Secundaria/Polimodal Incompleta;2.2500 gramos y más;44
06;1;1;6.35 a 39;8.Sin especificar;4.Sin especificar;3.Sin especificar;147
06;2;1;3.20 a 24;5.32 a 36;2.Secundaria/Polimodal Incompleta;2.2500 gramos y más;9
14;1;1;5.30 a 34;6.37 a 41;2.Secundaria/Polimodal Incompleta;2.2500 gramos y más;735
74;1;2;5.30 a 34;5.32 a 36;2.Secundaria/Polimodal Incompleta;2.2500 gramos y más;3
22;1;1;3.20 a 24;3.24 a 27;3.Secundario/Polimodal Completa y más;1.Menos de 2500 gramos;4
98;1;2;5.30 a 34;6.37 a 41;2.Secundaria/Polimodal Incompleta;1.Menos de 2500 gramos;1
14;1;2;2.15 a 19;6.37 a 41;4.Sin especificar;2.2500 gramos y más;6
06;2;1;2.15 a 19;6.37 a 41;4.Sin especificar;2.2500 gramos y más;1
86;2;1;3.20 a 24;6.37 a 41;3.Secundario/Polimodal Completa y más;2.2500 gramos y más;1
34;2;2;4.25 a 29;5.32 a 36;2.Secundaria/Polimodal Incompleta;2.2500 gramos y más;2
02;9;1;6.35 a 39;6.37 a 41;4.Sin especificar;3.Sin especificar;15
78;1;2;2.15 a 19;5.32 a 36;3.Secundario/Polimodal Completa y más;1.Menos de 2500 gramos;2
14;1;2;3.20 a 24;5.32 a 36;2.Secundaria/Polimodal Incompleta;2.2500 gramos y más;51
54;1;2;6.35 a 39;4.28 a 31;4.Sin especificar;1.Menos de 2500 gramos;1
34;1;1;6.35 a 39;4.28 a 31;3.Secundario/Polimodal Completa y más;1.Menos de 2500 gramos;3
62;2;2;6.35 a 39;3.24 a 27;3.Secundario/Polimodal Completa y más;1.Menos de 2500 gramos;1
86;1;1;4.25 a 29;5.32 a 36;1.Hasta Primaria/C.EGB Completa;1.Menos de 2500 gramos;9
62;1;2;2.15 a 19;5.32 a 36;3.Secundario/Polimodal Completa y más;2.2500 gramos y más;3
82;1;1;3.20 a 24;5.32 a 36;4.Sin especificar;1.Menos de 2500 gramos;2
18;1;1;6.35 a 39;2.22 a 23;3.Secundario/Polimodal Completa y más;1.Menos de 2500 gramos;1
22;1;2;6.35 a 39;6.37 a 41;4.Sin especificar;1.Menos de 2500 gramos;1
54;1;1;7.40 a 44;5.32 a 36;3.Secundario/Polimodal Completa y más;2.2500 gramos y más;10
10;2;2;4.25 a 29;6.37 a 41;3.Secundario/Polimodal Completa y más;1.Menos de 2500 gramos;1
02;2;2;6.35 a 39;4.28 a 31;2.Secundaria/Polimodal Incompleta;1.Menos de 2500 gramos;1
54;1;1;3.20 a 24;5.32 a 36;4.Sin especificar;1.Menos de 2500 gramos;3
34;1;2;7.40 a 44;6.37 a 41;3.Secundario/Polimodal Completa y más;1.Menos de 2500 gramos;1
66;1;1;3.20 a 24;4.28 a 31;2.Secundaria/Polimodal Incompleta;1.Menos de 2500 gramos;5
66;1;1;6.35 a 39;6.37 a 41;4.Sin especificar;2.2500 gramos y más;9
14;1;1;9.Sin especificar;6.37 a 41;3.Secundario/Polimodal Completa y más;2.2500 gramos y más;115
66;1;1;7.40 a 44;5.32 a 36;2.Secundaria/Polimodal Incompleta;1.Menos de 2500 gramos;2
78;1;2;4.25 a 29;5.32 a 36;2.Secundaria/Polimodal Incompleta;1.Menos de 2500 gramos;1
06;2;2;3.20 a 24;3.24 a 27;1.Hasta Primaria/C.EGB Completa;1.Menos de 2500 gramos;2
06;1;2;9.Sin especificar;4.28 a 31;2.Secundaria/Polimodal Incompleta;1.Menos de 2500 gramos;3
38;1;1;5.30 a 34;7.42 y más;3.Secundario/Polimodal Completa y más;2.2500 gramos y más;11
86;1;2;6.35 a 39;7.42 y más;2.Secundaria/Polimodal Incompleta;2.2500 gramos y más;2
34;1;1;1.Menor de 15;6.37 a 41;1.Hasta Primaria/C.EGB Completa;2.2500 gramos y más;24
30;1;1;5.30 a 34;3.24 a 27;1.Hasta Primaria/C.EGB Completa;3.Sin especificar;1
14;1;1;2.15 a 19;5.32 a 36;4.Sin especificar;1.Menos de 2500 gramos;1
18;1;2;5.30 a 34;5.32 a 36;2.Secundaria/Polimodal Incompleta;2.2500 gramos y más;13
90;1;1;1.Menor de 15;6.37 a 41;3.Secundario/Polimodal Completa y más;2.2500 gramos y más;1
94;1;2;7.40 a 44;6.37 a 41;3.Secundario/Polimodal Completa y más;2.2500 gramos y más;29
99;1;2;9.Sin especificar;8.Sin especificar;4.Sin especificar;2.2500 gramos y más;2
34;1;1;8.De 45 y más;5.32 a 36;3.Secundario/Polimodal Completa y más;2.2500 gramos y más;1
06;1;2;9.Sin especificar;6.37 a 41;2.Secundaria/Polimodal Incompleta;2.2500 gramos y más;187
22;1;1;4.25 a 29;5.32 a 36;2.Secundaria/Polimodal Incompleta;2.2500 gramos y más;14
86;1;2;6.35 a 39;6.37 a 41;1.Hasta Primaria/C.EGB Completa;1.Menos de 2500 gramos;13
46;1;1;4.25 a 29;6.37 a 41;1.Hasta Primaria/C.EGB Completa;2.2500 gramos y más;91
26;1;2;3.20 a 24;5.32 a 36;4.Sin especificar;2.2500 gramos y más;3
50;1;2;5.30 a 34;5.32 a 36;3.Secundario/Polimodal Completa y más;2.2500 gramos y más;37
90;1;2;6.35 a 39;5.32 a 36;3.Secundario/Polimodal Completa y más;1.Menos de 2500 gramos;33
30;1;2;4.25 a 29;5.32 a 36;2.Secundaria/Polimodal Incompleta;1.Menos de 2500 gramos;15
22;1;2;6.35 a 39;6.37 a 41;3.Secundario/Polimodal Completa y más;1.Menos de 2500 gramos;18
14;1;1;3.20 a 24;6.37 a 41;3.Secundario/Polimodal Completa y más;2.2500 gramos y más;2102
90;1;2;4.25 a 29;6.37 a 41;1.Hasta Primaria/C.EGB Completa;2.2500 gramos y más;455
18;2;2;4.25 a 29;3.24 a 27;3.Secundario/Polimodal Completa y más;1.Menos de 2500 gramos;1
06;2;1;9.Sin especificar;8.Sin especificar;1.Hasta Primaria/C.EGB Completa;3.Sin especificar;2
50;2;1;6.35 a 39;6.37 a 41;3.Secundario/Polimodal Completa y más;2.2500 gramos y más;9
02;9;1;2.15 a 19;5.32 a 36;4.Sin especificar;1.Menos de 2500 gramos;2
66;1;1;4.25 a 29;6.37 a 41;2.Secundaria/Polimodal Incompleta;2.2500 gramos y más;398
38;1;1;7.40 a 44;6.37 a 41;3.Secundario/Polimodal Completa y más;2.2500 gramos y más;118
62;1;2;6.35 a 39;6.37 a 41;2.Secundaria/Polimodal Incompleta;2.2500 gramos y más;67
10;1;1;7.40 a 44;3.24 a 27;3.Secundario/Polimodal Completa y más;1.Menos de 2500 gramos;1
86;1;2;2.15 a 19;5.32 a 36;3.Secundario/Polimodal Completa y más;1.Menos de 2500 gramos;10
86;1;1;7.40 a 44;6.37 a 41;2.Secundaria/Polimodal Incompleta;2.2500 gramos y más;22
98;1;1;2.15 a 19;6.37 a 41;1.Hasta Primaria/C.EGB Completa;2.2500 gramos y más;1
90;1;2;2.15 a 19;6.37 a 41;1.Hasta Primaria/C.EGB Completa;1.Menos de 2500 gramos;10
06;1;2;9.Sin especificar;3.24 a 27;3.Secundario/Polimodal Completa y más;1.Menos de 2500 gramos;2
62;2;1;2.15 a 19;6.37 a 41;2.Secundaria/Polimodal Incompleta;2.2500 gramos y más;1
06;1;1;6.35 a 39;8.Sin especificar;1.Hasta Primaria/C.EGB Completa;3.Sin especificar;3
22;1;2;3.20 a 24;6.37 a 41;4.Sin especificar;2.2500 gramos y más;27
50;1;1;4.25 a 29;5.32 a 36;2.Secundaria/Polimodal Incompleta;2.2500 gramos y más;20
06;2;2;2.15 a 19;4.28 a 31;2.Secundaria/Polimodal Incompleta;1.Menos de 2500 gramos;2
06;1;1;7.40 a 44;3.24 a 27;2.Secundaria/Polimodal Incompleta;1.Menos de 2500 gramos;3
82;1;1;9.Sin especificar;5.32 a 36;3.Secundario/Polimodal Completa y más;1.Menos de 2500 gramos;1
90;1;1;8.De 45 y más;6.37 a 41;1.Hasta Primaria/C.EGB Completa;2.2500 gramos y más;5
06;9;2;6.35 a 39;6.37 a 41;4.Sin especificar;3.Sin especificar;8
98;1;1;2.15 a 19;6.37 a 41;2.Secundaria/Polimodal Incompleta;2.2500 gramos y más;4
50;1;2;4.25 a 29;4.28 a 31;2.Secundaria/Polimodal Incompleta;1.Menos de 2500 gramos;10
54;2;2;3.20 a 24;4.28 a 31;3.Secundario/Polimodal Completa y más;1.Menos de 2500 gramos;2
02;1;1;7.40 a 44;6.37 a 41;3.Secundario/Polimodal Completa y más;2.2500 gramos y más;781
54;1;2;4.25 a 29;4.28 a 31;3.Secundario/Polimodal Completa y más;1.Menos de 2500 gramos;3
14;1;2;9.Sin especificar;6.37 a 41;2.Secundaria/Polimodal Incompleta;2.2500 gramos y más;97
74;1;2;3.20 a 24;7.42 y más;2.Secundaria/Polimodal Incompleta;1.Menos de 2500 gramos;1
66;1;2;5.30 a 34;4.28 a 31;2.Secundaria/Polimodal Incompleta;2.2500 gramos y más;1
70;2;2;6.35 a 39;5.32 a 36;2.Secundaria/Polimodal Incompleta;1.Menos de 2500 gramos;1
14;1;2;6.35 a 39;4.28 a 31;3.Secundario/Polimodal Completa y más;2.2500 gramos y más;1
66;1;2;3.20 a 24;5.32 a 36;3.Secundario/Polimodal Completa y más;1.Menos de 2500 gramos;33
66;1;2;2.15 a 19;3.24 a 27;1.Hasta Primaria/C.EGB Completa;1.Menos de 2500 gramos;1
50;1;1;4.25 a 29;4.28 a 31;3.Secundario/Polimodal Completa y más;1.Menos de 2500 gramos;9
06;1;2;9.Sin especificar;8.Sin especificar;1.Hasta Primaria/C.EGB Completa;1.Menos de 2500 gramos;1
14;2;1;4.25 a 29;6.37 a 41;1.Hasta Primaria/C.EGB Completa;1.Menos de 2500 gramos;5
02;1;2;5.30 a 34;7.42 y más;2.Secundaria/Polimodal Incompleta;2.2500 gramos y más;1
86;9;2;4.25 a 29;6.37 a 41;1.Hasta Primaria/C.EGB Completa;2.2500 gramos y más;1
06;1;1;8.De 45 y más;5.32 a 36;2.Secundaria/Polimodal Incompleta;2.2500 gramos y más;2
86;1;1;4.25 a 29;4.28 a 31;1.Hasta Primaria/C.EGB Completa;1.Menos de 2500 gramos;4
50;1;2;7.40 a 44;5.32 a 36;1.Hasta Primaria/C.EGB Completa;2.2500 gramos y más;6
10;2;1;6.35 a 39;6.37 a 41;2.Secundaria/Polimodal Incompleta;1.Menos de 2500 gramos;1
58;1;1;6.35 a 39;3.24 a 27;1.Hasta Primaria/C.EGB Completa;1.Menos de 2500 gramos;1
06;1;1;4.25 a 29;6.37 a 41;4.Sin especificar;1.Menos de 2500 gramos;35
22;2;1;4.25 a 29;5.32 a 36;3.Secundario/Polimodal Completa y más;1.Menos de 2500 gramos;12
14;1;1;7.40 a 44;5.32 a 36;1.Hasta Primaria/C.EGB Completa;2.2500 gramos y más;11
86;1;1;3.20 a 24;7.42 y más;2.Secundaria/Polimodal Incompleta;2.2500 gramos y más;11
99;9;1;4.25 a 29;5.32 a 36;4.Sin especificar;2.2500 gramos y más;1
86;1;2;5.30 a 34;4.28 a 31;1.Hasta Primaria/C.EGB Completa;2.2500 gramos y más;2
18;1;1;3.20 a 24;4.28 a 31;3.Secundario/Polimodal Completa y más;1.Menos de 2500 gramos;1
86;1;1;2.15 a 19;6.37 a 41;1.Hasta Primaria/C.EGB Completa;1.Menos de 2500 gramos;10
02;1;1;8.De 45 y más;5.32 a 36;4.Sin especificar;1.Menos de 2500 gramos;1
62;2;2;6.35 a 39;6.37 a 41;2.Secundaria/Polimodal Incompleta;1.Menos de 2500 gramos;1
54;2;1;4.25 a 29;5.32 a 36;4.Sin especificar;1.Menos de 2500 gramos;5
30;2;2;6.35 a 39;8.Sin especificar;3.Secundario/Polimodal Completa y más;2.2500 gramos y más;1
94;2;1;5.30 a 34;6.37 a 41;1.Hasta Primaria/C.EGB Completa;2.2500 gramos y más;2
30;1;2;3.20 a 24;4.28 a 31;2.Secundaria/Polimodal Incompleta;1.Menos de 2500 gramos;3
30;1;2;2.15 a 19;5.32 a 36;3.Secundario/Polimodal Completa y más;1.Menos de 2500 gramos;9
86;1;1;4.25 a 29;6.37 a 41;4.Sin especificar;2.2500 gramos y más;3
14;1;1;9.Sin especificar;5.32 a 36;3.Secundario/Polimodal Completa y más;1.Menos de 2500 gramos;4
06;1;2;2.15 a 19;3.24 a 27;3.Secundario/Polimodal Completa y más;1.Menos de 2500 gramos;4
06;1;2;9.Sin especificar;5.32 a 36;2.Secundaria/Polimodal Incompleta;1.Menos de 2500 gramos;12
38;1;1;4.25 a 29;3.24 a 27;2.Secundaria/Polimodal Incompleta;1.Menos de 2500 gramos;1
82;1;2;4.25 a 29;5.32 a 36;2.Secundaria/Polimodal Incompleta;1.Menos de 2500 gramos;36
22;2;1;2.15 a 19;6.37 a 41;2.Secundaria/Polimodal Incompleta;1.Menos de 2500 gramos;1
74;2;2;3.20 a 24;5.32 a 36;3.Secundario/Polimodal Completa y más;1.Menos de 2500 gramos;6
58;1;2;2.15 a 19;6.37 a 41;4.Sin especificar;2.2500 gramos y más;2
06;1;1;4.25 a 29;8.Sin especificar;3.Secundario/Polimodal Completa y más;2.2500 gramos y más;107
30;2;2;2.15 a 19;5.32 a 36;2.Secundaria/Polimodal Incompleta;1.Menos de 2500 gramos;2
06;1;2;4.25 a 29;6.37 a 41;3.Secundario/Polimodal Completa y más;1.Menos de 2500 gramos;292
54;1;1;3.20 a 24;5.32 a 36;3.Secundario/Polimodal Completa y más;1.Menos de 2500 gramos;19
02;2;1;6.35 a 39;5.32 a 36;1.Hasta Primaria/C.EGB Completa;1.Menos de 2500 gramos;4
22;2;1;3.20 a 24;6.37 a 41;2.Secundaria/Polimodal Incompleta;2.2500 gramos y más;2
06;1;9;1.Menor de 15;6.37 a 41;1.Hasta Primaria/C.EGB Completa;1.Menos de 2500 gramos;1
06;2;1;3.20 a 24;6.37 a 41;3.Secundario/Polimodal Completa y más;1.Menos de 2500 gramos;16
18;2;1;4.25 a 29;6.37 a 41;3.Secundario/Polimodal Completa y más;1.Menos de 2500 gramos;4
10;1;1;3.20 a 24;8.Sin especificar;1.Hasta Primaria/C.EGB Completa;2.2500 gramos y más;1
66;1;2;6.35 a 39;7.42 y más;3.Secundario/Polimodal Completa y más;2.2500 gramos y más;1
90;1;1;4.25 a 29;5.32 a 36;2.Secundaria/Polimodal Incompleta;3.Sin especificar;1
90;2;2;6.35 a 39;5.32 a 36;3.Secundario/Polimodal Completa y más;1.Menos de 2500 gramos;15
30;2;1;5.30 a 34;6.37 a 41;2.Secundaria/Polimodal Incompleta;1.Menos de 2500 gramos;1
06;2;2;3.20 a 24;8.Sin especificar;4.Sin especificar;3.Sin especificar;3
18;1;2;7.40 a 44;6.37 a 41;2.Secundaria/Polimodal Incompleta;2.2500 gramos y más;20
94;1;1;6.35 a 39;6.37 a 41;3.Secundario/Polimodal Completa y más;1.Menos de 2500 gramos;1
06;1;2;3.20 a 24;5.32 a 36;1.Hasta Primaria/C.EGB Completa;1.Menos de 2500 gramos;71
06;2;1;4.25 a 29;4.28 a 31;4.Sin especificar;1.Menos de 2500 gramos;1
90;1;1;3.20 a 24;3.24 a 27;1.Hasta Primaria/C.EGB Completa;1.Menos de 2500 gramos;2
86;1;1;4.25 a 29;6.37 a 41;4.Sin especificar;1.Menos de 2500 gramos;1
34;2;2;5.30 a 34;5.32 a 36;3.Secundario/Polimodal Completa y más;1.Menos de 2500 gramos;2
54;1;1;8.De 45 y más;6.37 a 41;3.Secundario/Polimodal Completa y más;2.2500 gramos y más;9
18;2;2;7.40 a 44;6.37 a 41;1.Hasta Primaria/C.EGB Completa;2.2500 gramos y más;2
02;1;2;3.20 a 24;3.24 a 27;1.Hasta Primaria/C.EGB Completa;1.Menos de 2500 gramos;1
14;1;1;9.Sin especificar;8.Sin especificar;4.Sin especificar;2.2500 gramos y más;1
18;2;2;5.30 a 34;6.37 a 41;4.Sin especificar;1.Menos de 2500 gramos;2
54;1;2;1.Menor de 15;6.37 a 41;1.Hasta Primaria/C.EGB Completa;2.2500 gramos y más;26
86;1;2;3.20 a 24;5.32 a 36;1.Hasta Primaria/C.EGB Completa;1.Menos de 2500 gramos;17
06;1;9;6.35 a 39;8.Sin especificar;2.Secundaria/Polimodal Incompleta;2.2500 gramos y más;2
06;1;1;5.30 a 34;4.28 a 31;2.Secundaria/Polimodal Incompleta;1.Menos de 2500 gramos;18
58;1;1;7.40 a 44;6.37 a 41;4.Sin especificar;2.2500 gramos y más;1
94;1;1;6.35 a 39;6.37 a 41;3.Secundario/Polimodal Completa y más;2.2500 gramos y más;121
90;1;2;1.Menor de 15;8.Sin especificar;2.Secundaria/Polimodal Incompleta;2.2500 gramos y más;1
78;2;1;4.25 a 29;6.37 a 41;2.Secundaria/Polimodal Incompleta;1.Menos de 2500 gramos;1
58;2;2;5.30 a 34;5.32 a 36;3.Secundario/Polimodal Completa y más;1.Menos de 2500 gramos;3
14;1;1;4.25 a 29;8.Sin especificar;3.Secundario/Polimodal Completa y más;3.Sin especificar;1
90;1;2;2.15 a 19;6.37 a 41;3.Secundario/Polimodal Completa y más;1.Menos de 2500 gramos;5
66;1;1;4.25 a 29;6.37 a 41;4.Sin especificar;1.Menos de 2500 gramos;1
18;1;2;3.20 a 24;5.32 a 36;1.Hasta Primaria/C.EGB Completa;2.2500 gramos y más;8
58;2;2;6.35 a 39;5.32 a 36;3.Secundario/Polimodal Completa y más;1.Menos de 2500 gramos;4
14;1;2;4.25 a 29;5.32 a 36;1.Hasta Primaria/C.EGB Completa;1.Menos de 2500 gramos;17
82;1;1;3.20 a 24;6.37 a 41;1.Hasta Primaria/C.EGB Completa;1.Menos de 2500 gramos;17
62;1;2;5.30 a 34;3.24 a 27;4.Sin especificar;1.Menos de 2500 gramos;1
06;1;2;4.25 a 29;4.28 a 31;3.Secundario/Polimodal Completa y más;2.2500 gramos y más;3
58;2;1;2.15 a 19;6.37 a 41;2.Secundaria/Polimodal Incompleta;2.2500 gramos y más;2
34;1;2;4.25 a 29;8.Sin especificar;1.Hasta Primaria/C.EGB Completa;2.2500 gramos y más;1
70;1;2;2.15 a 19;6.37 a 41;2.Secundaria/Polimodal Incompleta;1.Menos de 2500 gramos;18
50;2;1;3.20 a 24;4.28 a 31;3.Secundario/Polimodal Completa y más;1.Menos de 2500 gramos;3
42;1;1;5.30 a 34;6.37 a 41;1.Hasta Primaria/C.EGB Completa;2.2500 gramos y más;23
06;1;1;5.30 a 34;5.32 a 36;2.Secundaria/Polimodal Incompleta;1.Menos de 2500 gramos;96
62;1;1;3.20 a 24;4.28 a 31;3.Secundario/Polimodal Completa y más;1.Menos de 2500 gramos;4
06;9;1;3.20 a 24;8.Sin especificar;4.Sin especificar;3.Sin especificar;1
10;1;2;4.25 a 29;6.37 a 41;2.Secundaria/Polimodal Incompleta;2.2500 gramos y más;55
50;2;2;4.25 a 29;6.37 a 41;2.Secundaria/Polimodal Incompleta;2.2500 gramos y más;8
50;1;1;2.15 a 19;5.32 a 36;2.Secundaria/Polimodal Incompleta;1.Menos de 2500 gramos;18
30;1;2;6.35 a 39;4.28 a 31;3.Secundario/Polimodal Completa y más;1.Menos de 2500 gramos;2
78;1;2;5.30 a 34;6.37 a 41;3.Secundario/Polimodal Completa y más;1.Menos de 2500 gramos;7
30;1;2;6.35 a 39;8.Sin especificar;2.Secundaria/Polimodal Incompleta;2.2500 gramos y más;2
14;2;1;5.30 a 34;6.37 a 41;3.Secundario/Polimodal Completa y más;2.2500 gramos y más;16
90;1;1;3.20 a 24;4.28 a 31;2.Secundaria/Polimodal Incompleta;2.2500 gramos y más;1
30;1;1;4.25 a 29;8.Sin especificar;3.Secundario/Polimodal Completa y más;2.2500 gramos y más;14
90;2;1;6.35 a 39;2.22 a 23;1.Hasta Primaria/C.EGB Completa;1.Menos de 2500 gramos;1
82;1;2;3.20 a 24;3.24 a 27;3.Secundario/Polimodal Completa y más;1.Menos de 2500 gramos;5
90;1;2;6.35 a 39;5.32 a 36;2.Secundaria/Polimodal Incompleta;2.2500 gramos y más;10
02;1;1;7.40 a 44;5.32 a 36;4.Sin especificar;1.Menos de 2500 gramos;2
82;1;1;6.35 a 39;6.37 a 41;3.Secundario/Polimodal Completa y más;1.Menos de 2500 gramos;36
78;1;2;7.40 a 44;6.37 a 41;1.Hasta Primaria/C.EGB Completa;2.2500 gramos y más;10
14;2;1;4.25 a 29;6.37 a 41;1.Hasta Primaria/C.EGB Completa;2.2500 gramos y más;4
99;2;2;5.30 a 34;5.32 a 36;3.Secundario/Polimodal Completa y más;1.Menos de 2500 gramos;1
66;1;2;4.25 a 29;8.Sin especificar;2.Secundaria/Polimodal Incompleta;1.Menos de 2500 gramos;1
82;1;1;3.20 a 24;6.37 a 41;1.Hasta Primaria/C.EGB Completa;2.2500 gramos y más;934
18;2;1;4.25 a 29;3.24 a 27;4.Sin especificar;1.Menos de 2500 gramos;2
50;1;1;3.20 a 24;6.37 a 41;1.Hasta Primaria/C.EGB Completa;1.Menos de 2500 gramos;2
22;1;2;5.30 a 34;6.37 a 41;3.Secundario/Polimodal Completa y más;1.Menos de 2500 gramos;29
82;2;1;5.30 a 34;5.32 a 36;2.Secundaria/Polimodal Incompleta;2.2500 gramos y más;1
02;1;2;3.20 a 24;5.32 a 36;4.Sin especificar;2.2500 gramos y más;2
26;1;2;4.25 a 29;5.32 a 36;4.Sin especificar;2.2500 gramos y más;3
38;1;1;3.20 a 24;6.37 a 41;1.Hasta Primaria/C.EGB Completa;2.2500 gramos y más;111
14;1;2;4.25 a 29;8.Sin especificar;3.Secundario/Polimodal Completa y más;2.2500 gramos y más;11
18;1;1;3.20 a 24;6.37 a 41;3.Secundario/Polimodal Completa y más;1.Menos de 2500 gramos;11
66;1;2;1.Menor de 15;6.37 a 41;2.Secundaria/Polimodal Incompleta;2.2500 gramos y más;12
99;1;2;6.35 a 39;6.37 a 41;3.Secundario/Polimodal Completa y más;2.2500 gramos y más;8
82;1;2;2.15 a 19;4.28 a 31;4.Sin especificar;1.Menos de 2500 gramos;1
22;1;2;3.20 a 24;8.Sin especificar;3.Secundario/Polimodal Completa y más;3.Sin especificar;1
46;2;1;4.25 a 29;5.32 a 36;1.Hasta Primaria/C.EGB Completa;1.Menos de 2500 gramos;2
06;1;9;4.25 a 29;6.37 a 41;1.Hasta Primaria/C.EGB Completa;1.Menos de 2500 gramos;1
18;1;1;7.40 a 44;5.32 a 36;3.Secundario/Polimodal Completa y más;2.2500 gramos y más;5
18;1;1;2.15 a 19;7.42 y más;3.Secundario/Polimodal Completa y más;2.2500 gramos y más;1
46;1;1;3.20 a 24;6.37 a 41;1.Hasta Primaria/C.EGB Completa;1.Menos de 2500 gramos;3
54;1;2;4.25 a 29;6.37 a 41;2.Secundaria/Polimodal Incompleta;1.Menos de 2500 gramos;10
02;1;2;6.35 a 39;8.Sin especificar;4.Sin especificar;3.Sin especificar;1
66;1;2;7.40 a 44;7.42 y más;1.Hasta Primaria/C.EGB Completa;2.2500 gramos y más;1
22;1;2;2.15 a 19;6.37 a 41;1.Hasta Primaria/C.EGB Completa;1.Menos de 2500 gramos;11
62;1;1;5.30 a 34;8.Sin especificar;1.Hasta Primaria/C.EGB Completa;2.2500 gramos y más;1
50;1;2;5.30 a 34;2.22 a 23;2.Secundaria/Polimodal Incompleta;1.Menos de 2500 gramos;1
86;1;2;4.25 a 29;8.Sin especificar;3.Secundario/Polimodal Completa y más;1.Menos de 2500 gramos;1
74;1;2;2.15 a 19;6.37 a 41;1.Hasta Primaria/C.EGB Completa;2.2500 gramos y más;28
14;1;2;3.20 a 24;7.42 y más;2.Secundaria/Polimodal Incompleta;2.2500 gramos y más;3
22;2;2;5.30 a 34;6.37 a 41;2.Secundaria/Polimodal Incompleta;2.2500 gramos y más;2
22;1;1;3.20 a 24;6.37 a 41;2.Secundaria/Polimodal Incompleta;1.Menos de 2500 gramos;10
30;2;1;4.25 a 29;6.37 a 41;3.Secundario/Polimodal Completa y más;1.Menos de 2500 gramos;1
06;1;9;2.15 a 19;6.37 a 41;2.Secundaria/Polimodal Incompleta;2.2500 gramos y más;30
74;1;1;5.30 a 34;6.37 a 41;1.Hasta Primaria/C.EGB Completa;2.2500 gramos y más;35
54;1;1;2.15 a 19;5.32 a 36;4.Sin especificar;2.2500 gramos y más;4
02;9;2;6.35 a 39;6.37 a 41;2.Secundaria/Polimodal Incompleta;2.2500 gramos y más;3
14;1;1;5.30 a 34;5.32 a 36;2.Secundaria/Polimodal Incompleta;1.Menos de 2500 gramos;27
42;1;1;8.De 45 y más;5.32 a 36;1.Hasta Primaria/C.EGB Completa;2.2500 gramos y más;1
06;9;2;3.20 a 24;6.37 a 41;4.Sin especificar;1.Menos de 2500 gramos;2
70;1;1;8.De 45 y más;6.37 a 41;2.Secundaria/Polimodal Incompleta;2.2500 gramos y más;2
58;1;1;6.35 a 39;5.32 a 36;1.Hasta Primaria/C.EGB Completa;2.2500 gramos y más;3
66;1;2;3.20 a 24;3.24 a 27;3.Secundario/Polimodal Completa y más;3.Sin especificar;1
38;1;1;2.15 a 19;7.42 y más;2.Secundaria/Polimodal Incompleta;2.2500 gramos y más;3
86;1;2;4.25 a 29;5.32 a 36;3.Secundario/Polimodal Completa y más;2.2500 gramos y más;40
46;2;2;6.35 a 39;5.32 a 36;3.Secundario/Polimodal Completa y más;1.Menos de 2500 gramos;2
50;1;2;2.15 a 19;4.28 a 31;2.Secundaria/Polimodal Incompleta;1.Menos de 2500 gramos;3
98;1;1;5.30 a 34;4.28 a 31;2.Secundaria/Polimodal Incompleta;1.Menos de 2500 gramos;1
74;2;2;4.25 a 29;3.24 a 27;2.Secundaria/Polimodal Incompleta;1.Menos de 2500 gramos;2
70;2;1;8.De 45 y más;6.37 a 41;3.Secundario/Polimodal Completa y más;2.2500 gramos y más;1
02;1;2;6.35 a 39;6.37 a 41;1.Hasta Primaria/C.EGB Completa;1.Menos de 2500 gramos;4
06;9;2;4.25 a 29;8.Sin especificar;4.Sin especificar;3.Sin especificar;2
02;9;1;6.35 a 39;8.Sin especificar;4.Sin especificar;3.Sin especificar;2
82;2;2;3.20 a 24;8.Sin especificar;3.Secundario/Polimodal Completa y más;2.2500 gramos y más;1
10;9;1;8.De 45 y más;5.32 a 36;3.Secundario/Polimodal Completa y más;1.Menos de 2500 gramos;1
30;1;1;4.25 a 29;4.28 a 31;3.Secundario/Polimodal Completa y más;1.Menos de 2500 gramos;6
22;1;1;1.Menor de 15;8.Sin especificar;2.Secundaria/Polimodal Incompleta;2.2500 gramos y más;1
22;1;2;4.25 a 29;6.37 a 41;3.Secundario/Polimodal Completa y más;3.Sin especificar;5
54;1;1;3.20 a 24;6.37 a 41;1.Hasta Primaria/C.EGB Completa;3.Sin especificar;2
06;1;1;6.35 a 39;8.Sin especificar;4.Sin especificar;2.2500 gramos y más;10
18;1;1;8.De 45 y más;5.32 a 36;1.Hasta Primaria/C.EGB Completa;1.Menos de 2500 gramos;1
78;1;2;6.35 a 39;6.37 a 41;3.Secundario/Polimodal Completa y más;2.2500 gramos y más;146
58;1;1;3.20 a 24;6.37 a 41;3.Secundario/Polimodal Completa y más;3.Sin especificar;1
74;1;2;5.30 a 34;7.42 y más;3.Secundario/Polimodal Completa y más;2.2500 gramos y más;7
86;1;1;7.40 a 44;5.32 a 36;2.Secundaria/Polimodal Incompleta;1.Menos de 2500 gramos;1
14;1;2;2.15 a 19;3.24 a 27;2.Secundaria/Polimodal Incompleta;1.Menos de 2500 gramos;3
46;1;1;4.25 a 29;6.37 a 41;1.Hasta Primaria/C.EGB Completa;1.Menos de 2500 gramos;3
54;1;2;8.De 45 y más;5.32 a 36;2.Secundaria/Polimodal Incompleta;2.2500 gramos y más;2
06;2;1;9.Sin especificar;5.32 a 36;3.Secundario/Polimodal Completa y más;2.2500 gramos y más;2
14;1;2;6.35 a 39;6.37 a 41;1.Hasta Primaria/C.EGB Completa;2.2500 gramos y más;328
18;2;2;6.35 a 39;6.37 a 41;2.Secundaria/Polimodal Incompleta;1.Menos de 2500 gramos;2
30;2;1;7.40 a 44;6.37 a 41;3.Secundario/Polimodal Completa y más;2.2500 gramos y más;2
82;1;1;3.20 a 24;5.32 a 36;1.Hasta Primaria/C.EGB Completa;2.2500 gramos y más;47
99;1;2;5.30 a 34;5.32 a 36;1.Hasta Primaria/C.EGB Completa;2.2500 gramos y más;2
18;1;1;4.25 a 29;5.32 a 36;3.Secundario/Polimodal Completa y más;1.Menos de 2500 gramos;25
22;9;2;5.30 a 34;6.37 a 41;3.Secundario/Polimodal Completa y más;3.Sin especificar;4
30;1;2;3.20 a 24;7.42 y más;1.Hasta Primaria/C.EGB Completa;2.2500 gramos y más;3
18;1;1;3.20 a 24;6.37 a 41;2.Secundaria/Polimodal Incompleta;2.2500 gramos y más;498
66;2;2;7.40 a 44;6.37 a 41;2.Secundaria/Polimodal Incompleta;1.Menos de 2500 gramos;1
82;1;2;3.20 a 24;5.32 a 36;2.Secundaria/Polimodal Incompleta;1.Menos de 2500 gramos;46
18;1;1;8.De 45 y más;6.37 a 41;1.Hasta Primaria/C.EGB Completa;2.2500 gramos y más;4
18;1;2;2.15 a 19;6.37 a 41;4.Sin especificar;2.2500 gramos y más;257
62;1;2;3.20 a 24;5.32 a 36;2.Secundaria/Polimodal Incompleta;1.Menos de 2500 gramos;16
86;2;2;6.35 a 39;5.32 a 36;2.Secundaria/Polimodal Incompleta;2.2500 gramos y más;1
06;9;1;5.30 a 34;6.37 a 41;3.Secundario/Polimodal Completa y más;2.2500 gramos y más;11
14;2;2;9.Sin especificar;4.28 a 31;4.Sin especificar;1.Menos de 2500 gramos;1
50;1;1;5.30 a 34;4.28 a 31;3.Secundario/Polimodal Completa y más;1.Menos de 2500 gramos;9
82;1;1;2.15 a 19;3.24 a 27;3.Secundario/Polimodal Completa y más;1.Menos de 2500 gramos;2
58;1;1;7.40 a 44;4.28 a 31;1.Hasta Primaria/C.EGB Completa;1.Menos de 2500 gramos;1
50;2;1;5.30 a 34;6.37 a 41;2.Secundaria/Polimodal Incompleta;1.Menos de 2500 gramos;1
66;1;1;3.20 a 24;6.37 a 41;2.Secundaria/Polimodal Incompleta;2.2500 gramos y más;589
82;1;9;3.20 a 24;6.37 a 41;2.Secundaria/Polimodal Incompleta;2.2500 gramos y más;1
50;1;1;5.30 a 34;7.42 y más;1.Hasta Primaria/C.EGB Completa;2.2500 gramos y más;5
06;1;9;4.25 a 29;5.32 a 36;2.Secundaria/Polimodal Incompleta;2.2500 gramos y más;2
06;9;1;4.25 a 29;6.37 a 41;4.Sin especificar;3.Sin especificar;3
14;1;1;3.20 a 24;8.Sin especificar;4.Sin especificar;2.2500 gramos y más;1
66;1;2;4.25 a 29;6.37 a 41;2.Secundaria/Polimodal Incompleta;1.Menos de 2500 gramos;9
18;1;2;5.30 a 34;7.42 y más;3.Secundario/Polimodal Completa y más;2.2500 gramos y más;4
34;1;1;6.35 a 39;6.37 a 41;4.Sin especificar;1.Menos de 2500 gramos;5
22;1;2;1.Menor de 15;6.37 a 41;2.Secundaria/Polimodal Incompleta;3.Sin especificar;1
26;1;1;7.40 a 44;3.24 a 27;3.Secundario/Polimodal Completa y más;1.Menos de 2500 gramos;1
66;1;1;7.40 a 44;6.37 a 41;3.Secundario/Polimodal Completa y más;1.Menos de 2500 gramos;6
34;1;1;5.30 a 34;6.37 a 41;4.Sin especificar;1.Menos de 2500 gramos;2
02;1;1;6.35 a 39;5.32 a 36;2.Secundaria/Polimodal Incompleta;2.2500 gramos y más;7
58;1;2;5.30 a 34;5.32 a 36;3.Secundario/Polimodal Completa y más;1.Menos de 2500 gramos;14
02;1;2;7.40 a 44;6.37 a 41;1.Hasta Primaria/C.EGB Completa;1.Menos de 2500 gramos;1
18;1;2;5.30 a 34;5.32 a 36;3.Secundario/Polimodal Completa y más;1.Menos de 2500 gramos;26
06;2;1;2.15 a 19;5.32 a 36;4.Sin especificar;1.Menos de 2500 gramos;3
70;2;2;3.20 a 24;6.37 a 41;3.Secundario/Polimodal Completa y más;2.2500 gramos y más;1
42;1;1;2.15 a 19;8.Sin especificar;2.Secundaria/Polimodal Incompleta;2.2500 gramos y más;1
18;1;2;6.35 a 39;5.32 a 36;1.Hasta Primaria/C.EGB Completa;1.Menos de 2500 gramos;4
70;1;2;5.30 a 34;5.32 a 36;1.Hasta Primaria/C.EGB Completa;1.Menos de 2500 gramos;2
74;1;2;2.15 a 19;6.37 a 41;3.Secundario/Polimodal Completa y más;2.2500 gramos y más;64
46;1;2;3.20 a 24;7.42 y más;3.Secundario/Polimodal Completa y más;2.2500 gramos y más;1
99;9;2;5.30 a 34;6.37 a 41;4.Sin especificar;1.Menos de 2500 gramos;1
18;1;2;6.35 a 39;5.32 a 36;4.Sin especificar;2.2500 gramos y más;7
66;1;2;5.30 a 34;5.32 a 36;3.Secundario/Polimodal Completa y más;2.2500 gramos y más;33
94;1;1;7.40 a 44;6.37 a 41;3.Secundario/Polimodal Completa y más;1.Menos de 2500 gramos;2
10;1;1;6.35 a 39;6.37 a 41;2.Secundaria/Polimodal Incompleta;2.2500 gramos y más;31
90;2;1;4.25 a 29;6.37 a 41;3.Secundario/Polimodal Completa y más;1.Menos de 2500 gramos;3
06;1;2;6.35 a 39;8.Sin especificar;4.Sin especificar;1.Menos de 2500 gramos;1
78;2;2;4.25 a 29;5.32 a 36;2.Secundaria/Polimodal Incompleta;1.Menos de 2500 gramos;2
82;1;1;1.Menor de 15;6.37 a 41;2.Secundaria/Polimodal Incompleta;2.2500 gramos y más;27
02;9;1;5.30 a 34;6.37 a 41;4.Sin especificar;2.2500 gramos y más;138
78;2;1;7.40 a 44;6.37 a 41;2.Secundaria/Polimodal Incompleta;1.Menos de 2500 gramos;1
66;1;1;5.30 a 34;5.32 a 36;1.Hasta Primaria/C.EGB Completa;1.Menos de 2500 gramos;7
10;1;1;4.25 a 29;6.37 a 41;2.Secundaria/Polimodal Incompleta;3.Sin especificar;1
34;1;1;7.40 a 44;6.37 a 41;1.Hasta Primaria/C.EGB Completa;1.Menos de 2500 gramos;3
46;1;1;4.25 a 29;6.37 a 41;2.Secundaria/Polimodal Incompleta;1.Menos de 2500 gramos;1
38;2;1;3.20 a 24;6.37 a 41;1.Hasta Primaria/C.EGB Completa;2.2500 gramos y más;1
26;1;1;3.20 a 24;5.32 a 36;1.Hasta Primaria/C.EGB Completa;2.2500 gramos y más;1
94;1;1;5.30 a 34;7.42 y más;3.Secundario/Polimodal Completa y más;2.2500 gramos y más;1
99;1;1;5.30 a 34;6.37 a 41;3.Secundario/Polimodal Completa y más;2.2500 gramos y más;13
02;1;1;3.20 a 24;3.24 a 27;2.Secundaria/Polimodal Incompleta;1.Menos de 2500 gramos;2
02;2;2;3.20 a 24;6.37 a 41;3.Secundario/Polimodal Completa y más;1.Menos de 2500 gramos;2
22;1;2;5.30 a 34;3.24 a 27;1.Hasta Primaria/C.EGB Completa;1.Menos de 2500 gramos;1
06;2;1;7.40 a 44;4.28 a 31;1.Hasta Primaria/C.EGB Completa;1.Menos de 2500 gramos;1
66;2;2;4.25 a 29;5.32 a 36;2.Secundaria/Polimodal Incompleta;1.Menos de 2500 gramos;2
34;1;2;1.Menor de 15;6.37 a 41;4.Sin especificar;2.2500 gramos y más;9
90;1;2;3.20 a 24;6.37 a 41;3.Secundario/Polimodal Completa y más;2.2500 gramos y más;1184
14;1;1;7.40 a 44;3.24 a 27;3.Secundario/Polimodal Completa y más;1.Menos de 2500 gramos;4
82;1;2;9.Sin especificar;6.37 a 41;2.Secundaria/Polimodal Incompleta;2.2500 gramos y más;1
34;1;2;4.25 a 29;6.37 a 41;1.Hasta Primaria/C.EGB Completa;2.2500 gramos y más;144
78;1;2;7.40 a 44;5.32 a 36;3.Secundario/Polimodal Completa y más;1.Menos de 2500 gramos;2
30;1;2;5.30 a 34;5.32 a 36;2.Secundaria/Polimodal Incompleta;2.2500 gramos y más;9
14;1;2;8.De 45 y más;6.37 a 41;1.Hasta Primaria/C.EGB Completa;1.Menos de 2500 gramos;1
38;2;2;5.30 a 34;6.37 a 41;2.Secundaria/Polimodal Incompleta;1.Menos de 2500 gramos;1
30;1;2;8.De 45 y más;6.37 a 41;1.Hasta Primaria/C.EGB Completa;2.2500 gramos y más;2
62;1;1;6.35 a 39;8.Sin especificar;3.Secundario/Polimodal Completa y más;3.Sin especificar;1
62;1;1;3.20 a 24;8.Sin especificar;1.Hasta Primaria/C.EGB Completa;1.Menos de 2500 gramos;1
02;1;2;9.Sin especificar;8.Sin especificar;4.Sin especificar;3.Sin especificar;7
62;1;2;1.Menor de 15;6.37 a 41;4.Sin especificar;2.2500 gramos y más;1
82;1;1;4.25 a 29;5.32 a 36;3.Secundario/Polimodal Completa y más;2.2500 gramos y más;111
54;1;2;7.40 a 44;7.42 y más;3.Secundario/Polimodal Completa y más;1.Menos de 2500 gramos;1
99;1;9;5.30 a 34;8.Sin especificar;4.Sin especificar;3.Sin especificar;1
90;1;1;3.20 a 24;7.42 y más;2.Secundaria/Polimodal Incompleta;2.2500 gramos y más;43
90;2;1;3.20 a 24;5.32 a 36;2.Secundaria/Polimodal Incompleta;2.2500 gramos y más;1
62;1;1;2.15 a 19;5.32 a 36;3.Secundario/Polimodal Completa y más;1.Menos de 2500 gramos;2
38;2;2;6.35 a 39;5.32 a 36;1.Hasta Primaria/C.EGB Completa;1.Menos de 2500 gramos;1
18;1;1;7.40 a 44;5.32 a 36;2.Secundaria/Polimodal Incompleta;2.2500 gramos y más;4
02;1;1;4.25 a 29;5.32 a 36;3.Secundario/Polimodal Completa y más;1.Menos de 2500 gramos;37
22;2;2;5.30 a 34;5.32 a 36;2.Secundaria/Polimodal Incompleta;3.Sin especificar;1
66;2;1;3.20 a 24;4.28 a 31;2.Secundaria/Polimodal Incompleta;1.Menos de 2500 gramos;1
30;1;2;5.30 a 34;4.28 a 31;4.Sin especificar;3.Sin especificar;1
99;1;2;4.25 a 29;5.32 a 36;3.Secundario/Polimodal Completa y más;2.2500 gramos y más;1
54;1;2;2.15 a 19;6.37 a 41;3.Secundario/Polimodal Completa y más;1.Menos de 2500 gramos;6
14;1;2;2.15 a 19;5.32 a 36;1.Hasta Primaria/C.EGB Completa;3.Sin especificar;1
18;2;1;5.30 a 34;5.32 a 36;1.Hasta Primaria/C.EGB Completa;3.Sin especificar;1
58;1;2;3.20 a 24;7.42 y más;1.Hasta Primaria/C.EGB Completa;2.2500 gramos y más;1
06;9;2;5.30 a 34;8.Sin especificar;4.Sin especificar;3.Sin especificar;1
38;2;1;5.30 a 34;5.32 a 36;1.Hasta Primaria/C.EGB Completa;1.Menos de 2500 gramos;3
82;2;2;2.15 a 19;5.32 a 36;1.Hasta Primaria/C.EGB Completa;1.Menos de 2500 gramos;3
74;1;1;5.30 a 34;6.37 a 41;3.Secundario/Polimodal Completa y más;3.Sin especificar;1
34;2;1;5.30 a 34;6.37 a 41;3.Secundario/Polimodal Completa y más;2.2500 gramos y más;3
74;2;2;4.25 a 29;5.32 a 36;1.Hasta Primaria/C.EGB Completa;1.Menos de 2500 gramos;2
18;1;1;7.40 a 44;5.32 a 36;3.Secundario/Polimodal Completa y más;1.Menos de 2500 gramos;3
54;2;2;3.20 a 24;6.37 a 41;1.Hasta Primaria/C.EGB Completa;2.2500 gramos y más;6
82;1;2;6.35 a 39;6.37 a 41;3.Secundario/Polimodal Completa y más;3.Sin especificar;4
34;1;2;5.30 a 34;6.37 a 41;2.Secundaria/Polimodal Incompleta;1.Menos de 2500 gramos;1
74;1;1;3.20 a 24;6.37 a 41;3.Secundario/Polimodal Completa y más;2.2500 gramos y más;367
22;1;2;6.35 a 39;4.28 a 31;2.Secundaria/Polimodal Incompleta;1.Menos de 2500 gramos;1
86;1;2;6.35 a 39;4.28 a 31;3.Secundario/Polimodal Completa y más;1.Menos de 2500 gramos;1
58;1;1;8.De 45 y más;5.32 a 36;2.Secundaria/Polimodal Incompleta;2.2500 gramos y más;1
78;1;1;6.35 a 39;6.37 a 41;2.Secundaria/Polimodal Incompleta;2.2500 gramos y más;41
42;1;1;5.30 a 34;4.28 a 31;3.Secundario/Polimodal Completa y más;1.Menos de 2500 gramos;4
14;1;2;7.40 a 44;6.37 a 41;4.Sin especificar;2.2500 gramos y más;7
90;1;1;6.35 a 39;7.42 y más;3.Secundario/Polimodal Completa y más;2.2500 gramos y más;21
90;1;2;8.De 45 y más;7.42 y más;1.Hasta Primaria/C.EGB Completa;2.2500 gramos y más;1
86;1;1;4.25 a 29;7.42 y más;3.Secundario/Polimodal Completa y más;2.2500 gramos y más;8
94;1;2;5.30 a 34;3.24 a 27;3.Secundario/Polimodal Completa y más;1.Menos de 2500 gramos;2
78;2;2;4.25 a 29;6.37 a 41;3.Secundario/Polimodal Completa y más;1.Menos de 2500 gramos;4
54;1;1;5.30 a 34;3.24 a 27;2.Secundaria/Polimodal Incompleta;1.Menos de 2500 gramos;1
82;2;2;3.20 a 24;5.32 a 36;3.Secundario/Polimodal Completa y más;1.Menos de 2500 gramos;12
30;1;2;5.30 a 34;3.24 a 27;3.Secundario/Polimodal Completa y más;1.Menos de 2500 gramos;1
26;1;1;4.25 a 29;5.32 a 36;1.Hasta Primaria/C.EGB Completa;2.2500 gramos y más;2
06;1;2;3.20 a 24;8.Sin especificar;1.Hasta Primaria/C.EGB Completa;3.Sin especificar;5
14;1;1;3.20 a 24;4.28 a 31;2.Secundaria/Polimodal Incompleta;1.Menos de 2500 gramos;11
06;1;9;3.20 a 24;5.32 a 36;4.Sin especificar;1.Menos de 2500 gramos;1
30;1;2;5.30 a 34;5.32 a 36;1.Hasta Primaria/C.EGB Completa;2.2500 gramos y más;5
06;1;1;2.15 a 19;2.22 a 23;2.Secundaria/Polimodal Incompleta;1.Menos de 2500 gramos;2
06;2;2;6.35 a 39;5.32 a 36;1.Hasta Primaria/C.EGB Completa;3.Sin especificar;2
62;2;1;4.25 a 29;4.28 a 31;4.Sin especificar;1.Menos de 2500 gramos;2
06;1;1;7.40 a 44;8.Sin especificar;1.Hasta Primaria/C.EGB Completa;1.Menos de 2500 gramos;2
86;1;2;8.De 45 y más;6.37 a 41;3.Secundario/Polimodal Completa y más;2.2500 gramos y más;3
86;2;2;6.35 a 39;6.37 a 41;3.Secundario/Polimodal Completa y más;2.2500 gramos y más;4
26;1;1;8.De 45 y más;6.37 a 41;2.Secundaria/Polimodal Incompleta;2.2500 gramos y más;1
82;2;1;2.15 a 19;4.28 a 31;1.Hasta Primaria/C.EGB Completa;1.Menos de 2500 gramos;1
18;1;2;6.35 a 39;4.28 a 31;3.Secundario/Polimodal Completa y más;1.Menos de 2500 gramos;2
50;1;1;4.25 a 29;7.42 y más;2.Secundaria/Polimodal Incompleta;2.2500 gramos y más;1
86;1;1;7.40 a 44;6.37 a 41;2.Secundaria/Polimodal Incompleta;1.Menos de 2500 gramos;2
18;2;2;5.30 a 34;5.32 a 36;4.Sin especificar;2.2500 gramos y más;1
06;1;2;4.25 a 29;6.37 a 41;4.Sin especificar;1.Menos de 2500 gramos;36
74;1;1;3.20 a 24;8.Sin especificar;4.Sin especificar;2.2500 gramos y más;1
06;1;2;3.20 a 24;3.24 a 27;2.Secundaria/Polimodal Incompleta;3.Sin especificar;4
82;2;2;6.35 a 39;4.28 a 31;3.Secundario/Polimodal Completa y más;1.Menos de 2500 gramos;6
70;1;2;7.40 a 44;5.32 a 36;3.Secundario/Polimodal Completa y más;2.2500 gramos y más;1
54;1;2;4.25 a 29;6.37 a 41;1.Hasta Primaria/C.EGB Completa;1.Menos de 2500 gramos;23
70;1;2;4.25 a 29;5.32 a 36;3.Secundario/Polimodal Completa y más;1.Menos de 2500 gramos;22
22;1;1;6.35 a 39;8.Sin especificar;3.Secundario/Polimodal Completa y más;2.2500 gramos y más;2
06;1;2;4.25 a 29;4.28 a 31;3.Secundario/Polimodal Completa y más;1.Menos de 2500 gramos;59
06;1;1;3.20 a 24;5.32 a 36;1.Hasta Primaria/C.EGB Completa;3.Sin especificar;4
14;2;2;4.25 a 29;5.32 a 36;1.Hasta Primaria/C.EGB Completa;1.Menos de 2500 gramos;2
06;2;1;8.De 45 y más;6.37 a 41;3.Secundario/Polimodal Completa y más;2.2500 gramos y más;7
10;9;1;5.30 a 34;6.37 a 41;3.Secundario/Polimodal Completa y más;1.Menos de 2500 gramos;1
50;2;1;6.35 a 39;6.37 a 41;3.Secundario/Polimodal Completa y más;1.Menos de 2500 gramos;3
02;2;2;3.20 a 24;5.32 a 36;3.Secundario/Polimodal Completa y más;1.Menos de 2500 gramos;6
10;1;1;5.30 a 34;6.37 a 41;3.Secundario/Polimodal Completa y más;2.2500 gramos y más;359
90;1;1;6.35 a 39;5.32 a 36;1.Hasta Primaria/C.EGB Completa;2.2500 gramos y más;27
74;1;1;6.35 a 39;6.37 a 41;2.Secundaria/Polimodal Incompleta;2.2500 gramos y más;31
99;1;2;7.40 a 44;6.37 a 41;3.Secundario/Polimodal Completa y más;2.2500 gramos y más;3
26;1;2;5.30 a 34;5.32 a 36;3.Secundario/Polimodal Completa y más;2.2500 gramos y más;19
30;1;1;7.40 a 44;8.Sin especificar;3.Secundario/Polimodal Completa y más;2.2500 gramos y más;3
10;1;2;4.25 a 29;8.Sin especificar;4.Sin especificar;3.Sin especificar;1
22;1;2;2.15 a 19;3.24 a 27;4.Sin especificar;1.Menos de 2500 gramos;1
06;1;1;8.De 45 y más;4.28 a 31;3.Secundario/Polimodal Completa y más;1.Menos de 2500 gramos;1
18;1;1;7.40 a 44;6.37 a 41;2.Secundaria/Polimodal Incompleta;1.Menos de 2500 gramos;1
34;1;2;7.40 a 44;5.32 a 36;3.Secundario/Polimodal Completa y más;1.Menos de 2500 gramos;5
02;2;2;8.De 45 y más;5.32 a 36;4.Sin especificar;2.2500 gramos y más;1
62;1;1;6.35 a 39;6.37 a 41;3.Secundario/Polimodal Completa y más;2.2500 gramos y más;391
06;2;1;7.40 a 44;5.32 a 36;2.Secundaria/Polimodal Incompleta;2.2500 gramos y más;3
54;2;2;3.20 a 24;6.37 a 41;2.Secundaria/Polimodal Incompleta;1.Menos de 2500 gramos;1
74;1;1;5.30 a 34;5.32 a 36;4.Sin especificar;2.2500 gramos y más;2
78;1;2;4.25 a 29;6.37 a 41;2.Secundaria/Polimodal Incompleta;1.Menos de 2500 gramos;2
30;1;2;8.De 45 y más;4.28 a 31;2.Secundaria/Polimodal Incompleta;1.Menos de 2500 gramos;1
58;1;1;2.15 a 19;4.28 a 31;1.Hasta Primaria/C.EGB Completa;1.Menos de 2500 gramos;1
90;2;2;7.40 a 44;5.32 a 36;3.Secundario/Polimodal Completa y más;2.2500 gramos y más;1
22;1;2;6.35 a 39;6.37 a 41;2.Secundaria/Polimodal Incompleta;2.2500 gramos y más;88
66;1;1;3.20 a 24;8.Sin especificar;3.Secundario/Polimodal Completa y más;1.Menos de 2500 gramos;1
26;2;1;5.30 a 34;5.32 a 36;1.Hasta Primaria/C.EGB Completa;2.2500 gramos y más;1
22;1;1;1.Menor de 15;6.37 a 41;1.Hasta Primaria/C.EGB Completa;3.Sin especificar;1
34;1;2;4.25 a 29;6.37 a 41;4.Sin especificar;1.Menos de 2500 gramos;11
90;1;2;3.20 a 24;5.32 a 36;1.Hasta Primaria/C.EGB Completa;2.2500 gramos y más;58
54;1;2;3.20 a 24;4.28 a 31;3.Secundario/Polimodal Completa y más;1.Menos de 2500 gramos;5
22;1;1;2.15 a 19;5.32 a 36;4.Sin especificar;1.Menos de 2500 gramos;3
66;1;2;4.25 a 29;5.32 a 36;4.Sin especificar;2.2500 gramos y más;2
26;1;2;6.35 a 39;5.32 a 36;2.Secundaria/Polimodal Incompleta;1.Menos de 2500 gramos;6
14;1;2;4.25 a 29;3.24 a 27;3.Secundario/Polimodal Completa y más;1.Menos de 2500 gramos;3
74;1;1;4.25 a 29;4.28 a 31;2.Secundaria/Polimodal Incompleta;1.Menos de 2500 gramos;2
94;1;2;5.30 a 34;3.24 a 27;4.Sin especificar;1.Menos de 2500 gramos;1
18;1;1;7.40 a 44;4.28 a 31;3.Secundario/Polimodal Completa y más;1.Menos de 2500 gramos;1
06;1;2;4.25 a 29;4.28 a 31;2.Secundaria/Polimodal Incompleta;2.2500 gramos y más;1
10;1;2;4.25 a 29;7.42 y más;1.Hasta Primaria/C.EGB Completa;2.2500 gramos y más;1
90;1;1;5.30 a 34;7.42 y más;1.Hasta Primaria/C.EGB Completa;2.2500 gramos y más;16
86;1;9;4.25 a 29;6.37 a 41;3.Secundario/Polimodal Completa y más;2.2500 gramos y más;1
66;1;2;6.35 a 39;6.37 a 41;2.Secundaria/Polimodal Incompleta;2.2500 gramos y más;103
82;2;1;5.30 a 34;6.37 a 41;3.Secundario/Polimodal Completa y más;2.2500 gramos y más;30
22;1;1;6.35 a 39;5.32 a 36;4.Sin especificar;1.Menos de 2500 gramos;1
66;2;2;3.20 a 24;5.32 a 36;3.Secundario/Polimodal Completa y más;1.Menos de 2500 gramos;5
14;1;1;9.Sin especificar;6.37 a 41;2.Secundaria/Polimodal Incompleta;3.Sin especificar;2
46;1;9;2.15 a 19;6.37 a 41;2.Secundaria/Polimodal Incompleta;2.2500 gramos y más;1
78;1;2;3.20 a 24;5.32 a 36;1.Hasta Primaria/C.EGB Completa;2.2500 gramos y más;3
14;1;2;6.35 a 39;5.32 a 36;1.Hasta Primaria/C.EGB Completa;1.Menos de 2500 gramos;10
38;1;2;6.35 a 39;4.28 a 31;3.Secundario/Polimodal Completa y más;2.2500 gramos y más;1
06;2;2;4.25 a 29;8.Sin especificar;3.Secundario/Polimodal Completa y más;1.Menos de 2500 gramos;3
14;2;2;6.35 a 39;5.32 a 36;3.Secundario/Polimodal Completa y más;2.2500 gramos y más;8
14;1;2;9.Sin especificar;6.37 a 41;4.Sin especificar;1.Menos de 2500 gramos;2
90;1;1;5.30 a 34;6.37 a 41;1.Hasta Primaria/C.EGB Completa;3.Sin especificar;2
66;1;2;6.35 a 39;8.Sin especificar;1.Hasta Primaria/C.EGB Completa;2.2500 gramos y más;1
26;2;1;4.25 a 29;5.32 a 36;2.Secundaria/Polimodal Incompleta;1.Menos de 2500 gramos;2
54;1;2;4.25 a 29;5.32 a 36;1.Hasta Primaria/C.EGB Completa;1.Menos de 2500 gramos;22
06;2;1;7.40 a 44;3.24 a 27;3.Secundario/Polimodal Completa y más;1.Menos de 2500 gramos;1
82;1;2;1.Menor de 15;3.24 a 27;2.Secundaria/Polimodal Incompleta;1.Menos de 2500 gramos;1
82;1;1;5.30 a 34;7.42 y más;2.Secundaria/Polimodal Incompleta;2.2500 gramos y más;2
86;1;2;3.20 a 24;6.37 a 41;4.Sin especificar;2.2500 gramos y más;6
06;1;2;6.35 a 39;8.Sin especificar;2.Secundaria/Polimodal Incompleta;3.Sin especificar;4
94;2;2;3.20 a 24;5.32 a 36;2.Secundaria/Polimodal Incompleta;2.2500 gramos y más;1
74;1;1;6.35 a 39;2.22 a 23;3.Secundario/Polimodal Completa y más;1.Menos de 2500 gramos;1
02;2;2;3.20 a 24;6.37 a 41;3.Secundario/Polimodal Completa y más;2.2500 gramos y más;4
06;1;2;2.15 a 19;5.32 a 36;4.Sin especificar;1.Menos de 2500 gramos;14
82;1;1;5.30 a 34;5.32 a 36;2.Secundaria/Polimodal Incompleta;1.Menos de 2500 gramos;23
99;1;2;4.25 a 29;8.Sin especificar;4.Sin especificar;3.Sin especificar;3
14;1;1;2.15 a 19;6.37 a 41;1.Hasta Primaria/C.EGB Completa;3.Sin especificar;1
22;2;1;7.40 a 44;5.32 a 36;3.Secundario/Polimodal Completa y más;1.Menos de 2500 gramos;1
50;1;1;6.35 a 39;6.37 a 41;3.Secundario/Polimodal Completa y más;2.2500 gramos y más;1044
78;1;1;5.30 a 34;6.37 a 41;3.Secundario/Polimodal Completa y más;2.2500 gramos y más;277
82;1;1;3.20 a 24;6.37 a 41;2.Secundaria/Polimodal Incompleta;1.Menos de 2500 gramos;17
06;1;2;8.De 45 y más;5.32 a 36;2.Secundaria/Polimodal Incompleta;2.2500 gramos y más;1
30;1;2;2.15 a 19;6.37 a 41;2.Secundaria/Polimodal Incompleta;2.2500 gramos y más;520
14;1;1;2.15 a 19;7.42 y más;1.Hasta Primaria/C.EGB Completa;2.2500 gramos y más;1
06;1;2;2.15 a 19;5.32 a 36;4.Sin especificar;2.2500 gramos y más;11
62;1;2;5.30 a 34;6.37 a 41;3.Secundario/Polimodal Completa y más;2.2500 gramos y más;541
02;1;1;3.20 a 24;6.37 a 41;2.Secundaria/Polimodal Incompleta;2.2500 gramos y más;267
66;1;1;5.30 a 34;5.32 a 36;4.Sin especificar;1.Menos de 2500 gramos;2
70;2;1;2.15 a 19;4.28 a 31;3.Secundario/Polimodal Completa y más;1.Menos de 2500 gramos;1
02;9;1;5.30 a 34;6.37 a 41;4.Sin especificar;3.Sin especificar;21
42;2;1;5.30 a 34;5.32 a 36;3.Secundario/Polimodal Completa y más;1.Menos de 2500 gramos;3
86;1;2;7.40 a 44;5.32 a 36;1.Hasta Primaria/C.EGB Completa;1.Menos de 2500 gramos;3
90;2;2;3.20 a 24;5.32 a 36;1.Hasta Primaria/C.EGB Completa;2.2500 gramos y más;1
86;1;2;3.20 a 24;4.28 a 31;1.Hasta Primaria/C.EGB Completa;1.Menos de 2500 gramos;1
06;2;2;2.15 a 19;6.37 a 41;2.Secundaria/Polimodal Incompleta;1.Menos de 2500 gramos;6
82;1;1;2.15 a 19;8.Sin especificar;2.Secundaria/Polimodal Incompleta;2.2500 gramos y más;6
22;2;2;4.25 a 29;3.24 a 27;3.Secundario/Polimodal Completa y más;1.Menos de 2500 gramos;1
74;1;2;3.20 a 24;7.42 y más;1.Hasta Primaria/C.EGB Completa;2.2500 gramos y más;5
94;2;2;3.20 a 24;5.32 a 36;2.Secundaria/Polimodal Incompleta;1.Menos de 2500 gramos;3
42;1;1;5.30 a 34;5.32 a 36;3.Secundario/Polimodal Completa y más;1.Menos de 2500 gramos;13
22;1;1;5.30 a 34;5.32 a 36;2.Secundaria/Polimodal Incompleta;2.2500 gramos y más;7
58;1;2;7.40 a 44;5.32 a 36;3.Secundario/Polimodal Completa y más;1.Menos de 2500 gramos;3
18;1;1;7.40 a 44;5.32 a 36;4.Sin especificar;1.Menos de 2500 gramos;2
86;1;1;5.30 a 34;6.37 a 41;4.Sin especificar;2.2500 gramos y más;6
94;1;1;6.35 a 39;5.32 a 36;3.Secundario/Polimodal Completa y más;1.Menos de 2500 gramos;4
99;9;2;3.20 a 24;6.37 a 41;4.Sin especificar;2.2500 gramos y más;23
22;2;2;2.15 a 19;4.28 a 31;1.Hasta Primaria/C.EGB Completa;1.Menos de 2500 gramos;2
18;1;2;5.30 a 34;8.Sin especificar;3.Secundario/Polimodal Completa y más;2.2500 gramos y más;1
70;1;1;4.25 a 29;5.32 a 36;2.Secundaria/Polimodal Incompleta;1.Menos de 2500 gramos;10
94;1;1;9.Sin especificar;8.Sin especificar;4.Sin especificar;3.Sin especificar;1
58;2;1;2.15 a 19;5.32 a 36;2.Secundaria/Polimodal Incompleta;1.Menos de 2500 gramos;1
22;1;1;5.30 a 34;6.37 a 41;3.Secundario/Polimodal Completa y más;2.2500 gramos y más;849
38;1;2;3.20 a 24;5.32 a 36;2.Secundaria/Polimodal Incompleta;1.Menos de 2500 gramos;4
30;1;2;2.15 a 19;3.24 a 27;1.Hasta Primaria/C.EGB Completa;1.Menos de 2500 gramos;1
06;9;1;7.40 a 44;5.32 a 36;3.Secundario/Polimodal Completa y más;1.Menos de 2500 gramos;1
86;1;1;6.35 a 39;6.37 a 41;3.Secundario/Polimodal Completa y más;1.Menos de 2500 gramos;7
18;2;1;2.15 a 19;6.37 a 41;4.Sin especificar;2.2500 gramos y más;2
50;2;1;4.25 a 29;5.32 a 36;1.Hasta Primaria/C.EGB Completa;1.Menos de 2500 gramos;2
58;1;2;2.15 a 19;6.37 a 41;1.Hasta Primaria/C.EGB Completa;1.Menos de 2500 gramos;2
82;1;2;6.35 a 39;8.Sin especificar;3.Secundario/Polimodal Completa y más;3.Sin especificar;1
70;1;1;5.30 a 34;5.32 a 36;3.Secundario/Polimodal Completa y más;2.2500 gramos y más;10
70;1;2;6.35 a 39;5.32 a 36;1.Hasta Primaria/C.EGB Completa;2.2500 gramos y más;2
62;1;1;4.25 a 29;5.32 a 36;1.Hasta Primaria/C.EGB Completa;1.Menos de 2500 gramos;4
02;1;2;4.25 a 29;5.32 a 36;2.Secundaria/Polimodal Incompleta;2.2500 gramos y más;5
66;1;2;4.25 a 29;8.Sin especificar;4.Sin especificar;3.Sin especificar;1
90;1;1;5.30 a 34;6.37 a 41;4.Sin especificar;2.2500 gramos y más;5
22;1;2;3.20 a 24;5.32 a 36;4.Sin especificar;1.Menos de 2500 gramos;1
22;1;1;6.35 a 39;5.32 a 36;2.Secundaria/Polimodal Incompleta;1.Menos de 2500 gramos;9
18;1;1;4.25 a 29;3.24 a 27;3.Secundario/Polimodal Completa y más;1.Menos de 2500 gramos;2
94;1;2;2.15 a 19;6.37 a 41;1.Hasta Primaria/C.EGB Completa;2.2500 gramos y más;1
06;1;2;6.35 a 39;4.28 a 31;2.Secundaria/Polimodal Incompleta;1.Menos de 2500 gramos;17
82;2;2;3.20 a 24;4.28 a 31;3.Secundario/Polimodal Completa y más;1.Menos de 2500 gramos;2
78;1;2;3.20 a 24;5.32 a 36;1.Hasta Primaria/C.EGB Completa;1.Menos de 2500 gramos;1
02;9;2;3.20 a 24;5.32 a 36;3.Secundario/Polimodal Completa y más;1.Menos de 2500 gramos;1
22;2;2;5.30 a 34;6.37 a 41;3.Secundario/Polimodal Completa y más;1.Menos de 2500 gramos;6
38;1;1;3.20 a 24;2.22 a 23;2.Secundaria/Polimodal Incompleta;1.Menos de 2500 gramos;1
02;1;1;9.Sin especificar;6.37 a 41;4.Sin especificar;2.2500 gramos y más;3
30;1;1;5.30 a 34;6.37 a 41;1.Hasta Primaria/C.EGB Completa;2.2500 gramos y más;203
14;1;1;9.Sin especificar;8.Sin especificar;3.Secundario/Polimodal Completa y más;2.2500 gramos y más;1
74;1;2;3.20 a 24;6.37 a 41;2.Secundaria/Polimodal Incompleta;1.Menos de 2500 gramos;6
99;9;2;5.30 a 34;6.37 a 41;4.Sin especificar;2.2500 gramos y más;19
82;1;2;3.20 a 24;4.28 a 31;4.Sin especificar;1.Menos de 2500 gramos;1
90;1;2;2.15 a 19;5.32 a 36;2.Secundaria/Polimodal Incompleta;1.Menos de 2500 gramos;22
26;1;1;8.De 45 y más;6.37 a 41;1.Hasta Primaria/C.EGB Completa;1.Menos de 2500 gramos;1
14;1;1;5.30 a 34;8.Sin especificar;3.Secundario/Polimodal Completa y más;3.Sin especificar;2
02;1;2;4.25 a 29;6.37 a 41;1.Hasta Primaria/C.EGB Completa;2.2500 gramos y más;319
54;1;2;9.Sin especificar;6.37 a 41;1.Hasta Primaria/C.EGB Completa;2.2500 gramos y más;3
46;1;1;7.40 a 44;4.28 a 31;3.Secundario/Polimodal Completa y más;1.Menos de 2500 gramos;1
06;1;1;4.25 a 29;6.37 a 41;3.Secundario/Polimodal Completa y más;2.2500 gramos y más;12051
06;1;1;2.15 a 19;8.Sin especificar;4.Sin especificar;1.Menos de 2500 gramos;1
30;1;1;7.40 a 44;6.37 a 41;2.Secundaria/Polimodal Incompleta;2.2500 gramos y más;48
02;1;1;8.De 45 y más;6.37 a 41;4.Sin especificar;2.2500 gramos y más;17
58;1;1;4.25 a 29;8.Sin especificar;3.Secundario/Polimodal Completa y más;3.Sin especificar;1
86;1;2;6.35 a 39;6.37 a 41;2.Secundaria/Polimodal Incompleta;2.2500 gramos y más;106
78;1;1;3.20 a 24;6.37 a 41;2.Secundaria/Polimodal Incompleta;2.2500 gramos y más;181
22;1;2;5.30 a 34;6.37 a 41;2.Secundaria/Polimodal Incompleta;3.Sin especificar;1
34;1;1;7.40 a 44;6.37 a 41;1.Hasta Primaria/C.EGB Completa;2.2500 gramos y más;20
06;2;1;2.15 a 19;6.37 a 41;3.Secundario/Polimodal Completa y más;1.Menos de 2500 gramos;2
30;1;2;3.20 a 24;4.28 a 31;1.Hasta Primaria/C.EGB Completa;1.Menos de 2500 gramos;2
82;1;2;2.15 a 19;6.37 a 41;1.Hasta Primaria/C.EGB Completa;1.Menos de 2500 gramos;14
18;1;2;3.20 a 24;5.32 a 36;4.Sin especificar;2.2500 gramos y más;21
99;2;2;3.20 a 24;6.37 a 41;1.Hasta Primaria/C.EGB Completa;1.Menos de 2500 gramos;1
94;1;1;3.20 a 24;3.24 a 27;3.Secundario/Polimodal Completa y más;1.Menos de 2500 gramos;2
50;2;2;5.30 a 34;6.37 a 41;3.Secundario/Polimodal Completa y más;1.Menos de 2500 gramos;5
90;2;2;3.20 a 24;6.37 a 41;2.Secundaria/Polimodal Incompleta;2.2500 gramos y más;4
06;1;1;4.25 a 29;7.42 y más;4.Sin especificar;2.2500 gramos y más;4
82;1;1;3.20 a 24;5.32 a 36;4.Sin especificar;2.2500 gramos y más;2
38;1;1;6.35 a 39;5.32 a 36;3.Secundario/Polimodal Completa y más;2.2500 gramos y más;17
74;2;1;3.20 a 24;6.37 a 41;3.Secundario/Polimodal Completa y más;2.2500 gramos y más;1
10;1;2;3.20 a 24;5.32 a 36;2.Secundaria/Polimodal Incompleta;1.Menos de 2500 gramos;1
74;1;1;6.35 a 39;3.24 a 27;3.Secundario/Polimodal Completa y más;1.Menos de 2500 gramos;1
62;1;2;6.35 a 39;6.37 a 41;3.Secundario/Polimodal Completa y más;1.Menos de 2500 gramos;17
34;1;1;3.20 a 24;5.32 a 36;4.Sin especificar;1.Menos de 2500 gramos;21
14;1;2;3.20 a 24;4.28 a 31;2.Secundaria/Polimodal Incompleta;2.2500 gramos y más;2
14;1;2;5.30 a 34;4.28 a 31;1.Hasta Primaria/C.EGB Completa;1.Menos de 2500 gramos;4
02;9;2;7.40 a 44;5.32 a 36;4.Sin especificar;2.2500 gramos y más;2
06;1;2;3.20 a 24;2.22 a 23;3.Secundario/Polimodal Completa y más;1.Menos de 2500 gramos;2
42;1;2;5.30 a 34;5.32 a 36;2.Secundaria/Polimodal Incompleta;2.2500 gramos y más;6
74;1;1;3.20 a 24;5.32 a 36;2.Secundaria/Polimodal Incompleta;2.2500 gramos y más;9
18;2;1;6.35 a 39;6.37 a 41;2.Secundaria/Polimodal Incompleta;2.2500 gramos y más;2
82;1;2;2.15 a 19;6.37 a 41;1.Hasta Primaria/C.EGB Completa;2.2500 gramos y más;439
46;1;2;6.35 a 39;5.32 a 36;2.Secundaria/Polimodal Incompleta;1.Menos de 2500 gramos;1
30;1;1;6.35 a 39;7.42 y más;3.Secundario/Polimodal Completa y más;2.2500 gramos y más;1
86;1;2;2.15 a 19;6.37 a 41;3.Secundario/Polimodal Completa y más;2.2500 gramos y más;110
06;2;1;2.15 a 19;6.37 a 41;3.Secundario/Polimodal Completa y más;2.2500 gramos y más;9
06;2;1;5.30 a 34;4.28 a 31;1.Hasta Primaria/C.EGB Completa;1.Menos de 2500 gramos;5
06;1;2;9.Sin especificar;8.Sin especificar;3.Secundario/Polimodal Completa y más;3.Sin especificar;18
30;1;1;2.15 a 19;5.32 a 36;2.Secundaria/Polimodal Incompleta;2.2500 gramos y más;13
26;1;2;6.35 a 39;5.32 a 36;2.Secundaria/Polimodal Incompleta;2.2500 gramos y más;3
06;1;2;3.20 a 24;5.32 a 36;4.Sin especificar;2.2500 gramos y más;25
06;9;1;5.30 a 34;5.32 a 36;4.Sin especificar;3.Sin especificar;1
18;1;2;4.25 a 29;8.Sin especificar;1.Hasta Primaria/C.EGB Completa;3.Sin especificar;1
06;1;9;1.Menor de 15;6.37 a 41;1.Hasta Primaria/C.EGB Completa;2.2500 gramos y más;1
82;1;1;4.25 a 29;4.28 a 31;1.Hasta Primaria/C.EGB Completa;1.Menos de 2500 gramos;4
02;2;2;7.40 a 44;5.32 a 36;3.Secundario/Polimodal Completa y más;2.2500 gramos y más;5
82;1;1;1.Menor de 15;2.22 a 23;2.Secundaria/Polimodal Incompleta;1.Menos de 2500 gramos;1
30;1;1;2.15 a 19;8.Sin especificar;3.Secundario/Polimodal Completa y más;3.Sin especificar;1
18;1;2;4.25 a 29;4.28 a 31;2.Secundaria/Polimodal Incompleta;1.Menos de 2500 gramos;4
46;1;2;4.25 a 29;4.28 a 31;3.Secundario/Polimodal Completa y más;1.Menos de 2500 gramos;2
62;1;1;2.15 a 19;3.24 a 27;2.Secundaria/Polimodal Incompleta;1.Menos de 2500 gramos;2
06;2;2;9.Sin especificar;5.32 a 36;4.Sin especificar;2.2500 gramos y más;2
14;1;1;1.Menor de 15;3.24 a 27;1.Hasta Primaria/C.EGB Completa;1.Menos de 2500 gramos;1
70;2;2;3.20 a 24;5.32 a 36;1.Hasta Primaria/C.EGB Completa;1.Menos de 2500 gramos;2
22;1;2;2.15 a 19;4.28 a 31;1.Hasta Primaria/C.EGB Completa;1.Menos de 2500 gramos;2
42;1;1;7.40 a 44;5.32 a 36;1.Hasta Primaria/C.EGB Completa;1.Menos de 2500 gramos;1
66;1;1;5.30 a 34;8.Sin especificar;1.Hasta Primaria/C.EGB Completa;2.2500 gramos y más;4
02;1;2;2.15 a 19;6.37 a 41;1.Hasta Primaria/C.EGB Completa;1.Menos de 2500 gramos;3
06;2;2;6.35 a 39;6.37 a 41;2.Secundaria/Polimodal Incompleta;1.Menos de 2500 gramos;11
66;2;2;7.40 a 44;6.37 a 41;4.Sin especificar;1.Menos de 2500 gramos;1
22;2;1;4.25 a 29;5.32 a 36;3.Secundario/Polimodal Completa y más;2.2500 gramos y más;2
62;1;1;7.40 a 44;6.37 a 41;1.Hasta Primaria/C.EGB Completa;1.Menos de 2500 gramos;1
02;1;2;9.Sin especificar;5.32 a 36;3.Secundario/Polimodal Completa y más;2.2500 gramos y más;1
14;1;2;2.15 a 19;2.22 a 23;2.Secundaria/Polimodal Incompleta;1.Menos de 2500 gramos;1
06;1;1;2.15 a 19;7.42 y más;2.Secundaria/Polimodal Incompleta;2.2500 gramos y más;30
70;2;2;5.30 a 34;5.32 a 36;3.Secundario/Polimodal Completa y más;2.2500 gramos y más;2
38;1;2;5.30 a 34;5.32 a 36;1.Hasta Primaria/C.EGB Completa;2.2500 gramos y más;4
62;1;2;4.25 a 29;5.32 a 36;1.Hasta Primaria/C.EGB Completa;1.Menos de 2500 gramos;2
70;1;1;5.30 a 34;6.37 a 41;1.Hasta Primaria/C.EGB Completa;2.2500 gramos y más;151
06;9;1;4.25 a 29;6.37 a 41;3.Secundario/Polimodal Completa y más;2.2500 gramos y más;9
58;1;1;6.35 a 39;8.Sin especificar;3.Secundario/Polimodal Completa y más;1.Menos de 2500 gramos;1
62;2;2;3.20 a 24;4.28 a 31;2.Secundaria/Polimodal Incompleta;1.Menos de 2500 gramos;2
18;1;1;2.15 a 19;6.37 a 41;1.Hasta Primaria/C.EGB Completa;1.Menos de 2500 gramos;6
50;2;1;3.20 a 24;6.37 a 41;2.Secundaria/Polimodal Incompleta;2.2500 gramos y más;7
34;1;2;6.35 a 39;6.37 a 41;4.Sin especificar;2.2500 gramos y más;111
18;1;2;5.30 a 34;5.32 a 36;3.Secundario/Polimodal Completa y más;2.2500 gramos y más;25
18;1;2;2.15 a 19;5.32 a 36;4.Sin especificar;2.2500 gramos y más;13
54;2;2;2.15 a 19;4.28 a 31;2.Secundaria/Polimodal Incompleta;1.Menos de 2500 gramos;1
58;1;2;6.35 a 39;5.32 a 36;3.Secundario/Polimodal Completa y más;1.Menos de 2500 gramos;19
86;1;9;4.25 a 29;6.37 a 41;1.Hasta Primaria/C.EGB Completa;2.2500 gramos y más;2
54;1;2;8.De 45 y más;6.37 a 41;1.Hasta Primaria/C.EGB Completa;2.2500 gramos y más;9
18;1;1;4.25 a 29;4.28 a 31;2.Secundaria/Polimodal Incompleta;1.Menos de 2500 gramos;5
02;2;2;7.40 a 44;5.32 a 36;4.Sin especificar;2.2500 gramos y más;1
10;1;1;2.15 a 19;4.28 a 31;2.Secundaria/Polimodal Incompleta;1.Menos de 2500 gramos;3
50;2;1;4.25 a 29;5.32 a 36;3.Secundario/Polimodal Completa y más;1.Menos de 2500 gramos;12
86;1;2;2.15 a 19;6.37 a 41;3.Secundario/Polimodal Completa y más;1.Menos de 2500 gramos;1
14;1;1;2.15 a 19;4.28 a 31;2.Secundaria/Polimodal Incompleta;2.2500 gramos y más;1
18;1;1;6.35 a 39;8.Sin especificar;2.Secundaria/Polimodal Incompleta;3.Sin especificar;1
46;1;2;6.35 a 39;5.32 a 36;2.Secundaria/Polimodal Incompleta;2.2500 gramos y más;3
22;2;1;4.25 a 29;6.37 a 41;4.Sin especificar;2.2500 gramos y más;1
62;1;1;8.De 45 y más;6.37 a 41;2.Secundaria/Polimodal Incompleta;2.2500 gramos y más;2
02;2;1;4.25 a 29;6.37 a 41;3.Secundario/Polimodal Completa y más;2.2500 gramos y más;8
14;1;1;9.Sin especificar;5.32 a 36;1.Hasta Primaria/C.EGB Completa;1.Menos de 2500 gramos;3
14;1;2;5.30 a 34;5.32 a 36;3.Secundario/Polimodal Completa y más;3.Sin especificar;1
06;1;1;4.25 a 29;7.42 y más;1.Hasta Primaria/C.EGB Completa;3.Sin especificar;1
22;1;2;2.15 a 19;3.24 a 27;3.Secundario/Polimodal Completa y más;1.Menos de 2500 gramos;1
18;2;2;6.35 a 39;6.37 a 41;4.Sin especificar;1.Menos de 2500 gramos;1
99;9;1;9.Sin especificar;6.37 a 41;4.Sin especificar;2.2500 gramos y más;3
42;1;2;8.De 45 y más;5.32 a 36;2.Secundaria/Polimodal Incompleta;1.Menos de 2500 gramos;1
02;1;2;4.25 a 29;8.Sin especificar;3.Secundario/Polimodal Completa y más;2.2500 gramos y más;1
86;2;1;4.25 a 29;5.32 a 36;1.Hasta Primaria/C.EGB Completa;2.2500 gramos y más;2
06;1;9;7.40 a 44;6.37 a 41;4.Sin especificar;2.2500 gramos y más;7
54;2;2;4.25 a 29;5.32 a 36;4.Sin especificar;1.Menos de 2500 gramos;1
14;1;1;3.20 a 24;8.Sin especificar;2.Secundaria/Polimodal Incompleta;2.2500 gramos y más;3
74;1;1;6.35 a 39;5.32 a 36;4.Sin especificar;1.Menos de 2500 gramos;1
34;1;1;2.15 a 19;6.37 a 41;4.Sin especificar;1.Menos de 2500 gramos;3
74;1;1;4.25 a 29;3.24 a 27;3.Secundario/Polimodal Completa y más;1.Menos de 2500 gramos;1
30;1;1;5.30 a 34;8.Sin especificar;1.Hasta Primaria/C.EGB Completa;3.Sin especificar;1
82;1;2;9.Sin especificar;8.Sin especificar;3.Secundario/Polimodal Completa y más;2.2500 gramos y más;2
58;2;1;6.35 a 39;5.32 a 36;3.Secundario/Polimodal Completa y más;1.Menos de 2500 gramos;5
54;1;1;6.35 a 39;4.28 a 31;1.Hasta Primaria/C.EGB Completa;1.Menos de 2500 gramos;4
30;2;2;4.25 a 29;5.32 a 36;1.Hasta Primaria/C.EGB Completa;1.Menos de 2500 gramos;2
14;1;1;5.30 a 34;6.37 a 41;4.Sin especificar;2.2500 gramos y más;36
30;1;1;2.15 a 19;8.Sin especificar;2.Secundaria/Polimodal Incompleta;3.Sin especificar;1
30;1;2;7.40 a 44;5.32 a 36;2.Secundaria/Polimodal Incompleta;2.2500 gramos y más;1
34;2;1;5.30 a 34;5.32 a 36;2.Secundaria/Polimodal Incompleta;1.Menos de 2500 gramos;3
18;1;2;5.30 a 34;8.Sin especificar;1.Hasta Primaria/C.EGB Completa;2.2500 gramos y más;1
22;1;1;3.20 a 24;7.42 y más;2.Secundaria/Polimodal Incompleta;2.2500 gramos y más;3
66;1;1;3.20 a 24;5.32 a 36;3.Secundario/Polimodal Completa y más;1.Menos de 2500 gramos;37
74;1;2;6.35 a 39;6.37 a 41;1.Hasta Primaria/C.EGB Completa;2.2500 gramos y más;28
78;2;1;3.20 a 24;3.24 a 27;1.Hasta Primaria/C.EGB Completa;1.Menos de 2500 gramos;2
90;1;1;5.30 a 34;8.Sin especificar;3.Secundario/Polimodal Completa y más;1.Menos de 2500 gramos;1
82;1;1;6.35 a 39;6.37 a 41;2.Secundaria/Polimodal Incompleta;1.Menos de 2500 gramos;6
99;1;2;6.35 a 39;7.42 y más;3.Secundario/Polimodal Completa y más;2.2500 gramos y más;1
58;2;2;6.35 a 39;4.28 a 31;3.Secundario/Polimodal Completa y más;1.Menos de 2500 gramos;3
22;1;1;3.20 a 24;8.Sin especificar;1.Hasta Primaria/C.EGB Completa;2.2500 gramos y más;3
06;2;1;4.25 a 29;4.28 a 31;1.Hasta Primaria/C.EGB Completa;1.Menos de 2500 gramos;1
26;1;1;7.40 a 44;4.28 a 31;3.Secundario/Polimodal Completa y más;1.Menos de 2500 gramos;2
22;1;1;3.20 a 24;8.Sin especificar;3.Secundario/Polimodal Completa y más;2.2500 gramos y más;5
06;1;9;6.35 a 39;6.37 a 41;4.Sin especificar;2.2500 gramos y más;19
82;2;1;2.15 a 19;6.37 a 41;2.Secundaria/Polimodal Incompleta;1.Menos de 2500 gramos;2
02;2;2;3.20 a 24;6.37 a 41;4.Sin especificar;1.Menos de 2500 gramos;1
14;2;1;4.25 a 29;5.32 a 36;3.Secundario/Polimodal Completa y más;2.2500 gramos y más;8
90;1;1;4.25 a 29;4.28 a 31;2.Secundaria/Polimodal Incompleta;1.Menos de 2500 gramos;5
14;1;1;5.30 a 34;4.28 a 31;3.Secundario/Polimodal Completa y más;2.2500 gramos y más;2
18;1;2;6.35 a 39;7.42 y más;4.Sin especificar;2.2500 gramos y más;2
99;9;1;9.Sin especificar;8.Sin especificar;4.Sin especificar;3.Sin especificar;3
06;1;2;3.20 a 24;1.Menos de 22;3.Secundario/Polimodal Completa y más;1.Menos de 2500 gramos;1
14;2;2;3.20 a 24;5.32 a 36;1.Hasta Primaria/C.EGB Completa;2.2500 gramos y más;2
90;1;1;4.25 a 29;8.Sin especificar;3.Secundario/Polimodal Completa y más;2.2500 gramos y más;15
06;1;2;7.40 a 44;7.42 y más;4.Sin especificar;2.2500 gramos y más;2
54;1;2;3.20 a 24;5.32 a 36;3.Secundario/Polimodal Completa y más;1.Menos de 2500 gramos;27
22;1;1;1.Menor de 15;5.32 a 36;1.Hasta Primaria/C.EGB Completa;1.Menos de 2500 gramos;3
10;1;2;4.25 a 29;6.37 a 41;1.Hasta Primaria/C.EGB Completa;2.2500 gramos y más;51
02;1;1;7.40 a 44;6.37 a 41;4.Sin especificar;1.Menos de 2500 gramos;1
22;1;1;5.30 a 34;8.Sin especificar;1.Hasta Primaria/C.EGB Completa;2.2500 gramos y más;2
90;1;1;4.25 a 29;7.42 y más;1.Hasta Primaria/C.EGB Completa;2.2500 gramos y más;37
18;1;1;7.40 a 44;4.28 a 31;2.Secundaria/Polimodal Incompleta;1.Menos de 2500 gramos;1
14;2;1;4.25 a 29;3.24 a 27;3.Secundario/Polimodal Completa y más;1.Menos de 2500 gramos;2
82;2;1;6.35 a 39;6.37 a 41;1.Hasta Primaria/C.EGB Completa;1.Menos de 2500 gramos;2
18;1;1;5.30 a 34;6.37 a 41;3.Secundario/Polimodal Completa y más;1.Menos de 2500 gramos;12
18;2;2;5.30 a 34;5.32 a 36;2.Secundaria/Polimodal Incompleta;2.2500 gramos y más;1
66;1;1;7.40 a 44;6.37 a 41;3.Secundario/Polimodal Completa y más;2.2500 gramos y más;182
66;1;2;5.30 a 34;4.28 a 31;1.Hasta Primaria/C.EGB Completa;1.Menos de 2500 gramos;1
82;2;2;4.25 a 29;6.37 a 41;2.Secundaria/Polimodal Incompleta;1.Menos de 2500 gramos;9
50;1;1;7.40 a 44;5.32 a 36;3.Secundario/Polimodal Completa y más;2.2500 gramos y más;8
90;2;2;4.25 a 29;6.37 a 41;2.Secundaria/Polimodal Incompleta;2.2500 gramos y más;2
30;2;1;5.30 a 34;6.37 a 41;1.Hasta Primaria/C.EGB Completa;1.Menos de 2500 gramos;1
94;1;2;5.30 a 34;4.28 a 31;3.Secundario/Polimodal Completa y más;1.Menos de 2500 gramos;1
42;2;1;4.25 a 29;6.37 a 41;2.Secundaria/Polimodal Incompleta;2.2500 gramos y más;1
14;2;1;2.15 a 19;6.37 a 41;3.Secundario/Polimodal Completa y más;2.2500 gramos y más;1
82;2;1;4.25 a 29;5.32 a 36;1.Hasta Primaria/C.EGB Completa;1.Menos de 2500 gramos;10
38;2;1;4.25 a 29;4.28 a 31;3.Secundario/Polimodal Completa y más;1.Menos de 2500 gramos;1
22;1;2;5.30 a 34;6.37 a 41;1.Hasta Primaria/C.EGB Completa;1.Menos de 2500 gramos;18
54;1;1;5.30 a 34;6.37 a 41;4.Sin especificar;1.Menos de 2500 gramos;2
78;1;1;4.25 a 29;6.37 a 41;3.Secundario/Polimodal Completa y más;2.2500 gramos y más;310
66;2;2;3.20 a 24;5.32 a 36;3.Secundario/Polimodal Completa y más;2.2500 gramos y más;1
90;2;2;4.25 a 29;5.32 a 36;3.Secundario/Polimodal Completa y más;1.Menos de 2500 gramos;15
06;1;2;6.35 a 39;7.42 y más;3.Secundario/Polimodal Completa y más;2.2500 gramos y más;21
02;1;1;8.De 45 y más;5.32 a 36;1.Hasta Primaria/C.EGB Completa;1.Menos de 2500 gramos;1
06;1;2;2.15 a 19;5.32 a 36;4.Sin especificar;3.Sin especificar;1
54;1;2;2.15 a 19;5.32 a 36;2.Secundaria/Polimodal Incompleta;1.Menos de 2500 gramos;24
78;1;2;4.25 a 29;6.37 a 41;2.Secundaria/Polimodal Incompleta;2.2500 gramos y más;158
06;9;2;4.25 a 29;6.37 a 41;2.Secundaria/Polimodal Incompleta;2.2500 gramos y más;3
82;1;2;6.35 a 39;6.37 a 41;1.Hasta Primaria/C.EGB Completa;1.Menos de 2500 gramos;16
90;1;2;6.35 a 39;5.32 a 36;1.Hasta Primaria/C.EGB Completa;1.Menos de 2500 gramos;10
18;2;1;2.15 a 19;4.28 a 31;2.Secundaria/Polimodal Incompleta;1.Menos de 2500 gramos;2
66;1;1;1.Menor de 15;5.32 a 36;2.Secundaria/Polimodal Incompleta;2.2500 gramos y más;1
06;2;9;2.15 a 19;6.37 a 41;2.Secundaria/Polimodal Incompleta;1.Menos de 2500 gramos;1
06;1;2;7.40 a 44;4.28 a 31;1.Hasta Primaria/C.EGB Completa;1.Menos de 2500 gramos;5
90;2;2;5.30 a 34;4.28 a 31;3.Secundario/Polimodal Completa y más;1.Menos de 2500 gramos;4
06;1;9;5.30 a 34;6.37 a 41;3.Secundario/Polimodal Completa y más;1.Menos de 2500 gramos;1
02;1;2;6.35 a 39;5.32 a 36;1.Hasta Primaria/C.EGB Completa;1.Menos de 2500 gramos;6
30;1;1;7.40 a 44;6.37 a 41;3.Secundario/Polimodal Completa y más;2.2500 gramos y más;224
58;1;1;6.35 a 39;6.37 a 41;4.Sin especificar;2.2500 gramos y más;2
14;1;1;2.15 a 19;4.28 a 31;3.Secundario/Polimodal Completa y más;1.Menos de 2500 gramos;4
18;1;1;4.25 a 29;3.24 a 27;4.Sin especificar;1.Menos de 2500 gramos;1
22;2;2;4.25 a 29;6.37 a 41;1.Hasta Primaria/C.EGB Completa;1.Menos de 2500 gramos;1
42;1;1;4.25 a 29;6.37 a 41;3.Secundario/Polimodal Completa y más;2.2500 gramos y más;305
34;2;2;2.15 a 19;6.37 a 41;3.Secundario/Polimodal Completa y más;2.2500 gramos y más;1
90;2;2;4.25 a 29;5.32 a 36;3.Secundario/Polimodal Completa y más;2.2500 gramos y más;4
06;1;1;9.Sin especificar;6.37 a 41;3.Secundario/Polimodal Completa y más;3.Sin especificar;19
18;2;2;5.30 a 34;4.28 a 31;3.Secundario/Polimodal Completa y más;1.Menos de 2500 gramos;1
70;1;2;6.35 a 39;5.32 a 36;2.Secundaria/Polimodal Incompleta;1.Menos de 2500 gramos;3
90;2;2;3.20 a 24;3.24 a 27;3.Secundario/Polimodal Completa y más;1.Menos de 2500 gramos;1
86;2;2;4.25 a 29;5.32 a 36;3.Secundario/Polimodal Completa y más;2.2500 gramos y más;2
78;2;1;4.25 a 29;6.37 a 41;2.Secundaria/Polimodal Incompleta;2.2500 gramos y más;3
18;1;1;2.15 a 19;6.37 a 41;1.Hasta Primaria/C.EGB Completa;2.2500 gramos y más;170
99;2;9;3.20 a 24;6.37 a 41;2.Secundaria/Polimodal Incompleta;1.Menos de 2500 gramos;1
02;9;2;1.Menor de 15;6.37 a 41;4.Sin especificar;2.2500 gramos y más;1
54;1;2;6.35 a 39;6.37 a 41;3.Secundario/Polimodal Completa y más;2.2500 gramos y más;407
06;1;2;4.25 a 29;4.28 a 31;1.Hasta Primaria/C.EGB Completa;2.2500 gramos y más;1
18;1;2;5.30 a 34;3.24 a 27;2.Secundaria/Polimodal Incompleta;1.Menos de 2500 gramos;2
78;1;2;6.35 a 39;5.32 a 36;3.Secundario/Polimodal Completa y más;1.Menos de 2500 gramos;2
02;1;2;5.30 a 34;6.37 a 41;3.Secundario/Polimodal Completa y más;2.2500 gramos y más;2606
54;2;1;2.15 a 19;5.32 a 36;1.Hasta Primaria/C.EGB Completa;1.Menos de 2500 gramos;2
70;2;1;3.20 a 24;6.37 a 41;1.Hasta Primaria/C.EGB Completa;2.2500 gramos y más;4
22;1;2;4.25 a 29;6.37 a 41;2.Secundaria/Polimodal Incompleta;2.2500 gramos y más;373
74;1;1;6.35 a 39;6.37 a 41;3.Secundario/Polimodal Completa y más;2.2500 gramos y más;271
94;1;1;4.25 a 29;6.37 a 41;3.Secundario/Polimodal Completa y más;2.2500 gramos y más;193
22;1;2;2.15 a 19;6.37 a 41;1.Hasta Primaria/C.EGB Completa;2.2500 gramos y más;332
06;2;2;5.30 a 34;6.37 a 41;2.Secundaria/Polimodal Incompleta;2.2500 gramos y más;19
74;1;2;5.30 a 34;6.37 a 41;3.Secundario/Polimodal Completa y más;2.2500 gramos y más;418
02;9;1;3.20 a 24;5.32 a 36;4.Sin especificar;1.Menos de 2500 gramos;2
10;1;2;8.De 45 y más;6.37 a 41;1.Hasta Primaria/C.EGB Completa;2.2500 gramos y más;1
46;1;2;3.20 a 24;2.22 a 23;3.Secundario/Polimodal Completa y más;1.Menos de 2500 gramos;1
66;1;2;8.De 45 y más;5.32 a 36;4.Sin especificar;1.Menos de 2500 gramos;1
66;1;2;5.30 a 34;6.37 a 41;3.Secundario/Polimodal Completa y más;2.2500 gramos y más;1038
46;1;1;4.25 a 29;4.28 a 31;3.Secundario/Polimodal Completa y más;2.2500 gramos y más;1
62;1;1;4.25 a 29;6.37 a 41;3.Secundario/Polimodal Completa y más;3.Sin especificar;1
02;9;1;4.25 a 29;5.32 a 36;4.Sin especificar;3.Sin especificar;1
02;1;1;1.Menor de 15;6.37 a 41;1.Hasta Primaria/C.EGB Completa;2.2500 gramos y más;1
02;1;2;6.35 a 39;5.32 a 36;3.Secundario/Polimodal Completa y más;2.2500 gramos y más;85
26;2;2;5.30 a 34;4.28 a 31;3.Secundario/Polimodal Completa y más;1.Menos de 2500 gramos;1
34;2;2;2.15 a 19;6.37 a 41;2.Secundaria/Polimodal Incompleta;2.2500 gramos y más;1
74;1;2;6.35 a 39;6.37 a 41;4.Sin especificar;2.2500 gramos y más;11
50;2;1;3.20 a 24;5.32 a 36;2.Secundaria/Polimodal Incompleta;2.2500 gramos y más;1
14;1;1;7.40 a 44;7.42 y más;2.Secundaria/Polimodal Incompleta;1.Menos de 2500 gramos;1
86;1;1;6.35 a 39;5.32 a 36;3.Secundario/Polimodal Completa y más;1.Menos de 2500 gramos;16
18;1;2;6.35 a 39;6.37 a 41;4.Sin especificar;2.2500 gramos y más;113
50;1;1;8.De 45 y más;6.37 a 41;3.Secundario/Polimodal Completa y más;1.Menos de 2500 gramos;1
02;1;1;5.30 a 34;7.42 y más;3.Secundario/Polimodal Completa y más;2.2500 gramos y más;1
30;1;1;3.20 a 24;8.Sin especificar;1.Hasta Primaria/C.EGB Completa;2.2500 gramos y más;2
26;1;2;7.40 a 44;4.28 a 31;1.Hasta Primaria/C.EGB Completa;1.Menos de 2500 gramos;2
62;1;1;4.25 a 29;5.32 a 36;1.Hasta Primaria/C.EGB Completa;2.2500 gramos y más;8
38;1;2;2.15 a 19;3.24 a 27;2.Secundaria/Polimodal Incompleta;1.Menos de 2500 gramos;1
30;1;1;2.15 a 19;3.24 a 27;2.Secundaria/Polimodal Incompleta;1.Menos de 2500 gramos;1
18;1;1;2.15 a 19;4.28 a 31;2.Secundaria/Polimodal Incompleta;2.2500 gramos y más;1
34;1;1;2.15 a 19;5.32 a 36;2.Secundaria/Polimodal Incompleta;1.Menos de 2500 gramos;12
06;1;1;5.30 a 34;7.42 y más;2.Secundaria/Polimodal Incompleta;2.2500 gramos y más;21
38;1;1;5.30 a 34;3.24 a 27;3.Secundario/Polimodal Completa y más;1.Menos de 2500 gramos;3
54;1;2;3.20 a 24;6.37 a 41;2.Secundaria/Polimodal Incompleta;1.Menos de 2500 gramos;14
02;1;1;6.35 a 39;5.32 a 36;1.Hasta Primaria/C.EGB Completa;1.Menos de 2500 gramos;9
02;1;2;5.30 a 34;6.37 a 41;2.Secundaria/Polimodal Incompleta;3.Sin especificar;1
18;1;1;2.15 a 19;5.32 a 36;1.Hasta Primaria/C.EGB Completa;1.Menos de 2500 gramos;2
34;1;2;6.35 a 39;5.32 a 36;3.Secundario/Polimodal Completa y más;1.Menos de 2500 gramos;6
82;1;2;2.15 a 19;4.28 a 31;1.Hasta Primaria/C.EGB Completa;1.Menos de 2500 gramos;5
06;2;2;9.Sin especificar;8.Sin especificar;4.Sin especificar;3.Sin especificar;17
46;1;1;4.25 a 29;6.37 a 41;4.Sin especificar;2.2500 gramos y más;9
86;1;2;6.35 a 39;7.42 y más;2.Secundaria/Polimodal Incompleta;1.Menos de 2500 gramos;1
58;2;2;4.25 a 29;6.37 a 41;3.Secundario/Polimodal Completa y más;2.2500 gramos y más;8
06;1;2;1.Menor de 15;6.37 a 41;2.Secundaria/Polimodal Incompleta;2.2500 gramos y más;65
82;1;1;7.40 a 44;4.28 a 31;2.Secundaria/Polimodal Incompleta;1.Menos de 2500 gramos;2
90;1;1;5.30 a 34;5.32 a 36;3.Secundario/Polimodal Completa y más;2.2500 gramos y más;93
66;1;2;3.20 a 24;8.Sin especificar;3.Secundario/Polimodal Completa y más;2.2500 gramos y más;26
62;1;2;4.25 a 29;7.42 y más;3.Secundario/Polimodal Completa y más;2.2500 gramos y más;1
62;1;2;9.Sin especificar;4.28 a 31;2.Secundaria/Polimodal Incompleta;1.Menos de 2500 gramos;1
02;1;2;7.40 a 44;5.32 a 36;3.Secundario/Polimodal Completa y más;2.2500 gramos y más;29
22;1;1;7.40 a 44;5.32 a 36;2.Secundaria/Polimodal Incompleta;1.Menos de 2500 gramos;6
66;1;1;8.De 45 y más;6.37 a 41;4.Sin especificar;2.2500 gramos y más;2
70;1;1;5.30 a 34;3.24 a 27;3.Secundario/Polimodal Completa y más;3.Sin especificar;1
14;2;1;6.35 a 39;4.28 a 31;3.Secundario/Polimodal Completa y más;1.Menos de 2500 gramos;2
14;2;2;7.40 a 44;6.37 a 41;3.Secundario/Polimodal Completa y más;2.2500 gramos y más;6
86;2;2;7.40 a 44;5.32 a 36;1.Hasta Primaria/C.EGB Completa;1.Menos de 2500 gramos;1
50;1;1;4.25 a 29;2.22 a 23;3.Secundario/Polimodal Completa y más;1.Menos de 2500 gramos;1
14;2;2;3.20 a 24;5.32 a 36;2.Secundaria/Polimodal Incompleta;1.Menos de 2500 gramos;15
06;1;2;7.40 a 44;4.28 a 31;3.Secundario/Polimodal Completa y más;3.Sin especificar;1
06;1;1;2.15 a 19;5.32 a 36;1.Hasta Primaria/C.EGB Completa;2.2500 gramos y más;58
82;1;1;3.20 a 24;4.28 a 31;3.Secundario/Polimodal Completa y más;2.2500 gramos y más;2
06;2;1;6.35 a 39;6.37 a 41;4.Sin especificar;2.2500 gramos y más;4
54;1;2;7.40 a 44;4.28 a 31;3.Secundario/Polimodal Completa y más;1.Menos de 2500 gramos;2
58;2;2;7.40 a 44;6.37 a 41;3.Secundario/Polimodal Completa y más;2.2500 gramos y más;1
50;1;1;3.20 a 24;5.32 a 36;2.Secundaria/Polimodal Incompleta;1.Menos de 2500 gramos;27
74;2;2;3.20 a 24;6.37 a 41;3.Secundario/Polimodal Completa y más;1.Menos de 2500 gramos;2
74;1;1;5.30 a 34;4.28 a 31;3.Secundario/Polimodal Completa y más;1.Menos de 2500 gramos;6
06;2;2;7.40 a 44;5.32 a 36;1.Hasta Primaria/C.EGB Completa;1.Menos de 2500 gramos;10
10;1;1;2.15 a 19;6.37 a 41;1.Hasta Primaria/C.EGB Completa;2.2500 gramos y más;16
06;1;2;2.15 a 19;4.28 a 31;2.Secundaria/Polimodal Incompleta;1.Menos de 2500 gramos;24
78;1;1;3.20 a 24;6.37 a 41;1.Hasta Primaria/C.EGB Completa;2.2500 gramos y más;68
30;1;2;3.20 a 24;6.37 a 41;2.Secundaria/Polimodal Incompleta;2.2500 gramos y más;635
74;1;1;2.15 a 19;5.32 a 36;2.Secundaria/Polimodal Incompleta;1.Menos de 2500 gramos;6
58;1;2;3.20 a 24;5.32 a 36;2.Secundaria/Polimodal Incompleta;1.Menos de 2500 gramos;10
18;1;2;4.25 a 29;5.32 a 36;1.Hasta Primaria/C.EGB Completa;1.Menos de 2500 gramos;1
50;1;2;3.20 a 24;6.37 a 41;2.Secundaria/Polimodal Incompleta;2.2500 gramos y más;956
06;1;1;2.15 a 19;5.32 a 36;2.Secundaria/Polimodal Incompleta;1.Menos de 2500 gramos;169
10;1;1;4.25 a 29;6.37 a 41;2.Secundaria/Polimodal Incompleta;2.2500 gramos y más;83
02;1;1;4.25 a 29;4.28 a 31;4.Sin especificar;1.Menos de 2500 gramos;3
54;1;2;6.35 a 39;4.28 a 31;2.Secundaria/Polimodal Incompleta;1.Menos de 2500 gramos;3
10;1;2;7.40 a 44;6.37 a 41;3.Secundario/Polimodal Completa y más;1.Menos de 2500 gramos;1
34;1;2;3.20 a 24;6.37 a 41;1.Hasta Primaria/C.EGB Completa;2.2500 gramos y más;194
34;1;1;3.20 a 24;5.32 a 36;1.Hasta Primaria/C.EGB Completa;2.2500 gramos y más;8
90;1;2;2.15 a 19;6.37 a 41;3.Secundario/Polimodal Completa y más;2.2500 gramos y más;239
02;1;2;2.15 a 19;5.32 a 36;2.Secundaria/Polimodal Incompleta;1.Menos de 2500 gramos;6
14;1;1;3.20 a 24;6.37 a 41;1.Hasta Primaria/C.EGB Completa;1.Menos de 2500 gramos;12
46;1;2;6.35 a 39;5.32 a 36;3.Secundario/Polimodal Completa y más;2.2500 gramos y más;9
62;2;1;3.20 a 24;5.32 a 36;2.Secundaria/Polimodal Incompleta;2.2500 gramos y más;1
94;1;1;7.40 a 44;3.24 a 27;2.Secundaria/Polimodal Incompleta;1.Menos de 2500 gramos;1
46;1;2;7.40 a 44;4.28 a 31;3.Secundario/Polimodal Completa y más;1.Menos de 2500 gramos;1
30;2;1;4.25 a 29;5.32 a 36;3.Secundario/Polimodal Completa y más;2.2500 gramos y más;2
90;2;2;6.35 a 39;5.32 a 36;3.Secundario/Polimodal Completa y más;2.2500 gramos y más;2
34;1;2;5.30 a 34;5.32 a 36;4.Sin especificar;1.Menos de 2500 gramos;11
06;1;2;3.20 a 24;6.37 a 41;3.Secundario/Polimodal Completa y más;1.Menos de 2500 gramos;222
26;1;1;5.30 a 34;8.Sin especificar;3.Secundario/Polimodal Completa y más;1.Menos de 2500 gramos;1
06;9;1;6.35 a 39;6.37 a 41;3.Secundario/Polimodal Completa y más;2.2500 gramos y más;17
06;1;1;7.40 a 44;5.32 a 36;2.Secundaria/Polimodal Incompleta;2.2500 gramos y más;33
18;1;2;3.20 a 24;7.42 y más;4.Sin especificar;2.2500 gramos y más;16
66;1;2;6.35 a 39;5.32 a 36;1.Hasta Primaria/C.EGB Completa;1.Menos de 2500 gramos;8
22;1;1;9.Sin especificar;6.37 a 41;1.Hasta Primaria/C.EGB Completa;2.2500 gramos y más;8
70;2;1;6.35 a 39;5.32 a 36;2.Secundaria/Polimodal Incompleta;1.Menos de 2500 gramos;1
50;1;1;4.25 a 29;7.42 y más;3.Secundario/Polimodal Completa y más;2.2500 gramos y más;5
74;1;1;7.40 a 44;6.37 a 41;3.Secundario/Polimodal Completa y más;1.Menos de 2500 gramos;3
70;1;1;2.15 a 19;6.37 a 41;2.Secundaria/Polimodal Incompleta;1.Menos de 2500 gramos;8
06;1;2;2.15 a 19;5.32 a 36;1.Hasta Primaria/C.EGB Completa;2.2500 gramos y más;41
14;1;1;3.20 a 24;6.37 a 41;1.Hasta Primaria/C.EGB Completa;2.2500 gramos y más;571
30;1;1;9.Sin especificar;5.32 a 36;3.Secundario/Polimodal Completa y más;1.Menos de 2500 gramos;1
02;1;2;2.15 a 19;5.32 a 36;2.Secundaria/Polimodal Incompleta;2.2500 gramos y más;2
82;2;2;4.25 a 29;5.32 a 36;1.Hasta Primaria/C.EGB Completa;2.2500 gramos y más;2
18;2;2;5.30 a 34;6.37 a 41;4.Sin especificar;2.2500 gramos y más;2
02;1;2;3.20 a 24;5.32 a 36;2.Secundaria/Polimodal Incompleta;2.2500 gramos y más;5
62;1;1;5.30 a 34;6.37 a 41;1.Hasta Primaria/C.EGB Completa;1.Menos de 2500 gramos;2
06;2;1;5.30 a 34;5.32 a 36;3.Secundario/Polimodal Completa y más;2.2500 gramos y más;35
54;1;1;3.20 a 24;4.28 a 31;4.Sin especificar;1.Menos de 2500 gramos;2
82;1;1;3.20 a 24;4.28 a 31;2.Secundaria/Polimodal Incompleta;1.Menos de 2500 gramos;17
18;2;2;5.30 a 34;5.32 a 36;2.Secundaria/Polimodal Incompleta;1.Menos de 2500 gramos;1
18;2;2;2.15 a 19;6.37 a 41;2.Secundaria/Polimodal Incompleta;2.2500 gramos y más;2
58;1;2;4.25 a 29;5.32 a 36;1.Hasta Primaria/C.EGB Completa;1.Menos de 2500 gramos;4
06;2;2;4.25 a 29;6.37 a 41;1.Hasta Primaria/C.EGB Completa;1.Menos de 2500 gramos;6
06;1;1;9.Sin especificar;5.32 a 36;3.Secundario/Polimodal Completa y más;1.Menos de 2500 gramos;15
90;1;1;4.25 a 29;1.Menos de 22;3.Secundario/Polimodal Completa y más;1.Menos de 2500 gramos;5
06;1;9;2.15 a 19;8.Sin especificar;2.Secundaria/Polimodal Incompleta;1.Menos de 2500 gramos;1
54;2;2;5.30 a 34;6.37 a 41;1.Hasta Primaria/C.EGB Completa;1.Menos de 2500 gramos;1
82;2;1;3.20 a 24;3.24 a 27;1.Hasta Primaria/C.EGB Completa;1.Menos de 2500 gramos;2
54;1;1;3.20 a 24;5.32 a 36;3.Secundario/Polimodal Completa y más;2.2500 gramos y más;27
30;1;2;4.25 a 29;8.Sin especificar;1.Hasta Primaria/C.EGB Completa;2.2500 gramos y más;1
82;1;1;7.40 a 44;5.32 a 36;3.Secundario/Polimodal Completa y más;3.Sin especificar;1
06;1;9;4.25 a 29;6.37 a 41;3.Secundario/Polimodal Completa y más;3.Sin especificar;2
90;1;2;5.30 a 34;4.28 a 31;1.Hasta Primaria/C.EGB Completa;2.2500 gramos y más;1
02;9;1;8.De 45 y más;5.32 a 36;4.Sin especificar;1.Menos de 2500 gramos;1
30;1;1;5.30 a 34;3.24 a 27;2.Secundaria/Polimodal Incompleta;1.Menos de 2500 gramos;1
18;2;1;4.25 a 29;1.Menos de 22;4.Sin especificar;1.Menos de 2500 gramos;3
74;2;1;5.30 a 34;6.37 a 41;2.Secundaria/Polimodal Incompleta;1.Menos de 2500 gramos;2
50;2;2;4.25 a 29;5.32 a 36;1.Hasta Primaria/C.EGB Completa;1.Menos de 2500 gramos;3
22;1;2;5.30 a 34;8.Sin especificar;3.Secundario/Polimodal Completa y más;2.2500 gramos y más;6
94;1;1;2.15 a 19;6.37 a 41;2.Secundaria/Polimodal Incompleta;2.2500 gramos y más;34
34;1;1;3.20 a 24;7.42 y más;4.Sin especificar;2.2500 gramos y más;1
66;1;1;6.35 a 39;6.37 a 41;2.Secundaria/Polimodal Incompleta;3.Sin especificar;1
02;1;2;5.30 a 34;6.37 a 41;4.Sin especificar;1.Menos de 2500 gramos;13
86;1;2;3.20 a 24;8.Sin especificar;1.Hasta Primaria/C.EGB Completa;2.2500 gramos y más;1
58;1;2;6.35 a 39;6.37 a 41;1.Hasta Primaria/C.EGB Completa;1.Menos de 2500 gramos;2
18;1;2;6.35 a 39;6.37 a 41;1.Hasta Primaria/C.EGB Completa;2.2500 gramos y más;125
94;1;2;4.25 a 29;5.32 a 36;1.Hasta Primaria/C.EGB Completa;1.Menos de 2500 gramos;1
54;2;2;7.40 a 44;6.37 a 41;3.Secundario/Polimodal Completa y más;2.2500 gramos y más;1
02;2;2;6.35 a 39;6.37 a 41;1.Hasta Primaria/C.EGB Completa;2.2500 gramos y más;1
22;1;1;6.35 a 39;5.32 a 36;2.Secundaria/Polimodal Incompleta;2.2500 gramos y más;7
02;2;1;5.30 a 34;4.28 a 31;1.Hasta Primaria/C.EGB Completa;1.Menos de 2500 gramos;1
10;1;1;6.35 a 39;6.37 a 41;3.Secundario/Polimodal Completa y más;1.Menos de 2500 gramos;4
50;1;1;4.25 a 29;5.32 a 36;2.Secundaria/Polimodal Incompleta;1.Menos de 2500 gramos;15
86;1;1;6.35 a 39;8.Sin especificar;1.Hasta Primaria/C.EGB Completa;2.2500 gramos y más;1
06;2;1;3.20 a 24;6.37 a 41;2.Secundaria/Polimodal Incompleta;2.2500 gramos y más;19
82;1;2;6.35 a 39;8.Sin especificar;1.Hasta Primaria/C.EGB Completa;2.2500 gramos y más;2
54;1;2;4.25 a 29;5.32 a 36;3.Secundario/Polimodal Completa y más;2.2500 gramos y más;39
30;1;2;6.35 a 39;6.37 a 41;3.Secundario/Polimodal Completa y más;1.Menos de 2500 gramos;18
90;1;1;2.15 a 19;6.37 a 41;3.Secundario/Polimodal Completa y más;2.2500 gramos y más;263
82;1;2;4.25 a 29;1.Menos de 22;4.Sin especificar;1.Menos de 2500 gramos;1
94;1;2;4.25 a 29;5.32 a 36;1.Hasta Primaria/C.EGB Completa;2.2500 gramos y más;1
14;2;2;4.25 a 29;5.32 a 36;1.Hasta Primaria/C.EGB Completa;2.2500 gramos y más;2
90;2;1;5.30 a 34;4.28 a 31;3.Secundario/Polimodal Completa y más;1.Menos de 2500 gramos;2
90;1;2;7.40 a 44;6.37 a 41;1.Hasta Primaria/C.EGB Completa;3.Sin especificar;1
26;1;1;6.35 a 39;6.37 a 41;1.Hasta Primaria/C.EGB Completa;2.2500 gramos y más;35
02;2;1;7.40 a 44;5.32 a 36;3.Secundario/Polimodal Completa y más;2.2500 gramos y más;3
58;1;2;7.40 a 44;5.32 a 36;3.Secundario/Polimodal Completa y más;2.2500 gramos y más;5
02;2;1;4.25 a 29;6.37 a 41;2.Secundaria/Polimodal Incompleta;2.2500 gramos y más;1
66;1;2;4.25 a 29;4.28 a 31;3.Secundario/Polimodal Completa y más;2.2500 gramos y más;1
06;2;2;7.40 a 44;5.32 a 36;1.Hasta Primaria/C.EGB Completa;2.2500 gramos y más;1
90;1;1;2.15 a 19;8.Sin especificar;1.Hasta Primaria/C.EGB Completa;2.2500 gramos y más;2
42;1;1;4.25 a 29;6.37 a 41;2.Secundaria/Polimodal Incompleta;2.2500 gramos y más;81
50;1;2;4.25 a 29;5.32 a 36;1.Hasta Primaria/C.EGB Completa;2.2500 gramos y más;5
74;2;1;2.15 a 19;5.32 a 36;2.Secundaria/Polimodal Incompleta;1.Menos de 2500 gramos;1
70;1;2;4.25 a 29;5.32 a 36;3.Secundario/Polimodal Completa y más;2.2500 gramos y más;15
06;1;9;9.Sin especificar;8.Sin especificar;2.Secundaria/Polimodal Incompleta;2.2500 gramos y más;2
50;1;2;6.35 a 39;6.37 a 41;3.Secundario/Polimodal Completa y más;2.2500 gramos y más;1006
38;1;1;2.15 a 19;1.Menos de 22;2.Secundaria/Polimodal Incompleta;1.Menos de 2500 gramos;1
54;2;1;5.30 a 34;6.37 a 41;1.Hasta Primaria/C.EGB Completa;2.2500 gramos y más;5
10;1;1;7.40 a 44;6.37 a 41;3.Secundario/Polimodal Completa y más;1.Menos de 2500 gramos;1
46;2;2;6.35 a 39;5.32 a 36;3.Secundario/Polimodal Completa y más;2.2500 gramos y más;2
99;1;2;9.Sin especificar;4.28 a 31;4.Sin especificar;1.Menos de 2500 gramos;1
50;2;1;6.35 a 39;4.28 a 31;2.Secundaria/Polimodal Incompleta;1.Menos de 2500 gramos;2
50;1;2;6.35 a 39;6.37 a 41;3.Secundario/Polimodal Completa y más;1.Menos de 2500 gramos;26
06;2;9;5.30 a 34;6.37 a 41;3.Secundario/Polimodal Completa y más;1.Menos de 2500 gramos;1
26;2;2;4.25 a 29;6.37 a 41;1.Hasta Primaria/C.EGB Completa;1.Menos de 2500 gramos;1
74;1;2;7.40 a 44;6.37 a 41;1.Hasta Primaria/C.EGB Completa;2.2500 gramos y más;14
02;1;1;3.20 a 24;4.28 a 31;3.Secundario/Polimodal Completa y más;1.Menos de 2500 gramos;7
86;1;1;3.20 a 24;3.24 a 27;3.Secundario/Polimodal Completa y más;1.Menos de 2500 gramos;1
18;1;1;6.35 a 39;6.37 a 41;2.Secundaria/Polimodal Incompleta;2.2500 gramos y más;93
70;1;1;7.40 a 44;5.32 a 36;1.Hasta Primaria/C.EGB Completa;2.2500 gramos y más;1
50;2;1;5.30 a 34;5.32 a 36;1.Hasta Primaria/C.EGB Completa;1.Menos de 2500 gramos;2
02;1;1;6.35 a 39;5.32 a 36;4.Sin especificar;2.2500 gramos y más;13
06;1;2;4.25 a 29;3.24 a 27;1.Hasta Primaria/C.EGB Completa;1.Menos de 2500 gramos;11
10;1;2;7.40 a 44;6.37 a 41;2.Secundaria/Polimodal Incompleta;2.2500 gramos y más;11
26;1;2;3.20 a 24;5.32 a 36;4.Sin especificar;1.Menos de 2500 gramos;4
90;1;1;2.15 a 19;5.32 a 36;1.Hasta Primaria/C.EGB Completa;1.Menos de 2500 gramos;6
10;1;1;4.25 a 29;6.37 a 41;3.Secundario/Polimodal Completa y más;1.Menos de 2500 gramos;8
66;2;2;4.25 a 29;6.37 a 41;3.Secundario/Polimodal Completa y más;1.Menos de 2500 gramos;1
22;1;1;5.30 a 34;6.37 a 41;1.Hasta Primaria/C.EGB Completa;1.Menos de 2500 gramos;13
38;1;1;4.25 a 29;7.42 y más;1.Hasta Primaria/C.EGB Completa;2.2500 gramos y más;1
90;1;2;8.De 45 y más;5.32 a 36;1.Hasta Primaria/C.EGB Completa;2.2500 gramos y más;1
22;9;2;1.Menor de 15;6.37 a 41;1.Hasta Primaria/C.EGB Completa;3.Sin especificar;1
02;1;1;7.40 a 44;6.37 a 41;3.Secundario/Polimodal Completa y más;3.Sin especificar;1
26;1;1;3.20 a 24;5.32 a 36;2.Secundaria/Polimodal Incompleta;1.Menos de 2500 gramos;9
90;1;2;8.De 45 y más;6.37 a 41;3.Secundario/Polimodal Completa y más;1.Menos de 2500 gramos;2
46;1;2;8.De 45 y más;6.37 a 41;3.Secundario/Polimodal Completa y más;2.2500 gramos y más;4
06;1;9;4.25 a 29;5.32 a 36;4.Sin especificar;1.Menos de 2500 gramos;2
54;1;1;1.Menor de 15;6.37 a 41;1.Hasta Primaria/C.EGB Completa;1.Menos de 2500 gramos;4
06;2;1;4.25 a 29;6.37 a 41;3.Secundario/Polimodal Completa y más;3.Sin especificar;1
22;2;2;5.30 a 34;6.37 a 41;3.Secundario/Polimodal Completa y más;2.2500 gramos y más;9
86;1;1;2.15 a 19;8.Sin especificar;3.Secundario/Polimodal Completa y más;2.2500 gramos y más;1
26;1;1;4.25 a 29;5.32 a 36;3.Secundario/Polimodal Completa y más;2.2500 gramos y más;23
06;2;1;4.25 a 29;5.32 a 36;4.Sin especificar;2.2500 gramos y más;2
94;1;1;2.15 a 19;6.37 a 41;3.Secundario/Polimodal Completa y más;2.2500 gramos y más;11
06;1;2;9.Sin especificar;4.28 a 31;3.Secundario/Polimodal Completa y más;2.2500 gramos y más;1
18;1;2;5.30 a 34;8.Sin especificar;4.Sin especificar;3.Sin especificar;1
54;1;1;8.De 45 y más;5.32 a 36;1.Hasta Primaria/C.EGB Completa;2.2500 gramos y más;2
70;2;2;5.30 a 34;5.32 a 36;3.Secundario/Polimodal Completa y más;1.Menos de 2500 gramos;4
14;2;2;6.35 a 39;6.37 a 41;1.Hasta Primaria/C.EGB Completa;2.2500 gramos y más;3
18;1;1;7.40 a 44;3.24 a 27;4.Sin especificar;1.Menos de 2500 gramos;1
34;1;2;6.35 a 39;5.32 a 36;2.Secundaria/Polimodal Incompleta;1.Menos de 2500 gramos;1
50;2;2;8.De 45 y más;5.32 a 36;3.Secundario/Polimodal Completa y más;1.Menos de 2500 gramos;3
02;1;1;2.15 a 19;6.37 a 41;2.Secundaria/Polimodal Incompleta;1.Menos de 2500 gramos;3
86;1;2;4.25 a 29;6.37 a 41;3.Secundario/Polimodal Completa y más;1.Menos de 2500 gramos;16
02;1;2;8.De 45 y más;4.28 a 31;4.Sin especificar;1.Menos de 2500 gramos;1
06;1;1;2.15 a 19;5.32 a 36;2.Secundaria/Polimodal Incompleta;2.2500 gramos y más;166
34;2;2;2.15 a 19;6.37 a 41;3.Secundario/Polimodal Completa y más;1.Menos de 2500 gramos;1
02;1;1;1.Menor de 15;6.37 a 41;2.Secundaria/Polimodal Incompleta;2.2500 gramos y más;1
10;1;2;2.15 a 19;8.Sin especificar;3.Secundario/Polimodal Completa y más;3.Sin especificar;1
58;1;1;7.40 a 44;6.37 a 41;1.Hasta Primaria/C.EGB Completa;2.2500 gramos y más;19
58;1;1;2.15 a 19;7.42 y más;2.Secundaria/Polimodal Incompleta;2.2500 gramos y más;1
62;1;1;6.35 a 39;8.Sin especificar;3.Secundario/Polimodal Completa y más;2.2500 gramos y más;3
66;2;2;7.40 a 44;6.37 a 41;1.Hasta Primaria/C.EGB Completa;1.Menos de 2500 gramos;1
58;1;1;3.20 a 24;4.28 a 31;1.Hasta Primaria/C.EGB Completa;1.Menos de 2500 gramos;1
50;1;1;2.15 a 19;6.37 a 41;3.Secundario/Polimodal Completa y más;1.Menos de 2500 gramos;3
18;1;1;4.25 a 29;6.37 a 41;4.Sin especificar;1.Menos de 2500 gramos;9
50;2;1;3.20 a 24;5.32 a 36;3.Secundario/Polimodal Completa y más;1.Menos de 2500 gramos;2
58;1;1;1.Menor de 15;6.37 a 41;2.Secundaria/Polimodal Incompleta;2.2500 gramos y más;5
82;1;2;3.20 a 24;6.37 a 41;4.Sin especificar;2.2500 gramos y más;27
46;1;2;2.15 a 19;6.37 a 41;1.Hasta Primaria/C.EGB Completa;2.2500 gramos y más;25
02;1;2;6.35 a 39;2.22 a 23;3.Secundario/Polimodal Completa y más;1.Menos de 2500 gramos;1
02;1;2;5.30 a 34;3.24 a 27;3.Secundario/Polimodal Completa y más;1.Menos de 2500 gramos;5
74;2;1;7.40 a 44;5.32 a 36;3.Secundario/Polimodal Completa y más;1.Menos de 2500 gramos;3
10;1;1;7.40 a 44;5.32 a 36;3.Secundario/Polimodal Completa y más;1.Menos de 2500 gramos;5
54;2;1;5.30 a 34;6.37 a 41;2.Secundaria/Polimodal Incompleta;2.2500 gramos y más;1
82;9;2;3.20 a 24;6.37 a 41;4.Sin especificar;2.2500 gramos y más;1
98;1;2;2.15 a 19;6.37 a 41;2.Secundaria/Polimodal Incompleta;2.2500 gramos y más;3
90;2;1;3.20 a 24;6.37 a 41;3.Secundario/Polimodal Completa y más;2.2500 gramos y más;4
46;1;2;4.25 a 29;6.37 a 41;4.Sin especificar;2.2500 gramos y más;3
02;2;1;3.20 a 24;5.32 a 36;3.Secundario/Polimodal Completa y más;1.Menos de 2500 gramos;5
22;1;1;6.35 a 39;5.32 a 36;4.Sin especificar;2.2500 gramos y más;2
26;1;2;6.35 a 39;6.37 a 41;4.Sin especificar;2.2500 gramos y más;44
90;1;1;9.Sin especificar;6.37 a 41;3.Secundario/Polimodal Completa y más;3.Sin especificar;1
02;1;1;8.De 45 y más;5.32 a 36;1.Hasta Primaria/C.EGB Completa;2.2500 gramos y más;1
18;1;2;6.35 a 39;6.37 a 41;2.Secundaria/Polimodal Incompleta;2.2500 gramos y más;110
66;1;1;3.20 a 24;4.28 a 31;3.Secundario/Polimodal Completa y más;1.Menos de 2500 gramos;6
30;1;1;6.35 a 39;3.24 a 27;3.Secundario/Polimodal Completa y más;1.Menos de 2500 gramos;3
34;1;1;6.35 a 39;6.37 a 41;1.Hasta Primaria/C.EGB Completa;2.2500 gramos y más;81
62;1;2;5.30 a 34;5.32 a 36;1.Hasta Primaria/C.EGB Completa;2.2500 gramos y más;3
30;2;1;5.30 a 34;5.32 a 36;2.Secundaria/Polimodal Incompleta;2.2500 gramos y más;1
98;1;1;5.30 a 34;6.37 a 41;3.Secundario/Polimodal Completa y más;2.2500 gramos y más;1
94;1;2;6.35 a 39;6.37 a 41;1.Hasta Primaria/C.EGB Completa;2.2500 gramos y más;6
54;1;1;2.15 a 19;6.37 a 41;2.Secundaria/Polimodal Incompleta;2.2500 gramos y más;630
46;1;1;9.Sin especificar;6.37 a 41;1.Hasta Primaria/C.EGB Completa;2.2500 gramos y más;1
14;2;1;7.40 a 44;5.32 a 36;3.Secundario/Polimodal Completa y más;1.Menos de 2500 gramos;5
14;1;1;3.20 a 24;6.37 a 41;1.Hasta Primaria/C.EGB Completa;3.Sin especificar;1
82;1;1;3.20 a 24;5.32 a 36;1.Hasta Primaria/C.EGB Completa;3.Sin especificar;1
50;1;1;4.25 a 29;8.Sin especificar;1.Hasta Primaria/C.EGB Completa;2.2500 gramos y más;1
06;1;1;5.30 a 34;6.37 a 41;3.Secundario/Polimodal Completa y más;1.Menos de 2500 gramos;216
14;1;1;2.15 a 19;6.37 a 41;1.Hasta Primaria/C.EGB Completa;2.2500 gramos y más;294
14;1;1;2.15 a 19;5.32 a 36;2.Secundaria/Polimodal Incompleta;1.Menos de 2500 gramos;42
50;2;1;3.20 a 24;5.32 a 36;3.Secundario/Polimodal Completa y más;2.2500 gramos y más;5
66;2;2;4.25 a 29;6.37 a 41;3.Secundario/Polimodal Completa y más;2.2500 gramos y más;7
10;1;1;7.40 a 44;6.37 a 41;3.Secundario/Polimodal Completa y más;2.2500 gramos y más;66
34;1;2;2.15 a 19;6.37 a 41;2.Secundaria/Polimodal Incompleta;1.Menos de 2500 gramos;10
50;1;1;6.35 a 39;5.32 a 36;2.Secundaria/Polimodal Incompleta;2.2500 gramos y más;6
82;1;2;7.40 a 44;5.32 a 36;3.Secundario/Polimodal Completa y más;2.2500 gramos y más;19
14;1;2;5.30 a 34;5.32 a 36;1.Hasta Primaria/C.EGB Completa;2.2500 gramos y más;11
54;1;2;8.De 45 y más;5.32 a 36;4.Sin especificar;2.2500 gramos y más;1
54;1;2;5.30 a 34;5.32 a 36;2.Secundaria/Polimodal Incompleta;2.2500 gramos y más;13
86;1;2;3.20 a 24;4.28 a 31;1.Hasta Primaria/C.EGB Completa;2.2500 gramos y más;1
06;1;1;5.30 a 34;8.Sin especificar;4.Sin especificar;2.2500 gramos y más;22
50;1;2;4.25 a 29;6.37 a 41;3.Secundario/Polimodal Completa y más;2.2500 gramos y más;1741
74;1;1;2.15 a 19;7.42 y más;2.Secundaria/Polimodal Incompleta;2.2500 gramos y más;8
42;1;2;3.20 a 24;6.37 a 41;1.Hasta Primaria/C.EGB Completa;2.2500 gramos y más;35
06;1;2;1.Menor de 15;6.37 a 41;2.Secundaria/Polimodal Incompleta;1.Menos de 2500 gramos;4
38;1;1;3.20 a 24;8.Sin especificar;3.Secundario/Polimodal Completa y más;1.Menos de 2500 gramos;1
18;2;1;7.40 a 44;4.28 a 31;3.Secundario/Polimodal Completa y más;1.Menos de 2500 gramos;2
90;1;2;5.30 a 34;5.32 a 36;3.Secundario/Polimodal Completa y más;3.Sin especificar;1
30;1;1;6.35 a 39;5.32 a 36;3.Secundario/Polimodal Completa y más;2.2500 gramos y más;31
50;2;1;5.30 a 34;6.37 a 41;2.Secundaria/Polimodal Incompleta;2.2500 gramos y más;1
18;2;1;6.35 a 39;6.37 a 41;1.Hasta Primaria/C.EGB Completa;2.2500 gramos y más;2
14;1;2;5.30 a 34;2.22 a 23;3.Secundario/Polimodal Completa y más;1.Menos de 2500 gramos;1
70;1;2;7.40 a 44;5.32 a 36;3.Secundario/Polimodal Completa y más;1.Menos de 2500 gramos;6
82;2;1;6.35 a 39;6.37 a 41;2.Secundaria/Polimodal Incompleta;1.Menos de 2500 gramos;1
90;1;1;4.25 a 29;4.28 a 31;1.Hasta Primaria/C.EGB Completa;1.Menos de 2500 gramos;5
82;1;1;5.30 a 34;8.Sin especificar;4.Sin especificar;2.2500 gramos y más;1
99;9;9;9.Sin especificar;8.Sin especificar;4.Sin especificar;3.Sin especificar;8
06;1;9;6.35 a 39;8.Sin especificar;4.Sin especificar;3.Sin especificar;1
90;2;2;6.35 a 39;4.28 a 31;2.Secundaria/Polimodal Incompleta;1.Menos de 2500 gramos;1
94;1;1;5.30 a 34;6.37 a 41;1.Hasta Primaria/C.EGB Completa;2.2500 gramos y más;5
86;1;2;2.15 a 19;6.37 a 41;1.Hasta Primaria/C.EGB Completa;2.2500 gramos y más;357
26;1;2;2.15 a 19;4.28 a 31;1.Hasta Primaria/C.EGB Completa;1.Menos de 2500 gramos;1
50;1;2;4.25 a 29;4.28 a 31;1.Hasta Primaria/C.EGB Completa;1.Menos de 2500 gramos;1
30;2;1;6.35 a 39;2.22 a 23;3.Secundario/Polimodal Completa y más;1.Menos de 2500 gramos;2
02;1;2;6.35 a 39;5.32 a 36;3.Secundario/Polimodal Completa y más;1.Menos de 2500 gramos;64
66;1;1;4.25 a 29;2.22 a 23;2.Secundaria/Polimodal Incompleta;1.Menos de 2500 gramos;1
74;1;1;1.Menor de 15;6.37 a 41;2.Secundaria/Polimodal Incompleta;2.2500 gramos y más;2
58;1;1;4.25 a 29;6.37 a 41;3.Secundario/Polimodal Completa y más;1.Menos de 2500 gramos;3
02;1;2;4.25 a 29;8.Sin especificar;1.Hasta Primaria/C.EGB Completa;2.2500 gramos y más;2
02;1;2;6.35 a 39;6.37 a 41;2.Secundaria/Polimodal Incompleta;2.2500 gramos y más;122
94;2;1;3.20 a 24;5.32 a 36;2.Secundaria/Polimodal Incompleta;1.Menos de 2500 gramos;2
38;1;2;6.35 a 39;7.42 y más;3.Secundario/Polimodal Completa y más;2.2500 gramos y más;2
66;1;1;2.15 a 19;5.32 a 36;3.Secundario/Polimodal Completa y más;2.2500 gramos y más;7
18;1;1;4.25 a 29;3.24 a 27;2.Secundaria/Polimodal Incompleta;1.Menos de 2500 gramos;3
02;1;1;5.30 a 34;6.37 a 41;3.Secundario/Polimodal Completa y más;2.2500 gramos y más;2678
58;2;1;2.15 a 19;5.32 a 36;3.Secundario/Polimodal Completa y más;1.Menos de 2500 gramos;1
38;1;1;4.25 a 29;4.28 a 31;3.Secundario/Polimodal Completa y más;1.Menos de 2500 gramos;6
22;1;9;3.20 a 24;6.37 a 41;2.Secundaria/Polimodal Incompleta;3.Sin especificar;1
90;1;2;4.25 a 29;5.32 a 36;3.Secundario/Polimodal Completa y más;1.Menos de 2500 gramos;58
54;1;2;3.20 a 24;6.37 a 41;2.Secundaria/Polimodal Incompleta;2.2500 gramos y más;762
14;1;2;4.25 a 29;3.24 a 27;1.Hasta Primaria/C.EGB Completa;1.Menos de 2500 gramos;5
54;1;1;9.Sin especificar;6.37 a 41;4.Sin especificar;2.2500 gramos y más;11
90;1;1;2.15 a 19;6.37 a 41;3.Secundario/Polimodal Completa y más;1.Menos de 2500 gramos;12
38;1;2;5.30 a 34;5.32 a 36;3.Secundario/Polimodal Completa y más;2.2500 gramos y más;22
50;2;1;4.25 a 29;5.32 a 36;1.Hasta Primaria/C.EGB Completa;2.2500 gramos y más;1
50;1;2;8.De 45 y más;4.28 a 31;3.Secundario/Polimodal Completa y más;1.Menos de 2500 gramos;1
99;9;1;4.25 a 29;6.37 a 41;4.Sin especificar;2.2500 gramos y más;21
26;1;1;6.35 a 39;8.Sin especificar;2.Secundaria/Polimodal Incompleta;1.Menos de 2500 gramos;1
02;1;1;2.15 a 19;5.32 a 36;1.Hasta Primaria/C.EGB Completa;2.2500 gramos y más;7
06;1;2;8.De 45 y más;5.32 a 36;4.Sin especificar;2.2500 gramos y más;1
06;1;2;3.20 a 24;6.37 a 41;2.Secundaria/Polimodal Incompleta;3.Sin especificar;14
99;1;2;9.Sin especificar;8.Sin especificar;4.Sin especificar;3.Sin especificar;294
90;1;1;5.30 a 34;5.32 a 36;3.Secundario/Polimodal Completa y más;1.Menos de 2500 gramos;38
22;1;2;6.35 a 39;6.37 a 41;4.Sin especificar;2.2500 gramos y más;5
22;2;2;6.35 a 39;6.37 a 41;2.Secundaria/Polimodal Incompleta;1.Menos de 2500 gramos;1
10;1;2;3.20 a 24;3.24 a 27;3.Secundario/Polimodal Completa y más;1.Menos de 2500 gramos;1
66;1;2;5.30 a 34;4.28 a 31;3.Secundario/Polimodal Completa y más;1.Menos de 2500 gramos;6
34;1;1;2.15 a 19;4.28 a 31;3.Secundario/Polimodal Completa y más;1.Menos de 2500 gramos;1
10;1;1;5.30 a 34;8.Sin especificar;3.Secundario/Polimodal Completa y más;2.2500 gramos y más;4
06;1;2;8.De 45 y más;6.37 a 41;1.Hasta Primaria/C.EGB Completa;2.2500 gramos y más;38
66;1;1;4.25 a 29;6.37 a 41;3.Secundario/Polimodal Completa y más;2.2500 gramos y más;1333
38;1;1;7.40 a 44;7.42 y más;2.Secundaria/Polimodal Incompleta;2.2500 gramos y más;2
42;1;2;4.25 a 29;3.24 a 27;2.Secundaria/Polimodal Incompleta;1.Menos de 2500 gramos;1
22;1;1;3.20 a 24;5.32 a 36;1.Hasta Primaria/C.EGB Completa;2.2500 gramos y más;21
10;1;1;9.Sin especificar;8.Sin especificar;3.Secundario/Polimodal Completa y más;3.Sin especificar;1
58;1;2;5.30 a 34;6.37 a 41;3.Secundario/Polimodal Completa y más;3.Sin especificar;1
34;1;2;5.30 a 34;4.28 a 31;2.Secundaria/Polimodal Incompleta;1.Menos de 2500 gramos;2
06;1;9;9.Sin especificar;8.Sin especificar;4.Sin especificar;3.Sin especificar;39
10;1;1;6.35 a 39;8.Sin especificar;1.Hasta Primaria/C.EGB Completa;2.2500 gramos y más;3
70;1;1;6.35 a 39;6.37 a 41;2.Secundaria/Polimodal Incompleta;2.2500 gramos y más;94
62;1;1;2.15 a 19;6.37 a 41;2.Secundaria/Polimodal Incompleta;1.Menos de 2500 gramos;2
82;2;2;3.20 a 24;6.37 a 41;3.Secundario/Polimodal Completa y más;1.Menos de 2500 gramos;4
99;1;1;3.20 a 24;6.37 a 41;4.Sin especificar;2.2500 gramos y más;8
06;1;2;4.25 a 29;5.32 a 36;4.Sin especificar;2.2500 gramos y más;26
58;1;2;6.35 a 39;5.32 a 36;1.Hasta Primaria/C.EGB Completa;1.Menos de 2500 gramos;2
02;9;1;5.30 a 34;8.Sin especificar;3.Secundario/Polimodal Completa y más;3.Sin especificar;1
02;1;1;3.20 a 24;6.37 a 41;2.Secundaria/Polimodal Incompleta;1.Menos de 2500 gramos;5
94;1;1;5.30 a 34;5.32 a 36;3.Secundario/Polimodal Completa y más;1.Menos de 2500 gramos;10
06;1;1;8.De 45 y más;5.32 a 36;4.Sin especificar;1.Menos de 2500 gramos;2
06;1;2;5.30 a 34;6.37 a 41;3.Secundario/Polimodal Completa y más;3.Sin especificar;36
02;1;1;1.Menor de 15;4.28 a 31;4.Sin especificar;1.Menos de 2500 gramos;1
90;1;1;3.20 a 24;3.24 a 27;2.Secundaria/Polimodal Incompleta;1.Menos de 2500 gramos;5
06;1;1;9.Sin especificar;6.37 a 41;2.Secundaria/Polimodal Incompleta;1.Menos de 2500 gramos;8
86;1;1;8.De 45 y más;6.37 a 41;3.Secundario/Polimodal Completa y más;2.2500 gramos y más;7
42;1;1;3.20 a 24;4.28 a 31;3.Secundario/Polimodal Completa y más;1.Menos de 2500 gramos;1
22;2;2;4.25 a 29;4.28 a 31;3.Secundario/Polimodal Completa y más;1.Menos de 2500 gramos;1
62;1;2;3.20 a 24;4.28 a 31;3.Secundario/Polimodal Completa y más;2.2500 gramos y más;1
06;1;1;8.De 45 y más;6.37 a 41;2.Secundaria/Polimodal Incompleta;1.Menos de 2500 gramos;2
58;2;1;4.25 a 29;6.37 a 41;3.Secundario/Polimodal Completa y más;1.Menos de 2500 gramos;1
06;1;2;6.35 a 39;4.28 a 31;1.Hasta Primaria/C.EGB Completa;2.2500 gramos y más;1
06;9;2;9.Sin especificar;6.37 a 41;3.Secundario/Polimodal Completa y más;2.2500 gramos y más;1
99;9;1;9.Sin especificar;6.37 a 41;4.Sin especificar;1.Menos de 2500 gramos;1
10;1;2;3.20 a 24;6.37 a 41;2.Secundaria/Polimodal Incompleta;3.Sin especificar;1
66;2;2;5.30 a 34;5.32 a 36;2.Secundaria/Polimodal Incompleta;2.2500 gramos y más;1
42;1;2;5.30 a 34;6.37 a 41;1.Hasta Primaria/C.EGB Completa;2.2500 gramos y más;23
22;2;2;4.25 a 29;3.24 a 27;1.Hasta Primaria/C.EGB Completa;1.Menos de 2500 gramos;1
18;1;2;9.Sin especificar;6.37 a 41;4.Sin especificar;2.2500 gramos y más;3
58;2;1;4.25 a 29;6.37 a 41;3.Secundario/Polimodal Completa y más;2.2500 gramos y más;3
30;2;1;2.15 a 19;6.37 a 41;2.Secundaria/Polimodal Incompleta;2.2500 gramos y más;1
70;1;2;6.35 a 39;5.32 a 36;1.Hasta Primaria/C.EGB Completa;1.Menos de 2500 gramos;1
82;2;1;2.15 a 19;5.32 a 36;2.Secundaria/Polimodal Incompleta;2.2500 gramos y más;3
06;1;1;9.Sin especificar;6.37 a 41;2.Secundaria/Polimodal Incompleta;2.2500 gramos y más;234
14;1;1;5.30 a 34;6.37 a 41;3.Secundario/Polimodal Completa y más;1.Menos de 2500 gramos;50
06;9;2;4.25 a 29;5.32 a 36;4.Sin especificar;3.Sin especificar;1
82;2;1;6.35 a 39;5.32 a 36;2.Secundaria/Polimodal Incompleta;1.Menos de 2500 gramos;7
06;1;1;6.35 a 39;4.28 a 31;2.Secundaria/Polimodal Incompleta;1.Menos de 2500 gramos;4
06;1;1;7.40 a 44;8.Sin especificar;2.Secundaria/Polimodal Incompleta;1.Menos de 2500 gramos;3
14;1;1;5.30 a 34;6.37 a 41;3.Secundario/Polimodal Completa y más;2.2500 gramos y más;3443
70;1;1;7.40 a 44;6.37 a 41;1.Hasta Primaria/C.EGB Completa;2.2500 gramos y más;36
22;1;2;3.20 a 24;5.32 a 36;4.Sin especificar;2.2500 gramos y más;2
02;1;2;3.20 a 24;8.Sin especificar;3.Secundario/Polimodal Completa y más;3.Sin especificar;1
30;1;1;4.25 a 29;8.Sin especificar;2.Secundaria/Polimodal Incompleta;1.Menos de 2500 gramos;1
99;1;2;5.30 a 34;8.Sin especificar;3.Secundario/Polimodal Completa y más;2.2500 gramos y más;1
66;1;1;2.15 a 19;7.42 y más;1.Hasta Primaria/C.EGB Completa;2.2500 gramos y más;6
58;1;1;2.15 a 19;6.37 a 41;2.Secundaria/Polimodal Incompleta;1.Menos de 2500 gramos;1
66;1;2;5.30 a 34;8.Sin especificar;4.Sin especificar;2.2500 gramos y más;1
06;1;1;5.30 a 34;3.24 a 27;3.Secundario/Polimodal Completa y más;3.Sin especificar;3
06;1;2;8.De 45 y más;6.37 a 41;1.Hasta Primaria/C.EGB Completa;1.Menos de 2500 gramos;3
50;2;2;6.35 a 39;6.37 a 41;3.Secundario/Polimodal Completa y más;1.Menos de 2500 gramos;3
62;1;1;1.Menor de 15;6.37 a 41;2.Secundaria/Polimodal Incompleta;2.2500 gramos y más;2
22;1;1;3.20 a 24;7.42 y más;1.Hasta Primaria/C.EGB Completa;2.2500 gramos y más;1
38;1;2;3.20 a 24;5.32 a 36;2.Secundaria/Polimodal Incompleta;2.2500 gramos y más;8
42;1;1;5.30 a 34;5.32 a 36;1.Hasta Primaria/C.EGB Completa;2.2500 gramos y más;2
14;1;2;3.20 a 24;4.28 a 31;2.Secundaria/Polimodal Incompleta;1.Menos de 2500 gramos;4
22;2;2;5.30 a 34;5.32 a 36;2.Secundaria/Polimodal Incompleta;1.Menos de 2500 gramos;1
99;9;2;6.35 a 39;8.Sin especificar;4.Sin especificar;3.Sin especificar;1
46;1;1;4.25 a 29;5.32 a 36;1.Hasta Primaria/C.EGB Completa;2.2500 gramos y más;4
62;1;1;6.35 a 39;7.42 y más;1.Hasta Primaria/C.EGB Completa;2.2500 gramos y más;1
50;2;2;4.25 a 29;6.37 a 41;3.Secundario/Polimodal Completa y más;2.2500 gramos y más;14
22;1;1;1.Menor de 15;3.24 a 27;2.Secundaria/Polimodal Incompleta;1.Menos de 2500 gramos;1
62;1;2;1.Menor de 15;6.37 a 41;2.Secundaria/Polimodal Incompleta;2.2500 gramos y más;3
46;1;2;5.30 a 34;5.32 a 36;3.Secundario/Polimodal Completa y más;2.2500 gramos y más;9
70;2;2;4.25 a 29;6.37 a 41;3.Secundario/Polimodal Completa y más;1.Menos de 2500 gramos;3
74;1;1;4.25 a 29;6.37 a 41;4.Sin especificar;1.Menos de 2500 gramos;1
82;2;2;5.30 a 34;6.37 a 41;3.Secundario/Polimodal Completa y más;2.2500 gramos y más;15
54;1;1;5.30 a 34;5.32 a 36;4.Sin especificar;1.Menos de 2500 gramos;5
82;2;2;5.30 a 34;6.37 a 41;1.Hasta Primaria/C.EGB Completa;2.2500 gramos y más;3
74;1;2;3.20 a 24;3.24 a 27;1.Hasta Primaria/C.EGB Completa;1.Menos de 2500 gramos;1
10;1;2;5.30 a 34;6.37 a 41;4.Sin especificar;2.2500 gramos y más;1
30;2;1;3.20 a 24;6.37 a 41;2.Secundaria/Polimodal Incompleta;1.Menos de 2500 gramos;1
94;1;1;4.25 a 29;5.32 a 36;2.Secundaria/Polimodal Incompleta;2.2500 gramos y más;1
42;1;1;6.35 a 39;5.32 a 36;2.Secundaria/Polimodal Incompleta;1.Menos de 2500 gramos;1
86;1;1;6.35 a 39;5.32 a 36;3.Secundario/Polimodal Completa y más;2.2500 gramos y más;36
18;2;1;5.30 a 34;5.32 a 36;4.Sin especificar;2.2500 gramos y más;1
90;1;1;3.20 a 24;5.32 a 36;3.Secundario/Polimodal Completa y más;1.Menos de 2500 gramos;37
62;1;1;7.40 a 44;6.37 a 41;3.Secundario/Polimodal Completa y más;1.Menos de 2500 gramos;8
86;2;1;8.De 45 y más;5.32 a 36;3.Secundario/Polimodal Completa y más;2.2500 gramos y más;1
06;1;2;5.30 a 34;3.24 a 27;3.Secundario/Polimodal Completa y más;3.Sin especificar;1
10;1;1;3.20 a 24;2.22 a 23;3.Secundario/Polimodal Completa y más;1.Menos de 2500 gramos;1
74;1;1;3.20 a 24;4.28 a 31;2.Secundaria/Polimodal Incompleta;1.Menos de 2500 gramos;7
70;1;2;4.25 a 29;5.32 a 36;2.Secundaria/Polimodal Incompleta;2.2500 gramos y más;11
34;1;1;7.40 a 44;4.28 a 31;1.Hasta Primaria/C.EGB Completa;1.Menos de 2500 gramos;1
58;1;2;5.30 a 34;6.37 a 41;2.Secundaria/Polimodal Incompleta;2.2500 gramos y más;157
58;1;2;3.20 a 24;5.32 a 36;2.Secundaria/Polimodal Incompleta;2.2500 gramos y más;6
02;1;1;2.15 a 19;5.32 a 36;1.Hasta Primaria/C.EGB Completa;1.Menos de 2500 gramos;5
14;1;2;9.Sin especificar;6.37 a 41;1.Hasta Primaria/C.EGB Completa;1.Menos de 2500 gramos;1
82;1;2;1.Menor de 15;6.37 a 41;2.Secundaria/Polimodal Incompleta;2.2500 gramos y más;22
06;2;1;3.20 a 24;4.28 a 31;1.Hasta Primaria/C.EGB Completa;1.Menos de 2500 gramos;1
54;1;1;4.25 a 29;6.37 a 41;3.Secundario/Polimodal Completa y más;2.2500 gramos y más;1012
58;1;2;4.25 a 29;6.37 a 41;2.Secundaria/Polimodal Incompleta;1.Menos de 2500 gramos;3
86;1;2;3.20 a 24;4.28 a 31;3.Secundario/Polimodal Completa y más;1.Menos de 2500 gramos;1
74;1;2;2.15 a 19;5.32 a 36;1.Hasta Primaria/C.EGB Completa;1.Menos de 2500 gramos;1
99;9;2;5.30 a 34;6.37 a 41;4.Sin especificar;3.Sin especificar;1
90;1;1;7.40 a 44;5.32 a 36;1.Hasta Primaria/C.EGB Completa;2.2500 gramos y más;16
06;2;1;2.15 a 19;6.37 a 41;2.Secundaria/Polimodal Incompleta;2.2500 gramos y más;15
22;9;1;6.35 a 39;6.37 a 41;2.Secundaria/Polimodal Incompleta;2.2500 gramos y más;1
74;1;1;6.35 a 39;6.37 a 41;3.Secundario/Polimodal Completa y más;1.Menos de 2500 gramos;3
42;1;2;2.15 a 19;5.32 a 36;2.Secundaria/Polimodal Incompleta;1.Menos de 2500 gramos;1
50;1;2;8.De 45 y más;6.37 a 41;2.Secundaria/Polimodal Incompleta;2.2500 gramos y más;3
99;9;1;3.20 a 24;6.37 a 41;4.Sin especificar;3.Sin especificar;1
82;1;1;5.30 a 34;7.42 y más;3.Secundario/Polimodal Completa y más;2.2500 gramos y más;2
30;1;1;6.35 a 39;5.32 a 36;2.Secundaria/Polimodal Incompleta;1.Menos de 2500 gramos;9
06;1;1;5.30 a 34;4.28 a 31;4.Sin especificar;1.Menos de 2500 gramos;6
18;1;2;4.25 a 29;5.32 a 36;1.Hasta Primaria/C.EGB Completa;2.2500 gramos y más;10
90;2;2;3.20 a 24;6.37 a 41;3.Secundario/Polimodal Completa y más;1.Menos de 2500 gramos;6
62;1;2;3.20 a 24;6.37 a 41;3.Secundario/Polimodal Completa y más;2.2500 gramos y más;366
70;1;1;3.20 a 24;4.28 a 31;2.Secundaria/Polimodal Incompleta;2.2500 gramos y más;1
10;1;1;4.25 a 29;6.37 a 41;3.Secundario/Polimodal Completa y más;3.Sin especificar;3
06;1;2;9.Sin especificar;4.28 a 31;3.Secundario/Polimodal Completa y más;1.Menos de 2500 gramos;1
38;1;2;2.15 a 19;8.Sin especificar;1.Hasta Primaria/C.EGB Completa;2.2500 gramos y más;1
34;1;2;4.25 a 29;4.28 a 31;3.Secundario/Polimodal Completa y más;1.Menos de 2500 gramos;1
90;2;1;5.30 a 34;3.24 a 27;3.Secundario/Polimodal Completa y más;1.Menos de 2500 gramos;1
82;1;2;6.35 a 39;5.32 a 36;1.Hasta Primaria/C.EGB Completa;2.2500 gramos y más;25
18;2;2;2.15 a 19;5.32 a 36;1.Hasta Primaria/C.EGB Completa;1.Menos de 2500 gramos;3
62;2;2;5.30 a 34;4.28 a 31;3.Secundario/Polimodal Completa y más;1.Menos de 2500 gramos;2
02;2;1;5.30 a 34;4.28 a 31;4.Sin especificar;1.Menos de 2500 gramos;2
86;9;1;4.25 a 29;6.37 a 41;1.Hasta Primaria/C.EGB Completa;2.2500 gramos y más;1
06;1;2;6.35 a 39;8.Sin especificar;3.Secundario/Polimodal Completa y más;3.Sin especificar;11
22;1;2;3.20 a 24;5.32 a 36;1.Hasta Primaria/C.EGB Completa;2.2500 gramos y más;20
02;2;2;2.15 a 19;5.32 a 36;2.Secundaria/Polimodal Incompleta;1.Menos de 2500 gramos;2
86;9;1;7.40 a 44;6.37 a 41;4.Sin especificar;2.2500 gramos y más;1
74;1;1;3.20 a 24;5.32 a 36;2.Secundaria/Polimodal Incompleta;1.Menos de 2500 gramos;7
06;1;1;3.20 a 24;6.37 a 41;1.Hasta Primaria/C.EGB Completa;2.2500 gramos y más;2849
50;1;1;2.15 a 19;4.28 a 31;2.Secundaria/Polimodal Incompleta;1.Menos de 2500 gramos;7
90;1;2;5.30 a 34;7.42 y más;3.Secundario/Polimodal Completa y más;1.Menos de 2500 gramos;2
06;9;2;3.20 a 24;6.37 a 41;3.Secundario/Polimodal Completa y más;2.2500 gramos y más;6
14;2;2;6.35 a 39;4.28 a 31;3.Secundario/Polimodal Completa y más;1.Menos de 2500 gramos;2
90;1;2;2.15 a 19;8.Sin especificar;2.Secundaria/Polimodal Incompleta;2.2500 gramos y más;6
14;1;2;3.20 a 24;8.Sin especificar;2.Secundaria/Polimodal Incompleta;1.Menos de 2500 gramos;2
62;1;2;3.20 a 24;6.37 a 41;4.Sin especificar;2.2500 gramos y más;104
22;1;1;5.30 a 34;8.Sin especificar;1.Hasta Primaria/C.EGB Completa;3.Sin especificar;1
50;1;2;4.25 a 29;4.28 a 31;3.Secundario/Polimodal Completa y más;1.Menos de 2500 gramos;9
02;2;2;4.25 a 29;5.32 a 36;4.Sin especificar;1.Menos de 2500 gramos;5
82;2;2;4.25 a 29;6.37 a 41;3.Secundario/Polimodal Completa y más;1.Menos de 2500 gramos;11
50;1;2;2.15 a 19;6.37 a 41;1.Hasta Primaria/C.EGB Completa;1.Menos de 2500 gramos;1
90;1;1;2.15 a 19;6.37 a 41;4.Sin especificar;2.2500 gramos y más;1
34;1;1;1.Menor de 15;6.37 a 41;2.Secundaria/Polimodal Incompleta;2.2500 gramos y más;9
34;1;1;3.20 a 24;6.37 a 41;3.Secundario/Polimodal Completa y más;2.2500 gramos y más;349
18;2;2;2.15 a 19;3.24 a 27;2.Secundaria/Polimodal Incompleta;3.Sin especificar;1
90;2;2;4.25 a 29;5.32 a 36;3.Secundario/Polimodal Completa y más;3.Sin especificar;1
58;1;1;6.35 a 39;5.32 a 36;2.Secundaria/Polimodal Incompleta;1.Menos de 2500 gramos;4
06;1;2;7.40 a 44;3.24 a 27;3.Secundario/Polimodal Completa y más;1.Menos de 2500 gramos;9
58;2;2;4.25 a 29;6.37 a 41;2.Secundaria/Polimodal Incompleta;1.Menos de 2500 gramos;2
66;1;1;3.20 a 24;4.28 a 31;3.Secundario/Polimodal Completa y más;2.2500 gramos y más;1
06;2;1;3.20 a 24;5.32 a 36;4.Sin especificar;2.2500 gramos y más;2
10;1;1;2.15 a 19;6.37 a 41;3.Secundario/Polimodal Completa y más;3.Sin especificar;1
86;1;1;7.40 a 44;6.37 a 41;1.Hasta Primaria/C.EGB Completa;2.2500 gramos y más;92
82;1;2;2.15 a 19;4.28 a 31;3.Secundario/Polimodal Completa y más;2.2500 gramos y más;1
90;1;1;9.Sin especificar;7.42 y más;3.Secundario/Polimodal Completa y más;2.2500 gramos y más;2
42;1;1;6.35 a 39;6.37 a 41;3.Secundario/Polimodal Completa y más;1.Menos de 2500 gramos;8
22;1;2;7.40 a 44;6.37 a 41;1.Hasta Primaria/C.EGB Completa;2.2500 gramos y más;61
90;2;1;4.25 a 29;6.37 a 41;3.Secundario/Polimodal Completa y más;2.2500 gramos y más;5
50;1;2;4.25 a 29;5.32 a 36;2.Secundaria/Polimodal Incompleta;2.2500 gramos y más;12
82;1;2;3.20 a 24;7.42 y más;2.Secundaria/Polimodal Incompleta;2.2500 gramos y más;2
06;9;1;6.35 a 39;5.32 a 36;4.Sin especificar;1.Menos de 2500 gramos;1
62;1;2;3.20 a 24;4.28 a 31;3.Secundario/Polimodal Completa y más;1.Menos de 2500 gramos;1
66;1;1;4.25 a 29;8.Sin especificar;3.Secundario/Polimodal Completa y más;3.Sin especificar;1
22;1;2;3.20 a 24;8.Sin especificar;1.Hasta Primaria/C.EGB Completa;2.2500 gramos y más;3
66;1;1;5.30 a 34;5.32 a 36;1.Hasta Primaria/C.EGB Completa;2.2500 gramos y más;11
50;1;1;8.De 45 y más;6.37 a 41;1.Hasta Primaria/C.EGB Completa;2.2500 gramos y más;7
78;1;1;6.35 a 39;6.37 a 41;3.Secundario/Polimodal Completa y más;2.2500 gramos y más;163
54;1;2;4.25 a 29;6.37 a 41;3.Secundario/Polimodal Completa y más;2.2500 gramos y más;982
34;2;2;4.25 a 29;5.32 a 36;1.Hasta Primaria/C.EGB Completa;1.Menos de 2500 gramos;2
22;1;2;3.20 a 24;4.28 a 31;1.Hasta Primaria/C.EGB Completa;1.Menos de 2500 gramos;1
58;1;1;8.De 45 y más;6.37 a 41;3.Secundario/Polimodal Completa y más;1.Menos de 2500 gramos;1
54;2;1;7.40 a 44;6.37 a 41;3.Secundario/Polimodal Completa y más;2.2500 gramos y más;3
34;1;1;2.15 a 19;5.32 a 36;3.Secundario/Polimodal Completa y más;2.2500 gramos y más;9
34;1;2;2.15 a 19;6.37 a 41;4.Sin especificar;1.Menos de 2500 gramos;4
02;1;1;5.30 a 34;5.32 a 36;3.Secundario/Polimodal Completa y más;2.2500 gramos y más;90
34;1;2;7.40 a 44;6.37 a 41;1.Hasta Primaria/C.EGB Completa;2.2500 gramos y más;21
14;2;2;4.25 a 29;4.28 a 31;3.Secundario/Polimodal Completa y más;1.Menos de 2500 gramos;2
10;1;1;7.40 a 44;5.32 a 36;3.Secundario/Polimodal Completa y más;2.2500 gramos y más;3
18;1;1;5.30 a 34;5.32 a 36;1.Hasta Primaria/C.EGB Completa;1.Menos de 2500 gramos;5
06;2;9;7.40 a 44;5.32 a 36;3.Secundario/Polimodal Completa y más;1.Menos de 2500 gramos;1
54;1;1;2.15 a 19;6.37 a 41;4.Sin especificar;1.Menos de 2500 gramos;6
02;2;2;4.25 a 29;6.37 a 41;3.Secundario/Polimodal Completa y más;2.2500 gramos y más;4
82;1;9;7.40 a 44;6.37 a 41;1.Hasta Primaria/C.EGB Completa;2.2500 gramos y más;1
86;1;2;2.15 a 19;5.32 a 36;1.Hasta Primaria/C.EGB Completa;1.Menos de 2500 gramos;11
46;2;2;6.35 a 39;6.37 a 41;3.Secundario/Polimodal Completa y más;1.Menos de 2500 gramos;2
06;9;2;7.40 a 44;5.32 a 36;3.Secundario/Polimodal Completa y más;2.2500 gramos y más;1
06;1;1;3.20 a 24;8.Sin especificar;3.Secundario/Polimodal Completa y más;2.2500 gramos y más;74
90;1;2;6.35 a 39;3.24 a 27;3.Secundario/Polimodal Completa y más;1.Menos de 2500 gramos;4
18;1;1;2.15 a 19;3.24 a 27;4.Sin especificar;1.Menos de 2500 gramos;1
62;2;2;4.25 a 29;5.32 a 36;3.Secundario/Polimodal Completa y más;2.2500 gramos y más;1
86;2;1;7.40 a 44;5.32 a 36;1.Hasta Primaria/C.EGB Completa;1.Menos de 2500 gramos;1
06;1;2;5.30 a 34;4.28 a 31;1.Hasta Primaria/C.EGB Completa;1.Menos de 2500 gramos;16
42;1;1;4.25 a 29;3.24 a 27;3.Secundario/Polimodal Completa y más;1.Menos de 2500 gramos;1
06;2;1;5.30 a 34;5.32 a 36;3.Secundario/Polimodal Completa y más;1.Menos de 2500 gramos;84
02;1;1;4.25 a 29;6.37 a 41;3.Secundario/Polimodal Completa y más;1.Menos de 2500 gramos;25
02;1;2;3.20 a 24;5.32 a 36;2.Secundaria/Polimodal Incompleta;1.Menos de 2500 gramos;5
38;1;2;8.De 45 y más;5.32 a 36;3.Secundario/Polimodal Completa y más;1.Menos de 2500 gramos;2
10;1;1;6.35 a 39;7.42 y más;3.Secundario/Polimodal Completa y más;2.2500 gramos y más;1
26;1;1;2.15 a 19;4.28 a 31;2.Secundaria/Polimodal Incompleta;1.Menos de 2500 gramos;1
90;1;1;5.30 a 34;6.37 a 41;1.Hasta Primaria/C.EGB Completa;1.Menos de 2500 gramos;13
90;1;2;7.40 a 44;7.42 y más;2.Secundaria/Polimodal Incompleta;2.2500 gramos y más;1
22;1;1;2.15 a 19;3.24 a 27;4.Sin especificar;1.Menos de 2500 gramos;1
34;1;1;1.Menor de 15;6.37 a 41;1.Hasta Primaria/C.EGB Completa;1.Menos de 2500 gramos;1
02;9;2;4.25 a 29;8.Sin especificar;4.Sin especificar;1.Menos de 2500 gramos;1
06;2;1;9.Sin especificar;8.Sin especificar;4.Sin especificar;3.Sin especificar;11
42;1;2;2.15 a 19;7.42 y más;2.Secundaria/Polimodal Incompleta;2.2500 gramos y más;1
38;2;1;4.25 a 29;6.37 a 41;3.Secundario/Polimodal Completa y más;2.2500 gramos y más;4
66;1;1;8.De 45 y más;6.37 a 41;1.Hasta Primaria/C.EGB Completa;2.2500 gramos y más;5
30;1;1;5.30 a 34;6.37 a 41;2.Secundaria/Polimodal Incompleta;2.2500 gramos y más;281
30;1;2;6.35 a 39;3.24 a 27;3.Secundario/Polimodal Completa y más;1.Menos de 2500 gramos;2
70;2;1;3.20 a 24;3.24 a 27;2.Secundaria/Polimodal Incompleta;1.Menos de 2500 gramos;2
02;1;1;3.20 a 24;7.42 y más;1.Hasta Primaria/C.EGB Completa;2.2500 gramos y más;1
86;2;2;4.25 a 29;5.32 a 36;3.Secundario/Polimodal Completa y más;1.Menos de 2500 gramos;4
54;1;2;3.20 a 24;3.24 a 27;3.Secundario/Polimodal Completa y más;1.Menos de 2500 gramos;2
86;1;1;2.15 a 19;8.Sin especificar;1.Hasta Primaria/C.EGB Completa;2.2500 gramos y más;1
10;1;1;6.35 a 39;5.32 a 36;2.Secundaria/Polimodal Incompleta;2.2500 gramos y más;2
54;1;2;6.35 a 39;8.Sin especificar;1.Hasta Primaria/C.EGB Completa;3.Sin especificar;1
18;1;2;3.20 a 24;7.42 y más;2.Secundaria/Polimodal Incompleta;2.2500 gramos y más;9
38;1;2;5.30 a 34;6.37 a 41;4.Sin especificar;2.2500 gramos y más;1
02;9;2;7.40 a 44;6.37 a 41;2.Secundaria/Polimodal Incompleta;2.2500 gramos y más;1
66;1;2;5.30 a 34;5.32 a 36;3.Secundario/Polimodal Completa y más;1.Menos de 2500 gramos;44
06;1;1;1.Menor de 15;8.Sin especificar;2.Secundaria/Polimodal Incompleta;2.2500 gramos y más;1
70;2;1;4.25 a 29;4.28 a 31;3.Secundario/Polimodal Completa y más;1.Menos de 2500 gramos;2
34;1;1;3.20 a 24;6.37 a 41;3.Secundario/Polimodal Completa y más;1.Menos de 2500 gramos;7
70;1;1;3.20 a 24;5.32 a 36;1.Hasta Primaria/C.EGB Completa;2.2500 gramos y más;8
18;1;1;6.35 a 39;7.42 y más;1.Hasta Primaria/C.EGB Completa;2.2500 gramos y más;2
82;2;2;2.15 a 19;5.32 a 36;2.Secundaria/Polimodal Incompleta;1.Menos de 2500 gramos;18
22;1;2;6.35 a 39;4.28 a 31;3.Secundario/Polimodal Completa y más;1.Menos de 2500 gramos;6
58;1;1;7.40 a 44;5.32 a 36;1.Hasta Primaria/C.EGB Completa;2.2500 gramos y más;5
58;1;1;4.25 a 29;6.37 a 41;3.Secundario/Polimodal Completa y más;2.2500 gramos y más;671
26;1;2;4.25 a 29;4.28 a 31;2.Secundaria/Polimodal Incompleta;1.Menos de 2500 gramos;3
30;1;2;3.20 a 24;5.32 a 36;3.Secundario/Polimodal Completa y más;2.2500 gramos y más;18
22;2;2;4.25 a 29;5.32 a 36;3.Secundario/Polimodal Completa y más;1.Menos de 2500 gramos;13
42;1;2;3.20 a 24;6.37 a 41;2.Secundaria/Polimodal Incompleta;1.Menos de 2500 gramos;4
54;2;2;5.30 a 34;6.37 a 41;2.Secundaria/Polimodal Incompleta;1.Menos de 2500 gramos;1
22;1;2;6.35 a 39;6.37 a 41;3.Secundario/Polimodal Completa y más;2.2500 gramos y más;429
50;1;2;4.25 a 29;5.32 a 36;2.Secundaria/Polimodal Incompleta;1.Menos de 2500 gramos;21
10;1;1;3.20 a 24;6.37 a 41;1.Hasta Primaria/C.EGB Completa;1.Menos de 2500 gramos;1
18;1;1;4.25 a 29;5.32 a 36;1.Hasta Primaria/C.EGB Completa;1.Menos de 2500 gramos;5
02;2;2;2.15 a 19;6.37 a 41;2.Secundaria/Polimodal Incompleta;2.2500 gramos y más;2
34;2;1;5.30 a 34;4.28 a 31;4.Sin especificar;1.Menos de 2500 gramos;1
90;1;1;4.25 a 29;4.28 a 31;1.Hasta Primaria/C.EGB Completa;2.2500 gramos y más;2
99;1;2;7.40 a 44;5.32 a 36;4.Sin especificar;2.2500 gramos y más;1
06;2;9;6.35 a 39;5.32 a 36;1.Hasta Primaria/C.EGB Completa;1.Menos de 2500 gramos;1
42;2;2;4.25 a 29;5.32 a 36;3.Secundario/Polimodal Completa y más;1.Menos de 2500 gramos;5
78;1;1;3.20 a 24;5.32 a 36;4.Sin especificar;2.2500 gramos y más;1
82;1;1;3.20 a 24;5.32 a 36;3.Secundario/Polimodal Completa y más;2.2500 gramos y más;53
54;1;1;4.25 a 29;5.32 a 36;3.Secundario/Polimodal Completa y más;1.Menos de 2500 gramos;24
82;1;1;2.15 a 19;3.24 a 27;1.Hasta Primaria/C.EGB Completa;1.Menos de 2500 gramos;5
50;1;2;2.15 a 19;4.28 a 31;3.Secundario/Polimodal Completa y más;1.Menos de 2500 gramos;1
18;1;1;1.Menor de 15;7.42 y más;2.Secundaria/Polimodal Incompleta;2.2500 gramos y más;1
62;1;2;2.15 a 19;6.37 a 41;2.Secundaria/Polimodal Incompleta;3.Sin especificar;1
22;1;2;3.20 a 24;2.22 a 23;3.Secundario/Polimodal Completa y más;1.Menos de 2500 gramos;1
18;1;2;7.40 a 44;5.32 a 36;1.Hasta Primaria/C.EGB Completa;1.Menos de 2500 gramos;1
06;1;1;8.De 45 y más;5.32 a 36;4.Sin especificar;2.2500 gramos y más;1
06;1;1;6.35 a 39;5.32 a 36;4.Sin especificar;1.Menos de 2500 gramos;20
30;2;2;4.25 a 29;6.37 a 41;2.Secundaria/Polimodal Incompleta;2.2500 gramos y más;8
58;2;1;5.30 a 34;5.32 a 36;3.Secundario/Polimodal Completa y más;1.Menos de 2500 gramos;5
22;1;1;7.40 a 44;5.32 a 36;3.Secundario/Polimodal Completa y más;1.Menos de 2500 gramos;13
06;2;1;2.15 a 19;5.32 a 36;4.Sin especificar;2.2500 gramos y más;1
99;9;1;4.25 a 29;5.32 a 36;4.Sin especificar;3.Sin especificar;1
42;1;2;6.35 a 39;5.32 a 36;3.Secundario/Polimodal Completa y más;2.2500 gramos y más;6
99;9;2;7.40 a 44;6.37 a 41;4.Sin especificar;2.2500 gramos y más;3
06;2;2;2.15 a 19;4.28 a 31;4.Sin especificar;1.Menos de 2500 gramos;1
90;1;1;3.20 a 24;7.42 y más;2.Secundaria/Polimodal Incompleta;1.Menos de 2500 gramos;3
66;2;2;6.35 a 39;5.32 a 36;3.Secundario/Polimodal Completa y más;2.2500 gramos y más;3
14;1;2;9.Sin especificar;6.37 a 41;1.Hasta Primaria/C.EGB Completa;2.2500 gramos y más;29
54;2;2;5.30 a 34;3.24 a 27;1.Hasta Primaria/C.EGB Completa;1.Menos de 2500 gramos;2
02;2;1;6.35 a 39;6.37 a 41;3.Secundario/Polimodal Completa y más;1.Menos de 2500 gramos;7
82;1;1;8.De 45 y más;6.37 a 41;3.Secundario/Polimodal Completa y más;2.2500 gramos y más;42
06;1;2;4.25 a 29;4.28 a 31;4.Sin especificar;1.Menos de 2500 gramos;4
54;1;1;2.15 a 19;4.28 a 31;3.Secundario/Polimodal Completa y más;2.2500 gramos y más;1
82;2;2;5.30 a 34;5.32 a 36;3.Secundario/Polimodal Completa y más;1.Menos de 2500 gramos;40
22;1;2;4.25 a 29;4.28 a 31;1.Hasta Primaria/C.EGB Completa;1.Menos de 2500 gramos;3
82;2;2;6.35 a 39;6.37 a 41;2.Secundaria/Polimodal Incompleta;1.Menos de 2500 gramos;2
38;1;1;7.40 a 44;6.37 a 41;1.Hasta Primaria/C.EGB Completa;1.Menos de 2500 gramos;2
66;1;2;1.Menor de 15;5.32 a 36;1.Hasta Primaria/C.EGB Completa;1.Menos de 2500 gramos;1
06;1;1;5.30 a 34;5.32 a 36;1.Hasta Primaria/C.EGB Completa;1.Menos de 2500 gramos;85
94;1;1;5.30 a 34;6.37 a 41;2.Secundaria/Polimodal Incompleta;2.2500 gramos y más;34
34;1;1;6.35 a 39;6.37 a 41;2.Secundaria/Polimodal Incompleta;1.Menos de 2500 gramos;2
06;1;1;9.Sin especificar;5.32 a 36;4.Sin especificar;3.Sin especificar;4
90;1;2;3.20 a 24;8.Sin especificar;3.Secundario/Polimodal Completa y más;3.Sin especificar;1
06;1;2;9.Sin especificar;6.37 a 41;4.Sin especificar;2.2500 gramos y más;232
30;1;1;5.30 a 34;5.32 a 36;4.Sin especificar;1.Menos de 2500 gramos;2
38;1;2;5.30 a 34;3.24 a 27;3.Secundario/Polimodal Completa y más;1.Menos de 2500 gramos;1
74;1;1;1.Menor de 15;6.37 a 41;4.Sin especificar;2.2500 gramos y más;2
10;1;2;4.25 a 29;6.37 a 41;4.Sin especificar;2.2500 gramos y más;4
10;1;1;8.De 45 y más;6.37 a 41;3.Secundario/Polimodal Completa y más;2.2500 gramos y más;5
82;1;1;5.30 a 34;6.37 a 41;1.Hasta Primaria/C.EGB Completa;1.Menos de 2500 gramos;8
90;1;2;7.40 a 44;6.37 a 41;3.Secundario/Polimodal Completa y más;2.2500 gramos y más;202
66;1;2;2.15 a 19;6.37 a 41;3.Secundario/Polimodal Completa y más;2.2500 gramos y más;193
34;1;2;3.20 a 24;5.32 a 36;3.Secundario/Polimodal Completa y más;1.Menos de 2500 gramos;14
26;1;1;5.30 a 34;5.32 a 36;3.Secundario/Polimodal Completa y más;1.Menos de 2500 gramos;10
94;1;1;3.20 a 24;6.37 a 41;3.Secundario/Polimodal Completa y más;1.Menos de 2500 gramos;1
94;1;2;5.30 a 34;6.37 a 41;1.Hasta Primaria/C.EGB Completa;2.2500 gramos y más;6
06;2;2;5.30 a 34;6.37 a 41;4.Sin especificar;2.2500 gramos y más;7
58;1;2;8.De 45 y más;6.37 a 41;2.Secundaria/Polimodal Incompleta;2.2500 gramos y más;1
58;1;2;3.20 a 24;6.37 a 41;1.Hasta Primaria/C.EGB Completa;1.Menos de 2500 gramos;4
34;1;1;2.15 a 19;3.24 a 27;2.Secundaria/Polimodal Incompleta;1.Menos de 2500 gramos;1
74;1;2;3.20 a 24;6.37 a 41;3.Secundario/Polimodal Completa y más;2.2500 gramos y más;328
14;1;2;5.30 a 34;3.24 a 27;2.Secundaria/Polimodal Incompleta;1.Menos de 2500 gramos;3
62;1;2;6.35 a 39;2.22 a 23;3.Secundario/Polimodal Completa y más;1.Menos de 2500 gramos;1
86;1;2;4.25 a 29;5.32 a 36;1.Hasta Primaria/C.EGB Completa;1.Menos de 2500 gramos;8
86;1;2;2.15 a 19;5.32 a 36;1.Hasta Primaria/C.EGB Completa;2.2500 gramos y más;21
46;1;2;3.20 a 24;6.37 a 41;2.Secundaria/Polimodal Incompleta;2.2500 gramos y más;77
74;1;1;4.25 a 29;5.32 a 36;2.Secundaria/Polimodal Incompleta;2.2500 gramos y más;11
18;1;2;4.25 a 29;6.37 a 41;3.Secundario/Polimodal Completa y más;3.Sin especificar;6
22;9;2;3.20 a 24;8.Sin especificar;1.Hasta Primaria/C.EGB Completa;3.Sin especificar;2
66;1;2;1.Menor de 15;5.32 a 36;1.Hasta Primaria/C.EGB Completa;2.2500 gramos y más;1
50;2;2;5.30 a 34;5.32 a 36;1.Hasta Primaria/C.EGB Completa;1.Menos de 2500 gramos;4
90;2;2;5.30 a 34;8.Sin especificar;3.Secundario/Polimodal Completa y más;1.Menos de 2500 gramos;1
54;1;2;6.35 a 39;6.37 a 41;3.Secundario/Polimodal Completa y más;1.Menos de 2500 gramos;5
62;1;1;3.20 a 24;5.32 a 36;3.Secundario/Polimodal Completa y más;2.2500 gramos y más;18
30;2;2;7.40 a 44;5.32 a 36;2.Secundaria/Polimodal Incompleta;2.2500 gramos y más;2
66;2;2;7.40 a 44;6.37 a 41;1.Hasta Primaria/C.EGB Completa;2.2500 gramos y más;1
18;1;2;8.De 45 y más;6.37 a 41;1.Hasta Primaria/C.EGB Completa;2.2500 gramos y más;3
82;1;1;5.30 a 34;6.37 a 41;1.Hasta Primaria/C.EGB Completa;2.2500 gramos y más;570
90;2;2;4.25 a 29;3.24 a 27;2.Secundaria/Polimodal Incompleta;3.Sin especificar;1
26;1;1;5.30 a 34;5.32 a 36;3.Secundario/Polimodal Completa y más;2.2500 gramos y más;11
58;1;2;2.15 a 19;3.24 a 27;3.Secundario/Polimodal Completa y más;1.Menos de 2500 gramos;1
58;2;2;3.20 a 24;6.37 a 41;3.Secundario/Polimodal Completa y más;2.2500 gramos y más;2
46;1;1;7.40 a 44;5.32 a 36;3.Secundario/Polimodal Completa y más;1.Menos de 2500 gramos;5
50;1;2;4.25 a 29;6.37 a 41;1.Hasta Primaria/C.EGB Completa;2.2500 gramos y más;330
06;2;2;4.25 a 29;3.24 a 27;1.Hasta Primaria/C.EGB Completa;1.Menos de 2500 gramos;3
34;1;2;1.Menor de 15;5.32 a 36;2.Secundaria/Polimodal Incompleta;1.Menos de 2500 gramos;1
82;1;1;6.35 a 39;6.37 a 41;2.Secundaria/Polimodal Incompleta;2.2500 gramos y más;289
38;2;2;3.20 a 24;5.32 a 36;3.Secundario/Polimodal Completa y más;1.Menos de 2500 gramos;3
90;1;1;4.25 a 29;8.Sin especificar;1.Hasta Primaria/C.EGB Completa;2.2500 gramos y más;17
06;2;2;4.25 a 29;8.Sin especificar;2.Secundaria/Polimodal Incompleta;3.Sin especificar;1
30;2;2;6.35 a 39;5.32 a 36;1.Hasta Primaria/C.EGB Completa;2.2500 gramos y más;1
06;1;2;5.30 a 34;8.Sin especificar;3.Secundario/Polimodal Completa y más;3.Sin especificar;14
14;1;1;4.25 a 29;5.32 a 36;3.Secundario/Polimodal Completa y más;1.Menos de 2500 gramos;89
06;1;1;3.20 a 24;5.32 a 36;4.Sin especificar;2.2500 gramos y más;34
86;1;1;4.25 a 29;4.28 a 31;1.Hasta Primaria/C.EGB Completa;2.2500 gramos y más;1
38;1;1;7.40 a 44;5.32 a 36;1.Hasta Primaria/C.EGB Completa;2.2500 gramos y más;2
06;1;1;9.Sin especificar;8.Sin especificar;3.Secundario/Polimodal Completa y más;3.Sin especificar;33
18;1;2;5.30 a 34;5.32 a 36;4.Sin especificar;1.Menos de 2500 gramos;10
74;1;2;3.20 a 24;5.32 a 36;2.Secundaria/Polimodal Incompleta;2.2500 gramos y más;5
74;1;2;4.25 a 29;7.42 y más;1.Hasta Primaria/C.EGB Completa;2.2500 gramos y más;2
62;1;1;3.20 a 24;5.32 a 36;2.Secundaria/Polimodal Incompleta;1.Menos de 2500 gramos;6
90;2;1;3.20 a 24;5.32 a 36;3.Secundario/Polimodal Completa y más;1.Menos de 2500 gramos;9
18;1;1;2.15 a 19;5.32 a 36;1.Hasta Primaria/C.EGB Completa;2.2500 gramos y más;4
14;1;1;6.35 a 39;4.28 a 31;1.Hasta Primaria/C.EGB Completa;1.Menos de 2500 gramos;8
58;1;2;7.40 a 44;6.37 a 41;4.Sin especificar;2.2500 gramos y más;2
06;1;2;7.40 a 44;6.37 a 41;4.Sin especificar;2.2500 gramos y más;243
82;1;1;2.15 a 19;5.32 a 36;2.Secundaria/Polimodal Incompleta;1.Menos de 2500 gramos;46
54;1;1;3.20 a 24;6.37 a 41;3.Secundario/Polimodal Completa y más;1.Menos de 2500 gramos;20
18;1;2;3.20 a 24;6.37 a 41;2.Secundaria/Polimodal Incompleta;2.2500 gramos y más;436
14;1;1;9.Sin especificar;6.37 a 41;1.Hasta Primaria/C.EGB Completa;3.Sin especificar;1
02;2;2;6.35 a 39;6.37 a 41;4.Sin especificar;2.2500 gramos y más;6
10;1;1;4.25 a 29;3.24 a 27;3.Secundario/Polimodal Completa y más;1.Menos de 2500 gramos;1
46;1;2;6.35 a 39;3.24 a 27;3.Secundario/Polimodal Completa y más;1.Menos de 2500 gramos;2
14;1;1;4.25 a 29;6.37 a 41;2.Secundaria/Polimodal Incompleta;3.Sin especificar;3
26;1;2;5.30 a 34;7.42 y más;2.Secundaria/Polimodal Incompleta;2.2500 gramos y más;1
90;1;2;2.15 a 19;3.24 a 27;2.Secundaria/Polimodal Incompleta;1.Menos de 2500 gramos;1
99;1;2;2.15 a 19;6.37 a 41;4.Sin especificar;2.2500 gramos y más;2
02;1;1;6.35 a 39;5.32 a 36;1.Hasta Primaria/C.EGB Completa;2.2500 gramos y más;4
42;1;2;2.15 a 19;5.32 a 36;2.Secundaria/Polimodal Incompleta;2.2500 gramos y más;2
06;1;1;2.15 a 19;8.Sin especificar;1.Hasta Primaria/C.EGB Completa;1.Menos de 2500 gramos;6
50;1;1;5.30 a 34;8.Sin especificar;2.Secundaria/Polimodal Incompleta;2.2500 gramos y más;1
82;2;1;2.15 a 19;4.28 a 31;2.Secundaria/Polimodal Incompleta;1.Menos de 2500 gramos;14
46;1;2;1.Menor de 15;5.32 a 36;1.Hasta Primaria/C.EGB Completa;1.Menos de 2500 gramos;1
54;2;1;4.25 a 29;6.37 a 41;2.Secundaria/Polimodal Incompleta;1.Menos de 2500 gramos;4
22;1;1;9.Sin especificar;6.37 a 41;3.Secundario/Polimodal Completa y más;2.2500 gramos y más;7
82;2;2;3.20 a 24;5.32 a 36;3.Secundario/Polimodal Completa y más;2.2500 gramos y más;5
38;1;1;3.20 a 24;7.42 y más;1.Hasta Primaria/C.EGB Completa;2.2500 gramos y más;1
38;1;2;7.40 a 44;6.37 a 41;2.Secundaria/Polimodal Incompleta;1.Menos de 2500 gramos;2
86;1;2;4.25 a 29;6.37 a 41;1.Hasta Primaria/C.EGB Completa;1.Menos de 2500 gramos;15
82;1;1;2.15 a 19;5.32 a 36;2.Secundaria/Polimodal Incompleta;2.2500 gramos y más;57
90;1;2;4.25 a 29;1.Menos de 22;3.Secundario/Polimodal Completa y más;1.Menos de 2500 gramos;3
50;1;2;7.40 a 44;3.24 a 27;2.Secundaria/Polimodal Incompleta;1.Menos de 2500 gramos;1
02;1;9;4.25 a 29;6.37 a 41;3.Secundario/Polimodal Completa y más;2.2500 gramos y más;1
50;1;2;3.20 a 24;4.28 a 31;3.Secundario/Polimodal Completa y más;1.Menos de 2500 gramos;8
42;1;1;2.15 a 19;5.32 a 36;3.Secundario/Polimodal Completa y más;2.2500 gramos y más;1
90;1;2;5.30 a 34;6.37 a 41;4.Sin especificar;2.2500 gramos y más;1
02;2;1;4.25 a 29;5.32 a 36;3.Secundario/Polimodal Completa y más;2.2500 gramos y más;3
14;1;2;4.25 a 29;6.37 a 41;4.Sin especificar;2.2500 gramos y más;33
02;9;2;4.25 a 29;5.32 a 36;3.Secundario/Polimodal Completa y más;1.Menos de 2500 gramos;1
99;1;2;9.Sin especificar;5.32 a 36;3.Secundario/Polimodal Completa y más;2.2500 gramos y más;1
38;1;1;7.40 a 44;6.37 a 41;3.Secundario/Polimodal Completa y más;1.Menos de 2500 gramos;2
30;1;2;5.30 a 34;5.32 a 36;1.Hasta Primaria/C.EGB Completa;1.Menos de 2500 gramos;2
26;2;2;4.25 a 29;5.32 a 36;2.Secundaria/Polimodal Incompleta;1.Menos de 2500 gramos;3
22;1;1;2.15 a 19;5.32 a 36;3.Secundario/Polimodal Completa y más;1.Menos de 2500 gramos;9
70;1;1;1.Menor de 15;6.37 a 41;1.Hasta Primaria/C.EGB Completa;2.2500 gramos y más;5
26;1;2;3.20 a 24;3.24 a 27;3.Secundario/Polimodal Completa y más;1.Menos de 2500 gramos;1
18;2;2;7.40 a 44;6.37 a 41;3.Secundario/Polimodal Completa y más;1.Menos de 2500 gramos;2
02;1;1;7.40 a 44;5.32 a 36;4.Sin especificar;2.2500 gramos y más;3
02;2;1;4.25 a 29;5.32 a 36;3.Secundario/Polimodal Completa y más;1.Menos de 2500 gramos;12
06;2;1;4.25 a 29;6.37 a 41;1.Hasta Primaria/C.EGB Completa;2.2500 gramos y más;18
78;1;1;3.20 a 24;3.24 a 27;2.Secundaria/Polimodal Incompleta;1.Menos de 2500 gramos;1
90;1;1;3.20 a 24;7.42 y más;1.Hasta Primaria/C.EGB Completa;2.2500 gramos y más;41
50;1;1;8.De 45 y más;6.37 a 41;2.Secundaria/Polimodal Incompleta;2.2500 gramos y más;2
22;1;2;2.15 a 19;5.32 a 36;2.Secundaria/Polimodal Incompleta;2.2500 gramos y más;20
90;2;2;6.35 a 39;3.24 a 27;3.Secundario/Polimodal Completa y más;1.Menos de 2500 gramos;2
22;2;2;2.15 a 19;5.32 a 36;1.Hasta Primaria/C.EGB Completa;1.Menos de 2500 gramos;1
30;1;1;5.30 a 34;6.37 a 41;4.Sin especificar;1.Menos de 2500 gramos;1
90;1;2;8.De 45 y más;6.37 a 41;3.Secundario/Polimodal Completa y más;2.2500 gramos y más;13
86;2;2;5.30 a 34;5.32 a 36;1.Hasta Primaria/C.EGB Completa;1.Menos de 2500 gramos;5
90;2;1;7.40 a 44;4.28 a 31;3.Secundario/Polimodal Completa y más;1.Menos de 2500 gramos;3
98;1;1;3.20 a 24;6.37 a 41;2.Secundaria/Polimodal Incompleta;2.2500 gramos y más;1
30;1;1;3.20 a 24;5.32 a 36;4.Sin especificar;2.2500 gramos y más;1
10;1;1;2.15 a 19;8.Sin especificar;3.Secundario/Polimodal Completa y más;2.2500 gramos y más;2
02;2;2;4.25 a 29;6.37 a 41;4.Sin especificar;2.2500 gramos y más;3
10;1;1;6.35 a 39;8.Sin especificar;2.Secundaria/Polimodal Incompleta;2.2500 gramos y más;2
42;2;2;4.25 a 29;6.37 a 41;3.Secundario/Polimodal Completa y más;2.2500 gramos y más;2
18;2;1;6.35 a 39;6.37 a 41;1.Hasta Primaria/C.EGB Completa;1.Menos de 2500 gramos;3
02;2;2;6.35 a 39;4.28 a 31;3.Secundario/Polimodal Completa y más;1.Menos de 2500 gramos;8
18;1;1;6.35 a 39;7.42 y más;3.Secundario/Polimodal Completa y más;2.2500 gramos y más;3
14;1;2;3.20 a 24;8.Sin especificar;3.Secundario/Polimodal Completa y más;2.2500 gramos y más;2
46;1;1;3.20 a 24;6.37 a 41;1.Hasta Primaria/C.EGB Completa;2.2500 gramos y más;91
18;1;2;7.40 a 44;4.28 a 31;3.Secundario/Polimodal Completa y más;1.Menos de 2500 gramos;1
66;2;1;3.20 a 24;5.32 a 36;3.Secundario/Polimodal Completa y más;1.Menos de 2500 gramos;3
14;1;1;3.20 a 24;5.32 a 36;1.Hasta Primaria/C.EGB Completa;2.2500 gramos y más;15
22;1;1;1.Menor de 15;6.37 a 41;2.Secundaria/Polimodal Incompleta;2.2500 gramos y más;22
86;1;2;8.De 45 y más;5.32 a 36;1.Hasta Primaria/C.EGB Completa;1.Menos de 2500 gramos;1
82;2;2;7.40 a 44;8.Sin especificar;3.Secundario/Polimodal Completa y más;1.Menos de 2500 gramos;2
46;1;1;2.15 a 19;6.37 a 41;4.Sin especificar;1.Menos de 2500 gramos;1
82;2;2;7.40 a 44;5.32 a 36;2.Secundaria/Polimodal Incompleta;1.Menos de 2500 gramos;1
18;1;1;3.20 a 24;6.37 a 41;3.Secundario/Polimodal Completa y más;3.Sin especificar;4
38;1;2;5.30 a 34;5.32 a 36;3.Secundario/Polimodal Completa y más;1.Menos de 2500 gramos;18
30;2;2;5.30 a 34;6.37 a 41;2.Secundaria/Polimodal Incompleta;1.Menos de 2500 gramos;3
18;1;1;7.40 a 44;7.42 y más;2.Secundaria/Polimodal Incompleta;2.2500 gramos y más;1
02;9;1;2.15 a 19;5.32 a 36;4.Sin especificar;2.2500 gramos y más;1
99;9;1;4.25 a 29;6.37 a 41;4.Sin especificar;1.Menos de 2500 gramos;1
30;1;1;3.20 a 24;4.28 a 31;1.Hasta Primaria/C.EGB Completa;1.Menos de 2500 gramos;1
42;2;1;5.30 a 34;6.37 a 41;3.Secundario/Polimodal Completa y más;2.2500 gramos y más;1
66;1;1;2.15 a 19;8.Sin especificar;1.Hasta Primaria/C.EGB Completa;2.2500 gramos y más;3
06;2;2;4.25 a 29;6.37 a 41;3.Secundario/Polimodal Completa y más;1.Menos de 2500 gramos;18
22;1;1;3.20 a 24;6.37 a 41;2.Secundaria/Polimodal Incompleta;2.2500 gramos y más;600
99;9;2;4.25 a 29;5.32 a 36;4.Sin especificar;1.Menos de 2500 gramos;1
66;1;1;4.25 a 29;6.37 a 41;2.Secundaria/Polimodal Incompleta;1.Menos de 2500 gramos;4
06;2;2;7.40 a 44;3.24 a 27;3.Secundario/Polimodal Completa y más;1.Menos de 2500 gramos;1
06;1;1;8.De 45 y más;5.32 a 36;2.Secundaria/Polimodal Incompleta;1.Menos de 2500 gramos;2
86;1;1;5.30 a 34;6.37 a 41;2.Secundaria/Polimodal Incompleta;1.Menos de 2500 gramos;3
30;1;1;3.20 a 24;6.37 a 41;3.Secundario/Polimodal Completa y más;3.Sin especificar;1
86;1;2;8.De 45 y más;5.32 a 36;1.Hasta Primaria/C.EGB Completa;2.2500 gramos y más;2
18;1;2;7.40 a 44;5.32 a 36;2.Secundaria/Polimodal Incompleta;3.Sin especificar;1
06;2;1;7.40 a 44;6.37 a 41;1.Hasta Primaria/C.EGB Completa;2.2500 gramos y más;9
82;1;1;7.40 a 44;6.37 a 41;3.Secundario/Polimodal Completa y más;1.Menos de 2500 gramos;5
86;1;2;7.40 a 44;5.32 a 36;2.Secundaria/Polimodal Incompleta;1.Menos de 2500 gramos;1
10;1;1;1.Menor de 15;6.37 a 41;1.Hasta Primaria/C.EGB Completa;2.2500 gramos y más;2
22;1;2;2.15 a 19;6.37 a 41;4.Sin especificar;1.Menos de 2500 gramos;2
26;1;1;5.30 a 34;7.42 y más;3.Secundario/Polimodal Completa y más;2.2500 gramos y más;2
06;1;9;2.15 a 19;8.Sin especificar;4.Sin especificar;3.Sin especificar;1
02;1;1;5.30 a 34;6.37 a 41;3.Secundario/Polimodal Completa y más;1.Menos de 2500 gramos;40
34;1;1;1.Menor de 15;6.37 a 41;4.Sin especificar;2.2500 gramos y más;9
54;1;2;2.15 a 19;6.37 a 41;2.Secundaria/Polimodal Incompleta;2.2500 gramos y más;647
50;2;2;3.20 a 24;5.32 a 36;3.Secundario/Polimodal Completa y más;1.Menos de 2500 gramos;9
46;1;2;3.20 a 24;6.37 a 41;3.Secundario/Polimodal Completa y más;1.Menos de 2500 gramos;6
38;1;2;7.40 a 44;6.37 a 41;2.Secundaria/Polimodal Incompleta;2.2500 gramos y más;18
14;1;2;3.20 a 24;5.32 a 36;3.Secundario/Polimodal Completa y más;1.Menos de 2500 gramos;62
10;1;1;3.20 a 24;6.37 a 41;4.Sin especificar;2.2500 gramos y más;5
06;1;1;2.15 a 19;3.24 a 27;2.Secundaria/Polimodal Incompleta;1.Menos de 2500 gramos;17
02;1;2;4.25 a 29;8.Sin especificar;4.Sin especificar;3.Sin especificar;2
46;1;2;4.25 a 29;5.32 a 36;1.Hasta Primaria/C.EGB Completa;1.Menos de 2500 gramos;1
06;1;1;3.20 a 24;3.24 a 27;3.Secundario/Polimodal Completa y más;1.Menos de 2500 gramos;27
54;1;2;5.30 a 34;5.32 a 36;2.Secundaria/Polimodal Incompleta;1.Menos de 2500 gramos;9
58;1;2;2.15 a 19;7.42 y más;3.Secundario/Polimodal Completa y más;2.2500 gramos y más;1
46;1;1;9.Sin especificar;6.37 a 41;2.Secundaria/Polimodal Incompleta;2.2500 gramos y más;1
58;1;1;2.15 a 19;5.32 a 36;1.Hasta Primaria/C.EGB Completa;2.2500 gramos y más;1
86;1;1;1.Menor de 15;6.37 a 41;2.Secundaria/Polimodal Incompleta;2.2500 gramos y más;3
18;1;2;7.40 a 44;6.37 a 41;2.Secundaria/Polimodal Incompleta;1.Menos de 2500 gramos;1
46;1;1;4.25 a 29;6.37 a 41;2.Secundaria/Polimodal Incompleta;2.2500 gramos y más;53
70;2;1;4.25 a 29;5.32 a 36;2.Secundaria/Polimodal Incompleta;1.Menos de 2500 gramos;2
50;1;1;4.25 a 29;2.22 a 23;2.Secundaria/Polimodal Incompleta;1.Menos de 2500 gramos;3
54;2;2;6.35 a 39;5.32 a 36;3.Secundario/Polimodal Completa y más;1.Menos de 2500 gramos;3
02;2;2;3.20 a 24;5.32 a 36;4.Sin especificar;1.Menos de 2500 gramos;4
14;1;1;2.15 a 19;6.37 a 41;4.Sin especificar;2.2500 gramos y más;2
90;2;1;5.30 a 34;7.42 y más;3.Secundario/Polimodal Completa y más;1.Menos de 2500 gramos;1
10;1;1;5.30 a 34;6.37 a 41;1.Hasta Primaria/C.EGB Completa;1.Menos de 2500 gramos;1
66;2;1;6.35 a 39;6.37 a 41;3.Secundario/Polimodal Completa y más;1.Menos de 2500 gramos;5
58;1;1;7.40 a 44;5.32 a 36;2.Secundaria/Polimodal Incompleta;2.2500 gramos y más;1
02;2;1;3.20 a 24;6.37 a 41;1.Hasta Primaria/C.EGB Completa;2.2500 gramos y más;1
02;9;1;4.25 a 29;6.37 a 41;4.Sin especificar;1.Menos de 2500 gramos;2
50;1;1;6.35 a 39;2.22 a 23;2.Secundaria/Polimodal Incompleta;1.Menos de 2500 gramos;2
42;1;1;2.15 a 19;6.37 a 41;3.Secundario/Polimodal Completa y más;2.2500 gramos y más;41
62;1;2;3.20 a 24;6.37 a 41;1.Hasta Primaria/C.EGB Completa;2.2500 gramos y más;112
99;2;2;9.Sin especificar;8.Sin especificar;4.Sin especificar;3.Sin especificar;1
70;1;1;6.35 a 39;7.42 y más;2.Secundaria/Polimodal Incompleta;2.2500 gramos y más;1
06;1;2;9.Sin especificar;5.32 a 36;2.Secundaria/Polimodal Incompleta;2.2500 gramos y más;6
38;1;1;7.40 a 44;3.24 a 27;2.Secundaria/Polimodal Incompleta;1.Menos de 2500 gramos;1
86;9;1;9.Sin especificar;8.Sin especificar;4.Sin especificar;3.Sin especificar;1
26;2;1;3.20 a 24;5.32 a 36;3.Secundario/Polimodal Completa y más;1.Menos de 2500 gramos;1
46;1;2;7.40 a 44;6.37 a 41;4.Sin especificar;2.2500 gramos y más;2
14;1;1;5.30 a 34;5.32 a 36;4.Sin especificar;1.Menos de 2500 gramos;2
86;1;1;7.40 a 44;7.42 y más;1.Hasta Primaria/C.EGB Completa;2.2500 gramos y más;3
42;1;2;8.De 45 y más;6.37 a 41;1.Hasta Primaria/C.EGB Completa;2.2500 gramos y más;1
50;2;1;5.30 a 34;5.32 a 36;2.Secundaria/Polimodal Incompleta;1.Menos de 2500 gramos;4
58;1;1;7.40 a 44;5.32 a 36;2.Secundaria/Polimodal Incompleta;1.Menos de 2500 gramos;2
54;1;2;3.20 a 24;5.32 a 36;2.Secundaria/Polimodal Incompleta;2.2500 gramos y más;38
78;2;2;4.25 a 29;5.32 a 36;3.Secundario/Polimodal Completa y más;1.Menos de 2500 gramos;2
50;1;2;4.25 a 29;6.37 a 41;1.Hasta Primaria/C.EGB Completa;1.Menos de 2500 gramos;8
62;1;1;2.15 a 19;5.32 a 36;3.Secundario/Polimodal Completa y más;2.2500 gramos y más;1
90;1;2;4.25 a 29;1.Menos de 22;1.Hasta Primaria/C.EGB Completa;1.Menos de 2500 gramos;2
34;1;1;6.35 a 39;4.28 a 31;4.Sin especificar;1.Menos de 2500 gramos;2
22;1;2;5.30 a 34;5.32 a 36;3.Secundario/Polimodal Completa y más;2.2500 gramos y más;31
06;1;2;6.35 a 39;6.37 a 41;3.Secundario/Polimodal Completa y más;3.Sin especificar;27
42;1;1;3.20 a 24;6.37 a 41;1.Hasta Primaria/C.EGB Completa;2.2500 gramos y más;31
34;1;1;2.15 a 19;4.28 a 31;4.Sin especificar;1.Menos de 2500 gramos;1
70;1;2;4.25 a 29;5.32 a 36;1.Hasta Primaria/C.EGB Completa;1.Menos de 2500 gramos;1
30;2;1;3.20 a 24;6.37 a 41;2.Secundaria/Polimodal Incompleta;2.2500 gramos y más;5
82;2;2;6.35 a 39;4.28 a 31;1.Hasta Primaria/C.EGB Completa;1.Menos de 2500 gramos;2
34;1;2;5.30 a 34;6.37 a 41;3.Secundario/Polimodal Completa y más;1.Menos de 2500 gramos;6
66;1;1;2.15 a 19;3.24 a 27;1.Hasta Primaria/C.EGB Completa;1.Menos de 2500 gramos;1
99;9;2;7.40 a 44;6.37 a 41;4.Sin especificar;1.Menos de 2500 gramos;1
54;1;1;6.35 a 39;6.37 a 41;1.Hasta Primaria/C.EGB Completa;1.Menos de 2500 gramos;13
10;1;2;5.30 a 34;6.37 a 41;3.Secundario/Polimodal Completa y más;2.2500 gramos y más;312
38;1;2;5.30 a 34;5.32 a 36;1.Hasta Primaria/C.EGB Completa;1.Menos de 2500 gramos;3
14;2;2;2.15 a 19;6.37 a 41;2.Secundaria/Polimodal Incompleta;2.2500 gramos y más;3
46;1;1;7.40 a 44;6.37 a 41;2.Secundaria/Polimodal Incompleta;2.2500 gramos y más;8
90;1;1;2.15 a 19;5.32 a 36;3.Secundario/Polimodal Completa y más;2.2500 gramos y más;32
38;1;2;7.40 a 44;4.28 a 31;2.Secundaria/Polimodal Incompleta;1.Menos de 2500 gramos;1
54;1;2;4.25 a 29;6.37 a 41;3.Secundario/Polimodal Completa y más;1.Menos de 2500 gramos;21
42;1;1;7.40 a 44;5.32 a 36;1.Hasta Primaria/C.EGB Completa;2.2500 gramos y más;2
58;2;1;6.35 a 39;6.37 a 41;3.Secundario/Polimodal Completa y más;2.2500 gramos y más;2
86;2;1;6.35 a 39;5.32 a 36;1.Hasta Primaria/C.EGB Completa;1.Menos de 2500 gramos;2
30;1;1;3.20 a 24;8.Sin especificar;3.Secundario/Polimodal Completa y más;3.Sin especificar;2
62;1;1;4.25 a 29;7.42 y más;2.Secundaria/Polimodal Incompleta;2.2500 gramos y más;1
46;1;2;7.40 a 44;6.37 a 41;1.Hasta Primaria/C.EGB Completa;2.2500 gramos y más;13
02;1;2;2.15 a 19;6.37 a 41;1.Hasta Primaria/C.EGB Completa;2.2500 gramos y más;111
38;1;1;4.25 a 29;7.42 y más;2.Secundaria/Polimodal Incompleta;2.2500 gramos y más;2
58;1;1;8.De 45 y más;6.37 a 41;3.Secundario/Polimodal Completa y más;2.2500 gramos y más;6
06;9;2;6.35 a 39;6.37 a 41;2.Secundaria/Polimodal Incompleta;2.2500 gramos y más;1
06;2;2;7.40 a 44;3.24 a 27;1.Hasta Primaria/C.EGB Completa;1.Menos de 2500 gramos;2
46;1;2;5.30 a 34;6.37 a 41;1.Hasta Primaria/C.EGB Completa;1.Menos de 2500 gramos;3
74;2;1;6.35 a 39;5.32 a 36;3.Secundario/Polimodal Completa y más;1.Menos de 2500 gramos;3
02;1;1;4.25 a 29;8.Sin especificar;3.Secundario/Polimodal Completa y más;2.2500 gramos y más;1
58;2;1;2.15 a 19;6.37 a 41;2.Secundaria/Polimodal Incompleta;1.Menos de 2500 gramos;1
54;2;2;3.20 a 24;6.37 a 41;1.Hasta Primaria/C.EGB Completa;1.Menos de 2500 gramos;2
38;1;2;4.25 a 29;6.37 a 41;2.Secundaria/Polimodal Incompleta;1.Menos de 2500 gramos;4
06;1;2;5.30 a 34;5.32 a 36;1.Hasta Primaria/C.EGB Completa;2.2500 gramos y más;77
82;1;1;2.15 a 19;4.28 a 31;3.Secundario/Polimodal Completa y más;1.Menos de 2500 gramos;3
06;1;1;7.40 a 44;8.Sin especificar;4.Sin especificar;3.Sin especificar;56
02;1;2;5.30 a 34;5.32 a 36;3.Secundario/Polimodal Completa y más;1.Menos de 2500 gramos;65
90;1;2;3.20 a 24;6.37 a 41;2.Secundaria/Polimodal Incompleta;2.2500 gramos y más;449
18;1;1;3.20 a 24;6.37 a 41;3.Secundario/Polimodal Completa y más;2.2500 gramos y más;736
66;2;1;5.30 a 34;6.37 a 41;3.Secundario/Polimodal Completa y más;2.2500 gramos y más;7
78;1;2;6.35 a 39;6.37 a 41;1.Hasta Primaria/C.EGB Completa;2.2500 gramos y más;18
54;1;2;1.Menor de 15;6.37 a 41;2.Secundaria/Polimodal Incompleta;2.2500 gramos y más;19
82;1;2;7.40 a 44;5.32 a 36;3.Secundario/Polimodal Completa y más;1.Menos de 2500 gramos;29
82;1;1;3.20 a 24;4.28 a 31;3.Secundario/Polimodal Completa y más;1.Menos de 2500 gramos;19
22;1;1;5.30 a 34;5.32 a 36;2.Secundaria/Polimodal Incompleta;1.Menos de 2500 gramos;12
06;2;1;6.35 a 39;5.32 a 36;2.Secundaria/Polimodal Incompleta;1.Menos de 2500 gramos;17
82;1;2;2.15 a 19;4.28 a 31;2.Secundaria/Polimodal Incompleta;1.Menos de 2500 gramos;16
82;2;1;6.35 a 39;6.37 a 41;2.Secundaria/Polimodal Incompleta;2.2500 gramos y más;3
18;2;2;4.25 a 29;6.37 a 41;3.Secundario/Polimodal Completa y más;1.Menos de 2500 gramos;5
82;1;2;4.25 a 29;8.Sin especificar;1.Hasta Primaria/C.EGB Completa;2.2500 gramos y más;1
34;2;2;6.35 a 39;6.37 a 41;4.Sin especificar;2.2500 gramos y más;1
06;1;1;3.20 a 24;6.37 a 41;3.Secundario/Polimodal Completa y más;3.Sin especificar;24
18;1;2;5.30 a 34;5.32 a 36;2.Secundaria/Polimodal Incompleta;1.Menos de 2500 gramos;12
06;2;2;4.25 a 29;2.22 a 23;3.Secundario/Polimodal Completa y más;1.Menos de 2500 gramos;1
18;2;1;4.25 a 29;5.32 a 36;2.Secundaria/Polimodal Incompleta;2.2500 gramos y más;1
30;1;1;6.35 a 39;5.32 a 36;3.Secundario/Polimodal Completa y más;1.Menos de 2500 gramos;25
06;1;1;4.25 a 29;2.22 a 23;2.Secundaria/Polimodal Incompleta;3.Sin especificar;1
10;1;2;3.20 a 24;8.Sin especificar;1.Hasta Primaria/C.EGB Completa;2.2500 gramos y más;1
22;9;9;3.20 a 24;6.37 a 41;1.Hasta Primaria/C.EGB Completa;3.Sin especificar;1
50;1;1;6.35 a 39;5.32 a 36;2.Secundaria/Polimodal Incompleta;1.Menos de 2500 gramos;5
86;1;2;5.30 a 34;7.42 y más;1.Hasta Primaria/C.EGB Completa;2.2500 gramos y más;8
02;1;2;7.40 a 44;4.28 a 31;4.Sin especificar;1.Menos de 2500 gramos;2
50;1;2;3.20 a 24;2.22 a 23;3.Secundario/Polimodal Completa y más;1.Menos de 2500 gramos;1
22;1;1;4.25 a 29;8.Sin especificar;3.Secundario/Polimodal Completa y más;2.2500 gramos y más;7
18;2;1;4.25 a 29;5.32 a 36;2.Secundaria/Polimodal Incompleta;1.Menos de 2500 gramos;1
26;1;1;3.20 a 24;5.32 a 36;2.Secundaria/Polimodal Incompleta;2.2500 gramos y más;7
70;1;1;6.35 a 39;3.24 a 27;3.Secundario/Polimodal Completa y más;1.Menos de 2500 gramos;1
86;2;1;6.35 a 39;6.37 a 41;1.Hasta Primaria/C.EGB Completa;1.Menos de 2500 gramos;1
30;1;1;4.25 a 29;4.28 a 31;4.Sin especificar;3.Sin especificar;1
58;1;2;3.20 a 24;2.22 a 23;2.Secundaria/Polimodal Incompleta;1.Menos de 2500 gramos;1
06;1;1;5.30 a 34;8.Sin especificar;4.Sin especificar;3.Sin especificar;261
06;2;1;2.15 a 19;3.24 a 27;4.Sin especificar;1.Menos de 2500 gramos;2
54;1;2;1.Menor de 15;6.37 a 41;2.Secundaria/Polimodal Incompleta;1.Menos de 2500 gramos;1
86;1;1;3.20 a 24;6.37 a 41;3.Secundario/Polimodal Completa y más;2.2500 gramos y más;535
82;1;1;3.20 a 24;5.32 a 36;2.Secundaria/Polimodal Incompleta;1.Menos de 2500 gramos;53
90;2;1;5.30 a 34;5.32 a 36;2.Secundaria/Polimodal Incompleta;2.2500 gramos y más;3
62;1;2;5.30 a 34;6.37 a 41;1.Hasta Primaria/C.EGB Completa;2.2500 gramos y más;85
30;1;1;3.20 a 24;5.32 a 36;3.Secundario/Polimodal Completa y más;1.Menos de 2500 gramos;24
22;2;1;5.30 a 34;5.32 a 36;1.Hasta Primaria/C.EGB Completa;3.Sin especificar;1
02;1;1;8.De 45 y más;6.37 a 41;2.Secundaria/Polimodal Incompleta;1.Menos de 2500 gramos;1
82;1;2;3.20 a 24;5.32 a 36;1.Hasta Primaria/C.EGB Completa;1.Menos de 2500 gramos;34
10;1;2;2.15 a 19;8.Sin especificar;2.Secundaria/Polimodal Incompleta;3.Sin especificar;2
18;1;2;2.15 a 19;6.37 a 41;4.Sin especificar;1.Menos de 2500 gramos;5
30;1;1;9.Sin especificar;6.37 a 41;3.Secundario/Polimodal Completa y más;2.2500 gramos y más;3
14;1;2;5.30 a 34;8.Sin especificar;2.Secundaria/Polimodal Incompleta;2.2500 gramos y más;1
34;1;2;7.40 a 44;6.37 a 41;2.Secundaria/Polimodal Incompleta;2.2500 gramos y más;10
22;1;2;4.25 a 29;4.28 a 31;2.Secundaria/Polimodal Incompleta;1.Menos de 2500 gramos;4
02;2;2;7.40 a 44;5.32 a 36;2.Secundaria/Polimodal Incompleta;1.Menos de 2500 gramos;2
62;1;2;7.40 a 44;6.37 a 41;2.Secundaria/Polimodal Incompleta;2.2500 gramos y más;20
30;1;1;5.30 a 34;6.37 a 41;1.Hasta Primaria/C.EGB Completa;1.Menos de 2500 gramos;3
02;2;1;7.40 a 44;5.32 a 36;3.Secundario/Polimodal Completa y más;1.Menos de 2500 gramos;14
18;2;1;5.30 a 34;5.32 a 36;4.Sin especificar;1.Menos de 2500 gramos;3
90;1;2;4.25 a 29;8.Sin especificar;3.Secundario/Polimodal Completa y más;1.Menos de 2500 gramos;1
02;9;2;4.25 a 29;6.37 a 41;4.Sin especificar;1.Menos de 2500 gramos;4
06;9;2;7.40 a 44;6.37 a 41;3.Secundario/Polimodal Completa y más;2.2500 gramos y más;2
02;1;2;3.20 a 24;5.32 a 36;1.Hasta Primaria/C.EGB Completa;1.Menos de 2500 gramos;10
74;1;2;5.30 a 34;6.37 a 41;3.Secundario/Polimodal Completa y más;1.Menos de 2500 gramos;14
58;2;2;4.25 a 29;6.37 a 41;2.Secundaria/Polimodal Incompleta;2.2500 gramos y más;1
62;1;1;7.40 a 44;6.37 a 41;1.Hasta Primaria/C.EGB Completa;2.2500 gramos y más;21
82;2;2;6.35 a 39;5.32 a 36;1.Hasta Primaria/C.EGB Completa;2.2500 gramos y más;2
86;2;2;7.40 a 44;4.28 a 31;3.Secundario/Polimodal Completa y más;1.Menos de 2500 gramos;1
22;9;9;3.20 a 24;6.37 a 41;3.Secundario/Polimodal Completa y más;3.Sin especificar;1
14;1;2;2.15 a 19;4.28 a 31;2.Secundaria/Polimodal Incompleta;1.Menos de 2500 gramos;5
22;1;2;2.15 a 19;7.42 y más;3.Secundario/Polimodal Completa y más;2.2500 gramos y más;1
86;1;1;2.15 a 19;6.37 a 41;1.Hasta Primaria/C.EGB Completa;2.2500 gramos y más;346
18;2;2;3.20 a 24;5.32 a 36;3.Secundario/Polimodal Completa y más;1.Menos de 2500 gramos;1
22;1;1;7.40 a 44;6.37 a 41;2.Secundaria/Polimodal Incompleta;1.Menos de 2500 gramos;2
18;1;2;7.40 a 44;6.37 a 41;3.Secundario/Polimodal Completa y más;3.Sin especificar;1
22;1;1;4.25 a 29;5.32 a 36;4.Sin especificar;2.2500 gramos y más;1
06;1;1;6.35 a 39;4.28 a 31;3.Secundario/Polimodal Completa y más;3.Sin especificar;1
74;2;1;2.15 a 19;6.37 a 41;2.Secundaria/Polimodal Incompleta;1.Menos de 2500 gramos;1
66;2;2;2.15 a 19;5.32 a 36;3.Secundario/Polimodal Completa y más;2.2500 gramos y más;2
06;1;2;9.Sin especificar;6.37 a 41;4.Sin especificar;3.Sin especificar;22
86;1;2;3.20 a 24;8.Sin especificar;2.Secundaria/Polimodal Incompleta;2.2500 gramos y más;3
82;1;1;5.30 a 34;5.32 a 36;3.Secundario/Polimodal Completa y más;2.2500 gramos y más;146
06;1;2;5.30 a 34;4.28 a 31;4.Sin especificar;1.Menos de 2500 gramos;5
34;1;2;2.15 a 19;6.37 a 41;1.Hasta Primaria/C.EGB Completa;2.2500 gramos y más;127
18;1;2;4.25 a 29;6.37 a 41;3.Secundario/Polimodal Completa y más;1.Menos de 2500 gramos;24
18;1;2;1.Menor de 15;6.37 a 41;4.Sin especificar;2.2500 gramos y más;4
06;1;1;2.15 a 19;4.28 a 31;3.Secundario/Polimodal Completa y más;1.Menos de 2500 gramos;8
90;1;2;7.40 a 44;5.32 a 36;1.Hasta Primaria/C.EGB Completa;2.2500 gramos y más;15
30;1;2;4.25 a 29;8.Sin especificar;1.Hasta Primaria/C.EGB Completa;3.Sin especificar;1
70;2;1;3.20 a 24;5.32 a 36;2.Secundaria/Polimodal Incompleta;1.Menos de 2500 gramos;2
18;1;1;8.De 45 y más;6.37 a 41;2.Secundaria/Polimodal Incompleta;2.2500 gramos y más;2
18;1;2;6.35 a 39;6.37 a 41;3.Secundario/Polimodal Completa y más;1.Menos de 2500 gramos;13
26;1;2;6.35 a 39;6.37 a 41;1.Hasta Primaria/C.EGB Completa;2.2500 gramos y más;28
34;1;1;2.15 a 19;8.Sin especificar;4.Sin especificar;2.2500 gramos y más;1
02;1;2;5.30 a 34;6.37 a 41;3.Secundario/Polimodal Completa y más;3.Sin especificar;1
70;1;2;2.15 a 19;6.37 a 41;1.Hasta Primaria/C.EGB Completa;2.2500 gramos y más;124
06;2;1;2.15 a 19;5.32 a 36;1.Hasta Primaria/C.EGB Completa;2.2500 gramos y más;1
46;2;2;4.25 a 29;6.37 a 41;3.Secundario/Polimodal Completa y más;1.Menos de 2500 gramos;3
66;2;1;3.20 a 24;6.37 a 41;3.Secundario/Polimodal Completa y más;2.2500 gramos y más;1
54;2;2;4.25 a 29;5.32 a 36;3.Secundario/Polimodal Completa y más;1.Menos de 2500 gramos;3
06;1;9;4.25 a 29;4.28 a 31;2.Secundaria/Polimodal Incompleta;1.Menos de 2500 gramos;2
26;1;2;3.20 a 24;6.37 a 41;4.Sin especificar;1.Menos de 2500 gramos;1
06;1;1;3.20 a 24;6.37 a 41;1.Hasta Primaria/C.EGB Completa;3.Sin especificar;13
90;1;2;2.15 a 19;5.32 a 36;1.Hasta Primaria/C.EGB Completa;1.Menos de 2500 gramos;7
90;1;1;3.20 a 24;5.32 a 36;3.Secundario/Polimodal Completa y más;2.2500 gramos y más;88
30;1;2;5.30 a 34;1.Menos de 22;3.Secundario/Polimodal Completa y más;1.Menos de 2500 gramos;1
30;1;1;6.35 a 39;8.Sin especificar;2.Secundaria/Polimodal Incompleta;2.2500 gramos y más;2
06;1;2;4.25 a 29;5.32 a 36;1.Hasta Primaria/C.EGB Completa;1.Menos de 2500 gramos;83
90;1;1;7.40 a 44;4.28 a 31;3.Secundario/Polimodal Completa y más;1.Menos de 2500 gramos;1
34;2;1;4.25 a 29;6.37 a 41;1.Hasta Primaria/C.EGB Completa;2.2500 gramos y más;1
54;1;2;3.20 a 24;6.37 a 41;4.Sin especificar;2.2500 gramos y más;201
06;2;2;4.25 a 29;8.Sin especificar;4.Sin especificar;3.Sin especificar;2
50;1;2;7.40 a 44;6.37 a 41;1.Hasta Primaria/C.EGB Completa;2.2500 gramos y más;81
70;2;2;4.25 a 29;6.37 a 41;3.Secundario/Polimodal Completa y más;2.2500 gramos y más;4
54;1;1;5.30 a 34;5.32 a 36;2.Secundaria/Polimodal Incompleta;2.2500 gramos y más;13
82;1;2;3.20 a 24;8.Sin especificar;3.Secundario/Polimodal Completa y más;2.2500 gramos y más;7
02;2;2;4.25 a 29;6.37 a 41;3.Secundario/Polimodal Completa y más;1.Menos de 2500 gramos;3
22;1;1;3.20 a 24;5.32 a 36;2.Secundaria/Polimodal Incompleta;1.Menos de 2500 gramos;26
38;1;2;2.15 a 19;6.37 a 41;1.Hasta Primaria/C.EGB Completa;1.Menos de 2500 gramos;2
22;1;2;5.30 a 34;6.37 a 41;1.Hasta Primaria/C.EGB Completa;2.2500 gramos y más;384
14;1;1;2.15 a 19;5.32 a 36;2.Secundaria/Polimodal Incompleta;2.2500 gramos y más;35
14;9;1;6.35 a 39;5.32 a 36;1.Hasta Primaria/C.EGB Completa;1.Menos de 2500 gramos;1
42;2;2;3.20 a 24;5.32 a 36;3.Secundario/Polimodal Completa y más;1.Menos de 2500 gramos;1
34;2;2;2.15 a 19;5.32 a 36;4.Sin especificar;2.2500 gramos y más;4
58;1;1;4.25 a 29;6.37 a 41;1.Hasta Primaria/C.EGB Completa;2.2500 gramos y más;94
54;2;1;6.35 a 39;6.37 a 41;3.Secundario/Polimodal Completa y más;1.Menos de 2500 gramos;2
90;2;1;6.35 a 39;6.37 a 41;3.Secundario/Polimodal Completa y más;2.2500 gramos y más;11
70;1;1;7.40 a 44;5.32 a 36;3.Secundario/Polimodal Completa y más;1.Menos de 2500 gramos;4
90;1;2;2.15 a 19;8.Sin especificar;2.Secundaria/Polimodal Incompleta;1.Menos de 2500 gramos;2
30;1;2;2.15 a 19;6.37 a 41;2.Secundaria/Polimodal Incompleta;1.Menos de 2500 gramos;19
02;1;2;6.35 a 39;3.24 a 27;1.Hasta Primaria/C.EGB Completa;1.Menos de 2500 gramos;3
06;1;1;7.40 a 44;1.Menos de 22;4.Sin especificar;3.Sin especificar;1
22;1;1;5.30 a 34;6.37 a 41;1.Hasta Primaria/C.EGB Completa;3.Sin especificar;2
30;1;2;3.20 a 24;5.32 a 36;1.Hasta Primaria/C.EGB Completa;2.2500 gramos y más;6
34;1;2;3.20 a 24;5.32 a 36;2.Secundaria/Polimodal Incompleta;1.Menos de 2500 gramos;11
62;1;1;5.30 a 34;5.32 a 36;4.Sin especificar;1.Menos de 2500 gramos;4
22;9;1;7.40 a 44;5.32 a 36;1.Hasta Primaria/C.EGB Completa;1.Menos de 2500 gramos;2
06;1;1;3.20 a 24;5.32 a 36;2.Secundaria/Polimodal Incompleta;3.Sin especificar;3
18;1;1;8.De 45 y más;3.24 a 27;3.Secundario/Polimodal Completa y más;1.Menos de 2500 gramos;1
10;1;1;5.30 a 34;8.Sin especificar;1.Hasta Primaria/C.EGB Completa;2.2500 gramos y más;3
90;1;1;5.30 a 34;5.32 a 36;1.Hasta Primaria/C.EGB Completa;2.2500 gramos y más;50
06;1;9;9.Sin especificar;6.37 a 41;1.Hasta Primaria/C.EGB Completa;2.2500 gramos y más;5
54;2;1;4.25 a 29;6.37 a 41;1.Hasta Primaria/C.EGB Completa;2.2500 gramos y más;2
62;1;1;7.40 a 44;5.32 a 36;3.Secundario/Polimodal Completa y más;2.2500 gramos y más;9
50;1;1;2.15 a 19;5.32 a 36;3.Secundario/Polimodal Completa y más;1.Menos de 2500 gramos;4
02;1;1;3.20 a 24;5.32 a 36;1.Hasta Primaria/C.EGB Completa;2.2500 gramos y más;9
06;2;2;5.30 a 34;6.37 a 41;3.Secundario/Polimodal Completa y más;1.Menos de 2500 gramos;50
06;1;2;4.25 a 29;4.28 a 31;1.Hasta Primaria/C.EGB Completa;1.Menos de 2500 gramos;11
42;1;1;5.30 a 34;3.24 a 27;3.Secundario/Polimodal Completa y más;1.Menos de 2500 gramos;2
18;1;2;4.25 a 29;6.37 a 41;2.Secundaria/Polimodal Incompleta;1.Menos de 2500 gramos;13
06;1;2;7.40 a 44;6.37 a 41;3.Secundario/Polimodal Completa y más;2.2500 gramos y más;2063
22;1;1;4.25 a 29;8.Sin especificar;1.Hasta Primaria/C.EGB Completa;2.2500 gramos y más;4
90;1;2;4.25 a 29;4.28 a 31;1.Hasta Primaria/C.EGB Completa;1.Menos de 2500 gramos;2
18;1;2;2.15 a 19;3.24 a 27;2.Secundaria/Polimodal Incompleta;1.Menos de 2500 gramos;2
18;2;1;5.30 a 34;4.28 a 31;2.Secundaria/Polimodal Incompleta;1.Menos de 2500 gramos;2
54;1;2;2.15 a 19;8.Sin especificar;1.Hasta Primaria/C.EGB Completa;1.Menos de 2500 gramos;1
22;1;2;4.25 a 29;6.37 a 41;4.Sin especificar;2.2500 gramos y más;23
99;9;2;6.35 a 39;6.37 a 41;4.Sin especificar;1.Menos de 2500 gramos;1
70;1;2;2.15 a 19;6.37 a 41;3.Secundario/Polimodal Completa y más;1.Menos de 2500 gramos;2
90;1;2;4.25 a 29;7.42 y más;3.Secundario/Polimodal Completa y más;2.2500 gramos y más;54
18;1;1;4.25 a 29;7.42 y más;2.Secundaria/Polimodal Incompleta;2.2500 gramos y más;2
06;2;2;3.20 a 24;5.32 a 36;4.Sin especificar;1.Menos de 2500 gramos;4
66;1;2;5.30 a 34;6.37 a 41;1.Hasta Primaria/C.EGB Completa;2.2500 gramos y más;228
34;1;2;4.25 a 29;6.37 a 41;3.Secundario/Polimodal Completa y más;2.2500 gramos y más;362
18;1;2;5.30 a 34;5.32 a 36;4.Sin especificar;2.2500 gramos y más;14
54;2;1;5.30 a 34;5.32 a 36;3.Secundario/Polimodal Completa y más;1.Menos de 2500 gramos;9
06;1;9;5.30 a 34;6.37 a 41;3.Secundario/Polimodal Completa y más;2.2500 gramos y más;115
06;1;2;6.35 a 39;5.32 a 36;2.Secundaria/Polimodal Incompleta;3.Sin especificar;1
34;1;2;2.15 a 19;5.32 a 36;3.Secundario/Polimodal Completa y más;2.2500 gramos y más;6
14;1;1;3.20 a 24;7.42 y más;2.Secundaria/Polimodal Incompleta;2.2500 gramos y más;3
06;1;1;3.20 a 24;7.42 y más;4.Sin especificar;2.2500 gramos y más;4
34;1;2;4.25 a 29;3.24 a 27;3.Secundario/Polimodal Completa y más;1.Menos de 2500 gramos;2
66;2;1;3.20 a 24;4.28 a 31;3.Secundario/Polimodal Completa y más;1.Menos de 2500 gramos;2
06;2;1;4.25 a 29;8.Sin especificar;4.Sin especificar;3.Sin especificar;1
66;1;2;2.15 a 19;5.32 a 36;2.Secundaria/Polimodal Incompleta;1.Menos de 2500 gramos;36
82;1;2;5.30 a 34;6.37 a 41;3.Secundario/Polimodal Completa y más;3.Sin especificar;2
06;9;1;6.35 a 39;8.Sin especificar;2.Secundaria/Polimodal Incompleta;3.Sin especificar;1
18;1;2;2.15 a 19;5.32 a 36;2.Secundaria/Polimodal Incompleta;1.Menos de 2500 gramos;13
38;1;1;7.40 a 44;3.24 a 27;3.Secundario/Polimodal Completa y más;1.Menos de 2500 gramos;1
02;2;2;6.35 a 39;4.28 a 31;4.Sin especificar;1.Menos de 2500 gramos;1
30;1;1;9.Sin especificar;8.Sin especificar;4.Sin especificar;3.Sin especificar;1
46;2;1;5.30 a 34;5.32 a 36;3.Secundario/Polimodal Completa y más;2.2500 gramos y más;2
82;1;2;2.15 a 19;5.32 a 36;3.Secundario/Polimodal Completa y más;2.2500 gramos y más;8
90;1;2;4.25 a 29;5.32 a 36;3.Secundario/Polimodal Completa y más;2.2500 gramos y más;97
06;2;1;5.30 a 34;8.Sin especificar;3.Secundario/Polimodal Completa y más;2.2500 gramos y más;1
54;1;1;3.20 a 24;6.37 a 41;4.Sin especificar;2.2500 gramos y más;214
66;1;2;4.25 a 29;5.32 a 36;4.Sin especificar;1.Menos de 2500 gramos;2
06;2;1;9.Sin especificar;4.28 a 31;1.Hasta Primaria/C.EGB Completa;1.Menos de 2500 gramos;1
26;1;1;5.30 a 34;6.37 a 41;2.Secundaria/Polimodal Incompleta;1.Menos de 2500 gramos;2
46;1;1;7.40 a 44;3.24 a 27;3.Secundario/Polimodal Completa y más;1.Menos de 2500 gramos;1
50;1;1;6.35 a 39;3.24 a 27;3.Secundario/Polimodal Completa y más;1.Menos de 2500 gramos;4
06;2;1;7.40 a 44;5.32 a 36;4.Sin especificar;2.2500 gramos y más;1
14;1;2;3.20 a 24;7.42 y más;1.Hasta Primaria/C.EGB Completa;2.2500 gramos y más;2
50;1;1;2.15 a 19;6.37 a 41;3.Secundario/Polimodal Completa y más;2.2500 gramos y más;164
66;1;1;4.25 a 29;5.32 a 36;1.Hasta Primaria/C.EGB Completa;1.Menos de 2500 gramos;6
82;2;2;6.35 a 39;4.28 a 31;2.Secundaria/Polimodal Incompleta;1.Menos de 2500 gramos;2
14;2;2;5.30 a 34;6.37 a 41;3.Secundario/Polimodal Completa y más;1.Menos de 2500 gramos;15
74;1;1;7.40 a 44;6.37 a 41;4.Sin especificar;2.2500 gramos y más;1
22;9;1;7.40 a 44;8.Sin especificar;1.Hasta Primaria/C.EGB Completa;2.2500 gramos y más;1
06;2;2;2.15 a 19;8.Sin especificar;4.Sin especificar;3.Sin especificar;4
50;2;2;7.40 a 44;6.37 a 41;3.Secundario/Polimodal Completa y más;2.2500 gramos y más;1
22;1;1;3.20 a 24;5.32 a 36;2.Secundaria/Polimodal Incompleta;2.2500 gramos y más;18
50;2;2;4.25 a 29;3.24 a 27;3.Secundario/Polimodal Completa y más;1.Menos de 2500 gramos;1
66;1;1;3.20 a 24;8.Sin especificar;3.Secundario/Polimodal Completa y más;2.2500 gramos y más;13
66;1;1;6.35 a 39;4.28 a 31;2.Secundaria/Polimodal Incompleta;1.Menos de 2500 gramos;3
38;1;2;6.35 a 39;5.32 a 36;2.Secundaria/Polimodal Incompleta;1.Menos de 2500 gramos;1
54;1;1;2.15 a 19;4.28 a 31;4.Sin especificar;1.Menos de 2500 gramos;2
54;1;2;6.35 a 39;5.32 a 36;4.Sin especificar;1.Menos de 2500 gramos;2
90;1;2;6.35 a 39;5.32 a 36;1.Hasta Primaria/C.EGB Completa;2.2500 gramos y más;32
10;1;1;6.35 a 39;5.32 a 36;3.Secundario/Polimodal Completa y más;1.Menos de 2500 gramos;4
30;1;2;7.40 a 44;5.32 a 36;3.Secundario/Polimodal Completa y más;1.Menos de 2500 gramos;6
34;2;1;5.30 a 34;5.32 a 36;1.Hasta Primaria/C.EGB Completa;1.Menos de 2500 gramos;2
70;1;1;2.15 a 19;5.32 a 36;3.Secundario/Polimodal Completa y más;1.Menos de 2500 gramos;2
74;1;2;6.35 a 39;3.24 a 27;2.Secundaria/Polimodal Incompleta;1.Menos de 2500 gramos;1
86;1;2;3.20 a 24;6.37 a 41;3.Secundario/Polimodal Completa y más;1.Menos de 2500 gramos;20
30;1;2;6.35 a 39;8.Sin especificar;1.Hasta Primaria/C.EGB Completa;2.2500 gramos y más;1
58;1;2;3.20 a 24;4.28 a 31;3.Secundario/Polimodal Completa y más;1.Menos de 2500 gramos;1
62;1;1;3.20 a 24;4.28 a 31;1.Hasta Primaria/C.EGB Completa;1.Menos de 2500 gramos;1
14;1;2;9.Sin especificar;6.37 a 41;4.Sin especificar;2.2500 gramos y más;48
74;2;1;3.20 a 24;6.37 a 41;3.Secundario/Polimodal Completa y más;1.Menos de 2500 gramos;2
06;9;1;3.20 a 24;6.37 a 41;4.Sin especificar;2.2500 gramos y más;64
70;2;1;8.De 45 y más;5.32 a 36;3.Secundario/Polimodal Completa y más;1.Menos de 2500 gramos;1
38;1;1;5.30 a 34;6.37 a 41;1.Hasta Primaria/C.EGB Completa;2.2500 gramos y más;98
66;1;1;5.30 a 34;5.32 a 36;4.Sin especificar;2.2500 gramos y más;1
38;1;1;7.40 a 44;6.37 a 41;2.Secundaria/Polimodal Incompleta;1.Menos de 2500 gramos;3
06;1;2;3.20 a 24;6.37 a 41;4.Sin especificar;3.Sin especificar;4
06;1;1;5.30 a 34;6.37 a 41;3.Secundario/Polimodal Completa y más;2.2500 gramos y más;11830
74;1;2;4.25 a 29;6.37 a 41;2.Secundaria/Polimodal Incompleta;1.Menos de 2500 gramos;1
26;2;2;6.35 a 39;5.32 a 36;4.Sin especificar;1.Menos de 2500 gramos;2
14;1;2;4.25 a 29;6.37 a 41;3.Secundario/Polimodal Completa y más;1.Menos de 2500 gramos;53
34;1;2;3.20 a 24;6.37 a 41;4.Sin especificar;1.Menos de 2500 gramos;5
54;1;1;2.15 a 19;5.32 a 36;3.Secundario/Polimodal Completa y más;1.Menos de 2500 gramos;3
54;1;2;6.35 a 39;5.32 a 36;4.Sin especificar;2.2500 gramos y más;5
26;1;2;3.20 a 24;6.37 a 41;2.Secundaria/Polimodal Incompleta;2.2500 gramos y más;218
02;9;2;7.40 a 44;6.37 a 41;3.Secundario/Polimodal Completa y más;2.2500 gramos y más;5
38;2;2;4.25 a 29;4.28 a 31;2.Secundaria/Polimodal Incompleta;1.Menos de 2500 gramos;2
50;1;2;2.15 a 19;5.32 a 36;3.Secundario/Polimodal Completa y más;2.2500 gramos y más;5
14;2;2;4.25 a 29;5.32 a 36;3.Secundario/Polimodal Completa y más;3.Sin especificar;1
62;1;1;4.25 a 29;5.32 a 36;3.Secundario/Polimodal Completa y más;1.Menos de 2500 gramos;17
14;1;2;1.Menor de 15;5.32 a 36;1.Hasta Primaria/C.EGB Completa;1.Menos de 2500 gramos;2
94;1;2;2.15 a 19;5.32 a 36;3.Secundario/Polimodal Completa y más;2.2500 gramos y más;1
70;1;1;3.20 a 24;6.37 a 41;2.Secundaria/Polimodal Incompleta;1.Menos de 2500 gramos;10
90;1;1;6.35 a 39;4.28 a 31;3.Secundario/Polimodal Completa y más;1.Menos de 2500 gramos;7
54;2;1;6.35 a 39;6.37 a 41;3.Secundario/Polimodal Completa y más;2.2500 gramos y más;1
70;1;2;6.35 a 39;6.37 a 41;3.Secundario/Polimodal Completa y más;1.Menos de 2500 gramos;8
30;1;2;7.40 a 44;7.42 y más;3.Secundario/Polimodal Completa y más;2.2500 gramos y más;1
30;1;2;3.20 a 24;5.32 a 36;1.Hasta Primaria/C.EGB Completa;1.Menos de 2500 gramos;9
02;2;1;7.40 a 44;6.37 a 41;3.Secundario/Polimodal Completa y más;1.Menos de 2500 gramos;3
02;2;2;3.20 a 24;5.32 a 36;1.Hasta Primaria/C.EGB Completa;2.2500 gramos y más;1
22;1;2;2.15 a 19;4.28 a 31;4.Sin especificar;1.Menos de 2500 gramos;1
58;1;1;5.30 a 34;8.Sin especificar;3.Secundario/Polimodal Completa y más;1.Menos de 2500 gramos;1
50;2;2;7.40 a 44;6.37 a 41;3.Secundario/Polimodal Completa y más;1.Menos de 2500 gramos;2
06;9;2;3.20 a 24;5.32 a 36;4.Sin especificar;3.Sin especificar;1
50;1;2;7.40 a 44;4.28 a 31;3.Secundario/Polimodal Completa y más;1.Menos de 2500 gramos;5
14;1;1;6.35 a 39;8.Sin especificar;2.Secundaria/Polimodal Incompleta;2.2500 gramos y más;2
02;1;1;4.25 a 29;4.28 a 31;1.Hasta Primaria/C.EGB Completa;1.Menos de 2500 gramos;3
90;1;2;5.30 a 34;7.42 y más;3.Secundario/Polimodal Completa y más;2.2500 gramos y más;29
66;1;1;3.20 a 24;6.37 a 41;1.Hasta Primaria/C.EGB Completa;1.Menos de 2500 gramos;5
22;1;1;3.20 a 24;6.37 a 41;3.Secundario/Polimodal Completa y más;2.2500 gramos y más;1006
38;1;2;6.35 a 39;5.32 a 36;2.Secundaria/Polimodal Incompleta;2.2500 gramos y más;4
86;1;1;3.20 a 24;5.32 a 36;3.Secundario/Polimodal Completa y más;1.Menos de 2500 gramos;10
90;2;2;3.20 a 24;5.32 a 36;3.Secundario/Polimodal Completa y más;1.Menos de 2500 gramos;5
99;9;2;4.25 a 29;6.37 a 41;4.Sin especificar;2.2500 gramos y más;8
66;1;1;3.20 a 24;6.37 a 41;1.Hasta Primaria/C.EGB Completa;2.2500 gramos y más;362
10;1;1;6.35 a 39;5.32 a 36;3.Secundario/Polimodal Completa y más;2.2500 gramos y más;5
54;1;1;4.25 a 29;5.32 a 36;4.Sin especificar;1.Menos de 2500 gramos;4
06;2;2;6.35 a 39;5.32 a 36;1.Hasta Primaria/C.EGB Completa;1.Menos de 2500 gramos;20
82;1;2;8.De 45 y más;6.37 a 41;1.Hasta Primaria/C.EGB Completa;2.2500 gramos y más;7
06;1;2;5.30 a 34;6.37 a 41;1.Hasta Primaria/C.EGB Completa;3.Sin especificar;9
18;1;2;6.35 a 39;6.37 a 41;4.Sin especificar;1.Menos de 2500 gramos;5
02;1;1;7.40 a 44;6.37 a 41;3.Secundario/Polimodal Completa y más;1.Menos de 2500 gramos;22
54;1;1;5.30 a 34;4.28 a 31;1.Hasta Primaria/C.EGB Completa;1.Menos de 2500 gramos;2
38;2;2;4.25 a 29;5.32 a 36;3.Secundario/Polimodal Completa y más;1.Menos de 2500 gramos;3
22;1;1;4.25 a 29;5.32 a 36;3.Secundario/Polimodal Completa y más;1.Menos de 2500 gramos;46
14;1;2;6.35 a 39;6.37 a 41;1.Hasta Primaria/C.EGB Completa;1.Menos de 2500 gramos;9
02;1;1;7.40 a 44;5.32 a 36;1.Hasta Primaria/C.EGB Completa;1.Menos de 2500 gramos;5
06;1;9;9.Sin especificar;5.32 a 36;1.Hasta Primaria/C.EGB Completa;1.Menos de 2500 gramos;1
06;1;1;6.35 a 39;8.Sin especificar;4.Sin especificar;1.Menos de 2500 gramos;4
82;1;1;3.20 a 24;2.22 a 23;1.Hasta Primaria/C.EGB Completa;1.Menos de 2500 gramos;1
18;1;1;7.40 a 44;6.37 a 41;2.Secundaria/Polimodal Incompleta;2.2500 gramos y más;34
06;2;2;6.35 a 39;5.32 a 36;1.Hasta Primaria/C.EGB Completa;2.2500 gramos y más;6
38;1;1;2.15 a 19;5.32 a 36;2.Secundaria/Polimodal Incompleta;1.Menos de 2500 gramos;9
50;1;2;5.30 a 34;8.Sin especificar;4.Sin especificar;2.2500 gramos y más;1
18;1;1;6.35 a 39;6.37 a 41;2.Secundaria/Polimodal Incompleta;1.Menos de 2500 gramos;5
18;1;2;6.35 a 39;6.37 a 41;1.Hasta Primaria/C.EGB Completa;1.Menos de 2500 gramos;3
42;1;1;5.30 a 34;5.32 a 36;3.Secundario/Polimodal Completa y más;2.2500 gramos y más;10
66;1;2;6.35 a 39;4.28 a 31;3.Secundario/Polimodal Completa y más;1.Menos de 2500 gramos;3
06;1;2;9.Sin especificar;4.28 a 31;4.Sin especificar;1.Menos de 2500 gramos;1
50;1;1;4.25 a 29;6.37 a 41;4.Sin especificar;2.2500 gramos y más;4
90;2;1;2.15 a 19;4.28 a 31;1.Hasta Primaria/C.EGB Completa;1.Menos de 2500 gramos;1
34;1;1;3.20 a 24;6.37 a 41;4.Sin especificar;2.2500 gramos y más;286
99;9;2;4.25 a 29;5.32 a 36;4.Sin especificar;3.Sin especificar;1
34;2;2;3.20 a 24;4.28 a 31;4.Sin especificar;1.Menos de 2500 gramos;1
74;1;1;6.35 a 39;5.32 a 36;3.Secundario/Polimodal Completa y más;1.Menos de 2500 gramos;6
86;1;1;3.20 a 24;6.37 a 41;3.Secundario/Polimodal Completa y más;1.Menos de 2500 gramos;18
30;1;2;2.15 a 19;6.37 a 41;4.Sin especificar;2.2500 gramos y más;3
30;2;1;5.30 a 34;6.37 a 41;3.Secundario/Polimodal Completa y más;1.Menos de 2500 gramos;3
66;1;2;2.15 a 19;5.32 a 36;2.Secundaria/Polimodal Incompleta;2.2500 gramos y más;14
02;1;1;2.15 a 19;5.32 a 36;4.Sin especificar;1.Menos de 2500 gramos;3
06;1;2;7.40 a 44;8.Sin especificar;3.Secundario/Polimodal Completa y más;2.2500 gramos y más;28
06;1;1;4.25 a 29;5.32 a 36;3.Secundario/Polimodal Completa y más;1.Menos de 2500 gramos;312
90;1;1;5.30 a 34;6.37 a 41;2.Secundaria/Polimodal Incompleta;2.2500 gramos y más;193
78;1;2;3.20 a 24;5.32 a 36;3.Secundario/Polimodal Completa y más;1.Menos de 2500 gramos;3
14;1;2;3.20 a 24;5.32 a 36;3.Secundario/Polimodal Completa y más;2.2500 gramos y más;66
38;2;2;4.25 a 29;6.37 a 41;1.Hasta Primaria/C.EGB Completa;2.2500 gramos y más;2
02;2;2;3.20 a 24;5.32 a 36;3.Secundario/Polimodal Completa y más;2.2500 gramos y más;2
34;2;2;4.25 a 29;5.32 a 36;3.Secundario/Polimodal Completa y más;2.2500 gramos y más;1
06;1;1;4.25 a 29;4.28 a 31;4.Sin especificar;1.Menos de 2500 gramos;3
46;2;1;3.20 a 24;6.37 a 41;3.Secundario/Polimodal Completa y más;1.Menos de 2500 gramos;2
62;1;1;4.25 a 29;4.28 a 31;2.Secundaria/Polimodal Incompleta;1.Menos de 2500 gramos;2
30;2;2;5.30 a 34;6.37 a 41;2.Secundaria/Polimodal Incompleta;2.2500 gramos y más;5
10;1;1;3.20 a 24;6.37 a 41;1.Hasta Primaria/C.EGB Completa;2.2500 gramos y más;36
26;1;2;5.30 a 34;3.24 a 27;2.Secundaria/Polimodal Incompleta;1.Menos de 2500 gramos;1
90;1;1;5.30 a 34;6.37 a 41;2.Secundaria/Polimodal Incompleta;1.Menos de 2500 gramos;8
90;1;2;7.40 a 44;3.24 a 27;1.Hasta Primaria/C.EGB Completa;1.Menos de 2500 gramos;2
62;1;1;4.25 a 29;6.37 a 41;3.Secundario/Polimodal Completa y más;2.2500 gramos y más;553
70;1;1;2.15 a 19;6.37 a 41;3.Secundario/Polimodal Completa y más;2.2500 gramos y más;107
06;1;2;6.35 a 39;6.37 a 41;4.Sin especificar;3.Sin especificar;2
82;1;1;3.20 a 24;1.Menos de 22;2.Secundaria/Polimodal Incompleta;1.Menos de 2500 gramos;1
26;1;2;2.15 a 19;5.32 a 36;4.Sin especificar;1.Menos de 2500 gramos;2
99;1;1;7.40 a 44;6.37 a 41;4.Sin especificar;2.2500 gramos y más;1
18;1;2;5.30 a 34;6.37 a 41;1.Hasta Primaria/C.EGB Completa;1.Menos de 2500 gramos;7
14;1;2;4.25 a 29;8.Sin especificar;3.Secundario/Polimodal Completa y más;3.Sin especificar;2
22;1;2;3.20 a 24;5.32 a 36;2.Secundaria/Polimodal Incompleta;2.2500 gramos y más;13
50;1;1;7.40 a 44;4.28 a 31;3.Secundario/Polimodal Completa y más;1.Menos de 2500 gramos;3
22;1;2;2.15 a 19;7.42 y más;4.Sin especificar;2.2500 gramos y más;1
86;9;2;5.30 a 34;3.24 a 27;3.Secundario/Polimodal Completa y más;1.Menos de 2500 gramos;2
30;1;2;8.De 45 y más;5.32 a 36;3.Secundario/Polimodal Completa y más;1.Menos de 2500 gramos;1
62;2;1;2.15 a 19;3.24 a 27;2.Secundaria/Polimodal Incompleta;1.Menos de 2500 gramos;1
34;1;1;2.15 a 19;7.42 y más;4.Sin especificar;2.2500 gramos y más;1
70;1;1;2.15 a 19;5.32 a 36;2.Secundaria/Polimodal Incompleta;2.2500 gramos y más;6
90;1;2;3.20 a 24;5.32 a 36;3.Secundario/Polimodal Completa y más;1.Menos de 2500 gramos;49
30;1;2;3.20 a 24;6.37 a 41;2.Secundaria/Polimodal Incompleta;3.Sin especificar;2
70;1;2;6.35 a 39;6.37 a 41;2.Secundaria/Polimodal Incompleta;1.Menos de 2500 gramos;4
06;1;2;5.30 a 34;3.24 a 27;1.Hasta Primaria/C.EGB Completa;3.Sin especificar;1
34;1;2;6.35 a 39;8.Sin especificar;4.Sin especificar;2.2500 gramos y más;1
02;1;1;4.25 a 29;5.32 a 36;1.Hasta Primaria/C.EGB Completa;2.2500 gramos y más;11
10;2;1;5.30 a 34;5.32 a 36;3.Secundario/Polimodal Completa y más;1.Menos de 2500 gramos;1
90;1;1;1.Menor de 15;5.32 a 36;1.Hasta Primaria/C.EGB Completa;2.2500 gramos y más;1
50;2;2;6.35 a 39;5.32 a 36;3.Secundario/Polimodal Completa y más;2.2500 gramos y más;6
86;1;2;4.25 a 29;8.Sin especificar;3.Secundario/Polimodal Completa y más;2.2500 gramos y más;1
50;2;1;7.40 a 44;4.28 a 31;1.Hasta Primaria/C.EGB Completa;1.Menos de 2500 gramos;1
18;1;2;4.25 a 29;8.Sin especificar;3.Secundario/Polimodal Completa y más;2.2500 gramos y más;2
82;1;1;3.20 a 24;5.32 a 36;2.Secundaria/Polimodal Incompleta;3.Sin especificar;1
10;1;2;3.20 a 24;6.37 a 41;3.Secundario/Polimodal Completa y más;1.Menos de 2500 gramos;12
70;1;1;8.De 45 y más;6.37 a 41;1.Hasta Primaria/C.EGB Completa;1.Menos de 2500 gramos;1
06;1;1;6.35 a 39;2.22 a 23;2.Secundaria/Polimodal Incompleta;1.Menos de 2500 gramos;1
90;2;1;6.35 a 39;5.32 a 36;3.Secundario/Polimodal Completa y más;1.Menos de 2500 gramos;7
78;1;2;3.20 a 24;6.37 a 41;1.Hasta Primaria/C.EGB Completa;2.2500 gramos y más;64
02;9;1;8.De 45 y más;6.37 a 41;4.Sin especificar;2.2500 gramos y más;12
90;1;2;5.30 a 34;8.Sin especificar;3.Secundario/Polimodal Completa y más;3.Sin especificar;1
62;1;1;5.30 a 34;5.32 a 36;1.Hasta Primaria/C.EGB Completa;1.Menos de 2500 gramos;3
54;1;2;6.35 a 39;7.42 y más;2.Secundaria/Polimodal Incompleta;2.2500 gramos y más;2
78;1;2;4.25 a 29;5.32 a 36;2.Secundaria/Polimodal Incompleta;2.2500 gramos y más;4
78;1;1;2.15 a 19;6.37 a 41;2.Secundaria/Polimodal Incompleta;2.2500 gramos y más;107
10;1;1;7.40 a 44;5.32 a 36;1.Hasta Primaria/C.EGB Completa;2.2500 gramos y más;2
38;1;1;6.35 a 39;5.32 a 36;2.Secundaria/Polimodal Incompleta;2.2500 gramos y más;5
54;2;1;3.20 a 24;5.32 a 36;3.Secundario/Polimodal Completa y más;2.2500 gramos y más;3
18;1;2;4.25 a 29;7.42 y más;2.Secundaria/Polimodal Incompleta;1.Menos de 2500 gramos;1
90;1;2;3.20 a 24;6.37 a 41;2.Secundaria/Polimodal Incompleta;1.Menos de 2500 gramos;19
06;1;1;9.Sin especificar;5.32 a 36;2.Secundaria/Polimodal Incompleta;2.2500 gramos y más;17
06;1;1;2.15 a 19;6.37 a 41;2.Secundaria/Polimodal Incompleta;1.Menos de 2500 gramos;123
50;2;2;5.30 a 34;5.32 a 36;2.Secundaria/Polimodal Incompleta;2.2500 gramos y más;1
30;1;1;5.30 a 34;5.32 a 36;2.Secundaria/Polimodal Incompleta;2.2500 gramos y más;10
26;2;1;6.35 a 39;6.37 a 41;3.Secundario/Polimodal Completa y más;1.Menos de 2500 gramos;1
78;2;1;7.40 a 44;4.28 a 31;3.Secundario/Polimodal Completa y más;1.Menos de 2500 gramos;1
82;1;1;4.25 a 29;5.32 a 36;1.Hasta Primaria/C.EGB Completa;1.Menos de 2500 gramos;27
74;1;2;3.20 a 24;5.32 a 36;3.Secundario/Polimodal Completa y más;1.Menos de 2500 gramos;23
06;9;2;2.15 a 19;6.37 a 41;4.Sin especificar;2.2500 gramos y más;13
06;1;2;7.40 a 44;8.Sin especificar;3.Secundario/Polimodal Completa y más;3.Sin especificar;2
58;1;2;3.20 a 24;8.Sin especificar;1.Hasta Primaria/C.EGB Completa;2.2500 gramos y más;1
22;1;2;7.40 a 44;5.32 a 36;1.Hasta Primaria/C.EGB Completa;2.2500 gramos y más;7
22;9;1;6.35 a 39;6.37 a 41;1.Hasta Primaria/C.EGB Completa;2.2500 gramos y más;4
66;1;1;4.25 a 29;6.37 a 41;2.Secundaria/Polimodal Incompleta;3.Sin especificar;1
06;1;9;5.30 a 34;8.Sin especificar;3.Secundario/Polimodal Completa y más;2.2500 gramos y más;1
18;2;2;4.25 a 29;6.37 a 41;3.Secundario/Polimodal Completa y más;2.2500 gramos y más;3
78;1;2;4.25 a 29;6.37 a 41;1.Hasta Primaria/C.EGB Completa;2.2500 gramos y más;67
10;1;2;2.15 a 19;7.42 y más;3.Secundario/Polimodal Completa y más;2.2500 gramos y más;1
82;1;2;5.30 a 34;5.32 a 36;3.Secundario/Polimodal Completa y más;1.Menos de 2500 gramos;114
22;2;2;4.25 a 29;6.37 a 41;2.Secundaria/Polimodal Incompleta;1.Menos de 2500 gramos;3
94;1;1;7.40 a 44;6.37 a 41;1.Hasta Primaria/C.EGB Completa;2.2500 gramos y más;1
02;2;1;5.30 a 34;5.32 a 36;3.Secundario/Polimodal Completa y más;1.Menos de 2500 gramos;29
06;9;1;8.De 45 y más;6.37 a 41;4.Sin especificar;3.Sin especificar;1
14;2;2;4.25 a 29;6.37 a 41;3.Secundario/Polimodal Completa y más;2.2500 gramos y más;17
10;1;1;2.15 a 19;8.Sin especificar;3.Secundario/Polimodal Completa y más;3.Sin especificar;2
10;1;1;9.Sin especificar;6.37 a 41;2.Secundaria/Polimodal Incompleta;2.2500 gramos y más;2
14;1;2;9.Sin especificar;5.32 a 36;4.Sin especificar;2.2500 gramos y más;1
06;1;2;6.35 a 39;6.37 a 41;1.Hasta Primaria/C.EGB Completa;2.2500 gramos y más;1447
58;1;1;4.25 a 29;5.32 a 36;1.Hasta Primaria/C.EGB Completa;1.Menos de 2500 gramos;2
30;1;2;6.35 a 39;6.37 a 41;4.Sin especificar;2.2500 gramos y más;9
66;2;2;2.15 a 19;3.24 a 27;3.Secundario/Polimodal Completa y más;1.Menos de 2500 gramos;1
10;2;2;2.15 a 19;3.24 a 27;2.Secundaria/Polimodal Incompleta;1.Menos de 2500 gramos;2
66;1;2;5.30 a 34;7.42 y más;1.Hasta Primaria/C.EGB Completa;2.2500 gramos y más;6
54;2;1;3.20 a 24;6.37 a 41;2.Secundaria/Polimodal Incompleta;2.2500 gramos y más;1
14;1;1;8.De 45 y más;4.28 a 31;3.Secundario/Polimodal Completa y más;1.Menos de 2500 gramos;1
62;1;1;3.20 a 24;5.32 a 36;2.Secundaria/Polimodal Incompleta;2.2500 gramos y más;18
06;2;1;4.25 a 29;5.32 a 36;2.Secundaria/Polimodal Incompleta;2.2500 gramos y más;8
50;2;1;6.35 a 39;5.32 a 36;1.Hasta Primaria/C.EGB Completa;1.Menos de 2500 gramos;1
30;1;1;2.15 a 19;6.37 a 41;2.Secundaria/Polimodal Incompleta;2.2500 gramos y más;496
22;1;1;4.25 a 29;4.28 a 31;2.Secundaria/Polimodal Incompleta;1.Menos de 2500 gramos;1
74;1;1;5.30 a 34;7.42 y más;3.Secundario/Polimodal Completa y más;2.2500 gramos y más;14
38;1;2;2.15 a 19;2.22 a 23;1.Hasta Primaria/C.EGB Completa;1.Menos de 2500 gramos;1
94;1;2;6.35 a 39;5.32 a 36;3.Secundario/Polimodal Completa y más;1.Menos de 2500 gramos;5
06;2;2;4.25 a 29;3.24 a 27;2.Secundaria/Polimodal Incompleta;1.Menos de 2500 gramos;3
90;1;1;3.20 a 24;6.37 a 41;1.Hasta Primaria/C.EGB Completa;1.Menos de 2500 gramos;18
86;1;2;5.30 a 34;7.42 y más;3.Secundario/Polimodal Completa y más;2.2500 gramos y más;5
50;1;2;6.35 a 39;5.32 a 36;2.Secundaria/Polimodal Incompleta;2.2500 gramos y más;11
22;1;1;4.25 a 29;6.37 a 41;3.Secundario/Polimodal Completa y más;1.Menos de 2500 gramos;27
42;1;1;4.25 a 29;5.32 a 36;1.Hasta Primaria/C.EGB Completa;1.Menos de 2500 gramos;1
06;1;2;2.15 a 19;5.32 a 36;1.Hasta Primaria/C.EGB Completa;1.Menos de 2500 gramos;44
34;1;1;5.30 a 34;5.32 a 36;2.Secundaria/Polimodal Incompleta;1.Menos de 2500 gramos;5
14;1;2;7.40 a 44;7.42 y más;3.Secundario/Polimodal Completa y más;2.2500 gramos y más;1
22;1;2;5.30 a 34;5.32 a 36;2.Secundaria/Polimodal Incompleta;1.Menos de 2500 gramos;6
06;2;1;4.25 a 29;3.24 a 27;3.Secundario/Polimodal Completa y más;1.Menos de 2500 gramos;7
06;1;1;9.Sin especificar;8.Sin especificar;1.Hasta Primaria/C.EGB Completa;1.Menos de 2500 gramos;4
82;2;2;5.30 a 34;4.28 a 31;1.Hasta Primaria/C.EGB Completa;1.Menos de 2500 gramos;1
06;1;2;6.35 a 39;4.28 a 31;2.Secundaria/Polimodal Incompleta;3.Sin especificar;2
06;2;1;6.35 a 39;3.24 a 27;3.Secundario/Polimodal Completa y más;1.Menos de 2500 gramos;4
30;1;1;4.25 a 29;6.37 a 41;3.Secundario/Polimodal Completa y más;1.Menos de 2500 gramos;15
54;1;1;7.40 a 44;8.Sin especificar;3.Secundario/Polimodal Completa y más;2.2500 gramos y más;1
14;1;2;5.30 a 34;6.37 a 41;2.Secundaria/Polimodal Incompleta;2.2500 gramos y más;790
74;1;2;6.35 a 39;6.37 a 41;2.Secundaria/Polimodal Incompleta;2.2500 gramos y más;22
58;1;1;3.20 a 24;8.Sin especificar;1.Hasta Primaria/C.EGB Completa;1.Menos de 2500 gramos;1
06;1;2;3.20 a 24;8.Sin especificar;2.Secundaria/Polimodal Incompleta;1.Menos de 2500 gramos;11
62;1;2;1.Menor de 15;3.24 a 27;1.Hasta Primaria/C.EGB Completa;1.Menos de 2500 gramos;1
30;1;2;3.20 a 24;6.37 a 41;3.Secundario/Polimodal Completa y más;1.Menos de 2500 gramos;17
62;1;2;4.25 a 29;5.32 a 36;4.Sin especificar;2.2500 gramos y más;1
94;1;2;6.35 a 39;5.32 a 36;3.Secundario/Polimodal Completa y más;2.2500 gramos y más;4
82;1;1;2.15 a 19;6.37 a 41;2.Secundaria/Polimodal Incompleta;2.2500 gramos y más;1017
66;1;1;1.Menor de 15;6.37 a 41;1.Hasta Primaria/C.EGB Completa;1.Menos de 2500 gramos;1
18;1;1;3.20 a 24;3.24 a 27;1.Hasta Primaria/C.EGB Completa;1.Menos de 2500 gramos;2
38;1;1;3.20 a 24;6.37 a 41;3.Secundario/Polimodal Completa y más;1.Menos de 2500 gramos;16
06;1;2;8.De 45 y más;8.Sin especificar;3.Secundario/Polimodal Completa y más;1.Menos de 2500 gramos;1
62;1;2;1.Menor de 15;6.37 a 41;1.Hasta Primaria/C.EGB Completa;2.2500 gramos y más;2
42;1;1;6.35 a 39;5.32 a 36;1.Hasta Primaria/C.EGB Completa;1.Menos de 2500 gramos;1
30;1;2;6.35 a 39;5.32 a 36;3.Secundario/Polimodal Completa y más;2.2500 gramos y más;13
30;1;2;3.20 a 24;4.28 a 31;2.Secundaria/Polimodal Incompleta;2.2500 gramos y más;1
82;1;1;3.20 a 24;6.37 a 41;2.Secundaria/Polimodal Incompleta;2.2500 gramos y más;1413
06;2;1;2.15 a 19;5.32 a 36;1.Hasta Primaria/C.EGB Completa;1.Menos de 2500 gramos;2
74;1;1;3.20 a 24;4.28 a 31;3.Secundario/Polimodal Completa y más;1.Menos de 2500 gramos;2
02;1;1;8.De 45 y más;6.37 a 41;3.Secundario/Polimodal Completa y más;1.Menos de 2500 gramos;3
82;2;1;4.25 a 29;5.32 a 36;2.Secundaria/Polimodal Incompleta;1.Menos de 2500 gramos;6
42;1;2;5.30 a 34;5.32 a 36;3.Secundario/Polimodal Completa y más;2.2500 gramos y más;10
66;1;1;3.20 a 24;5.32 a 36;2.Secundaria/Polimodal Incompleta;2.2500 gramos y más;27
66;1;1;5.30 a 34;6.37 a 41;3.Secundario/Polimodal Completa y más;2.2500 gramos y más;1082
38;1;1;6.35 a 39;4.28 a 31;1.Hasta Primaria/C.EGB Completa;1.Menos de 2500 gramos;1
38;1;2;3.20 a 24;6.37 a 41;1.Hasta Primaria/C.EGB Completa;1.Menos de 2500 gramos;2
66;1;1;7.40 a 44;5.32 a 36;1.Hasta Primaria/C.EGB Completa;2.2500 gramos y más;5
06;2;2;2.15 a 19;6.37 a 41;2.Secundaria/Polimodal Incompleta;3.Sin especificar;1
06;1;9;7.40 a 44;6.37 a 41;3.Secundario/Polimodal Completa y más;1.Menos de 2500 gramos;2
06;1;2;9.Sin especificar;6.37 a 41;1.Hasta Primaria/C.EGB Completa;2.2500 gramos y más;125
66;1;2;3.20 a 24;6.37 a 41;3.Secundario/Polimodal Completa y más;2.2500 gramos y más;1007
66;1;1;5.30 a 34;8.Sin especificar;2.Secundaria/Polimodal Incompleta;2.2500 gramos y más;7
18;2;2;5.30 a 34;6.37 a 41;1.Hasta Primaria/C.EGB Completa;2.2500 gramos y más;3
06;1;2;5.30 a 34;7.42 y más;3.Secundario/Polimodal Completa y más;1.Menos de 2500 gramos;1
82;1;1;1.Menor de 15;8.Sin especificar;1.Hasta Primaria/C.EGB Completa;1.Menos de 2500 gramos;1
54;1;2;3.20 a 24;7.42 y más;1.Hasta Primaria/C.EGB Completa;2.2500 gramos y más;4
38;1;2;2.15 a 19;6.37 a 41;1.Hasta Primaria/C.EGB Completa;2.2500 gramos y más;48
70;1;1;2.15 a 19;5.32 a 36;3.Secundario/Polimodal Completa y más;2.2500 gramos y más;1
06;1;2;1.Menor de 15;5.32 a 36;4.Sin especificar;1.Menos de 2500 gramos;1
06;2;1;9.Sin especificar;6.37 a 41;4.Sin especificar;1.Menos de 2500 gramos;2
46;1;2;6.35 a 39;6.37 a 41;4.Sin especificar;2.2500 gramos y más;2
90;1;1;6.35 a 39;6.37 a 41;1.Hasta Primaria/C.EGB Completa;2.2500 gramos y más;242
10;1;2;2.15 a 19;6.37 a 41;1.Hasta Primaria/C.EGB Completa;2.2500 gramos y más;13
62;1;1;8.De 45 y más;6.37 a 41;3.Secundario/Polimodal Completa y más;2.2500 gramos y más;10
90;2;1;8.De 45 y más;5.32 a 36;3.Secundario/Polimodal Completa y más;2.2500 gramos y más;1
94;1;2;2.15 a 19;6.37 a 41;2.Secundaria/Polimodal Incompleta;2.2500 gramos y más;33
38;1;1;2.15 a 19;3.24 a 27;2.Secundaria/Polimodal Incompleta;1.Menos de 2500 gramos;3
70;2;1;6.35 a 39;6.37 a 41;3.Secundario/Polimodal Completa y más;1.Menos de 2500 gramos;2
78;1;1;5.30 a 34;3.24 a 27;3.Secundario/Polimodal Completa y más;1.Menos de 2500 gramos;1
34;1;1;6.35 a 39;6.37 a 41;2.Secundaria/Polimodal Incompleta;2.2500 gramos y más;49
66;1;2;4.25 a 29;6.37 a 41;2.Secundaria/Polimodal Incompleta;2.2500 gramos y más;352
02;9;2;4.25 a 29;5.32 a 36;4.Sin especificar;2.2500 gramos y más;4
02;2;1;6.35 a 39;6.37 a 41;4.Sin especificar;2.2500 gramos y más;5
18;1;2;3.20 a 24;4.28 a 31;2.Secundaria/Polimodal Incompleta;1.Menos de 2500 gramos;4
06;2;2;6.35 a 39;6.37 a 41;1.Hasta Primaria/C.EGB Completa;1.Menos de 2500 gramos;11
66;2;2;3.20 a 24;6.37 a 41;2.Secundaria/Polimodal Incompleta;2.2500 gramos y más;3
82;2;1;6.35 a 39;2.22 a 23;3.Secundario/Polimodal Completa y más;1.Menos de 2500 gramos;4
86;1;1;2.15 a 19;7.42 y más;2.Secundaria/Polimodal Incompleta;2.2500 gramos y más;4
58;1;1;4.25 a 29;6.37 a 41;4.Sin especificar;2.2500 gramos y más;10
58;1;2;7.40 a 44;6.37 a 41;3.Secundario/Polimodal Completa y más;1.Menos de 2500 gramos;1
78;1;1;2.15 a 19;7.42 y más;1.Hasta Primaria/C.EGB Completa;2.2500 gramos y más;1
58;1;1;6.35 a 39;6.37 a 41;1.Hasta Primaria/C.EGB Completa;1.Menos de 2500 gramos;1
90;1;1;1.Menor de 15;5.32 a 36;2.Secundaria/Polimodal Incompleta;2.2500 gramos y más;1
54;1;1;6.35 a 39;4.28 a 31;3.Secundario/Polimodal Completa y más;1.Menos de 2500 gramos;2
06;2;2;5.30 a 34;5.32 a 36;2.Secundaria/Polimodal Incompleta;2.2500 gramos y más;7
94;1;2;6.35 a 39;3.24 a 27;4.Sin especificar;1.Menos de 2500 gramos;1
06;2;2;5.30 a 34;5.32 a 36;2.Secundaria/Polimodal Incompleta;1.Menos de 2500 gramos;25
54;1;1;4.25 a 29;8.Sin especificar;3.Secundario/Polimodal Completa y más;1.Menos de 2500 gramos;1
06;1;1;9.Sin especificar;8.Sin especificar;1.Hasta Primaria/C.EGB Completa;3.Sin especificar;14
06;9;1;7.40 a 44;6.37 a 41;3.Secundario/Polimodal Completa y más;2.2500 gramos y más;2
14;2;1;5.30 a 34;5.32 a 36;3.Secundario/Polimodal Completa y más;1.Menos de 2500 gramos;32
06;1;2;8.De 45 y más;6.37 a 41;4.Sin especificar;1.Menos de 2500 gramos;3
06;2;1;7.40 a 44;8.Sin especificar;4.Sin especificar;1.Menos de 2500 gramos;1
18;2;1;5.30 a 34;5.32 a 36;3.Secundario/Polimodal Completa y más;2.2500 gramos y más;6
30;1;1;3.20 a 24;8.Sin especificar;3.Secundario/Polimodal Completa y más;2.2500 gramos y más;6
62;1;2;3.20 a 24;6.37 a 41;1.Hasta Primaria/C.EGB Completa;1.Menos de 2500 gramos;2
34;2;2;4.25 a 29;8.Sin especificar;2.Secundaria/Polimodal Incompleta;2.2500 gramos y más;1
54;1;2;6.35 a 39;5.32 a 36;1.Hasta Primaria/C.EGB Completa;1.Menos de 2500 gramos;17
10;1;1;6.35 a 39;6.37 a 41;2.Secundaria/Polimodal Incompleta;3.Sin especificar;1
14;1;1;7.40 a 44;6.37 a 41;3.Secundario/Polimodal Completa y más;2.2500 gramos y más;627
62;1;2;7.40 a 44;5.32 a 36;1.Hasta Primaria/C.EGB Completa;2.2500 gramos y más;3
38;1;2;5.30 a 34;7.42 y más;1.Hasta Primaria/C.EGB Completa;2.2500 gramos y más;4
74;1;2;3.20 a 24;6.37 a 41;3.Secundario/Polimodal Completa y más;1.Menos de 2500 gramos;11
02;2;2;6.35 a 39;5.32 a 36;4.Sin especificar;1.Menos de 2500 gramos;5
10;1;2;3.20 a 24;5.32 a 36;3.Secundario/Polimodal Completa y más;2.2500 gramos y más;11
06;2;2;7.40 a 44;4.28 a 31;3.Secundario/Polimodal Completa y más;1.Menos de 2500 gramos;6
30;1;2;3.20 a 24;7.42 y más;3.Secundario/Polimodal Completa y más;2.2500 gramos y más;1
82;1;2;5.30 a 34;5.32 a 36;4.Sin especificar;1.Menos de 2500 gramos;1
78;9;1;6.35 a 39;5.32 a 36;4.Sin especificar;1.Menos de 2500 gramos;1
90;1;2;6.35 a 39;6.37 a 41;3.Secundario/Polimodal Completa y más;1.Menos de 2500 gramos;19
26;2;2;5.30 a 34;6.37 a 41;2.Secundaria/Polimodal Incompleta;2.2500 gramos y más;1
14;1;1;3.20 a 24;1.Menos de 22;3.Secundario/Polimodal Completa y más;1.Menos de 2500 gramos;1
58;1;1;4.25 a 29;6.37 a 41;2.Secundaria/Polimodal Incompleta;3.Sin especificar;1
90;2;1;3.20 a 24;4.28 a 31;3.Secundario/Polimodal Completa y más;1.Menos de 2500 gramos;8
78;1;2;2.15 a 19;6.37 a 41;3.Secundario/Polimodal Completa y más;2.2500 gramos y más;23
42;1;2;5.30 a 34;5.32 a 36;3.Secundario/Polimodal Completa y más;1.Menos de 2500 gramos;10
70;2;1;5.30 a 34;6.37 a 41;3.Secundario/Polimodal Completa y más;2.2500 gramos y más;6
62;1;1;7.40 a 44;5.32 a 36;2.Secundaria/Polimodal Incompleta;1.Menos de 2500 gramos;2
30;1;1;7.40 a 44;6.37 a 41;3.Secundario/Polimodal Completa y más;1.Menos de 2500 gramos;9
26;2;1;5.30 a 34;6.37 a 41;3.Secundario/Polimodal Completa y más;2.2500 gramos y más;4
06;2;1;2.15 a 19;3.24 a 27;3.Secundario/Polimodal Completa y más;1.Menos de 2500 gramos;3
50;1;1;2.15 a 19;5.32 a 36;1.Hasta Primaria/C.EGB Completa;1.Menos de 2500 gramos;5
54;1;1;6.35 a 39;6.37 a 41;4.Sin especificar;1.Menos de 2500 gramos;2
70;2;1;5.30 a 34;6.37 a 41;3.Secundario/Polimodal Completa y más;1.Menos de 2500 gramos;4
02;9;2;4.25 a 29;5.32 a 36;4.Sin especificar;3.Sin especificar;3
34;2;1;2.15 a 19;4.28 a 31;3.Secundario/Polimodal Completa y más;1.Menos de 2500 gramos;1
62;1;1;7.40 a 44;5.32 a 36;2.Secundaria/Polimodal Incompleta;2.2500 gramos y más;3
06;2;1;7.40 a 44;5.32 a 36;3.Secundario/Polimodal Completa y más;1.Menos de 2500 gramos;26
90;1;1;7.40 a 44;6.37 a 41;1.Hasta Primaria/C.EGB Completa;3.Sin especificar;1
50;1;2;6.35 a 39;5.32 a 36;3.Secundario/Polimodal Completa y más;1.Menos de 2500 gramos;36
06;2;2;6.35 a 39;5.32 a 36;4.Sin especificar;1.Menos de 2500 gramos;5
30;1;1;4.25 a 29;5.32 a 36;3.Secundario/Polimodal Completa y más;1.Menos de 2500 gramos;34
30;1;2;4.25 a 29;6.37 a 41;4.Sin especificar;2.2500 gramos y más;11
06;1;2;9.Sin especificar;8.Sin especificar;1.Hasta Primaria/C.EGB Completa;2.2500 gramos y más;3
06;1;2;8.De 45 y más;4.28 a 31;2.Secundaria/Polimodal Incompleta;1.Menos de 2500 gramos;1
06;1;2;7.40 a 44;6.37 a 41;4.Sin especificar;3.Sin especificar;2
38;1;2;4.25 a 29;6.37 a 41;2.Secundaria/Polimodal Incompleta;2.2500 gramos y más;143
54;1;2;6.35 a 39;5.32 a 36;3.Secundario/Polimodal Completa y más;1.Menos de 2500 gramos;12
18;2;2;4.25 a 29;5.32 a 36;4.Sin especificar;1.Menos de 2500 gramos;2
34;2;2;5.30 a 34;6.37 a 41;1.Hasta Primaria/C.EGB Completa;2.2500 gramos y más;1
18;1;1;6.35 a 39;3.24 a 27;2.Secundaria/Polimodal Incompleta;1.Menos de 2500 gramos;1
06;1;1;6.35 a 39;3.24 a 27;2.Secundaria/Polimodal Incompleta;3.Sin especificar;2
06;1;9;3.20 a 24;8.Sin especificar;4.Sin especificar;3.Sin especificar;2
94;1;2;3.20 a 24;5.32 a 36;2.Secundaria/Polimodal Incompleta;2.2500 gramos y más;2
02;1;2;3.20 a 24;4.28 a 31;4.Sin especificar;1.Menos de 2500 gramos;2
86;1;2;7.40 a 44;6.37 a 41;1.Hasta Primaria/C.EGB Completa;2.2500 gramos y más;93
70;1;1;7.40 a 44;3.24 a 27;3.Secundario/Polimodal Completa y más;1.Menos de 2500 gramos;1
26;1;2;3.20 a 24;6.37 a 41;3.Secundario/Polimodal Completa y más;2.2500 gramos y más;358
54;1;2;4.25 a 29;8.Sin especificar;3.Secundario/Polimodal Completa y más;1.Menos de 2500 gramos;2
02;1;2;5.30 a 34;5.32 a 36;3.Secundario/Polimodal Completa y más;2.2500 gramos y más;77
90;1;2;2.15 a 19;5.32 a 36;3.Secundario/Polimodal Completa y más;2.2500 gramos y más;23
14;1;2;4.25 a 29;5.32 a 36;2.Secundaria/Polimodal Incompleta;2.2500 gramos y más;40
10;1;2;2.15 a 19;4.28 a 31;2.Secundaria/Polimodal Incompleta;1.Menos de 2500 gramos;1
18;1;2;3.20 a 24;6.37 a 41;2.Secundaria/Polimodal Incompleta;1.Menos de 2500 gramos;18
70;1;2;5.30 a 34;6.37 a 41;1.Hasta Primaria/C.EGB Completa;1.Menos de 2500 gramos;4
38;1;1;1.Menor de 15;5.32 a 36;2.Secundaria/Polimodal Incompleta;2.2500 gramos y más;1
22;1;2;2.15 a 19;5.32 a 36;2.Secundaria/Polimodal Incompleta;1.Menos de 2500 gramos;22
90;1;1;2.15 a 19;4.28 a 31;2.Secundaria/Polimodal Incompleta;1.Menos de 2500 gramos;2
18;1;2;5.30 a 34;6.37 a 41;1.Hasta Primaria/C.EGB Completa;3.Sin especificar;1
06;2;2;9.Sin especificar;6.37 a 41;4.Sin especificar;2.2500 gramos y más;2
34;1;1;5.30 a 34;5.32 a 36;1.Hasta Primaria/C.EGB Completa;1.Menos de 2500 gramos;3
38;1;2;7.40 a 44;4.28 a 31;1.Hasta Primaria/C.EGB Completa;1.Menos de 2500 gramos;1
14;1;2;4.25 a 29;5.32 a 36;2.Secundaria/Polimodal Incompleta;1.Menos de 2500 gramos;32
90;1;2;2.15 a 19;5.32 a 36;3.Secundario/Polimodal Completa y más;1.Menos de 2500 gramos;10
06;1;2;9.Sin especificar;5.32 a 36;4.Sin especificar;2.2500 gramos y más;9
66;2;1;4.25 a 29;5.32 a 36;2.Secundaria/Polimodal Incompleta;1.Menos de 2500 gramos;2
58;2;1;6.35 a 39;5.32 a 36;3.Secundario/Polimodal Completa y más;2.2500 gramos y más;6
10;1;1;3.20 a 24;8.Sin especificar;3.Secundario/Polimodal Completa y más;2.2500 gramos y más;9
06;1;2;7.40 a 44;8.Sin especificar;2.Secundaria/Polimodal Incompleta;1.Menos de 2500 gramos;1
54;1;2;6.35 a 39;5.32 a 36;3.Secundario/Polimodal Completa y más;2.2500 gramos y más;17
06;1;2;7.40 a 44;7.42 y más;1.Hasta Primaria/C.EGB Completa;2.2500 gramos y más;5
06;2;1;6.35 a 39;6.37 a 41;1.Hasta Primaria/C.EGB Completa;1.Menos de 2500 gramos;7
54;1;2;3.20 a 24;7.42 y más;3.Secundario/Polimodal Completa y más;2.2500 gramos y más;1
18;2;1;4.25 a 29;6.37 a 41;1.Hasta Primaria/C.EGB Completa;1.Menos de 2500 gramos;1
86;1;2;7.40 a 44;6.37 a 41;1.Hasta Primaria/C.EGB Completa;1.Menos de 2500 gramos;6
14;2;1;3.20 a 24;6.37 a 41;2.Secundaria/Polimodal Incompleta;2.2500 gramos y más;10
14;1;1;6.35 a 39;8.Sin especificar;1.Hasta Primaria/C.EGB Completa;2.2500 gramos y más;1
06;1;2;3.20 a 24;7.42 y más;3.Secundario/Polimodal Completa y más;2.2500 gramos y más;37
66;1;1;5.30 a 34;1.Menos de 22;3.Secundario/Polimodal Completa y más;1.Menos de 2500 gramos;2
82;1;1;5.30 a 34;5.32 a 36;1.Hasta Primaria/C.EGB Completa;1.Menos de 2500 gramos;29
82;1;1;7.40 a 44;6.37 a 41;3.Secundario/Polimodal Completa y más;2.2500 gramos y más;507
58;1;1;7.40 a 44;6.37 a 41;2.Secundaria/Polimodal Incompleta;2.2500 gramos y más;24
94;1;2;2.15 a 19;6.37 a 41;3.Secundario/Polimodal Completa y más;1.Menos de 2500 gramos;1
02;2;2;6.35 a 39;6.37 a 41;4.Sin especificar;1.Menos de 2500 gramos;4
86;1;2;7.40 a 44;5.32 a 36;2.Secundaria/Polimodal Incompleta;2.2500 gramos y más;4
02;9;2;7.40 a 44;6.37 a 41;4.Sin especificar;1.Menos de 2500 gramos;2
70;1;2;2.15 a 19;5.32 a 36;3.Secundario/Polimodal Completa y más;1.Menos de 2500 gramos;3
82;1;1;8.De 45 y más;5.32 a 36;3.Secundario/Polimodal Completa y más;1.Menos de 2500 gramos;3
22;1;2;5.30 a 34;6.37 a 41;3.Secundario/Polimodal Completa y más;2.2500 gramos y más;857
02;1;2;5.30 a 34;6.37 a 41;1.Hasta Primaria/C.EGB Completa;2.2500 gramos y más;318
22;1;9;2.15 a 19;6.37 a 41;2.Secundaria/Polimodal Incompleta;3.Sin especificar;1
82;2;2;6.35 a 39;5.32 a 36;2.Secundaria/Polimodal Incompleta;1.Menos de 2500 gramos;1
22;1;2;6.35 a 39;7.42 y más;1.Hasta Primaria/C.EGB Completa;2.2500 gramos y más;1
82;1;1;2.15 a 19;6.37 a 41;1.Hasta Primaria/C.EGB Completa;1.Menos de 2500 gramos;8
78;1;2;4.25 a 29;4.28 a 31;3.Secundario/Polimodal Completa y más;1.Menos de 2500 gramos;3
94;1;1;4.25 a 29;6.37 a 41;1.Hasta Primaria/C.EGB Completa;2.2500 gramos y más;10
74;1;2;6.35 a 39;5.32 a 36;2.Secundaria/Polimodal Incompleta;1.Menos de 2500 gramos;1
62;1;2;3.20 a 24;3.24 a 27;4.Sin especificar;1.Menos de 2500 gramos;1
86;1;1;3.20 a 24;5.32 a 36;2.Secundaria/Polimodal Incompleta;2.2500 gramos y más;26
14;1;2;6.35 a 39;8.Sin especificar;1.Hasta Primaria/C.EGB Completa;2.2500 gramos y más;1
66;1;1;3.20 a 24;6.37 a 41;4.Sin especificar;1.Menos de 2500 gramos;2
06;2;1;6.35 a 39;6.37 a 41;3.Secundario/Polimodal Completa y más;1.Menos de 2500 gramos;39
38;1;2;2.15 a 19;7.42 y más;2.Secundaria/Polimodal Incompleta;2.2500 gramos y más;1
66;1;1;3.20 a 24;5.32 a 36;2.Secundaria/Polimodal Incompleta;1.Menos de 2500 gramos;18
14;1;2;4.25 a 29;6.37 a 41;2.Secundaria/Polimodal Incompleta;2.2500 gramos y más;1239
66;1;2;4.25 a 29;8.Sin especificar;1.Hasta Primaria/C.EGB Completa;2.2500 gramos y más;5
18;1;1;4.25 a 29;5.32 a 36;2.Secundaria/Polimodal Incompleta;2.2500 gramos y más;12
50;1;1;6.35 a 39;4.28 a 31;1.Hasta Primaria/C.EGB Completa;1.Menos de 2500 gramos;1
02;2;2;2.15 a 19;5.32 a 36;4.Sin especificar;2.2500 gramos y más;1
10;1;2;9.Sin especificar;8.Sin especificar;4.Sin especificar;3.Sin especificar;11
78;1;1;2.15 a 19;4.28 a 31;3.Secundario/Polimodal Completa y más;1.Menos de 2500 gramos;1
54;1;2;6.35 a 39;5.32 a 36;1.Hasta Primaria/C.EGB Completa;2.2500 gramos y más;18
06;9;2;4.25 a 29;6.37 a 41;2.Secundaria/Polimodal Incompleta;1.Menos de 2500 gramos;2
02;1;1;8.De 45 y más;6.37 a 41;3.Secundario/Polimodal Completa y más;2.2500 gramos y más;98
26;1;1;3.20 a 24;4.28 a 31;1.Hasta Primaria/C.EGB Completa;1.Menos de 2500 gramos;1
46;1;1;3.20 a 24;5.32 a 36;1.Hasta Primaria/C.EGB Completa;2.2500 gramos y más;1
38;1;2;8.De 45 y más;5.32 a 36;1.Hasta Primaria/C.EGB Completa;2.2500 gramos y más;1
06;1;2;7.40 a 44;4.28 a 31;4.Sin especificar;1.Menos de 2500 gramos;5
90;1;1;8.De 45 y más;6.37 a 41;2.Secundaria/Polimodal Incompleta;2.2500 gramos y más;2
02;9;2;4.25 a 29;6.37 a 41;3.Secundario/Polimodal Completa y más;2.2500 gramos y más;11
74;1;1;7.40 a 44;5.32 a 36;1.Hasta Primaria/C.EGB Completa;2.2500 gramos y más;1
18;1;2;5.30 a 34;6.37 a 41;2.Secundaria/Polimodal Incompleta;1.Menos de 2500 gramos;6
70;1;2;3.20 a 24;3.24 a 27;1.Hasta Primaria/C.EGB Completa;1.Menos de 2500 gramos;2
70;1;2;5.30 a 34;6.37 a 41;3.Secundario/Polimodal Completa y más;2.2500 gramos y más;628
62;1;2;2.15 a 19;6.37 a 41;1.Hasta Primaria/C.EGB Completa;1.Menos de 2500 gramos;4
14;1;1;3.20 a 24;8.Sin especificar;3.Secundario/Polimodal Completa y más;3.Sin especificar;2
22;1;1;7.40 a 44;5.32 a 36;1.Hasta Primaria/C.EGB Completa;2.2500 gramos y más;4
14;1;1;4.25 a 29;5.32 a 36;2.Secundaria/Polimodal Incompleta;2.2500 gramos y más;42
22;1;1;2.15 a 19;8.Sin especificar;2.Secundaria/Polimodal Incompleta;2.2500 gramos y más;2
06;2;1;2.15 a 19;8.Sin especificar;2.Secundaria/Polimodal Incompleta;3.Sin especificar;2
82;1;2;3.20 a 24;6.37 a 41;1.Hasta Primaria/C.EGB Completa;2.2500 gramos y más;854
86;1;2;5.30 a 34;4.28 a 31;1.Hasta Primaria/C.EGB Completa;1.Menos de 2500 gramos;4
30;2;1;7.40 a 44;5.32 a 36;3.Secundario/Polimodal Completa y más;1.Menos de 2500 gramos;1
30;2;1;2.15 a 19;5.32 a 36;3.Secundario/Polimodal Completa y más;1.Menos de 2500 gramos;2
70;2;1;3.20 a 24;6.37 a 41;1.Hasta Primaria/C.EGB Completa;1.Menos de 2500 gramos;1
42;1;2;5.30 a 34;8.Sin especificar;3.Secundario/Polimodal Completa y más;2.2500 gramos y más;1
70;1;2;5.30 a 34;6.37 a 41;3.Secundario/Polimodal Completa y más;1.Menos de 2500 gramos;19
38;1;1;3.20 a 24;6.37 a 41;3.Secundario/Polimodal Completa y más;2.2500 gramos y más;636
06;1;9;6.35 a 39;6.37 a 41;3.Secundario/Polimodal Completa y más;3.Sin especificar;4
22;1;2;4.25 a 29;4.28 a 31;1.Hasta Primaria/C.EGB Completa;2.2500 gramos y más;1
82;1;2;2.15 a 19;6.37 a 41;4.Sin especificar;2.2500 gramos y más;15
06;9;2;3.20 a 24;6.37 a 41;2.Secundaria/Polimodal Incompleta;1.Menos de 2500 gramos;1
70;1;1;4.25 a 29;6.37 a 41;1.Hasta Primaria/C.EGB Completa;2.2500 gramos y más;233
34;1;1;4.25 a 29;4.28 a 31;4.Sin especificar;1.Menos de 2500 gramos;3
42;2;2;6.35 a 39;6.37 a 41;1.Hasta Primaria/C.EGB Completa;2.2500 gramos y más;1
22;2;1;2.15 a 19;6.37 a 41;2.Secundaria/Polimodal Incompleta;2.2500 gramos y más;5
46;2;1;5.30 a 34;4.28 a 31;3.Secundario/Polimodal Completa y más;1.Menos de 2500 gramos;1
99;1;2;2.15 a 19;5.32 a 36;3.Secundario/Polimodal Completa y más;2.2500 gramos y más;2
70;1;1;3.20 a 24;6.37 a 41;2.Secundaria/Polimodal Incompleta;2.2500 gramos y más;537
90;1;2;6.35 a 39;7.42 y más;3.Secundario/Polimodal Completa y más;2.2500 gramos y más;20
02;9;1;7.40 a 44;6.37 a 41;4.Sin especificar;2.2500 gramos y más;26
22;2;2;3.20 a 24;5.32 a 36;3.Secundario/Polimodal Completa y más;1.Menos de 2500 gramos;10
14;1;1;6.35 a 39;6.37 a 41;4.Sin especificar;2.2500 gramos y más;24
06;1;1;4.25 a 29;6.37 a 41;4.Sin especificar;3.Sin especificar;6
82;1;1;2.15 a 19;3.24 a 27;2.Secundaria/Polimodal Incompleta;1.Menos de 2500 gramos;6
22;1;2;3.20 a 24;6.37 a 41;2.Secundaria/Polimodal Incompleta;2.2500 gramos y más;531
18;1;1;2.15 a 19;7.42 y más;2.Secundaria/Polimodal Incompleta;2.2500 gramos y más;8
74;1;2;5.30 a 34;7.42 y más;2.Secundaria/Polimodal Incompleta;2.2500 gramos y más;5
06;2;1;5.30 a 34;5.32 a 36;1.Hasta Primaria/C.EGB Completa;3.Sin especificar;1
06;9;2;2.15 a 19;5.32 a 36;4.Sin especificar;1.Menos de 2500 gramos;2
90;1;1;3.20 a 24;1.Menos de 22;3.Secundario/Polimodal Completa y más;1.Menos de 2500 gramos;1
34;1;1;3.20 a 24;6.37 a 41;2.Secundaria/Polimodal Incompleta;1.Menos de 2500 gramos;5
34;1;1;1.Menor de 15;5.32 a 36;4.Sin especificar;2.2500 gramos y más;3
50;1;2;5.30 a 34;5.32 a 36;2.Secundaria/Polimodal Incompleta;1.Menos de 2500 gramos;16
14;1;2;3.20 a 24;7.42 y más;3.Secundario/Polimodal Completa y más;2.2500 gramos y más;3
06;1;1;3.20 a 24;5.32 a 36;3.Secundario/Polimodal Completa y más;1.Menos de 2500 gramos;275
14;1;1;6.35 a 39;6.37 a 41;3.Secundario/Polimodal Completa y más;3.Sin especificar;2
06;1;1;9.Sin especificar;7.42 y más;3.Secundario/Polimodal Completa y más;2.2500 gramos y más;1
06;1;9;7.40 a 44;5.32 a 36;3.Secundario/Polimodal Completa y más;1.Menos de 2500 gramos;3
02;1;2;6.35 a 39;5.32 a 36;4.Sin especificar;1.Menos de 2500 gramos;9
06;1;2;7.40 a 44;3.24 a 27;2.Secundaria/Polimodal Incompleta;1.Menos de 2500 gramos;6
78;1;2;3.20 a 24;5.32 a 36;3.Secundario/Polimodal Completa y más;2.2500 gramos y más;9
86;1;2;2.15 a 19;6.37 a 41;1.Hasta Primaria/C.EGB Completa;1.Menos de 2500 gramos;10
30;1;2;6.35 a 39;6.37 a 41;3.Secundario/Polimodal Completa y más;2.2500 gramos y más;691
18;2;1;4.25 a 29;6.37 a 41;2.Secundaria/Polimodal Incompleta;1.Menos de 2500 gramos;1
06;1;1;9.Sin especificar;3.24 a 27;3.Secundario/Polimodal Completa y más;1.Menos de 2500 gramos;2
22;2;2;5.30 a 34;3.24 a 27;4.Sin especificar;1.Menos de 2500 gramos;2
66;1;1;4.25 a 29;5.32 a 36;4.Sin especificar;2.2500 gramos y más;1
06;2;1;3.20 a 24;6.37 a 41;2.Secundaria/Polimodal Incompleta;1.Menos de 2500 gramos;13
34;1;2;7.40 a 44;6.37 a 41;4.Sin especificar;2.2500 gramos y más;34
54;1;1;8.De 45 y más;5.32 a 36;1.Hasta Primaria/C.EGB Completa;1.Menos de 2500 gramos;1
70;1;1;6.35 a 39;6.37 a 41;2.Secundaria/Polimodal Incompleta;1.Menos de 2500 gramos;6
06;2;1;3.20 a 24;6.37 a 41;4.Sin especificar;1.Menos de 2500 gramos;1
54;1;1;7.40 a 44;4.28 a 31;1.Hasta Primaria/C.EGB Completa;1.Menos de 2500 gramos;1
78;1;1;5.30 a 34;5.32 a 36;2.Secundaria/Polimodal Incompleta;1.Menos de 2500 gramos;2
46;1;2;4.25 a 29;3.24 a 27;2.Secundaria/Polimodal Incompleta;1.Menos de 2500 gramos;1
06;2;2;3.20 a 24;6.37 a 41;2.Secundaria/Polimodal Incompleta;3.Sin especificar;1
38;1;1;2.15 a 19;5.32 a 36;2.Secundaria/Polimodal Incompleta;2.2500 gramos y más;10
18;1;1;6.35 a 39;6.37 a 41;4.Sin especificar;2.2500 gramos y más;129
22;1;2;2.15 a 19;4.28 a 31;2.Secundaria/Polimodal Incompleta;1.Menos de 2500 gramos;5
42;2;2;3.20 a 24;6.37 a 41;2.Secundaria/Polimodal Incompleta;2.2500 gramos y más;1
38;1;2;3.20 a 24;8.Sin especificar;1.Hasta Primaria/C.EGB Completa;1.Menos de 2500 gramos;1
74;1;1;7.40 a 44;5.32 a 36;2.Secundaria/Polimodal Incompleta;1.Menos de 2500 gramos;1
18;1;2;5.30 a 34;6.37 a 41;1.Hasta Primaria/C.EGB Completa;2.2500 gramos y más;230
30;2;2;8.De 45 y más;5.32 a 36;3.Secundario/Polimodal Completa y más;1.Menos de 2500 gramos;2
82;2;1;8.De 45 y más;6.37 a 41;3.Secundario/Polimodal Completa y más;2.2500 gramos y más;1
22;1;9;2.15 a 19;5.32 a 36;2.Secundaria/Polimodal Incompleta;1.Menos de 2500 gramos;1
14;1;2;5.30 a 34;3.24 a 27;3.Secundario/Polimodal Completa y más;1.Menos de 2500 gramos;7
66;1;2;4.25 a 29;8.Sin especificar;2.Secundaria/Polimodal Incompleta;3.Sin especificar;1
90;1;2;1.Menor de 15;7.42 y más;2.Secundaria/Polimodal Incompleta;2.2500 gramos y más;1
06;1;9;3.20 a 24;4.28 a 31;2.Secundaria/Polimodal Incompleta;1.Menos de 2500 gramos;1
90;1;2;5.30 a 34;4.28 a 31;2.Secundaria/Polimodal Incompleta;1.Menos de 2500 gramos;4
14;1;1;1.Menor de 15;6.37 a 41;2.Secundaria/Polimodal Incompleta;2.2500 gramos y más;16
90;2;2;6.35 a 39;1.Menos de 22;3.Secundario/Polimodal Completa y más;1.Menos de 2500 gramos;1
14;1;2;8.De 45 y más;5.32 a 36;3.Secundario/Polimodal Completa y más;2.2500 gramos y más;2
62;1;1;2.15 a 19;6.37 a 41;4.Sin especificar;1.Menos de 2500 gramos;1
99;1;9;9.Sin especificar;6.37 a 41;4.Sin especificar;2.2500 gramos y más;2
02;1;1;2.15 a 19;8.Sin especificar;3.Secundario/Polimodal Completa y más;2.2500 gramos y más;1
90;1;1;3.20 a 24;4.28 a 31;3.Secundario/Polimodal Completa y más;2.2500 gramos y más;2
54;1;1;2.15 a 19;4.28 a 31;4.Sin especificar;2.2500 gramos y más;1
74;2;2;3.20 a 24;5.32 a 36;2.Secundaria/Polimodal Incompleta;1.Menos de 2500 gramos;4
10;1;1;3.20 a 24;5.32 a 36;1.Hasta Primaria/C.EGB Completa;2.2500 gramos y más;2
70;1;1;3.20 a 24;5.32 a 36;2.Secundaria/Polimodal Incompleta;1.Menos de 2500 gramos;13
82;2;1;3.20 a 24;6.37 a 41;3.Secundario/Polimodal Completa y más;2.2500 gramos y más;6
06;1;2;5.30 a 34;8.Sin especificar;2.Secundaria/Polimodal Incompleta;2.2500 gramos y más;24
06;1;9;4.25 a 29;8.Sin especificar;1.Hasta Primaria/C.EGB Completa;2.2500 gramos y más;1
74;1;2;7.40 a 44;5.32 a 36;1.Hasta Primaria/C.EGB Completa;1.Menos de 2500 gramos;1
58;2;1;2.15 a 19;6.37 a 41;1.Hasta Primaria/C.EGB Completa;1.Menos de 2500 gramos;1
82;2;1;5.30 a 34;6.37 a 41;3.Secundario/Polimodal Completa y más;1.Menos de 2500 gramos;8
82;1;2;1.Menor de 15;5.32 a 36;3.Secundario/Polimodal Completa y más;1.Menos de 2500 gramos;1
22;1;1;3.20 a 24;5.32 a 36;1.Hasta Primaria/C.EGB Completa;1.Menos de 2500 gramos;10
26;2;2;4.25 a 29;6.37 a 41;1.Hasta Primaria/C.EGB Completa;2.2500 gramos y más;1
62;1;2;2.15 a 19;5.32 a 36;4.Sin especificar;1.Menos de 2500 gramos;2
22;2;2;6.35 a 39;5.32 a 36;1.Hasta Primaria/C.EGB Completa;2.2500 gramos y más;1
82;2;2;7.40 a 44;6.37 a 41;3.Secundario/Polimodal Completa y más;2.2500 gramos y más;8
54;2;1;3.20 a 24;6.37 a 41;4.Sin especificar;1.Menos de 2500 gramos;1
06;2;2;9.Sin especificar;8.Sin especificar;1.Hasta Primaria/C.EGB Completa;3.Sin especificar;1
14;1;1;5.30 a 34;5.32 a 36;3.Secundario/Polimodal Completa y más;1.Menos de 2500 gramos;105
62;1;2;8.De 45 y más;6.37 a 41;1.Hasta Primaria/C.EGB Completa;2.2500 gramos y más;1
06;2;1;8.De 45 y más;6.37 a 41;3.Secundario/Polimodal Completa y más;1.Menos de 2500 gramos;2
78;1;1;2.15 a 19;6.37 a 41;4.Sin especificar;2.2500 gramos y más;3
90;1;1;1.Menor de 15;6.37 a 41;2.Secundaria/Polimodal Incompleta;1.Menos de 2500 gramos;1
30;1;1;4.25 a 29;6.37 a 41;3.Secundario/Polimodal Completa y más;2.2500 gramos y más;1202
90;1;1;6.35 a 39;6.37 a 41;1.Hasta Primaria/C.EGB Completa;1.Menos de 2500 gramos;8
66;1;2;5.30 a 34;8.Sin especificar;3.Secundario/Polimodal Completa y más;1.Menos de 2500 gramos;3
66;1;1;5.30 a 34;6.37 a 41;3.Secundario/Polimodal Completa y más;1.Menos de 2500 gramos;17
70;1;1;3.20 a 24;3.24 a 27;2.Secundaria/Polimodal Incompleta;1.Menos de 2500 gramos;4
62;1;2;2.15 a 19;6.37 a 41;1.Hasta Primaria/C.EGB Completa;2.2500 gramos y más;49
22;1;2;6.35 a 39;8.Sin especificar;1.Hasta Primaria/C.EGB Completa;2.2500 gramos y más;4
86;1;2;3.20 a 24;4.28 a 31;2.Secundaria/Polimodal Incompleta;1.Menos de 2500 gramos;3
94;1;2;3.20 a 24;5.32 a 36;3.Secundario/Polimodal Completa y más;2.2500 gramos y más;7
02;9;2;4.25 a 29;5.32 a 36;4.Sin especificar;1.Menos de 2500 gramos;6
99;9;2;3.20 a 24;6.37 a 41;2.Secundaria/Polimodal Incompleta;2.2500 gramos y más;1
38;1;1;4.25 a 29;6.37 a 41;2.Secundaria/Polimodal Incompleta;1.Menos de 2500 gramos;6
62;1;1;4.25 a 29;5.32 a 36;2.Secundaria/Polimodal Incompleta;2.2500 gramos y más;6
06;9;2;5.30 a 34;5.32 a 36;3.Secundario/Polimodal Completa y más;2.2500 gramos y más;2
30;1;2;6.35 a 39;5.32 a 36;3.Secundario/Polimodal Completa y más;1.Menos de 2500 gramos;26
22;9;1;3.20 a 24;5.32 a 36;4.Sin especificar;1.Menos de 2500 gramos;2
18;2;2;6.35 a 39;6.37 a 41;1.Hasta Primaria/C.EGB Completa;1.Menos de 2500 gramos;1
99;1;2;2.15 a 19;8.Sin especificar;4.Sin especificar;3.Sin especificar;5
54;2;2;4.25 a 29;2.22 a 23;1.Hasta Primaria/C.EGB Completa;1.Menos de 2500 gramos;1
18;1;2;3.20 a 24;4.28 a 31;3.Secundario/Polimodal Completa y más;2.2500 gramos y más;1
14;2;1;5.30 a 34;5.32 a 36;3.Secundario/Polimodal Completa y más;2.2500 gramos y más;12
06;1;2;6.35 a 39;8.Sin especificar;1.Hasta Primaria/C.EGB Completa;2.2500 gramos y más;11
82;1;2;7.40 a 44;5.32 a 36;1.Hasta Primaria/C.EGB Completa;1.Menos de 2500 gramos;5
66;1;1;4.25 a 29;5.32 a 36;1.Hasta Primaria/C.EGB Completa;2.2500 gramos y más;9
66;1;1;1.Menor de 15;6.37 a 41;1.Hasta Primaria/C.EGB Completa;2.2500 gramos y más;32
06;1;2;3.20 a 24;8.Sin especificar;2.Secundaria/Polimodal Incompleta;2.2500 gramos y más;52
30;1;1;1.Menor de 15;5.32 a 36;2.Secundaria/Polimodal Incompleta;1.Menos de 2500 gramos;2
02;1;2;7.40 a 44;2.22 a 23;3.Secundario/Polimodal Completa y más;1.Menos de 2500 gramos;1
74;1;1;5.30 a 34;8.Sin especificar;2.Secundaria/Polimodal Incompleta;2.2500 gramos y más;1
02;1;1;7.40 a 44;5.32 a 36;2.Secundaria/Polimodal Incompleta;2.2500 gramos y más;2
99;2;1;6.35 a 39;5.32 a 36;3.Secundario/Polimodal Completa y más;1.Menos de 2500 gramos;1
06;1;2;7.40 a 44;5.32 a 36;3.Secundario/Polimodal Completa y más;1.Menos de 2500 gramos;105
06;1;1;3.20 a 24;3.24 a 27;2.Secundaria/Polimodal Incompleta;3.Sin especificar;1
54;1;1;4.25 a 29;7.42 y más;1.Hasta Primaria/C.EGB Completa;2.2500 gramos y más;6
02;1;2;5.30 a 34;7.42 y más;4.Sin especificar;2.2500 gramos y más;2
10;1;1;4.25 a 29;8.Sin especificar;1.Hasta Primaria/C.EGB Completa;2.2500 gramos y más;2
06;1;1;5.30 a 34;5.32 a 36;1.Hasta Primaria/C.EGB Completa;2.2500 gramos y más;102
82;2;2;4.25 a 29;6.37 a 41;3.Secundario/Polimodal Completa y más;2.2500 gramos y más;13
14;1;2;5.30 a 34;6.37 a 41;2.Secundaria/Polimodal Incompleta;1.Menos de 2500 gramos;21
54;1;1;6.35 a 39;6.37 a 41;4.Sin especificar;2.2500 gramos y más;59
54;1;1;4.25 a 29;8.Sin especificar;3.Secundario/Polimodal Completa y más;2.2500 gramos y más;3
22;1;1;5.30 a 34;7.42 y más;3.Secundario/Polimodal Completa y más;2.2500 gramos y más;2
06;1;2;3.20 a 24;4.28 a 31;3.Secundario/Polimodal Completa y más;3.Sin especificar;5
02;1;2;4.25 a 29;6.37 a 41;4.Sin especificar;2.2500 gramos y más;315
66;1;1;2.15 a 19;8.Sin especificar;2.Secundaria/Polimodal Incompleta;2.2500 gramos y más;14
50;2;2;7.40 a 44;5.32 a 36;1.Hasta Primaria/C.EGB Completa;1.Menos de 2500 gramos;2
34;2;2;4.25 a 29;6.37 a 41;3.Secundario/Polimodal Completa y más;1.Menos de 2500 gramos;1
54;1;1;2.15 a 19;6.37 a 41;1.Hasta Primaria/C.EGB Completa;2.2500 gramos y más;534
50;1;2;3.20 a 24;5.32 a 36;3.Secundario/Polimodal Completa y más;1.Menos de 2500 gramos;33
30;2;1;4.25 a 29;5.32 a 36;3.Secundario/Polimodal Completa y más;1.Menos de 2500 gramos;2
82;1;1;3.20 a 24;8.Sin especificar;1.Hasta Primaria/C.EGB Completa;2.2500 gramos y más;6
22;1;1;5.30 a 34;6.37 a 41;3.Secundario/Polimodal Completa y más;3.Sin especificar;5
66;1;2;6.35 a 39;6.37 a 41;3.Secundario/Polimodal Completa y más;1.Menos de 2500 gramos;20
86;2;2;6.35 a 39;5.32 a 36;3.Secundario/Polimodal Completa y más;2.2500 gramos y más;1
18;1;1;7.40 a 44;7.42 y más;1.Hasta Primaria/C.EGB Completa;2.2500 gramos y más;1
10;2;2;6.35 a 39;5.32 a 36;1.Hasta Primaria/C.EGB Completa;2.2500 gramos y más;2
30;1;1;4.25 a 29;3.24 a 27;3.Secundario/Polimodal Completa y más;1.Menos de 2500 gramos;1
14;1;2;6.35 a 39;6.37 a 41;3.Secundario/Polimodal Completa y más;3.Sin especificar;6
86;1;2;9.Sin especificar;6.37 a 41;1.Hasta Primaria/C.EGB Completa;2.2500 gramos y más;1
50;1;2;3.20 a 24;5.32 a 36;3.Secundario/Polimodal Completa y más;2.2500 gramos y más;25
58;1;1;6.35 a 39;6.37 a 41;1.Hasta Primaria/C.EGB Completa;2.2500 gramos y más;45
30;2;1;4.25 a 29;6.37 a 41;2.Secundaria/Polimodal Incompleta;2.2500 gramos y más;5
34;1;1;5.30 a 34;6.37 a 41;1.Hasta Primaria/C.EGB Completa;2.2500 gramos y más;114
86;1;2;4.25 a 29;4.28 a 31;2.Secundaria/Polimodal Incompleta;2.2500 gramos y más;1
54;1;1;5.30 a 34;4.28 a 31;2.Secundaria/Polimodal Incompleta;1.Menos de 2500 gramos;1
62;1;2;6.35 a 39;5.32 a 36;3.Secundario/Polimodal Completa y más;1.Menos de 2500 gramos;17
06;9;2;9.Sin especificar;8.Sin especificar;4.Sin especificar;3.Sin especificar;2
30;1;1;7.40 a 44;5.32 a 36;3.Secundario/Polimodal Completa y más;1.Menos de 2500 gramos;4
86;1;2;5.30 a 34;4.28 a 31;3.Secundario/Polimodal Completa y más;1.Menos de 2500 gramos;2
50;2;2;6.35 a 39;5.32 a 36;3.Secundario/Polimodal Completa y más;1.Menos de 2500 gramos;7
62;1;2;5.30 a 34;5.32 a 36;2.Secundaria/Polimodal Incompleta;1.Menos de 2500 gramos;7
10;9;2;6.35 a 39;5.32 a 36;3.Secundario/Polimodal Completa y más;2.2500 gramos y más;2
22;2;1;5.30 a 34;6.37 a 41;3.Secundario/Polimodal Completa y más;1.Menos de 2500 gramos;4
06;1;1;8.De 45 y más;8.Sin especificar;3.Secundario/Polimodal Completa y más;1.Menos de 2500 gramos;3
54;1;1;4.25 a 29;6.37 a 41;3.Secundario/Polimodal Completa y más;1.Menos de 2500 gramos;17
10;1;1;4.25 a 29;8.Sin especificar;2.Secundaria/Polimodal Incompleta;2.2500 gramos y más;1
70;1;2;2.15 a 19;4.28 a 31;2.Secundaria/Polimodal Incompleta;1.Menos de 2500 gramos;1
54;2;1;6.35 a 39;6.37 a 41;4.Sin especificar;1.Menos de 2500 gramos;1
70;2;2;6.35 a 39;6.37 a 41;1.Hasta Primaria/C.EGB Completa;2.2500 gramos y más;1
06;1;2;7.40 a 44;6.37 a 41;4.Sin especificar;1.Menos de 2500 gramos;5
58;1;1;4.25 a 29;5.32 a 36;4.Sin especificar;2.2500 gramos y más;1
02;9;1;6.35 a 39;6.37 a 41;3.Secundario/Polimodal Completa y más;2.2500 gramos y más;19
54;1;2;3.20 a 24;8.Sin especificar;4.Sin especificar;2.2500 gramos y más;1
46;2;1;6.35 a 39;6.37 a 41;3.Secundario/Polimodal Completa y más;1.Menos de 2500 gramos;2
54;1;2;2.15 a 19;4.28 a 31;4.Sin especificar;1.Menos de 2500 gramos;1
58;1;2;3.20 a 24;6.37 a 41;3.Secundario/Polimodal Completa y más;1.Menos de 2500 gramos;4
78;1;2;4.25 a 29;6.37 a 41;1.Hasta Primaria/C.EGB Completa;1.Menos de 2500 gramos;2
54;1;1;5.30 a 34;6.37 a 41;2.Secundaria/Polimodal Incompleta;2.2500 gramos y más;302
54;1;2;7.40 a 44;5.32 a 36;3.Secundario/Polimodal Completa y más;2.2500 gramos y más;7
02;2;2;8.De 45 y más;6.37 a 41;3.Secundario/Polimodal Completa y más;1.Menos de 2500 gramos;2
50;2;2;5.30 a 34;5.32 a 36;2.Secundaria/Polimodal Incompleta;1.Menos de 2500 gramos;5
62;1;2;6.35 a 39;5.32 a 36;3.Secundario/Polimodal Completa y más;2.2500 gramos y más;27
34;1;1;2.15 a 19;6.37 a 41;4.Sin especificar;2.2500 gramos y más;129
18;1;2;3.20 a 24;5.32 a 36;3.Secundario/Polimodal Completa y más;2.2500 gramos y más;31
98;1;2;4.25 a 29;6.37 a 41;3.Secundario/Polimodal Completa y más;2.2500 gramos y más;7
50;1;2;6.35 a 39;2.22 a 23;2.Secundaria/Polimodal Incompleta;1.Menos de 2500 gramos;2
06;1;2;2.15 a 19;8.Sin especificar;3.Secundario/Polimodal Completa y más;2.2500 gramos y más;24
30;1;1;1.Menor de 15;6.37 a 41;2.Secundaria/Polimodal Incompleta;2.2500 gramos y más;16
18;1;1;5.30 a 34;6.37 a 41;2.Secundaria/Polimodal Incompleta;2.2500 gramos y más;198
18;2;1;4.25 a 29;5.32 a 36;3.Secundario/Polimodal Completa y más;1.Menos de 2500 gramos;7
18;1;1;5.30 a 34;3.24 a 27;1.Hasta Primaria/C.EGB Completa;1.Menos de 2500 gramos;1
50;1;2;7.40 a 44;2.22 a 23;2.Secundaria/Polimodal Incompleta;1.Menos de 2500 gramos;1
14;1;1;2.15 a 19;6.37 a 41;2.Secundaria/Polimodal Incompleta;1.Menos de 2500 gramos;32
14;1;2;6.35 a 39;6.37 a 41;4.Sin especificar;2.2500 gramos y más;29
14;2;2;3.20 a 24;5.32 a 36;1.Hasta Primaria/C.EGB Completa;1.Menos de 2500 gramos;8
10;1;2;4.25 a 29;6.37 a 41;2.Secundaria/Polimodal Incompleta;1.Menos de 2500 gramos;2
26;1;2;6.35 a 39;6.37 a 41;3.Secundario/Polimodal Completa y más;1.Menos de 2500 gramos;5
02;2;1;5.30 a 34;5.32 a 36;3.Secundario/Polimodal Completa y más;2.2500 gramos y más;17
02;1;2;9.Sin especificar;6.37 a 41;4.Sin especificar;2.2500 gramos y más;3
14;1;1;9.Sin especificar;5.32 a 36;1.Hasta Primaria/C.EGB Completa;2.2500 gramos y más;3
26;1;1;4.25 a 29;6.37 a 41;3.Secundario/Polimodal Completa y más;2.2500 gramos y más;543
14;2;2;4.25 a 29;6.37 a 41;3.Secundario/Polimodal Completa y más;1.Menos de 2500 gramos;4
18;2;2;5.30 a 34;6.37 a 41;2.Secundaria/Polimodal Incompleta;1.Menos de 2500 gramos;1
06;1;2;3.20 a 24;8.Sin especificar;3.Secundario/Polimodal Completa y más;2.2500 gramos y más;84
66;1;2;3.20 a 24;6.37 a 41;4.Sin especificar;1.Menos de 2500 gramos;2
54;1;2;5.30 a 34;4.28 a 31;3.Secundario/Polimodal Completa y más;2.2500 gramos y más;1
30;1;1;3.20 a 24;3.24 a 27;2.Secundaria/Polimodal Incompleta;1.Menos de 2500 gramos;1
74;2;2;6.35 a 39;6.37 a 41;3.Secundario/Polimodal Completa y más;1.Menos de 2500 gramos;2
54;1;1;9.Sin especificar;6.37 a 41;1.Hasta Primaria/C.EGB Completa;2.2500 gramos y más;4
14;1;1;4.25 a 29;7.42 y más;3.Secundario/Polimodal Completa y más;2.2500 gramos y más;3
14;2;2;2.15 a 19;4.28 a 31;2.Secundaria/Polimodal Incompleta;1.Menos de 2500 gramos;2
94;1;1;4.25 a 29;5.32 a 36;3.Secundario/Polimodal Completa y más;2.2500 gramos y más;7
82;1;2;2.15 a 19;8.Sin especificar;1.Hasta Primaria/C.EGB Completa;2.2500 gramos y más;2
06;2;1;5.30 a 34;2.22 a 23;3.Secundario/Polimodal Completa y más;1.Menos de 2500 gramos;4
54;2;1;6.35 a 39;2.22 a 23;1.Hasta Primaria/C.EGB Completa;1.Menos de 2500 gramos;1
34;1;1;8.De 45 y más;6.37 a 41;2.Secundaria/Polimodal Incompleta;2.2500 gramos y más;1
22;1;1;5.30 a 34;4.28 a 31;3.Secundario/Polimodal Completa y más;2.2500 gramos y más;2
66;1;1;5.30 a 34;5.32 a 36;2.Secundaria/Polimodal Incompleta;1.Menos de 2500 gramos;9
90;2;2;3.20 a 24;6.37 a 41;1.Hasta Primaria/C.EGB Completa;2.2500 gramos y más;4
90;1;2;7.40 a 44;8.Sin especificar;3.Secundario/Polimodal Completa y más;2.2500 gramos y más;2
06;1;2;6.35 a 39;6.37 a 41;1.Hasta Primaria/C.EGB Completa;1.Menos de 2500 gramos;48
54;2;2;4.25 a 29;5.32 a 36;3.Secundario/Polimodal Completa y más;2.2500 gramos y más;1
06;1;2;3.20 a 24;1.Menos de 22;1.Hasta Primaria/C.EGB Completa;1.Menos de 2500 gramos;1
18;1;2;3.20 a 24;5.32 a 36;1.Hasta Primaria/C.EGB Completa;1.Menos de 2500 gramos;4
54;1;2;4.25 a 29;6.37 a 41;4.Sin especificar;1.Menos de 2500 gramos;1
54;1;1;2.15 a 19;6.37 a 41;2.Secundaria/Polimodal Incompleta;1.Menos de 2500 gramos;22
70;2;2;5.30 a 34;5.32 a 36;2.Secundaria/Polimodal Incompleta;2.2500 gramos y más;2
90;1;2;6.35 a 39;6.37 a 41;2.Secundaria/Polimodal Incompleta;2.2500 gramos y más;120
06;2;2;2.15 a 19;6.37 a 41;1.Hasta Primaria/C.EGB Completa;2.2500 gramos y más;4
54;1;2;3.20 a 24;6.37 a 41;4.Sin especificar;1.Menos de 2500 gramos;13
06;1;1;3.20 a 24;7.42 y más;1.Hasta Primaria/C.EGB Completa;3.Sin especificar;1
06;1;2;2.15 a 19;5.32 a 36;2.Secundaria/Polimodal Incompleta;1.Menos de 2500 gramos;164
62;1;2;6.35 a 39;4.28 a 31;3.Secundario/Polimodal Completa y más;2.2500 gramos y más;1
86;1;2;3.20 a 24;7.42 y más;2.Secundaria/Polimodal Incompleta;2.2500 gramos y más;4
58;1;2;7.40 a 44;6.37 a 41;2.Secundaria/Polimodal Incompleta;2.2500 gramos y más;20
74;1;2;6.35 a 39;5.32 a 36;2.Secundaria/Polimodal Incompleta;2.2500 gramos y más;3
26;1;1;4.25 a 29;6.37 a 41;3.Secundario/Polimodal Completa y más;1.Menos de 2500 gramos;5
70;1;2;2.15 a 19;5.32 a 36;1.Hasta Primaria/C.EGB Completa;2.2500 gramos y más;2
02;1;1;4.25 a 29;8.Sin especificar;3.Secundario/Polimodal Completa y más;1.Menos de 2500 gramos;1
22;1;1;7.40 a 44;6.37 a 41;2.Secundaria/Polimodal Incompleta;2.2500 gramos y más;24
38;1;2;3.20 a 24;6.37 a 41;3.Secundario/Polimodal Completa y más;1.Menos de 2500 gramos;15
14;1;2;4.25 a 29;5.32 a 36;4.Sin especificar;1.Menos de 2500 gramos;1
02;1;1;6.35 a 39;3.24 a 27;1.Hasta Primaria/C.EGB Completa;1.Menos de 2500 gramos;2
06;1;1;7.40 a 44;5.32 a 36;3.Secundario/Polimodal Completa y más;2.2500 gramos y más;113
14;2;1;6.35 a 39;6.37 a 41;4.Sin especificar;1.Menos de 2500 gramos;1
62;2;1;6.35 a 39;5.32 a 36;2.Secundaria/Polimodal Incompleta;1.Menos de 2500 gramos;1
66;1;1;3.20 a 24;6.37 a 41;4.Sin especificar;2.2500 gramos y más;19
58;1;2;3.20 a 24;6.37 a 41;3.Secundario/Polimodal Completa y más;2.2500 gramos y más;372
02;2;2;4.25 a 29;5.32 a 36;3.Secundario/Polimodal Completa y más;2.2500 gramos y más;3
30;1;2;7.40 a 44;6.37 a 41;1.Hasta Primaria/C.EGB Completa;2.2500 gramos y más;45
34;1;1;5.30 a 34;6.37 a 41;2.Secundaria/Polimodal Incompleta;1.Menos de 2500 gramos;1
14;1;2;2.15 a 19;6.37 a 41;1.Hasta Primaria/C.EGB Completa;1.Menos de 2500 gramos;6
66;1;2;2.15 a 19;5.32 a 36;3.Secundario/Polimodal Completa y más;1.Menos de 2500 gramos;9
82;1;1;2.15 a 19;6.37 a 41;1.Hasta Primaria/C.EGB Completa;2.2500 gramos y más;438
82;1;2;6.35 a 39;6.37 a 41;2.Secundaria/Polimodal Incompleta;3.Sin especificar;1
82;1;1;7.40 a 44;8.Sin especificar;1.Hasta Primaria/C.EGB Completa;2.2500 gramos y más;1
94;1;1;7.40 a 44;6.37 a 41;3.Secundario/Polimodal Completa y más;2.2500 gramos y más;35
06;2;1;2.15 a 19;4.28 a 31;4.Sin especificar;1.Menos de 2500 gramos;2
66;1;2;4.25 a 29;8.Sin especificar;3.Secundario/Polimodal Completa y más;1.Menos de 2500 gramos;1
90;2;1;5.30 a 34;5.32 a 36;3.Secundario/Polimodal Completa y más;1.Menos de 2500 gramos;18
34;1;2;6.35 a 39;5.32 a 36;1.Hasta Primaria/C.EGB Completa;2.2500 gramos y más;10
90;1;2;6.35 a 39;6.37 a 41;4.Sin especificar;2.2500 gramos y más;3
82;1;1;7.40 a 44;4.28 a 31;3.Secundario/Polimodal Completa y más;1.Menos de 2500 gramos;8
06;1;2;4.25 a 29;8.Sin especificar;2.Secundaria/Polimodal Incompleta;1.Menos de 2500 gramos;8
02;1;1;3.20 a 24;6.37 a 41;2.Secundaria/Polimodal Incompleta;3.Sin especificar;1
06;1;9;2.15 a 19;6.37 a 41;1.Hasta Primaria/C.EGB Completa;1.Menos de 2500 gramos;1
42;1;2;3.20 a 24;5.32 a 36;2.Secundaria/Polimodal Incompleta;2.2500 gramos y más;7
82;1;1;2.15 a 19;5.32 a 36;3.Secundario/Polimodal Completa y más;1.Menos de 2500 gramos;5
90;1;1;5.30 a 34;8.Sin especificar;1.Hasta Primaria/C.EGB Completa;1.Menos de 2500 gramos;2
22;1;2;3.20 a 24;6.37 a 41;3.Secundario/Polimodal Completa y más;1.Menos de 2500 gramos;29
46;1;1;6.35 a 39;5.32 a 36;1.Hasta Primaria/C.EGB Completa;1.Menos de 2500 gramos;1
30;1;1;7.40 a 44;6.37 a 41;4.Sin especificar;2.2500 gramos y más;3
62;1;2;4.25 a 29;8.Sin especificar;3.Secundario/Polimodal Completa y más;2.2500 gramos y más;2
46;1;1;6.35 a 39;3.24 a 27;3.Secundario/Polimodal Completa y más;1.Menos de 2500 gramos;1
14;1;2;1.Menor de 15;6.37 a 41;2.Secundaria/Polimodal Incompleta;1.Menos de 2500 gramos;1
82;2;1;7.40 a 44;5.32 a 36;2.Secundaria/Polimodal Incompleta;1.Menos de 2500 gramos;3
62;2;1;3.20 a 24;3.24 a 27;2.Secundaria/Polimodal Incompleta;1.Menos de 2500 gramos;1
99;1;2;2.15 a 19;6.37 a 41;3.Secundario/Polimodal Completa y más;2.2500 gramos y más;3
34;2;2;5.30 a 34;6.37 a 41;3.Secundario/Polimodal Completa y más;2.2500 gramos y más;3
74;1;1;3.20 a 24;7.42 y más;2.Secundaria/Polimodal Incompleta;2.2500 gramos y más;12
86;1;1;7.40 a 44;5.32 a 36;3.Secundario/Polimodal Completa y más;2.2500 gramos y más;11
86;2;1;5.30 a 34;6.37 a 41;3.Secundario/Polimodal Completa y más;2.2500 gramos y más;5
06;1;1;9.Sin especificar;5.32 a 36;3.Secundario/Polimodal Completa y más;3.Sin especificar;2
82;1;2;8.De 45 y más;6.37 a 41;3.Secundario/Polimodal Completa y más;2.2500 gramos y más;60
02;2;1;2.15 a 19;5.32 a 36;4.Sin especificar;1.Menos de 2500 gramos;5
06;1;2;4.25 a 29;5.32 a 36;3.Secundario/Polimodal Completa y más;2.2500 gramos y más;350
54;1;1;5.30 a 34;5.32 a 36;2.Secundaria/Polimodal Incompleta;1.Menos de 2500 gramos;12
70;1;2;2.15 a 19;6.37 a 41;1.Hasta Primaria/C.EGB Completa;1.Menos de 2500 gramos;5
58;1;2;7.40 a 44;6.37 a 41;3.Secundario/Polimodal Completa y más;2.2500 gramos y más;105
22;1;1;2.15 a 19;4.28 a 31;3.Secundario/Polimodal Completa y más;1.Menos de 2500 gramos;6
54;1;2;5.30 a 34;7.42 y más;3.Secundario/Polimodal Completa y más;2.2500 gramos y más;1
14;1;1;9.Sin especificar;4.28 a 31;1.Hasta Primaria/C.EGB Completa;2.2500 gramos y más;1
38;1;1;6.35 a 39;5.32 a 36;3.Secundario/Polimodal Completa y más;1.Menos de 2500 gramos;13
06;1;1;4.25 a 29;8.Sin especificar;3.Secundario/Polimodal Completa y más;3.Sin especificar;14
54;2;2;2.15 a 19;3.24 a 27;2.Secundaria/Polimodal Incompleta;1.Menos de 2500 gramos;2
14;1;2;4.25 a 29;4.28 a 31;4.Sin especificar;1.Menos de 2500 gramos;1
22;9;1;3.20 a 24;6.37 a 41;3.Secundario/Polimodal Completa y más;2.2500 gramos y más;5
18;1;1;4.25 a 29;7.42 y más;1.Hasta Primaria/C.EGB Completa;2.2500 gramos y más;6
70;1;2;2.15 a 19;5.32 a 36;2.Secundaria/Polimodal Incompleta;1.Menos de 2500 gramos;10
58;1;1;7.40 a 44;3.24 a 27;1.Hasta Primaria/C.EGB Completa;1.Menos de 2500 gramos;2
18;2;1;3.20 a 24;5.32 a 36;4.Sin especificar;2.2500 gramos y más;1
18;2;2;5.30 a 34;6.37 a 41;1.Hasta Primaria/C.EGB Completa;1.Menos de 2500 gramos;2
90;1;2;2.15 a 19;5.32 a 36;4.Sin especificar;1.Menos de 2500 gramos;1
06;1;1;4.25 a 29;3.24 a 27;4.Sin especificar;1.Menos de 2500 gramos;1
02;2;1;6.35 a 39;4.28 a 31;3.Secundario/Polimodal Completa y más;1.Menos de 2500 gramos;10
18;2;1;4.25 a 29;3.24 a 27;3.Secundario/Polimodal Completa y más;1.Menos de 2500 gramos;1
66;2;2;6.35 a 39;6.37 a 41;1.Hasta Primaria/C.EGB Completa;1.Menos de 2500 gramos;1
02;1;2;4.25 a 29;5.32 a 36;2.Secundaria/Polimodal Incompleta;1.Menos de 2500 gramos;6
06;1;1;1.Menor de 15;6.37 a 41;4.Sin especificar;2.2500 gramos y más;10
06;1;1;1.Menor de 15;7.42 y más;2.Secundaria/Polimodal Incompleta;2.2500 gramos y más;1
82;1;1;5.30 a 34;5.32 a 36;2.Secundaria/Polimodal Incompleta;2.2500 gramos y más;42
14;1;2;3.20 a 24;3.24 a 27;3.Secundario/Polimodal Completa y más;1.Menos de 2500 gramos;4
22;9;1;6.35 a 39;5.32 a 36;1.Hasta Primaria/C.EGB Completa;3.Sin especificar;1
30;1;2;7.40 a 44;5.32 a 36;3.Secundario/Polimodal Completa y más;2.2500 gramos y más;7
18;1;1;2.15 a 19;6.37 a 41;4.Sin especificar;1.Menos de 2500 gramos;6
06;2;2;3.20 a 24;3.24 a 27;2.Secundaria/Polimodal Incompleta;1.Menos de 2500 gramos;3
42;1;2;3.20 a 24;4.28 a 31;2.Secundaria/Polimodal Incompleta;1.Menos de 2500 gramos;1
78;1;1;2.15 a 19;5.32 a 36;2.Secundaria/Polimodal Incompleta;1.Menos de 2500 gramos;3
02;2;2;6.35 a 39;6.37 a 41;3.Secundario/Polimodal Completa y más;2.2500 gramos y más;13
06;1;1;5.30 a 34;7.42 y más;4.Sin especificar;2.2500 gramos y más;5
62;2;1;3.20 a 24;6.37 a 41;1.Hasta Primaria/C.EGB Completa;2.2500 gramos y más;2
02;9;2;6.35 a 39;6.37 a 41;3.Secundario/Polimodal Completa y más;2.2500 gramos y más;18
90;2;1;6.35 a 39;6.37 a 41;3.Secundario/Polimodal Completa y más;1.Menos de 2500 gramos;5
58;2;1;5.30 a 34;6.37 a 41;3.Secundario/Polimodal Completa y más;2.2500 gramos y más;6
26;2;2;4.25 a 29;6.37 a 41;3.Secundario/Polimodal Completa y más;2.2500 gramos y más;1
02;9;2;7.40 a 44;5.32 a 36;4.Sin especificar;1.Menos de 2500 gramos;2
66;1;2;6.35 a 39;3.24 a 27;3.Secundario/Polimodal Completa y más;1.Menos de 2500 gramos;3
86;1;1;4.25 a 29;6.37 a 41;1.Hasta Primaria/C.EGB Completa;2.2500 gramos y más;650
22;1;2;5.30 a 34;6.37 a 41;4.Sin especificar;1.Menos de 2500 gramos;2
02;1;2;4.25 a 29;3.24 a 27;3.Secundario/Polimodal Completa y más;1.Menos de 2500 gramos;4
06;1;2;4.25 a 29;6.37 a 41;2.Secundaria/Polimodal Incompleta;2.2500 gramos y más;3802
22;1;1;8.De 45 y más;5.32 a 36;2.Secundaria/Polimodal Incompleta;1.Menos de 2500 gramos;1
14;1;1;2.15 a 19;2.22 a 23;1.Hasta Primaria/C.EGB Completa;1.Menos de 2500 gramos;1
46;2;2;4.25 a 29;6.37 a 41;3.Secundario/Polimodal Completa y más;2.2500 gramos y más;3
26;1;2;4.25 a 29;6.37 a 41;1.Hasta Primaria/C.EGB Completa;2.2500 gramos y más;42
70;1;2;2.15 a 19;5.32 a 36;2.Secundaria/Polimodal Incompleta;2.2500 gramos y más;5
22;9;1;3.20 a 24;6.37 a 41;3.Secundario/Polimodal Completa y más;1.Menos de 2500 gramos;2
50;2;2;3.20 a 24;4.28 a 31;3.Secundario/Polimodal Completa y más;1.Menos de 2500 gramos;1
14;1;1;5.30 a 34;8.Sin especificar;2.Secundaria/Polimodal Incompleta;2.2500 gramos y más;1
22;1;1;2.15 a 19;7.42 y más;4.Sin especificar;2.2500 gramos y más;1
02;1;1;4.25 a 29;6.37 a 41;2.Secundaria/Polimodal Incompleta;2.2500 gramos y más;222
06;2;1;9.Sin especificar;6.37 a 41;4.Sin especificar;2.2500 gramos y más;2
06;1;1;3.20 a 24;8.Sin especificar;3.Secundario/Polimodal Completa y más;3.Sin especificar;11
70;2;2;6.35 a 39;6.37 a 41;2.Secundaria/Polimodal Incompleta;1.Menos de 2500 gramos;2
34;1;2;3.20 a 24;5.32 a 36;2.Secundaria/Polimodal Incompleta;2.2500 gramos y más;18
50;2;2;4.25 a 29;6.37 a 41;3.Secundario/Polimodal Completa y más;1.Menos de 2500 gramos;9
86;2;2;3.20 a 24;5.32 a 36;3.Secundario/Polimodal Completa y más;2.2500 gramos y más;1
82;1;1;2.15 a 19;6.37 a 41;2.Secundaria/Polimodal Incompleta;1.Menos de 2500 gramos;24
22;1;2;5.30 a 34;4.28 a 31;3.Secundario/Polimodal Completa y más;1.Menos de 2500 gramos;3
26;1;1;2.15 a 19;3.24 a 27;2.Secundaria/Polimodal Incompleta;1.Menos de 2500 gramos;1
82;1;1;5.30 a 34;6.37 a 41;4.Sin especificar;2.2500 gramos y más;20
34;1;1;6.35 a 39;4.28 a 31;1.Hasta Primaria/C.EGB Completa;1.Menos de 2500 gramos;1
78;2;2;2.15 a 19;6.37 a 41;2.Secundaria/Polimodal Incompleta;2.2500 gramos y más;4
82;1;1;5.30 a 34;8.Sin especificar;3.Secundario/Polimodal Completa y más;2.2500 gramos y más;13
58;1;2;5.30 a 34;3.24 a 27;3.Secundario/Polimodal Completa y más;1.Menos de 2500 gramos;1
54;2;1;2.15 a 19;5.32 a 36;2.Secundaria/Polimodal Incompleta;1.Menos de 2500 gramos;2
14;1;2;9.Sin especificar;8.Sin especificar;3.Secundario/Polimodal Completa y más;3.Sin especificar;1
62;1;1;5.30 a 34;6.37 a 41;4.Sin especificar;2.2500 gramos y más;75
06;9;1;6.35 a 39;5.32 a 36;4.Sin especificar;2.2500 gramos y más;2
82;2;1;6.35 a 39;4.28 a 31;3.Secundario/Polimodal Completa y más;1.Menos de 2500 gramos;4
18;1;1;6.35 a 39;5.32 a 36;2.Secundaria/Polimodal Incompleta;2.2500 gramos y más;3
34;1;2;5.30 a 34;6.37 a 41;3.Secundario/Polimodal Completa y más;2.2500 gramos y más;237
06;1;9;7.40 a 44;6.37 a 41;3.Secundario/Polimodal Completa y más;2.2500 gramos y más;20
82;2;2;3.20 a 24;5.32 a 36;2.Secundaria/Polimodal Incompleta;1.Menos de 2500 gramos;7
46;2;1;3.20 a 24;5.32 a 36;3.Secundario/Polimodal Completa y más;1.Menos de 2500 gramos;1
14;2;2;9.Sin especificar;6.37 a 41;3.Secundario/Polimodal Completa y más;2.2500 gramos y más;3
78;1;1;3.20 a 24;6.37 a 41;4.Sin especificar;2.2500 gramos y más;1
06;1;2;4.25 a 29;8.Sin especificar;2.Secundaria/Polimodal Incompleta;3.Sin especificar;6
02;2;2;3.20 a 24;5.32 a 36;1.Hasta Primaria/C.EGB Completa;1.Menos de 2500 gramos;2
82;1;2;9.Sin especificar;5.32 a 36;3.Secundario/Polimodal Completa y más;1.Menos de 2500 gramos;1
50;1;1;2.15 a 19;7.42 y más;3.Secundario/Polimodal Completa y más;2.2500 gramos y más;1
38;1;2;4.25 a 29;6.37 a 41;1.Hasta Primaria/C.EGB Completa;1.Menos de 2500 gramos;2
62;1;2;4.25 a 29;7.42 y más;1.Hasta Primaria/C.EGB Completa;2.2500 gramos y más;1
78;1;2;7.40 a 44;6.37 a 41;2.Secundaria/Polimodal Incompleta;2.2500 gramos y más;10
99;9;2;6.35 a 39;6.37 a 41;4.Sin especificar;2.2500 gramos y más;16
82;1;1;5.30 a 34;4.28 a 31;3.Secundario/Polimodal Completa y más;1.Menos de 2500 gramos;22
14;1;2;6.35 a 39;6.37 a 41;3.Secundario/Polimodal Completa y más;1.Menos de 2500 gramos;69
58;1;1;6.35 a 39;5.32 a 36;3.Secundario/Polimodal Completa y más;2.2500 gramos y más;21
42;1;1;6.35 a 39;4.28 a 31;2.Secundaria/Polimodal Incompleta;1.Menos de 2500 gramos;3
06;1;2;4.25 a 29;4.28 a 31;2.Secundaria/Polimodal Incompleta;3.Sin especificar;3
62;1;1;8.De 45 y más;5.32 a 36;1.Hasta Primaria/C.EGB Completa;2.2500 gramos y más;1
42;1;2;7.40 a 44;6.37 a 41;2.Secundaria/Polimodal Incompleta;2.2500 gramos y más;8
86;1;2;6.35 a 39;6.37 a 41;3.Secundario/Polimodal Completa y más;1.Menos de 2500 gramos;9
18;1;1;5.30 a 34;5.32 a 36;4.Sin especificar;1.Menos de 2500 gramos;13
14;1;1;4.25 a 29;8.Sin especificar;3.Secundario/Polimodal Completa y más;2.2500 gramos y más;8
02;1;2;3.20 a 24;6.37 a 41;4.Sin especificar;1.Menos de 2500 gramos;5
02;1;2;2.15 a 19;4.28 a 31;3.Secundario/Polimodal Completa y más;1.Menos de 2500 gramos;1
06;1;9;9.Sin especificar;8.Sin especificar;4.Sin especificar;2.2500 gramos y más;1
86;1;2;3.20 a 24;7.42 y más;1.Hasta Primaria/C.EGB Completa;2.2500 gramos y más;12
30;1;1;2.15 a 19;6.37 a 41;3.Secundario/Polimodal Completa y más;2.2500 gramos y más;170
46;1;1;6.35 a 39;4.28 a 31;1.Hasta Primaria/C.EGB Completa;1.Menos de 2500 gramos;2
50;1;1;5.30 a 34;2.22 a 23;2.Secundaria/Polimodal Incompleta;1.Menos de 2500 gramos;1
58;1;2;8.De 45 y más;5.32 a 36;3.Secundario/Polimodal Completa y más;1.Menos de 2500 gramos;1
86;1;1;6.35 a 39;7.42 y más;1.Hasta Primaria/C.EGB Completa;2.2500 gramos y más;1
22;1;1;6.35 a 39;5.32 a 36;1.Hasta Primaria/C.EGB Completa;2.2500 gramos y más;12
30;1;2;4.25 a 29;5.32 a 36;3.Secundario/Polimodal Completa y más;1.Menos de 2500 gramos;28
34;1;1;6.35 a 39;5.32 a 36;3.Secundario/Polimodal Completa y más;1.Menos de 2500 gramos;5
14;9;1;4.25 a 29;6.37 a 41;3.Secundario/Polimodal Completa y más;1.Menos de 2500 gramos;1
06;1;1;6.35 a 39;5.32 a 36;2.Secundaria/Polimodal Incompleta;2.2500 gramos y más;83
06;1;1;6.35 a 39;8.Sin especificar;3.Secundario/Polimodal Completa y más;3.Sin especificar;17
54;2;2;4.25 a 29;4.28 a 31;1.Hasta Primaria/C.EGB Completa;1.Menos de 2500 gramos;1
78;1;2;3.20 a 24;6.37 a 41;3.Secundario/Polimodal Completa y más;2.2500 gramos y más;202
94;1;2;6.35 a 39;8.Sin especificar;3.Secundario/Polimodal Completa y más;1.Menos de 2500 gramos;1
62;1;1;3.20 a 24;6.37 a 41;2.Secundaria/Polimodal Incompleta;2.2500 gramos y más;282
74;1;2;2.15 a 19;6.37 a 41;2.Secundaria/Polimodal Incompleta;1.Menos de 2500 gramos;5
30;1;1;3.20 a 24;6.37 a 41;4.Sin especificar;3.Sin especificar;6
14;1;2;9.Sin especificar;5.32 a 36;2.Secundaria/Polimodal Incompleta;2.2500 gramos y más;4
58;1;1;4.25 a 29;8.Sin especificar;3.Secundario/Polimodal Completa y más;2.2500 gramos y más;6
30;1;1;5.30 a 34;5.32 a 36;1.Hasta Primaria/C.EGB Completa;2.2500 gramos y más;5
26;2;1;5.30 a 34;4.28 a 31;3.Secundario/Polimodal Completa y más;1.Menos de 2500 gramos;2
02;1;1;5.30 a 34;4.28 a 31;3.Secundario/Polimodal Completa y más;1.Menos de 2500 gramos;14
30;1;1;5.30 a 34;8.Sin especificar;2.Secundaria/Polimodal Incompleta;3.Sin especificar;2
99;1;2;5.30 a 34;5.32 a 36;2.Secundaria/Polimodal Incompleta;2.2500 gramos y más;1
06;1;2;4.25 a 29;8.Sin especificar;1.Hasta Primaria/C.EGB Completa;1.Menos de 2500 gramos;7
26;1;2;7.40 a 44;5.32 a 36;2.Secundaria/Polimodal Incompleta;2.2500 gramos y más;2
50;2;1;6.35 a 39;5.32 a 36;2.Secundaria/Polimodal Incompleta;2.2500 gramos y más;3
90;1;1;2.15 a 19;5.32 a 36;2.Secundaria/Polimodal Incompleta;1.Menos de 2500 gramos;19
06;1;1;7.40 a 44;5.32 a 36;1.Hasta Primaria/C.EGB Completa;2.2500 gramos y más;36
66;1;1;8.De 45 y más;6.37 a 41;2.Secundaria/Polimodal Incompleta;1.Menos de 2500 gramos;1
22;1;1;2.15 a 19;5.32 a 36;1.Hasta Primaria/C.EGB Completa;2.2500 gramos y más;18
82;1;2;4.25 a 29;4.28 a 31;2.Secundaria/Polimodal Incompleta;2.2500 gramos y más;1
14;1;1;6.35 a 39;8.Sin especificar;4.Sin especificar;3.Sin especificar;4
74;1;1;6.35 a 39;6.37 a 41;1.Hasta Primaria/C.EGB Completa;2.2500 gramos y más;27
38;1;2;3.20 a 24;6.37 a 41;3.Secundario/Polimodal Completa y más;2.2500 gramos y más;628
14;1;2;3.20 a 24;8.Sin especificar;4.Sin especificar;3.Sin especificar;36
50;1;2;3.20 a 24;5.32 a 36;2.Secundaria/Polimodal Incompleta;2.2500 gramos y más;22
74;2;2;5.30 a 34;3.24 a 27;2.Secundaria/Polimodal Incompleta;1.Menos de 2500 gramos;2
06;1;2;4.25 a 29;2.22 a 23;1.Hasta Primaria/C.EGB Completa;3.Sin especificar;1
06;2;1;4.25 a 29;5.32 a 36;2.Secundaria/Polimodal Incompleta;1.Menos de 2500 gramos;20
02;1;1;7.40 a 44;5.32 a 36;1.Hasta Primaria/C.EGB Completa;2.2500 gramos y más;5
22;1;2;3.20 a 24;6.37 a 41;1.Hasta Primaria/C.EGB Completa;3.Sin especificar;7
06;2;2;6.35 a 39;5.32 a 36;4.Sin especificar;2.2500 gramos y más;2
62;1;1;7.40 a 44;6.37 a 41;3.Secundario/Polimodal Completa y más;2.2500 gramos y más;95
22;1;1;6.35 a 39;6.37 a 41;2.Secundaria/Polimodal Incompleta;3.Sin especificar;1
90;2;2;4.25 a 29;8.Sin especificar;2.Secundaria/Polimodal Incompleta;2.2500 gramos y más;1
82;2;1;4.25 a 29;6.37 a 41;2.Secundaria/Polimodal Incompleta;1.Menos de 2500 gramos;2
22;1;1;2.15 a 19;8.Sin especificar;1.Hasta Primaria/C.EGB Completa;3.Sin especificar;1
50;1;2;5.30 a 34;6.37 a 41;3.Secundario/Polimodal Completa y más;1.Menos de 2500 gramos;35
78;1;2;2.15 a 19;4.28 a 31;3.Secundario/Polimodal Completa y más;1.Menos de 2500 gramos;1
74;2;2;3.20 a 24;4.28 a 31;2.Secundaria/Polimodal Incompleta;1.Menos de 2500 gramos;2
06;2;2;5.30 a 34;4.28 a 31;1.Hasta Primaria/C.EGB Completa;1.Menos de 2500 gramos;1
46;1;1;2.15 a 19;4.28 a 31;3.Secundario/Polimodal Completa y más;1.Menos de 2500 gramos;2
06;1;9;5.30 a 34;5.32 a 36;3.Secundario/Polimodal Completa y más;1.Menos de 2500 gramos;2
18;2;1;2.15 a 19;6.37 a 41;2.Secundaria/Polimodal Incompleta;1.Menos de 2500 gramos;1
66;1;2;7.40 a 44;6.37 a 41;1.Hasta Primaria/C.EGB Completa;2.2500 gramos y más;67
22;1;2;7.40 a 44;5.32 a 36;1.Hasta Primaria/C.EGB Completa;1.Menos de 2500 gramos;4
82;1;1;7.40 a 44;5.32 a 36;1.Hasta Primaria/C.EGB Completa;1.Menos de 2500 gramos;9
86;1;9;5.30 a 34;6.37 a 41;1.Hasta Primaria/C.EGB Completa;2.2500 gramos y más;1
06;2;2;7.40 a 44;5.32 a 36;4.Sin especificar;1.Menos de 2500 gramos;6
38;1;1;4.25 a 29;6.37 a 41;1.Hasta Primaria/C.EGB Completa;1.Menos de 2500 gramos;3
06;2;2;9.Sin especificar;8.Sin especificar;3.Secundario/Polimodal Completa y más;1.Menos de 2500 gramos;1
06;1;2;2.15 a 19;8.Sin especificar;3.Secundario/Polimodal Completa y más;3.Sin especificar;3
02;9;2;5.30 a 34;6.37 a 41;4.Sin especificar;1.Menos de 2500 gramos;4
82;1;2;8.De 45 y más;6.37 a 41;1.Hasta Primaria/C.EGB Completa;3.Sin especificar;1
14;1;2;4.25 a 29;6.37 a 41;1.Hasta Primaria/C.EGB Completa;1.Menos de 2500 gramos;16
30;2;1;5.30 a 34;6.37 a 41;3.Secundario/Polimodal Completa y más;2.2500 gramos y más;10
06;1;1;1.Menor de 15;8.Sin especificar;2.Secundaria/Polimodal Incompleta;3.Sin especificar;1
18;1;2;2.15 a 19;5.32 a 36;3.Secundario/Polimodal Completa y más;1.Menos de 2500 gramos;3
66;1;1;4.25 a 29;1.Menos de 22;3.Secundario/Polimodal Completa y más;1.Menos de 2500 gramos;1
06;1;1;9.Sin especificar;4.28 a 31;3.Secundario/Polimodal Completa y más;3.Sin especificar;1
22;2;1;6.35 a 39;6.37 a 41;3.Secundario/Polimodal Completa y más;1.Menos de 2500 gramos;1
06;1;2;3.20 a 24;5.32 a 36;3.Secundario/Polimodal Completa y más;3.Sin especificar;4
30;1;1;8.De 45 y más;5.32 a 36;1.Hasta Primaria/C.EGB Completa;1.Menos de 2500 gramos;1
66;1;2;5.30 a 34;8.Sin especificar;2.Secundaria/Polimodal Incompleta;2.2500 gramos y más;4
22;1;2;4.25 a 29;7.42 y más;1.Hasta Primaria/C.EGB Completa;2.2500 gramos y más;1
70;1;2;2.15 a 19;6.37 a 41;2.Secundaria/Polimodal Incompleta;2.2500 gramos y más;378
34;1;2;6.35 a 39;4.28 a 31;1.Hasta Primaria/C.EGB Completa;1.Menos de 2500 gramos;2
22;2;2;3.20 a 24;6.37 a 41;3.Secundario/Polimodal Completa y más;1.Menos de 2500 gramos;1
90;1;1;2.15 a 19;5.32 a 36;1.Hasta Primaria/C.EGB Completa;2.2500 gramos y más;26
58;1;1;3.20 a 24;3.24 a 27;3.Secundario/Polimodal Completa y más;1.Menos de 2500 gramos;2
34;1;1;4.25 a 29;5.32 a 36;4.Sin especificar;1.Menos de 2500 gramos;8
46;1;2;6.35 a 39;6.37 a 41;3.Secundario/Polimodal Completa y más;1.Menos de 2500 gramos;1
18;1;2;4.25 a 29;5.32 a 36;2.Secundaria/Polimodal Incompleta;1.Menos de 2500 gramos;14
58;1;2;3.20 a 24;7.42 y más;3.Secundario/Polimodal Completa y más;2.2500 gramos y más;2
74;1;1;5.30 a 34;8.Sin especificar;3.Secundario/Polimodal Completa y más;2.2500 gramos y más;1
74;1;1;3.20 a 24;6.37 a 41;2.Secundaria/Polimodal Incompleta;1.Menos de 2500 gramos;5
18;2;1;5.30 a 34;4.28 a 31;3.Secundario/Polimodal Completa y más;1.Menos de 2500 gramos;3
94;1;1;6.35 a 39;5.32 a 36;3.Secundario/Polimodal Completa y más;2.2500 gramos y más;7
58;2;2;2.15 a 19;5.32 a 36;2.Secundaria/Polimodal Incompleta;1.Menos de 2500 gramos;1
70;1;2;3.20 a 24;4.28 a 31;2.Secundaria/Polimodal Incompleta;1.Menos de 2500 gramos;2
26;1;1;2.15 a 19;5.32 a 36;2.Secundaria/Polimodal Incompleta;2.2500 gramos y más;5
62;1;1;1.Menor de 15;6.37 a 41;4.Sin especificar;2.2500 gramos y más;3
78;1;2;8.De 45 y más;6.37 a 41;3.Secundario/Polimodal Completa y más;2.2500 gramos y más;1
66;1;2;5.30 a 34;8.Sin especificar;2.Secundaria/Polimodal Incompleta;1.Menos de 2500 gramos;1
02;2;2;6.35 a 39;3.24 a 27;4.Sin especificar;1.Menos de 2500 gramos;1
14;2;1;9.Sin especificar;4.28 a 31;4.Sin especificar;1.Menos de 2500 gramos;1
82;1;2;2.15 a 19;8.Sin especificar;1.Hasta Primaria/C.EGB Completa;1.Menos de 2500 gramos;1
06;2;9;4.25 a 29;6.37 a 41;4.Sin especificar;1.Menos de 2500 gramos;1
06;2;2;6.35 a 39;4.28 a 31;2.Secundaria/Polimodal Incompleta;1.Menos de 2500 gramos;2
34;1;2;6.35 a 39;4.28 a 31;4.Sin especificar;1.Menos de 2500 gramos;2
86;1;1;1.Menor de 15;5.32 a 36;1.Hasta Primaria/C.EGB Completa;2.2500 gramos y más;2
90;1;2;7.40 a 44;4.28 a 31;3.Secundario/Polimodal Completa y más;1.Menos de 2500 gramos;2
74;1;1;5.30 a 34;3.24 a 27;1.Hasta Primaria/C.EGB Completa;1.Menos de 2500 gramos;2
82;1;1;5.30 a 34;5.32 a 36;4.Sin especificar;2.2500 gramos y más;2
58;9;2;5.30 a 34;6.37 a 41;4.Sin especificar;3.Sin especificar;1
26;1;1;2.15 a 19;5.32 a 36;2.Secundaria/Polimodal Incompleta;1.Menos de 2500 gramos;2
42;1;2;7.40 a 44;5.32 a 36;1.Hasta Primaria/C.EGB Completa;1.Menos de 2500 gramos;1
26;2;1;2.15 a 19;4.28 a 31;1.Hasta Primaria/C.EGB Completa;1.Menos de 2500 gramos;2
82;2;1;3.20 a 24;6.37 a 41;3.Secundario/Polimodal Completa y más;1.Menos de 2500 gramos;1
22;9;1;6.35 a 39;6.37 a 41;1.Hasta Primaria/C.EGB Completa;3.Sin especificar;1
14;1;1;2.15 a 19;8.Sin especificar;4.Sin especificar;2.2500 gramos y más;1
06;2;2;4.25 a 29;6.37 a 41;3.Secundario/Polimodal Completa y más;2.2500 gramos y más;46
22;9;2;2.15 a 19;6.37 a 41;3.Secundario/Polimodal Completa y más;2.2500 gramos y más;3
06;2;1;2.15 a 19;6.37 a 41;1.Hasta Primaria/C.EGB Completa;2.2500 gramos y más;1
54;1;2;5.30 a 34;4.28 a 31;3.Secundario/Polimodal Completa y más;1.Menos de 2500 gramos;2
90;2;2;4.25 a 29;6.37 a 41;3.Secundario/Polimodal Completa y más;1.Menos de 2500 gramos;4
30;1;1;3.20 a 24;7.42 y más;3.Secundario/Polimodal Completa y más;2.2500 gramos y más;4
02;1;2;3.20 a 24;4.28 a 31;2.Secundaria/Polimodal Incompleta;1.Menos de 2500 gramos;1
18;1;2;4.25 a 29;5.32 a 36;2.Secundaria/Polimodal Incompleta;2.2500 gramos y más;20
18;2;1;2.15 a 19;4.28 a 31;1.Hasta Primaria/C.EGB Completa;1.Menos de 2500 gramos;2
82;1;2;6.35 a 39;3.24 a 27;2.Secundaria/Polimodal Incompleta;1.Menos de 2500 gramos;3
22;2;2;3.20 a 24;4.28 a 31;2.Secundaria/Polimodal Incompleta;1.Menos de 2500 gramos;2
06;1;1;5.30 a 34;3.24 a 27;2.Secundaria/Polimodal Incompleta;1.Menos de 2500 gramos;9
14;1;2;9.Sin especificar;4.28 a 31;1.Hasta Primaria/C.EGB Completa;1.Menos de 2500 gramos;2
38;1;2;2.15 a 19;5.32 a 36;1.Hasta Primaria/C.EGB Completa;1.Menos de 2500 gramos;1
06;2;1;7.40 a 44;5.32 a 36;2.Secundaria/Polimodal Incompleta;1.Menos de 2500 gramos;2
18;1;1;4.25 a 29;8.Sin especificar;1.Hasta Primaria/C.EGB Completa;3.Sin especificar;1
02;9;2;6.35 a 39;4.28 a 31;4.Sin especificar;1.Menos de 2500 gramos;1
14;1;1;5.30 a 34;5.32 a 36;3.Secundario/Polimodal Completa y más;2.2500 gramos y más;122
02;1;1;2.15 a 19;5.32 a 36;2.Secundaria/Polimodal Incompleta;1.Menos de 2500 gramos;10
30;1;2;3.20 a 24;4.28 a 31;3.Secundario/Polimodal Completa y más;2.2500 gramos y más;1
66;1;2;6.35 a 39;6.37 a 41;4.Sin especificar;2.2500 gramos y más;7
98;1;2;5.30 a 34;6.37 a 41;3.Secundario/Polimodal Completa y más;2.2500 gramos y más;2
06;1;2;5.30 a 34;1.Menos de 22;2.Secundaria/Polimodal Incompleta;1.Menos de 2500 gramos;1
38;1;1;6.35 a 39;7.42 y más;1.Hasta Primaria/C.EGB Completa;2.2500 gramos y más;2
34;1;1;4.25 a 29;5.32 a 36;4.Sin especificar;2.2500 gramos y más;30
14;2;2;5.30 a 34;5.32 a 36;3.Secundario/Polimodal Completa y más;1.Menos de 2500 gramos;30
02;1;2;6.35 a 39;4.28 a 31;4.Sin especificar;1.Menos de 2500 gramos;1
82;2;1;5.30 a 34;6.37 a 41;1.Hasta Primaria/C.EGB Completa;2.2500 gramos y más;3
66;2;2;3.20 a 24;6.37 a 41;3.Secundario/Polimodal Completa y más;1.Menos de 2500 gramos;3
30;1;2;3.20 a 24;8.Sin especificar;3.Secundario/Polimodal Completa y más;2.2500 gramos y más;9
50;2;2;7.40 a 44;5.32 a 36;3.Secundario/Polimodal Completa y más;1.Menos de 2500 gramos;3
62;1;2;3.20 a 24;3.24 a 27;3.Secundario/Polimodal Completa y más;1.Menos de 2500 gramos;1
02;1;1;2.15 a 19;5.32 a 36;2.Secundaria/Polimodal Incompleta;2.2500 gramos y más;4
82;1;1;6.35 a 39;4.28 a 31;2.Secundaria/Polimodal Incompleta;1.Menos de 2500 gramos;6
02;2;2;3.20 a 24;3.24 a 27;2.Secundaria/Polimodal Incompleta;1.Menos de 2500 gramos;1
34;1;2;4.25 a 29;6.37 a 41;2.Secundaria/Polimodal Incompleta;1.Menos de 2500 gramos;3
66;1;1;7.40 a 44;5.32 a 36;3.Secundario/Polimodal Completa y más;2.2500 gramos y más;13
54;1;1;1.Menor de 15;6.37 a 41;3.Secundario/Polimodal Completa y más;2.2500 gramos y más;1
90;1;2;7.40 a 44;8.Sin especificar;3.Secundario/Polimodal Completa y más;1.Menos de 2500 gramos;1
22;1;1;3.20 a 24;4.28 a 31;1.Hasta Primaria/C.EGB Completa;1.Menos de 2500 gramos;1
94;1;2;8.De 45 y más;6.37 a 41;2.Secundaria/Polimodal Incompleta;2.2500 gramos y más;1
58;1;1;2.15 a 19;4.28 a 31;2.Secundaria/Polimodal Incompleta;1.Menos de 2500 gramos;5
94;1;1;4.25 a 29;7.42 y más;2.Secundaria/Polimodal Incompleta;2.2500 gramos y más;1
62;1;1;6.35 a 39;6.37 a 41;3.Secundario/Polimodal Completa y más;1.Menos de 2500 gramos;7
82;1;2;5.30 a 34;6.37 a 41;1.Hasta Primaria/C.EGB Completa;2.2500 gramos y más;592
18;1;1;2.15 a 19;6.37 a 41;3.Secundario/Polimodal Completa y más;3.Sin especificar;1
06;1;9;6.35 a 39;6.37 a 41;2.Secundaria/Polimodal Incompleta;1.Menos de 2500 gramos;2
82;1;1;5.30 a 34;3.24 a 27;2.Secundaria/Polimodal Incompleta;1.Menos de 2500 gramos;3
90;1;2;2.15 a 19;6.37 a 41;2.Secundaria/Polimodal Incompleta;1.Menos de 2500 gramos;17
38;2;1;6.35 a 39;6.37 a 41;2.Secundaria/Polimodal Incompleta;2.2500 gramos y más;1
66;1;1;3.20 a 24;6.37 a 41;2.Secundaria/Polimodal Incompleta;1.Menos de 2500 gramos;11
82;1;2;5.30 a 34;4.28 a 31;1.Hasta Primaria/C.EGB Completa;1.Menos de 2500 gramos;5
14;1;2;7.40 a 44;7.42 y más;1.Hasta Primaria/C.EGB Completa;2.2500 gramos y más;1
30;1;1;6.35 a 39;6.37 a 41;3.Secundario/Polimodal Completa y más;1.Menos de 2500 gramos;10
58;1;1;4.25 a 29;5.32 a 36;2.Secundaria/Polimodal Incompleta;1.Menos de 2500 gramos;4
02;9;2;6.35 a 39;5.32 a 36;4.Sin especificar;2.2500 gramos y más;4
99;1;2;3.20 a 24;6.37 a 41;3.Secundario/Polimodal Completa y más;1.Menos de 2500 gramos;4
82;2;1;7.40 a 44;5.32 a 36;1.Hasta Primaria/C.EGB Completa;1.Menos de 2500 gramos;3
38;2;2;5.30 a 34;6.37 a 41;3.Secundario/Polimodal Completa y más;2.2500 gramos y más;3
06;2;2;3.20 a 24;6.37 a 41;2.Secundaria/Polimodal Incompleta;2.2500 gramos y más;37
30;2;1;3.20 a 24;6.37 a 41;3.Secundario/Polimodal Completa y más;1.Menos de 2500 gramos;1
22;9;9;4.25 a 29;3.24 a 27;2.Secundaria/Polimodal Incompleta;3.Sin especificar;1
42;1;1;5.30 a 34;6.37 a 41;3.Secundario/Polimodal Completa y más;2.2500 gramos y más;326
34;1;2;8.De 45 y más;6.37 a 41;3.Secundario/Polimodal Completa y más;2.2500 gramos y más;2
90;1;2;5.30 a 34;8.Sin especificar;1.Hasta Primaria/C.EGB Completa;2.2500 gramos y más;8
70;1;1;6.35 a 39;5.32 a 36;3.Secundario/Polimodal Completa y más;1.Menos de 2500 gramos;10
22;2;1;5.30 a 34;4.28 a 31;3.Secundario/Polimodal Completa y más;1.Menos de 2500 gramos;2
22;2;1;6.35 a 39;5.32 a 36;3.Secundario/Polimodal Completa y más;1.Menos de 2500 gramos;7
90;1;1;3.20 a 24;6.37 a 41;2.Secundaria/Polimodal Incompleta;3.Sin especificar;1
74;1;2;4.25 a 29;5.32 a 36;3.Secundario/Polimodal Completa y más;1.Menos de 2500 gramos;19
90;2;1;6.35 a 39;5.32 a 36;1.Hasta Primaria/C.EGB Completa;1.Menos de 2500 gramos;1
50;1;1;3.20 a 24;6.37 a 41;3.Secundario/Polimodal Completa y más;2.2500 gramos y más;1238
50;2;1;1.Menor de 15;6.37 a 41;2.Secundaria/Polimodal Incompleta;2.2500 gramos y más;1
62;1;2;5.30 a 34;6.37 a 41;3.Secundario/Polimodal Completa y más;3.Sin especificar;1
06;1;1;5.30 a 34;5.32 a 36;4.Sin especificar;1.Menos de 2500 gramos;51
50;1;2;7.40 a 44;5.32 a 36;2.Secundaria/Polimodal Incompleta;1.Menos de 2500 gramos;3
66;1;1;4.25 a 29;7.42 y más;4.Sin especificar;2.2500 gramos y más;1
70;1;2;7.40 a 44;2.22 a 23;3.Secundario/Polimodal Completa y más;1.Menos de 2500 gramos;1
46;1;2;2.15 a 19;5.32 a 36;3.Secundario/Polimodal Completa y más;1.Menos de 2500 gramos;2
06;1;2;9.Sin especificar;8.Sin especificar;3.Secundario/Polimodal Completa y más;2.2500 gramos y más;10
66;1;2;8.De 45 y más;6.37 a 41;1.Hasta Primaria/C.EGB Completa;1.Menos de 2500 gramos;1
54;1;1;7.40 a 44;4.28 a 31;3.Secundario/Polimodal Completa y más;1.Menos de 2500 gramos;1
22;9;1;2.15 a 19;8.Sin especificar;2.Secundaria/Polimodal Incompleta;3.Sin especificar;2
02;9;1;6.35 a 39;6.37 a 41;4.Sin especificar;1.Menos de 2500 gramos;1
54;1;1;5.30 a 34;4.28 a 31;3.Secundario/Polimodal Completa y más;2.2500 gramos y más;1
14;2;1;4.25 a 29;6.37 a 41;2.Secundaria/Polimodal Incompleta;2.2500 gramos y más;9
14;1;1;9.Sin especificar;8.Sin especificar;4.Sin especificar;3.Sin especificar;53
06;2;2;5.30 a 34;6.37 a 41;1.Hasta Primaria/C.EGB Completa;1.Menos de 2500 gramos;15
42;2;1;4.25 a 29;5.32 a 36;3.Secundario/Polimodal Completa y más;2.2500 gramos y más;2
02;2;1;5.30 a 34;6.37 a 41;3.Secundario/Polimodal Completa y más;2.2500 gramos y más;15
30;1;2;2.15 a 19;4.28 a 31;1.Hasta Primaria/C.EGB Completa;1.Menos de 2500 gramos;1
94;1;2;3.20 a 24;6.37 a 41;2.Secundaria/Polimodal Incompleta;1.Menos de 2500 gramos;2
90;2;2;5.30 a 34;6.37 a 41;1.Hasta Primaria/C.EGB Completa;1.Menos de 2500 gramos;2
10;1;1;3.20 a 24;6.37 a 41;2.Secundaria/Polimodal Incompleta;2.2500 gramos y más;130
82;1;1;6.35 a 39;5.32 a 36;3.Secundario/Polimodal Completa y más;1.Menos de 2500 gramos;85
22;1;2;7.40 a 44;6.37 a 41;2.Secundaria/Polimodal Incompleta;2.2500 gramos y más;21
10;1;2;4.25 a 29;8.Sin especificar;3.Secundario/Polimodal Completa y más;1.Menos de 2500 gramos;1
14;1;2;3.20 a 24;6.37 a 41;3.Secundario/Polimodal Completa y más;1.Menos de 2500 gramos;49
30;1;2;7.40 a 44;6.37 a 41;2.Secundaria/Polimodal Incompleta;2.2500 gramos y más;42
06;2;2;4.25 a 29;4.28 a 31;3.Secundario/Polimodal Completa y más;1.Menos de 2500 gramos;13
06;1;2;8.De 45 y más;4.28 a 31;3.Secundario/Polimodal Completa y más;1.Menos de 2500 gramos;3
50;1;1;5.30 a 34;5.32 a 36;3.Secundario/Polimodal Completa y más;2.2500 gramos y más;44
02;1;1;6.35 a 39;6.37 a 41;1.Hasta Primaria/C.EGB Completa;2.2500 gramos y más;229
26;1;2;5.30 a 34;5.32 a 36;4.Sin especificar;1.Menos de 2500 gramos;3
34;1;1;4.25 a 29;5.32 a 36;3.Secundario/Polimodal Completa y más;1.Menos de 2500 gramos;10
30;1;1;3.20 a 24;4.28 a 31;3.Secundario/Polimodal Completa y más;1.Menos de 2500 gramos;6
34;2;2;6.35 a 39;3.24 a 27;2.Secundaria/Polimodal Incompleta;1.Menos de 2500 gramos;1
46;1;1;4.25 a 29;4.28 a 31;1.Hasta Primaria/C.EGB Completa;1.Menos de 2500 gramos;4
18;1;1;6.35 a 39;7.42 y más;4.Sin especificar;2.2500 gramos y más;2
06;1;1;2.15 a 19;8.Sin especificar;3.Secundario/Polimodal Completa y más;1.Menos de 2500 gramos;7
06;1;1;3.20 a 24;4.28 a 31;3.Secundario/Polimodal Completa y más;2.2500 gramos y más;3
06;2;2;8.De 45 y más;6.37 a 41;3.Secundario/Polimodal Completa y más;1.Menos de 2500 gramos;2
02;1;1;6.35 a 39;5.32 a 36;3.Secundario/Polimodal Completa y más;2.2500 gramos y más;103
02;1;2;1.Menor de 15;6.37 a 41;4.Sin especificar;2.2500 gramos y más;1
98;1;1;6.35 a 39;6.37 a 41;3.Secundario/Polimodal Completa y más;2.2500 gramos y más;4
86;1;1;5.30 a 34;5.32 a 36;1.Hasta Primaria/C.EGB Completa;1.Menos de 2500 gramos;13
86;1;1;6.35 a 39;5.32 a 36;2.Secundaria/Polimodal Incompleta;2.2500 gramos y más;6
99;1;9;5.30 a 34;6.37 a 41;2.Secundaria/Polimodal Incompleta;2.2500 gramos y más;2
10;9;2;5.30 a 34;6.37 a 41;3.Secundario/Polimodal Completa y más;1.Menos de 2500 gramos;1
98;1;1;2.15 a 19;5.32 a 36;2.Secundaria/Polimodal Incompleta;1.Menos de 2500 gramos;1
99;9;2;6.35 a 39;6.37 a 41;4.Sin especificar;3.Sin especificar;3
74;1;1;4.25 a 29;4.28 a 31;3.Secundario/Polimodal Completa y más;1.Menos de 2500 gramos;4
14;1;2;3.20 a 24;6.37 a 41;2.Secundaria/Polimodal Incompleta;1.Menos de 2500 gramos;44
02;2;1;8.De 45 y más;6.37 a 41;3.Secundario/Polimodal Completa y más;2.2500 gramos y más;2
18;2;1;2.15 a 19;6.37 a 41;2.Secundaria/Polimodal Incompleta;2.2500 gramos y más;3
22;9;2;4.25 a 29;7.42 y más;4.Sin especificar;2.2500 gramos y más;1
06;2;2;2.15 a 19;6.37 a 41;3.Secundario/Polimodal Completa y más;2.2500 gramos y más;9
10;2;2;6.35 a 39;5.32 a 36;3.Secundario/Polimodal Completa y más;1.Menos de 2500 gramos;1
66;1;1;2.15 a 19;8.Sin especificar;2.Secundaria/Polimodal Incompleta;1.Menos de 2500 gramos;2
50;1;2;3.20 a 24;5.32 a 36;2.Secundaria/Polimodal Incompleta;1.Menos de 2500 gramos;29
10;1;2;5.30 a 34;6.37 a 41;3.Secundario/Polimodal Completa y más;1.Menos de 2500 gramos;15
94;1;2;2.15 a 19;6.37 a 41;3.Secundario/Polimodal Completa y más;2.2500 gramos y más;15
99;9;1;6.35 a 39;6.37 a 41;3.Secundario/Polimodal Completa y más;2.2500 gramos y más;1
54;1;1;5.30 a 34;5.32 a 36;1.Hasta Primaria/C.EGB Completa;2.2500 gramos y más;28
06;1;2;5.30 a 34;6.37 a 41;4.Sin especificar;3.Sin especificar;3
42;1;1;5.30 a 34;6.37 a 41;2.Secundaria/Polimodal Incompleta;2.2500 gramos y más;73
34;1;2;5.30 a 34;6.37 a 41;2.Secundaria/Polimodal Incompleta;2.2500 gramos y más;87
06;1;9;7.40 a 44;6.37 a 41;2.Secundaria/Polimodal Incompleta;2.2500 gramos y más;4
06;1;9;9.Sin especificar;8.Sin especificar;3.Secundario/Polimodal Completa y más;2.2500 gramos y más;1
06;1;2;2.15 a 19;8.Sin especificar;1.Hasta Primaria/C.EGB Completa;3.Sin especificar;4
50;2;2;4.25 a 29;6.37 a 41;2.Secundaria/Polimodal Incompleta;1.Menos de 2500 gramos;1
82;1;1;5.30 a 34;7.42 y más;1.Hasta Primaria/C.EGB Completa;2.2500 gramos y más;5
90;1;2;9.Sin especificar;7.42 y más;3.Secundario/Polimodal Completa y más;2.2500 gramos y más;1
06;1;1;7.40 a 44;5.32 a 36;2.Secundaria/Polimodal Incompleta;1.Menos de 2500 gramos;24
06;1;2;4.25 a 29;4.28 a 31;1.Hasta Primaria/C.EGB Completa;3.Sin especificar;2
82;1;2;3.20 a 24;8.Sin especificar;1.Hasta Primaria/C.EGB Completa;1.Menos de 2500 gramos;2
02;2;2;7.40 a 44;6.37 a 41;3.Secundario/Polimodal Completa y más;2.2500 gramos y más;10
74;1;2;3.20 a 24;5.32 a 36;3.Secundario/Polimodal Completa y más;2.2500 gramos y más;18
50;1;2;6.35 a 39;5.32 a 36;3.Secundario/Polimodal Completa y más;2.2500 gramos y más;17
18;1;2;6.35 a 39;6.37 a 41;3.Secundario/Polimodal Completa y más;2.2500 gramos y más;430
90;1;2;9.Sin especificar;5.32 a 36;3.Secundario/Polimodal Completa y más;2.2500 gramos y más;2
70;1;2;7.40 a 44;6.37 a 41;1.Hasta Primaria/C.EGB Completa;1.Menos de 2500 gramos;3
50;1;1;4.25 a 29;5.32 a 36;3.Secundario/Polimodal Completa y más;2.2500 gramos y más;45
22;1;1;7.40 a 44;5.32 a 36;1.Hasta Primaria/C.EGB Completa;1.Menos de 2500 gramos;3
02;2;2;7.40 a 44;3.24 a 27;3.Secundario/Polimodal Completa y más;1.Menos de 2500 gramos;3
50;2;1;4.25 a 29;6.37 a 41;2.Secundaria/Polimodal Incompleta;2.2500 gramos y más;5
22;2;2;4.25 a 29;6.37 a 41;1.Hasta Primaria/C.EGB Completa;2.2500 gramos y más;1
02;9;2;3.20 a 24;5.32 a 36;4.Sin especificar;2.2500 gramos y más;4
14;1;2;3.20 a 24;4.28 a 31;1.Hasta Primaria/C.EGB Completa;1.Menos de 2500 gramos;4
22;1;1;7.40 a 44;6.37 a 41;4.Sin especificar;2.2500 gramos y más;2
26;9;2;6.35 a 39;6.37 a 41;4.Sin especificar;2.2500 gramos y más;1
30;1;2;3.20 a 24;6.37 a 41;2.Secundaria/Polimodal Incompleta;1.Menos de 2500 gramos;23
66;1;1;6.35 a 39;5.32 a 36;3.Secundario/Polimodal Completa y más;2.2500 gramos y más;34
38;1;2;4.25 a 29;4.28 a 31;2.Secundaria/Polimodal Incompleta;1.Menos de 2500 gramos;1
74;1;2;3.20 a 24;7.42 y más;3.Secundario/Polimodal Completa y más;2.2500 gramos y más;17
14;1;1;3.20 a 24;5.32 a 36;1.Hasta Primaria/C.EGB Completa;1.Menos de 2500 gramos;16
38;2;2;6.35 a 39;6.37 a 41;2.Secundaria/Polimodal Incompleta;2.2500 gramos y más;1
82;2;2;6.35 a 39;6.37 a 41;2.Secundaria/Polimodal Incompleta;2.2500 gramos y más;4
22;1;1;4.25 a 29;6.37 a 41;2.Secundaria/Polimodal Incompleta;1.Menos de 2500 gramos;9
78;1;2;5.30 a 34;6.37 a 41;3.Secundario/Polimodal Completa y más;2.2500 gramos y más;273
30;1;2;7.40 a 44;8.Sin especificar;3.Secundario/Polimodal Completa y más;2.2500 gramos y más;1
58;1;2;3.20 a 24;6.37 a 41;1.Hasta Primaria/C.EGB Completa;2.2500 gramos y más;87
06;1;2;9.Sin especificar;5.32 a 36;4.Sin especificar;1.Menos de 2500 gramos;8
06;1;2;6.35 a 39;5.32 a 36;3.Secundario/Polimodal Completa y más;1.Menos de 2500 gramos;312
26;1;2;7.40 a 44;6.37 a 41;3.Secundario/Polimodal Completa y más;1.Menos de 2500 gramos;3
02;2;2;6.35 a 39;5.32 a 36;4.Sin especificar;2.2500 gramos y más;2
14;1;1;7.40 a 44;6.37 a 41;3.Secundario/Polimodal Completa y más;1.Menos de 2500 gramos;15
18;1;1;2.15 a 19;6.37 a 41;2.Secundaria/Polimodal Incompleta;3.Sin especificar;1
42;2;2;5.30 a 34;6.37 a 41;3.Secundario/Polimodal Completa y más;1.Menos de 2500 gramos;1
06;1;9;9.Sin especificar;6.37 a 41;4.Sin especificar;3.Sin especificar;1
74;1;2;6.35 a 39;7.42 y más;2.Secundaria/Polimodal Incompleta;2.2500 gramos y más;1
22;9;1;4.25 a 29;6.37 a 41;4.Sin especificar;3.Sin especificar;1
74;1;2;4.25 a 29;6.37 a 41;3.Secundario/Polimodal Completa y más;1.Menos de 2500 gramos;21
54;2;1;6.35 a 39;6.37 a 41;4.Sin especificar;2.2500 gramos y más;2
66;1;2;5.30 a 34;5.32 a 36;1.Hasta Primaria/C.EGB Completa;1.Menos de 2500 gramos;6
58;1;2;2.15 a 19;5.32 a 36;2.Secundaria/Polimodal Incompleta;1.Menos de 2500 gramos;8
82;1;1;3.20 a 24;8.Sin especificar;3.Secundario/Polimodal Completa y más;1.Menos de 2500 gramos;1
62;1;2;3.20 a 24;4.28 a 31;1.Hasta Primaria/C.EGB Completa;1.Menos de 2500 gramos;1
50;2;1;3.20 a 24;6.37 a 41;3.Secundario/Polimodal Completa y más;2.2500 gramos y más;6
06;2;1;6.35 a 39;3.24 a 27;1.Hasta Primaria/C.EGB Completa;1.Menos de 2500 gramos;4
22;2;2;5.30 a 34;6.37 a 41;2.Secundaria/Polimodal Incompleta;1.Menos de 2500 gramos;1
10;1;1;6.35 a 39;6.37 a 41;4.Sin especificar;2.2500 gramos y más;3
22;1;1;2.15 a 19;5.32 a 36;3.Secundario/Polimodal Completa y más;2.2500 gramos y más;8
86;1;2;2.15 a 19;6.37 a 41;2.Secundaria/Polimodal Incompleta;2.2500 gramos y más;289
06;1;2;3.20 a 24;8.Sin especificar;4.Sin especificar;3.Sin especificar;401
50;1;1;2.15 a 19;3.24 a 27;1.Hasta Primaria/C.EGB Completa;1.Menos de 2500 gramos;1
06;1;2;4.25 a 29;6.37 a 41;4.Sin especificar;2.2500 gramos y más;1123
18;1;1;4.25 a 29;6.37 a 41;3.Secundario/Polimodal Completa y más;3.Sin especificar;2
02;1;1;3.20 a 24;5.32 a 36;2.Secundaria/Polimodal Incompleta;2.2500 gramos y más;7
02;1;2;4.25 a 29;6.37 a 41;2.Secundaria/Polimodal Incompleta;2.2500 gramos y más;239
90;1;2;3.20 a 24;7.42 y más;3.Secundario/Polimodal Completa y más;1.Menos de 2500 gramos;1
50;2;1;4.25 a 29;6.37 a 41;3.Secundario/Polimodal Completa y más;2.2500 gramos y más;16
10;1;1;5.30 a 34;5.32 a 36;1.Hasta Primaria/C.EGB Completa;1.Menos de 2500 gramos;1
06;1;9;9.Sin especificar;8.Sin especificar;2.Secundaria/Polimodal Incompleta;3.Sin especificar;1
46;1;1;4.25 a 29;5.32 a 36;2.Secundaria/Polimodal Incompleta;2.2500 gramos y más;4
22;9;2;2.15 a 19;8.Sin especificar;2.Secundaria/Polimodal Incompleta;3.Sin especificar;1
74;2;2;6.35 a 39;5.32 a 36;1.Hasta Primaria/C.EGB Completa;2.2500 gramos y más;3
34;2;2;3.20 a 24;5.32 a 36;3.Secundario/Polimodal Completa y más;1.Menos de 2500 gramos;4
02;1;1;4.25 a 29;3.24 a 27;3.Secundario/Polimodal Completa y más;1.Menos de 2500 gramos;2
38;1;1;4.25 a 29;5.32 a 36;1.Hasta Primaria/C.EGB Completa;2.2500 gramos y más;2
54;1;1;5.30 a 34;6.37 a 41;2.Secundaria/Polimodal Incompleta;1.Menos de 2500 gramos;4
10;1;1;6.35 a 39;8.Sin especificar;2.Secundaria/Polimodal Incompleta;3.Sin especificar;1
06;1;1;9.Sin especificar;6.37 a 41;4.Sin especificar;1.Menos de 2500 gramos;4
22;1;1;7.40 a 44;6.37 a 41;1.Hasta Primaria/C.EGB Completa;2.2500 gramos y más;81
82;1;2;2.15 a 19;6.37 a 41;2.Secundaria/Polimodal Incompleta;2.2500 gramos y más;956
02;2;2;4.25 a 29;4.28 a 31;3.Secundario/Polimodal Completa y más;1.Menos de 2500 gramos;2
58;1;2;3.20 a 24;5.32 a 36;3.Secundario/Polimodal Completa y más;2.2500 gramos y más;10
22;1;1;7.40 a 44;4.28 a 31;3.Secundario/Polimodal Completa y más;1.Menos de 2500 gramos;1
90;2;2;5.30 a 34;6.37 a 41;3.Secundario/Polimodal Completa y más;2.2500 gramos y más;12
14;1;2;6.35 a 39;5.32 a 36;2.Secundaria/Polimodal Incompleta;1.Menos de 2500 gramos;18
90;1;2;9.Sin especificar;6.37 a 41;3.Secundario/Polimodal Completa y más;1.Menos de 2500 gramos;1
86;1;2;4.25 a 29;6.37 a 41;1.Hasta Primaria/C.EGB Completa;2.2500 gramos y más;587
90;1;1;5.30 a 34;4.28 a 31;1.Hasta Primaria/C.EGB Completa;1.Menos de 2500 gramos;4
06;1;1;4.25 a 29;1.Menos de 22;4.Sin especificar;1.Menos de 2500 gramos;1
06;1;1;4.25 a 29;6.37 a 41;2.Secundaria/Polimodal Incompleta;3.Sin especificar;14
30;1;2;2.15 a 19;6.37 a 41;1.Hasta Primaria/C.EGB Completa;2.2500 gramos y más;156
06;1;1;2.15 a 19;5.32 a 36;4.Sin especificar;1.Menos de 2500 gramos;21
42;1;1;3.20 a 24;6.37 a 41;2.Secundaria/Polimodal Incompleta;1.Menos de 2500 gramos;4
58;2;1;5.30 a 34;6.37 a 41;1.Hasta Primaria/C.EGB Completa;2.2500 gramos y más;2
06;1;1;8.De 45 y más;6.37 a 41;1.Hasta Primaria/C.EGB Completa;1.Menos de 2500 gramos;1
26;1;2;3.20 a 24;6.37 a 41;3.Secundario/Polimodal Completa y más;1.Menos de 2500 gramos;7
22;9;1;2.15 a 19;6.37 a 41;1.Hasta Primaria/C.EGB Completa;2.2500 gramos y más;3
58;1;1;4.25 a 29;3.24 a 27;3.Secundario/Polimodal Completa y más;1.Menos de 2500 gramos;3
06;2;1;6.35 a 39;4.28 a 31;3.Secundario/Polimodal Completa y más;1.Menos de 2500 gramos;11
06;2;1;5.30 a 34;4.28 a 31;3.Secundario/Polimodal Completa y más;1.Menos de 2500 gramos;16
54;1;2;2.15 a 19;5.32 a 36;3.Secundario/Polimodal Completa y más;1.Menos de 2500 gramos;8
54;1;2;2.15 a 19;3.24 a 27;2.Secundaria/Polimodal Incompleta;1.Menos de 2500 gramos;2
06;1;2;6.35 a 39;5.32 a 36;3.Secundario/Polimodal Completa y más;3.Sin especificar;2
14;1;2;7.40 a 44;3.24 a 27;3.Secundario/Polimodal Completa y más;1.Menos de 2500 gramos;2
02;9;2;2.15 a 19;8.Sin especificar;4.Sin especificar;3.Sin especificar;1
66;1;2;6.35 a 39;6.37 a 41;1.Hasta Primaria/C.EGB Completa;3.Sin especificar;1
66;1;1;2.15 a 19;8.Sin especificar;4.Sin especificar;2.2500 gramos y más;1
54;2;2;2.15 a 19;5.32 a 36;2.Secundaria/Polimodal Incompleta;1.Menos de 2500 gramos;1
90;1;2;6.35 a 39;6.37 a 41;1.Hasta Primaria/C.EGB Completa;2.2500 gramos y más;231
14;1;2;5.30 a 34;7.42 y más;1.Hasta Primaria/C.EGB Completa;2.2500 gramos y más;3
62;1;2;4.25 a 29;6.37 a 41;2.Secundaria/Polimodal Incompleta;2.2500 gramos y más;212
70;1;2;5.30 a 34;7.42 y más;2.Secundaria/Polimodal Incompleta;2.2500 gramos y más;1
70;1;2;3.20 a 24;5.32 a 36;1.Hasta Primaria/C.EGB Completa;1.Menos de 2500 gramos;6
06;2;1;3.20 a 24;5.32 a 36;3.Secundario/Polimodal Completa y más;1.Menos de 2500 gramos;45
50;1;1;5.30 a 34;4.28 a 31;2.Secundaria/Polimodal Incompleta;1.Menos de 2500 gramos;5
18;1;2;5.30 a 34;5.32 a 36;1.Hasta Primaria/C.EGB Completa;2.2500 gramos y más;6
62;2;1;7.40 a 44;5.32 a 36;3.Secundario/Polimodal Completa y más;2.2500 gramos y más;1
86;1;2;3.20 a 24;7.42 y más;3.Secundario/Polimodal Completa y más;2.2500 gramos y más;8
14;1;1;4.25 a 29;5.32 a 36;4.Sin especificar;2.2500 gramos y más;2
58;1;1;5.30 a 34;6.37 a 41;1.Hasta Primaria/C.EGB Completa;1.Menos de 2500 gramos;1
06;1;2;1.Menor de 15;5.32 a 36;1.Hasta Primaria/C.EGB Completa;1.Menos de 2500 gramos;1
42;1;1;3.20 a 24;8.Sin especificar;3.Secundario/Polimodal Completa y más;2.2500 gramos y más;1
02;2;1;5.30 a 34;5.32 a 36;1.Hasta Primaria/C.EGB Completa;1.Menos de 2500 gramos;3
26;1;1;2.15 a 19;5.32 a 36;3.Secundario/Polimodal Completa y más;2.2500 gramos y más;1
06;1;9;6.35 a 39;5.32 a 36;4.Sin especificar;1.Menos de 2500 gramos;2
30;2;1;6.35 a 39;5.32 a 36;3.Secundario/Polimodal Completa y más;1.Menos de 2500 gramos;8
66;1;1;8.De 45 y más;8.Sin especificar;4.Sin especificar;2.2500 gramos y más;1
18;1;1;2.15 a 19;5.32 a 36;2.Secundaria/Polimodal Incompleta;2.2500 gramos y más;19
22;2;1;5.30 a 34;6.37 a 41;1.Hasta Primaria/C.EGB Completa;1.Menos de 2500 gramos;3
82;1;2;9.Sin especificar;8.Sin especificar;4.Sin especificar;3.Sin especificar;2
42;1;1;7.40 a 44;6.37 a 41;3.Secundario/Polimodal Completa y más;2.2500 gramos y más;49
06;1;1;6.35 a 39;6.37 a 41;4.Sin especificar;1.Menos de 2500 gramos;17
66;1;2;2.15 a 19;4.28 a 31;2.Secundaria/Polimodal Incompleta;1.Menos de 2500 gramos;1
22;1;1;5.30 a 34;6.37 a 41;2.Secundaria/Polimodal Incompleta;2.2500 gramos y más;217
46;2;2;7.40 a 44;6.37 a 41;3.Secundario/Polimodal Completa y más;2.2500 gramos y más;1
90;1;2;4.25 a 29;6.37 a 41;3.Secundario/Polimodal Completa y más;2.2500 gramos y más;1406
22;9;1;3.20 a 24;5.32 a 36;1.Hasta Primaria/C.EGB Completa;2.2500 gramos y más;2
34;1;2;2.15 a 19;5.32 a 36;2.Secundaria/Polimodal Incompleta;1.Menos de 2500 gramos;14
02;9;2;5.30 a 34;5.32 a 36;4.Sin especificar;3.Sin especificar;3
90;1;1;2.15 a 19;3.24 a 27;1.Hasta Primaria/C.EGB Completa;1.Menos de 2500 gramos;1
90;1;2;6.35 a 39;6.37 a 41;3.Secundario/Polimodal Completa y más;2.2500 gramos y más;732
90;1;2;4.25 a 29;5.32 a 36;4.Sin especificar;2.2500 gramos y más;2
06;2;2;7.40 a 44;5.32 a 36;2.Secundaria/Polimodal Incompleta;1.Menos de 2500 gramos;3
18;1;1;6.35 a 39;6.37 a 41;1.Hasta Primaria/C.EGB Completa;2.2500 gramos y más;113
02;9;1;3.20 a 24;5.32 a 36;3.Secundario/Polimodal Completa y más;2.2500 gramos y más;1
86;1;2;2.15 a 19;3.24 a 27;3.Secundario/Polimodal Completa y más;1.Menos de 2500 gramos;1
02;1;1;6.35 a 39;4.28 a 31;4.Sin especificar;1.Menos de 2500 gramos;2
90;1;2;6.35 a 39;7.42 y más;1.Hasta Primaria/C.EGB Completa;1.Menos de 2500 gramos;2
82;1;1;4.25 a 29;2.22 a 23;1.Hasta Primaria/C.EGB Completa;1.Menos de 2500 gramos;1
22;1;1;2.15 a 19;7.42 y más;1.Hasta Primaria/C.EGB Completa;2.2500 gramos y más;5
10;9;2;5.30 a 34;6.37 a 41;3.Secundario/Polimodal Completa y más;2.2500 gramos y más;2
38;1;2;2.15 a 19;5.32 a 36;2.Secundaria/Polimodal Incompleta;1.Menos de 2500 gramos;12
70;1;1;6.35 a 39;6.37 a 41;1.Hasta Primaria/C.EGB Completa;2.2500 gramos y más;101
46;1;1;2.15 a 19;6.37 a 41;2.Secundaria/Polimodal Incompleta;1.Menos de 2500 gramos;4
90;1;2;4.25 a 29;6.37 a 41;3.Secundario/Polimodal Completa y más;1.Menos de 2500 gramos;50
30;1;2;3.20 a 24;3.24 a 27;3.Secundario/Polimodal Completa y más;1.Menos de 2500 gramos;1
99;1;2;9.Sin especificar;6.37 a 41;4.Sin especificar;3.Sin especificar;3
54;1;1;7.40 a 44;5.32 a 36;2.Secundaria/Polimodal Incompleta;1.Menos de 2500 gramos;2
06;1;9;5.30 a 34;6.37 a 41;2.Secundaria/Polimodal Incompleta;2.2500 gramos y más;21
50;2;2;4.25 a 29;4.28 a 31;2.Secundaria/Polimodal Incompleta;1.Menos de 2500 gramos;2
06;9;1;5.30 a 34;4.28 a 31;4.Sin especificar;1.Menos de 2500 gramos;2
99;9;1;2.15 a 19;5.32 a 36;4.Sin especificar;2.2500 gramos y más;1
86;2;1;6.35 a 39;6.37 a 41;3.Secundario/Polimodal Completa y más;2.2500 gramos y más;4
22;2;1;5.30 a 34;5.32 a 36;2.Secundaria/Polimodal Incompleta;2.2500 gramos y más;2
42;1;2;4.25 a 29;6.37 a 41;2.Secundaria/Polimodal Incompleta;2.2500 gramos y más;103
02;1;1;5.30 a 34;6.37 a 41;4.Sin especificar;1.Menos de 2500 gramos;7
99;9;1;6.35 a 39;5.32 a 36;4.Sin especificar;2.2500 gramos y más;2
10;1;1;2.15 a 19;6.37 a 41;2.Secundaria/Polimodal Incompleta;2.2500 gramos y más;134
06;1;2;5.30 a 34;2.22 a 23;2.Secundaria/Polimodal Incompleta;1.Menos de 2500 gramos;2
06;1;2;7.40 a 44;7.42 y más;3.Secundario/Polimodal Completa y más;2.2500 gramos y más;2
26;1;2;4.25 a 29;5.32 a 36;2.Secundaria/Polimodal Incompleta;2.2500 gramos y más;5
22;2;2;2.15 a 19;5.32 a 36;3.Secundario/Polimodal Completa y más;1.Menos de 2500 gramos;2
54;1;1;3.20 a 24;7.42 y más;2.Secundaria/Polimodal Incompleta;2.2500 gramos y más;6
70;1;2;7.40 a 44;6.37 a 41;3.Secundario/Polimodal Completa y más;1.Menos de 2500 gramos;3
86;1;2;6.35 a 39;6.37 a 41;3.Secundario/Polimodal Completa y más;2.2500 gramos y más;287
06;1;2;2.15 a 19;8.Sin especificar;2.Secundaria/Polimodal Incompleta;1.Menos de 2500 gramos;11
70;1;2;8.De 45 y más;6.37 a 41;2.Secundaria/Polimodal Incompleta;2.2500 gramos y más;3
10;1;1;2.15 a 19;6.37 a 41;2.Secundaria/Polimodal Incompleta;1.Menos de 2500 gramos;2
02;9;1;3.20 a 24;5.32 a 36;3.Secundario/Polimodal Completa y más;1.Menos de 2500 gramos;1
26;1;1;3.20 a 24;6.37 a 41;2.Secundaria/Polimodal Incompleta;1.Menos de 2500 gramos;2
06;1;1;7.40 a 44;8.Sin especificar;3.Secundario/Polimodal Completa y más;3.Sin especificar;4
54;1;2;7.40 a 44;5.32 a 36;1.Hasta Primaria/C.EGB Completa;2.2500 gramos y más;8
78;1;2;5.30 a 34;5.32 a 36;3.Secundario/Polimodal Completa y más;1.Menos de 2500 gramos;7
06;1;2;4.25 a 29;7.42 y más;3.Secundario/Polimodal Completa y más;2.2500 gramos y más;45
54;2;2;5.30 a 34;5.32 a 36;3.Secundario/Polimodal Completa y más;2.2500 gramos y más;4
06;1;2;6.35 a 39;6.37 a 41;1.Hasta Primaria/C.EGB Completa;3.Sin especificar;5
54;1;2;5.30 a 34;7.42 y más;2.Secundaria/Polimodal Incompleta;2.2500 gramos y más;3
62;1;2;4.25 a 29;7.42 y más;2.Secundaria/Polimodal Incompleta;2.2500 gramos y más;2
82;1;2;5.30 a 34;6.37 a 41;1.Hasta Primaria/C.EGB Completa;1.Menos de 2500 gramos;15
18;2;1;6.35 a 39;6.37 a 41;3.Secundario/Polimodal Completa y más;2.2500 gramos y más;8
14;1;2;2.15 a 19;7.42 y más;2.Secundaria/Polimodal Incompleta;2.2500 gramos y más;1
34;1;1;5.30 a 34;5.32 a 36;1.Hasta Primaria/C.EGB Completa;2.2500 gramos y más;9
54;1;1;2.15 a 19;4.28 a 31;3.Secundario/Polimodal Completa y más;1.Menos de 2500 gramos;1
46;1;1;4.25 a 29;6.37 a 41;3.Secundario/Polimodal Completa y más;1.Menos de 2500 gramos;11
66;1;2;2.15 a 19;8.Sin especificar;4.Sin especificar;2.2500 gramos y más;1
06;1;2;5.30 a 34;7.42 y más;2.Secundaria/Polimodal Incompleta;2.2500 gramos y más;10
38;1;1;2.15 a 19;6.37 a 41;1.Hasta Primaria/C.EGB Completa;2.2500 gramos y más;47
26;1;2;6.35 a 39;5.32 a 36;3.Secundario/Polimodal Completa y más;2.2500 gramos y más;16
06;1;1;1.Menor de 15;8.Sin especificar;4.Sin especificar;2.2500 gramos y más;1
58;1;1;6.35 a 39;5.32 a 36;2.Secundaria/Polimodal Incompleta;2.2500 gramos y más;6
66;1;2;1.Menor de 15;1.Menos de 22;1.Hasta Primaria/C.EGB Completa;1.Menos de 2500 gramos;1
98;1;2;2.15 a 19;6.37 a 41;3.Secundario/Polimodal Completa y más;2.2500 gramos y más;1
86;1;2;2.15 a 19;6.37 a 41;4.Sin especificar;2.2500 gramos y más;1
74;1;1;5.30 a 34;5.32 a 36;3.Secundario/Polimodal Completa y más;1.Menos de 2500 gramos;11
06;1;1;8.De 45 y más;1.Menos de 22;2.Secundaria/Polimodal Incompleta;3.Sin especificar;1
02;9;2;7.40 a 44;6.37 a 41;4.Sin especificar;2.2500 gramos y más;43
86;2;2;6.35 a 39;3.24 a 27;3.Secundario/Polimodal Completa y más;1.Menos de 2500 gramos;2
42;1;1;3.20 a 24;5.32 a 36;3.Secundario/Polimodal Completa y más;1.Menos de 2500 gramos;3
34;2;2;3.20 a 24;6.37 a 41;4.Sin especificar;1.Menos de 2500 gramos;2
06;1;1;2.15 a 19;8.Sin especificar;4.Sin especificar;3.Sin especificar;174
99;9;1;4.25 a 29;5.32 a 36;4.Sin especificar;1.Menos de 2500 gramos;1
14;2;2;7.40 a 44;4.28 a 31;1.Hasta Primaria/C.EGB Completa;1.Menos de 2500 gramos;1
99;1;1;4.25 a 29;8.Sin especificar;4.Sin especificar;3.Sin especificar;7
66;2;2;5.30 a 34;5.32 a 36;3.Secundario/Polimodal Completa y más;2.2500 gramos y más;2
54;1;2;5.30 a 34;6.37 a 41;3.Secundario/Polimodal Completa y más;2.2500 gramos y más;754
90;1;2;1.Menor de 15;5.32 a 36;2.Secundaria/Polimodal Incompleta;2.2500 gramos y más;1
82;1;2;5.30 a 34;3.24 a 27;2.Secundaria/Polimodal Incompleta;1.Menos de 2500 gramos;4
10;1;1;3.20 a 24;8.Sin especificar;2.Secundaria/Polimodal Incompleta;3.Sin especificar;2
54;1;2;4.25 a 29;8.Sin especificar;3.Secundario/Polimodal Completa y más;2.2500 gramos y más;1
06;1;1;6.35 a 39;8.Sin especificar;3.Secundario/Polimodal Completa y más;1.Menos de 2500 gramos;16
06;2;1;7.40 a 44;4.28 a 31;2.Secundaria/Polimodal Incompleta;1.Menos de 2500 gramos;2
34;1;1;6.35 a 39;4.28 a 31;4.Sin especificar;2.2500 gramos y más;1
14;1;2;7.40 a 44;4.28 a 31;3.Secundario/Polimodal Completa y más;1.Menos de 2500 gramos;1
06;9;1;6.35 a 39;6.37 a 41;3.Secundario/Polimodal Completa y más;1.Menos de 2500 gramos;1
66;2;1;2.15 a 19;3.24 a 27;2.Secundaria/Polimodal Incompleta;1.Menos de 2500 gramos;2
26;2;2;7.40 a 44;6.37 a 41;3.Secundario/Polimodal Completa y más;2.2500 gramos y más;1
74;1;2;4.25 a 29;4.28 a 31;2.Secundaria/Polimodal Incompleta;2.2500 gramos y más;1
34;1;2;7.40 a 44;6.37 a 41;1.Hasta Primaria/C.EGB Completa;1.Menos de 2500 gramos;1
38;1;1;6.35 a 39;5.32 a 36;1.Hasta Primaria/C.EGB Completa;1.Menos de 2500 gramos;3
22;1;2;6.35 a 39;6.37 a 41;1.Hasta Primaria/C.EGB Completa;2.2500 gramos y más;231
54;2;1;3.20 a 24;5.32 a 36;3.Secundario/Polimodal Completa y más;1.Menos de 2500 gramos;4
22;1;2;2.15 a 19;6.37 a 41;3.Secundario/Polimodal Completa y más;2.2500 gramos y más;226
10;1;2;8.De 45 y más;6.37 a 41;3.Secundario/Polimodal Completa y más;2.2500 gramos y más;1
50;2;1;2.15 a 19;5.32 a 36;2.Secundaria/Polimodal Incompleta;2.2500 gramos y más;1
34;2;2;4.25 a 29;5.32 a 36;1.Hasta Primaria/C.EGB Completa;2.2500 gramos y más;1
86;1;2;3.20 a 24;5.32 a 36;2.Secundaria/Polimodal Incompleta;2.2500 gramos y más;17
06;2;2;8.De 45 y más;5.32 a 36;2.Secundaria/Polimodal Incompleta;1.Menos de 2500 gramos;2
42;1;2;4.25 a 29;8.Sin especificar;3.Secundario/Polimodal Completa y más;1.Menos de 2500 gramos;1
30;1;2;1.Menor de 15;6.37 a 41;1.Hasta Primaria/C.EGB Completa;2.2500 gramos y más;3
46;1;1;5.30 a 34;6.37 a 41;1.Hasta Primaria/C.EGB Completa;2.2500 gramos y más;62
94;1;1;3.20 a 24;6.37 a 41;1.Hasta Primaria/C.EGB Completa;2.2500 gramos y más;5
90;2;1;3.20 a 24;6.37 a 41;1.Hasta Primaria/C.EGB Completa;2.2500 gramos y más;5
06;1;1;9.Sin especificar;5.32 a 36;4.Sin especificar;2.2500 gramos y más;14
10;1;1;3.20 a 24;8.Sin especificar;3.Secundario/Polimodal Completa y más;1.Menos de 2500 gramos;1
14;1;1;3.20 a 24;5.32 a 36;2.Secundaria/Polimodal Incompleta;3.Sin especificar;1
06;2;1;5.30 a 34;6.37 a 41;1.Hasta Primaria/C.EGB Completa;2.2500 gramos y más;24
14;1;1;6.35 a 39;3.24 a 27;2.Secundaria/Polimodal Incompleta;1.Menos de 2500 gramos;1
14;1;1;7.40 a 44;6.37 a 41;3.Secundario/Polimodal Completa y más;3.Sin especificar;2
02;9;2;4.25 a 29;6.37 a 41;4.Sin especificar;3.Sin especificar;6
99;1;2;4.25 a 29;6.37 a 41;2.Secundaria/Polimodal Incompleta;2.2500 gramos y más;4
78;1;1;2.15 a 19;6.37 a 41;2.Secundaria/Polimodal Incompleta;1.Menos de 2500 gramos;3
78;1;1;3.20 a 24;5.32 a 36;3.Secundario/Polimodal Completa y más;1.Menos de 2500 gramos;7
62;1;1;6.35 a 39;5.32 a 36;2.Secundaria/Polimodal Incompleta;2.2500 gramos y más;9
14;1;1;3.20 a 24;3.24 a 27;4.Sin especificar;1.Menos de 2500 gramos;1
38;1;2;7.40 a 44;6.37 a 41;1.Hasta Primaria/C.EGB Completa;2.2500 gramos y más;31
66;1;1;4.25 a 29;7.42 y más;1.Hasta Primaria/C.EGB Completa;2.2500 gramos y más;2
54;1;1;7.40 a 44;5.32 a 36;2.Secundaria/Polimodal Incompleta;2.2500 gramos y más;6
14;2;2;5.30 a 34;5.32 a 36;2.Secundaria/Polimodal Incompleta;1.Menos de 2500 gramos;7
58;1;2;3.20 a 24;6.37 a 41;4.Sin especificar;2.2500 gramos y más;14
34;2;1;3.20 a 24;5.32 a 36;3.Secundario/Polimodal Completa y más;1.Menos de 2500 gramos;3
70;1;2;4.25 a 29;6.37 a 41;3.Secundario/Polimodal Completa y más;1.Menos de 2500 gramos;26
50;1;2;7.40 a 44;5.32 a 36;2.Secundaria/Polimodal Incompleta;2.2500 gramos y más;2
62;1;2;2.15 a 19;5.32 a 36;2.Secundaria/Polimodal Incompleta;2.2500 gramos y más;10
86;1;1;2.15 a 19;5.32 a 36;2.Secundaria/Polimodal Incompleta;2.2500 gramos y más;27
02;1;2;4.25 a 29;7.42 y más;1.Hasta Primaria/C.EGB Completa;2.2500 gramos y más;2
99;2;1;5.30 a 34;5.32 a 36;3.Secundario/Polimodal Completa y más;1.Menos de 2500 gramos;1
90;2;2;3.20 a 24;4.28 a 31;1.Hasta Primaria/C.EGB Completa;1.Menos de 2500 gramos;2
62;1;1;3.20 a 24;6.37 a 41;2.Secundaria/Polimodal Incompleta;1.Menos de 2500 gramos;6
22;1;2;4.25 a 29;6.37 a 41;2.Secundaria/Polimodal Incompleta;3.Sin especificar;2
38;1;2;5.30 a 34;6.37 a 41;3.Secundario/Polimodal Completa y más;1.Menos de 2500 gramos;13
34;2;2;2.15 a 19;4.28 a 31;2.Secundaria/Polimodal Incompleta;1.Menos de 2500 gramos;2
10;1;2;2.15 a 19;6.37 a 41;4.Sin especificar;2.2500 gramos y más;2
46;2;2;3.20 a 24;6.37 a 41;4.Sin especificar;2.2500 gramos y más;2
26;1;2;4.25 a 29;5.32 a 36;2.Secundaria/Polimodal Incompleta;1.Menos de 2500 gramos;3
78;1;1;4.25 a 29;5.32 a 36;1.Hasta Primaria/C.EGB Completa;2.2500 gramos y más;3
30;1;1;5.30 a 34;6.37 a 41;3.Secundario/Polimodal Completa y más;1.Menos de 2500 gramos;26
22;1;1;2.15 a 19;8.Sin especificar;2.Secundaria/Polimodal Incompleta;3.Sin especificar;1
06;1;1;2.15 a 19;6.37 a 41;4.Sin especificar;1.Menos de 2500 gramos;17
90;1;1;6.35 a 39;5.32 a 36;2.Secundaria/Polimodal Incompleta;2.2500 gramos y más;16
18;1;2;5.30 a 34;7.42 y más;2.Secundaria/Polimodal Incompleta;2.2500 gramos y más;4
06;1;2;4.25 a 29;8.Sin especificar;1.Hasta Primaria/C.EGB Completa;2.2500 gramos y más;26
22;1;1;2.15 a 19;5.32 a 36;1.Hasta Primaria/C.EGB Completa;1.Menos de 2500 gramos;15
06;1;2;5.30 a 34;8.Sin especificar;1.Hasta Primaria/C.EGB Completa;1.Menos de 2500 gramos;7
58;1;1;3.20 a 24;6.37 a 41;2.Secundaria/Polimodal Incompleta;2.2500 gramos y más;299
46;1;1;2.15 a 19;5.32 a 36;1.Hasta Primaria/C.EGB Completa;2.2500 gramos y más;2
70;1;1;4.25 a 29;4.28 a 31;3.Secundario/Polimodal Completa y más;2.2500 gramos y más;1
58;1;2;6.35 a 39;2.22 a 23;3.Secundario/Polimodal Completa y más;1.Menos de 2500 gramos;1
30;1;1;2.15 a 19;7.42 y más;1.Hasta Primaria/C.EGB Completa;2.2500 gramos y más;1
22;1;1;4.25 a 29;6.37 a 41;3.Secundario/Polimodal Completa y más;2.2500 gramos y más;1110
22;1;1;6.35 a 39;5.32 a 36;1.Hasta Primaria/C.EGB Completa;1.Menos de 2500 gramos;7
82;1;2;4.25 a 29;3.24 a 27;1.Hasta Primaria/C.EGB Completa;1.Menos de 2500 gramos;3
30;1;2;2.15 a 19;8.Sin especificar;1.Hasta Primaria/C.EGB Completa;2.2500 gramos y más;1
78;1;1;3.20 a 24;5.32 a 36;2.Secundaria/Polimodal Incompleta;1.Menos de 2500 gramos;5
66;2;2;6.35 a 39;5.32 a 36;2.Secundaria/Polimodal Incompleta;1.Menos de 2500 gramos;2
86;1;1;6.35 a 39;5.32 a 36;2.Secundaria/Polimodal Incompleta;1.Menos de 2500 gramos;4
62;1;2;6.35 a 39;3.24 a 27;3.Secundario/Polimodal Completa y más;1.Menos de 2500 gramos;2
26;1;1;7.40 a 44;6.37 a 41;2.Secundaria/Polimodal Incompleta;1.Menos de 2500 gramos;1
78;1;1;6.35 a 39;5.32 a 36;1.Hasta Primaria/C.EGB Completa;2.2500 gramos y más;1
06;2;1;9.Sin especificar;5.32 a 36;2.Secundaria/Polimodal Incompleta;2.2500 gramos y más;1
26;1;1;3.20 a 24;3.24 a 27;2.Secundaria/Polimodal Incompleta;1.Menos de 2500 gramos;1
50;1;1;3.20 a 24;3.24 a 27;3.Secundario/Polimodal Completa y más;1.Menos de 2500 gramos;2
06;1;2;3.20 a 24;2.22 a 23;3.Secundario/Polimodal Completa y más;3.Sin especificar;2
06;2;2;5.30 a 34;4.28 a 31;3.Secundario/Polimodal Completa y más;1.Menos de 2500 gramos;12
18;1;1;5.30 a 34;3.24 a 27;3.Secundario/Polimodal Completa y más;1.Menos de 2500 gramos;3
82;1;2;6.35 a 39;4.28 a 31;3.Secundario/Polimodal Completa y más;1.Menos de 2500 gramos;12
06;1;2;8.De 45 y más;8.Sin especificar;3.Secundario/Polimodal Completa y más;2.2500 gramos y más;1
78;1;2;6.35 a 39;6.37 a 41;2.Secundaria/Polimodal Incompleta;2.2500 gramos y más;28
10;1;1;7.40 a 44;8.Sin especificar;1.Hasta Primaria/C.EGB Completa;3.Sin especificar;1
98;9;1;3.20 a 24;5.32 a 36;4.Sin especificar;2.2500 gramos y más;1
30;1;1;3.20 a 24;6.37 a 41;1.Hasta Primaria/C.EGB Completa;2.2500 gramos y más;294
06;9;1;4.25 a 29;5.32 a 36;4.Sin especificar;1.Menos de 2500 gramos;2
62;1;2;2.15 a 19;6.37 a 41;1.Hasta Primaria/C.EGB Completa;3.Sin especificar;1
22;1;2;5.30 a 34;5.32 a 36;2.Secundaria/Polimodal Incompleta;2.2500 gramos y más;11
06;1;1;8.De 45 y más;4.28 a 31;1.Hasta Primaria/C.EGB Completa;1.Menos de 2500 gramos;2
54;1;2;4.25 a 29;5.32 a 36;4.Sin especificar;1.Menos de 2500 gramos;4
58;1;1;3.20 a 24;8.Sin especificar;1.Hasta Primaria/C.EGB Completa;2.2500 gramos y más;1
30;2;2;6.35 a 39;5.32 a 36;2.Secundaria/Polimodal Incompleta;1.Menos de 2500 gramos;3
38;1;2;3.20 a 24;6.37 a 41;1.Hasta Primaria/C.EGB Completa;2.2500 gramos y más;87
58;1;1;5.30 a 34;5.32 a 36;2.Secundaria/Polimodal Incompleta;2.2500 gramos y más;7
94;1;1;5.30 a 34;8.Sin especificar;3.Secundario/Polimodal Completa y más;2.2500 gramos y más;1
54;1;2;5.30 a 34;6.37 a 41;1.Hasta Primaria/C.EGB Completa;2.2500 gramos y más;515
86;1;1;4.25 a 29;6.37 a 41;2.Secundaria/Polimodal Incompleta;2.2500 gramos y más;274
50;1;2;3.20 a 24;8.Sin especificar;2.Secundaria/Polimodal Incompleta;1.Menos de 2500 gramos;1
06;2;2;2.15 a 19;5.32 a 36;1.Hasta Primaria/C.EGB Completa;1.Menos de 2500 gramos;6
74;1;1;4.25 a 29;7.42 y más;2.Secundaria/Polimodal Incompleta;2.2500 gramos y más;6
90;2;2;5.30 a 34;6.37 a 41;3.Secundario/Polimodal Completa y más;1.Menos de 2500 gramos;3
99;9;1;6.35 a 39;6.37 a 41;4.Sin especificar;3.Sin especificar;2
14;1;2;9.Sin especificar;4.28 a 31;4.Sin especificar;1.Menos de 2500 gramos;2
74;1;1;7.40 a 44;5.32 a 36;3.Secundario/Polimodal Completa y más;1.Menos de 2500 gramos;5
86;1;1;7.40 a 44;5.32 a 36;3.Secundario/Polimodal Completa y más;1.Menos de 2500 gramos;4
30;1;1;7.40 a 44;6.37 a 41;1.Hasta Primaria/C.EGB Completa;1.Menos de 2500 gramos;1
82;1;1;7.40 a 44;5.32 a 36;1.Hasta Primaria/C.EGB Completa;2.2500 gramos y más;10
62;1;1;3.20 a 24;5.32 a 36;1.Hasta Primaria/C.EGB Completa;2.2500 gramos y más;6
90;2;2;3.20 a 24;5.32 a 36;2.Secundaria/Polimodal Incompleta;1.Menos de 2500 gramos;3
66;2;2;6.35 a 39;6.37 a 41;3.Secundario/Polimodal Completa y más;1.Menos de 2500 gramos;3
66;1;1;3.20 a 24;8.Sin especificar;4.Sin especificar;2.2500 gramos y más;3
46;1;2;4.25 a 29;3.24 a 27;3.Secundario/Polimodal Completa y más;1.Menos de 2500 gramos;1
06;1;1;1.Menor de 15;6.37 a 41;3.Secundario/Polimodal Completa y más;2.2500 gramos y más;2
78;1;2;6.35 a 39;8.Sin especificar;3.Secundario/Polimodal Completa y más;3.Sin especificar;1
58;2;1;5.30 a 34;5.32 a 36;2.Secundaria/Polimodal Incompleta;2.2500 gramos y más;1
30;1;2;4.25 a 29;3.24 a 27;3.Secundario/Polimodal Completa y más;1.Menos de 2500 gramos;3
74;1;1;5.30 a 34;5.32 a 36;3.Secundario/Polimodal Completa y más;2.2500 gramos y más;20
82;1;1;5.30 a 34;5.32 a 36;1.Hasta Primaria/C.EGB Completa;2.2500 gramos y más;35
14;2;1;2.15 a 19;5.32 a 36;3.Secundario/Polimodal Completa y más;1.Menos de 2500 gramos;1
18;2;1;4.25 a 29;6.37 a 41;1.Hasta Primaria/C.EGB Completa;2.2500 gramos y más;1
90;2;2;4.25 a 29;3.24 a 27;3.Secundario/Polimodal Completa y más;1.Menos de 2500 gramos;2
22;9;2;4.25 a 29;6.37 a 41;3.Secundario/Polimodal Completa y más;2.2500 gramos y más;9
90;1;1;3.20 a 24;3.24 a 27;3.Secundario/Polimodal Completa y más;1.Menos de 2500 gramos;2
90;1;2;9.Sin especificar;6.37 a 41;3.Secundario/Polimodal Completa y más;2.2500 gramos y más;7
50;1;1;7.40 a 44;3.24 a 27;1.Hasta Primaria/C.EGB Completa;1.Menos de 2500 gramos;2
54;1;2;6.35 a 39;6.37 a 41;1.Hasta Primaria/C.EGB Completa;1.Menos de 2500 gramos;16
74;1;1;7.40 a 44;5.32 a 36;3.Secundario/Polimodal Completa y más;2.2500 gramos y más;9
82;1;1;4.25 a 29;4.28 a 31;2.Secundaria/Polimodal Incompleta;1.Menos de 2500 gramos;9
54;1;1;5.30 a 34;5.32 a 36;3.Secundario/Polimodal Completa y más;1.Menos de 2500 gramos;32
02;1;2;5.30 a 34;6.37 a 41;1.Hasta Primaria/C.EGB Completa;1.Menos de 2500 gramos;5
18;1;1;5.30 a 34;6.37 a 41;2.Secundaria/Polimodal Incompleta;3.Sin especificar;1
06;1;2;6.35 a 39;7.42 y más;2.Secundaria/Polimodal Incompleta;2.2500 gramos y más;7
06;1;1;4.25 a 29;8.Sin especificar;1.Hasta Primaria/C.EGB Completa;1.Menos de 2500 gramos;3
82;2;1;6.35 a 39;5.32 a 36;3.Secundario/Polimodal Completa y más;2.2500 gramos y más;15
82;2;2;6.35 a 39;6.37 a 41;1.Hasta Primaria/C.EGB Completa;1.Menos de 2500 gramos;3
62;1;1;2.15 a 19;8.Sin especificar;2.Secundaria/Polimodal Incompleta;2.2500 gramos y más;1
58;1;1;3.20 a 24;4.28 a 31;2.Secundaria/Polimodal Incompleta;1.Menos de 2500 gramos;2
14;1;2;6.35 a 39;4.28 a 31;3.Secundario/Polimodal Completa y más;1.Menos de 2500 gramos;12
06;2;2;5.30 a 34;2.22 a 23;2.Secundaria/Polimodal Incompleta;1.Menos de 2500 gramos;2
06;1;1;4.25 a 29;8.Sin especificar;1.Hasta Primaria/C.EGB Completa;2.2500 gramos y más;34
62;2;2;6.35 a 39;5.32 a 36;2.Secundaria/Polimodal Incompleta;1.Menos de 2500 gramos;1
94;1;2;2.15 a 19;5.32 a 36;2.Secundaria/Polimodal Incompleta;1.Menos de 2500 gramos;3
06;9;1;2.15 a 19;1.Menos de 22;4.Sin especificar;1.Menos de 2500 gramos;1
06;2;1;4.25 a 29;6.37 a 41;1.Hasta Primaria/C.EGB Completa;1.Menos de 2500 gramos;8
62;1;1;1.Menor de 15;6.37 a 41;1.Hasta Primaria/C.EGB Completa;2.2500 gramos y más;3
30;1;1;7.40 a 44;6.37 a 41;1.Hasta Primaria/C.EGB Completa;2.2500 gramos y más;58
70;2;1;5.30 a 34;5.32 a 36;3.Secundario/Polimodal Completa y más;1.Menos de 2500 gramos;5
30;1;2;4.25 a 29;5.32 a 36;1.Hasta Primaria/C.EGB Completa;1.Menos de 2500 gramos;5
06;2;1;5.30 a 34;8.Sin especificar;3.Secundario/Polimodal Completa y más;3.Sin especificar;1
66;1;1;4.25 a 29;4.28 a 31;1.Hasta Primaria/C.EGB Completa;1.Menos de 2500 gramos;3
34;1;2;8.De 45 y más;6.37 a 41;1.Hasta Primaria/C.EGB Completa;2.2500 gramos y más;2
90;1;1;2.15 a 19;3.24 a 27;3.Secundario/Polimodal Completa y más;1.Menos de 2500 gramos;2
30;1;1;5.30 a 34;5.32 a 36;2.Secundaria/Polimodal Incompleta;1.Menos de 2500 gramos;7
18;1;1;4.25 a 29;6.37 a 41;2.Secundaria/Polimodal Incompleta;1.Menos de 2500 gramos;10
70;1;2;2.15 a 19;2.22 a 23;2.Secundaria/Polimodal Incompleta;1.Menos de 2500 gramos;2
18;2;1;3.20 a 24;6.37 a 41;2.Secundaria/Polimodal Incompleta;2.2500 gramos y más;6
38;1;1;7.40 a 44;5.32 a 36;1.Hasta Primaria/C.EGB Completa;1.Menos de 2500 gramos;2
22;2;1;5.30 a 34;6.37 a 41;3.Secundario/Polimodal Completa y más;2.2500 gramos y más;6
14;1;2;7.40 a 44;8.Sin especificar;3.Secundario/Polimodal Completa y más;2.2500 gramos y más;1
14;1;2;7.40 a 44;4.28 a 31;3.Secundario/Polimodal Completa y más;2.2500 gramos y más;1
22;2;2;5.30 a 34;4.28 a 31;2.Secundaria/Polimodal Incompleta;1.Menos de 2500 gramos;2
22;1;1;4.25 a 29;6.37 a 41;3.Secundario/Polimodal Completa y más;3.Sin especificar;3
99;1;2;6.35 a 39;5.32 a 36;3.Secundario/Polimodal Completa y más;1.Menos de 2500 gramos;1
58;1;2;2.15 a 19;8.Sin especificar;2.Secundaria/Polimodal Incompleta;1.Menos de 2500 gramos;1
06;1;2;5.30 a 34;6.37 a 41;2.Secundaria/Polimodal Incompleta;2.2500 gramos y más;2565
82;2;1;5.30 a 34;3.24 a 27;3.Secundario/Polimodal Completa y más;1.Menos de 2500 gramos;1
06;2;1;4.25 a 29;5.32 a 36;1.Hasta Primaria/C.EGB Completa;1.Menos de 2500 gramos;27
02;1;2;3.20 a 24;6.37 a 41;4.Sin especificar;2.2500 gramos y más;211
94;1;2;6.35 a 39;5.32 a 36;2.Secundaria/Polimodal Incompleta;2.2500 gramos y más;2
90;1;2;7.40 a 44;4.28 a 31;1.Hasta Primaria/C.EGB Completa;1.Menos de 2500 gramos;1
86;1;2;7.40 a 44;6.37 a 41;2.Secundaria/Polimodal Incompleta;2.2500 gramos y más;23
46;1;2;3.20 a 24;5.32 a 36;3.Secundario/Polimodal Completa y más;1.Menos de 2500 gramos;10
66;1;1;4.25 a 29;6.37 a 41;4.Sin especificar;3.Sin especificar;1
02;1;2;7.40 a 44;3.24 a 27;4.Sin especificar;3.Sin especificar;1
50;1;2;5.30 a 34;6.37 a 41;1.Hasta Primaria/C.EGB Completa;1.Menos de 2500 gramos;15
70;2;1;2.15 a 19;5.32 a 36;2.Secundaria/Polimodal Incompleta;1.Menos de 2500 gramos;2
22;1;2;3.20 a 24;5.32 a 36;1.Hasta Primaria/C.EGB Completa;3.Sin especificar;1
38;1;1;6.35 a 39;6.37 a 41;2.Secundaria/Polimodal Incompleta;2.2500 gramos y más;65
10;1;2;6.35 a 39;6.37 a 41;4.Sin especificar;2.2500 gramos y más;1
86;1;9;6.35 a 39;6.37 a 41;3.Secundario/Polimodal Completa y más;2.2500 gramos y más;1
54;1;2;3.20 a 24;3.24 a 27;4.Sin especificar;1.Menos de 2500 gramos;1
58;1;1;5.30 a 34;5.32 a 36;2.Secundaria/Polimodal Incompleta;1.Menos de 2500 gramos;5
18;1;1;2.15 a 19;6.37 a 41;4.Sin especificar;2.2500 gramos y más;267
22;1;2;3.20 a 24;4.28 a 31;4.Sin especificar;1.Menos de 2500 gramos;1
50;1;2;8.De 45 y más;6.37 a 41;3.Secundario/Polimodal Completa y más;1.Menos de 2500 gramos;2
34;1;1;2.15 a 19;6.37 a 41;2.Secundaria/Polimodal Incompleta;2.2500 gramos y más;292
10;2;1;4.25 a 29;5.32 a 36;2.Secundaria/Polimodal Incompleta;1.Menos de 2500 gramos;2
54;1;2;5.30 a 34;6.37 a 41;2.Secundaria/Polimodal Incompleta;2.2500 gramos y más;254
06;1;2;4.25 a 29;6.37 a 41;3.Secundario/Polimodal Completa y más;3.Sin especificar;39
58;1;1;5.30 a 34;4.28 a 31;3.Secundario/Polimodal Completa y más;1.Menos de 2500 gramos;6
74;1;1;4.25 a 29;8.Sin especificar;2.Secundaria/Polimodal Incompleta;2.2500 gramos y más;1
46;1;2;4.25 a 29;6.37 a 41;1.Hasta Primaria/C.EGB Completa;2.2500 gramos y más;99
22;9;1;5.30 a 34;6.37 a 41;2.Secundaria/Polimodal Incompleta;2.2500 gramos y más;4
14;2;2;3.20 a 24;6.37 a 41;2.Secundaria/Polimodal Incompleta;2.2500 gramos y más;6
78;1;1;7.40 a 44;5.32 a 36;1.Hasta Primaria/C.EGB Completa;1.Menos de 2500 gramos;1
70;1;1;6.35 a 39;5.32 a 36;3.Secundario/Polimodal Completa y más;2.2500 gramos y más;3
82;2;2;6.35 a 39;6.37 a 41;3.Secundario/Polimodal Completa y más;2.2500 gramos y más;16
02;1;2;2.15 a 19;6.37 a 41;4.Sin especificar;2.2500 gramos y más;51
74;1;2;4.25 a 29;7.42 y más;3.Secundario/Polimodal Completa y más;2.2500 gramos y más;13
06;1;2;8.De 45 y más;8.Sin especificar;3.Secundario/Polimodal Completa y más;3.Sin especificar;1
90;1;1;4.25 a 29;3.24 a 27;1.Hasta Primaria/C.EGB Completa;1.Menos de 2500 gramos;3
46;1;2;4.25 a 29;6.37 a 41;1.Hasta Primaria/C.EGB Completa;1.Menos de 2500 gramos;1
82;1;2;6.35 a 39;6.37 a 41;4.Sin especificar;2.2500 gramos y más;4
26;2;1;3.20 a 24;6.37 a 41;2.Secundaria/Polimodal Incompleta;2.2500 gramos y más;1
66;1;1;5.30 a 34;3.24 a 27;3.Secundario/Polimodal Completa y más;1.Menos de 2500 gramos;3
62;2;2;4.25 a 29;4.28 a 31;4.Sin especificar;1.Menos de 2500 gramos;1
02;1;2;6.35 a 39;6.37 a 41;3.Secundario/Polimodal Completa y más;1.Menos de 2500 gramos;54
90;1;2;6.35 a 39;8.Sin especificar;1.Hasta Primaria/C.EGB Completa;1.Menos de 2500 gramos;2
30;1;2;5.30 a 34;8.Sin especificar;3.Secundario/Polimodal Completa y más;1.Menos de 2500 gramos;2
54;1;1;4.25 a 29;7.42 y más;2.Secundaria/Polimodal Incompleta;2.2500 gramos y más;2
02;9;2;3.20 a 24;6.37 a 41;4.Sin especificar;1.Menos de 2500 gramos;3
74;1;1;2.15 a 19;6.37 a 41;4.Sin especificar;2.2500 gramos y más;4
10;1;1;5.30 a 34;4.28 a 31;3.Secundario/Polimodal Completa y más;1.Menos de 2500 gramos;1
46;1;1;5.30 a 34;5.32 a 36;3.Secundario/Polimodal Completa y más;1.Menos de 2500 gramos;14
18;1;2;5.30 a 34;6.37 a 41;3.Secundario/Polimodal Completa y más;3.Sin especificar;1
62;2;1;7.40 a 44;6.37 a 41;3.Secundario/Polimodal Completa y más;1.Menos de 2500 gramos;1
74;2;1;5.30 a 34;5.32 a 36;3.Secundario/Polimodal Completa y más;2.2500 gramos y más;4
06;1;9;4.25 a 29;5.32 a 36;1.Hasta Primaria/C.EGB Completa;1.Menos de 2500 gramos;1
10;1;2;6.35 a 39;5.32 a 36;2.Secundaria/Polimodal Incompleta;1.Menos de 2500 gramos;1
26;1;1;3.20 a 24;6.37 a 41;3.Secundario/Polimodal Completa y más;2.2500 gramos y más;354
90;1;2;5.30 a 34;5.32 a 36;1.Hasta Primaria/C.EGB Completa;1.Menos de 2500 gramos;17
86;2;2;7.40 a 44;6.37 a 41;1.Hasta Primaria/C.EGB Completa;1.Menos de 2500 gramos;3
06;1;2;7.40 a 44;8.Sin especificar;1.Hasta Primaria/C.EGB Completa;1.Menos de 2500 gramos;2
18;1;2;4.25 a 29;5.32 a 36;4.Sin especificar;2.2500 gramos y más;14
26;1;1;4.25 a 29;6.37 a 41;2.Secundaria/Polimodal Incompleta;1.Menos de 2500 gramos;3
46;2;2;3.20 a 24;4.28 a 31;3.Secundario/Polimodal Completa y más;1.Menos de 2500 gramos;4
14;1;2;3.20 a 24;5.32 a 36;1.Hasta Primaria/C.EGB Completa;1.Menos de 2500 gramos;20
50;1;2;2.15 a 19;6.37 a 41;1.Hasta Primaria/C.EGB Completa;2.2500 gramos y más;96
18;1;1;3.20 a 24;5.32 a 36;3.Secundario/Polimodal Completa y más;1.Menos de 2500 gramos;18
06;1;2;9.Sin especificar;6.37 a 41;2.Secundaria/Polimodal Incompleta;1.Menos de 2500 gramos;12
42;1;2;7.40 a 44;6.37 a 41;2.Secundaria/Polimodal Incompleta;1.Menos de 2500 gramos;2
58;1;1;4.25 a 29;6.37 a 41;2.Secundaria/Polimodal Incompleta;2.2500 gramos y más;271
86;1;9;5.30 a 34;6.37 a 41;3.Secundario/Polimodal Completa y más;2.2500 gramos y más;1
78;1;1;6.35 a 39;6.37 a 41;4.Sin especificar;2.2500 gramos y más;2
02;2;1;5.30 a 34;6.37 a 41;2.Secundaria/Polimodal Incompleta;2.2500 gramos y más;3
86;1;1;5.30 a 34;6.37 a 41;1.Hasta Primaria/C.EGB Completa;1.Menos de 2500 gramos;11
14;1;2;6.35 a 39;6.37 a 41;2.Secundaria/Polimodal Incompleta;2.2500 gramos y más;359
86;1;2;7.40 a 44;5.32 a 36;3.Secundario/Polimodal Completa y más;1.Menos de 2500 gramos;2
18;1;1;5.30 a 34;6.37 a 41;3.Secundario/Polimodal Completa y más;3.Sin especificar;2
82;1;1;2.15 a 19;8.Sin especificar;3.Secundario/Polimodal Completa y más;2.2500 gramos y más;1
90;1;1;6.35 a 39;5.32 a 36;3.Secundario/Polimodal Completa y más;2.2500 gramos y más;49
18;1;1;7.40 a 44;6.37 a 41;1.Hasta Primaria/C.EGB Completa;1.Menos de 2500 gramos;2
06;1;2;3.20 a 24;6.37 a 41;4.Sin especificar;1.Menos de 2500 gramos;35
06;9;2;6.35 a 39;6.37 a 41;3.Secundario/Polimodal Completa y más;2.2500 gramos y más;14
02;9;2;5.30 a 34;8.Sin especificar;3.Secundario/Polimodal Completa y más;3.Sin especificar;1
06;1;2;8.De 45 y más;6.37 a 41;2.Secundaria/Polimodal Incompleta;1.Menos de 2500 gramos;2
66;1;2;5.30 a 34;5.32 a 36;2.Secundaria/Polimodal Incompleta;2.2500 gramos y más;5
66;2;1;4.25 a 29;6.37 a 41;3.Secundario/Polimodal Completa y más;1.Menos de 2500 gramos;2
30;1;2;2.15 a 19;8.Sin especificar;2.Secundaria/Polimodal Incompleta;2.2500 gramos y más;5
26;1;2;5.30 a 34;4.28 a 31;4.Sin especificar;1.Menos de 2500 gramos;1
78;2;1;4.25 a 29;5.32 a 36;3.Secundario/Polimodal Completa y más;2.2500 gramos y más;2
06;2;2;3.20 a 24;6.37 a 41;1.Hasta Primaria/C.EGB Completa;1.Menos de 2500 gramos;8
62;1;2;4.25 a 29;6.37 a 41;2.Secundaria/Polimodal Incompleta;1.Menos de 2500 gramos;3
06;1;9;6.35 a 39;6.37 a 41;2.Secundaria/Polimodal Incompleta;2.2500 gramos y más;12
30;1;1;5.30 a 34;3.24 a 27;3.Secundario/Polimodal Completa y más;1.Menos de 2500 gramos;5
06;2;1;3.20 a 24;6.37 a 41;1.Hasta Primaria/C.EGB Completa;2.2500 gramos y más;18
54;1;2;2.15 a 19;5.32 a 36;4.Sin especificar;1.Menos de 2500 gramos;5
30;2;2;6.35 a 39;6.37 a 41;3.Secundario/Polimodal Completa y más;1.Menos de 2500 gramos;7
54;2;1;2.15 a 19;5.32 a 36;1.Hasta Primaria/C.EGB Completa;2.2500 gramos y más;2
50;2;1;3.20 a 24;6.37 a 41;3.Secundario/Polimodal Completa y más;1.Menos de 2500 gramos;4
06;2;1;6.35 a 39;6.37 a 41;2.Secundaria/Polimodal Incompleta;2.2500 gramos y más;17
90;1;2;6.35 a 39;7.42 y más;2.Secundaria/Polimodal Incompleta;2.2500 gramos y más;6
14;1;1;5.30 a 34;3.24 a 27;2.Secundaria/Polimodal Incompleta;1.Menos de 2500 gramos;1
06;2;1;5.30 a 34;4.28 a 31;2.Secundaria/Polimodal Incompleta;1.Menos de 2500 gramos;11
58;1;1;6.35 a 39;6.37 a 41;2.Secundaria/Polimodal Incompleta;1.Menos de 2500 gramos;3
14;1;2;9.Sin especificar;5.32 a 36;4.Sin especificar;1.Menos de 2500 gramos;4
18;1;2;3.20 a 24;6.37 a 41;4.Sin especificar;1.Menos de 2500 gramos;10
30;1;1;2.15 a 19;6.37 a 41;3.Secundario/Polimodal Completa y más;1.Menos de 2500 gramos;2
22;1;1;2.15 a 19;6.37 a 41;2.Secundaria/Polimodal Incompleta;3.Sin especificar;1
74;1;2;5.30 a 34;6.37 a 41;1.Hasta Primaria/C.EGB Completa;2.2500 gramos y más;48
26;1;1;5.30 a 34;4.28 a 31;3.Secundario/Polimodal Completa y más;1.Menos de 2500 gramos;4
18;2;1;5.30 a 34;5.32 a 36;3.Secundario/Polimodal Completa y más;1.Menos de 2500 gramos;7
18;1;1;8.De 45 y más;4.28 a 31;2.Secundaria/Polimodal Incompleta;1.Menos de 2500 gramos;1
62;2;2;2.15 a 19;3.24 a 27;2.Secundaria/Polimodal Incompleta;1.Menos de 2500 gramos;1
02;1;1;6.35 a 39;8.Sin especificar;4.Sin especificar;3.Sin especificar;1
06;1;1;2.15 a 19;8.Sin especificar;1.Hasta Primaria/C.EGB Completa;2.2500 gramos y más;17
82;1;2;2.15 a 19;4.28 a 31;3.Secundario/Polimodal Completa y más;1.Menos de 2500 gramos;4
99;1;2;6.35 a 39;5.32 a 36;4.Sin especificar;2.2500 gramos y más;1
50;1;2;4.25 a 29;6.37 a 41;4.Sin especificar;2.2500 gramos y más;1
10;2;2;5.30 a 34;6.37 a 41;3.Secundario/Polimodal Completa y más;2.2500 gramos y más;4
82;1;2;2.15 a 19;6.37 a 41;2.Secundaria/Polimodal Incompleta;1.Menos de 2500 gramos;21
22;2;2;3.20 a 24;5.32 a 36;2.Secundaria/Polimodal Incompleta;1.Menos de 2500 gramos;6
14;1;2;6.35 a 39;5.32 a 36;3.Secundario/Polimodal Completa y más;1.Menos de 2500 gramos;76
34;1;1;2.15 a 19;5.32 a 36;3.Secundario/Polimodal Completa y más;1.Menos de 2500 gramos;6
06;2;2;5.30 a 34;5.32 a 36;3.Secundario/Polimodal Completa y más;2.2500 gramos y más;41
86;2;2;4.25 a 29;5.32 a 36;2.Secundaria/Polimodal Incompleta;1.Menos de 2500 gramos;2
50;1;1;8.De 45 y más;5.32 a 36;3.Secundario/Polimodal Completa y más;2.2500 gramos y más;2
50;1;2;4.25 a 29;5.32 a 36;3.Secundario/Polimodal Completa y más;1.Menos de 2500 gramos;60
10;1;1;3.20 a 24;6.37 a 41;2.Secundaria/Polimodal Incompleta;1.Menos de 2500 gramos;8
94;1;1;3.20 a 24;6.37 a 41;3.Secundario/Polimodal Completa y más;2.2500 gramos y más;109
14;2;2;2.15 a 19;5.32 a 36;2.Secundaria/Polimodal Incompleta;2.2500 gramos y más;3
06;2;1;6.35 a 39;4.28 a 31;2.Secundaria/Polimodal Incompleta;1.Menos de 2500 gramos;2
06;9;1;7.40 a 44;6.37 a 41;4.Sin especificar;2.2500 gramos y más;18
62;1;2;5.30 a 34;5.32 a 36;2.Secundaria/Polimodal Incompleta;2.2500 gramos y más;10
14;1;1;4.25 a 29;3.24 a 27;2.Secundaria/Polimodal Incompleta;1.Menos de 2500 gramos;6
02;1;2;2.15 a 19;4.28 a 31;1.Hasta Primaria/C.EGB Completa;1.Menos de 2500 gramos;1
86;1;1;4.25 a 29;6.37 a 41;2.Secundaria/Polimodal Incompleta;1.Menos de 2500 gramos;7
94;1;2;3.20 a 24;6.37 a 41;4.Sin especificar;2.2500 gramos y más;2
90;2;2;3.20 a 24;5.32 a 36;2.Secundaria/Polimodal Incompleta;2.2500 gramos y más;1
30;2;2;4.25 a 29;6.37 a 41;2.Secundaria/Polimodal Incompleta;1.Menos de 2500 gramos;2
90;1;1;6.35 a 39;6.37 a 41;3.Secundario/Polimodal Completa y más;2.2500 gramos y más;769
50;1;2;5.30 a 34;8.Sin especificar;1.Hasta Primaria/C.EGB Completa;2.2500 gramos y más;1
02;2;2;7.40 a 44;2.22 a 23;3.Secundario/Polimodal Completa y más;1.Menos de 2500 gramos;1
54;2;1;4.25 a 29;2.22 a 23;1.Hasta Primaria/C.EGB Completa;1.Menos de 2500 gramos;1
78;1;1;3.20 a 24;6.37 a 41;3.Secundario/Polimodal Completa y más;1.Menos de 2500 gramos;5
70;1;2;5.30 a 34;6.37 a 41;1.Hasta Primaria/C.EGB Completa;2.2500 gramos y más;127
58;1;2;5.30 a 34;8.Sin especificar;3.Secundario/Polimodal Completa y más;2.2500 gramos y más;6
82;2;2;2.15 a 19;5.32 a 36;3.Secundario/Polimodal Completa y más;1.Menos de 2500 gramos;6
66;1;1;2.15 a 19;4.28 a 31;1.Hasta Primaria/C.EGB Completa;1.Menos de 2500 gramos;1
22;1;1;4.25 a 29;4.28 a 31;3.Secundario/Polimodal Completa y más;2.2500 gramos y más;1
10;1;2;3.20 a 24;8.Sin especificar;2.Secundaria/Polimodal Incompleta;2.2500 gramos y más;3
34;1;2;4.25 a 29;6.37 a 41;2.Secundaria/Polimodal Incompleta;2.2500 gramos y más;155
18;1;1;4.25 a 29;6.37 a 41;2.Secundaria/Polimodal Incompleta;2.2500 gramos y más;333
66;1;2;7.40 a 44;6.37 a 41;4.Sin especificar;2.2500 gramos y más;6
06;1;1;4.25 a 29;4.28 a 31;1.Hasta Primaria/C.EGB Completa;1.Menos de 2500 gramos;22
06;2;1;2.15 a 19;5.32 a 36;2.Secundaria/Polimodal Incompleta;2.2500 gramos y más;2
18;1;2;3.20 a 24;5.32 a 36;3.Secundario/Polimodal Completa y más;1.Menos de 2500 gramos;16
18;1;2;2.15 a 19;3.24 a 27;4.Sin especificar;1.Menos de 2500 gramos;2
82;1;2;2.15 a 19;3.24 a 27;3.Secundario/Polimodal Completa y más;1.Menos de 2500 gramos;2
22;2;2;4.25 a 29;6.37 a 41;2.Secundaria/Polimodal Incompleta;2.2500 gramos y más;3
42;1;1;3.20 a 24;6.37 a 41;2.Secundaria/Polimodal Incompleta;2.2500 gramos y más;136
34;1;1;2.15 a 19;6.37 a 41;1.Hasta Primaria/C.EGB Completa;1.Menos de 2500 gramos;4
34;2;1;2.15 a 19;5.32 a 36;4.Sin especificar;2.2500 gramos y más;1
30;2;2;4.25 a 29;5.32 a 36;1.Hasta Primaria/C.EGB Completa;2.2500 gramos y más;1
30;9;1;4.25 a 29;6.37 a 41;4.Sin especificar;2.2500 gramos y más;1
94;1;2;9.Sin especificar;8.Sin especificar;4.Sin especificar;3.Sin especificar;1
54;1;1;3.20 a 24;4.28 a 31;2.Secundaria/Polimodal Incompleta;1.Menos de 2500 gramos;5
10;1;2;3.20 a 24;6.37 a 41;3.Secundario/Polimodal Completa y más;2.2500 gramos y más;367
74;2;2;4.25 a 29;3.24 a 27;3.Secundario/Polimodal Completa y más;1.Menos de 2500 gramos;2
58;2;1;3.20 a 24;5.32 a 36;3.Secundario/Polimodal Completa y más;2.2500 gramos y más;1
94;1;2;3.20 a 24;4.28 a 31;3.Secundario/Polimodal Completa y más;1.Menos de 2500 gramos;1
06;1;2;4.25 a 29;2.22 a 23;4.Sin especificar;1.Menos de 2500 gramos;1
34;1;2;5.30 a 34;5.32 a 36;3.Secundario/Polimodal Completa y más;2.2500 gramos y más;23
02;1;2;4.25 a 29;6.37 a 41;2.Secundaria/Polimodal Incompleta;1.Menos de 2500 gramos;5
26;2;2;6.35 a 39;5.32 a 36;3.Secundario/Polimodal Completa y más;2.2500 gramos y más;1
82;1;2;9.Sin especificar;6.37 a 41;4.Sin especificar;2.2500 gramos y más;2
74;2;2;6.35 a 39;5.32 a 36;1.Hasta Primaria/C.EGB Completa;1.Menos de 2500 gramos;2
34;1;2;2.15 a 19;6.37 a 41;3.Secundario/Polimodal Completa y más;2.2500 gramos y más;83
22;1;1;6.35 a 39;6.37 a 41;1.Hasta Primaria/C.EGB Completa;2.2500 gramos y más;260
14;1;2;6.35 a 39;5.32 a 36;2.Secundaria/Polimodal Incompleta;2.2500 gramos y más;15
66;1;2;5.30 a 34;5.32 a 36;4.Sin especificar;1.Menos de 2500 gramos;1
14;2;1;4.25 a 29;5.32 a 36;2.Secundaria/Polimodal Incompleta;1.Menos de 2500 gramos;6
14;1;1;6.35 a 39;7.42 y más;3.Secundario/Polimodal Completa y más;2.2500 gramos y más;1
62;2;2;5.30 a 34;3.24 a 27;3.Secundario/Polimodal Completa y más;1.Menos de 2500 gramos;2
66;1;1;5.30 a 34;5.32 a 36;3.Secundario/Polimodal Completa y más;1.Menos de 2500 gramos;46
86;1;2;7.40 a 44;4.28 a 31;3.Secundario/Polimodal Completa y más;1.Menos de 2500 gramos;2
78;1;2;5.30 a 34;5.32 a 36;2.Secundaria/Polimodal Incompleta;1.Menos de 2500 gramos;1
82;1;2;6.35 a 39;7.42 y más;3.Secundario/Polimodal Completa y más;2.2500 gramos y más;2
62;2;2;2.15 a 19;5.32 a 36;2.Secundaria/Polimodal Incompleta;2.2500 gramos y más;1
70;2;2;3.20 a 24;5.32 a 36;3.Secundario/Polimodal Completa y más;2.2500 gramos y más;2
74;1;1;5.30 a 34;6.37 a 41;4.Sin especificar;2.2500 gramos y más;22
94;1;2;5.30 a 34;6.37 a 41;2.Secundaria/Polimodal Incompleta;2.2500 gramos y más;25
30;1;1;4.25 a 29;6.37 a 41;1.Hasta Primaria/C.EGB Completa;2.2500 gramos y más;270
50;1;1;4.25 a 29;6.37 a 41;1.Hasta Primaria/C.EGB Completa;1.Menos de 2500 gramos;6
18;1;1;8.De 45 y más;7.42 y más;4.Sin especificar;2.2500 gramos y más;1
22;2;2;3.20 a 24;6.37 a 41;3.Secundario/Polimodal Completa y más;2.2500 gramos y más;1
46;1;2;6.35 a 39;5.32 a 36;1.Hasta Primaria/C.EGB Completa;1.Menos de 2500 gramos;3
78;2;2;7.40 a 44;6.37 a 41;3.Secundario/Polimodal Completa y más;1.Menos de 2500 gramos;2
50;2;1;2.15 a 19;2.22 a 23;3.Secundario/Polimodal Completa y más;1.Menos de 2500 gramos;2
06;2;2;8.De 45 y más;5.32 a 36;3.Secundario/Polimodal Completa y más;1.Menos de 2500 gramos;6
14;1;1;3.20 a 24;4.28 a 31;3.Secundario/Polimodal Completa y más;1.Menos de 2500 gramos;13
99;1;2;8.De 45 y más;7.42 y más;1.Hasta Primaria/C.EGB Completa;2.2500 gramos y más;1
66;1;1;6.35 a 39;5.32 a 36;2.Secundaria/Polimodal Incompleta;2.2500 gramos y más;4
30;2;1;6.35 a 39;4.28 a 31;1.Hasta Primaria/C.EGB Completa;1.Menos de 2500 gramos;2
26;1;2;6.35 a 39;4.28 a 31;3.Secundario/Polimodal Completa y más;1.Menos de 2500 gramos;2
06;2;1;2.15 a 19;4.28 a 31;2.Secundaria/Polimodal Incompleta;1.Menos de 2500 gramos;1
14;1;2;9.Sin especificar;4.28 a 31;3.Secundario/Polimodal Completa y más;1.Menos de 2500 gramos;1
02;1;2;8.De 45 y más;5.32 a 36;3.Secundario/Polimodal Completa y más;1.Menos de 2500 gramos;12
14;1;2;2.15 a 19;5.32 a 36;1.Hasta Primaria/C.EGB Completa;1.Menos de 2500 gramos;11
54;1;1;6.35 a 39;5.32 a 36;3.Secundario/Polimodal Completa y más;2.2500 gramos y más;24
06;1;2;3.20 a 24;8.Sin especificar;2.Secundaria/Polimodal Incompleta;3.Sin especificar;10
10;1;1;4.25 a 29;5.32 a 36;3.Secundario/Polimodal Completa y más;1.Menos de 2500 gramos;14
22;2;2;3.20 a 24;5.32 a 36;3.Secundario/Polimodal Completa y más;3.Sin especificar;1
30;1;2;3.20 a 24;8.Sin especificar;2.Secundaria/Polimodal Incompleta;3.Sin especificar;1
06;1;2;7.40 a 44;8.Sin especificar;1.Hasta Primaria/C.EGB Completa;2.2500 gramos y más;4
78;2;1;5.30 a 34;5.32 a 36;3.Secundario/Polimodal Completa y más;1.Menos de 2500 gramos;3
06;1;1;9.Sin especificar;3.24 a 27;2.Secundaria/Polimodal Incompleta;3.Sin especificar;1
82;1;2;6.35 a 39;5.32 a 36;2.Secundaria/Polimodal Incompleta;1.Menos de 2500 gramos;23
14;9;1;6.35 a 39;6.37 a 41;3.Secundario/Polimodal Completa y más;1.Menos de 2500 gramos;1
06;2;1;5.30 a 34;8.Sin especificar;4.Sin especificar;3.Sin especificar;3
38;1;2;4.25 a 29;6.37 a 41;1.Hasta Primaria/C.EGB Completa;2.2500 gramos y más;110
30;1;2;5.30 a 34;8.Sin especificar;3.Secundario/Polimodal Completa y más;2.2500 gramos y más;16
34;1;1;4.25 a 29;4.28 a 31;1.Hasta Primaria/C.EGB Completa;1.Menos de 2500 gramos;1
38;1;1;5.30 a 34;5.32 a 36;3.Secundario/Polimodal Completa y más;1.Menos de 2500 gramos;29
82;1;2;5.30 a 34;3.24 a 27;3.Secundario/Polimodal Completa y más;1.Menos de 2500 gramos;9
10;1;2;7.40 a 44;6.37 a 41;4.Sin especificar;2.2500 gramos y más;1
22;1;1;1.Menor de 15;6.37 a 41;1.Hasta Primaria/C.EGB Completa;2.2500 gramos y más;37
06;2;2;6.35 a 39;5.32 a 36;3.Secundario/Polimodal Completa y más;2.2500 gramos y más;35
82;2;2;4.25 a 29;5.32 a 36;4.Sin especificar;1.Menos de 2500 gramos;1
90;2;1;2.15 a 19;6.37 a 41;3.Secundario/Polimodal Completa y más;1.Menos de 2500 gramos;1
14;1;2;2.15 a 19;5.32 a 36;1.Hasta Primaria/C.EGB Completa;2.2500 gramos y más;11
90;1;2;1.Menor de 15;6.37 a 41;1.Hasta Primaria/C.EGB Completa;2.2500 gramos y más;6
10;1;2;4.25 a 29;3.24 a 27;1.Hasta Primaria/C.EGB Completa;1.Menos de 2500 gramos;1
62;1;2;6.35 a 39;8.Sin especificar;2.Secundaria/Polimodal Incompleta;2.2500 gramos y más;1
54;2;1;4.25 a 29;6.37 a 41;3.Secundario/Polimodal Completa y más;1.Menos de 2500 gramos;3
06;1;1;2.15 a 19;3.24 a 27;1.Hasta Primaria/C.EGB Completa;1.Menos de 2500 gramos;8
74;2;2;4.25 a 29;5.32 a 36;2.Secundaria/Polimodal Incompleta;1.Menos de 2500 gramos;2
66;1;1;6.35 a 39;8.Sin especificar;3.Secundario/Polimodal Completa y más;3.Sin especificar;1
18;1;1;3.20 a 24;7.42 y más;2.Secundaria/Polimodal Incompleta;2.2500 gramos y más;5
78;1;2;5.30 a 34;6.37 a 41;2.Secundaria/Polimodal Incompleta;1.Menos de 2500 gramos;1
54;1;2;8.De 45 y más;6.37 a 41;4.Sin especificar;2.2500 gramos y más;3
30;1;1;4.25 a 29;4.28 a 31;2.Secundaria/Polimodal Incompleta;2.2500 gramos y más;1
90;1;1;5.30 a 34;8.Sin especificar;2.Secundaria/Polimodal Incompleta;1.Menos de 2500 gramos;1
99;9;2;4.25 a 29;6.37 a 41;4.Sin especificar;3.Sin especificar;1
06;1;1;6.35 a 39;6.37 a 41;1.Hasta Primaria/C.EGB Completa;2.2500 gramos y más;1515
99;1;1;2.15 a 19;6.37 a 41;3.Secundario/Polimodal Completa y más;2.2500 gramos y más;3
74;1;1;3.20 a 24;7.42 y más;4.Sin especificar;2.2500 gramos y más;1
66;1;2;3.20 a 24;5.32 a 36;1.Hasta Primaria/C.EGB Completa;1.Menos de 2500 gramos;9
22;1;2;6.35 a 39;5.32 a 36;3.Secundario/Polimodal Completa y más;1.Menos de 2500 gramos;8
30;1;1;2.15 a 19;5.32 a 36;1.Hasta Primaria/C.EGB Completa;2.2500 gramos y más;2
10;1;1;6.35 a 39;8.Sin especificar;1.Hasta Primaria/C.EGB Completa;3.Sin especificar;1
18;1;1;7.40 a 44;7.42 y más;4.Sin especificar;2.2500 gramos y más;2
58;2;2;3.20 a 24;5.32 a 36;1.Hasta Primaria/C.EGB Completa;2.2500 gramos y más;1
66;1;2;7.40 a 44;6.37 a 41;2.Secundaria/Polimodal Incompleta;1.Menos de 2500 gramos;2
06;1;1;6.35 a 39;8.Sin especificar;3.Secundario/Polimodal Completa y más;2.2500 gramos y más;87
34;1;1;5.30 a 34;4.28 a 31;3.Secundario/Polimodal Completa y más;1.Menos de 2500 gramos;4
66;1;2;2.15 a 19;6.37 a 41;3.Secundario/Polimodal Completa y más;3.Sin especificar;2
06;1;1;3.20 a 24;7.42 y más;2.Secundaria/Polimodal Incompleta;2.2500 gramos y más;36
22;2;1;5.30 a 34;5.32 a 36;3.Secundario/Polimodal Completa y más;2.2500 gramos y más;4
02;1;2;3.20 a 24;6.37 a 41;1.Hasta Primaria/C.EGB Completa;2.2500 gramos y más;271
22;1;1;2.15 a 19;6.37 a 41;3.Secundario/Polimodal Completa y más;2.2500 gramos y más;255
06;1;1;7.40 a 44;6.37 a 41;3.Secundario/Polimodal Completa y más;2.2500 gramos y más;2134
66;1;1;4.25 a 29;5.32 a 36;2.Secundaria/Polimodal Incompleta;2.2500 gramos y más;13
30;1;2;5.30 a 34;6.37 a 41;4.Sin especificar;1.Menos de 2500 gramos;1
90;1;2;5.30 a 34;6.37 a 41;3.Secundario/Polimodal Completa y más;3.Sin especificar;1
30;2;2;3.20 a 24;5.32 a 36;2.Secundaria/Polimodal Incompleta;1.Menos de 2500 gramos;4
66;1;1;7.40 a 44;5.32 a 36;3.Secundario/Polimodal Completa y más;1.Menos de 2500 gramos;13
70;2;1;7.40 a 44;5.32 a 36;3.Secundario/Polimodal Completa y más;2.2500 gramos y más;1
54;1;2;4.25 a 29;3.24 a 27;4.Sin especificar;1.Menos de 2500 gramos;1
22;1;1;7.40 a 44;5.32 a 36;2.Secundaria/Polimodal Incompleta;2.2500 gramos y más;1
58;2;1;3.20 a 24;6.37 a 41;2.Secundaria/Polimodal Incompleta;2.2500 gramos y más;1
70;1;2;6.35 a 39;6.37 a 41;2.Secundaria/Polimodal Incompleta;2.2500 gramos y más;64
70;2;1;2.15 a 19;5.32 a 36;3.Secundario/Polimodal Completa y más;1.Menos de 2500 gramos;1
06;2;1;3.20 a 24;4.28 a 31;4.Sin especificar;1.Menos de 2500 gramos;1
66;1;1;7.40 a 44;6.37 a 41;2.Secundaria/Polimodal Incompleta;1.Menos de 2500 gramos;3
02;1;1;3.20 a 24;6.37 a 41;1.Hasta Primaria/C.EGB Completa;1.Menos de 2500 gramos;9
82;1;1;2.15 a 19;5.32 a 36;1.Hasta Primaria/C.EGB Completa;2.2500 gramos y más;25
70;1;2;6.35 a 39;4.28 a 31;1.Hasta Primaria/C.EGB Completa;1.Menos de 2500 gramos;1
58;2;2;4.25 a 29;5.32 a 36;2.Secundaria/Polimodal Incompleta;2.2500 gramos y más;1
30;1;1;2.15 a 19;6.37 a 41;2.Secundaria/Polimodal Incompleta;1.Menos de 2500 gramos;12
90;1;1;5.30 a 34;4.28 a 31;1.Hasta Primaria/C.EGB Completa;2.2500 gramos y más;2
70;1;1;4.25 a 29;6.37 a 41;3.Secundario/Polimodal Completa y más;1.Menos de 2500 gramos;13
18;1;2;3.20 a 24;6.37 a 41;1.Hasta Primaria/C.EGB Completa;2.2500 gramos y más;243
90;1;1;5.30 a 34;8.Sin especificar;1.Hasta Primaria/C.EGB Completa;2.2500 gramos y más;6
78;1;1;2.15 a 19;6.37 a 41;3.Secundario/Polimodal Completa y más;1.Menos de 2500 gramos;1
54;1;1;6.35 a 39;3.24 a 27;2.Secundaria/Polimodal Incompleta;1.Menos de 2500 gramos;1
02;1;2;7.40 a 44;5.32 a 36;3.Secundario/Polimodal Completa y más;1.Menos de 2500 gramos;23
22;2;2;8.De 45 y más;4.28 a 31;3.Secundario/Polimodal Completa y más;1.Menos de 2500 gramos;2
10;1;2;3.20 a 24;8.Sin especificar;2.Secundaria/Polimodal Incompleta;3.Sin especificar;2
86;1;2;3.20 a 24;5.32 a 36;3.Secundario/Polimodal Completa y más;2.2500 gramos y más;44
34;1;2;1.Menor de 15;5.32 a 36;1.Hasta Primaria/C.EGB Completa;1.Menos de 2500 gramos;2
10;1;1;5.30 a 34;6.37 a 41;3.Secundario/Polimodal Completa y más;3.Sin especificar;2
42;1;1;7.40 a 44;5.32 a 36;2.Secundaria/Polimodal Incompleta;2.2500 gramos y más;1
34;1;2;5.30 a 34;6.37 a 41;1.Hasta Primaria/C.EGB Completa;1.Menos de 2500 gramos;2
82;1;2;3.20 a 24;3.24 a 27;3.Secundario/Polimodal Completa y más;3.Sin especificar;1
18;1;2;3.20 a 24;4.28 a 31;4.Sin especificar;1.Menos de 2500 gramos;3
86;1;2;3.20 a 24;5.32 a 36;3.Secundario/Polimodal Completa y más;1.Menos de 2500 gramos;17
54;1;2;2.15 a 19;5.32 a 36;3.Secundario/Polimodal Completa y más;2.2500 gramos y más;6
62;1;2;4.25 a 29;4.28 a 31;1.Hasta Primaria/C.EGB Completa;1.Menos de 2500 gramos;2
06;1;1;2.15 a 19;8.Sin especificar;4.Sin especificar;2.2500 gramos y más;8
02;1;2;5.30 a 34;5.32 a 36;2.Secundaria/Polimodal Incompleta;2.2500 gramos y más;11
86;1;2;3.20 a 24;6.37 a 41;2.Secundaria/Polimodal Incompleta;2.2500 gramos y más;345
26;1;1;1.Menor de 15;6.37 a 41;4.Sin especificar;2.2500 gramos y más;2
06;1;1;4.25 a 29;4.28 a 31;1.Hasta Primaria/C.EGB Completa;3.Sin especificar;1
82;1;2;3.20 a 24;8.Sin especificar;1.Hasta Primaria/C.EGB Completa;2.2500 gramos y más;7
42;1;2;3.20 a 24;5.32 a 36;3.Secundario/Polimodal Completa y más;1.Menos de 2500 gramos;6
34;1;2;4.25 a 29;5.32 a 36;3.Secundario/Polimodal Completa y más;1.Menos de 2500 gramos;10
50;1;2;3.20 a 24;5.32 a 36;1.Hasta Primaria/C.EGB Completa;2.2500 gramos y más;3
66;1;1;4.25 a 29;3.24 a 27;2.Secundaria/Polimodal Incompleta;1.Menos de 2500 gramos;1
70;2;1;4.25 a 29;5.32 a 36;3.Secundario/Polimodal Completa y más;1.Menos de 2500 gramos;3
54;2;1;6.35 a 39;6.37 a 41;1.Hasta Primaria/C.EGB Completa;1.Menos de 2500 gramos;4
06;2;2;5.30 a 34;4.28 a 31;4.Sin especificar;1.Menos de 2500 gramos;3
42;1;1;6.35 a 39;5.32 a 36;3.Secundario/Polimodal Completa y más;2.2500 gramos y más;5
46;2;1;2.15 a 19;5.32 a 36;1.Hasta Primaria/C.EGB Completa;1.Menos de 2500 gramos;2
62;1;1;7.40 a 44;4.28 a 31;2.Secundaria/Polimodal Incompleta;1.Menos de 2500 gramos;1
70;2;1;5.30 a 34;6.37 a 41;1.Hasta Primaria/C.EGB Completa;2.2500 gramos y más;1
26;1;2;4.25 a 29;7.42 y más;3.Secundario/Polimodal Completa y más;2.2500 gramos y más;1
46;2;2;4.25 a 29;4.28 a 31;3.Secundario/Polimodal Completa y más;1.Menos de 2500 gramos;2
22;1;1;7.40 a 44;6.37 a 41;1.Hasta Primaria/C.EGB Completa;1.Menos de 2500 gramos;2
90;1;2;3.20 a 24;6.37 a 41;3.Secundario/Polimodal Completa y más;3.Sin especificar;7
14;1;2;3.20 a 24;6.37 a 41;1.Hasta Primaria/C.EGB Completa;2.2500 gramos y más;536
26;1;1;6.35 a 39;4.28 a 31;2.Secundaria/Polimodal Incompleta;1.Menos de 2500 gramos;1
30;1;2;1.Menor de 15;5.32 a 36;2.Secundaria/Polimodal Incompleta;1.Menos de 2500 gramos;3
82;1;1;3.20 a 24;6.37 a 41;4.Sin especificar;1.Menos de 2500 gramos;1
10;1;2;6.35 a 39;5.32 a 36;4.Sin especificar;1.Menos de 2500 gramos;1
42;1;1;6.35 a 39;5.32 a 36;3.Secundario/Polimodal Completa y más;1.Menos de 2500 gramos;7
22;1;2;3.20 a 24;6.37 a 41;4.Sin especificar;1.Menos de 2500 gramos;1
22;1;2;2.15 a 19;6.37 a 41;1.Hasta Primaria/C.EGB Completa;3.Sin especificar;1
66;1;2;4.25 a 29;8.Sin especificar;3.Secundario/Polimodal Completa y más;2.2500 gramos y más;36
74;1;1;5.30 a 34;5.32 a 36;2.Secundaria/Polimodal Incompleta;1.Menos de 2500 gramos;2
82;1;1;3.20 a 24;5.32 a 36;2.Secundaria/Polimodal Incompleta;2.2500 gramos y más;66
82;1;2;4.25 a 29;5.32 a 36;3.Secundario/Polimodal Completa y más;2.2500 gramos y más;64
10;1;1;2.15 a 19;5.32 a 36;2.Secundaria/Polimodal Incompleta;2.2500 gramos y más;2
18;2;1;2.15 a 19;5.32 a 36;2.Secundaria/Polimodal Incompleta;1.Menos de 2500 gramos;2
82;2;1;4.25 a 29;4.28 a 31;2.Secundaria/Polimodal Incompleta;1.Menos de 2500 gramos;1
46;1;2;7.40 a 44;5.32 a 36;3.Secundario/Polimodal Completa y más;2.2500 gramos y más;5
90;2;1;3.20 a 24;3.24 a 27;3.Secundario/Polimodal Completa y más;1.Menos de 2500 gramos;1
62;2;1;3.20 a 24;5.32 a 36;1.Hasta Primaria/C.EGB Completa;1.Menos de 2500 gramos;2
22;1;2;3.20 a 24;6.37 a 41;2.Secundaria/Polimodal Incompleta;3.Sin especificar;4
82;1;2;9.Sin especificar;6.37 a 41;3.Secundario/Polimodal Completa y más;2.2500 gramos y más;2
50;1;2;7.40 a 44;6.37 a 41;3.Secundario/Polimodal Completa y más;1.Menos de 2500 gramos;11
18;1;2;5.30 a 34;5.32 a 36;1.Hasta Primaria/C.EGB Completa;1.Menos de 2500 gramos;7
38;1;1;7.40 a 44;5.32 a 36;2.Secundaria/Polimodal Incompleta;2.2500 gramos y más;1
18;1;1;6.35 a 39;5.32 a 36;2.Secundaria/Polimodal Incompleta;1.Menos de 2500 gramos;14
06;1;1;8.De 45 y más;6.37 a 41;2.Secundaria/Polimodal Incompleta;2.2500 gramos y más;24
06;1;2;5.30 a 34;2.22 a 23;4.Sin especificar;3.Sin especificar;1
70;1;2;5.30 a 34;6.37 a 41;2.Secundaria/Polimodal Incompleta;2.2500 gramos y más;172
42;1;2;2.15 a 19;6.37 a 41;3.Secundario/Polimodal Completa y más;2.2500 gramos y más;33
90;1;2;7.40 a 44;5.32 a 36;1.Hasta Primaria/C.EGB Completa;1.Menos de 2500 gramos;4
54;1;1;2.15 a 19;5.32 a 36;3.Secundario/Polimodal Completa y más;2.2500 gramos y más;3
38;1;2;4.25 a 29;7.42 y más;2.Secundaria/Polimodal Incompleta;2.2500 gramos y más;3
86;1;2;3.20 a 24;8.Sin especificar;3.Secundario/Polimodal Completa y más;2.2500 gramos y más;1
02;1;2;2.15 a 19;5.32 a 36;3.Secundario/Polimodal Completa y más;2.2500 gramos y más;4
86;1;1;6.35 a 39;5.32 a 36;1.Hasta Primaria/C.EGB Completa;2.2500 gramos y más;19
02;1;1;4.25 a 29;6.37 a 41;4.Sin especificar;2.2500 gramos y más;320
30;1;1;4.25 a 29;5.32 a 36;3.Secundario/Polimodal Completa y más;2.2500 gramos y más;34
50;1;2;6.35 a 39;4.28 a 31;3.Secundario/Polimodal Completa y más;1.Menos de 2500 gramos;5
66;1;1;5.30 a 34;6.37 a 41;2.Secundaria/Polimodal Incompleta;2.2500 gramos y más;218
74;1;2;4.25 a 29;5.32 a 36;1.Hasta Primaria/C.EGB Completa;2.2500 gramos y más;9
18;1;2;7.40 a 44;6.37 a 41;3.Secundario/Polimodal Completa y más;2.2500 gramos y más;105
74;2;1;2.15 a 19;6.37 a 41;2.Secundaria/Polimodal Incompleta;2.2500 gramos y más;1
22;1;2;4.25 a 29;6.37 a 41;1.Hasta Primaria/C.EGB Completa;1.Menos de 2500 gramos;9
06;1;1;9.Sin especificar;8.Sin especificar;2.Secundaria/Polimodal Incompleta;2.2500 gramos y más;11
26;1;2;3.20 a 24;6.37 a 41;4.Sin especificar;2.2500 gramos y más;102
74;2;1;7.40 a 44;6.37 a 41;3.Secundario/Polimodal Completa y más;2.2500 gramos y más;3
78;1;2;5.30 a 34;3.24 a 27;3.Secundario/Polimodal Completa y más;1.Menos de 2500 gramos;2
22;9;2;4.25 a 29;6.37 a 41;2.Secundaria/Polimodal Incompleta;2.2500 gramos y más;2
18;1;2;5.30 a 34;3.24 a 27;3.Secundario/Polimodal Completa y más;1.Menos de 2500 gramos;4
34;1;2;3.20 a 24;6.37 a 41;2.Secundaria/Polimodal Incompleta;2.2500 gramos y más;247
74;1;1;3.20 a 24;6.37 a 41;2.Secundaria/Polimodal Incompleta;2.2500 gramos y más;186
70;2;2;3.20 a 24;6.37 a 41;1.Hasta Primaria/C.EGB Completa;2.2500 gramos y más;2
82;1;2;3.20 a 24;6.37 a 41;2.Secundaria/Polimodal Incompleta;2.2500 gramos y más;1348
86;1;1;5.30 a 34;5.32 a 36;2.Secundaria/Polimodal Incompleta;1.Menos de 2500 gramos;3
18;2;2;2.15 a 19;6.37 a 41;3.Secundario/Polimodal Completa y más;2.2500 gramos y más;1
06;1;2;8.De 45 y más;7.42 y más;1.Hasta Primaria/C.EGB Completa;2.2500 gramos y más;1
50;1;1;5.30 a 34;5.32 a 36;2.Secundaria/Polimodal Incompleta;2.2500 gramos y más;11
06;1;2;3.20 a 24;3.24 a 27;3.Secundario/Polimodal Completa y más;3.Sin especificar;1
22;2;2;4.25 a 29;5.32 a 36;1.Hasta Primaria/C.EGB Completa;1.Menos de 2500 gramos;6
02;9;1;3.20 a 24;6.37 a 41;2.Secundaria/Polimodal Incompleta;2.2500 gramos y más;1
62;1;1;3.20 a 24;5.32 a 36;4.Sin especificar;1.Menos de 2500 gramos;3
10;1;1;6.35 a 39;6.37 a 41;3.Secundario/Polimodal Completa y más;2.2500 gramos y más;213
78;2;1;7.40 a 44;6.37 a 41;3.Secundario/Polimodal Completa y más;2.2500 gramos y más;1
18;2;1;5.30 a 34;6.37 a 41;2.Secundaria/Polimodal Incompleta;2.2500 gramos y más;2
06;9;1;3.20 a 24;6.37 a 41;4.Sin especificar;1.Menos de 2500 gramos;1
74;1;1;6.35 a 39;6.37 a 41;3.Secundario/Polimodal Completa y más;3.Sin especificar;1
82;1;2;2.15 a 19;5.32 a 36;1.Hasta Primaria/C.EGB Completa;2.2500 gramos y más;20
14;2;1;5.30 a 34;3.24 a 27;3.Secundario/Polimodal Completa y más;1.Menos de 2500 gramos;3
06;1;1;5.30 a 34;6.37 a 41;1.Hasta Primaria/C.EGB Completa;1.Menos de 2500 gramos;62
90;1;2;3.20 a 24;7.42 y más;3.Secundario/Polimodal Completa y más;2.2500 gramos y más;59
02;2;2;5.30 a 34;6.37 a 41;4.Sin especificar;1.Menos de 2500 gramos;2
50;2;2;4.25 a 29;4.28 a 31;3.Secundario/Polimodal Completa y más;1.Menos de 2500 gramos;3
54;1;1;4.25 a 29;5.32 a 36;4.Sin especificar;2.2500 gramos y más;6
02;9;2;9.Sin especificar;5.32 a 36;3.Secundario/Polimodal Completa y más;2.2500 gramos y más;1
42;1;2;6.35 a 39;6.37 a 41;1.Hasta Primaria/C.EGB Completa;2.2500 gramos y más;20
66;1;2;3.20 a 24;4.28 a 31;3.Secundario/Polimodal Completa y más;1.Menos de 2500 gramos;6
90;1;2;1.Menor de 15;6.37 a 41;3.Secundario/Polimodal Completa y más;2.2500 gramos y más;1
78;1;1;3.20 a 24;3.24 a 27;3.Secundario/Polimodal Completa y más;1.Menos de 2500 gramos;1
22;2;1;6.35 a 39;6.37 a 41;3.Secundario/Polimodal Completa y más;2.2500 gramos y más;3
14;1;2;4.25 a 29;4.28 a 31;2.Secundaria/Polimodal Incompleta;2.2500 gramos y más;2
10;2;2;3.20 a 24;3.24 a 27;1.Hasta Primaria/C.EGB Completa;1.Menos de 2500 gramos;1
06;1;1;1.Menor de 15;6.37 a 41;1.Hasta Primaria/C.EGB Completa;2.2500 gramos y más;40
62;1;1;4.25 a 29;8.Sin especificar;3.Secundario/Polimodal Completa y más;2.2500 gramos y más;4
58;2;1;5.30 a 34;3.24 a 27;3.Secundario/Polimodal Completa y más;1.Menos de 2500 gramos;2
26;1;2;7.40 a 44;6.37 a 41;1.Hasta Primaria/C.EGB Completa;2.2500 gramos y más;8
74;1;2;4.25 a 29;6.37 a 41;2.Secundaria/Polimodal Incompleta;2.2500 gramos y más;113
99;1;2;9.Sin especificar;8.Sin especificar;2.Secundaria/Polimodal Incompleta;3.Sin especificar;2
50;2;1;6.35 a 39;6.37 a 41;1.Hasta Primaria/C.EGB Completa;2.2500 gramos y más;2
99;1;1;9.Sin especificar;6.37 a 41;1.Hasta Primaria/C.EGB Completa;2.2500 gramos y más;2
50;1;2;2.15 a 19;3.24 a 27;2.Secundaria/Polimodal Incompleta;1.Menos de 2500 gramos;3
38;1;2;7.40 a 44;4.28 a 31;3.Secundario/Polimodal Completa y más;2.2500 gramos y más;1
94;1;1;4.25 a 29;6.37 a 41;3.Secundario/Polimodal Completa y más;3.Sin especificar;1
46;1;2;5.30 a 34;5.32 a 36;1.Hasta Primaria/C.EGB Completa;2.2500 gramos y más;1
46;1;2;6.35 a 39;4.28 a 31;3.Secundario/Polimodal Completa y más;1.Menos de 2500 gramos;4
06;1;1;2.15 a 19;6.37 a 41;4.Sin especificar;2.2500 gramos y más;391
10;1;1;2.15 a 19;3.24 a 27;2.Secundaria/Polimodal Incompleta;1.Menos de 2500 gramos;1
02;1;1;5.30 a 34;5.32 a 36;2.Secundaria/Polimodal Incompleta;2.2500 gramos y más;4
66;2;1;5.30 a 34;5.32 a 36;3.Secundario/Polimodal Completa y más;2.2500 gramos y más;4
10;1;1;3.20 a 24;7.42 y más;3.Secundario/Polimodal Completa y más;2.2500 gramos y más;1
86;2;2;3.20 a 24;6.37 a 41;2.Secundaria/Polimodal Incompleta;1.Menos de 2500 gramos;1
82;1;2;5.30 a 34;6.37 a 41;3.Secundario/Polimodal Completa y más;2.2500 gramos y más;2762
14;1;1;9.Sin especificar;4.28 a 31;4.Sin especificar;1.Menos de 2500 gramos;1
22;9;1;7.40 a 44;6.37 a 41;3.Secundario/Polimodal Completa y más;3.Sin especificar;1
06;1;2;4.25 a 29;5.32 a 36;1.Hasta Primaria/C.EGB Completa;3.Sin especificar;3
90;1;2;4.25 a 29;3.24 a 27;3.Secundario/Polimodal Completa y más;1.Menos de 2500 gramos;7
14;1;2;6.35 a 39;7.42 y más;3.Secundario/Polimodal Completa y más;2.2500 gramos y más;1
06;2;2;7.40 a 44;3.24 a 27;4.Sin especificar;1.Menos de 2500 gramos;2
14;2;2;4.25 a 29;5.32 a 36;2.Secundaria/Polimodal Incompleta;1.Menos de 2500 gramos;6
90;1;2;3.20 a 24;5.32 a 36;2.Secundaria/Polimodal Incompleta;2.2500 gramos y más;47
50;1;1;5.30 a 34;5.32 a 36;3.Secundario/Polimodal Completa y más;1.Menos de 2500 gramos;42
58;1;2;5.30 a 34;4.28 a 31;2.Secundaria/Polimodal Incompleta;1.Menos de 2500 gramos;1
50;1;1;5.30 a 34;6.37 a 41;2.Secundaria/Polimodal Incompleta;2.2500 gramos y más;452
90;2;1;2.15 a 19;4.28 a 31;3.Secundario/Polimodal Completa y más;1.Menos de 2500 gramos;2
14;1;1;5.30 a 34;6.37 a 41;3.Secundario/Polimodal Completa y más;3.Sin especificar;8
90;2;2;6.35 a 39;5.32 a 36;3.Secundario/Polimodal Completa y más;3.Sin especificar;1
26;1;2;3.20 a 24;5.32 a 36;3.Secundario/Polimodal Completa y más;1.Menos de 2500 gramos;10
66;1;2;4.25 a 29;4.28 a 31;1.Hasta Primaria/C.EGB Completa;1.Menos de 2500 gramos;2
02;1;2;9.Sin especificar;8.Sin especificar;1.Hasta Primaria/C.EGB Completa;3.Sin especificar;1
70;2;1;7.40 a 44;6.37 a 41;3.Secundario/Polimodal Completa y más;1.Menos de 2500 gramos;1
06;9;1;2.15 a 19;6.37 a 41;4.Sin especificar;2.2500 gramos y más;23
82;1;1;2.15 a 19;4.28 a 31;1.Hasta Primaria/C.EGB Completa;2.2500 gramos y más;1
34;1;1;2.15 a 19;4.28 a 31;1.Hasta Primaria/C.EGB Completa;1.Menos de 2500 gramos;1
14;1;1;6.35 a 39;4.28 a 31;2.Secundaria/Polimodal Incompleta;1.Menos de 2500 gramos;2
74;1;2;3.20 a 24;5.32 a 36;1.Hasta Primaria/C.EGB Completa;2.2500 gramos y más;2
02;1;1;6.35 a 39;2.22 a 23;1.Hasta Primaria/C.EGB Completa;1.Menos de 2500 gramos;1
78;1;1;4.25 a 29;6.37 a 41;1.Hasta Primaria/C.EGB Completa;1.Menos de 2500 gramos;1
22;1;1;4.25 a 29;2.22 a 23;3.Secundario/Polimodal Completa y más;1.Menos de 2500 gramos;1
14;1;1;8.De 45 y más;6.37 a 41;2.Secundaria/Polimodal Incompleta;1.Menos de 2500 gramos;1
10;1;2;2.15 a 19;5.32 a 36;2.Secundaria/Polimodal Incompleta;2.2500 gramos y más;3
54;1;2;4.25 a 29;5.32 a 36;4.Sin especificar;2.2500 gramos y más;2
74;1;2;3.20 a 24;5.32 a 36;1.Hasta Primaria/C.EGB Completa;1.Menos de 2500 gramos;3
58;1;2;7.40 a 44;5.32 a 36;1.Hasta Primaria/C.EGB Completa;2.2500 gramos y más;1
62;1;2;6.35 a 39;6.37 a 41;4.Sin especificar;2.2500 gramos y más;40
90;1;2;7.40 a 44;6.37 a 41;3.Secundario/Polimodal Completa y más;3.Sin especificar;1
82;1;1;6.35 a 39;5.32 a 36;3.Secundario/Polimodal Completa y más;2.2500 gramos y más;79
02;2;2;4.25 a 29;5.32 a 36;1.Hasta Primaria/C.EGB Completa;2.2500 gramos y más;1
74;1;1;4.25 a 29;6.37 a 41;3.Secundario/Polimodal Completa y más;2.2500 gramos y más;454
06;1;1;4.25 a 29;5.32 a 36;2.Secundaria/Polimodal Incompleta;2.2500 gramos y más;141
26;1;1;2.15 a 19;7.42 y más;3.Secundario/Polimodal Completa y más;2.2500 gramos y más;1
18;1;2;4.25 a 29;7.42 y más;3.Secundario/Polimodal Completa y más;1.Menos de 2500 gramos;1
30;2;2;4.25 a 29;5.32 a 36;2.Secundaria/Polimodal Incompleta;1.Menos de 2500 gramos;1
74;2;2;4.25 a 29;5.32 a 36;3.Secundario/Polimodal Completa y más;2.2500 gramos y más;1
90;2;1;4.25 a 29;3.24 a 27;3.Secundario/Polimodal Completa y más;1.Menos de 2500 gramos;4
02;2;2;6.35 a 39;6.37 a 41;2.Secundaria/Polimodal Incompleta;1.Menos de 2500 gramos;3
10;1;1;5.30 a 34;6.37 a 41;1.Hasta Primaria/C.EGB Completa;2.2500 gramos y más;35
82;1;2;4.25 a 29;4.28 a 31;3.Secundario/Polimodal Completa y más;1.Menos de 2500 gramos;12
62;1;2;7.40 a 44;6.37 a 41;3.Secundario/Polimodal Completa y más;2.2500 gramos y más;105
30;1;2;5.30 a 34;6.37 a 41;1.Hasta Primaria/C.EGB Completa;1.Menos de 2500 gramos;5
18;1;1;3.20 a 24;6.37 a 41;4.Sin especificar;1.Menos de 2500 gramos;9
90;1;2;2.15 a 19;4.28 a 31;3.Secundario/Polimodal Completa y más;1.Menos de 2500 gramos;1
22;9;2;6.35 a 39;6.37 a 41;1.Hasta Primaria/C.EGB Completa;2.2500 gramos y más;4
74;1;1;2.15 a 19;8.Sin especificar;2.Secundaria/Polimodal Incompleta;2.2500 gramos y más;1
06;1;1;4.25 a 29;4.28 a 31;3.Secundario/Polimodal Completa y más;2.2500 gramos y más;3
82;1;2;3.20 a 24;3.24 a 27;1.Hasta Primaria/C.EGB Completa;1.Menos de 2500 gramos;5
50;2;1;4.25 a 29;4.28 a 31;3.Secundario/Polimodal Completa y más;1.Menos de 2500 gramos;2
74;2;2;2.15 a 19;7.42 y más;2.Secundaria/Polimodal Incompleta;1.Menos de 2500 gramos;1
90;2;2;2.15 a 19;1.Menos de 22;1.Hasta Primaria/C.EGB Completa;1.Menos de 2500 gramos;1
06;1;2;7.40 a 44;8.Sin especificar;4.Sin especificar;1.Menos de 2500 gramos;1
38;1;2;7.40 a 44;8.Sin especificar;3.Secundario/Polimodal Completa y más;2.2500 gramos y más;1
14;2;2;2.15 a 19;5.32 a 36;3.Secundario/Polimodal Completa y más;1.Menos de 2500 gramos;5
70;2;2;6.35 a 39;6.37 a 41;3.Secundario/Polimodal Completa y más;2.2500 gramos y más;4
18;1;1;4.25 a 29;7.42 y más;4.Sin especificar;2.2500 gramos y más;12
78;1;2;3.20 a 24;4.28 a 31;2.Secundaria/Polimodal Incompleta;1.Menos de 2500 gramos;2
46;1;2;6.35 a 39;6.37 a 41;1.Hasta Primaria/C.EGB Completa;2.2500 gramos y más;40
74;2;1;3.20 a 24;3.24 a 27;3.Secundario/Polimodal Completa y más;1.Menos de 2500 gramos;1
50;1;1;7.40 a 44;6.37 a 41;2.Secundaria/Polimodal Incompleta;2.2500 gramos y más;63
06;1;2;7.40 a 44;8.Sin especificar;4.Sin especificar;2.2500 gramos y más;4
74;2;1;2.15 a 19;4.28 a 31;2.Secundaria/Polimodal Incompleta;1.Menos de 2500 gramos;2
90;2;1;5.30 a 34;5.32 a 36;3.Secundario/Polimodal Completa y más;2.2500 gramos y más;8
82;1;2;2.15 a 19;6.37 a 41;2.Secundaria/Polimodal Incompleta;3.Sin especificar;1
06;2;2;2.15 a 19;5.32 a 36;3.Secundario/Polimodal Completa y más;1.Menos de 2500 gramos;10
50;1;1;6.35 a 39;3.24 a 27;2.Secundaria/Polimodal Incompleta;1.Menos de 2500 gramos;1
06;1;1;3.20 a 24;6.37 a 41;4.Sin especificar;1.Menos de 2500 gramos;31
18;1;2;4.25 a 29;7.42 y más;3.Secundario/Polimodal Completa y más;2.2500 gramos y más;8
22;2;2;6.35 a 39;6.37 a 41;1.Hasta Primaria/C.EGB Completa;1.Menos de 2500 gramos;2
30;1;2;5.30 a 34;5.32 a 36;3.Secundario/Polimodal Completa y más;1.Menos de 2500 gramos;27
50;1;1;3.20 a 24;5.32 a 36;1.Hasta Primaria/C.EGB Completa;1.Menos de 2500 gramos;9
06;1;2;9.Sin especificar;6.37 a 41;4.Sin especificar;1.Menos de 2500 gramos;4
14;1;2;9.Sin especificar;5.32 a 36;2.Secundaria/Polimodal Incompleta;1.Menos de 2500 gramos;4
70;1;1;5.30 a 34;4.28 a 31;3.Secundario/Polimodal Completa y más;1.Menos de 2500 gramos;3
02;2;1;8.De 45 y más;5.32 a 36;3.Secundario/Polimodal Completa y más;1.Menos de 2500 gramos;8
22;9;2;5.30 a 34;5.32 a 36;2.Secundaria/Polimodal Incompleta;1.Menos de 2500 gramos;1
02;1;1;7.40 a 44;6.37 a 41;1.Hasta Primaria/C.EGB Completa;2.2500 gramos y más;85
06;2;2;2.15 a 19;5.32 a 36;3.Secundario/Polimodal Completa y más;2.2500 gramos y más;5
30;1;2;4.25 a 29;5.32 a 36;3.Secundario/Polimodal Completa y más;2.2500 gramos y más;31
78;1;2;7.40 a 44;3.24 a 27;2.Secundaria/Polimodal Incompleta;1.Menos de 2500 gramos;1
06;1;2;7.40 a 44;6.37 a 41;2.Secundaria/Polimodal Incompleta;2.2500 gramos y más;436
74;1;2;7.40 a 44;6.37 a 41;2.Secundaria/Polimodal Incompleta;2.2500 gramos y más;8
38;1;2;7.40 a 44;4.28 a 31;3.Secundario/Polimodal Completa y más;1.Menos de 2500 gramos;1
54;2;2;4.25 a 29;4.28 a 31;4.Sin especificar;1.Menos de 2500 gramos;1
42;1;2;6.35 a 39;8.Sin especificar;1.Hasta Primaria/C.EGB Completa;2.2500 gramos y más;1
54;1;2;7.40 a 44;5.32 a 36;1.Hasta Primaria/C.EGB Completa;1.Menos de 2500 gramos;3
42;1;2;4.25 a 29;6.37 a 41;2.Secundaria/Polimodal Incompleta;1.Menos de 2500 gramos;1
06;2;2;9.Sin especificar;5.32 a 36;4.Sin especificar;1.Menos de 2500 gramos;2
74;2;2;7.40 a 44;6.37 a 41;1.Hasta Primaria/C.EGB Completa;2.2500 gramos y más;2
06;1;2;6.35 a 39;5.32 a 36;1.Hasta Primaria/C.EGB Completa;1.Menos de 2500 gramos;71
22;1;2;3.20 a 24;6.37 a 41;3.Secundario/Polimodal Completa y más;3.Sin especificar;10
02;1;1;2.15 a 19;3.24 a 27;2.Secundaria/Polimodal Incompleta;1.Menos de 2500 gramos;1
66;1;2;4.25 a 29;5.32 a 36;3.Secundario/Polimodal Completa y más;1.Menos de 2500 gramos;38
78;1;1;3.20 a 24;6.37 a 41;1.Hasta Primaria/C.EGB Completa;1.Menos de 2500 gramos;3
54;1;2;4.25 a 29;3.24 a 27;3.Secundario/Polimodal Completa y más;3.Sin especificar;1
86;1;1;5.30 a 34;5.32 a 36;1.Hasta Primaria/C.EGB Completa;2.2500 gramos y más;25
90;1;1;7.40 a 44;2.22 a 23;3.Secundario/Polimodal Completa y más;1.Menos de 2500 gramos;1
02;1;1;2.15 a 19;5.32 a 36;3.Secundario/Polimodal Completa y más;2.2500 gramos y más;2
06;1;2;3.20 a 24;4.28 a 31;2.Secundaria/Polimodal Incompleta;1.Menos de 2500 gramos;36
82;2;1;4.25 a 29;4.28 a 31;3.Secundario/Polimodal Completa y más;1.Menos de 2500 gramos;4
18;1;1;7.40 a 44;6.37 a 41;3.Secundario/Polimodal Completa y más;2.2500 gramos y más;129
74;1;2;8.De 45 y más;6.37 a 41;1.Hasta Primaria/C.EGB Completa;2.2500 gramos y más;4
70;1;1;5.30 a 34;3.24 a 27;1.Hasta Primaria/C.EGB Completa;1.Menos de 2500 gramos;1
50;1;2;3.20 a 24;6.37 a 41;2.Secundaria/Polimodal Incompleta;1.Menos de 2500 gramos;27
26;1;2;3.20 a 24;6.37 a 41;1.Hasta Primaria/C.EGB Completa;2.2500 gramos y más;33
06;1;1;3.20 a 24;4.28 a 31;3.Secundario/Polimodal Completa y más;1.Menos de 2500 gramos;42
14;1;1;2.15 a 19;5.32 a 36;2.Secundaria/Polimodal Incompleta;3.Sin especificar;1
70;1;1;2.15 a 19;6.37 a 41;1.Hasta Primaria/C.EGB Completa;2.2500 gramos y más;118
50;2;2;4.25 a 29;6.37 a 41;1.Hasta Primaria/C.EGB Completa;2.2500 gramos y más;2
22;9;1;7.40 a 44;6.37 a 41;3.Secundario/Polimodal Completa y más;2.2500 gramos y más;2
06;2;2;9.Sin especificar;5.32 a 36;3.Secundario/Polimodal Completa y más;1.Menos de 2500 gramos;4
62;1;1;2.15 a 19;5.32 a 36;4.Sin especificar;2.2500 gramos y más;4
02;1;2;5.30 a 34;6.37 a 41;4.Sin especificar;2.2500 gramos y más;433
82;1;1;9.Sin especificar;6.37 a 41;3.Secundario/Polimodal Completa y más;3.Sin especificar;1
82;1;2;8.De 45 y más;5.32 a 36;1.Hasta Primaria/C.EGB Completa;1.Menos de 2500 gramos;1
30;1;2;3.20 a 24;4.28 a 31;3.Secundario/Polimodal Completa y más;1.Menos de 2500 gramos;3
38;1;2;7.40 a 44;5.32 a 36;1.Hasta Primaria/C.EGB Completa;2.2500 gramos y más;1
10;1;2;5.30 a 34;6.37 a 41;3.Secundario/Polimodal Completa y más;3.Sin especificar;2
38;1;1;3.20 a 24;6.37 a 41;2.Secundaria/Polimodal Incompleta;1.Menos de 2500 gramos;5
66;1;1;6.35 a 39;6.37 a 41;3.Secundario/Polimodal Completa y más;1.Menos de 2500 gramos;16
70;2;2;3.20 a 24;2.22 a 23;2.Secundaria/Polimodal Incompleta;1.Menos de 2500 gramos;1
02;1;1;8.De 45 y más;6.37 a 41;2.Secundaria/Polimodal Incompleta;2.2500 gramos y más;2
06;1;2;3.20 a 24;4.28 a 31;3.Secundario/Polimodal Completa y más;1.Menos de 2500 gramos;49
78;2;1;4.25 a 29;6.37 a 41;3.Secundario/Polimodal Completa y más;1.Menos de 2500 gramos;1
38;1;1;3.20 a 24;5.32 a 36;3.Secundario/Polimodal Completa y más;2.2500 gramos y más;21
99;1;1;9.Sin especificar;8.Sin especificar;4.Sin especificar;3.Sin especificar;278
62;1;1;2.15 a 19;4.28 a 31;2.Secundaria/Polimodal Incompleta;1.Menos de 2500 gramos;1
94;1;1;5.30 a 34;6.37 a 41;3.Secundario/Polimodal Completa y más;2.2500 gramos y más;202
10;1;1;4.25 a 29;3.24 a 27;2.Secundaria/Polimodal Incompleta;1.Menos de 2500 gramos;1
02;1;2;2.15 a 19;5.32 a 36;4.Sin especificar;1.Menos de 2500 gramos;3
02;9;1;5.30 a 34;5.32 a 36;3.Secundario/Polimodal Completa y más;2.2500 gramos y más;1
86;1;2;3.20 a 24;6.37 a 41;2.Secundaria/Polimodal Incompleta;1.Menos de 2500 gramos;11
34;1;1;2.15 a 19;5.32 a 36;2.Secundaria/Polimodal Incompleta;2.2500 gramos y más;21
26;1;1;3.20 a 24;7.42 y más;3.Secundario/Polimodal Completa y más;2.2500 gramos y más;1
54;2;1;3.20 a 24;6.37 a 41;3.Secundario/Polimodal Completa y más;2.2500 gramos y más;2
38;1;1;6.35 a 39;6.37 a 41;1.Hasta Primaria/C.EGB Completa;2.2500 gramos y más;68
66;1;2;2.15 a 19;3.24 a 27;2.Secundaria/Polimodal Incompleta;1.Menos de 2500 gramos;4
06;1;1;4.25 a 29;3.24 a 27;3.Secundario/Polimodal Completa y más;3.Sin especificar;4
38;1;1;7.40 a 44;4.28 a 31;3.Secundario/Polimodal Completa y más;1.Menos de 2500 gramos;1
26;1;2;3.20 a 24;5.32 a 36;2.Secundaria/Polimodal Incompleta;1.Menos de 2500 gramos;8
90;1;1;3.20 a 24;6.37 a 41;4.Sin especificar;2.2500 gramos y más;5
66;2;1;5.30 a 34;5.32 a 36;2.Secundaria/Polimodal Incompleta;2.2500 gramos y más;3
14;2;1;3.20 a 24;4.28 a 31;3.Secundario/Polimodal Completa y más;1.Menos de 2500 gramos;4
06;1;2;4.25 a 29;6.37 a 41;2.Secundaria/Polimodal Incompleta;1.Menos de 2500 gramos;107
22;9;1;2.15 a 19;6.37 a 41;3.Secundario/Polimodal Completa y más;2.2500 gramos y más;2
78;1;1;4.25 a 29;5.32 a 36;1.Hasta Primaria/C.EGB Completa;1.Menos de 2500 gramos;1
10;1;1;6.35 a 39;6.37 a 41;2.Secundaria/Polimodal Incompleta;1.Menos de 2500 gramos;1
06;1;9;4.25 a 29;7.42 y más;3.Secundario/Polimodal Completa y más;2.2500 gramos y más;2
82;2;2;6.35 a 39;5.32 a 36;1.Hasta Primaria/C.EGB Completa;1.Menos de 2500 gramos;4
70;1;1;4.25 a 29;3.24 a 27;2.Secundaria/Polimodal Incompleta;1.Menos de 2500 gramos;2
06;9;1;8.De 45 y más;5.32 a 36;4.Sin especificar;2.2500 gramos y más;1
46;1;9;4.25 a 29;6.37 a 41;2.Secundaria/Polimodal Incompleta;2.2500 gramos y más;1
22;1;1;4.25 a 29;6.37 a 41;4.Sin especificar;3.Sin especificar;1
54;1;2;4.25 a 29;5.32 a 36;2.Secundaria/Polimodal Incompleta;2.2500 gramos y más;25
14;1;2;4.25 a 29;5.32 a 36;1.Hasta Primaria/C.EGB Completa;2.2500 gramos y más;20
30;1;2;7.40 a 44;4.28 a 31;3.Secundario/Polimodal Completa y más;1.Menos de 2500 gramos;2
06;1;2;4.25 a 29;6.37 a 41;2.Secundaria/Polimodal Incompleta;3.Sin especificar;18
26;1;2;5.30 a 34;5.32 a 36;2.Secundaria/Polimodal Incompleta;1.Menos de 2500 gramos;2
06;2;1;4.25 a 29;5.32 a 36;4.Sin especificar;1.Menos de 2500 gramos;4
06;1;2;5.30 a 34;4.28 a 31;2.Secundaria/Polimodal Incompleta;1.Menos de 2500 gramos;11
50;2;2;4.25 a 29;5.32 a 36;2.Secundaria/Polimodal Incompleta;2.2500 gramos y más;1
66;1;1;4.25 a 29;8.Sin especificar;3.Secundario/Polimodal Completa y más;2.2500 gramos y más;29
42;1;1;7.40 a 44;5.32 a 36;2.Secundaria/Polimodal Incompleta;1.Menos de 2500 gramos;1
62;1;1;4.25 a 29;8.Sin especificar;2.Secundaria/Polimodal Incompleta;2.2500 gramos y más;1
74;1;2;1.Menor de 15;6.37 a 41;1.Hasta Primaria/C.EGB Completa;2.2500 gramos y más;1
18;1;1;6.35 a 39;5.32 a 36;4.Sin especificar;1.Menos de 2500 gramos;6
30;1;1;5.30 a 34;8.Sin especificar;2.Secundaria/Polimodal Incompleta;2.2500 gramos y más;2
06;1;2;6.35 a 39;4.28 a 31;4.Sin especificar;1.Menos de 2500 gramos;1
34;1;2;2.15 a 19;6.37 a 41;3.Secundario/Polimodal Completa y más;1.Menos de 2500 gramos;5
10;1;2;5.30 a 34;6.37 a 41;1.Hasta Primaria/C.EGB Completa;1.Menos de 2500 gramos;1
50;1;1;3.20 a 24;6.37 a 41;1.Hasta Primaria/C.EGB Completa;2.2500 gramos y más;289
58;1;2;7.40 a 44;8.Sin especificar;4.Sin especificar;2.2500 gramos y más;1
99;1;2;9.Sin especificar;6.37 a 41;4.Sin especificar;2.2500 gramos y más;3
58;2;2;4.25 a 29;5.32 a 36;2.Secundaria/Polimodal Incompleta;1.Menos de 2500 gramos;1
14;9;2;5.30 a 34;6.37 a 41;3.Secundario/Polimodal Completa y más;2.2500 gramos y más;2
82;1;1;3.20 a 24;6.37 a 41;4.Sin especificar;2.2500 gramos y más;24
18;2;2;5.30 a 34;4.28 a 31;1.Hasta Primaria/C.EGB Completa;1.Menos de 2500 gramos;1
34;1;1;8.De 45 y más;3.24 a 27;1.Hasta Primaria/C.EGB Completa;1.Menos de 2500 gramos;1
14;2;2;7.40 a 44;6.37 a 41;3.Secundario/Polimodal Completa y más;1.Menos de 2500 gramos;2
14;1;2;4.25 a 29;6.37 a 41;1.Hasta Primaria/C.EGB Completa;2.2500 gramos y más;558
74;1;1;2.15 a 19;5.32 a 36;3.Secundario/Polimodal Completa y más;2.2500 gramos y más;5
82;1;2;4.25 a 29;7.42 y más;3.Secundario/Polimodal Completa y más;2.2500 gramos y más;7
02;1;1;3.20 a 24;5.32 a 36;2.Secundaria/Polimodal Incompleta;1.Menos de 2500 gramos;10
06;1;9;2.15 a 19;5.32 a 36;3.Secundario/Polimodal Completa y más;2.2500 gramos y más;2
06;1;1;6.35 a 39;4.28 a 31;1.Hasta Primaria/C.EGB Completa;3.Sin especificar;4
82;1;1;4.25 a 29;5.32 a 36;4.Sin especificar;2.2500 gramos y más;2
42;2;2;5.30 a 34;6.37 a 41;2.Secundaria/Polimodal Incompleta;2.2500 gramos y más;1
26;1;2;7.40 a 44;6.37 a 41;2.Secundaria/Polimodal Incompleta;2.2500 gramos y más;12
10;1;2;2.15 a 19;3.24 a 27;3.Secundario/Polimodal Completa y más;1.Menos de 2500 gramos;1
82;1;1;3.20 a 24;8.Sin especificar;3.Secundario/Polimodal Completa y más;2.2500 gramos y más;4
98;1;2;6.35 a 39;6.37 a 41;3.Secundario/Polimodal Completa y más;2.2500 gramos y más;5
34;1;1;3.20 a 24;5.32 a 36;2.Secundaria/Polimodal Incompleta;1.Menos de 2500 gramos;13
10;1;2;2.15 a 19;8.Sin especificar;1.Hasta Primaria/C.EGB Completa;2.2500 gramos y más;2
14;2;1;6.35 a 39;8.Sin especificar;3.Secundario/Polimodal Completa y más;1.Menos de 2500 gramos;1
54;1;2;3.20 a 24;7.42 y más;2.Secundaria/Polimodal Incompleta;2.2500 gramos y más;4
86;1;1;4.25 a 29;5.32 a 36;3.Secundario/Polimodal Completa y más;1.Menos de 2500 gramos;20
78;1;2;6.35 a 39;5.32 a 36;2.Secundaria/Polimodal Incompleta;1.Menos de 2500 gramos;3
66;1;2;2.15 a 19;8.Sin especificar;3.Secundario/Polimodal Completa y más;2.2500 gramos y más;6
99;9;1;5.30 a 34;6.37 a 41;4.Sin especificar;3.Sin especificar;4
58;1;2;6.35 a 39;5.32 a 36;3.Secundario/Polimodal Completa y más;2.2500 gramos y más;17
02;9;2;5.30 a 34;6.37 a 41;4.Sin especificar;2.2500 gramos y más;130
14;2;1;4.25 a 29;5.32 a 36;2.Secundaria/Polimodal Incompleta;2.2500 gramos y más;4
70;2;1;4.25 a 29;3.24 a 27;2.Secundaria/Polimodal Incompleta;1.Menos de 2500 gramos;2
90;1;1;7.40 a 44;3.24 a 27;2.Secundaria/Polimodal Incompleta;1.Menos de 2500 gramos;1
54;2;1;6.35 a 39;5.32 a 36;3.Secundario/Polimodal Completa y más;2.2500 gramos y más;1
18;2;2;4.25 a 29;5.32 a 36;1.Hasta Primaria/C.EGB Completa;1.Menos de 2500 gramos;1
06;1;1;8.De 45 y más;8.Sin especificar;2.Secundaria/Polimodal Incompleta;2.2500 gramos y más;1
86;1;1;4.25 a 29;8.Sin especificar;1.Hasta Primaria/C.EGB Completa;2.2500 gramos y más;2
54;1;2;3.20 a 24;5.32 a 36;3.Secundario/Polimodal Completa y más;2.2500 gramos y más;34
14;1;2;2.15 a 19;6.37 a 41;1.Hasta Primaria/C.EGB Completa;2.2500 gramos y más;264
82;2;1;5.30 a 34;5.32 a 36;3.Secundario/Polimodal Completa y más;1.Menos de 2500 gramos;29
54;2;1;6.35 a 39;5.32 a 36;3.Secundario/Polimodal Completa y más;1.Menos de 2500 gramos;2
10;1;2;5.30 a 34;5.32 a 36;3.Secundario/Polimodal Completa y más;1.Menos de 2500 gramos;8
18;1;1;4.25 a 29;4.28 a 31;4.Sin especificar;1.Menos de 2500 gramos;3
99;1;1;9.Sin especificar;6.37 a 41;3.Secundario/Polimodal Completa y más;2.2500 gramos y más;12
50;1;2;7.40 a 44;6.37 a 41;2.Secundaria/Polimodal Incompleta;1.Menos de 2500 gramos;1
38;1;2;2.15 a 19;5.32 a 36;1.Hasta Primaria/C.EGB Completa;2.2500 gramos y más;1
30;9;2;5.30 a 34;8.Sin especificar;4.Sin especificar;3.Sin especificar;1
30;1;2;1.Menor de 15;5.32 a 36;2.Secundaria/Polimodal Incompleta;2.2500 gramos y más;2
18;2;2;4.25 a 29;5.32 a 36;1.Hasta Primaria/C.EGB Completa;2.2500 gramos y más;1
34;1;1;3.20 a 24;5.32 a 36;2.Secundaria/Polimodal Incompleta;2.2500 gramos y más;11
02;9;2;8.De 45 y más;6.37 a 41;3.Secundario/Polimodal Completa y más;2.2500 gramos y más;3
34;2;2;4.25 a 29;6.37 a 41;1.Hasta Primaria/C.EGB Completa;2.2500 gramos y más;2
06;1;2;5.30 a 34;5.32 a 36;2.Secundaria/Polimodal Incompleta;2.2500 gramos y más;96
50;2;1;4.25 a 29;4.28 a 31;2.Secundaria/Polimodal Incompleta;1.Menos de 2500 gramos;2
82;2;1;3.20 a 24;4.28 a 31;2.Secundaria/Polimodal Incompleta;1.Menos de 2500 gramos;8
54;2;1;6.35 a 39;6.37 a 41;1.Hasta Primaria/C.EGB Completa;2.2500 gramos y más;2
90;2;2;8.De 45 y más;5.32 a 36;3.Secundario/Polimodal Completa y más;1.Menos de 2500 gramos;2
46;1;9;6.35 a 39;6.37 a 41;3.Secundario/Polimodal Completa y más;2.2500 gramos y más;1
14;2;2;6.35 a 39;6.37 a 41;3.Secundario/Polimodal Completa y más;1.Menos de 2500 gramos;9
82;2;1;3.20 a 24;5.32 a 36;1.Hasta Primaria/C.EGB Completa;1.Menos de 2500 gramos;2
34;1;2;6.35 a 39;6.37 a 41;2.Secundaria/Polimodal Incompleta;2.2500 gramos y más;46
18;1;2;3.20 a 24;8.Sin especificar;3.Secundario/Polimodal Completa y más;2.2500 gramos y más;1
90;1;1;1.Menor de 15;4.28 a 31;2.Secundaria/Polimodal Incompleta;1.Menos de 2500 gramos;1
14;1;1;2.15 a 19;4.28 a 31;1.Hasta Primaria/C.EGB Completa;1.Menos de 2500 gramos;4
22;2;1;3.20 a 24;6.37 a 41;1.Hasta Primaria/C.EGB Completa;2.2500 gramos y más;7
30;1;2;3.20 a 24;6.37 a 41;4.Sin especificar;2.2500 gramos y más;12
06;1;1;4.25 a 29;8.Sin especificar;1.Hasta Primaria/C.EGB Completa;3.Sin especificar;3
82;1;1;3.20 a 24;6.37 a 41;1.Hasta Primaria/C.EGB Completa;3.Sin especificar;1
02;1;1;3.20 a 24;6.37 a 41;1.Hasta Primaria/C.EGB Completa;2.2500 gramos y más;288
02;1;2;6.35 a 39;4.28 a 31;3.Secundario/Polimodal Completa y más;1.Menos de 2500 gramos;10
70;1;1;8.De 45 y más;6.37 a 41;3.Secundario/Polimodal Completa y más;2.2500 gramos y más;3
06;1;1;7.40 a 44;5.32 a 36;4.Sin especificar;2.2500 gramos y más;13
66;2;1;7.40 a 44;6.37 a 41;2.Secundaria/Polimodal Incompleta;2.2500 gramos y más;1
99;1;2;5.30 a 34;5.32 a 36;3.Secundario/Polimodal Completa y más;1.Menos de 2500 gramos;2
06;1;1;2.15 a 19;8.Sin especificar;3.Secundario/Polimodal Completa y más;2.2500 gramos y más;13
02;9;1;4.25 a 29;6.37 a 41;4.Sin especificar;2.2500 gramos y más;91
82;1;2;3.20 a 24;6.37 a 41;2.Secundaria/Polimodal Incompleta;3.Sin especificar;3
06;1;1;7.40 a 44;7.42 y más;4.Sin especificar;2.2500 gramos y más;2
06;9;1;3.20 a 24;6.37 a 41;4.Sin especificar;3.Sin especificar;2
54;1;1;6.35 a 39;5.32 a 36;2.Secundaria/Polimodal Incompleta;2.2500 gramos y más;13
30;2;2;4.25 a 29;4.28 a 31;3.Secundario/Polimodal Completa y más;1.Menos de 2500 gramos;1
02;1;1;5.30 a 34;6.37 a 41;4.Sin especificar;2.2500 gramos y más;459
74;1;1;7.40 a 44;6.37 a 41;3.Secundario/Polimodal Completa y más;2.2500 gramos y más;65
06;2;2;6.35 a 39;4.28 a 31;3.Secundario/Polimodal Completa y más;1.Menos de 2500 gramos;16
74;1;1;3.20 a 24;6.37 a 41;1.Hasta Primaria/C.EGB Completa;1.Menos de 2500 gramos;1
06;2;2;5.30 a 34;6.37 a 41;1.Hasta Primaria/C.EGB Completa;2.2500 gramos y más;17
82;1;2;7.40 a 44;2.22 a 23;3.Secundario/Polimodal Completa y más;1.Menos de 2500 gramos;1
46;1;1;3.20 a 24;4.28 a 31;2.Secundaria/Polimodal Incompleta;1.Menos de 2500 gramos;1
82;1;2;7.40 a 44;6.37 a 41;3.Secundario/Polimodal Completa y más;1.Menos de 2500 gramos;17
14;1;1;5.30 a 34;3.24 a 27;3.Secundario/Polimodal Completa y más;1.Menos de 2500 gramos;7
99;1;1;3.20 a 24;6.37 a 41;1.Hasta Primaria/C.EGB Completa;3.Sin especificar;1
70;1;1;5.30 a 34;7.42 y más;2.Secundaria/Polimodal Incompleta;2.2500 gramos y más;1
30;1;9;3.20 a 24;6.37 a 41;3.Secundario/Polimodal Completa y más;2.2500 gramos y más;1
06;1;1;6.35 a 39;6.37 a 41;4.Sin especificar;3.Sin especificar;9
22;1;1;5.30 a 34;5.32 a 36;1.Hasta Primaria/C.EGB Completa;1.Menos de 2500 gramos;13
34;1;1;3.20 a 24;8.Sin especificar;4.Sin especificar;2.2500 gramos y más;2
06;1;1;6.35 a 39;7.42 y más;1.Hasta Primaria/C.EGB Completa;2.2500 gramos y más;14
18;1;2;1.Menor de 15;5.32 a 36;1.Hasta Primaria/C.EGB Completa;1.Menos de 2500 gramos;2
14;1;1;7.40 a 44;5.32 a 36;2.Secundaria/Polimodal Incompleta;2.2500 gramos y más;5
78;1;1;3.20 a 24;7.42 y más;2.Secundaria/Polimodal Incompleta;2.2500 gramos y más;1
14;1;2;6.35 a 39;5.32 a 36;1.Hasta Primaria/C.EGB Completa;3.Sin especificar;1
06;1;2;5.30 a 34;8.Sin especificar;4.Sin especificar;2.2500 gramos y más;12
50;1;2;3.20 a 24;3.24 a 27;2.Secundaria/Polimodal Incompleta;1.Menos de 2500 gramos;2
38;1;1;2.15 a 19;7.42 y más;3.Secundario/Polimodal Completa y más;2.2500 gramos y más;3
06;1;2;5.30 a 34;8.Sin especificar;4.Sin especificar;3.Sin especificar;249
62;1;1;6.35 a 39;6.37 a 41;1.Hasta Primaria/C.EGB Completa;2.2500 gramos y más;53
22;2;1;6.35 a 39;5.32 a 36;3.Secundario/Polimodal Completa y más;2.2500 gramos y más;4
54;1;1;3.20 a 24;7.42 y más;3.Secundario/Polimodal Completa y más;2.2500 gramos y más;6
58;1;2;6.35 a 39;6.37 a 41;3.Secundario/Polimodal Completa y más;1.Menos de 2500 gramos;6
66;2;2;5.30 a 34;6.37 a 41;1.Hasta Primaria/C.EGB Completa;1.Menos de 2500 gramos;3
62;2;2;6.35 a 39;5.32 a 36;3.Secundario/Polimodal Completa y más;2.2500 gramos y más;3
50;1;1;3.20 a 24;5.32 a 36;1.Hasta Primaria/C.EGB Completa;2.2500 gramos y más;5
06;2;9;4.25 a 29;6.37 a 41;2.Secundaria/Polimodal Incompleta;1.Menos de 2500 gramos;1
14;1;1;8.De 45 y más;8.Sin especificar;4.Sin especificar;3.Sin especificar;1
66;1;1;4.25 a 29;8.Sin especificar;2.Secundaria/Polimodal Incompleta;1.Menos de 2500 gramos;1
14;1;2;7.40 a 44;6.37 a 41;2.Secundaria/Polimodal Incompleta;2.2500 gramos y más;96
14;2;1;6.35 a 39;5.32 a 36;1.Hasta Primaria/C.EGB Completa;1.Menos de 2500 gramos;2
06;1;1;5.30 a 34;7.42 y más;1.Hasta Primaria/C.EGB Completa;2.2500 gramos y más;26
18;1;2;7.40 a 44;5.32 a 36;3.Secundario/Polimodal Completa y más;1.Menos de 2500 gramos;3
74;1;1;5.30 a 34;5.32 a 36;1.Hasta Primaria/C.EGB Completa;1.Menos de 2500 gramos;1
46;1;1;6.35 a 39;4.28 a 31;4.Sin especificar;1.Menos de 2500 gramos;1
62;1;1;3.20 a 24;4.28 a 31;4.Sin especificar;1.Menos de 2500 gramos;2
22;1;2;6.35 a 39;5.32 a 36;3.Secundario/Polimodal Completa y más;2.2500 gramos y más;23
10;2;1;8.De 45 y más;5.32 a 36;3.Secundario/Polimodal Completa y más;1.Menos de 2500 gramos;1
22;1;1;2.15 a 19;6.37 a 41;3.Secundario/Polimodal Completa y más;1.Menos de 2500 gramos;7
78;2;1;5.30 a 34;5.32 a 36;3.Secundario/Polimodal Completa y más;2.2500 gramos y más;3
06;2;1;6.35 a 39;5.32 a 36;1.Hasta Primaria/C.EGB Completa;1.Menos de 2500 gramos;21
50;1;1;7.40 a 44;6.37 a 41;2.Secundaria/Polimodal Incompleta;1.Menos de 2500 gramos;3
14;1;1;6.35 a 39;3.24 a 27;3.Secundario/Polimodal Completa y más;1.Menos de 2500 gramos;10
06;2;2;6.35 a 39;8.Sin especificar;4.Sin especificar;3.Sin especificar;5
82;2;2;3.20 a 24;8.Sin especificar;2.Secundaria/Polimodal Incompleta;2.2500 gramos y más;2
26;1;2;1.Menor de 15;6.37 a 41;2.Secundaria/Polimodal Incompleta;2.2500 gramos y más;1
10;2;1;5.30 a 34;6.37 a 41;3.Secundario/Polimodal Completa y más;2.2500 gramos y más;9
54;1;2;5.30 a 34;5.32 a 36;4.Sin especificar;2.2500 gramos y más;5
14;2;1;4.25 a 29;6.37 a 41;3.Secundario/Polimodal Completa y más;1.Menos de 2500 gramos;2
70;2;1;4.25 a 29;6.37 a 41;3.Secundario/Polimodal Completa y más;1.Menos de 2500 gramos;2
14;1;1;4.25 a 29;6.37 a 41;3.Secundario/Polimodal Completa y más;2.2500 gramos y más;3068
50;2;2;5.30 a 34;6.37 a 41;2.Secundaria/Polimodal Incompleta;2.2500 gramos y más;4
66;1;2;2.15 a 19;5.32 a 36;1.Hasta Primaria/C.EGB Completa;1.Menos de 2500 gramos;5
62;1;2;2.15 a 19;6.37 a 41;3.Secundario/Polimodal Completa y más;1.Menos de 2500 gramos;1
70;1;2;8.De 45 y más;6.37 a 41;3.Secundario/Polimodal Completa y más;2.2500 gramos y más;7
14;2;1;7.40 a 44;6.37 a 41;3.Secundario/Polimodal Completa y más;2.2500 gramos y más;6
18;2;2;5.30 a 34;5.32 a 36;3.Secundario/Polimodal Completa y más;2.2500 gramos y más;2
50;2;1;3.20 a 24;5.32 a 36;2.Secundaria/Polimodal Incompleta;1.Menos de 2500 gramos;6
06;1;2;5.30 a 34;5.32 a 36;4.Sin especificar;2.2500 gramos y más;38
14;1;2;7.40 a 44;5.32 a 36;1.Hasta Primaria/C.EGB Completa;1.Menos de 2500 gramos;5
58;2;2;4.25 a 29;6.37 a 41;3.Secundario/Polimodal Completa y más;1.Menos de 2500 gramos;5
58;1;2;4.25 a 29;4.28 a 31;2.Secundaria/Polimodal Incompleta;1.Menos de 2500 gramos;1
02;1;2;4.25 a 29;5.32 a 36;4.Sin especificar;2.2500 gramos y más;5
22;1;2;5.30 a 34;7.42 y más;1.Hasta Primaria/C.EGB Completa;2.2500 gramos y más;2
14;2;1;6.35 a 39;6.37 a 41;2.Secundaria/Polimodal Incompleta;2.2500 gramos y más;4
06;1;9;3.20 a 24;6.37 a 41;1.Hasta Primaria/C.EGB Completa;2.2500 gramos y más;26
38;1;2;7.40 a 44;6.37 a 41;1.Hasta Primaria/C.EGB Completa;1.Menos de 2500 gramos;2
18;1;1;5.30 a 34;7.42 y más;4.Sin especificar;2.2500 gramos y más;10
06;2;1;5.30 a 34;3.24 a 27;1.Hasta Primaria/C.EGB Completa;1.Menos de 2500 gramos;5
50;1;2;4.25 a 29;6.37 a 41;2.Secundaria/Polimodal Incompleta;2.2500 gramos y más;783
46;1;1;8.De 45 y más;6.37 a 41;3.Secundario/Polimodal Completa y más;1.Menos de 2500 gramos;1
02;1;2;4.25 a 29;6.37 a 41;4.Sin especificar;1.Menos de 2500 gramos;7
90;1;1;4.25 a 29;8.Sin especificar;2.Secundaria/Polimodal Incompleta;2.2500 gramos y más;6
14;1;1;5.30 a 34;6.37 a 41;1.Hasta Primaria/C.EGB Completa;3.Sin especificar;2
54;1;1;4.25 a 29;7.42 y más;1.Hasta Primaria/C.EGB Completa;1.Menos de 2500 gramos;1
90;2;1;4.25 a 29;6.37 a 41;2.Secundaria/Polimodal Incompleta;1.Menos de 2500 gramos;1
06;1;1;8.De 45 y más;6.37 a 41;1.Hasta Primaria/C.EGB Completa;2.2500 gramos y más;39
86;1;1;3.20 a 24;7.42 y más;4.Sin especificar;2.2500 gramos y más;1
06;2;1;2.15 a 19;5.32 a 36;2.Secundaria/Polimodal Incompleta;1.Menos de 2500 gramos;23
26;2;1;6.35 a 39;5.32 a 36;3.Secundario/Polimodal Completa y más;2.2500 gramos y más;6
06;1;9;4.25 a 29;6.37 a 41;1.Hasta Primaria/C.EGB Completa;2.2500 gramos y más;17
62;1;1;2.15 a 19;6.37 a 41;1.Hasta Primaria/C.EGB Completa;2.2500 gramos y más;57
82;2;1;6.35 a 39;6.37 a 41;3.Secundario/Polimodal Completa y más;1.Menos de 2500 gramos;5
99;1;1;5.30 a 34;6.37 a 41;2.Secundaria/Polimodal Incompleta;2.2500 gramos y más;7
50;2;1;6.35 a 39;4.28 a 31;3.Secundario/Polimodal Completa y más;1.Menos de 2500 gramos;4
18;2;1;5.30 a 34;6.37 a 41;3.Secundario/Polimodal Completa y más;2.2500 gramos y más;10
14;1;2;4.25 a 29;6.37 a 41;2.Secundaria/Polimodal Incompleta;1.Menos de 2500 gramos;31
90;1;2;6.35 a 39;6.37 a 41;1.Hasta Primaria/C.EGB Completa;1.Menos de 2500 gramos;6
06;1;1;4.25 a 29;5.32 a 36;1.Hasta Primaria/C.EGB Completa;3.Sin especificar;2
70;1;1;7.40 a 44;4.28 a 31;3.Secundario/Polimodal Completa y más;1.Menos de 2500 gramos;1
82;2;1;4.25 a 29;5.32 a 36;2.Secundaria/Polimodal Incompleta;2.2500 gramos y más;9
02;1;2;7.40 a 44;3.24 a 27;4.Sin especificar;1.Menos de 2500 gramos;1
14;1;1;9.Sin especificar;4.28 a 31;3.Secundario/Polimodal Completa y más;1.Menos de 2500 gramos;2
90;1;1;3.20 a 24;6.37 a 41;2.Secundaria/Polimodal Incompleta;2.2500 gramos y más;398
46;1;1;7.40 a 44;6.37 a 41;1.Hasta Primaria/C.EGB Completa;2.2500 gramos y más;15
38;1;1;4.25 a 29;6.37 a 41;2.Secundaria/Polimodal Incompleta;2.2500 gramos y más;165
06;2;9;4.25 a 29;6.37 a 41;3.Secundario/Polimodal Completa y más;1.Menos de 2500 gramos;1
66;1;1;5.30 a 34;6.37 a 41;1.Hasta Primaria/C.EGB Completa;1.Menos de 2500 gramos;5
46;1;1;4.25 a 29;5.32 a 36;2.Secundaria/Polimodal Incompleta;1.Menos de 2500 gramos;1
62;2;1;3.20 a 24;6.37 a 41;3.Secundario/Polimodal Completa y más;2.2500 gramos y más;1
06;1;1;9.Sin especificar;7.42 y más;2.Secundaria/Polimodal Incompleta;2.2500 gramos y más;1
06;2;2;5.30 a 34;6.37 a 41;2.Secundaria/Polimodal Incompleta;1.Menos de 2500 gramos;8
06;9;2;3.20 a 24;8.Sin especificar;4.Sin especificar;3.Sin especificar;2
06;2;1;7.40 a 44;5.32 a 36;1.Hasta Primaria/C.EGB Completa;1.Menos de 2500 gramos;9
06;9;1;3.20 a 24;6.37 a 41;3.Secundario/Polimodal Completa y más;2.2500 gramos y más;3
34;1;2;3.20 a 24;6.37 a 41;1.Hasta Primaria/C.EGB Completa;1.Menos de 2500 gramos;3
06;1;2;3.20 a 24;6.37 a 41;1.Hasta Primaria/C.EGB Completa;2.2500 gramos y más;2619
02;1;2;5.30 a 34;3.24 a 27;2.Secundaria/Polimodal Incompleta;1.Menos de 2500 gramos;2
10;1;2;3.20 a 24;5.32 a 36;3.Secundario/Polimodal Completa y más;1.Menos de 2500 gramos;16
62;1;1;2.15 a 19;3.24 a 27;3.Secundario/Polimodal Completa y más;1.Menos de 2500 gramos;1
06;1;9;4.25 a 29;6.37 a 41;4.Sin especificar;1.Menos de 2500 gramos;1
70;1;1;6.35 a 39;5.32 a 36;2.Secundaria/Polimodal Incompleta;2.2500 gramos y más;5
30;9;2;5.30 a 34;6.37 a 41;4.Sin especificar;3.Sin especificar;1
06;1;1;9.Sin especificar;5.32 a 36;1.Hasta Primaria/C.EGB Completa;1.Menos de 2500 gramos;6
82;1;2;3.20 a 24;6.37 a 41;1.Hasta Primaria/C.EGB Completa;1.Menos de 2500 gramos;25
62;1;1;4.25 a 29;5.32 a 36;2.Secundaria/Polimodal Incompleta;1.Menos de 2500 gramos;3
90;2;2;8.De 45 y más;6.37 a 41;3.Secundario/Polimodal Completa y más;1.Menos de 2500 gramos;1
58;2;1;4.25 a 29;5.32 a 36;3.Secundario/Polimodal Completa y más;2.2500 gramos y más;2
38;1;1;4.25 a 29;6.37 a 41;3.Secundario/Polimodal Completa y más;2.2500 gramos y más;812
18;1;2;3.20 a 24;6.37 a 41;2.Secundaria/Polimodal Incompleta;3.Sin especificar;2
50;2;2;2.15 a 19;5.32 a 36;3.Secundario/Polimodal Completa y más;1.Menos de 2500 gramos;2
50;1;1;2.15 a 19;6.37 a 41;1.Hasta Primaria/C.EGB Completa;2.2500 gramos y más;90
06;2;2;4.25 a 29;3.24 a 27;3.Secundario/Polimodal Completa y más;3.Sin especificar;2
90;2;1;7.40 a 44;5.32 a 36;2.Secundaria/Polimodal Incompleta;1.Menos de 2500 gramos;1
38;1;1;3.20 a 24;5.32 a 36;2.Secundaria/Polimodal Incompleta;2.2500 gramos y más;5
82;1;1;1.Menor de 15;6.37 a 41;1.Hasta Primaria/C.EGB Completa;1.Menos de 2500 gramos;1
78;1;2;7.40 a 44;4.28 a 31;3.Secundario/Polimodal Completa y más;1.Menos de 2500 gramos;1
54;2;1;4.25 a 29;5.32 a 36;3.Secundario/Polimodal Completa y más;2.2500 gramos y más;4
94;1;2;4.25 a 29;6.37 a 41;3.Secundario/Polimodal Completa y más;1.Menos de 2500 gramos;8
50;2;2;2.15 a 19;6.37 a 41;2.Secundaria/Polimodal Incompleta;1.Menos de 2500 gramos;1
06;1;1;2.15 a 19;6.37 a 41;3.Secundario/Polimodal Completa y más;1.Menos de 2500 gramos;45
34;1;1;5.30 a 34;6.37 a 41;3.Secundario/Polimodal Completa y más;1.Menos de 2500 gramos;3
38;1;1;2.15 a 19;4.28 a 31;3.Secundario/Polimodal Completa y más;1.Menos de 2500 gramos;1
66;2;2;5.30 a 34;6.37 a 41;2.Secundaria/Polimodal Incompleta;2.2500 gramos y más;5
02;1;1;6.35 a 39;3.24 a 27;3.Secundario/Polimodal Completa y más;1.Menos de 2500 gramos;6
26;1;2;4.25 a 29;4.28 a 31;4.Sin especificar;1.Menos de 2500 gramos;1
70;2;1;5.30 a 34;5.32 a 36;2.Secundaria/Polimodal Incompleta;2.2500 gramos y más;1
66;1;2;4.25 a 29;6.37 a 41;4.Sin especificar;1.Menos de 2500 gramos;1
18;1;2;4.25 a 29;6.37 a 41;1.Hasta Primaria/C.EGB Completa;2.2500 gramos y más;224
46;1;1;2.15 a 19;5.32 a 36;2.Secundaria/Polimodal Incompleta;1.Menos de 2500 gramos;4
22;1;2;7.40 a 44;6.37 a 41;3.Secundario/Polimodal Completa y más;2.2500 gramos y más;83
62;1;2;4.25 a 29;5.32 a 36;3.Secundario/Polimodal Completa y más;1.Menos de 2500 gramos;14
74;1;2;4.25 a 29;6.37 a 41;1.Hasta Primaria/C.EGB Completa;2.2500 gramos y más;65
66;1;2;6.35 a 39;8.Sin especificar;3.Secundario/Polimodal Completa y más;2.2500 gramos y más;15
66;1;1;5.30 a 34;5.32 a 36;3.Secundario/Polimodal Completa y más;2.2500 gramos y más;55
46;1;2;4.25 a 29;4.28 a 31;2.Secundaria/Polimodal Incompleta;3.Sin especificar;1
06;2;2;3.20 a 24;2.22 a 23;3.Secundario/Polimodal Completa y más;1.Menos de 2500 gramos;1
38;1;1;3.20 a 24;6.37 a 41;4.Sin especificar;2.2500 gramos y más;1
02;9;2;6.35 a 39;4.28 a 31;4.Sin especificar;3.Sin especificar;1
34;1;2;3.20 a 24;5.32 a 36;4.Sin especificar;2.2500 gramos y más;22
78;1;1;5.30 a 34;5.32 a 36;3.Secundario/Polimodal Completa y más;1.Menos de 2500 gramos;12
22;9;2;3.20 a 24;6.37 a 41;1.Hasta Primaria/C.EGB Completa;3.Sin especificar;2
06;1;9;6.35 a 39;5.32 a 36;3.Secundario/Polimodal Completa y más;2.2500 gramos y más;5
86;1;1;5.30 a 34;7.42 y más;2.Secundaria/Polimodal Incompleta;2.2500 gramos y más;1
46;1;1;5.30 a 34;6.37 a 41;3.Secundario/Polimodal Completa y más;1.Menos de 2500 gramos;5
26;2;2;6.35 a 39;4.28 a 31;3.Secundario/Polimodal Completa y más;1.Menos de 2500 gramos;2
70;1;1;8.De 45 y más;5.32 a 36;3.Secundario/Polimodal Completa y más;1.Menos de 2500 gramos;1
22;1;2;6.35 a 39;5.32 a 36;1.Hasta Primaria/C.EGB Completa;1.Menos de 2500 gramos;10
30;1;1;2.15 a 19;5.32 a 36;3.Secundario/Polimodal Completa y más;2.2500 gramos y más;4
66;2;2;3.20 a 24;3.24 a 27;3.Secundario/Polimodal Completa y más;1.Menos de 2500 gramos;1
14;1;1;2.15 a 19;6.37 a 41;3.Secundario/Polimodal Completa y más;2.2500 gramos y más;350
26;2;1;4.25 a 29;5.32 a 36;3.Secundario/Polimodal Completa y más;1.Menos de 2500 gramos;2
30;1;2;8.De 45 y más;6.37 a 41;2.Secundaria/Polimodal Incompleta;2.2500 gramos y más;3
86;1;1;6.35 a 39;3.24 a 27;3.Secundario/Polimodal Completa y más;1.Menos de 2500 gramos;1
90;2;1;4.25 a 29;6.37 a 41;1.Hasta Primaria/C.EGB Completa;2.2500 gramos y más;3
70;1;1;7.40 a 44;6.37 a 41;3.Secundario/Polimodal Completa y más;1.Menos de 2500 gramos;1
82;1;2;2.15 a 19;2.22 a 23;2.Secundaria/Polimodal Incompleta;1.Menos de 2500 gramos;1
58;1;2;5.30 a 34;6.37 a 41;4.Sin especificar;1.Menos de 2500 gramos;1
30;2;1;6.35 a 39;6.37 a 41;3.Secundario/Polimodal Completa y más;1.Menos de 2500 gramos;5
66;1;1;4.25 a 29;5.32 a 36;3.Secundario/Polimodal Completa y más;2.2500 gramos y más;58
74;2;1;5.30 a 34;6.37 a 41;3.Secundario/Polimodal Completa y más;2.2500 gramos y más;3
02;1;2;3.20 a 24;6.37 a 41;2.Secundaria/Polimodal Incompleta;2.2500 gramos y más;258
10;1;2;5.30 a 34;6.37 a 41;2.Secundaria/Polimodal Incompleta;1.Menos de 2500 gramos;1
02;9;2;5.30 a 34;6.37 a 41;4.Sin especificar;3.Sin especificar;14
10;1;1;2.15 a 19;6.37 a 41;1.Hasta Primaria/C.EGB Completa;3.Sin especificar;1
42;1;1;4.25 a 29;5.32 a 36;3.Secundario/Polimodal Completa y más;1.Menos de 2500 gramos;10
70;2;1;2.15 a 19;6.37 a 41;2.Secundaria/Polimodal Incompleta;2.2500 gramos y más;2
26;1;1;2.15 a 19;6.37 a 41;4.Sin especificar;2.2500 gramos y más;40
06;2;1;8.De 45 y más;5.32 a 36;4.Sin especificar;1.Menos de 2500 gramos;1
06;1;2;6.35 a 39;4.28 a 31;3.Secundario/Polimodal Completa y más;2.2500 gramos y más;1
30;2;2;6.35 a 39;6.37 a 41;3.Secundario/Polimodal Completa y más;2.2500 gramos y más;5
66;1;2;5.30 a 34;2.22 a 23;3.Secundario/Polimodal Completa y más;1.Menos de 2500 gramos;1
90;1;1;3.20 a 24;6.37 a 41;3.Secundario/Polimodal Completa y más;1.Menos de 2500 gramos;22
34;2;2;4.25 a 29;5.32 a 36;4.Sin especificar;1.Menos de 2500 gramos;3
74;1;1;7.40 a 44;6.37 a 41;3.Secundario/Polimodal Completa y más;3.Sin especificar;1
38;1;2;6.35 a 39;6.37 a 41;1.Hasta Primaria/C.EGB Completa;2.2500 gramos y más;95
66;1;2;3.20 a 24;5.32 a 36;1.Hasta Primaria/C.EGB Completa;2.2500 gramos y más;6
34;1;2;2.15 a 19;5.32 a 36;2.Secundaria/Polimodal Incompleta;2.2500 gramos y más;17
86;1;2;8.De 45 y más;6.37 a 41;1.Hasta Primaria/C.EGB Completa;2.2500 gramos y más;5
78;1;1;1.Menor de 15;6.37 a 41;1.Hasta Primaria/C.EGB Completa;2.2500 gramos y más;2
46;1;2;6.35 a 39;6.37 a 41;1.Hasta Primaria/C.EGB Completa;1.Menos de 2500 gramos;1
30;1;2;6.35 a 39;4.28 a 31;1.Hasta Primaria/C.EGB Completa;1.Menos de 2500 gramos;1
06;1;2;4.25 a 29;8.Sin especificar;4.Sin especificar;1.Menos de 2500 gramos;4
02;1;2;7.40 a 44;5.32 a 36;1.Hasta Primaria/C.EGB Completa;1.Menos de 2500 gramos;8
90;1;2;5.30 a 34;6.37 a 41;3.Secundario/Polimodal Completa y más;1.Menos de 2500 gramos;32
86;2;2;5.30 a 34;5.32 a 36;3.Secundario/Polimodal Completa y más;1.Menos de 2500 gramos;4
18;1;2;3.20 a 24;3.24 a 27;3.Secundario/Polimodal Completa y más;1.Menos de 2500 gramos;2
10;1;2;2.15 a 19;5.32 a 36;2.Secundaria/Polimodal Incompleta;1.Menos de 2500 gramos;8
14;1;2;8.De 45 y más;6.37 a 41;4.Sin especificar;2.2500 gramos y más;1
38;1;2;4.25 a 29;6.37 a 41;4.Sin especificar;2.2500 gramos y más;1
18;1;1;3.20 a 24;5.32 a 36;2.Secundaria/Polimodal Incompleta;2.2500 gramos y más;24
66;1;2;7.40 a 44;6.37 a 41;2.Secundaria/Polimodal Incompleta;2.2500 gramos y más;29
58;1;1;2.15 a 19;8.Sin especificar;3.Secundario/Polimodal Completa y más;2.2500 gramos y más;1
02;1;2;4.25 a 29;5.32 a 36;1.Hasta Primaria/C.EGB Completa;1.Menos de 2500 gramos;10
02;2;2;6.35 a 39;5.32 a 36;1.Hasta Primaria/C.EGB Completa;2.2500 gramos y más;1
06;1;2;5.30 a 34;2.22 a 23;1.Hasta Primaria/C.EGB Completa;1.Menos de 2500 gramos;2
74;1;1;2.15 a 19;3.24 a 27;1.Hasta Primaria/C.EGB Completa;1.Menos de 2500 gramos;1
94;1;2;1.Menor de 15;6.37 a 41;2.Secundaria/Polimodal Incompleta;2.2500 gramos y más;2
50;1;2;8.De 45 y más;6.37 a 41;3.Secundario/Polimodal Completa y más;2.2500 gramos y más;10
54;2;1;7.40 a 44;5.32 a 36;4.Sin especificar;1.Menos de 2500 gramos;1
46;1;1;2.15 a 19;3.24 a 27;2.Secundaria/Polimodal Incompleta;1.Menos de 2500 gramos;1
34;1;1;5.30 a 34;5.32 a 36;3.Secundario/Polimodal Completa y más;2.2500 gramos y más;16
54;1;1;3.20 a 24;6.37 a 41;2.Secundaria/Polimodal Incompleta;2.2500 gramos y más;771
26;2;2;6.35 a 39;6.37 a 41;3.Secundario/Polimodal Completa y más;2.2500 gramos y más;1
50;1;2;5.30 a 34;4.28 a 31;3.Secundario/Polimodal Completa y más;1.Menos de 2500 gramos;8
02;9;1;4.25 a 29;6.37 a 41;1.Hasta Primaria/C.EGB Completa;2.2500 gramos y más;1
30;2;2;2.15 a 19;6.37 a 41;1.Hasta Primaria/C.EGB Completa;1.Menos de 2500 gramos;2
82;1;1;7.40 a 44;5.32 a 36;3.Secundario/Polimodal Completa y más;1.Menos de 2500 gramos;27
99;1;2;2.15 a 19;6.37 a 41;2.Secundaria/Polimodal Incompleta;2.2500 gramos y más;6
22;9;1;4.25 a 29;6.37 a 41;3.Secundario/Polimodal Completa y más;3.Sin especificar;4
42;1;1;5.30 a 34;6.37 a 41;3.Secundario/Polimodal Completa y más;1.Menos de 2500 gramos;5
06;1;2;9.Sin especificar;6.37 a 41;2.Secundaria/Polimodal Incompleta;3.Sin especificar;6
90;1;1;5.30 a 34;4.28 a 31;2.Secundaria/Polimodal Incompleta;1.Menos de 2500 gramos;2
30;1;1;8.De 45 y más;6.37 a 41;1.Hasta Primaria/C.EGB Completa;1.Menos de 2500 gramos;1
26;1;1;5.30 a 34;6.37 a 41;4.Sin especificar;2.2500 gramos y más;89
10;1;2;6.35 a 39;5.32 a 36;2.Secundaria/Polimodal Incompleta;2.2500 gramos y más;4
30;1;1;6.35 a 39;5.32 a 36;1.Hasta Primaria/C.EGB Completa;1.Menos de 2500 gramos;5
02;2;1;7.40 a 44;5.32 a 36;1.Hasta Primaria/C.EGB Completa;1.Menos de 2500 gramos;1
42;1;2;7.40 a 44;5.32 a 36;3.Secundario/Polimodal Completa y más;2.2500 gramos y más;3
14;2;2;6.35 a 39;6.37 a 41;4.Sin especificar;1.Menos de 2500 gramos;1
66;1;2;4.25 a 29;3.24 a 27;3.Secundario/Polimodal Completa y más;1.Menos de 2500 gramos;3
18;1;1;1.Menor de 15;6.37 a 41;1.Hasta Primaria/C.EGB Completa;2.2500 gramos y más;12
74;1;1;5.30 a 34;3.24 a 27;3.Secundario/Polimodal Completa y más;1.Menos de 2500 gramos;3
70;2;2;5.30 a 34;6.37 a 41;2.Secundaria/Polimodal Incompleta;2.2500 gramos y más;1
06;2;2;4.25 a 29;5.32 a 36;3.Secundario/Polimodal Completa y más;2.2500 gramos y más;10
50;2;1;6.35 a 39;5.32 a 36;3.Secundario/Polimodal Completa y más;1.Menos de 2500 gramos;13
14;1;1;4.25 a 29;7.42 y más;1.Hasta Primaria/C.EGB Completa;2.2500 gramos y más;1
26;1;1;4.25 a 29;6.37 a 41;2.Secundaria/Polimodal Incompleta;2.2500 gramos y más;162
14;2;2;3.20 a 24;4.28 a 31;1.Hasta Primaria/C.EGB Completa;1.Menos de 2500 gramos;1
62;2;1;4.25 a 29;3.24 a 27;3.Secundario/Polimodal Completa y más;1.Menos de 2500 gramos;2
38;1;1;6.35 a 39;6.37 a 41;2.Secundaria/Polimodal Incompleta;1.Menos de 2500 gramos;2
18;1;1;4.25 a 29;6.37 a 41;1.Hasta Primaria/C.EGB Completa;2.2500 gramos y más;292
34;2;1;3.20 a 24;5.32 a 36;2.Secundaria/Polimodal Incompleta;2.2500 gramos y más;1
82;1;1;4.25 a 29;8.Sin especificar;3.Secundario/Polimodal Completa y más;2.2500 gramos y más;5
62;1;1;4.25 a 29;6.37 a 41;1.Hasta Primaria/C.EGB Completa;1.Menos de 2500 gramos;6
86;1;2;7.40 a 44;7.42 y más;3.Secundario/Polimodal Completa y más;2.2500 gramos y más;1
06;2;2;7.40 a 44;6.37 a 41;4.Sin especificar;2.2500 gramos y más;1
62;1;1;6.35 a 39;5.32 a 36;3.Secundario/Polimodal Completa y más;1.Menos de 2500 gramos;18
30;2;2;6.35 a 39;6.37 a 41;1.Hasta Primaria/C.EGB Completa;2.2500 gramos y más;3
74;2;2;6.35 a 39;6.37 a 41;4.Sin especificar;2.2500 gramos y más;1
06;1;2;9.Sin especificar;6.37 a 41;3.Secundario/Polimodal Completa y más;3.Sin especificar;13
70;1;1;4.25 a 29;6.37 a 41;3.Secundario/Polimodal Completa y más;2.2500 gramos y más;782
06;1;2;2.15 a 19;2.22 a 23;4.Sin especificar;1.Menos de 2500 gramos;1
90;2;2;4.25 a 29;5.32 a 36;1.Hasta Primaria/C.EGB Completa;1.Menos de 2500 gramos;1
99;1;1;2.15 a 19;6.37 a 41;2.Secundaria/Polimodal Incompleta;2.2500 gramos y más;3
82;2;2;4.25 a 29;6.37 a 41;1.Hasta Primaria/C.EGB Completa;1.Menos de 2500 gramos;2
06;1;2;2.15 a 19;5.32 a 36;3.Secundario/Polimodal Completa y más;1.Menos de 2500 gramos;55
22;1;2;7.40 a 44;4.28 a 31;2.Secundaria/Polimodal Incompleta;1.Menos de 2500 gramos;1
22;1;2;3.20 a 24;6.37 a 41;1.Hasta Primaria/C.EGB Completa;1.Menos de 2500 gramos;19
14;1;1;6.35 a 39;5.32 a 36;3.Secundario/Polimodal Completa y más;1.Menos de 2500 gramos;67
74;2;2;3.20 a 24;3.24 a 27;3.Secundario/Polimodal Completa y más;1.Menos de 2500 gramos;1
70;2;1;4.25 a 29;6.37 a 41;2.Secundaria/Polimodal Incompleta;2.2500 gramos y más;3
22;1;1;8.De 45 y más;6.37 a 41;3.Secundario/Polimodal Completa y más;2.2500 gramos y más;5
58;1;1;6.35 a 39;6.37 a 41;3.Secundario/Polimodal Completa y más;1.Menos de 2500 gramos;6
06;9;1;5.30 a 34;6.37 a 41;4.Sin especificar;1.Menos de 2500 gramos;3
30;1;2;2.15 a 19;5.32 a 36;2.Secundaria/Polimodal Incompleta;2.2500 gramos y más;15
10;1;1;5.30 a 34;2.22 a 23;3.Secundario/Polimodal Completa y más;1.Menos de 2500 gramos;1
66;1;1;4.25 a 29;8.Sin especificar;4.Sin especificar;2.2500 gramos y más;1
06;1;2;4.25 a 29;6.37 a 41;4.Sin especificar;3.Sin especificar;8
54;1;1;1.Menor de 15;5.32 a 36;1.Hasta Primaria/C.EGB Completa;1.Menos de 2500 gramos;1
14;1;1;3.20 a 24;6.37 a 41;3.Secundario/Polimodal Completa y más;3.Sin especificar;1
10;1;2;4.25 a 29;5.32 a 36;3.Secundario/Polimodal Completa y más;2.2500 gramos y más;18
62;1;1;4.25 a 29;8.Sin especificar;2.Secundaria/Polimodal Incompleta;3.Sin especificar;1
26;1;1;7.40 a 44;5.32 a 36;1.Hasta Primaria/C.EGB Completa;2.2500 gramos y más;1
74;2;2;5.30 a 34;6.37 a 41;2.Secundaria/Polimodal Incompleta;2.2500 gramos y más;2
06;1;1;2.15 a 19;4.28 a 31;1.Hasta Primaria/C.EGB Completa;1.Menos de 2500 gramos;7
38;1;2;5.30 a 34;3.24 a 27;1.Hasta Primaria/C.EGB Completa;1.Menos de 2500 gramos;1
14;1;1;9.Sin especificar;8.Sin especificar;2.Secundaria/Polimodal Incompleta;1.Menos de 2500 gramos;1
14;1;1;8.De 45 y más;6.37 a 41;1.Hasta Primaria/C.EGB Completa;1.Menos de 2500 gramos;1
42;1;1;7.40 a 44;6.37 a 41;1.Hasta Primaria/C.EGB Completa;2.2500 gramos y más;9
62;1;1;6.35 a 39;5.32 a 36;4.Sin especificar;1.Menos de 2500 gramos;3
42;1;1;6.35 a 39;6.37 a 41;2.Secundaria/Polimodal Incompleta;2.2500 gramos y más;19
22;2;1;2.15 a 19;5.32 a 36;2.Secundaria/Polimodal Incompleta;1.Menos de 2500 gramos;6
98;1;2;1.Menor de 15;6.37 a 41;1.Hasta Primaria/C.EGB Completa;2.2500 gramos y más;1
22;9;2;4.25 a 29;6.37 a 41;3.Secundario/Polimodal Completa y más;3.Sin especificar;2
62;1;1;2.15 a 19;6.37 a 41;3.Secundario/Polimodal Completa y más;1.Menos de 2500 gramos;1
62;1;2;3.20 a 24;4.28 a 31;2.Secundaria/Polimodal Incompleta;1.Menos de 2500 gramos;1
54;1;2;4.25 a 29;7.42 y más;2.Secundaria/Polimodal Incompleta;2.2500 gramos y más;1
02;9;1;2.15 a 19;6.37 a 41;3.Secundario/Polimodal Completa y más;1.Menos de 2500 gramos;1
34;1;2;2.15 a 19;5.32 a 36;1.Hasta Primaria/C.EGB Completa;2.2500 gramos y más;2
02;2;1;6.35 a 39;5.32 a 36;3.Secundario/Polimodal Completa y más;1.Menos de 2500 gramos;44
54;1;2;6.35 a 39;6.37 a 41;1.Hasta Primaria/C.EGB Completa;2.2500 gramos y más;284
06;1;2;2.15 a 19;6.37 a 41;1.Hasta Primaria/C.EGB Completa;3.Sin especificar;7
22;1;2;9.Sin especificar;6.37 a 41;2.Secundaria/Polimodal Incompleta;2.2500 gramos y más;9
02;9;1;6.35 a 39;5.32 a 36;4.Sin especificar;3.Sin especificar;2
82;1;1;5.30 a 34;2.22 a 23;3.Secundario/Polimodal Completa y más;1.Menos de 2500 gramos;1
54;1;2;7.40 a 44;3.24 a 27;1.Hasta Primaria/C.EGB Completa;1.Menos de 2500 gramos;1
02;2;1;6.35 a 39;5.32 a 36;3.Secundario/Polimodal Completa y más;2.2500 gramos y más;14
34;1;2;4.25 a 29;4.28 a 31;1.Hasta Primaria/C.EGB Completa;1.Menos de 2500 gramos;1
82;1;2;3.20 a 24;5.32 a 36;4.Sin especificar;1.Menos de 2500 gramos;1
22;9;1;3.20 a 24;5.32 a 36;3.Secundario/Polimodal Completa y más;1.Menos de 2500 gramos;1
90;1;2;6.35 a 39;8.Sin especificar;3.Secundario/Polimodal Completa y más;2.2500 gramos y más;6
46;1;2;5.30 a 34;4.28 a 31;1.Hasta Primaria/C.EGB Completa;1.Menos de 2500 gramos;1
38;1;2;5.30 a 34;6.37 a 41;2.Secundaria/Polimodal Incompleta;1.Menos de 2500 gramos;5
10;1;1;3.20 a 24;5.32 a 36;2.Secundaria/Polimodal Incompleta;2.2500 gramos y más;1
99;1;2;5.30 a 34;6.37 a 41;3.Secundario/Polimodal Completa y más;2.2500 gramos y más;18
82;1;1;4.25 a 29;8.Sin especificar;2.Secundaria/Polimodal Incompleta;1.Menos de 2500 gramos;1
66;1;2;1.Menor de 15;6.37 a 41;4.Sin especificar;2.2500 gramos y más;2
10;1;2;2.15 a 19;2.22 a 23;2.Secundaria/Polimodal Incompleta;1.Menos de 2500 gramos;1
22;9;2;6.35 a 39;6.37 a 41;3.Secundario/Polimodal Completa y más;2.2500 gramos y más;2
10;9;2;3.20 a 24;5.32 a 36;3.Secundario/Polimodal Completa y más;1.Menos de 2500 gramos;1
62;1;1;3.20 a 24;6.37 a 41;4.Sin especificar;1.Menos de 2500 gramos;3
70;2;1;4.25 a 29;6.37 a 41;2.Secundaria/Polimodal Incompleta;1.Menos de 2500 gramos;1
14;2;2;6.35 a 39;6.37 a 41;3.Secundario/Polimodal Completa y más;2.2500 gramos y más;13
62;1;1;2.15 a 19;6.37 a 41;3.Secundario/Polimodal Completa y más;2.2500 gramos y más;60
66;2;1;6.35 a 39;5.32 a 36;2.Secundaria/Polimodal Incompleta;2.2500 gramos y más;2
06;1;2;6.35 a 39;3.24 a 27;4.Sin especificar;1.Menos de 2500 gramos;3
58;1;2;4.25 a 29;6.37 a 41;3.Secundario/Polimodal Completa y más;2.2500 gramos y más;602
46;9;1;3.20 a 24;5.32 a 36;3.Secundario/Polimodal Completa y más;2.2500 gramos y más;1
06;1;1;2.15 a 19;5.32 a 36;2.Secundaria/Polimodal Incompleta;3.Sin especificar;1
06;1;2;4.25 a 29;3.24 a 27;3.Secundario/Polimodal Completa y más;1.Menos de 2500 gramos;29
18;1;1;3.20 a 24;6.37 a 41;1.Hasta Primaria/C.EGB Completa;1.Menos de 2500 gramos;7
66;1;1;3.20 a 24;7.42 y más;2.Secundaria/Polimodal Incompleta;2.2500 gramos y más;3
58;2;2;5.30 a 34;6.37 a 41;2.Secundaria/Polimodal Incompleta;2.2500 gramos y más;1
42;1;2;7.40 a 44;5.32 a 36;3.Secundario/Polimodal Completa y más;1.Menos de 2500 gramos;2
66;1;2;7.40 a 44;8.Sin especificar;1.Hasta Primaria/C.EGB Completa;2.2500 gramos y más;1
54;1;2;3.20 a 24;7.42 y más;4.Sin especificar;2.2500 gramos y más;1
06;2;1;4.25 a 29;5.32 a 36;1.Hasta Primaria/C.EGB Completa;3.Sin especificar;2
86;1;2;6.35 a 39;3.24 a 27;3.Secundario/Polimodal Completa y más;1.Menos de 2500 gramos;2
10;1;1;5.30 a 34;5.32 a 36;2.Secundaria/Polimodal Incompleta;2.2500 gramos y más;5
58;1;2;3.20 a 24;4.28 a 31;3.Secundario/Polimodal Completa y más;2.2500 gramos y más;1
34;1;2;3.20 a 24;3.24 a 27;4.Sin especificar;1.Menos de 2500 gramos;3
06;1;1;9.Sin especificar;8.Sin especificar;4.Sin especificar;1.Menos de 2500 gramos;5
78;1;1;7.40 a 44;5.32 a 36;1.Hasta Primaria/C.EGB Completa;2.2500 gramos y más;1
22;1;1;2.15 a 19;5.32 a 36;2.Secundaria/Polimodal Incompleta;1.Menos de 2500 gramos;26
30;1;1;5.30 a 34;7.42 y más;3.Secundario/Polimodal Completa y más;2.2500 gramos y más;1
98;1;1;2.15 a 19;6.37 a 41;3.Secundario/Polimodal Completa y más;2.2500 gramos y más;3
62;1;1;4.25 a 29;6.37 a 41;1.Hasta Primaria/C.EGB Completa;2.2500 gramos y más;119
62;2;2;3.20 a 24;6.37 a 41;3.Secundario/Polimodal Completa y más;2.2500 gramos y más;1
99;1;2;2.15 a 19;8.Sin especificar;1.Hasta Primaria/C.EGB Completa;2.2500 gramos y más;1
18;2;2;4.25 a 29;5.32 a 36;3.Secundario/Polimodal Completa y más;1.Menos de 2500 gramos;5
10;1;1;3.20 a 24;5.32 a 36;3.Secundario/Polimodal Completa y más;1.Menos de 2500 gramos;6
02;1;2;2.15 a 19;6.37 a 41;4.Sin especificar;1.Menos de 2500 gramos;1
42;1;2;4.25 a 29;5.32 a 36;3.Secundario/Polimodal Completa y más;1.Menos de 2500 gramos;14
10;1;2;2.15 a 19;8.Sin especificar;3.Secundario/Polimodal Completa y más;2.2500 gramos y más;3
50;1;1;4.25 a 29;4.28 a 31;1.Hasta Primaria/C.EGB Completa;1.Menos de 2500 gramos;2
90;1;2;7.40 a 44;5.32 a 36;1.Hasta Primaria/C.EGB Completa;3.Sin especificar;1
06;2;1;3.20 a 24;3.24 a 27;3.Secundario/Polimodal Completa y más;1.Menos de 2500 gramos;4
10;1;1;7.40 a 44;6.37 a 41;1.Hasta Primaria/C.EGB Completa;2.2500 gramos y más;9
78;1;1;4.25 a 29;4.28 a 31;3.Secundario/Polimodal Completa y más;1.Menos de 2500 gramos;3
78;2;2;3.20 a 24;6.37 a 41;2.Secundaria/Polimodal Incompleta;1.Menos de 2500 gramos;1
46;2;1;6.35 a 39;5.32 a 36;2.Secundaria/Polimodal Incompleta;1.Menos de 2500 gramos;1
10;1;1;3.20 a 24;6.37 a 41;3.Secundario/Polimodal Completa y más;3.Sin especificar;1
94;2;1;6.35 a 39;5.32 a 36;3.Secundario/Polimodal Completa y más;1.Menos de 2500 gramos;3
94;2;1;5.30 a 34;5.32 a 36;2.Secundaria/Polimodal Incompleta;1.Menos de 2500 gramos;2
94;1;2;4.25 a 29;5.32 a 36;3.Secundario/Polimodal Completa y más;2.2500 gramos y más;9
42;1;2;4.25 a 29;5.32 a 36;3.Secundario/Polimodal Completa y más;2.2500 gramos y más;4
46;1;1;4.25 a 29;5.32 a 36;3.Secundario/Polimodal Completa y más;1.Menos de 2500 gramos;18
14;1;1;1.Menor de 15;6.37 a 41;4.Sin especificar;2.2500 gramos y más;1
70;1;1;4.25 a 29;6.37 a 41;2.Secundaria/Polimodal Incompleta;2.2500 gramos y más;404
94;2;1;6.35 a 39;5.32 a 36;3.Secundario/Polimodal Completa y más;2.2500 gramos y más;1
99;1;2;5.30 a 34;6.37 a 41;4.Sin especificar;1.Menos de 2500 gramos;1
18;1;2;6.35 a 39;6.37 a 41;3.Secundario/Polimodal Completa y más;3.Sin especificar;4
66;1;2;6.35 a 39;4.28 a 31;1.Hasta Primaria/C.EGB Completa;2.2500 gramos y más;2
14;1;1;9.Sin especificar;3.24 a 27;2.Secundaria/Polimodal Incompleta;1.Menos de 2500 gramos;1
22;1;2;2.15 a 19;6.37 a 41;2.Secundaria/Polimodal Incompleta;1.Menos de 2500 gramos;19
74;1;2;6.35 a 39;7.42 y más;3.Secundario/Polimodal Completa y más;2.2500 gramos y más;4
62;1;2;3.20 a 24;6.37 a 41;4.Sin especificar;1.Menos de 2500 gramos;3
62;2;2;3.20 a 24;6.37 a 41;3.Secundario/Polimodal Completa y más;1.Menos de 2500 gramos;1
18;2;1;4.25 a 29;5.32 a 36;4.Sin especificar;2.2500 gramos y más;1
54;1;1;6.35 a 39;1.Menos de 22;3.Secundario/Polimodal Completa y más;1.Menos de 2500 gramos;1
50;1;1;3.20 a 24;8.Sin especificar;2.Secundaria/Polimodal Incompleta;2.2500 gramos y más;1
86;1;2;4.25 a 29;3.24 a 27;3.Secundario/Polimodal Completa y más;1.Menos de 2500 gramos;1
70;1;2;8.De 45 y más;5.32 a 36;3.Secundario/Polimodal Completa y más;1.Menos de 2500 gramos;1
22;1;2;2.15 a 19;6.37 a 41;3.Secundario/Polimodal Completa y más;3.Sin especificar;1
54;1;2;2.15 a 19;6.37 a 41;4.Sin especificar;2.2500 gramos y más;106
14;1;2;7.40 a 44;3.24 a 27;2.Secundaria/Polimodal Incompleta;1.Menos de 2500 gramos;1
02;2;1;4.25 a 29;5.32 a 36;2.Secundaria/Polimodal Incompleta;1.Menos de 2500 gramos;4
06;1;1;7.40 a 44;6.37 a 41;4.Sin especificar;1.Menos de 2500 gramos;3
34;2;1;3.20 a 24;6.37 a 41;1.Hasta Primaria/C.EGB Completa;2.2500 gramos y más;4
99;1;2;5.30 a 34;6.37 a 41;4.Sin especificar;2.2500 gramos y más;2
54;2;1;6.35 a 39;5.32 a 36;1.Hasta Primaria/C.EGB Completa;1.Menos de 2500 gramos;7
46;1;1;2.15 a 19;6.37 a 41;3.Secundario/Polimodal Completa y más;1.Menos de 2500 gramos;2
18;1;2;6.35 a 39;1.Menos de 22;4.Sin especificar;1.Menos de 2500 gramos;1
06;1;9;5.30 a 34;8.Sin especificar;2.Secundaria/Polimodal Incompleta;2.2500 gramos y más;1
54;1;1;2.15 a 19;5.32 a 36;2.Secundaria/Polimodal Incompleta;2.2500 gramos y más;28
46;1;2;4.25 a 29;8.Sin especificar;4.Sin especificar;2.2500 gramos y más;1
06;9;2;5.30 a 34;6.37 a 41;4.Sin especificar;3.Sin especificar;5
10;1;1;6.35 a 39;4.28 a 31;3.Secundario/Polimodal Completa y más;1.Menos de 2500 gramos;1
66;1;1;7.40 a 44;6.37 a 41;1.Hasta Primaria/C.EGB Completa;1.Menos de 2500 gramos;1
34;1;2;7.40 a 44;5.32 a 36;3.Secundario/Polimodal Completa y más;2.2500 gramos y más;11
54;1;2;3.20 a 24;5.32 a 36;4.Sin especificar;2.2500 gramos y más;7
99;9;1;3.20 a 24;8.Sin especificar;4.Sin especificar;3.Sin especificar;1
06;1;2;1.Menor de 15;6.37 a 41;3.Secundario/Polimodal Completa y más;2.2500 gramos y más;1
90;1;1;6.35 a 39;6.37 a 41;3.Secundario/Polimodal Completa y más;1.Menos de 2500 gramos;17
22;1;2;2.15 a 19;8.Sin especificar;1.Hasta Primaria/C.EGB Completa;2.2500 gramos y más;2
34;2;2;4.25 a 29;6.37 a 41;2.Secundaria/Polimodal Incompleta;1.Menos de 2500 gramos;3
66;2;2;4.25 a 29;6.37 a 41;2.Secundaria/Polimodal Incompleta;2.2500 gramos y más;5
14;2;2;9.Sin especificar;5.32 a 36;3.Secundario/Polimodal Completa y más;1.Menos de 2500 gramos;2
14;2;1;5.30 a 34;6.37 a 41;1.Hasta Primaria/C.EGB Completa;2.2500 gramos y más;8
54;2;2;4.25 a 29;6.37 a 41;1.Hasta Primaria/C.EGB Completa;1.Menos de 2500 gramos;1
74;1;2;4.25 a 29;6.37 a 41;1.Hasta Primaria/C.EGB Completa;1.Menos de 2500 gramos;3
50;2;1;4.25 a 29;5.32 a 36;2.Secundaria/Polimodal Incompleta;1.Menos de 2500 gramos;7
06;1;1;2.15 a 19;7.42 y más;2.Secundaria/Polimodal Incompleta;1.Menos de 2500 gramos;1
38;1;1;7.40 a 44;6.37 a 41;1.Hasta Primaria/C.EGB Completa;2.2500 gramos y más;36
38;1;1;1.Menor de 15;6.37 a 41;2.Secundaria/Polimodal Incompleta;1.Menos de 2500 gramos;1
06;2;2;8.De 45 y más;5.32 a 36;1.Hasta Primaria/C.EGB Completa;2.2500 gramos y más;1
14;1;1;4.25 a 29;7.42 y más;2.Secundaria/Polimodal Incompleta;2.2500 gramos y más;5
34;1;2;1.Menor de 15;6.37 a 41;2.Secundaria/Polimodal Incompleta;2.2500 gramos y más;8
06;1;1;5.30 a 34;6.37 a 41;2.Secundaria/Polimodal Incompleta;2.2500 gramos y más;2734
18;2;2;4.25 a 29;6.37 a 41;4.Sin especificar;2.2500 gramos y más;2
90;1;2;6.35 a 39;5.32 a 36;2.Secundaria/Polimodal Incompleta;1.Menos de 2500 gramos;9
10;1;1;4.25 a 29;5.32 a 36;2.Secundaria/Polimodal Incompleta;1.Menos de 2500 gramos;1
74;1;1;8.De 45 y más;3.24 a 27;3.Secundario/Polimodal Completa y más;1.Menos de 2500 gramos;1
22;1;1;4.25 a 29;4.28 a 31;3.Secundario/Polimodal Completa y más;1.Menos de 2500 gramos;10
34;1;1;4.25 a 29;8.Sin especificar;4.Sin especificar;2.2500 gramos y más;1
54;1;2;5.30 a 34;7.42 y más;4.Sin especificar;2.2500 gramos y más;1
38;1;1;2.15 a 19;4.28 a 31;2.Secundaria/Polimodal Incompleta;1.Menos de 2500 gramos;4
30;2;2;5.30 a 34;6.37 a 41;1.Hasta Primaria/C.EGB Completa;1.Menos de 2500 gramos;2
34;1;1;2.15 a 19;6.37 a 41;1.Hasta Primaria/C.EGB Completa;2.2500 gramos y más;151
02;2;2;3.20 a 24;4.28 a 31;3.Secundario/Polimodal Completa y más;1.Menos de 2500 gramos;1
74;1;2;5.30 a 34;4.28 a 31;3.Secundario/Polimodal Completa y más;1.Menos de 2500 gramos;2
18;1;2;5.30 a 34;6.37 a 41;2.Secundaria/Polimodal Incompleta;2.2500 gramos y más;197
62;1;1;6.35 a 39;4.28 a 31;3.Secundario/Polimodal Completa y más;1.Menos de 2500 gramos;5
06;1;1;5.30 a 34;6.37 a 41;4.Sin especificar;2.2500 gramos y más;1121
02;2;2;5.30 a 34;6.37 a 41;3.Secundario/Polimodal Completa y más;2.2500 gramos y más;15
54;1;2;2.15 a 19;5.32 a 36;1.Hasta Primaria/C.EGB Completa;2.2500 gramos y más;23
66;1;2;5.30 a 34;3.24 a 27;1.Hasta Primaria/C.EGB Completa;1.Menos de 2500 gramos;1
70;2;1;3.20 a 24;5.32 a 36;3.Secundario/Polimodal Completa y más;1.Menos de 2500 gramos;4
18;1;1;2.15 a 19;8.Sin especificar;4.Sin especificar;1.Menos de 2500 gramos;1
82;1;2;4.25 a 29;6.37 a 41;1.Hasta Primaria/C.EGB Completa;2.2500 gramos y más;809
18;1;1;4.25 a 29;5.32 a 36;4.Sin especificar;2.2500 gramos y más;22
50;1;2;3.20 a 24;6.37 a 41;4.Sin especificar;2.2500 gramos y más;1
22;1;1;2.15 a 19;6.37 a 41;1.Hasta Primaria/C.EGB Completa;3.Sin especificar;1
14;1;1;7.40 a 44;6.37 a 41;4.Sin especificar;2.2500 gramos y más;6
50;1;2;2.15 a 19;5.32 a 36;2.Secundaria/Polimodal Incompleta;2.2500 gramos y más;12
14;1;2;3.20 a 24;3.24 a 27;1.Hasta Primaria/C.EGB Completa;1.Menos de 2500 gramos;3
18;2;1;2.15 a 19;3.24 a 27;2.Secundaria/Polimodal Incompleta;1.Menos de 2500 gramos;1
82;1;1;7.40 a 44;7.42 y más;3.Secundario/Polimodal Completa y más;2.2500 gramos y más;1
46;2;2;5.30 a 34;5.32 a 36;1.Hasta Primaria/C.EGB Completa;1.Menos de 2500 gramos;2
74;1;2;2.15 a 19;3.24 a 27;3.Secundario/Polimodal Completa y más;1.Menos de 2500 gramos;1
62;1;2;3.20 a 24;5.32 a 36;3.Secundario/Polimodal Completa y más;1.Menos de 2500 gramos;11
70;2;2;6.35 a 39;6.37 a 41;2.Secundaria/Polimodal Incompleta;2.2500 gramos y más;3
30;1;2;4.25 a 29;5.32 a 36;1.Hasta Primaria/C.EGB Completa;2.2500 gramos y más;8
18;1;2;3.20 a 24;7.42 y más;1.Hasta Primaria/C.EGB Completa;2.2500 gramos y más;10
14;1;2;5.30 a 34;8.Sin especificar;1.Hasta Primaria/C.EGB Completa;2.2500 gramos y más;1
58;1;2;3.20 a 24;5.32 a 36;3.Secundario/Polimodal Completa y más;1.Menos de 2500 gramos;8
18;1;1;6.35 a 39;6.37 a 41;3.Secundario/Polimodal Completa y más;1.Menos de 2500 gramos;9
82;1;2;4.25 a 29;6.37 a 41;3.Secundario/Polimodal Completa y más;2.2500 gramos y más;2275
34;2;1;3.20 a 24;4.28 a 31;4.Sin especificar;1.Menos de 2500 gramos;1
66;1;2;8.De 45 y más;5.32 a 36;3.Secundario/Polimodal Completa y más;2.2500 gramos y más;1
18;1;2;4.25 a 29;6.37 a 41;2.Secundaria/Polimodal Incompleta;2.2500 gramos y más;318
90;1;1;6.35 a 39;5.32 a 36;2.Secundaria/Polimodal Incompleta;1.Menos de 2500 gramos;1
66;2;1;4.25 a 29;6.37 a 41;2.Secundaria/Polimodal Incompleta;2.2500 gramos y más;6
90;1;1;2.15 a 19;7.42 y más;2.Secundaria/Polimodal Incompleta;2.2500 gramos y más;13
34;2;1;2.15 a 19;6.37 a 41;1.Hasta Primaria/C.EGB Completa;2.2500 gramos y más;2
90;2;2;7.40 a 44;5.32 a 36;3.Secundario/Polimodal Completa y más;1.Menos de 2500 gramos;7
42;1;2;5.30 a 34;6.37 a 41;2.Secundaria/Polimodal Incompleta;1.Menos de 2500 gramos;1
66;1;1;2.15 a 19;5.32 a 36;2.Secundaria/Polimodal Incompleta;2.2500 gramos y más;29
58;1;1;4.25 a 29;5.32 a 36;3.Secundario/Polimodal Completa y más;1.Menos de 2500 gramos;12
54;1;1;6.35 a 39;5.32 a 36;2.Secundaria/Polimodal Incompleta;1.Menos de 2500 gramos;10
82;1;1;2.15 a 19;8.Sin especificar;1.Hasta Primaria/C.EGB Completa;1.Menos de 2500 gramos;1
90;1;1;4.25 a 29;4.28 a 31;3.Secundario/Polimodal Completa y más;1.Menos de 2500 gramos;5
90;1;1;2.15 a 19;6.37 a 41;1.Hasta Primaria/C.EGB Completa;1.Menos de 2500 gramos;8
38;1;2;1.Menor de 15;6.37 a 41;2.Secundaria/Polimodal Incompleta;2.2500 gramos y más;13
54;1;2;7.40 a 44;3.24 a 27;2.Secundaria/Polimodal Incompleta;1.Menos de 2500 gramos;1
38;1;2;4.25 a 29;8.Sin especificar;3.Secundario/Polimodal Completa y más;2.2500 gramos y más;1
70;2;1;5.30 a 34;5.32 a 36;1.Hasta Primaria/C.EGB Completa;2.2500 gramos y más;1
42;1;1;2.15 a 19;5.32 a 36;2.Secundaria/Polimodal Incompleta;2.2500 gramos y más;2
14;1;2;7.40 a 44;5.32 a 36;3.Secundario/Polimodal Completa y más;1.Menos de 2500 gramos;29
90;1;2;2.15 a 19;7.42 y más;1.Hasta Primaria/C.EGB Completa;2.2500 gramos y más;12
02;1;2;5.30 a 34;5.32 a 36;4.Sin especificar;1.Menos de 2500 gramos;7
30;1;1;5.30 a 34;8.Sin especificar;1.Hasta Primaria/C.EGB Completa;2.2500 gramos y más;3
66;1;1;6.35 a 39;6.37 a 41;1.Hasta Primaria/C.EGB Completa;2.2500 gramos y más;178
54;1;2;4.25 a 29;4.28 a 31;2.Secundaria/Polimodal Incompleta;1.Menos de 2500 gramos;4
50;1;1;3.20 a 24;4.28 a 31;2.Secundaria/Polimodal Incompleta;1.Menos de 2500 gramos;4
74;1;2;7.40 a 44;5.32 a 36;3.Secundario/Polimodal Completa y más;1.Menos de 2500 gramos;4
62;2;2;5.30 a 34;5.32 a 36;3.Secundario/Polimodal Completa y más;2.2500 gramos y más;2
22;9;2;4.25 a 29;6.37 a 41;1.Hasta Primaria/C.EGB Completa;2.2500 gramos y más;3
38;1;1;4.25 a 29;5.32 a 36;3.Secundario/Polimodal Completa y más;2.2500 gramos y más;28
90;1;1;7.40 a 44;7.42 y más;1.Hasta Primaria/C.EGB Completa;2.2500 gramos y más;5
38;1;2;3.20 a 24;6.37 a 41;2.Secundaria/Polimodal Incompleta;1.Menos de 2500 gramos;7
50;1;1;4.25 a 29;3.24 a 27;2.Secundaria/Polimodal Incompleta;1.Menos de 2500 gramos;3
06;1;1;6.35 a 39;6.37 a 41;1.Hasta Primaria/C.EGB Completa;3.Sin especificar;10
26;1;1;4.25 a 29;5.32 a 36;3.Secundario/Polimodal Completa y más;1.Menos de 2500 gramos;14
18;1;1;4.25 a 29;6.37 a 41;1.Hasta Primaria/C.EGB Completa;3.Sin especificar;1
14;1;2;5.30 a 34;5.32 a 36;3.Secundario/Polimodal Completa y más;2.2500 gramos y más;90
06;2;1;3.20 a 24;5.32 a 36;1.Hasta Primaria/C.EGB Completa;1.Menos de 2500 gramos;14
99;1;1;6.35 a 39;6.37 a 41;3.Secundario/Polimodal Completa y más;2.2500 gramos y más;16
62;1;2;6.35 a 39;5.32 a 36;1.Hasta Primaria/C.EGB Completa;1.Menos de 2500 gramos;1
90;2;1;5.30 a 34;6.37 a 41;3.Secundario/Polimodal Completa y más;1.Menos de 2500 gramos;1
30;1;1;5.30 a 34;6.37 a 41;3.Secundario/Polimodal Completa y más;3.Sin especificar;1
06;1;1;7.40 a 44;7.42 y más;4.Sin especificar;3.Sin especificar;1
06;2;2;3.20 a 24;5.32 a 36;3.Secundario/Polimodal Completa y más;2.2500 gramos y más;16
14;1;1;9.Sin especificar;6.37 a 41;2.Secundaria/Polimodal Incompleta;1.Menos de 2500 gramos;2
06;1;2;5.30 a 34;8.Sin especificar;1.Hasta Primaria/C.EGB Completa;3.Sin especificar;6
22;1;1;4.25 a 29;5.32 a 36;1.Hasta Primaria/C.EGB Completa;2.2500 gramos y más;23
14;1;2;2.15 a 19;6.37 a 41;3.Secundario/Polimodal Completa y más;1.Menos de 2500 gramos;7
90;1;1;7.40 a 44;6.37 a 41;4.Sin especificar;2.2500 gramos y más;1
06;1;1;5.30 a 34;3.24 a 27;3.Secundario/Polimodal Completa y más;1.Menos de 2500 gramos;34
38;1;1;5.30 a 34;7.42 y más;2.Secundaria/Polimodal Incompleta;2.2500 gramos y más;2
10;1;1;5.30 a 34;5.32 a 36;2.Secundaria/Polimodal Incompleta;1.Menos de 2500 gramos;1
58;1;2;7.40 a 44;8.Sin especificar;2.Secundaria/Polimodal Incompleta;2.2500 gramos y más;1
50;1;1;6.35 a 39;5.32 a 36;1.Hasta Primaria/C.EGB Completa;2.2500 gramos y más;9
06;1;9;2.15 a 19;6.37 a 41;4.Sin especificar;2.2500 gramos y más;13
54;2;2;3.20 a 24;5.32 a 36;1.Hasta Primaria/C.EGB Completa;2.2500 gramos y más;1
50;1;1;7.40 a 44;4.28 a 31;1.Hasta Primaria/C.EGB Completa;1.Menos de 2500 gramos;1
90;1;1;9.Sin especificar;6.37 a 41;3.Secundario/Polimodal Completa y más;1.Menos de 2500 gramos;1
82;1;1;7.40 a 44;6.37 a 41;2.Secundaria/Polimodal Incompleta;2.2500 gramos y más;85
54;1;2;7.40 a 44;5.32 a 36;4.Sin especificar;2.2500 gramos y más;2
06;2;1;5.30 a 34;6.37 a 41;2.Secundaria/Polimodal Incompleta;1.Menos de 2500 gramos;6
90;9;1;4.25 a 29;6.37 a 41;4.Sin especificar;2.2500 gramos y más;1
74;1;2;4.25 a 29;6.37 a 41;2.Secundaria/Polimodal Incompleta;3.Sin especificar;1
94;1;1;7.40 a 44;6.37 a 41;2.Secundaria/Polimodal Incompleta;2.2500 gramos y más;2
62;1;2;4.25 a 29;8.Sin especificar;2.Secundaria/Polimodal Incompleta;2.2500 gramos y más;1
62;2;2;4.25 a 29;6.37 a 41;2.Secundaria/Polimodal Incompleta;2.2500 gramos y más;1
30;2;1;5.30 a 34;5.32 a 36;3.Secundario/Polimodal Completa y más;1.Menos de 2500 gramos;10
99;9;1;5.30 a 34;4.28 a 31;4.Sin especificar;1.Menos de 2500 gramos;1
62;2;1;5.30 a 34;3.24 a 27;2.Secundaria/Polimodal Incompleta;1.Menos de 2500 gramos;2
02;1;1;6.35 a 39;4.28 a 31;3.Secundario/Polimodal Completa y más;3.Sin especificar;1
02;2;2;7.40 a 44;5.32 a 36;3.Secundario/Polimodal Completa y más;1.Menos de 2500 gramos;23
14;1;2;5.30 a 34;8.Sin especificar;3.Secundario/Polimodal Completa y más;2.2500 gramos y más;5
06;2;2;6.35 a 39;5.32 a 36;2.Secundaria/Polimodal Incompleta;2.2500 gramos y más;11
86;1;1;7.40 a 44;6.37 a 41;1.Hasta Primaria/C.EGB Completa;1.Menos de 2500 gramos;1
90;1;2;2.15 a 19;6.37 a 41;2.Secundaria/Polimodal Incompleta;2.2500 gramos y más;372
02;9;2;5.30 a 34;5.32 a 36;4.Sin especificar;2.2500 gramos y más;5
06;1;2;9.Sin especificar;6.37 a 41;3.Secundario/Polimodal Completa y más;1.Menos de 2500 gramos;20
06;2;2;4.25 a 29;6.37 a 41;4.Sin especificar;2.2500 gramos y más;4
66;1;1;3.20 a 24;3.24 a 27;3.Secundario/Polimodal Completa y más;1.Menos de 2500 gramos;3
82;1;1;5.30 a 34;6.37 a 41;2.Secundaria/Polimodal Incompleta;1.Menos de 2500 gramos;9
06;1;1;7.40 a 44;8.Sin especificar;3.Secundario/Polimodal Completa y más;1.Menos de 2500 gramos;5
30;1;1;3.20 a 24;5.32 a 36;1.Hasta Primaria/C.EGB Completa;3.Sin especificar;1
62;2;1;3.20 a 24;5.32 a 36;2.Secundaria/Polimodal Incompleta;1.Menos de 2500 gramos;1
26;1;2;4.25 a 29;6.37 a 41;3.Secundario/Polimodal Completa y más;2.2500 gramos y más;483
06;1;2;5.30 a 34;7.42 y más;3.Secundario/Polimodal Completa y más;2.2500 gramos y más;27
70;1;2;3.20 a 24;3.24 a 27;2.Secundaria/Polimodal Incompleta;1.Menos de 2500 gramos;1
66;1;2;3.20 a 24;5.32 a 36;3.Secundario/Polimodal Completa y más;2.2500 gramos y más;43
22;1;2;2.15 a 19;7.42 y más;2.Secundaria/Polimodal Incompleta;2.2500 gramos y más;5
90;1;2;7.40 a 44;7.42 y más;1.Hasta Primaria/C.EGB Completa;1.Menos de 2500 gramos;1
66;1;1;7.40 a 44;6.37 a 41;4.Sin especificar;2.2500 gramos y más;4
06;1;2;3.20 a 24;3.24 a 27;1.Hasta Primaria/C.EGB Completa;3.Sin especificar;1
42;1;2;6.35 a 39;5.32 a 36;3.Secundario/Polimodal Completa y más;1.Menos de 2500 gramos;10
18;1;1;7.40 a 44;6.37 a 41;4.Sin especificar;2.2500 gramos y más;49
58;2;2;6.35 a 39;6.37 a 41;3.Secundario/Polimodal Completa y más;2.2500 gramos y más;2
94;1;1;3.20 a 24;4.28 a 31;3.Secundario/Polimodal Completa y más;1.Menos de 2500 gramos;3
22;1;2;2.15 a 19;5.32 a 36;3.Secundario/Polimodal Completa y más;1.Menos de 2500 gramos;11
70;1;1;7.40 a 44;5.32 a 36;3.Secundario/Polimodal Completa y más;2.2500 gramos y más;2
06;9;2;5.30 a 34;6.37 a 41;1.Hasta Primaria/C.EGB Completa;2.2500 gramos y más;1
42;1;2;6.35 a 39;5.32 a 36;1.Hasta Primaria/C.EGB Completa;1.Menos de 2500 gramos;3
30;1;1;4.25 a 29;3.24 a 27;1.Hasta Primaria/C.EGB Completa;1.Menos de 2500 gramos;1
02;9;2;4.25 a 29;5.32 a 36;3.Secundario/Polimodal Completa y más;2.2500 gramos y más;1
50;1;1;4.25 a 29;6.37 a 41;3.Secundario/Polimodal Completa y más;1.Menos de 2500 gramos;13
99;9;1;5.30 a 34;6.37 a 41;4.Sin especificar;1.Menos de 2500 gramos;1
86;1;2;5.30 a 34;7.42 y más;2.Secundaria/Polimodal Incompleta;2.2500 gramos y más;3
22;1;1;6.35 a 39;6.37 a 41;3.Secundario/Polimodal Completa y más;3.Sin especificar;3
26;1;1;5.30 a 34;6.37 a 41;1.Hasta Primaria/C.EGB Completa;2.2500 gramos y más;58
34;1;1;5.30 a 34;5.32 a 36;2.Secundaria/Polimodal Incompleta;2.2500 gramos y más;10
82;1;1;6.35 a 39;6.37 a 41;3.Secundario/Polimodal Completa y más;2.2500 gramos y más;2056
06;1;1;3.20 a 24;4.28 a 31;4.Sin especificar;1.Menos de 2500 gramos;8
82;1;1;6.35 a 39;4.28 a 31;1.Hasta Primaria/C.EGB Completa;1.Menos de 2500 gramos;3
30;2;1;3.20 a 24;4.28 a 31;1.Hasta Primaria/C.EGB Completa;1.Menos de 2500 gramos;2
66;1;2;3.20 a 24;4.28 a 31;1.Hasta Primaria/C.EGB Completa;1.Menos de 2500 gramos;1
30;1;2;5.30 a 34;4.28 a 31;3.Secundario/Polimodal Completa y más;1.Menos de 2500 gramos;6
06;1;2;6.35 a 39;7.42 y más;4.Sin especificar;2.2500 gramos y más;2
42;2;1;6.35 a 39;6.37 a 41;3.Secundario/Polimodal Completa y más;2.2500 gramos y más;2
06;1;1;3.20 a 24;8.Sin especificar;1.Hasta Primaria/C.EGB Completa;3.Sin especificar;7
86;1;1;4.25 a 29;7.42 y más;2.Secundaria/Polimodal Incompleta;2.2500 gramos y más;2
54;2;1;4.25 a 29;6.37 a 41;4.Sin especificar;1.Menos de 2500 gramos;1
66;1;2;5.30 a 34;6.37 a 41;4.Sin especificar;1.Menos de 2500 gramos;1
46;1;1;1.Menor de 15;5.32 a 36;1.Hasta Primaria/C.EGB Completa;2.2500 gramos y más;1
34;1;1;2.15 a 19;5.32 a 36;4.Sin especificar;2.2500 gramos y más;12
22;1;1;5.30 a 34;5.32 a 36;3.Secundario/Polimodal Completa y más;1.Menos de 2500 gramos;36
06;1;2;9.Sin especificar;5.32 a 36;1.Hasta Primaria/C.EGB Completa;2.2500 gramos y más;6
58;1;2;8.De 45 y más;6.37 a 41;1.Hasta Primaria/C.EGB Completa;2.2500 gramos y más;4
54;2;1;5.30 a 34;4.28 a 31;2.Secundaria/Polimodal Incompleta;1.Menos de 2500 gramos;2
74;1;1;6.35 a 39;6.37 a 41;4.Sin especificar;2.2500 gramos y más;8
86;1;2;7.40 a 44;7.42 y más;2.Secundaria/Polimodal Incompleta;2.2500 gramos y más;1
54;2;1;5.30 a 34;6.37 a 41;3.Secundario/Polimodal Completa y más;2.2500 gramos y más;7
62;1;2;3.20 a 24;8.Sin especificar;4.Sin especificar;2.2500 gramos y más;1
74;1;1;5.30 a 34;7.42 y más;3.Secundario/Polimodal Completa y más;1.Menos de 2500 gramos;1
54;2;2;3.20 a 24;5.32 a 36;3.Secundario/Polimodal Completa y más;2.2500 gramos y más;2
14;1;2;6.35 a 39;6.37 a 41;3.Secundario/Polimodal Completa y más;2.2500 gramos y más;2344
34;1;1;2.15 a 19;5.32 a 36;1.Hasta Primaria/C.EGB Completa;1.Menos de 2500 gramos;1
82;2;2;2.15 a 19;4.28 a 31;4.Sin especificar;1.Menos de 2500 gramos;1
02;1;1;6.35 a 39;4.28 a 31;3.Secundario/Polimodal Completa y más;1.Menos de 2500 gramos;12
14;1;2;4.25 a 29;7.42 y más;3.Secundario/Polimodal Completa y más;2.2500 gramos y más;1
90;1;2;4.25 a 29;4.28 a 31;2.Secundaria/Polimodal Incompleta;1.Menos de 2500 gramos;4
54;1;1;9.Sin especificar;5.32 a 36;4.Sin especificar;2.2500 gramos y más;2
06;2;1;9.Sin especificar;6.37 a 41;4.Sin especificar;3.Sin especificar;2
06;2;1;3.20 a 24;4.28 a 31;2.Secundaria/Polimodal Incompleta;1.Menos de 2500 gramos;5
06;1;1;2.15 a 19;6.37 a 41;1.Hasta Primaria/C.EGB Completa;1.Menos de 2500 gramos;43
50;1;2;6.35 a 39;6.37 a 41;1.Hasta Primaria/C.EGB Completa;1.Menos de 2500 gramos;1
34;2;2;5.30 a 34;6.37 a 41;2.Secundaria/Polimodal Incompleta;2.2500 gramos y más;2
06;9;2;6.35 a 39;5.32 a 36;3.Secundario/Polimodal Completa y más;1.Menos de 2500 gramos;1
30;1;2;7.40 a 44;8.Sin especificar;1.Hasta Primaria/C.EGB Completa;2.2500 gramos y más;2
66;2;1;6.35 a 39;6.37 a 41;2.Secundaria/Polimodal Incompleta;2.2500 gramos y más;2
14;1;1;2.15 a 19;6.37 a 41;1.Hasta Primaria/C.EGB Completa;1.Menos de 2500 gramos;10
22;1;1;7.40 a 44;6.37 a 41;3.Secundario/Polimodal Completa y más;2.2500 gramos y más;104
06;1;1;3.20 a 24;3.24 a 27;1.Hasta Primaria/C.EGB Completa;3.Sin especificar;1
78;1;1;7.40 a 44;6.37 a 41;3.Secundario/Polimodal Completa y más;2.2500 gramos y más;45
54;1;1;7.40 a 44;6.37 a 41;4.Sin especificar;1.Menos de 2500 gramos;1
06;1;9;4.25 a 29;6.37 a 41;3.Secundario/Polimodal Completa y más;1.Menos de 2500 gramos;1
22;1;2;6.35 a 39;7.42 y más;3.Secundario/Polimodal Completa y más;2.2500 gramos y más;1
42;1;1;2.15 a 19;4.28 a 31;3.Secundario/Polimodal Completa y más;2.2500 gramos y más;1
82;1;1;1.Menor de 15;5.32 a 36;1.Hasta Primaria/C.EGB Completa;1.Menos de 2500 gramos;2
22;1;2;4.25 a 29;5.32 a 36;3.Secundario/Polimodal Completa y más;2.2500 gramos y más;44
06;1;1;4.25 a 29;6.37 a 41;1.Hasta Primaria/C.EGB Completa;3.Sin especificar;12
38;1;2;3.20 a 24;5.32 a 36;3.Secundario/Polimodal Completa y más;1.Menos de 2500 gramos;24
06;1;1;3.20 a 24;2.22 a 23;1.Hasta Primaria/C.EGB Completa;1.Menos de 2500 gramos;1
38;1;1;7.40 a 44;5.32 a 36;3.Secundario/Polimodal Completa y más;2.2500 gramos y más;6
26;1;1;6.35 a 39;6.37 a 41;2.Secundaria/Polimodal Incompleta;2.2500 gramos y más;67
02;1;2;7.40 a 44;6.37 a 41;3.Secundario/Polimodal Completa y más;1.Menos de 2500 gramos;23
26;2;2;3.20 a 24;6.37 a 41;3.Secundario/Polimodal Completa y más;1.Menos de 2500 gramos;8
18;1;1;7.40 a 44;5.32 a 36;1.Hasta Primaria/C.EGB Completa;2.2500 gramos y más;3
06;2;1;4.25 a 29;6.37 a 41;3.Secundario/Polimodal Completa y más;1.Menos de 2500 gramos;15
90;1;1;4.25 a 29;6.37 a 41;1.Hasta Primaria/C.EGB Completa;2.2500 gramos y más;511
58;1;2;4.25 a 29;3.24 a 27;3.Secundario/Polimodal Completa y más;1.Menos de 2500 gramos;2
54;1;1;3.20 a 24;8.Sin especificar;1.Hasta Primaria/C.EGB Completa;2.2500 gramos y más;2
06;1;2;3.20 a 24;4.28 a 31;2.Secundaria/Polimodal Incompleta;2.2500 gramos y más;2
10;2;2;7.40 a 44;6.37 a 41;3.Secundario/Polimodal Completa y más;2.2500 gramos y más;1
54;1;2;5.30 a 34;3.24 a 27;3.Secundario/Polimodal Completa y más;1.Menos de 2500 gramos;1
82;2;2;3.20 a 24;5.32 a 36;1.Hasta Primaria/C.EGB Completa;2.2500 gramos y más;5
18;1;2;2.15 a 19;5.32 a 36;4.Sin especificar;1.Menos de 2500 gramos;10
62;2;2;7.40 a 44;5.32 a 36;3.Secundario/Polimodal Completa y más;1.Menos de 2500 gramos;3
02;1;1;6.35 a 39;8.Sin especificar;3.Secundario/Polimodal Completa y más;2.2500 gramos y más;2
38;1;2;4.25 a 29;5.32 a 36;2.Secundaria/Polimodal Incompleta;2.2500 gramos y más;1
22;2;2;7.40 a 44;6.37 a 41;3.Secundario/Polimodal Completa y más;1.Menos de 2500 gramos;2
42;2;1;7.40 a 44;5.32 a 36;3.Secundario/Polimodal Completa y más;2.2500 gramos y más;1
62;1;1;4.25 a 29;4.28 a 31;1.Hasta Primaria/C.EGB Completa;1.Menos de 2500 gramos;1
58;1;1;3.20 a 24;5.32 a 36;3.Secundario/Polimodal Completa y más;2.2500 gramos y más;13
14;1;2;5.30 a 34;5.32 a 36;3.Secundario/Polimodal Completa y más;1.Menos de 2500 gramos;108
34;1;1;5.30 a 34;3.24 a 27;1.Hasta Primaria/C.EGB Completa;1.Menos de 2500 gramos;1
46;1;1;6.35 a 39;6.37 a 41;2.Secundaria/Polimodal Incompleta;2.2500 gramos y más;23
90;1;2;9.Sin especificar;6.37 a 41;1.Hasta Primaria/C.EGB Completa;1.Menos de 2500 gramos;1
26;1;1;7.40 a 44;5.32 a 36;3.Secundario/Polimodal Completa y más;1.Menos de 2500 gramos;5
70;1;2;5.30 a 34;4.28 a 31;2.Secundaria/Polimodal Incompleta;1.Menos de 2500 gramos;1
06;9;1;7.40 a 44;5.32 a 36;4.Sin especificar;2.2500 gramos y más;1
66;1;1;4.25 a 29;2.22 a 23;3.Secundario/Polimodal Completa y más;1.Menos de 2500 gramos;1
58;1;1;3.20 a 24;5.32 a 36;3.Secundario/Polimodal Completa y más;1.Menos de 2500 gramos;12
06;2;2;3.20 a 24;6.37 a 41;2.Secundaria/Polimodal Incompleta;1.Menos de 2500 gramos;8
06;9;1;4.25 a 29;6.37 a 41;3.Secundario/Polimodal Completa y más;1.Menos de 2500 gramos;1
10;2;2;5.30 a 34;5.32 a 36;3.Secundario/Polimodal Completa y más;1.Menos de 2500 gramos;1
86;1;2;5.30 a 34;6.37 a 41;2.Secundaria/Polimodal Incompleta;2.2500 gramos y más;154
62;1;2;5.30 a 34;5.32 a 36;4.Sin especificar;1.Menos de 2500 gramos;3
06;1;9;3.20 a 24;5.32 a 36;2.Secundaria/Polimodal Incompleta;1.Menos de 2500 gramos;3
06;1;1;7.40 a 44;6.37 a 41;4.Sin especificar;3.Sin especificar;1
78;2;1;6.35 a 39;5.32 a 36;3.Secundario/Polimodal Completa y más;1.Menos de 2500 gramos;2
22;1;2;4.25 a 29;8.Sin especificar;1.Hasta Primaria/C.EGB Completa;2.2500 gramos y más;5
50;1;1;6.35 a 39;6.37 a 41;2.Secundaria/Polimodal Incompleta;1.Menos de 2500 gramos;4
54;1;2;2.15 a 19;7.42 y más;1.Hasta Primaria/C.EGB Completa;2.2500 gramos y más;2
18;1;2;3.20 a 24;6.37 a 41;1.Hasta Primaria/C.EGB Completa;3.Sin especificar;4
06;9;1;5.30 a 34;6.37 a 41;4.Sin especificar;2.2500 gramos y más;67
34;2;1;4.25 a 29;5.32 a 36;3.Secundario/Polimodal Completa y más;1.Menos de 2500 gramos;3
18;1;2;6.35 a 39;8.Sin especificar;3.Secundario/Polimodal Completa y más;2.2500 gramos y más;2
38;2;1;6.35 a 39;5.32 a 36;3.Secundario/Polimodal Completa y más;1.Menos de 2500 gramos;1
22;1;1;4.25 a 29;4.28 a 31;1.Hasta Primaria/C.EGB Completa;1.Menos de 2500 gramos;1
18;1;2;4.25 a 29;6.37 a 41;1.Hasta Primaria/C.EGB Completa;3.Sin especificar;1
38;1;2;3.20 a 24;3.24 a 27;3.Secundario/Polimodal Completa y más;1.Menos de 2500 gramos;1
10;1;2;4.25 a 29;8.Sin especificar;1.Hasta Primaria/C.EGB Completa;1.Menos de 2500 gramos;1
46;1;2;2.15 a 19;5.32 a 36;1.Hasta Primaria/C.EGB Completa;1.Menos de 2500 gramos;1
70;1;2;3.20 a 24;6.37 a 41;2.Secundaria/Polimodal Incompleta;2.2500 gramos y más;462
02;9;1;3.20 a 24;6.37 a 41;3.Secundario/Polimodal Completa y más;2.2500 gramos y más;4
14;2;2;3.20 a 24;6.37 a 41;3.Secundario/Polimodal Completa y más;1.Menos de 2500 gramos;2
10;2;2;3.20 a 24;5.32 a 36;3.Secundario/Polimodal Completa y más;1.Menos de 2500 gramos;3
06;1;2;5.30 a 34;3.24 a 27;4.Sin especificar;1.Menos de 2500 gramos;2
38;1;2;3.20 a 24;5.32 a 36;1.Hasta Primaria/C.EGB Completa;2.2500 gramos y más;1
70;2;2;3.20 a 24;5.32 a 36;2.Secundaria/Polimodal Incompleta;1.Menos de 2500 gramos;2
06;1;2;5.30 a 34;4.28 a 31;3.Secundario/Polimodal Completa y más;3.Sin especificar;4
78;1;1;3.20 a 24;6.37 a 41;3.Secundario/Polimodal Completa y más;2.2500 gramos y más;212
06;1;1;6.35 a 39;6.37 a 41;2.Secundaria/Polimodal Incompleta;2.2500 gramos y más;1393
90;1;2;3.20 a 24;5.32 a 36;3.Secundario/Polimodal Completa y más;2.2500 gramos y más;92
26;1;1;4.25 a 29;8.Sin especificar;2.Secundaria/Polimodal Incompleta;1.Menos de 2500 gramos;1
38;1;2;5.30 a 34;6.37 a 41;2.Secundaria/Polimodal Incompleta;2.2500 gramos y más;120
70;2;1;3.20 a 24;2.22 a 23;2.Secundaria/Polimodal Incompleta;1.Menos de 2500 gramos;1
82;1;2;5.30 a 34;7.42 y más;2.Secundaria/Polimodal Incompleta;2.2500 gramos y más;1
82;1;1;4.25 a 29;8.Sin especificar;2.Secundaria/Polimodal Incompleta;2.2500 gramos y más;2
02;2;1;3.20 a 24;6.37 a 41;3.Secundario/Polimodal Completa y más;1.Menos de 2500 gramos;1
26;1;1;4.25 a 29;4.28 a 31;2.Secundaria/Polimodal Incompleta;1.Menos de 2500 gramos;1
02;1;1;7.40 a 44;3.24 a 27;3.Secundario/Polimodal Completa y más;1.Menos de 2500 gramos;1
22;1;1;7.40 a 44;8.Sin especificar;3.Secundario/Polimodal Completa y más;2.2500 gramos y más;2
90;1;2;5.30 a 34;4.28 a 31;3.Secundario/Polimodal Completa y más;2.2500 gramos y más;2
66;1;2;7.40 a 44;8.Sin especificar;3.Secundario/Polimodal Completa y más;2.2500 gramos y más;6
34;1;1;4.25 a 29;6.37 a 41;3.Secundario/Polimodal Completa y más;2.2500 gramos y más;385
58;1;2;5.30 a 34;6.37 a 41;1.Hasta Primaria/C.EGB Completa;1.Menos de 2500 gramos;1
30;2;1;6.35 a 39;5.32 a 36;2.Secundaria/Polimodal Incompleta;1.Menos de 2500 gramos;4
18;1;1;4.25 a 29;4.28 a 31;1.Hasta Primaria/C.EGB Completa;1.Menos de 2500 gramos;3
82;1;1;2.15 a 19;6.37 a 41;4.Sin especificar;1.Menos de 2500 gramos;2
50;2;2;2.15 a 19;6.37 a 41;2.Secundaria/Polimodal Incompleta;2.2500 gramos y más;1
58;1;2;4.25 a 29;5.32 a 36;3.Secundario/Polimodal Completa y más;1.Menos de 2500 gramos;18
30;2;2;3.20 a 24;6.37 a 41;3.Secundario/Polimodal Completa y más;2.2500 gramos y más;7
10;1;1;3.20 a 24;5.32 a 36;2.Secundaria/Polimodal Incompleta;1.Menos de 2500 gramos;5
22;1;2;5.30 a 34;5.32 a 36;1.Hasta Primaria/C.EGB Completa;1.Menos de 2500 gramos;9
06;1;1;3.20 a 24;4.28 a 31;2.Secundaria/Polimodal Incompleta;1.Menos de 2500 gramos;25
30;1;2;7.40 a 44;6.37 a 41;3.Secundario/Polimodal Completa y más;1.Menos de 2500 gramos;8
18;1;1;5.30 a 34;5.32 a 36;3.Secundario/Polimodal Completa y más;1.Menos de 2500 gramos;21
30;1;2;5.30 a 34;5.32 a 36;4.Sin especificar;2.2500 gramos y más;1
30;2;1;3.20 a 24;6.37 a 41;1.Hasta Primaria/C.EGB Completa;2.2500 gramos y más;1
06;2;2;6.35 a 39;6.37 a 41;3.Secundario/Polimodal Completa y más;2.2500 gramos y más;75
70;1;2;7.40 a 44;6.37 a 41;2.Secundaria/Polimodal Incompleta;2.2500 gramos y más;30
86;1;2;4.25 a 29;6.37 a 41;4.Sin especificar;2.2500 gramos y más;5
46;1;1;5.30 a 34;6.37 a 41;3.Secundario/Polimodal Completa y más;2.2500 gramos y más;316
46;1;2;2.15 a 19;6.37 a 41;3.Secundario/Polimodal Completa y más;2.2500 gramos y más;66
54;2;1;6.35 a 39;6.37 a 41;2.Secundaria/Polimodal Incompleta;1.Menos de 2500 gramos;1
22;1;2;7.40 a 44;6.37 a 41;3.Secundario/Polimodal Completa y más;1.Menos de 2500 gramos;3
06;2;1;6.35 a 39;6.37 a 41;1.Hasta Primaria/C.EGB Completa;2.2500 gramos y más;18
66;1;2;2.15 a 19;7.42 y más;2.Secundaria/Polimodal Incompleta;2.2500 gramos y más;1
86;1;1;2.15 a 19;4.28 a 31;1.Hasta Primaria/C.EGB Completa;1.Menos de 2500 gramos;2
18;1;1;2.15 a 19;3.24 a 27;2.Secundaria/Polimodal Incompleta;1.Menos de 2500 gramos;2
78;1;1;4.25 a 29;5.32 a 36;3.Secundario/Polimodal Completa y más;2.2500 gramos y más;10
30;1;2;6.35 a 39;5.32 a 36;1.Hasta Primaria/C.EGB Completa;1.Menos de 2500 gramos;2
06;9;2;4.25 a 29;3.24 a 27;4.Sin especificar;1.Menos de 2500 gramos;1
82;1;2;3.20 a 24;5.32 a 36;4.Sin especificar;2.2500 gramos y más;2
22;2;2;7.40 a 44;5.32 a 36;3.Secundario/Polimodal Completa y más;1.Menos de 2500 gramos;1
06;1;2;5.30 a 34;2.22 a 23;3.Secundario/Polimodal Completa y más;1.Menos de 2500 gramos;2
90;2;2;8.De 45 y más;5.32 a 36;3.Secundario/Polimodal Completa y más;2.2500 gramos y más;1
74;1;1;4.25 a 29;6.37 a 41;2.Secundaria/Polimodal Incompleta;2.2500 gramos y más;120
90;1;2;5.30 a 34;7.42 y más;1.Hasta Primaria/C.EGB Completa;2.2500 gramos y más;19
02;2;1;5.30 a 34;3.24 a 27;3.Secundario/Polimodal Completa y más;1.Menos de 2500 gramos;1
90;2;1;4.25 a 29;5.32 a 36;1.Hasta Primaria/C.EGB Completa;2.2500 gramos y más;3
82;1;2;6.35 a 39;8.Sin especificar;2.Secundaria/Polimodal Incompleta;2.2500 gramos y más;2
22;9;2;6.35 a 39;5.32 a 36;3.Secundario/Polimodal Completa y más;1.Menos de 2500 gramos;1
22;2;1;6.35 a 39;6.37 a 41;2.Secundaria/Polimodal Incompleta;2.2500 gramos y más;3
86;2;2;5.30 a 34;6.37 a 41;1.Hasta Primaria/C.EGB Completa;1.Menos de 2500 gramos;2
82;1;2;2.15 a 19;3.24 a 27;1.Hasta Primaria/C.EGB Completa;1.Menos de 2500 gramos;5
86;1;2;6.35 a 39;5.32 a 36;1.Hasta Primaria/C.EGB Completa;1.Menos de 2500 gramos;7
99;9;1;5.30 a 34;8.Sin especificar;4.Sin especificar;3.Sin especificar;1
66;1;1;2.15 a 19;6.37 a 41;4.Sin especificar;2.2500 gramos y más;9
78;1;2;5.30 a 34;5.32 a 36;3.Secundario/Polimodal Completa y más;2.2500 gramos y más;6
14;2;2;6.35 a 39;5.32 a 36;2.Secundaria/Polimodal Incompleta;2.2500 gramos y más;1
62;2;2;5.30 a 34;5.32 a 36;3.Secundario/Polimodal Completa y más;1.Menos de 2500 gramos;7
22;1;2;3.20 a 24;7.42 y más;3.Secundario/Polimodal Completa y más;2.2500 gramos y más;2
86;2;2;5.30 a 34;6.37 a 41;1.Hasta Primaria/C.EGB Completa;2.2500 gramos y más;3
42;1;2;3.20 a 24;6.37 a 41;3.Secundario/Polimodal Completa y más;1.Menos de 2500 gramos;2
26;1;1;6.35 a 39;6.37 a 41;2.Secundaria/Polimodal Incompleta;1.Menos de 2500 gramos;3
66;1;1;5.30 a 34;4.28 a 31;2.Secundaria/Polimodal Incompleta;1.Menos de 2500 gramos;2
06;1;1;3.20 a 24;5.32 a 36;2.Secundaria/Polimodal Incompleta;2.2500 gramos y más;183
06;1;9;5.30 a 34;8.Sin especificar;4.Sin especificar;1.Menos de 2500 gramos;2
99;1;2;5.30 a 34;6.37 a 41;1.Hasta Primaria/C.EGB Completa;2.2500 gramos y más;2
74;1;1;1.Menor de 15;5.32 a 36;2.Secundaria/Polimodal Incompleta;1.Menos de 2500 gramos;1
78;1;1;3.20 a 24;5.32 a 36;2.Secundaria/Polimodal Incompleta;2.2500 gramos y más;4
38;1;2;7.40 a 44;5.32 a 36;2.Secundaria/Polimodal Incompleta;2.2500 gramos y más;1
50;2;2;3.20 a 24;5.32 a 36;2.Secundaria/Polimodal Incompleta;2.2500 gramos y más;2
38;1;2;2.15 a 19;5.32 a 36;2.Secundaria/Polimodal Incompleta;2.2500 gramos y más;10
18;1;2;5.30 a 34;4.28 a 31;1.Hasta Primaria/C.EGB Completa;1.Menos de 2500 gramos;1
30;1;1;2.15 a 19;8.Sin especificar;2.Secundaria/Polimodal Incompleta;2.2500 gramos y más;5
30;1;2;5.30 a 34;6.37 a 41;1.Hasta Primaria/C.EGB Completa;2.2500 gramos y más;192
18;1;2;2.15 a 19;7.42 y más;4.Sin especificar;2.2500 gramos y más;6
86;1;1;2.15 a 19;5.32 a 36;2.Secundaria/Polimodal Incompleta;1.Menos de 2500 gramos;23
74;1;1;4.25 a 29;5.32 a 36;4.Sin especificar;2.2500 gramos y más;1
18;1;2;2.15 a 19;6.37 a 41;3.Secundario/Polimodal Completa y más;2.2500 gramos y más;126
70;1;2;4.25 a 29;5.32 a 36;2.Secundaria/Polimodal Incompleta;1.Menos de 2500 gramos;7
06;1;1;2.15 a 19;7.42 y más;4.Sin especificar;2.2500 gramos y más;2
30;2;1;6.35 a 39;5.32 a 36;3.Secundario/Polimodal Completa y más;2.2500 gramos y más;2
74;1;1;3.20 a 24;6.37 a 41;1.Hasta Primaria/C.EGB Completa;2.2500 gramos y más;58
06;1;2;9.Sin especificar;6.37 a 41;1.Hasta Primaria/C.EGB Completa;3.Sin especificar;8
26;1;2;8.De 45 y más;6.37 a 41;3.Secundario/Polimodal Completa y más;2.2500 gramos y más;7
74;2;2;6.35 a 39;5.32 a 36;3.Secundario/Polimodal Completa y más;2.2500 gramos y más;2
50;1;1;3.20 a 24;6.37 a 41;3.Secundario/Polimodal Completa y más;1.Menos de 2500 gramos;21
38;1;1;5.30 a 34;6.37 a 41;2.Secundaria/Polimodal Incompleta;2.2500 gramos y más;107
06;1;1;3.20 a 24;3.24 a 27;1.Hasta Primaria/C.EGB Completa;1.Menos de 2500 gramos;9
30;1;1;3.20 a 24;5.32 a 36;2.Secundaria/Polimodal Incompleta;2.2500 gramos y más;18
82;1;2;4.25 a 29;8.Sin especificar;2.Secundaria/Polimodal Incompleta;2.2500 gramos y más;6
86;1;2;4.25 a 29;7.42 y más;3.Secundario/Polimodal Completa y más;2.2500 gramos y más;6
06;1;1;5.30 a 34;2.22 a 23;3.Secundario/Polimodal Completa y más;1.Menos de 2500 gramos;3
14;2;1;3.20 a 24;6.37 a 41;3.Secundario/Polimodal Completa y más;1.Menos de 2500 gramos;4
70;1;1;7.40 a 44;5.32 a 36;2.Secundaria/Polimodal Incompleta;2.2500 gramos y más;1
82;2;2;2.15 a 19;4.28 a 31;2.Secundaria/Polimodal Incompleta;1.Menos de 2500 gramos;2
06;1;2;4.25 a 29;3.24 a 27;3.Secundario/Polimodal Completa y más;3.Sin especificar;1
22;1;2;2.15 a 19;6.37 a 41;2.Secundaria/Polimodal Incompleta;2.2500 gramos y más;537
54;1;2;3.20 a 24;6.37 a 41;1.Hasta Primaria/C.EGB Completa;1.Menos de 2500 gramos;27
34;1;2;8.De 45 y más;5.32 a 36;4.Sin especificar;1.Menos de 2500 gramos;1
82;1;1;3.20 a 24;4.28 a 31;1.Hasta Primaria/C.EGB Completa;1.Menos de 2500 gramos;9
90;1;2;3.20 a 24;6.37 a 41;1.Hasta Primaria/C.EGB Completa;3.Sin especificar;3
30;1;1;4.25 a 29;4.28 a 31;2.Secundaria/Polimodal Incompleta;1.Menos de 2500 gramos;3
06;1;1;2.15 a 19;6.37 a 41;1.Hasta Primaria/C.EGB Completa;2.2500 gramos y más;1197
14;2;2;9.Sin especificar;5.32 a 36;4.Sin especificar;1.Menos de 2500 gramos;3
34;1;1;4.25 a 29;3.24 a 27;2.Secundaria/Polimodal Incompleta;1.Menos de 2500 gramos;2
26;2;2;4.25 a 29;5.32 a 36;4.Sin especificar;2.2500 gramos y más;2
34;2;2;6.35 a 39;5.32 a 36;4.Sin especificar;1.Menos de 2500 gramos;2
90;2;1;2.15 a 19;5.32 a 36;1.Hasta Primaria/C.EGB Completa;2.2500 gramos y más;2
06;1;1;2.15 a 19;8.Sin especificar;3.Secundario/Polimodal Completa y más;3.Sin especificar;5
90;1;2;4.25 a 29;5.32 a 36;1.Hasta Primaria/C.EGB Completa;2.2500 gramos y más;50
10;2;2;5.30 a 34;5.32 a 36;3.Secundario/Polimodal Completa y más;2.2500 gramos y más;1
10;1;2;8.De 45 y más;6.37 a 41;2.Secundaria/Polimodal Incompleta;2.2500 gramos y más;1
54;1;1;4.25 a 29;8.Sin especificar;1.Hasta Primaria/C.EGB Completa;2.2500 gramos y más;2
34;1;2;3.20 a 24;5.32 a 36;4.Sin especificar;1.Menos de 2500 gramos;12
50;2;2;4.25 a 29;5.32 a 36;3.Secundario/Polimodal Completa y más;1.Menos de 2500 gramos;27
58;1;2;6.35 a 39;6.37 a 41;2.Secundaria/Polimodal Incompleta;1.Menos de 2500 gramos;1
18;2;1;5.30 a 34;6.37 a 41;1.Hasta Primaria/C.EGB Completa;1.Menos de 2500 gramos;1
62;2;1;6.35 a 39;5.32 a 36;3.Secundario/Polimodal Completa y más;2.2500 gramos y más;1
82;1;2;5.30 a 34;6.37 a 41;2.Secundaria/Polimodal Incompleta;1.Menos de 2500 gramos;14
14;1;2;3.20 a 24;6.37 a 41;2.Secundaria/Polimodal Incompleta;3.Sin especificar;1
86;1;1;3.20 a 24;5.32 a 36;1.Hasta Primaria/C.EGB Completa;1.Menos de 2500 gramos;24
62;1;2;3.20 a 24;5.32 a 36;4.Sin especificar;2.2500 gramos y más;3
34;1;1;5.30 a 34;5.32 a 36;4.Sin especificar;1.Menos de 2500 gramos;16
54;2;1;4.25 a 29;3.24 a 27;4.Sin especificar;1.Menos de 2500 gramos;1
82;1;1;1.Menor de 15;6.37 a 41;1.Hasta Primaria/C.EGB Completa;2.2500 gramos y más;18
18;2;2;6.35 a 39;6.37 a 41;3.Secundario/Polimodal Completa y más;1.Menos de 2500 gramos;4
26;1;2;2.15 a 19;6.37 a 41;3.Secundario/Polimodal Completa y más;1.Menos de 2500 gramos;2
62;1;2;7.40 a 44;5.32 a 36;3.Secundario/Polimodal Completa y más;1.Menos de 2500 gramos;7
34;1;1;7.40 a 44;5.32 a 36;4.Sin especificar;1.Menos de 2500 gramos;3
14;1;2;5.30 a 34;8.Sin especificar;3.Secundario/Polimodal Completa y más;3.Sin especificar;1
14;2;2;6.35 a 39;5.32 a 36;1.Hasta Primaria/C.EGB Completa;1.Menos de 2500 gramos;7
06;1;2;2.15 a 19;4.28 a 31;1.Hasta Primaria/C.EGB Completa;3.Sin especificar;1
14;1;2;2.15 a 19;6.37 a 41;1.Hasta Primaria/C.EGB Completa;3.Sin especificar;1
90;1;1;3.20 a 24;6.37 a 41;3.Secundario/Polimodal Completa y más;2.2500 gramos y más;1223
54;1;1;8.De 45 y más;6.37 a 41;1.Hasta Primaria/C.EGB Completa;2.2500 gramos y más;6
06;2;1;7.40 a 44;8.Sin especificar;3.Secundario/Polimodal Completa y más;3.Sin especificar;2
18;1;2;4.25 a 29;6.37 a 41;4.Sin especificar;2.2500 gramos y más;348
82;1;1;9.Sin especificar;6.37 a 41;2.Secundaria/Polimodal Incompleta;2.2500 gramos y más;1
42;2;1;4.25 a 29;5.32 a 36;1.Hasta Primaria/C.EGB Completa;1.Menos de 2500 gramos;1
06;1;1;9.Sin especificar;7.42 y más;1.Hasta Primaria/C.EGB Completa;2.2500 gramos y más;1
62;2;1;4.25 a 29;5.32 a 36;3.Secundario/Polimodal Completa y más;1.Menos de 2500 gramos;3
02;1;1;8.De 45 y más;5.32 a 36;3.Secundario/Polimodal Completa y más;2.2500 gramos y más;3
14;2;2;3.20 a 24;2.22 a 23;3.Secundario/Polimodal Completa y más;1.Menos de 2500 gramos;2
99;1;1;2.15 a 19;6.37 a 41;2.Secundaria/Polimodal Incompleta;1.Menos de 2500 gramos;1
42;2;2;5.30 a 34;5.32 a 36;3.Secundario/Polimodal Completa y más;1.Menos de 2500 gramos;8
06;2;2;3.20 a 24;5.32 a 36;2.Secundaria/Polimodal Incompleta;1.Menos de 2500 gramos;8
06;1;2;6.35 a 39;4.28 a 31;3.Secundario/Polimodal Completa y más;1.Menos de 2500 gramos;56
38;2;1;5.30 a 34;5.32 a 36;3.Secundario/Polimodal Completa y más;2.2500 gramos y más;1
86;1;2;3.20 a 24;8.Sin especificar;1.Hasta Primaria/C.EGB Completa;3.Sin especificar;1
38;1;1;3.20 a 24;5.32 a 36;2.Secundaria/Polimodal Incompleta;1.Menos de 2500 gramos;10
14;1;2;4.25 a 29;6.37 a 41;1.Hasta Primaria/C.EGB Completa;3.Sin especificar;1
50;1;2;6.35 a 39;7.42 y más;3.Secundario/Polimodal Completa y más;1.Menos de 2500 gramos;1
42;2;2;6.35 a 39;6.37 a 41;3.Secundario/Polimodal Completa y más;2.2500 gramos y más;3
18;1;1;2.15 a 19;5.32 a 36;4.Sin especificar;1.Menos de 2500 gramos;9
22;2;2;3.20 a 24;2.22 a 23;3.Secundario/Polimodal Completa y más;1.Menos de 2500 gramos;1
38;2;1;5.30 a 34;5.32 a 36;3.Secundario/Polimodal Completa y más;1.Menos de 2500 gramos;5
30;1;1;5.30 a 34;7.42 y más;2.Secundaria/Polimodal Incompleta;2.2500 gramos y más;1
99;1;1;6.35 a 39;8.Sin especificar;4.Sin especificar;3.Sin especificar;2
54;1;2;5.30 a 34;3.24 a 27;1.Hasta Primaria/C.EGB Completa;1.Menos de 2500 gramos;1
06;9;1;5.30 a 34;5.32 a 36;3.Secundario/Polimodal Completa y más;1.Menos de 2500 gramos;1
78;1;1;2.15 a 19;5.32 a 36;1.Hasta Primaria/C.EGB Completa;1.Menos de 2500 gramos;1
46;1;1;6.35 a 39;6.37 a 41;4.Sin especificar;2.2500 gramos y más;1
34;1;2;2.15 a 19;5.32 a 36;4.Sin especificar;2.2500 gramos y más;15
06;1;2;6.35 a 39;7.42 y más;1.Hasta Primaria/C.EGB Completa;2.2500 gramos y más;16
30;1;1;2.15 a 19;5.32 a 36;3.Secundario/Polimodal Completa y más;1.Menos de 2500 gramos;7
66;2;2;6.35 a 39;6.37 a 41;3.Secundario/Polimodal Completa y más;2.2500 gramos y más;7
90;1;2;4.25 a 29;5.32 a 36;2.Secundaria/Polimodal Incompleta;2.2500 gramos y más;31
10;1;2;5.30 a 34;6.37 a 41;1.Hasta Primaria/C.EGB Completa;2.2500 gramos y más;35
58;1;1;7.40 a 44;6.37 a 41;3.Secundario/Polimodal Completa y más;3.Sin especificar;1
82;2;1;7.40 a 44;5.32 a 36;3.Secundario/Polimodal Completa y más;1.Menos de 2500 gramos;3
06;2;1;3.20 a 24;8.Sin especificar;4.Sin especificar;3.Sin especificar;1
82;1;1;5.30 a 34;6.37 a 41;3.Secundario/Polimodal Completa y más;1.Menos de 2500 gramos;36
90;2;1;4.25 a 29;5.32 a 36;2.Secundaria/Polimodal Incompleta;2.2500 gramos y más;3
86;2;2;4.25 a 29;6.37 a 41;3.Secundario/Polimodal Completa y más;2.2500 gramos y más;2
06;1;2;2.15 a 19;7.42 y más;2.Secundaria/Polimodal Incompleta;1.Menos de 2500 gramos;2
42;1;2;7.40 a 44;6.37 a 41;3.Secundario/Polimodal Completa y más;1.Menos de 2500 gramos;1
54;1;2;2.15 a 19;7.42 y más;2.Secundaria/Polimodal Incompleta;2.2500 gramos y más;3
78;1;2;4.25 a 29;6.37 a 41;4.Sin especificar;2.2500 gramos y más;5
06;1;9;5.30 a 34;6.37 a 41;1.Hasta Primaria/C.EGB Completa;2.2500 gramos y más;22
70;1;1;5.30 a 34;6.37 a 41;1.Hasta Primaria/C.EGB Completa;1.Menos de 2500 gramos;2
90;1;2;8.De 45 y más;4.28 a 31;3.Secundario/Polimodal Completa y más;1.Menos de 2500 gramos;1
62;2;1;5.30 a 34;6.37 a 41;3.Secundario/Polimodal Completa y más;2.2500 gramos y más;1
02;1;2;5.30 a 34;5.32 a 36;1.Hasta Primaria/C.EGB Completa;1.Menos de 2500 gramos;7
14;1;1;3.20 a 24;4.28 a 31;3.Secundario/Polimodal Completa y más;2.2500 gramos y más;2
82;1;1;8.De 45 y más;4.28 a 31;3.Secundario/Polimodal Completa y más;1.Menos de 2500 gramos;3
22;1;2;1.Menor de 15;5.32 a 36;1.Hasta Primaria/C.EGB Completa;1.Menos de 2500 gramos;2
46;1;1;3.20 a 24;6.37 a 41;3.Secundario/Polimodal Completa y más;2.2500 gramos y más;316
50;1;2;6.35 a 39;6.37 a 41;1.Hasta Primaria/C.EGB Completa;2.2500 gramos y más;173
46;1;1;5.30 a 34;5.32 a 36;3.Secundario/Polimodal Completa y más;2.2500 gramos y más;17
74;1;2;2.15 a 19;4.28 a 31;2.Secundaria/Polimodal Incompleta;1.Menos de 2500 gramos;3
38;1;2;8.De 45 y más;6.37 a 41;3.Secundario/Polimodal Completa y más;2.2500 gramos y más;4
02;2;1;4.25 a 29;6.37 a 41;4.Sin especificar;2.2500 gramos y más;2
06;9;1;5.30 a 34;6.37 a 41;2.Secundaria/Polimodal Incompleta;2.2500 gramos y más;3
06;1;1;4.25 a 29;4.28 a 31;3.Secundario/Polimodal Completa y más;3.Sin especificar;5
54;2;1;7.40 a 44;5.32 a 36;1.Hasta Primaria/C.EGB Completa;2.2500 gramos y más;2
06;1;9;6.35 a 39;6.37 a 41;3.Secundario/Polimodal Completa y más;2.2500 gramos y más;73
06;2;2;6.35 a 39;8.Sin especificar;3.Secundario/Polimodal Completa y más;1.Menos de 2500 gramos;2
02;1;2;5.30 a 34;5.32 a 36;4.Sin especificar;2.2500 gramos y más;7
54;1;1;7.40 a 44;6.37 a 41;4.Sin especificar;2.2500 gramos y más;20
62;1;2;4.25 a 29;4.28 a 31;2.Secundaria/Polimodal Incompleta;1.Menos de 2500 gramos;1
90;1;1;5.30 a 34;8.Sin especificar;2.Secundaria/Polimodal Incompleta;2.2500 gramos y más;3
82;1;2;4.25 a 29;5.32 a 36;1.Hasta Primaria/C.EGB Completa;1.Menos de 2500 gramos;21
14;1;1;6.35 a 39;4.28 a 31;3.Secundario/Polimodal Completa y más;2.2500 gramos y más;2
06;1;9;4.25 a 29;6.37 a 41;3.Secundario/Polimodal Completa y más;2.2500 gramos y más;113
62;1;2;3.20 a 24;6.37 a 41;1.Hasta Primaria/C.EGB Completa;3.Sin especificar;1
26;1;2;5.30 a 34;5.32 a 36;1.Hasta Primaria/C.EGB Completa;2.2500 gramos y más;3
46;1;2;3.20 a 24;5.32 a 36;3.Secundario/Polimodal Completa y más;2.2500 gramos y más;10
78;1;2;4.25 a 29;7.42 y más;3.Secundario/Polimodal Completa y más;2.2500 gramos y más;1
06;1;1;9.Sin especificar;4.28 a 31;4.Sin especificar;1.Menos de 2500 gramos;2
18;1;2;3.20 a 24;6.37 a 41;3.Secundario/Polimodal Completa y más;2.2500 gramos y más;654
14;1;2;4.25 a 29;6.37 a 41;3.Secundario/Polimodal Completa y más;3.Sin especificar;6
50;1;2;2.15 a 19;6.37 a 41;2.Secundaria/Polimodal Incompleta;1.Menos de 2500 gramos;20
58;2;2;3.20 a 24;5.32 a 36;1.Hasta Primaria/C.EGB Completa;1.Menos de 2500 gramos;2
86;2;1;3.20 a 24;5.32 a 36;1.Hasta Primaria/C.EGB Completa;1.Menos de 2500 gramos;2
66;1;1;2.15 a 19;4.28 a 31;3.Secundario/Polimodal Completa y más;1.Menos de 2500 gramos;1
06;1;1;6.35 a 39;4.28 a 31;3.Secundario/Polimodal Completa y más;2.2500 gramos y más;1
34;2;2;6.35 a 39;6.37 a 41;3.Secundario/Polimodal Completa y más;1.Menos de 2500 gramos;1
02;1;2;7.40 a 44;3.24 a 27;3.Secundario/Polimodal Completa y más;1.Menos de 2500 gramos;4
78;1;1;4.25 a 29;5.32 a 36;2.Secundaria/Polimodal Incompleta;2.2500 gramos y más;5
02;1;1;5.30 a 34;5.32 a 36;2.Secundaria/Polimodal Incompleta;1.Menos de 2500 gramos;10
70;1;1;4.25 a 29;5.32 a 36;3.Secundario/Polimodal Completa y más;1.Menos de 2500 gramos;19
14;2;2;4.25 a 29;5.32 a 36;3.Secundario/Polimodal Completa y más;2.2500 gramos y más;7
02;2;1;5.30 a 34;6.37 a 41;3.Secundario/Polimodal Completa y más;1.Menos de 2500 gramos;16
74;1;1;6.35 a 39;4.28 a 31;2.Secundaria/Polimodal Incompleta;1.Menos de 2500 gramos;1
86;1;1;6.35 a 39;6.37 a 41;1.Hasta Primaria/C.EGB Completa;2.2500 gramos y más;264
42;1;1;2.15 a 19;4.28 a 31;3.Secundario/Polimodal Completa y más;1.Menos de 2500 gramos;1
10;1;1;3.20 a 24;3.24 a 27;3.Secundario/Polimodal Completa y más;1.Menos de 2500 gramos;2
78;1;1;4.25 a 29;7.42 y más;1.Hasta Primaria/C.EGB Completa;2.2500 gramos y más;2
34;1;2;5.30 a 34;5.32 a 36;1.Hasta Primaria/C.EGB Completa;1.Menos de 2500 gramos;2
38;1;1;2.15 a 19;6.37 a 41;2.Secundaria/Polimodal Incompleta;2.2500 gramos y más;316
22;9;2;9.Sin especificar;8.Sin especificar;2.Secundaria/Polimodal Incompleta;3.Sin especificar;1
22;1;2;4.25 a 29;7.42 y más;3.Secundario/Polimodal Completa y más;2.2500 gramos y más;1
02;2;1;5.30 a 34;5.32 a 36;4.Sin especificar;1.Menos de 2500 gramos;5
06;1;1;2.15 a 19;6.37 a 41;1.Hasta Primaria/C.EGB Completa;3.Sin especificar;8
06;1;2;6.35 a 39;5.32 a 36;4.Sin especificar;1.Menos de 2500 gramos;25
14;1;2;5.30 a 34;7.42 y más;2.Secundaria/Polimodal Incompleta;2.2500 gramos y más;1
02;1;1;5.30 a 34;3.24 a 27;4.Sin especificar;1.Menos de 2500 gramos;3
02;1;2;3.20 a 24;5.32 a 36;3.Secundario/Polimodal Completa y más;1.Menos de 2500 gramos;22
54;1;1;4.25 a 29;5.32 a 36;2.Secundaria/Polimodal Incompleta;1.Menos de 2500 gramos;13
78;1;2;4.25 a 29;6.37 a 41;3.Secundario/Polimodal Completa y más;3.Sin especificar;1
90;1;2;3.20 a 24;7.42 y más;1.Hasta Primaria/C.EGB Completa;2.2500 gramos y más;39
70;1;1;2.15 a 19;3.24 a 27;2.Secundaria/Polimodal Incompleta;1.Menos de 2500 gramos;3
82;2;1;2.15 a 19;6.37 a 41;1.Hasta Primaria/C.EGB Completa;1.Menos de 2500 gramos;3
22;1;1;6.35 a 39;6.37 a 41;3.Secundario/Polimodal Completa y más;1.Menos de 2500 gramos;6
70;1;2;4.25 a 29;3.24 a 27;3.Secundario/Polimodal Completa y más;1.Menos de 2500 gramos;1
58;1;1;8.De 45 y más;5.32 a 36;3.Secundario/Polimodal Completa y más;1.Menos de 2500 gramos;1
22;9;1;3.20 a 24;6.37 a 41;1.Hasta Primaria/C.EGB Completa;2.2500 gramos y más;7
02;1;2;5.30 a 34;5.32 a 36;2.Secundaria/Polimodal Incompleta;1.Menos de 2500 gramos;4
82;1;1;5.30 a 34;4.28 a 31;1.Hasta Primaria/C.EGB Completa;1.Menos de 2500 gramos;8
06;1;2;8.De 45 y más;7.42 y más;3.Secundario/Polimodal Completa y más;2.2500 gramos y más;2
86;1;1;4.25 a 29;4.28 a 31;2.Secundaria/Polimodal Incompleta;1.Menos de 2500 gramos;1
90;2;2;3.20 a 24;6.37 a 41;1.Hasta Primaria/C.EGB Completa;1.Menos de 2500 gramos;2
02;1;2;3.20 a 24;3.24 a 27;2.Secundaria/Polimodal Incompleta;1.Menos de 2500 gramos;2
14;1;1;3.20 a 24;6.37 a 41;2.Secundaria/Polimodal Incompleta;2.2500 gramos y más;1582
06;9;2;7.40 a 44;6.37 a 41;1.Hasta Primaria/C.EGB Completa;2.2500 gramos y más;2
38;1;2;8.De 45 y más;6.37 a 41;1.Hasta Primaria/C.EGB Completa;2.2500 gramos y más;4
14;1;1;4.25 a 29;5.32 a 36;1.Hasta Primaria/C.EGB Completa;1.Menos de 2500 gramos;14
14;1;2;9.Sin especificar;6.37 a 41;2.Secundaria/Polimodal Incompleta;1.Menos de 2500 gramos;5
82;1;2;4.25 a 29;5.32 a 36;3.Secundario/Polimodal Completa y más;1.Menos de 2500 gramos;84
02;1;1;9.Sin especificar;8.Sin especificar;1.Hasta Primaria/C.EGB Completa;1.Menos de 2500 gramos;1
18;1;1;8.De 45 y más;6.37 a 41;3.Secundario/Polimodal Completa y más;2.2500 gramos y más;4
62;1;1;5.30 a 34;5.32 a 36;1.Hasta Primaria/C.EGB Completa;2.2500 gramos y más;2
18;1;2;5.30 a 34;4.28 a 31;2.Secundaria/Polimodal Incompleta;1.Menos de 2500 gramos;7
06;1;2;3.20 a 24;7.42 y más;2.Secundaria/Polimodal Incompleta;2.2500 gramos y más;23
90;2;2;3.20 a 24;6.37 a 41;2.Secundaria/Polimodal Incompleta;1.Menos de 2500 gramos;2
38;1;2;3.20 a 24;3.24 a 27;2.Secundaria/Polimodal Incompleta;1.Menos de 2500 gramos;1
22;1;1;6.35 a 39;6.37 a 41;1.Hasta Primaria/C.EGB Completa;1.Menos de 2500 gramos;8
22;1;1;6.35 a 39;6.37 a 41;1.Hasta Primaria/C.EGB Completa;3.Sin especificar;2
62;1;2;4.25 a 29;5.32 a 36;2.Secundaria/Polimodal Incompleta;2.2500 gramos y más;5
18;1;1;7.40 a 44;5.32 a 36;2.Secundaria/Polimodal Incompleta;1.Menos de 2500 gramos;3
50;1;2;5.30 a 34;2.22 a 23;3.Secundario/Polimodal Completa y más;1.Menos de 2500 gramos;1
14;1;1;6.35 a 39;5.32 a 36;1.Hasta Primaria/C.EGB Completa;2.2500 gramos y más;11
18;1;2;3.20 a 24;5.32 a 36;2.Secundaria/Polimodal Incompleta;2.2500 gramos y más;20
18;1;2;6.35 a 39;4.28 a 31;4.Sin especificar;1.Menos de 2500 gramos;2
06;1;2;5.30 a 34;5.32 a 36;3.Secundario/Polimodal Completa y más;3.Sin especificar;4
50;1;1;4.25 a 29;7.42 y más;2.Secundaria/Polimodal Incompleta;1.Menos de 2500 gramos;1
10;2;1;3.20 a 24;5.32 a 36;3.Secundario/Polimodal Completa y más;1.Menos de 2500 gramos;3
42;2;2;4.25 a 29;6.37 a 41;2.Secundaria/Polimodal Incompleta;2.2500 gramos y más;3
90;2;2;5.30 a 34;8.Sin especificar;2.Secundaria/Polimodal Incompleta;1.Menos de 2500 gramos;1
06;1;2;9.Sin especificar;6.37 a 41;1.Hasta Primaria/C.EGB Completa;1.Menos de 2500 gramos;8
46;1;1;5.30 a 34;4.28 a 31;2.Secundaria/Polimodal Incompleta;1.Menos de 2500 gramos;1
34;1;2;5.30 a 34;5.32 a 36;3.Secundario/Polimodal Completa y más;1.Menos de 2500 gramos;5
54;1;2;6.35 a 39;4.28 a 31;3.Secundario/Polimodal Completa y más;2.2500 gramos y más;1
70;1;2;4.25 a 29;3.24 a 27;1.Hasta Primaria/C.EGB Completa;1.Menos de 2500 gramos;1
54;2;2;2.15 a 19;5.32 a 36;1.Hasta Primaria/C.EGB Completa;1.Menos de 2500 gramos;4
14;2;2;2.15 a 19;4.28 a 31;3.Secundario/Polimodal Completa y más;1.Menos de 2500 gramos;4
90;1;1;4.25 a 29;1.Menos de 22;2.Secundaria/Polimodal Incompleta;1.Menos de 2500 gramos;1
22;2;1;7.40 a 44;4.28 a 31;1.Hasta Primaria/C.EGB Completa;1.Menos de 2500 gramos;1
30;1;2;5.30 a 34;8.Sin especificar;1.Hasta Primaria/C.EGB Completa;2.2500 gramos y más;1
06;9;2;3.20 a 24;5.32 a 36;3.Secundario/Polimodal Completa y más;2.2500 gramos y más;1
74;1;2;6.35 a 39;5.32 a 36;1.Hasta Primaria/C.EGB Completa;1.Menos de 2500 gramos;1
30;1;1;2.15 a 19;5.32 a 36;2.Secundaria/Polimodal Incompleta;1.Menos de 2500 gramos;24
26;2;2;5.30 a 34;5.32 a 36;1.Hasta Primaria/C.EGB Completa;1.Menos de 2500 gramos;2
78;1;2;4.25 a 29;5.32 a 36;3.Secundario/Polimodal Completa y más;2.2500 gramos y más;10
82;1;1;6.35 a 39;6.37 a 41;1.Hasta Primaria/C.EGB Completa;2.2500 gramos y más;383
14;2;2;5.30 a 34;5.32 a 36;3.Secundario/Polimodal Completa y más;2.2500 gramos y más;10
50;1;1;5.30 a 34;6.37 a 41;1.Hasta Primaria/C.EGB Completa;2.2500 gramos y más;282
66;2;2;6.35 a 39;6.37 a 41;1.Hasta Primaria/C.EGB Completa;2.2500 gramos y más;2
34;1;1;3.20 a 24;8.Sin especificar;2.Secundaria/Polimodal Incompleta;3.Sin especificar;1
14;1;2;5.30 a 34;4.28 a 31;3.Secundario/Polimodal Completa y más;1.Menos de 2500 gramos;18
22;1;1;5.30 a 34;6.37 a 41;1.Hasta Primaria/C.EGB Completa;2.2500 gramos y más;428
06;1;2;8.De 45 y más;8.Sin especificar;1.Hasta Primaria/C.EGB Completa;2.2500 gramos y más;1
38;1;2;2.15 a 19;5.32 a 36;3.Secundario/Polimodal Completa y más;2.2500 gramos y más;2
38;2;2;3.20 a 24;5.32 a 36;2.Secundaria/Polimodal Incompleta;2.2500 gramos y más;1
50;1;2;4.25 a 29;5.32 a 36;1.Hasta Primaria/C.EGB Completa;1.Menos de 2500 gramos;7
18;1;2;2.15 a 19;4.28 a 31;4.Sin especificar;1.Menos de 2500 gramos;1
90;2;2;6.35 a 39;5.32 a 36;2.Secundaria/Polimodal Incompleta;2.2500 gramos y más;1
58;1;2;4.25 a 29;6.37 a 41;1.Hasta Primaria/C.EGB Completa;2.2500 gramos y más;94
58;1;1;7.40 a 44;6.37 a 41;3.Secundario/Polimodal Completa y más;1.Menos de 2500 gramos;2
06;9;1;6.35 a 39;6.37 a 41;4.Sin especificar;2.2500 gramos y más;72
10;2;1;6.35 a 39;6.37 a 41;3.Secundario/Polimodal Completa y más;1.Menos de 2500 gramos;1
90;1;1;9.Sin especificar;6.37 a 41;1.Hasta Primaria/C.EGB Completa;2.2500 gramos y más;7
06;1;1;2.15 a 19;8.Sin especificar;2.Secundaria/Polimodal Incompleta;1.Menos de 2500 gramos;12
62;1;1;4.25 a 29;7.42 y más;4.Sin especificar;2.2500 gramos y más;1
26;2;1;5.30 a 34;4.28 a 31;4.Sin especificar;1.Menos de 2500 gramos;2
18;1;2;4.25 a 29;4.28 a 31;1.Hasta Primaria/C.EGB Completa;1.Menos de 2500 gramos;1
14;1;1;9.Sin especificar;5.32 a 36;4.Sin especificar;2.2500 gramos y más;2
50;1;1;3.20 a 24;5.32 a 36;2.Secundaria/Polimodal Incompleta;2.2500 gramos y más;23
58;1;1;5.30 a 34;6.37 a 41;4.Sin especificar;2.2500 gramos y más;11
18;1;2;6.35 a 39;7.42 y más;2.Secundaria/Polimodal Incompleta;2.2500 gramos y más;2
82;2;2;6.35 a 39;5.32 a 36;3.Secundario/Polimodal Completa y más;1.Menos de 2500 gramos;27
38;2;1;7.40 a 44;5.32 a 36;1.Hasta Primaria/C.EGB Completa;2.2500 gramos y más;1
02;2;2;8.De 45 y más;5.32 a 36;3.Secundario/Polimodal Completa y más;2.2500 gramos y más;1
26;1;2;6.35 a 39;5.32 a 36;1.Hasta Primaria/C.EGB Completa;2.2500 gramos y más;1
86;2;2;5.30 a 34;5.32 a 36;3.Secundario/Polimodal Completa y más;2.2500 gramos y más;1
30;2;2;6.35 a 39;5.32 a 36;3.Secundario/Polimodal Completa y más;2.2500 gramos y más;2
78;1;2;5.30 a 34;4.28 a 31;3.Secundario/Polimodal Completa y más;1.Menos de 2500 gramos;1
90;1;2;6.35 a 39;6.37 a 41;3.Secundario/Polimodal Completa y más;3.Sin especificar;2
82;1;1;7.40 a 44;4.28 a 31;1.Hasta Primaria/C.EGB Completa;1.Menos de 2500 gramos;1
58;9;1;5.30 a 34;6.37 a 41;4.Sin especificar;2.2500 gramos y más;1
90;1;1;2.15 a 19;4.28 a 31;3.Secundario/Polimodal Completa y más;1.Menos de 2500 gramos;4
34;1;2;3.20 a 24;3.24 a 27;2.Secundaria/Polimodal Incompleta;1.Menos de 2500 gramos;2
82;1;1;6.35 a 39;5.32 a 36;2.Secundaria/Polimodal Incompleta;2.2500 gramos y más;21
62;2;2;6.35 a 39;5.32 a 36;3.Secundario/Polimodal Completa y más;1.Menos de 2500 gramos;3
82;1;2;2.15 a 19;7.42 y más;1.Hasta Primaria/C.EGB Completa;2.2500 gramos y más;2
38;1;2;6.35 a 39;6.37 a 41;2.Secundaria/Polimodal Incompleta;1.Menos de 2500 gramos;1
70;1;2;6.35 a 39;6.37 a 41;1.Hasta Primaria/C.EGB Completa;1.Menos de 2500 gramos;7
82;1;2;7.40 a 44;5.32 a 36;1.Hasta Primaria/C.EGB Completa;2.2500 gramos y más;7
22;2;2;2.15 a 19;6.37 a 41;2.Secundaria/Polimodal Incompleta;1.Menos de 2500 gramos;1
70;1;1;3.20 a 24;7.42 y más;1.Hasta Primaria/C.EGB Completa;2.2500 gramos y más;1
18;2;1;3.20 a 24;6.37 a 41;4.Sin especificar;1.Menos de 2500 gramos;2
50;1;2;7.40 a 44;7.42 y más;1.Hasta Primaria/C.EGB Completa;2.2500 gramos y más;1
06;2;1;4.25 a 29;5.32 a 36;3.Secundario/Polimodal Completa y más;2.2500 gramos y más;34
90;1;2;5.30 a 34;1.Menos de 22;2.Secundaria/Polimodal Incompleta;1.Menos de 2500 gramos;1
54;1;2;3.20 a 24;5.32 a 36;1.Hasta Primaria/C.EGB Completa;1.Menos de 2500 gramos;23
82;2;1;4.25 a 29;5.32 a 36;3.Secundario/Polimodal Completa y más;1.Menos de 2500 gramos;18
86;1;1;2.15 a 19;7.42 y más;1.Hasta Primaria/C.EGB Completa;2.2500 gramos y más;3
90;1;2;3.20 a 24;7.42 y más;2.Secundaria/Polimodal Incompleta;2.2500 gramos y más;28
02;9;2;4.25 a 29;4.28 a 31;3.Secundario/Polimodal Completa y más;1.Menos de 2500 gramos;1
70;1;2;3.20 a 24;7.42 y más;2.Secundaria/Polimodal Incompleta;2.2500 gramos y más;1
74;1;2;2.15 a 19;5.32 a 36;3.Secundario/Polimodal Completa y más;1.Menos de 2500 gramos;4
62;1;1;2.15 a 19;3.24 a 27;1.Hasta Primaria/C.EGB Completa;1.Menos de 2500 gramos;1
90;1;2;5.30 a 34;6.37 a 41;1.Hasta Primaria/C.EGB Completa;2.2500 gramos y más;351
54;1;1;4.25 a 29;3.24 a 27;2.Secundaria/Polimodal Incompleta;1.Menos de 2500 gramos;2
02;1;2;7.40 a 44;5.32 a 36;4.Sin especificar;1.Menos de 2500 gramos;5
70;1;2;4.25 a 29;4.28 a 31;3.Secundario/Polimodal Completa y más;1.Menos de 2500 gramos;4
90;1;1;2.15 a 19;7.42 y más;1.Hasta Primaria/C.EGB Completa;2.2500 gramos y más;17
82;1;2;7.40 a 44;5.32 a 36;2.Secundaria/Polimodal Incompleta;3.Sin especificar;1
06;1;2;5.30 a 34;2.22 a 23;4.Sin especificar;1.Menos de 2500 gramos;2
78;1;2;5.30 a 34;5.32 a 36;2.Secundaria/Polimodal Incompleta;2.2500 gramos y más;3
70;1;2;1.Menor de 15;6.37 a 41;2.Secundaria/Polimodal Incompleta;2.2500 gramos y más;10
62;1;2;6.35 a 39;5.32 a 36;2.Secundaria/Polimodal Incompleta;1.Menos de 2500 gramos;3
90;2;1;6.35 a 39;6.37 a 41;1.Hasta Primaria/C.EGB Completa;1.Menos de 2500 gramos;2
66;1;2;6.35 a 39;1.Menos de 22;1.Hasta Primaria/C.EGB Completa;1.Menos de 2500 gramos;1
90;1;1;1.Menor de 15;6.37 a 41;2.Secundaria/Polimodal Incompleta;2.2500 gramos y más;11
06;1;9;8.De 45 y más;6.37 a 41;3.Secundario/Polimodal Completa y más;2.2500 gramos y más;3
86;1;2;5.30 a 34;3.24 a 27;3.Secundario/Polimodal Completa y más;1.Menos de 2500 gramos;1
14;1;2;7.40 a 44;5.32 a 36;4.Sin especificar;2.2500 gramos y más;1
22;1;2;2.15 a 19;8.Sin especificar;2.Secundaria/Polimodal Incompleta;2.2500 gramos y más;2
54;1;9;3.20 a 24;6.37 a 41;2.Secundaria/Polimodal Incompleta;2.2500 gramos y más;1
54;2;1;6.35 a 39;6.37 a 41;2.Secundaria/Polimodal Incompleta;2.2500 gramos y más;2
26;1;2;4.25 a 29;8.Sin especificar;4.Sin especificar;2.2500 gramos y más;1
70;1;2;3.20 a 24;5.32 a 36;3.Secundario/Polimodal Completa y más;1.Menos de 2500 gramos;8
54;1;2;5.30 a 34;3.24 a 27;2.Secundaria/Polimodal Incompleta;1.Menos de 2500 gramos;5
14;1;2;2.15 a 19;4.28 a 31;1.Hasta Primaria/C.EGB Completa;2.2500 gramos y más;1
94;1;1;2.15 a 19;5.32 a 36;2.Secundaria/Polimodal Incompleta;1.Menos de 2500 gramos;1
14;1;1;4.25 a 29;8.Sin especificar;2.Secundaria/Polimodal Incompleta;2.2500 gramos y más;4
78;1;1;2.15 a 19;5.32 a 36;1.Hasta Primaria/C.EGB Completa;2.2500 gramos y más;1
54;1;1;6.35 a 39;7.42 y más;1.Hasta Primaria/C.EGB Completa;2.2500 gramos y más;3
06;1;2;6.35 a 39;3.24 a 27;3.Secundario/Polimodal Completa y más;1.Menos de 2500 gramos;13
06;1;1;4.25 a 29;8.Sin especificar;2.Secundaria/Polimodal Incompleta;1.Menos de 2500 gramos;12
10;9;1;6.35 a 39;5.32 a 36;3.Secundario/Polimodal Completa y más;1.Menos de 2500 gramos;2
10;1;2;2.15 a 19;6.37 a 41;2.Secundaria/Polimodal Incompleta;3.Sin especificar;1
26;2;1;6.35 a 39;4.28 a 31;3.Secundario/Polimodal Completa y más;1.Menos de 2500 gramos;2
54;2;2;6.35 a 39;6.37 a 41;2.Secundaria/Polimodal Incompleta;2.2500 gramos y más;1
50;1;1;8.De 45 y más;5.32 a 36;2.Secundaria/Polimodal Incompleta;1.Menos de 2500 gramos;1
50;2;2;6.35 a 39;3.24 a 27;3.Secundario/Polimodal Completa y más;1.Menos de 2500 gramos;2
22;1;1;6.35 a 39;6.37 a 41;3.Secundario/Polimodal Completa y más;2.2500 gramos y más;499
86;1;1;4.25 a 29;8.Sin especificar;3.Secundario/Polimodal Completa y más;2.2500 gramos y más;1
82;1;2;4.25 a 29;7.42 y más;1.Hasta Primaria/C.EGB Completa;2.2500 gramos y más;4
54;1;1;4.25 a 29;4.28 a 31;3.Secundario/Polimodal Completa y más;1.Menos de 2500 gramos;1
26;1;1;6.35 a 39;4.28 a 31;4.Sin especificar;1.Menos de 2500 gramos;1
06;2;1;4.25 a 29;8.Sin especificar;2.Secundaria/Polimodal Incompleta;3.Sin especificar;1
42;1;2;3.20 a 24;7.42 y más;3.Secundario/Polimodal Completa y más;2.2500 gramos y más;1
10;1;2;3.20 a 24;6.37 a 41;4.Sin especificar;2.2500 gramos y más;3
90;2;1;2.15 a 19;5.32 a 36;1.Hasta Primaria/C.EGB Completa;1.Menos de 2500 gramos;6
02;1;1;8.De 45 y más;4.28 a 31;3.Secundario/Polimodal Completa y más;1.Menos de 2500 gramos;3
34;1;1;4.25 a 29;8.Sin especificar;4.Sin especificar;3.Sin especificar;2
26;1;1;5.30 a 34;5.32 a 36;2.Secundaria/Polimodal Incompleta;1.Menos de 2500 gramos;2
18;1;1;4.25 a 29;6.37 a 41;1.Hasta Primaria/C.EGB Completa;1.Menos de 2500 gramos;3
99;1;9;3.20 a 24;6.37 a 41;3.Secundario/Polimodal Completa y más;2.2500 gramos y más;2
22;1;1;9.Sin especificar;6.37 a 41;2.Secundaria/Polimodal Incompleta;1.Menos de 2500 gramos;1
14;2;1;8.De 45 y más;4.28 a 31;3.Secundario/Polimodal Completa y más;1.Menos de 2500 gramos;1
58;1;2;1.Menor de 15;5.32 a 36;2.Secundaria/Polimodal Incompleta;2.2500 gramos y más;1
10;1;1;2.15 a 19;7.42 y más;3.Secundario/Polimodal Completa y más;2.2500 gramos y más;1
06;1;1;3.20 a 24;6.37 a 41;1.Hasta Primaria/C.EGB Completa;1.Menos de 2500 gramos;74
66;2;1;7.40 a 44;5.32 a 36;3.Secundario/Polimodal Completa y más;1.Menos de 2500 gramos;2
02;1;1;2.15 a 19;6.37 a 41;2.Secundaria/Polimodal Incompleta;2.2500 gramos y más;147
14;1;1;5.30 a 34;5.32 a 36;1.Hasta Primaria/C.EGB Completa;1.Menos de 2500 gramos;16
82;1;1;4.25 a 29;6.37 a 41;2.Secundaria/Polimodal Incompleta;2.2500 gramos y más;1052
99;9;1;8.De 45 y más;6.37 a 41;4.Sin especificar;2.2500 gramos y más;1
30;1;1;1.Menor de 15;6.37 a 41;1.Hasta Primaria/C.EGB Completa;2.2500 gramos y más;3
74;1;2;8.De 45 y más;5.32 a 36;2.Secundaria/Polimodal Incompleta;2.2500 gramos y más;1
58;1;2;4.25 a 29;6.37 a 41;3.Secundario/Polimodal Completa y más;1.Menos de 2500 gramos;12
06;1;2;1.Menor de 15;8.Sin especificar;2.Secundaria/Polimodal Incompleta;2.2500 gramos y más;2
10;1;1;4.25 a 29;5.32 a 36;3.Secundario/Polimodal Completa y más;2.2500 gramos y más;14
78;1;2;5.30 a 34;6.37 a 41;2.Secundaria/Polimodal Incompleta;2.2500 gramos y más;79
42;2;2;6.35 a 39;8.Sin especificar;3.Secundario/Polimodal Completa y más;1.Menos de 2500 gramos;1
82;2;1;5.30 a 34;5.32 a 36;1.Hasta Primaria/C.EGB Completa;2.2500 gramos y más;4
66;1;1;8.De 45 y más;6.37 a 41;2.Secundaria/Polimodal Incompleta;2.2500 gramos y más;2
06;1;1;6.35 a 39;8.Sin especificar;2.Secundaria/Polimodal Incompleta;1.Menos de 2500 gramos;2
42;1;2;3.20 a 24;3.24 a 27;3.Secundario/Polimodal Completa y más;1.Menos de 2500 gramos;1
54;2;2;6.35 a 39;6.37 a 41;2.Secundaria/Polimodal Incompleta;1.Menos de 2500 gramos;1
50;1;2;3.20 a 24;7.42 y más;2.Secundaria/Polimodal Incompleta;2.2500 gramos y más;1
66;1;1;7.40 a 44;8.Sin especificar;2.Secundaria/Polimodal Incompleta;2.2500 gramos y más;1
02;9;1;2.15 a 19;6.37 a 41;4.Sin especificar;2.2500 gramos y más;23
90;1;1;2.15 a 19;8.Sin especificar;3.Secundario/Polimodal Completa y más;1.Menos de 2500 gramos;2
34;1;2;5.30 a 34;5.32 a 36;1.Hasta Primaria/C.EGB Completa;2.2500 gramos y más;7
02;9;2;2.15 a 19;6.37 a 41;3.Secundario/Polimodal Completa y más;2.2500 gramos y más;3
62;1;2;2.15 a 19;5.32 a 36;2.Secundaria/Polimodal Incompleta;1.Menos de 2500 gramos;4
14;1;2;5.30 a 34;6.37 a 41;2.Secundaria/Polimodal Incompleta;3.Sin especificar;1
74;1;2;5.30 a 34;5.32 a 36;3.Secundario/Polimodal Completa y más;2.2500 gramos y más;27
22;2;1;4.25 a 29;6.37 a 41;2.Secundaria/Polimodal Incompleta;2.2500 gramos y más;4
18;1;1;3.20 a 24;6.37 a 41;1.Hasta Primaria/C.EGB Completa;2.2500 gramos y más;287
38;2;2;6.35 a 39;6.37 a 41;3.Secundario/Polimodal Completa y más;1.Menos de 2500 gramos;1
42;1;1;3.20 a 24;5.32 a 36;2.Secundaria/Polimodal Incompleta;1.Menos de 2500 gramos;2
90;1;1;2.15 a 19;6.37 a 41;1.Hasta Primaria/C.EGB Completa;2.2500 gramos y más;236
30;1;2;2.15 a 19;4.28 a 31;2.Secundaria/Polimodal Incompleta;1.Menos de 2500 gramos;9
14;2;1;5.30 a 34;6.37 a 41;2.Secundaria/Polimodal Incompleta;1.Menos de 2500 gramos;3
70;1;1;1.Menor de 15;6.37 a 41;2.Secundaria/Polimodal Incompleta;2.2500 gramos y más;11
54;1;1;4.25 a 29;6.37 a 41;4.Sin especificar;2.2500 gramos y más;153
06;1;1;4.25 a 29;6.37 a 41;1.Hasta Primaria/C.EGB Completa;2.2500 gramos y más;3123
90;1;1;4.25 a 29;6.37 a 41;4.Sin especificar;1.Menos de 2500 gramos;1
66;1;1;4.25 a 29;4.28 a 31;2.Secundaria/Polimodal Incompleta;1.Menos de 2500 gramos;2
58;2;2;6.35 a 39;6.37 a 41;1.Hasta Primaria/C.EGB Completa;2.2500 gramos y más;1
54;1;1;7.40 a 44;3.24 a 27;2.Secundaria/Polimodal Incompleta;1.Menos de 2500 gramos;1
10;1;1;2.15 a 19;8.Sin especificar;2.Secundaria/Polimodal Incompleta;1.Menos de 2500 gramos;1
58;1;2;2.15 a 19;5.32 a 36;3.Secundario/Polimodal Completa y más;1.Menos de 2500 gramos;4
70;1;1;7.40 a 44;6.37 a 41;3.Secundario/Polimodal Completa y más;2.2500 gramos y más;104
02;1;2;5.30 a 34;8.Sin especificar;3.Secundario/Polimodal Completa y más;2.2500 gramos y más;6
62;1;1;5.30 a 34;7.42 y más;3.Secundario/Polimodal Completa y más;2.2500 gramos y más;1
66;1;1;4.25 a 29;5.32 a 36;3.Secundario/Polimodal Completa y más;1.Menos de 2500 gramos;39
82;2;2;4.25 a 29;4.28 a 31;3.Secundario/Polimodal Completa y más;1.Menos de 2500 gramos;5
78;1;1;2.15 a 19;5.32 a 36;3.Secundario/Polimodal Completa y más;2.2500 gramos y más;1
06;1;9;6.35 a 39;5.32 a 36;3.Secundario/Polimodal Completa y más;1.Menos de 2500 gramos;4
62;1;2;3.20 a 24;8.Sin especificar;1.Hasta Primaria/C.EGB Completa;2.2500 gramos y más;1
22;1;1;2.15 a 19;6.37 a 41;2.Secundaria/Polimodal Incompleta;1.Menos de 2500 gramos;17
14;2;2;3.20 a 24;3.24 a 27;1.Hasta Primaria/C.EGB Completa;1.Menos de 2500 gramos;1
74;1;2;5.30 a 34;4.28 a 31;2.Secundaria/Polimodal Incompleta;1.Menos de 2500 gramos;1
14;1;2;9.Sin especificar;5.32 a 36;3.Secundario/Polimodal Completa y más;1.Menos de 2500 gramos;4
22;1;2;9.Sin especificar;5.32 a 36;3.Secundario/Polimodal Completa y más;2.2500 gramos y más;1
99;1;1;5.30 a 34;6.37 a 41;1.Hasta Primaria/C.EGB Completa;2.2500 gramos y más;3
06;1;2;2.15 a 19;3.24 a 27;4.Sin especificar;1.Menos de 2500 gramos;1
06;1;1;7.40 a 44;6.37 a 41;2.Secundaria/Polimodal Incompleta;2.2500 gramos y más;478
34;2;1;3.20 a 24;6.37 a 41;3.Secundario/Polimodal Completa y más;2.2500 gramos y más;1
06;1;1;5.30 a 34;6.37 a 41;2.Secundaria/Polimodal Incompleta;3.Sin especificar;7
66;2;1;5.30 a 34;4.28 a 31;3.Secundario/Polimodal Completa y más;1.Menos de 2500 gramos;4
06;1;2;3.20 a 24;2.22 a 23;1.Hasta Primaria/C.EGB Completa;1.Menos de 2500 gramos;1
54;1;1;8.De 45 y más;6.37 a 41;4.Sin especificar;2.2500 gramos y más;2
62;1;1;5.30 a 34;4.28 a 31;4.Sin especificar;1.Menos de 2500 gramos;2
02;2;2;4.25 a 29;5.32 a 36;2.Secundaria/Polimodal Incompleta;2.2500 gramos y más;1
02;1;2;4.25 a 29;5.32 a 36;3.Secundario/Polimodal Completa y más;1.Menos de 2500 gramos;36
54;1;1;7.40 a 44;8.Sin especificar;1.Hasta Primaria/C.EGB Completa;2.2500 gramos y más;1
18;1;2;7.40 a 44;6.37 a 41;1.Hasta Primaria/C.EGB Completa;2.2500 gramos y más;36
82;1;1;5.30 a 34;6.37 a 41;3.Secundario/Polimodal Completa y más;2.2500 gramos y más;2889
66;1;2;3.20 a 24;7.42 y más;2.Secundaria/Polimodal Incompleta;2.2500 gramos y más;3
34;1;1;6.35 a 39;6.37 a 41;3.Secundario/Polimodal Completa y más;2.2500 gramos y más;100
02;1;2;4.25 a 29;5.32 a 36;3.Secundario/Polimodal Completa y más;2.2500 gramos y más;33
66;1;2;4.25 a 29;6.37 a 41;4.Sin especificar;2.2500 gramos y más;24
02;1;2;7.40 a 44;7.42 y más;3.Secundario/Polimodal Completa y más;2.2500 gramos y más;1
38;1;1;5.30 a 34;6.37 a 41;3.Secundario/Polimodal Completa y más;2.2500 gramos y más;661
66;1;2;3.20 a 24;6.37 a 41;2.Secundaria/Polimodal Incompleta;2.2500 gramos y más;532
54;1;2;6.35 a 39;6.37 a 41;2.Secundaria/Polimodal Incompleta;1.Menos de 2500 gramos;7
46;2;2;4.25 a 29;5.32 a 36;3.Secundario/Polimodal Completa y más;2.2500 gramos y más;2
06;2;1;2.15 a 19;5.32 a 36;3.Secundario/Polimodal Completa y más;1.Menos de 2500 gramos;5
66;1;2;4.25 a 29;5.32 a 36;2.Secundaria/Polimodal Incompleta;2.2500 gramos y más;14
62;1;1;2.15 a 19;5.32 a 36;2.Secundaria/Polimodal Incompleta;1.Menos de 2500 gramos;4
82;2;2;4.25 a 29;5.32 a 36;2.Secundaria/Polimodal Incompleta;2.2500 gramos y más;1
99;1;9;3.20 a 24;6.37 a 41;1.Hasta Primaria/C.EGB Completa;2.2500 gramos y más;1
06;1;1;7.40 a 44;6.37 a 41;2.Secundaria/Polimodal Incompleta;1.Menos de 2500 gramos;13
82;1;1;2.15 a 19;2.22 a 23;3.Secundario/Polimodal Completa y más;1.Menos de 2500 gramos;1
90;1;1;5.30 a 34;7.42 y más;3.Secundario/Polimodal Completa y más;3.Sin especificar;1
86;1;2;5.30 a 34;6.37 a 41;1.Hasta Primaria/C.EGB Completa;2.2500 gramos y más;428
86;1;1;6.35 a 39;7.42 y más;3.Secundario/Polimodal Completa y más;2.2500 gramos y más;3
30;1;2;4.25 a 29;6.37 a 41;3.Secundario/Polimodal Completa y más;1.Menos de 2500 gramos;27
38;1;1;6.35 a 39;2.22 a 23;3.Secundario/Polimodal Completa y más;1.Menos de 2500 gramos;1
22;9;2;5.30 a 34;6.37 a 41;3.Secundario/Polimodal Completa y más;1.Menos de 2500 gramos;1
58;1;2;3.20 a 24;5.32 a 36;1.Hasta Primaria/C.EGB Completa;1.Menos de 2500 gramos;4
70;1;2;2.15 a 19;4.28 a 31;1.Hasta Primaria/C.EGB Completa;1.Menos de 2500 gramos;1
06;2;2;6.35 a 39;5.32 a 36;2.Secundaria/Polimodal Incompleta;3.Sin especificar;1
34;1;1;7.40 a 44;6.37 a 41;3.Secundario/Polimodal Completa y más;2.2500 gramos y más;33
38;1;1;3.20 a 24;4.28 a 31;3.Secundario/Polimodal Completa y más;1.Menos de 2500 gramos;2
86;1;2;5.30 a 34;6.37 a 41;1.Hasta Primaria/C.EGB Completa;1.Menos de 2500 gramos;4
26;9;1;5.30 a 34;4.28 a 31;4.Sin especificar;1.Menos de 2500 gramos;1
06;1;2;3.20 a 24;4.28 a 31;1.Hasta Primaria/C.EGB Completa;2.2500 gramos y más;2
66;1;2;4.25 a 29;5.32 a 36;2.Secundaria/Polimodal Incompleta;1.Menos de 2500 gramos;11
86;1;2;1.Menor de 15;6.37 a 41;2.Secundaria/Polimodal Incompleta;2.2500 gramos y más;4
34;1;2;4.25 a 29;4.28 a 31;4.Sin especificar;1.Menos de 2500 gramos;3
50;2;1;5.30 a 34;3.24 a 27;2.Secundaria/Polimodal Incompleta;1.Menos de 2500 gramos;1
06;1;2;6.35 a 39;3.24 a 27;1.Hasta Primaria/C.EGB Completa;1.Menos de 2500 gramos;10
30;2;1;6.35 a 39;6.37 a 41;2.Secundaria/Polimodal Incompleta;2.2500 gramos y más;3
46;1;1;2.15 a 19;6.37 a 41;3.Secundario/Polimodal Completa y más;2.2500 gramos y más;74
06;1;1;7.40 a 44;6.37 a 41;1.Hasta Primaria/C.EGB Completa;3.Sin especificar;5
58;1;1;3.20 a 24;6.37 a 41;2.Secundaria/Polimodal Incompleta;1.Menos de 2500 gramos;6
30;1;1;5.30 a 34;6.37 a 41;3.Secundario/Polimodal Completa y más;2.2500 gramos y más;1192
82;1;2;4.25 a 29;6.37 a 41;1.Hasta Primaria/C.EGB Completa;3.Sin especificar;2
70;2;1;4.25 a 29;5.32 a 36;1.Hasta Primaria/C.EGB Completa;1.Menos de 2500 gramos;1
66;2;1;3.20 a 24;3.24 a 27;3.Secundario/Polimodal Completa y más;1.Menos de 2500 gramos;1
18;1;2;6.35 a 39;7.42 y más;3.Secundario/Polimodal Completa y más;2.2500 gramos y más;4
10;1;1;2.15 a 19;5.32 a 36;3.Secundario/Polimodal Completa y más;1.Menos de 2500 gramos;3
58;1;2;4.25 a 29;5.32 a 36;1.Hasta Primaria/C.EGB Completa;2.2500 gramos y más;3
90;1;2;3.20 a 24;7.42 y más;1.Hasta Primaria/C.EGB Completa;1.Menos de 2500 gramos;2
22;1;2;3.20 a 24;3.24 a 27;3.Secundario/Polimodal Completa y más;1.Menos de 2500 gramos;1
02;1;1;7.40 a 44;5.32 a 36;3.Secundario/Polimodal Completa y más;1.Menos de 2500 gramos;27
06;9;2;3.20 a 24;5.32 a 36;4.Sin especificar;2.2500 gramos y más;3
26;1;2;5.30 a 34;6.37 a 41;3.Secundario/Polimodal Completa y más;2.2500 gramos y más;474
90;1;1;2.15 a 19;8.Sin especificar;3.Secundario/Polimodal Completa y más;2.2500 gramos y más;2
02;9;1;6.35 a 39;6.37 a 41;1.Hasta Primaria/C.EGB Completa;2.2500 gramos y más;2
46;1;2;5.30 a 34;4.28 a 31;3.Secundario/Polimodal Completa y más;1.Menos de 2500 gramos;3
02;1;2;8.De 45 y más;6.37 a 41;2.Secundaria/Polimodal Incompleta;2.2500 gramos y más;5
46;1;2;4.25 a 29;8.Sin especificar;3.Secundario/Polimodal Completa y más;2.2500 gramos y más;1
54;2;2;3.20 a 24;6.37 a 41;3.Secundario/Polimodal Completa y más;2.2500 gramos y más;4
10;1;2;4.25 a 29;5.32 a 36;2.Secundaria/Polimodal Incompleta;1.Menos de 2500 gramos;2
06;1;2;7.40 a 44;8.Sin especificar;1.Hasta Primaria/C.EGB Completa;3.Sin especificar;3
14;1;2;5.30 a 34;8.Sin especificar;4.Sin especificar;2.2500 gramos y más;1
82;2;1;3.20 a 24;5.32 a 36;3.Secundario/Polimodal Completa y más;1.Menos de 2500 gramos;10
66;1;1;2.15 a 19;6.37 a 41;1.Hasta Primaria/C.EGB Completa;1.Menos de 2500 gramos;10
70;1;1;3.20 a 24;4.28 a 31;1.Hasta Primaria/C.EGB Completa;2.2500 gramos y más;1
66;1;1;2.15 a 19;2.22 a 23;3.Secundario/Polimodal Completa y más;1.Menos de 2500 gramos;1
06;1;1;4.25 a 29;4.28 a 31;2.Secundaria/Polimodal Incompleta;1.Menos de 2500 gramos;22
46;2;1;4.25 a 29;6.37 a 41;1.Hasta Primaria/C.EGB Completa;2.2500 gramos y más;3
54;1;2;2.15 a 19;7.42 y más;4.Sin especificar;2.2500 gramos y más;1
62;2;1;5.30 a 34;6.37 a 41;3.Secundario/Polimodal Completa y más;1.Menos de 2500 gramos;1
02;2;1;3.20 a 24;5.32 a 36;2.Secundaria/Polimodal Incompleta;2.2500 gramos y más;1
06;1;1;8.De 45 y más;8.Sin especificar;4.Sin especificar;3.Sin especificar;3
06;9;2;6.35 a 39;5.32 a 36;4.Sin especificar;3.Sin especificar;1
82;2;2;5.30 a 34;6.37 a 41;2.Secundaria/Polimodal Incompleta;2.2500 gramos y más;7
78;1;1;5.30 a 34;6.37 a 41;3.Secundario/Polimodal Completa y más;1.Menos de 2500 gramos;4
10;1;2;9.Sin especificar;8.Sin especificar;2.Secundaria/Polimodal Incompleta;3.Sin especificar;2
66;1;2;5.30 a 34;6.37 a 41;2.Secundaria/Polimodal Incompleta;1.Menos de 2500 gramos;4
90;1;1;5.30 a 34;3.24 a 27;3.Secundario/Polimodal Completa y más;1.Menos de 2500 gramos;4
54;2;1;3.20 a 24;5.32 a 36;2.Secundaria/Polimodal Incompleta;2.2500 gramos y más;1
54;1;2;7.40 a 44;6.37 a 41;3.Secundario/Polimodal Completa y más;1.Menos de 2500 gramos;9
86;1;1;5.30 a 34;7.42 y más;1.Hasta Primaria/C.EGB Completa;2.2500 gramos y más;7
66;1;1;6.35 a 39;6.37 a 41;4.Sin especificar;1.Menos de 2500 gramos;1
90;1;2;3.20 a 24;4.28 a 31;3.Secundario/Polimodal Completa y más;2.2500 gramos y más;4
90;1;2;2.15 a 19;4.28 a 31;2.Secundaria/Polimodal Incompleta;2.2500 gramos y más;1
46;1;2;1.Menor de 15;6.37 a 41;2.Secundaria/Polimodal Incompleta;2.2500 gramos y más;3
46;1;1;3.20 a 24;3.24 a 27;3.Secundario/Polimodal Completa y más;1.Menos de 2500 gramos;2
06;1;1;5.30 a 34;8.Sin especificar;2.Secundaria/Polimodal Incompleta;2.2500 gramos y más;25
30;2;2;6.35 a 39;5.32 a 36;2.Secundaria/Polimodal Incompleta;2.2500 gramos y más;1
74;2;2;6.35 a 39;6.37 a 41;1.Hasta Primaria/C.EGB Completa;2.2500 gramos y más;1
26;2;2;4.25 a 29;5.32 a 36;1.Hasta Primaria/C.EGB Completa;2.2500 gramos y más;1
74;1;1;6.35 a 39;4.28 a 31;3.Secundario/Polimodal Completa y más;2.2500 gramos y más;1
18;1;1;5.30 a 34;7.42 y más;1.Hasta Primaria/C.EGB Completa;2.2500 gramos y más;2
38;1;1;2.15 a 19;5.32 a 36;1.Hasta Primaria/C.EGB Completa;1.Menos de 2500 gramos;2
34;1;2;2.15 a 19;3.24 a 27;4.Sin especificar;1.Menos de 2500 gramos;2
54;1;1;4.25 a 29;6.37 a 41;1.Hasta Primaria/C.EGB Completa;2.2500 gramos y más;709
06;1;1;5.30 a 34;8.Sin especificar;2.Secundaria/Polimodal Incompleta;3.Sin especificar;7
86;1;1;5.30 a 34;6.37 a 41;3.Secundario/Polimodal Completa y más;2.2500 gramos y más;583
22;9;2;5.30 a 34;4.28 a 31;3.Secundario/Polimodal Completa y más;1.Menos de 2500 gramos;1
50;1;1;8.De 45 y más;4.28 a 31;3.Secundario/Polimodal Completa y más;1.Menos de 2500 gramos;1
82;2;1;3.20 a 24;6.37 a 41;1.Hasta Primaria/C.EGB Completa;2.2500 gramos y más;4
90;2;1;5.30 a 34;5.32 a 36;1.Hasta Primaria/C.EGB Completa;1.Menos de 2500 gramos;5
30;1;2;4.25 a 29;6.37 a 41;2.Secundaria/Polimodal Incompleta;2.2500 gramos y más;447
06;1;2;5.30 a 34;3.24 a 27;2.Secundaria/Polimodal Incompleta;3.Sin especificar;1
54;1;2;2.15 a 19;3.24 a 27;3.Secundario/Polimodal Completa y más;1.Menos de 2500 gramos;1
62;2;1;4.25 a 29;6.37 a 41;3.Secundario/Polimodal Completa y más;2.2500 gramos y más;4
22;1;1;8.De 45 y más;6.37 a 41;1.Hasta Primaria/C.EGB Completa;2.2500 gramos y más;4
38;1;2;6.35 a 39;7.42 y más;1.Hasta Primaria/C.EGB Completa;2.2500 gramos y más;2
50;2;2;3.20 a 24;6.37 a 41;3.Secundario/Polimodal Completa y más;2.2500 gramos y más;4
22;1;2;4.25 a 29;5.32 a 36;1.Hasta Primaria/C.EGB Completa;2.2500 gramos y más;15
02;1;2;4.25 a 29;6.37 a 41;3.Secundario/Polimodal Completa y más;2.2500 gramos y más;1198
58;1;1;3.20 a 24;5.32 a 36;2.Secundaria/Polimodal Incompleta;1.Menos de 2500 gramos;7
06;1;2;4.25 a 29;2.22 a 23;1.Hasta Primaria/C.EGB Completa;1.Menos de 2500 gramos;3
82;1;2;5.30 a 34;6.37 a 41;2.Secundaria/Polimodal Incompleta;2.2500 gramos y más;612
02;1;1;2.15 a 19;6.37 a 41;1.Hasta Primaria/C.EGB Completa;2.2500 gramos y más;110
06;2;9;4.25 a 29;8.Sin especificar;3.Secundario/Polimodal Completa y más;1.Menos de 2500 gramos;1
46;1;1;2.15 a 19;5.32 a 36;1.Hasta Primaria/C.EGB Completa;1.Menos de 2500 gramos;2
46;1;2;3.20 a 24;5.32 a 36;2.Secundaria/Polimodal Incompleta;1.Menos de 2500 gramos;1
82;2;1;4.25 a 29;6.37 a 41;3.Secundario/Polimodal Completa y más;2.2500 gramos y más;14
22;1;1;4.25 a 29;7.42 y más;3.Secundario/Polimodal Completa y más;2.2500 gramos y más;3
22;1;2;5.30 a 34;6.37 a 41;2.Secundaria/Polimodal Incompleta;1.Menos de 2500 gramos;4
06;1;2;4.25 a 29;8.Sin especificar;4.Sin especificar;3.Sin especificar;361
42;1;2;3.20 a 24;5.32 a 36;3.Secundario/Polimodal Completa y más;2.2500 gramos y más;13
34;2;2;5.30 a 34;5.32 a 36;4.Sin especificar;2.2500 gramos y más;3
82;1;1;8.De 45 y más;5.32 a 36;2.Secundaria/Polimodal Incompleta;1.Menos de 2500 gramos;2
06;2;1;4.25 a 29;5.32 a 36;1.Hasta Primaria/C.EGB Completa;2.2500 gramos y más;14
02;1;2;9.Sin especificar;6.37 a 41;3.Secundario/Polimodal Completa y más;2.2500 gramos y más;1
22;1;1;5.30 a 34;4.28 a 31;2.Secundaria/Polimodal Incompleta;1.Menos de 2500 gramos;3
90;2;2;5.30 a 34;4.28 a 31;1.Hasta Primaria/C.EGB Completa;1.Menos de 2500 gramos;3
90;1;2;5.30 a 34;6.37 a 41;3.Secundario/Polimodal Completa y más;2.2500 gramos y más;1331
06;1;2;7.40 a 44;4.28 a 31;3.Secundario/Polimodal Completa y más;1.Menos de 2500 gramos;20
22;1;1;4.25 a 29;7.42 y más;1.Hasta Primaria/C.EGB Completa;2.2500 gramos y más;3
46;1;2;7.40 a 44;6.37 a 41;3.Secundario/Polimodal Completa y más;1.Menos de 2500 gramos;4
26;1;2;7.40 a 44;5.32 a 36;4.Sin especificar;1.Menos de 2500 gramos;1
06;9;2;6.35 a 39;3.24 a 27;3.Secundario/Polimodal Completa y más;1.Menos de 2500 gramos;1
14;1;1;6.35 a 39;5.32 a 36;3.Secundario/Polimodal Completa y más;2.2500 gramos y más;77
34;1;1;4.25 a 29;6.37 a 41;3.Secundario/Polimodal Completa y más;1.Menos de 2500 gramos;6
06;2;2;4.25 a 29;4.28 a 31;2.Secundaria/Polimodal Incompleta;1.Menos de 2500 gramos;3
66;2;1;4.25 a 29;6.37 a 41;1.Hasta Primaria/C.EGB Completa;1.Menos de 2500 gramos;3
06;1;2;9.Sin especificar;8.Sin especificar;3.Secundario/Polimodal Completa y más;1.Menos de 2500 gramos;3
30;2;2;3.20 a 24;5.32 a 36;3.Secundario/Polimodal Completa y más;1.Menos de 2500 gramos;1
06;1;1;2.15 a 19;6.37 a 41;2.Secundaria/Polimodal Incompleta;3.Sin especificar;20
14;1;1;6.35 a 39;5.32 a 36;4.Sin especificar;1.Menos de 2500 gramos;2
42;1;1;4.25 a 29;5.32 a 36;3.Secundario/Polimodal Completa y más;2.2500 gramos y más;11
18;1;2;4.25 a 29;5.32 a 36;3.Secundario/Polimodal Completa y más;2.2500 gramos y más;36
06;1;2;8.De 45 y más;8.Sin especificar;4.Sin especificar;3.Sin especificar;2
02;1;1;3.20 a 24;5.32 a 36;3.Secundario/Polimodal Completa y más;2.2500 gramos y más;20
94;2;2;3.20 a 24;5.32 a 36;3.Secundario/Polimodal Completa y más;1.Menos de 2500 gramos;2
90;2;2;4.25 a 29;5.32 a 36;1.Hasta Primaria/C.EGB Completa;2.2500 gramos y más;2
14;1;2;4.25 a 29;2.22 a 23;3.Secundario/Polimodal Completa y más;1.Menos de 2500 gramos;1
78;1;2;6.35 a 39;3.24 a 27;3.Secundario/Polimodal Completa y más;1.Menos de 2500 gramos;2
18;1;1;3.20 a 24;5.32 a 36;2.Secundaria/Polimodal Incompleta;1.Menos de 2500 gramos;15
38;1;2;2.15 a 19;6.37 a 41;2.Secundaria/Polimodal Incompleta;1.Menos de 2500 gramos;9
58;1;1;5.30 a 34;6.37 a 41;3.Secundario/Polimodal Completa y más;1.Menos de 2500 gramos;13
58;1;2;4.25 a 29;5.32 a 36;2.Secundaria/Polimodal Incompleta;2.2500 gramos y más;5
54;1;1;5.30 a 34;5.32 a 36;3.Secundario/Polimodal Completa y más;2.2500 gramos y más;42
10;1;1;4.25 a 29;8.Sin especificar;3.Secundario/Polimodal Completa y más;3.Sin especificar;1
06;1;2;4.25 a 29;4.28 a 31;3.Secundario/Polimodal Completa y más;3.Sin especificar;7
06;9;1;4.25 a 29;5.32 a 36;4.Sin especificar;2.2500 gramos y más;1
06;1;1;9.Sin especificar;4.28 a 31;2.Secundaria/Polimodal Incompleta;1.Menos de 2500 gramos;2
86;1;2;1.Menor de 15;4.28 a 31;2.Secundaria/Polimodal Incompleta;1.Menos de 2500 gramos;1
66;1;1;6.35 a 39;6.37 a 41;3.Secundario/Polimodal Completa y más;3.Sin especificar;3
14;1;2;9.Sin especificar;8.Sin especificar;4.Sin especificar;3.Sin especificar;29
62;1;2;3.20 a 24;8.Sin especificar;2.Secundaria/Polimodal Incompleta;2.2500 gramos y más;2
22;2;2;7.40 a 44;6.37 a 41;1.Hasta Primaria/C.EGB Completa;1.Menos de 2500 gramos;1
86;1;2;3.20 a 24;3.24 a 27;1.Hasta Primaria/C.EGB Completa;1.Menos de 2500 gramos;1
02;2;1;7.40 a 44;6.37 a 41;4.Sin especificar;2.2500 gramos y más;5
30;1;2;5.30 a 34;7.42 y más;1.Hasta Primaria/C.EGB Completa;2.2500 gramos y más;1
14;2;1;9.Sin especificar;5.32 a 36;4.Sin especificar;1.Menos de 2500 gramos;2
66;1;1;4.25 a 29;8.Sin especificar;1.Hasta Primaria/C.EGB Completa;2.2500 gramos y más;2
34;1;2;3.20 a 24;4.28 a 31;4.Sin especificar;1.Menos de 2500 gramos;3
06;1;1;5.30 a 34;8.Sin especificar;3.Secundario/Polimodal Completa y más;1.Menos de 2500 gramos;18
42;1;1;2.15 a 19;6.37 a 41;2.Secundaria/Polimodal Incompleta;2.2500 gramos y más;75
14;1;1;7.40 a 44;4.28 a 31;1.Hasta Primaria/C.EGB Completa;1.Menos de 2500 gramos;1
34;1;1;7.40 a 44;6.37 a 41;3.Secundario/Polimodal Completa y más;1.Menos de 2500 gramos;1
38;1;1;6.35 a 39;5.32 a 36;1.Hasta Primaria/C.EGB Completa;2.2500 gramos y más;3
58;1;2;2.15 a 19;5.32 a 36;3.Secundario/Polimodal Completa y más;2.2500 gramos y más;1
18;1;2;4.25 a 29;3.24 a 27;4.Sin especificar;1.Menos de 2500 gramos;3
66;1;1;2.15 a 19;7.42 y más;3.Secundario/Polimodal Completa y más;2.2500 gramos y más;1
06;9;1;5.30 a 34;6.37 a 41;1.Hasta Primaria/C.EGB Completa;1.Menos de 2500 gramos;1
42;1;1;2.15 a 19;6.37 a 41;2.Secundaria/Polimodal Incompleta;1.Menos de 2500 gramos;2
18;1;1;3.20 a 24;4.28 a 31;2.Secundaria/Polimodal Incompleta;1.Menos de 2500 gramos;3
18;1;2;2.15 a 19;6.37 a 41;2.Secundaria/Polimodal Incompleta;1.Menos de 2500 gramos;10
82;1;1;6.35 a 39;7.42 y más;1.Hasta Primaria/C.EGB Completa;2.2500 gramos y más;1
14;1;1;3.20 a 24;4.28 a 31;1.Hasta Primaria/C.EGB Completa;1.Menos de 2500 gramos;7
34;1;1;4.25 a 29;8.Sin especificar;2.Secundaria/Polimodal Incompleta;1.Menos de 2500 gramos;1
99;1;2;3.20 a 24;6.37 a 41;1.Hasta Primaria/C.EGB Completa;1.Menos de 2500 gramos;1
10;1;2;7.40 a 44;5.32 a 36;3.Secundario/Polimodal Completa y más;1.Menos de 2500 gramos;3
22;1;2;8.De 45 y más;6.37 a 41;2.Secundaria/Polimodal Incompleta;1.Menos de 2500 gramos;1
66;2;1;6.35 a 39;6.37 a 41;1.Hasta Primaria/C.EGB Completa;2.2500 gramos y más;2
30;1;2;3.20 a 24;6.37 a 41;1.Hasta Primaria/C.EGB Completa;1.Menos de 2500 gramos;9
30;1;1;3.20 a 24;6.37 a 41;2.Secundaria/Polimodal Incompleta;1.Menos de 2500 gramos;19
90;2;1;3.20 a 24;6.37 a 41;2.Secundaria/Polimodal Incompleta;1.Menos de 2500 gramos;1
14;1;2;1.Menor de 15;6.37 a 41;1.Hasta Primaria/C.EGB Completa;1.Menos de 2500 gramos;1
02;1;1;1.Menor de 15;6.37 a 41;4.Sin especificar;2.2500 gramos y más;1
62;2;2;7.40 a 44;6.37 a 41;3.Secundario/Polimodal Completa y más;1.Menos de 2500 gramos;1
62;2;1;4.25 a 29;5.32 a 36;3.Secundario/Polimodal Completa y más;2.2500 gramos y más;2
86;1;1;3.20 a 24;5.32 a 36;1.Hasta Primaria/C.EGB Completa;2.2500 gramos y más;51
90;2;1;2.15 a 19;6.37 a 41;2.Secundaria/Polimodal Incompleta;1.Menos de 2500 gramos;1
58;1;2;5.30 a 34;5.32 a 36;2.Secundaria/Polimodal Incompleta;2.2500 gramos y más;14
90;1;2;5.30 a 34;8.Sin especificar;2.Secundaria/Polimodal Incompleta;2.2500 gramos y más;3
14;2;1;7.40 a 44;6.37 a 41;1.Hasta Primaria/C.EGB Completa;2.2500 gramos y más;2
06;1;2;1.Menor de 15;7.42 y más;2.Secundaria/Polimodal Incompleta;2.2500 gramos y más;1
06;2;1;5.30 a 34;6.37 a 41;1.Hasta Primaria/C.EGB Completa;1.Menos de 2500 gramos;8
86;2;1;7.40 a 44;6.37 a 41;1.Hasta Primaria/C.EGB Completa;1.Menos de 2500 gramos;1
66;1;1;5.30 a 34;8.Sin especificar;3.Secundario/Polimodal Completa y más;2.2500 gramos y más;33
02;2;2;7.40 a 44;4.28 a 31;3.Secundario/Polimodal Completa y más;1.Menos de 2500 gramos;2
66;1;2;3.20 a 24;6.37 a 41;2.Secundaria/Polimodal Incompleta;3.Sin especificar;2
14;1;2;5.30 a 34;5.32 a 36;2.Secundaria/Polimodal Incompleta;2.2500 gramos y más;19
06;2;1;4.25 a 29;3.24 a 27;1.Hasta Primaria/C.EGB Completa;1.Menos de 2500 gramos;5
30;1;1;5.30 a 34;4.28 a 31;3.Secundario/Polimodal Completa y más;1.Menos de 2500 gramos;4
06;1;9;4.25 a 29;6.37 a 41;2.Secundaria/Polimodal Incompleta;1.Menos de 2500 gramos;1
62;1;2;9.Sin especificar;6.37 a 41;4.Sin especificar;3.Sin especificar;1
90;1;2;4.25 a 29;8.Sin especificar;3.Secundario/Polimodal Completa y más;3.Sin especificar;1
14;1;2;5.30 a 34;6.37 a 41;1.Hasta Primaria/C.EGB Completa;3.Sin especificar;1
46;1;1;4.25 a 29;8.Sin especificar;3.Secundario/Polimodal Completa y más;2.2500 gramos y más;1
90;1;2;6.35 a 39;7.42 y más;2.Secundaria/Polimodal Incompleta;1.Menos de 2500 gramos;1
06;2;2;6.35 a 39;6.37 a 41;3.Secundario/Polimodal Completa y más;1.Menos de 2500 gramos;29
22;1;2;2.15 a 19;8.Sin especificar;3.Secundario/Polimodal Completa y más;2.2500 gramos y más;2
86;2;1;5.30 a 34;6.37 a 41;1.Hasta Primaria/C.EGB Completa;2.2500 gramos y más;2
86;1;2;6.35 a 39;5.32 a 36;2.Secundaria/Polimodal Incompleta;1.Menos de 2500 gramos;4
50;1;1;6.35 a 39;4.28 a 31;3.Secundario/Polimodal Completa y más;1.Menos de 2500 gramos;8
06;1;2;2.15 a 19;8.Sin especificar;3.Secundario/Polimodal Completa y más;1.Menos de 2500 gramos;3
22;1;1;5.30 a 34;4.28 a 31;3.Secundario/Polimodal Completa y más;1.Menos de 2500 gramos;6
34;2;1;5.30 a 34;4.28 a 31;3.Secundario/Polimodal Completa y más;1.Menos de 2500 gramos;1
54;1;1;2.15 a 19;5.32 a 36;1.Hasta Primaria/C.EGB Completa;2.2500 gramos y más;19
54;1;2;3.20 a 24;4.28 a 31;1.Hasta Primaria/C.EGB Completa;1.Menos de 2500 gramos;4
74;1;1;2.15 a 19;7.42 y más;3.Secundario/Polimodal Completa y más;2.2500 gramos y más;4
06;1;2;5.30 a 34;4.28 a 31;3.Secundario/Polimodal Completa y más;1.Menos de 2500 gramos;62
90;1;2;5.30 a 34;4.28 a 31;3.Secundario/Polimodal Completa y más;1.Menos de 2500 gramos;6
66;1;1;1.Menor de 15;5.32 a 36;1.Hasta Primaria/C.EGB Completa;1.Menos de 2500 gramos;3
06;1;2;3.20 a 24;4.28 a 31;4.Sin especificar;1.Menos de 2500 gramos;13
58;2;2;2.15 a 19;4.28 a 31;3.Secundario/Polimodal Completa y más;1.Menos de 2500 gramos;2
82;2;2;7.40 a 44;4.28 a 31;3.Secundario/Polimodal Completa y más;1.Menos de 2500 gramos;3
06;2;1;7.40 a 44;8.Sin especificar;2.Secundaria/Polimodal Incompleta;1.Menos de 2500 gramos;1
74;1;1;2.15 a 19;6.37 a 41;2.Secundaria/Polimodal Incompleta;1.Menos de 2500 gramos;2
06;2;2;3.20 a 24;5.32 a 36;2.Secundaria/Polimodal Incompleta;3.Sin especificar;1
74;1;1;5.30 a 34;5.32 a 36;4.Sin especificar;1.Menos de 2500 gramos;3
30;1;2;6.35 a 39;6.37 a 41;2.Secundaria/Polimodal Incompleta;2.2500 gramos y más;138
94;2;2;5.30 a 34;5.32 a 36;1.Hasta Primaria/C.EGB Completa;2.2500 gramos y más;1
02;1;2;6.35 a 39;5.32 a 36;2.Secundaria/Polimodal Incompleta;1.Menos de 2500 gramos;2
42;1;1;2.15 a 19;5.32 a 36;1.Hasta Primaria/C.EGB Completa;2.2500 gramos y más;3
70;1;2;3.20 a 24;6.37 a 41;1.Hasta Primaria/C.EGB Completa;1.Menos de 2500 gramos;8
02;9;2;5.30 a 34;8.Sin especificar;4.Sin especificar;1.Menos de 2500 gramos;1
70;2;2;3.20 a 24;6.37 a 41;3.Secundario/Polimodal Completa y más;1.Menos de 2500 gramos;3
18;1;2;5.30 a 34;4.28 a 31;4.Sin especificar;2.2500 gramos y más;1
10;2;2;6.35 a 39;6.37 a 41;3.Secundario/Polimodal Completa y más;2.2500 gramos y más;3
22;1;2;2.15 a 19;3.24 a 27;2.Secundaria/Polimodal Incompleta;1.Menos de 2500 gramos;1
90;1;2;5.30 a 34;5.32 a 36;3.Secundario/Polimodal Completa y más;2.2500 gramos y más;78
34;1;1;4.25 a 29;6.37 a 41;2.Secundaria/Polimodal Incompleta;1.Menos de 2500 gramos;4
54;9;1;6.35 a 39;6.37 a 41;4.Sin especificar;2.2500 gramos y más;1
54;1;2;4.25 a 29;6.37 a 41;3.Secundario/Polimodal Completa y más;3.Sin especificar;1
99;1;2;6.35 a 39;8.Sin especificar;4.Sin especificar;3.Sin especificar;5
90;2;1;6.35 a 39;4.28 a 31;2.Secundaria/Polimodal Incompleta;1.Menos de 2500 gramos;1
34;2;2;6.35 a 39;6.37 a 41;3.Secundario/Polimodal Completa y más;2.2500 gramos y más;1
14;1;2;4.25 a 29;8.Sin especificar;1.Hasta Primaria/C.EGB Completa;2.2500 gramos y más;1
90;1;1;7.40 a 44;6.37 a 41;1.Hasta Primaria/C.EGB Completa;1.Menos de 2500 gramos;6
06;1;1;1.Menor de 15;6.37 a 41;2.Secundaria/Polimodal Incompleta;2.2500 gramos y más;56
82;2;1;2.15 a 19;6.37 a 41;1.Hasta Primaria/C.EGB Completa;2.2500 gramos y más;3
66;1;2;4.25 a 29;7.42 y más;3.Secundario/Polimodal Completa y más;2.2500 gramos y más;3
34;1;1;3.20 a 24;8.Sin especificar;1.Hasta Primaria/C.EGB Completa;2.2500 gramos y más;1
34;1;2;4.25 a 29;5.32 a 36;2.Secundaria/Polimodal Incompleta;2.2500 gramos y más;9
30;2;1;3.20 a 24;4.28 a 31;2.Secundaria/Polimodal Incompleta;1.Menos de 2500 gramos;1
50;2;2;3.20 a 24;5.32 a 36;2.Secundaria/Polimodal Incompleta;1.Menos de 2500 gramos;14
06;1;9;4.25 a 29;8.Sin especificar;2.Secundaria/Polimodal Incompleta;2.2500 gramos y más;2
22;2;1;5.30 a 34;6.37 a 41;1.Hasta Primaria/C.EGB Completa;2.2500 gramos y más;4
86;1;2;5.30 a 34;6.37 a 41;2.Secundaria/Polimodal Incompleta;1.Menos de 2500 gramos;6
18;1;2;3.20 a 24;8.Sin especificar;3.Secundario/Polimodal Completa y más;3.Sin especificar;2
02;2;1;5.30 a 34;5.32 a 36;1.Hasta Primaria/C.EGB Completa;2.2500 gramos y más;2
90;1;2;5.30 a 34;6.37 a 41;2.Secundaria/Polimodal Incompleta;2.2500 gramos y más;180
66;1;2;7.40 a 44;3.24 a 27;2.Secundaria/Polimodal Incompleta;1.Menos de 2500 gramos;1
02;2;1;4.25 a 29;5.32 a 36;1.Hasta Primaria/C.EGB Completa;1.Menos de 2500 gramos;4
02;1;1;6.35 a 39;6.37 a 41;2.Secundaria/Polimodal Incompleta;2.2500 gramos y más;101
06;2;1;5.30 a 34;6.37 a 41;2.Secundaria/Polimodal Incompleta;2.2500 gramos y más;22
26;1;1;3.20 a 24;5.32 a 36;4.Sin especificar;1.Menos de 2500 gramos;4
30;1;1;6.35 a 39;5.32 a 36;4.Sin especificar;2.2500 gramos y más;2
86;1;2;2.15 a 19;4.28 a 31;2.Secundaria/Polimodal Incompleta;1.Menos de 2500 gramos;3
66;2;1;4.25 a 29;5.32 a 36;3.Secundario/Polimodal Completa y más;1.Menos de 2500 gramos;10
26;1;1;7.40 a 44;5.32 a 36;3.Secundario/Polimodal Completa y más;2.2500 gramos y más;3
90;1;2;9.Sin especificar;6.37 a 41;1.Hasta Primaria/C.EGB Completa;2.2500 gramos y más;4
02;1;1;6.35 a 39;5.32 a 36;3.Secundario/Polimodal Completa y más;1.Menos de 2500 gramos;66
62;1;2;7.40 a 44;5.32 a 36;4.Sin especificar;2.2500 gramos y más;1
90;1;2;3.20 a 24;2.22 a 23;3.Secundario/Polimodal Completa y más;1.Menos de 2500 gramos;1
06;1;1;7.40 a 44;4.28 a 31;2.Secundaria/Polimodal Incompleta;1.Menos de 2500 gramos;4
18;1;1;2.15 a 19;5.32 a 36;2.Secundaria/Polimodal Incompleta;1.Menos de 2500 gramos;23
90;1;1;4.25 a 29;7.42 y más;2.Secundaria/Polimodal Incompleta;2.2500 gramos y más;23
70;1;1;5.30 a 34;5.32 a 36;2.Secundaria/Polimodal Incompleta;1.Menos de 2500 gramos;7
54;1;1;4.25 a 29;6.37 a 41;1.Hasta Primaria/C.EGB Completa;1.Menos de 2500 gramos;21
06;1;2;2.15 a 19;2.22 a 23;2.Secundaria/Polimodal Incompleta;1.Menos de 2500 gramos;4
50;2;2;5.30 a 34;3.24 a 27;2.Secundaria/Polimodal Incompleta;1.Menos de 2500 gramos;1
06;2;2;4.25 a 29;5.32 a 36;2.Secundaria/Polimodal Incompleta;1.Menos de 2500 gramos;36
94;1;1;8.De 45 y más;5.32 a 36;3.Secundario/Polimodal Completa y más;1.Menos de 2500 gramos;1
30;1;2;4.25 a 29;6.37 a 41;2.Secundaria/Polimodal Incompleta;1.Menos de 2500 gramos;10
02;1;2;5.30 a 34;5.32 a 36;1.Hasta Primaria/C.EGB Completa;2.2500 gramos y más;10
90;1;2;3.20 a 24;4.28 a 31;3.Secundario/Polimodal Completa y más;1.Menos de 2500 gramos;11
78;1;1;3.20 a 24;3.24 a 27;4.Sin especificar;1.Menos de 2500 gramos;1
10;9;1;3.20 a 24;6.37 a 41;2.Secundaria/Polimodal Incompleta;2.2500 gramos y más;1
90;1;1;4.25 a 29;5.32 a 36;2.Secundaria/Polimodal Incompleta;2.2500 gramos y más;21
70;1;1;5.30 a 34;5.32 a 36;2.Secundaria/Polimodal Incompleta;2.2500 gramos y más;8
30;1;2;6.35 a 39;6.37 a 41;2.Secundaria/Polimodal Incompleta;1.Menos de 2500 gramos;7
14;1;2;6.35 a 39;8.Sin especificar;4.Sin especificar;3.Sin especificar;3
74;2;1;3.20 a 24;4.28 a 31;2.Secundaria/Polimodal Incompleta;1.Menos de 2500 gramos;1
38;1;1;2.15 a 19;5.32 a 36;3.Secundario/Polimodal Completa y más;2.2500 gramos y más;1
30;1;1;4.25 a 29;5.32 a 36;4.Sin especificar;3.Sin especificar;1
14;1;2;5.30 a 34;6.37 a 41;3.Secundario/Polimodal Completa y más;2.2500 gramos y más;3359
58;1;2;4.25 a 29;5.32 a 36;3.Secundario/Polimodal Completa y más;2.2500 gramos y más;16
06;2;1;8.De 45 y más;5.32 a 36;1.Hasta Primaria/C.EGB Completa;2.2500 gramos y más;1
66;1;1;6.35 a 39;5.32 a 36;3.Secundario/Polimodal Completa y más;1.Menos de 2500 gramos;39
58;2;2;5.30 a 34;5.32 a 36;1.Hasta Primaria/C.EGB Completa;2.2500 gramos y más;1
78;1;2;5.30 a 34;5.32 a 36;1.Hasta Primaria/C.EGB Completa;2.2500 gramos y más;1
18;1;1;3.20 a 24;5.32 a 36;4.Sin especificar;1.Menos de 2500 gramos;11
38;1;2;5.30 a 34;3.24 a 27;2.Secundaria/Polimodal Incompleta;1.Menos de 2500 gramos;1
58;1;1;5.30 a 34;4.28 a 31;1.Hasta Primaria/C.EGB Completa;1.Menos de 2500 gramos;1
90;1;2;5.30 a 34;5.32 a 36;2.Secundaria/Polimodal Incompleta;2.2500 gramos y más;17
62;1;1;6.35 a 39;5.32 a 36;1.Hasta Primaria/C.EGB Completa;1.Menos de 2500 gramos;6
30;1;1;4.25 a 29;6.37 a 41;2.Secundaria/Polimodal Incompleta;2.2500 gramos y más;473
50;2;2;3.20 a 24;6.37 a 41;2.Secundaria/Polimodal Incompleta;1.Menos de 2500 gramos;2
22;2;2;3.20 a 24;5.32 a 36;1.Hasta Primaria/C.EGB Completa;2.2500 gramos y más;1
38;1;2;2.15 a 19;6.37 a 41;3.Secundario/Polimodal Completa y más;2.2500 gramos y más;86
10;1;1;9.Sin especificar;8.Sin especificar;4.Sin especificar;3.Sin especificar;14
18;2;2;6.35 a 39;5.32 a 36;4.Sin especificar;1.Menos de 2500 gramos;1
62;1;1;4.25 a 29;5.32 a 36;4.Sin especificar;1.Menos de 2500 gramos;1
62;1;2;8.De 45 y más;6.37 a 41;3.Secundario/Polimodal Completa y más;2.2500 gramos y más;5
18;2;1;5.30 a 34;5.32 a 36;2.Secundaria/Polimodal Incompleta;1.Menos de 2500 gramos;1
30;1;2;2.15 a 19;6.37 a 41;4.Sin especificar;3.Sin especificar;1
34;1;2;5.30 a 34;4.28 a 31;3.Secundario/Polimodal Completa y más;1.Menos de 2500 gramos;3
14;2;1;4.25 a 29;4.28 a 31;3.Secundario/Polimodal Completa y más;1.Menos de 2500 gramos;6
34;1;1;5.30 a 34;3.24 a 27;3.Secundario/Polimodal Completa y más;1.Menos de 2500 gramos;2
30;1;2;5.30 a 34;6.37 a 41;3.Secundario/Polimodal Completa y más;2.2500 gramos y más;1193
66;1;2;4.25 a 29;6.37 a 41;1.Hasta Primaria/C.EGB Completa;2.2500 gramos y más;303
90;1;2;4.25 a 29;8.Sin especificar;3.Secundario/Polimodal Completa y más;2.2500 gramos y más;24
10;1;2;2.15 a 19;6.37 a 41;2.Secundaria/Polimodal Incompleta;2.2500 gramos y más;143
90;1;1;4.25 a 29;7.42 y más;3.Secundario/Polimodal Completa y más;1.Menos de 2500 gramos;1
78;1;2;2.15 a 19;5.32 a 36;2.Secundaria/Polimodal Incompleta;2.2500 gramos y más;3
22;1;1;4.25 a 29;6.37 a 41;2.Secundaria/Polimodal Incompleta;3.Sin especificar;1
78;1;1;5.30 a 34;6.37 a 41;4.Sin especificar;2.2500 gramos y más;2
14;2;1;6.35 a 39;5.32 a 36;2.Secundaria/Polimodal Incompleta;2.2500 gramos y más;1
78;2;2;5.30 a 34;6.37 a 41;3.Secundario/Polimodal Completa y más;2.2500 gramos y más;3
54;1;2;7.40 a 44;6.37 a 41;1.Hasta Primaria/C.EGB Completa;1.Menos de 2500 gramos;6
02;1;2;8.De 45 y más;6.37 a 41;1.Hasta Primaria/C.EGB Completa;2.2500 gramos y más;9
99;2;1;9.Sin especificar;8.Sin especificar;4.Sin especificar;3.Sin especificar;2
14;9;1;2.15 a 19;5.32 a 36;3.Secundario/Polimodal Completa y más;2.2500 gramos y más;1
14;1;2;7.40 a 44;5.32 a 36;2.Secundaria/Polimodal Incompleta;1.Menos de 2500 gramos;4
14;1;1;4.25 a 29;6.37 a 41;2.Secundaria/Polimodal Incompleta;2.2500 gramos y más;1225
26;1;2;3.20 a 24;5.32 a 36;1.Hasta Primaria/C.EGB Completa;2.2500 gramos y más;1
90;1;1;5.30 a 34;7.42 y más;3.Secundario/Polimodal Completa y más;2.2500 gramos y más;35
26;1;1;3.20 a 24;6.37 a 41;4.Sin especificar;1.Menos de 2500 gramos;1
06;1;9;5.30 a 34;6.37 a 41;4.Sin especificar;1.Menos de 2500 gramos;2
14;1;1;5.30 a 34;8.Sin especificar;4.Sin especificar;3.Sin especificar;3
62;2;1;4.25 a 29;6.37 a 41;2.Secundaria/Polimodal Incompleta;2.2500 gramos y más;2
62;1;1;5.30 a 34;6.37 a 41;3.Secundario/Polimodal Completa y más;1.Menos de 2500 gramos;7
06;1;2;1.Menor de 15;3.24 a 27;2.Secundaria/Polimodal Incompleta;1.Menos de 2500 gramos;1
90;1;2;5.30 a 34;3.24 a 27;1.Hasta Primaria/C.EGB Completa;1.Menos de 2500 gramos;5
02;1;1;4.25 a 29;6.37 a 41;3.Secundario/Polimodal Completa y más;2.2500 gramos y más;1277
02;2;1;3.20 a 24;5.32 a 36;1.Hasta Primaria/C.EGB Completa;1.Menos de 2500 gramos;1
06;2;2;4.25 a 29;6.37 a 41;3.Secundario/Polimodal Completa y más;3.Sin especificar;2
62;2;1;5.30 a 34;5.32 a 36;3.Secundario/Polimodal Completa y más;2.2500 gramos y más;3
74;1;2;2.15 a 19;5.32 a 36;2.Secundaria/Polimodal Incompleta;1.Menos de 2500 gramos;9
26;1;1;5.30 a 34;6.37 a 41;3.Secundario/Polimodal Completa y más;2.2500 gramos y más;533
30;1;2;4.25 a 29;8.Sin especificar;2.Secundaria/Polimodal Incompleta;2.2500 gramos y más;6
18;1;2;7.40 a 44;6.37 a 41;4.Sin especificar;2.2500 gramos y más;37
06;2;2;4.25 a 29;3.24 a 27;3.Secundario/Polimodal Completa y más;1.Menos de 2500 gramos;10
06;1;1;6.35 a 39;8.Sin especificar;1.Hasta Primaria/C.EGB Completa;2.2500 gramos y más;20
18;1;2;2.15 a 19;6.37 a 41;1.Hasta Primaria/C.EGB Completa;1.Menos de 2500 gramos;7
50;1;1;2.15 a 19;7.42 y más;2.Secundaria/Polimodal Incompleta;2.2500 gramos y más;1
46;1;2;5.30 a 34;6.37 a 41;2.Secundaria/Polimodal Incompleta;2.2500 gramos y más;32
18;1;2;5.30 a 34;4.28 a 31;3.Secundario/Polimodal Completa y más;1.Menos de 2500 gramos;3
82;2;1;5.30 a 34;4.28 a 31;1.Hasta Primaria/C.EGB Completa;1.Menos de 2500 gramos;1
14;1;2;4.25 a 29;4.28 a 31;3.Secundario/Polimodal Completa y más;1.Menos de 2500 gramos;18
34;1;2;3.20 a 24;6.37 a 41;3.Secundario/Polimodal Completa y más;2.2500 gramos y más;361
86;2;1;4.25 a 29;4.28 a 31;3.Secundario/Polimodal Completa y más;1.Menos de 2500 gramos;3
86;1;1;6.35 a 39;6.37 a 41;4.Sin especificar;1.Menos de 2500 gramos;1
74;1;2;3.20 a 24;4.28 a 31;2.Secundaria/Polimodal Incompleta;1.Menos de 2500 gramos;4
18;1;2;2.15 a 19;5.32 a 36;1.Hasta Primaria/C.EGB Completa;1.Menos de 2500 gramos;6
06;2;2;7.40 a 44;6.37 a 41;1.Hasta Primaria/C.EGB Completa;1.Menos de 2500 gramos;1
18;1;2;4.25 a 29;3.24 a 27;3.Secundario/Polimodal Completa y más;1.Menos de 2500 gramos;1
62;1;1;7.40 a 44;4.28 a 31;3.Secundario/Polimodal Completa y más;1.Menos de 2500 gramos;2
34;1;2;2.15 a 19;4.28 a 31;3.Secundario/Polimodal Completa y más;1.Menos de 2500 gramos;1
30;1;2;1.Menor de 15;5.32 a 36;1.Hasta Primaria/C.EGB Completa;2.2500 gramos y más;1
02;1;1;9.Sin especificar;6.37 a 41;3.Secundario/Polimodal Completa y más;2.2500 gramos y más;3
74;2;1;4.25 a 29;5.32 a 36;3.Secundario/Polimodal Completa y más;1.Menos de 2500 gramos;4
62;1;2;8.De 45 y más;5.32 a 36;3.Secundario/Polimodal Completa y más;1.Menos de 2500 gramos;1
74;2;2;2.15 a 19;6.37 a 41;2.Secundaria/Polimodal Incompleta;2.2500 gramos y más;1
22;9;1;5.30 a 34;6.37 a 41;2.Secundaria/Polimodal Incompleta;3.Sin especificar;1
58;1;2;7.40 a 44;7.42 y más;1.Hasta Primaria/C.EGB Completa;2.2500 gramos y más;1
06;2;2;7.40 a 44;2.22 a 23;4.Sin especificar;1.Menos de 2500 gramos;1
02;1;2;6.35 a 39;6.37 a 41;4.Sin especificar;2.2500 gramos y más;338
54;1;2;4.25 a 29;7.42 y más;4.Sin especificar;2.2500 gramos y más;1
02;1;1;5.30 a 34;7.42 y más;1.Hasta Primaria/C.EGB Completa;2.2500 gramos y más;2
50;1;2;3.20 a 24;4.28 a 31;1.Hasta Primaria/C.EGB Completa;1.Menos de 2500 gramos;1
06;1;2;5.30 a 34;3.24 a 27;2.Secundaria/Polimodal Incompleta;1.Menos de 2500 gramos;5
30;2;1;4.25 a 29;3.24 a 27;2.Secundaria/Polimodal Incompleta;1.Menos de 2500 gramos;2
26;1;1;3.20 a 24;5.32 a 36;4.Sin especificar;2.2500 gramos y más;4
82;1;1;3.20 a 24;7.42 y más;3.Secundario/Polimodal Completa y más;2.2500 gramos y más;3
22;2;1;5.30 a 34;5.32 a 36;2.Secundaria/Polimodal Incompleta;1.Menos de 2500 gramos;2
06;9;1;2.15 a 19;8.Sin especificar;2.Secundaria/Polimodal Incompleta;3.Sin especificar;1
22;1;2;8.De 45 y más;6.37 a 41;3.Secundario/Polimodal Completa y más;2.2500 gramos y más;4
02;1;1;4.25 a 29;6.37 a 41;1.Hasta Primaria/C.EGB Completa;2.2500 gramos y más;338
02;1;2;5.30 a 34;4.28 a 31;2.Secundaria/Polimodal Incompleta;1.Menos de 2500 gramos;1
70;1;1;3.20 a 24;5.32 a 36;3.Secundario/Polimodal Completa y más;1.Menos de 2500 gramos;11
06;2;1;4.25 a 29;8.Sin especificar;1.Hasta Primaria/C.EGB Completa;3.Sin especificar;1
50;1;1;5.30 a 34;6.37 a 41;2.Secundaria/Polimodal Incompleta;1.Menos de 2500 gramos;3
34;1;1;6.35 a 39;5.32 a 36;3.Secundario/Polimodal Completa y más;2.2500 gramos y más;14
14;2;1;2.15 a 19;4.28 a 31;2.Secundaria/Polimodal Incompleta;1.Menos de 2500 gramos;2
14;2;1;3.20 a 24;8.Sin especificar;2.Secundaria/Polimodal Incompleta;2.2500 gramos y más;1
58;2;1;7.40 a 44;6.37 a 41;3.Secundario/Polimodal Completa y más;2.2500 gramos y más;1
10;1;1;7.40 a 44;6.37 a 41;2.Secundaria/Polimodal Incompleta;2.2500 gramos y más;11
22;1;1;3.20 a 24;4.28 a 31;3.Secundario/Polimodal Completa y más;1.Menos de 2500 gramos;7
26;1;2;4.25 a 29;6.37 a 41;4.Sin especificar;2.2500 gramos y más;106
02;9;2;3.20 a 24;6.37 a 41;4.Sin especificar;3.Sin especificar;2
38;1;1;3.20 a 24;5.32 a 36;1.Hasta Primaria/C.EGB Completa;2.2500 gramos y más;6
06;1;2;4.25 a 29;8.Sin especificar;1.Hasta Primaria/C.EGB Completa;3.Sin especificar;4
38;1;1;3.20 a 24;3.24 a 27;2.Secundaria/Polimodal Incompleta;1.Menos de 2500 gramos;2
82;2;2;3.20 a 24;5.32 a 36;1.Hasta Primaria/C.EGB Completa;1.Menos de 2500 gramos;7
66;2;1;3.20 a 24;5.32 a 36;1.Hasta Primaria/C.EGB Completa;1.Menos de 2500 gramos;1
90;1;1;4.25 a 29;6.37 a 41;1.Hasta Primaria/C.EGB Completa;1.Menos de 2500 gramos;13
18;1;1;6.35 a 39;3.24 a 27;4.Sin especificar;1.Menos de 2500 gramos;1
38;1;1;2.15 a 19;6.37 a 41;3.Secundario/Polimodal Completa y más;1.Menos de 2500 gramos;3
66;2;1;7.40 a 44;6.37 a 41;2.Secundaria/Polimodal Incompleta;1.Menos de 2500 gramos;2
99;1;1;9.Sin especificar;6.37 a 41;4.Sin especificar;2.2500 gramos y más;9
54;2;1;3.20 a 24;5.32 a 36;2.Secundaria/Polimodal Incompleta;1.Menos de 2500 gramos;3
06;2;1;4.25 a 29;8.Sin especificar;1.Hasta Primaria/C.EGB Completa;1.Menos de 2500 gramos;1
62;2;2;2.15 a 19;6.37 a 41;2.Secundaria/Polimodal Incompleta;2.2500 gramos y más;1
82;2;2;5.30 a 34;6.37 a 41;2.Secundaria/Polimodal Incompleta;1.Menos de 2500 gramos;2
74;1;1;3.20 a 24;6.37 a 41;4.Sin especificar;2.2500 gramos y más;9
74;1;1;5.30 a 34;6.37 a 41;3.Secundario/Polimodal Completa y más;1.Menos de 2500 gramos;9
18;1;1;3.20 a 24;3.24 a 27;4.Sin especificar;1.Menos de 2500 gramos;1
90;1;1;7.40 a 44;5.32 a 36;2.Secundaria/Polimodal Incompleta;2.2500 gramos y más;4
42;2;1;6.35 a 39;5.32 a 36;3.Secundario/Polimodal Completa y más;2.2500 gramos y más;1
06;1;1;2.15 a 19;5.32 a 36;3.Secundario/Polimodal Completa y más;3.Sin especificar;1
18;1;2;2.15 a 19;2.22 a 23;3.Secundario/Polimodal Completa y más;1.Menos de 2500 gramos;1
14;1;1;3.20 a 24;5.32 a 36;2.Secundaria/Polimodal Incompleta;2.2500 gramos y más;55
86;1;2;6.35 a 39;5.32 a 36;1.Hasta Primaria/C.EGB Completa;2.2500 gramos y más;23
06;1;2;5.30 a 34;5.32 a 36;3.Secundario/Polimodal Completa y más;2.2500 gramos y más;356
02;1;1;3.20 a 24;7.42 y más;3.Secundario/Polimodal Completa y más;2.2500 gramos y más;2
06;2;2;7.40 a 44;5.32 a 36;3.Secundario/Polimodal Completa y más;2.2500 gramos y más;12
06;9;1;9.Sin especificar;6.37 a 41;1.Hasta Primaria/C.EGB Completa;1.Menos de 2500 gramos;1
10;1;1;7.40 a 44;8.Sin especificar;3.Secundario/Polimodal Completa y más;2.2500 gramos y más;1
14;1;1;2.15 a 19;6.37 a 41;3.Secundario/Polimodal Completa y más;1.Menos de 2500 gramos;12
99;1;1;7.40 a 44;6.37 a 41;3.Secundario/Polimodal Completa y más;2.2500 gramos y más;3
22;1;2;4.25 a 29;8.Sin especificar;1.Hasta Primaria/C.EGB Completa;1.Menos de 2500 gramos;1
14;1;2;9.Sin especificar;6.37 a 41;2.Secundaria/Polimodal Incompleta;3.Sin especificar;2
46;1;1;6.35 a 39;4.28 a 31;3.Secundario/Polimodal Completa y más;1.Menos de 2500 gramos;4
22;1;1;2.15 a 19;6.37 a 41;3.Secundario/Polimodal Completa y más;3.Sin especificar;3
54;1;2;4.25 a 29;4.28 a 31;1.Hasta Primaria/C.EGB Completa;1.Menos de 2500 gramos;2
30;1;2;7.40 a 44;6.37 a 41;2.Secundaria/Polimodal Incompleta;1.Menos de 2500 gramos;3
66;1;2;5.30 a 34;8.Sin especificar;3.Secundario/Polimodal Completa y más;2.2500 gramos y más;21
22;9;1;5.30 a 34;6.37 a 41;1.Hasta Primaria/C.EGB Completa;2.2500 gramos y más;1
38;1;2;6.35 a 39;5.32 a 36;3.Secundario/Polimodal Completa y más;2.2500 gramos y más;18
06;1;2;9.Sin especificar;4.28 a 31;1.Hasta Primaria/C.EGB Completa;1.Menos de 2500 gramos;3
06;9;2;6.35 a 39;5.32 a 36;4.Sin especificar;2.2500 gramos y más;2
22;2;1;3.20 a 24;5.32 a 36;1.Hasta Primaria/C.EGB Completa;2.2500 gramos y más;2
02;2;1;3.20 a 24;6.37 a 41;3.Secundario/Polimodal Completa y más;2.2500 gramos y más;3
06;1;1;3.20 a 24;4.28 a 31;4.Sin especificar;3.Sin especificar;1
38;1;1;5.30 a 34;5.32 a 36;2.Secundaria/Polimodal Incompleta;2.2500 gramos y más;4
70;2;2;7.40 a 44;6.37 a 41;2.Secundaria/Polimodal Incompleta;2.2500 gramos y más;1
18;1;2;1.Menor de 15;5.32 a 36;2.Secundaria/Polimodal Incompleta;2.2500 gramos y más;2
10;1;2;3.20 a 24;6.37 a 41;3.Secundario/Polimodal Completa y más;3.Sin especificar;1
10;1;2;6.35 a 39;5.32 a 36;1.Hasta Primaria/C.EGB Completa;2.2500 gramos y más;1
86;1;2;6.35 a 39;5.32 a 36;3.Secundario/Polimodal Completa y más;1.Menos de 2500 gramos;16
30;1;2;2.15 a 19;6.37 a 41;3.Secundario/Polimodal Completa y más;2.2500 gramos y más;136
10;1;2;4.25 a 29;8.Sin especificar;3.Secundario/Polimodal Completa y más;2.2500 gramos y más;6
50;1;2;2.15 a 19;4.28 a 31;1.Hasta Primaria/C.EGB Completa;1.Menos de 2500 gramos;1
90;1;2;8.De 45 y más;6.37 a 41;1.Hasta Primaria/C.EGB Completa;2.2500 gramos y más;2
34;1;1;3.20 a 24;5.32 a 36;3.Secundario/Polimodal Completa y más;2.2500 gramos y más;28
18;1;2;4.25 a 29;7.42 y más;1.Hasta Primaria/C.EGB Completa;2.2500 gramos y más;4
06;1;2;2.15 a 19;8.Sin especificar;2.Secundaria/Polimodal Incompleta;2.2500 gramos y más;52
02;1;2;2.15 a 19;6.37 a 41;3.Secundario/Polimodal Completa y más;1.Menos de 2500 gramos;3
18;1;1;5.30 a 34;6.37 a 41;4.Sin especificar;2.2500 gramos y más;245
82;2;2;3.20 a 24;4.28 a 31;2.Secundaria/Polimodal Incompleta;1.Menos de 2500 gramos;3
18;1;2;5.30 a 34;6.37 a 41;4.Sin especificar;1.Menos de 2500 gramos;9
70;1;1;6.35 a 39;6.37 a 41;3.Secundario/Polimodal Completa y más;2.2500 gramos y más;366
54;1;1;4.25 a 29;7.42 y más;3.Secundario/Polimodal Completa y más;1.Menos de 2500 gramos;1
18;1;1;3.20 a 24;3.24 a 27;3.Secundario/Polimodal Completa y más;1.Menos de 2500 gramos;1
66;1;1;4.25 a 29;3.24 a 27;3.Secundario/Polimodal Completa y más;1.Menos de 2500 gramos;2
02;9;2;5.30 a 34;6.37 a 41;1.Hasta Primaria/C.EGB Completa;2.2500 gramos y más;2
06;1;1;6.35 a 39;5.32 a 36;2.Secundaria/Polimodal Incompleta;1.Menos de 2500 gramos;50
82;1;2;5.30 a 34;5.32 a 36;2.Secundaria/Polimodal Incompleta;1.Menos de 2500 gramos;12
90;1;2;2.15 a 19;7.42 y más;1.Hasta Primaria/C.EGB Completa;1.Menos de 2500 gramos;1
66;1;1;4.25 a 29;4.28 a 31;3.Secundario/Polimodal Completa y más;1.Menos de 2500 gramos;2
74;1;1;5.30 a 34;6.37 a 41;3.Secundario/Polimodal Completa y más;2.2500 gramos y más;400
66;2;1;2.15 a 19;6.37 a 41;2.Secundaria/Polimodal Incompleta;2.2500 gramos y más;1
78;1;1;4.25 a 29;4.28 a 31;2.Secundaria/Polimodal Incompleta;1.Menos de 2500 gramos;3
86;1;1;3.20 a 24;6.37 a 41;4.Sin especificar;2.2500 gramos y más;2
90;1;2;6.35 a 39;3.24 a 27;2.Secundaria/Polimodal Incompleta;1.Menos de 2500 gramos;1
02;9;2;5.30 a 34;4.28 a 31;4.Sin especificar;1.Menos de 2500 gramos;2
06;1;2;7.40 a 44;5.32 a 36;4.Sin especificar;2.2500 gramos y más;7
06;1;1;3.20 a 24;6.37 a 41;2.Secundaria/Polimodal Incompleta;2.2500 gramos y más;5502
26;1;2;4.25 a 29;4.28 a 31;3.Secundario/Polimodal Completa y más;1.Menos de 2500 gramos;4
82;1;2;4.25 a 29;5.32 a 36;3.Secundario/Polimodal Completa y más;3.Sin especificar;1
99;9;1;5.30 a 34;5.32 a 36;4.Sin especificar;2.2500 gramos y más;2
86;1;2;4.25 a 29;7.42 y más;1.Hasta Primaria/C.EGB Completa;2.2500 gramos y más;9
74;1;2;2.15 a 19;6.37 a 41;2.Secundaria/Polimodal Incompleta;2.2500 gramos y más;133
02;1;1;7.40 a 44;8.Sin especificar;4.Sin especificar;3.Sin especificar;1
46;1;1;5.30 a 34;5.32 a 36;2.Secundaria/Polimodal Incompleta;2.2500 gramos y más;1
66;1;2;4.25 a 29;6.37 a 41;3.Secundario/Polimodal Completa y más;1.Menos de 2500 gramos;36
14;2;1;4.25 a 29;6.37 a 41;2.Secundaria/Polimodal Incompleta;1.Menos de 2500 gramos;4
42;1;1;6.35 a 39;5.32 a 36;1.Hasta Primaria/C.EGB Completa;2.2500 gramos y más;2
66;2;2;4.25 a 29;5.32 a 36;3.Secundario/Polimodal Completa y más;1.Menos de 2500 gramos;15
06;9;2;3.20 a 24;6.37 a 41;4.Sin especificar;3.Sin especificar;1
22;1;2;6.35 a 39;8.Sin especificar;3.Secundario/Polimodal Completa y más;2.2500 gramos y más;5
10;1;1;2.15 a 19;7.42 y más;2.Secundaria/Polimodal Incompleta;2.2500 gramos y más;1
74;2;2;5.30 a 34;6.37 a 41;3.Secundario/Polimodal Completa y más;1.Menos de 2500 gramos;1
10;1;1;3.20 a 24;6.37 a 41;3.Secundario/Polimodal Completa y más;1.Menos de 2500 gramos;7
70;1;1;5.30 a 34;6.37 a 41;2.Secundaria/Polimodal Incompleta;1.Menos de 2500 gramos;3
14;1;2;6.35 a 39;7.42 y más;1.Hasta Primaria/C.EGB Completa;2.2500 gramos y más;1
18;1;2;4.25 a 29;5.32 a 36;3.Secundario/Polimodal Completa y más;1.Menos de 2500 gramos;28
66;1;2;5.30 a 34;5.32 a 36;1.Hasta Primaria/C.EGB Completa;2.2500 gramos y más;7
06;2;1;6.35 a 39;8.Sin especificar;3.Secundario/Polimodal Completa y más;2.2500 gramos y más;2
50;1;1;1.Menor de 15;5.32 a 36;2.Secundaria/Polimodal Incompleta;2.2500 gramos y más;1
22;1;9;5.30 a 34;6.37 a 41;1.Hasta Primaria/C.EGB Completa;3.Sin especificar;2
02;1;1;4.25 a 29;5.32 a 36;1.Hasta Primaria/C.EGB Completa;1.Menos de 2500 gramos;7
22;1;1;5.30 a 34;6.37 a 41;4.Sin especificar;2.2500 gramos y más;21
18;1;2;7.40 a 44;6.37 a 41;4.Sin especificar;1.Menos de 2500 gramos;2
90;1;2;6.35 a 39;6.37 a 41;2.Secundaria/Polimodal Incompleta;3.Sin especificar;1
74;1;2;4.25 a 29;4.28 a 31;3.Secundario/Polimodal Completa y más;2.2500 gramos y más;1
34;1;1;3.20 a 24;6.37 a 41;1.Hasta Primaria/C.EGB Completa;1.Menos de 2500 gramos;5
62;1;1;6.35 a 39;5.32 a 36;4.Sin especificar;2.2500 gramos y más;4
58;1;1;2.15 a 19;6.37 a 41;3.Secundario/Polimodal Completa y más;2.2500 gramos y más;48
06;1;9;9.Sin especificar;6.37 a 41;3.Secundario/Polimodal Completa y más;2.2500 gramos y más;14
06;1;2;4.25 a 29;5.32 a 36;3.Secundario/Polimodal Completa y más;3.Sin especificar;6
10;1;1;2.15 a 19;6.37 a 41;4.Sin especificar;1.Menos de 2500 gramos;1
86;2;2;2.15 a 19;5.32 a 36;2.Secundaria/Polimodal Incompleta;1.Menos de 2500 gramos;1
82;2;1;5.30 a 34;6.37 a 41;2.Secundaria/Polimodal Incompleta;1.Menos de 2500 gramos;1
06;1;2;1.Menor de 15;6.37 a 41;2.Secundaria/Polimodal Incompleta;3.Sin especificar;1
42;1;2;2.15 a 19;4.28 a 31;3.Secundario/Polimodal Completa y más;1.Menos de 2500 gramos;1
26;1;2;4.25 a 29;6.37 a 41;2.Secundaria/Polimodal Incompleta;2.2500 gramos y más;182
90;1;1;4.25 a 29;6.37 a 41;3.Secundario/Polimodal Completa y más;2.2500 gramos y más;1501
46;1;2;2.15 a 19;5.32 a 36;1.Hasta Primaria/C.EGB Completa;2.2500 gramos y más;3
22;1;2;9.Sin especificar;6.37 a 41;2.Secundaria/Polimodal Incompleta;1.Menos de 2500 gramos;2
34;1;2;2.15 a 19;5.32 a 36;4.Sin especificar;1.Menos de 2500 gramos;9
26;1;2;5.30 a 34;6.37 a 41;2.Secundaria/Polimodal Incompleta;1.Menos de 2500 gramos;3
58;2;2;5.30 a 34;3.24 a 27;3.Secundario/Polimodal Completa y más;1.Menos de 2500 gramos;2
18;1;2;2.15 a 19;7.42 y más;2.Secundaria/Polimodal Incompleta;2.2500 gramos y más;4
34;1;2;3.20 a 24;6.37 a 41;3.Secundario/Polimodal Completa y más;1.Menos de 2500 gramos;8
82;1;2;5.30 a 34;5.32 a 36;2.Secundaria/Polimodal Incompleta;2.2500 gramos y más;24
70;2;2;6.35 a 39;6.37 a 41;1.Hasta Primaria/C.EGB Completa;1.Menos de 2500 gramos;2
82;1;2;8.De 45 y más;5.32 a 36;2.Secundaria/Polimodal Incompleta;2.2500 gramos y más;1
70;1;2;4.25 a 29;3.24 a 27;2.Secundaria/Polimodal Incompleta;1.Menos de 2500 gramos;1
14;1;1;1.Menor de 15;4.28 a 31;2.Secundaria/Polimodal Incompleta;1.Menos de 2500 gramos;1
26;1;2;3.20 a 24;5.32 a 36;1.Hasta Primaria/C.EGB Completa;1.Menos de 2500 gramos;1
06;2;2;3.20 a 24;4.28 a 31;3.Secundario/Polimodal Completa y más;1.Menos de 2500 gramos;6
06;2;1;5.30 a 34;6.37 a 41;4.Sin especificar;1.Menos de 2500 gramos;4
58;2;1;6.35 a 39;3.24 a 27;2.Secundaria/Polimodal Incompleta;1.Menos de 2500 gramos;2
42;1;1;4.25 a 29;6.37 a 41;1.Hasta Primaria/C.EGB Completa;2.2500 gramos y más;42
34;1;1;3.20 a 24;6.37 a 41;1.Hasta Primaria/C.EGB Completa;2.2500 gramos y más;245
06;1;2;5.30 a 34;7.42 y más;4.Sin especificar;2.2500 gramos y más;3
34;1;1;2.15 a 19;3.24 a 27;4.Sin especificar;1.Menos de 2500 gramos;1
54;1;1;9.Sin especificar;6.37 a 41;4.Sin especificar;3.Sin especificar;2
82;1;1;8.De 45 y más;5.32 a 36;3.Secundario/Polimodal Completa y más;2.2500 gramos y más;5
58;1;2;5.30 a 34;6.37 a 41;4.Sin especificar;2.2500 gramos y más;9
06;2;1;5.30 a 34;5.32 a 36;2.Secundaria/Polimodal Incompleta;2.2500 gramos y más;8
22;2;2;3.20 a 24;5.32 a 36;1.Hasta Primaria/C.EGB Completa;1.Menos de 2500 gramos;4
02;1;2;7.40 a 44;6.37 a 41;2.Secundaria/Polimodal Incompleta;2.2500 gramos y más;37
30;1;2;5.30 a 34;6.37 a 41;3.Secundario/Polimodal Completa y más;1.Menos de 2500 gramos;29
86;1;1;2.15 a 19;5.32 a 36;1.Hasta Primaria/C.EGB Completa;2.2500 gramos y más;22
02;1;1;2.15 a 19;6.37 a 41;1.Hasta Primaria/C.EGB Completa;1.Menos de 2500 gramos;2
18;1;2;8.De 45 y más;6.37 a 41;3.Secundario/Polimodal Completa y más;2.2500 gramos y más;5
14;2;1;9.Sin especificar;3.24 a 27;3.Secundario/Polimodal Completa y más;1.Menos de 2500 gramos;1
50;2;1;5.30 a 34;5.32 a 36;3.Secundario/Polimodal Completa y más;2.2500 gramos y más;3
14;1;2;3.20 a 24;6.37 a 41;2.Secundaria/Polimodal Incompleta;2.2500 gramos y más;1501
54;1;1;2.15 a 19;6.37 a 41;3.Secundario/Polimodal Completa y más;2.2500 gramos y más;178
02;2;2;7.40 a 44;6.37 a 41;4.Sin especificar;2.2500 gramos y más;1
86;2;1;3.20 a 24;5.32 a 36;3.Secundario/Polimodal Completa y más;1.Menos de 2500 gramos;2
06;2;2;5.30 a 34;6.37 a 41;3.Secundario/Polimodal Completa y más;3.Sin especificar;2
78;1;2;1.Menor de 15;6.37 a 41;2.Secundaria/Polimodal Incompleta;2.2500 gramos y más;2
14;1;1;4.25 a 29;6.37 a 41;2.Secundaria/Polimodal Incompleta;1.Menos de 2500 gramos;21
02;2;2;5.30 a 34;3.24 a 27;3.Secundario/Polimodal Completa y más;1.Menos de 2500 gramos;1
82;1;2;6.35 a 39;5.32 a 36;3.Secundario/Polimodal Completa y más;2.2500 gramos y más;71
66;1;2;8.De 45 y más;6.37 a 41;3.Secundario/Polimodal Completa y más;2.2500 gramos y más;14
78;1;2;2.15 a 19;5.32 a 36;2.Secundaria/Polimodal Incompleta;1.Menos de 2500 gramos;4
14;1;1;5.30 a 34;4.28 a 31;3.Secundario/Polimodal Completa y más;1.Menos de 2500 gramos;24
62;1;2;5.30 a 34;5.32 a 36;4.Sin especificar;2.2500 gramos y más;7
66;1;1;2.15 a 19;5.32 a 36;2.Secundaria/Polimodal Incompleta;1.Menos de 2500 gramos;32
06;1;1;6.35 a 39;6.37 a 41;4.Sin especificar;2.2500 gramos y más;814
22;1;1;3.20 a 24;6.37 a 41;1.Hasta Primaria/C.EGB Completa;1.Menos de 2500 gramos;12
90;1;1;4.25 a 29;6.37 a 41;4.Sin especificar;2.2500 gramos y más;4
54;1;2;3.20 a 24;3.24 a 27;1.Hasta Primaria/C.EGB Completa;1.Menos de 2500 gramos;1
14;1;2;2.15 a 19;6.37 a 41;3.Secundario/Polimodal Completa y más;2.2500 gramos y más;333
50;1;1;4.25 a 29;5.32 a 36;4.Sin especificar;1.Menos de 2500 gramos;1
46;2;2;6.35 a 39;5.32 a 36;1.Hasta Primaria/C.EGB Completa;1.Menos de 2500 gramos;1
70;1;2;6.35 a 39;4.28 a 31;3.Secundario/Polimodal Completa y más;1.Menos de 2500 gramos;1
06;1;2;9.Sin especificar;3.24 a 27;4.Sin especificar;1.Menos de 2500 gramos;2
02;1;1;3.20 a 24;4.28 a 31;1.Hasta Primaria/C.EGB Completa;1.Menos de 2500 gramos;1
22;9;1;5.30 a 34;8.Sin especificar;4.Sin especificar;3.Sin especificar;2
18;1;2;2.15 a 19;5.32 a 36;1.Hasta Primaria/C.EGB Completa;2.2500 gramos y más;4
90;1;1;6.35 a 39;6.37 a 41;4.Sin especificar;2.2500 gramos y más;5
70;1;2;3.20 a 24;5.32 a 36;2.Secundaria/Polimodal Incompleta;1.Menos de 2500 gramos;10
06;1;2;6.35 a 39;6.37 a 41;3.Secundario/Polimodal Completa y más;1.Menos de 2500 gramos;237
70;2;2;3.20 a 24;3.24 a 27;3.Secundario/Polimodal Completa y más;1.Menos de 2500 gramos;2
30;1;1;7.40 a 44;5.32 a 36;1.Hasta Primaria/C.EGB Completa;1.Menos de 2500 gramos;3
70;2;1;5.30 a 34;5.32 a 36;1.Hasta Primaria/C.EGB Completa;1.Menos de 2500 gramos;1
22;1;2;7.40 a 44;5.32 a 36;3.Secundario/Polimodal Completa y más;1.Menos de 2500 gramos;3
06;2;2;6.35 a 39;5.32 a 36;3.Secundario/Polimodal Completa y más;3.Sin especificar;1
74;2;2;2.15 a 19;5.32 a 36;3.Secundario/Polimodal Completa y más;1.Menos de 2500 gramos;2
82;1;2;7.40 a 44;6.37 a 41;4.Sin especificar;2.2500 gramos y más;4
14;2;1;4.25 a 29;5.32 a 36;1.Hasta Primaria/C.EGB Completa;1.Menos de 2500 gramos;9
26;1;2;2.15 a 19;6.37 a 41;1.Hasta Primaria/C.EGB Completa;1.Menos de 2500 gramos;1
22;1;1;3.20 a 24;6.37 a 41;1.Hasta Primaria/C.EGB Completa;3.Sin especificar;7
86;2;1;5.30 a 34;4.28 a 31;1.Hasta Primaria/C.EGB Completa;1.Menos de 2500 gramos;4
34;1;1;4.25 a 29;5.32 a 36;3.Secundario/Polimodal Completa y más;2.2500 gramos y más;24
66;2;2;2.15 a 19;6.37 a 41;1.Hasta Primaria/C.EGB Completa;2.2500 gramos y más;1
22;1;1;1.Menor de 15;5.32 a 36;2.Secundaria/Polimodal Incompleta;2.2500 gramos y más;1
38;1;2;5.30 a 34;5.32 a 36;2.Secundaria/Polimodal Incompleta;1.Menos de 2500 gramos;6
50;1;1;7.40 a 44;7.42 y más;2.Secundaria/Polimodal Incompleta;2.2500 gramos y más;1
22;1;2;4.25 a 29;5.32 a 36;3.Secundario/Polimodal Completa y más;1.Menos de 2500 gramos;43
90;1;1;4.25 a 29;5.32 a 36;2.Secundaria/Polimodal Incompleta;1.Menos de 2500 gramos;9
06;9;2;3.20 a 24;5.32 a 36;4.Sin especificar;1.Menos de 2500 gramos;1
54;2;1;4.25 a 29;6.37 a 41;3.Secundario/Polimodal Completa y más;2.2500 gramos y más;5
06;2;2;3.20 a 24;8.Sin especificar;4.Sin especificar;2.2500 gramos y más;1
06;1;1;3.20 a 24;6.37 a 41;2.Secundaria/Polimodal Incompleta;3.Sin especificar;15
30;2;2;3.20 a 24;5.32 a 36;3.Secundario/Polimodal Completa y más;2.2500 gramos y más;2
34;1;1;4.25 a 29;6.37 a 41;2.Secundaria/Polimodal Incompleta;2.2500 gramos y más;156
86;1;2;3.20 a 24;7.42 y más;1.Hasta Primaria/C.EGB Completa;1.Menos de 2500 gramos;1
54;1;2;7.40 a 44;6.37 a 41;3.Secundario/Polimodal Completa y más;2.2500 gramos y más;103
66;1;2;8.De 45 y más;6.37 a 41;1.Hasta Primaria/C.EGB Completa;2.2500 gramos y más;5
18;1;1;2.15 a 19;3.24 a 27;1.Hasta Primaria/C.EGB Completa;1.Menos de 2500 gramos;1
26;1;1;2.15 a 19;6.37 a 41;3.Secundario/Polimodal Completa y más;1.Menos de 2500 gramos;2
90;1;1;4.25 a 29;4.28 a 31;3.Secundario/Polimodal Completa y más;2.2500 gramos y más;1
90;1;1;6.35 a 39;8.Sin especificar;3.Secundario/Polimodal Completa y más;1.Menos de 2500 gramos;1
34;1;1;3.20 a 24;3.24 a 27;2.Secundaria/Polimodal Incompleta;1.Menos de 2500 gramos;2
62;1;1;5.30 a 34;4.28 a 31;3.Secundario/Polimodal Completa y más;1.Menos de 2500 gramos;5
06;1;2;2.15 a 19;6.37 a 41;3.Secundario/Polimodal Completa y más;2.2500 gramos y más;1596
46;1;2;7.40 a 44;8.Sin especificar;3.Secundario/Polimodal Completa y más;2.2500 gramos y más;1
02;1;1;5.30 a 34;3.24 a 27;1.Hasta Primaria/C.EGB Completa;1.Menos de 2500 gramos;1
14;1;1;9.Sin especificar;6.37 a 41;2.Secundaria/Polimodal Incompleta;2.2500 gramos y más;100
06;1;2;5.30 a 34;7.42 y más;3.Secundario/Polimodal Completa y más;3.Sin especificar;2
50;1;1;4.25 a 29;6.37 a 41;2.Secundaria/Polimodal Incompleta;1.Menos de 2500 gramos;20
90;1;2;9.Sin especificar;5.32 a 36;2.Secundaria/Polimodal Incompleta;2.2500 gramos y más;1
34;1;2;7.40 a 44;5.32 a 36;4.Sin especificar;2.2500 gramos y más;3
90;2;1;6.35 a 39;5.32 a 36;1.Hasta Primaria/C.EGB Completa;2.2500 gramos y más;1
78;2;2;3.20 a 24;6.37 a 41;2.Secundaria/Polimodal Incompleta;2.2500 gramos y más;1
02;1;1;7.40 a 44;6.37 a 41;1.Hasta Primaria/C.EGB Completa;1.Menos de 2500 gramos;1
62;1;2;7.40 a 44;6.37 a 41;3.Secundario/Polimodal Completa y más;1.Menos de 2500 gramos;5
86;1;1;5.30 a 34;6.37 a 41;3.Secundario/Polimodal Completa y más;1.Menos de 2500 gramos;11
90;2;1;3.20 a 24;5.32 a 36;1.Hasta Primaria/C.EGB Completa;2.2500 gramos y más;1
70;1;2;3.20 a 24;6.37 a 41;1.Hasta Primaria/C.EGB Completa;2.2500 gramos y más;264
30;1;1;5.30 a 34;8.Sin especificar;4.Sin especificar;2.2500 gramos y más;2
58;1;1;6.35 a 39;4.28 a 31;3.Secundario/Polimodal Completa y más;1.Menos de 2500 gramos;1
14;2;2;4.25 a 29;6.37 a 41;4.Sin especificar;2.2500 gramos y más;1
78;1;2;5.30 a 34;7.42 y más;3.Secundario/Polimodal Completa y más;2.2500 gramos y más;1
18;1;2;6.35 a 39;4.28 a 31;2.Secundaria/Polimodal Incompleta;1.Menos de 2500 gramos;2
62;1;2;9.Sin especificar;6.37 a 41;1.Hasta Primaria/C.EGB Completa;2.2500 gramos y más;2
82;2;1;8.De 45 y más;3.24 a 27;3.Secundario/Polimodal Completa y más;1.Menos de 2500 gramos;1
06;1;2;7.40 a 44;5.32 a 36;1.Hasta Primaria/C.EGB Completa;1.Menos de 2500 gramos;41
58;2;1;3.20 a 24;6.37 a 41;3.Secundario/Polimodal Completa y más;2.2500 gramos y más;2
74;2;2;4.25 a 29;6.37 a 41;3.Secundario/Polimodal Completa y más;2.2500 gramos y más;3
82;1;1;7.40 a 44;5.32 a 36;2.Secundaria/Polimodal Incompleta;2.2500 gramos y más;6
06;1;9;9.Sin especificar;8.Sin especificar;1.Hasta Primaria/C.EGB Completa;2.2500 gramos y más;1
74;2;2;5.30 a 34;5.32 a 36;2.Secundaria/Polimodal Incompleta;1.Menos de 2500 gramos;3
66;1;2;1.Menor de 15;4.28 a 31;1.Hasta Primaria/C.EGB Completa;1.Menos de 2500 gramos;1
14;1;2;6.35 a 39;3.24 a 27;3.Secundario/Polimodal Completa y más;1.Menos de 2500 gramos;5
46;1;2;4.25 a 29;5.32 a 36;3.Secundario/Polimodal Completa y más;1.Menos de 2500 gramos;16
26;1;1;2.15 a 19;6.37 a 41;1.Hasta Primaria/C.EGB Completa;2.2500 gramos y más;13
50;1;2;3.20 a 24;6.37 a 41;3.Secundario/Polimodal Completa y más;1.Menos de 2500 gramos;24
06;1;1;2.15 a 19;8.Sin especificar;2.Secundaria/Polimodal Incompleta;3.Sin especificar;5
98;1;2;4.25 a 29;6.37 a 41;2.Secundaria/Polimodal Incompleta;2.2500 gramos y más;1
82;1;2;4.25 a 29;4.28 a 31;2.Secundaria/Polimodal Incompleta;1.Menos de 2500 gramos;8
82;1;1;4.25 a 29;6.37 a 41;4.Sin especificar;2.2500 gramos y más;26
06;1;2;6.35 a 39;5.32 a 36;4.Sin especificar;2.2500 gramos y más;21
66;1;1;5.30 a 34;6.37 a 41;1.Hasta Primaria/C.EGB Completa;3.Sin especificar;2
62;1;2;3.20 a 24;5.32 a 36;1.Hasta Primaria/C.EGB Completa;1.Menos de 2500 gramos;5
66;1;1;4.25 a 29;7.42 y más;3.Secundario/Polimodal Completa y más;2.2500 gramos y más;6
02;1;1;6.35 a 39;6.37 a 41;3.Secundario/Polimodal Completa y más;2.2500 gramos y más;2541
66;2;1;2.15 a 19;3.24 a 27;3.Secundario/Polimodal Completa y más;1.Menos de 2500 gramos;1
14;1;2;3.20 a 24;6.37 a 41;3.Secundario/Polimodal Completa y más;2.2500 gramos y más;2104
78;1;1;4.25 a 29;6.37 a 41;1.Hasta Primaria/C.EGB Completa;2.2500 gramos y más;83
50;1;2;5.30 a 34;4.28 a 31;1.Hasta Primaria/C.EGB Completa;1.Menos de 2500 gramos;2
54;1;2;2.15 a 19;6.37 a 41;1.Hasta Primaria/C.EGB Completa;1.Menos de 2500 gramos;20
06;1;1;4.25 a 29;3.24 a 27;1.Hasta Primaria/C.EGB Completa;1.Menos de 2500 gramos;6
86;1;1;7.40 a 44;5.32 a 36;1.Hasta Primaria/C.EGB Completa;2.2500 gramos y más;7
82;1;2;4.25 a 29;8.Sin especificar;3.Secundario/Polimodal Completa y más;2.2500 gramos y más;4
06;2;1;6.35 a 39;4.28 a 31;4.Sin especificar;1.Menos de 2500 gramos;1
99;1;2;9.Sin especificar;8.Sin especificar;3.Secundario/Polimodal Completa y más;3.Sin especificar;4
54;1;1;1.Menor de 15;6.37 a 41;4.Sin especificar;2.2500 gramos y más;3
74;1;2;6.35 a 39;3.24 a 27;3.Secundario/Polimodal Completa y más;1.Menos de 2500 gramos;1
22;1;1;2.15 a 19;6.37 a 41;4.Sin especificar;2.2500 gramos y más;19
82;1;2;2.15 a 19;8.Sin especificar;2.Secundaria/Polimodal Incompleta;3.Sin especificar;1
22;1;2;3.20 a 24;5.32 a 36;3.Secundario/Polimodal Completa y más;2.2500 gramos y más;43
10;1;2;3.20 a 24;8.Sin especificar;3.Secundario/Polimodal Completa y más;3.Sin especificar;3
82;2;2;2.15 a 19;3.24 a 27;2.Secundaria/Polimodal Incompleta;1.Menos de 2500 gramos;2
94;1;2;4.25 a 29;6.37 a 41;2.Secundaria/Polimodal Incompleta;2.2500 gramos y más;37
02;9;2;5.30 a 34;7.42 y más;4.Sin especificar;2.2500 gramos y más;1
38;1;1;4.25 a 29;6.37 a 41;3.Secundario/Polimodal Completa y más;1.Menos de 2500 gramos;11
82;2;2;7.40 a 44;5.32 a 36;1.Hasta Primaria/C.EGB Completa;1.Menos de 2500 gramos;1
26;1;1;7.40 a 44;3.24 a 27;1.Hasta Primaria/C.EGB Completa;1.Menos de 2500 gramos;1
02;9;2;6.35 a 39;5.32 a 36;4.Sin especificar;1.Menos de 2500 gramos;4
14;1;2;1.Menor de 15;6.37 a 41;1.Hasta Primaria/C.EGB Completa;2.2500 gramos y más;7
99;1;1;3.20 a 24;6.37 a 41;3.Secundario/Polimodal Completa y más;2.2500 gramos y más;23
34;1;1;7.40 a 44;8.Sin especificar;1.Hasta Primaria/C.EGB Completa;2.2500 gramos y más;1
78;1;2;1.Menor de 15;6.37 a 41;1.Hasta Primaria/C.EGB Completa;2.2500 gramos y más;1
14;1;2;9.Sin especificar;6.37 a 41;3.Secundario/Polimodal Completa y más;1.Menos de 2500 gramos;2
50;1;1;3.20 a 24;7.42 y más;3.Secundario/Polimodal Completa y más;2.2500 gramos y más;1
46;1;2;2.15 a 19;5.32 a 36;3.Secundario/Polimodal Completa y más;2.2500 gramos y más;4
74;2;1;6.35 a 39;6.37 a 41;3.Secundario/Polimodal Completa y más;2.2500 gramos y más;1
14;1;1;5.30 a 34;4.28 a 31;2.Secundaria/Polimodal Incompleta;1.Menos de 2500 gramos;3
82;1;1;4.25 a 29;6.37 a 41;1.Hasta Primaria/C.EGB Completa;1.Menos de 2500 gramos;16
66;1;2;1.Menor de 15;6.37 a 41;1.Hasta Primaria/C.EGB Completa;2.2500 gramos y más;14
06;1;1;2.15 a 19;4.28 a 31;2.Secundaria/Polimodal Incompleta;2.2500 gramos y más;1
86;1;1;4.25 a 29;6.37 a 41;3.Secundario/Polimodal Completa y más;2.2500 gramos y más;680
82;2;1;4.25 a 29;6.37 a 41;1.Hasta Primaria/C.EGB Completa;2.2500 gramos y más;7
06;1;2;3.20 a 24;5.32 a 36;1.Hasta Primaria/C.EGB Completa;3.Sin especificar;2
22;1;2;4.25 a 29;5.32 a 36;2.Secundaria/Polimodal Incompleta;1.Menos de 2500 gramos;13
38;1;1;6.35 a 39;3.24 a 27;3.Secundario/Polimodal Completa y más;1.Menos de 2500 gramos;2
38;1;2;4.25 a 29;3.24 a 27;3.Secundario/Polimodal Completa y más;1.Menos de 2500 gramos;2
06;1;1;6.35 a 39;6.37 a 41;2.Secundaria/Polimodal Incompleta;1.Menos de 2500 gramos;32
06;1;1;1.Menor de 15;4.28 a 31;2.Secundaria/Polimodal Incompleta;1.Menos de 2500 gramos;3
06;2;1;9.Sin especificar;6.37 a 41;2.Secundaria/Polimodal Incompleta;2.2500 gramos y más;3
66;2;2;5.30 a 34;6.37 a 41;2.Secundaria/Polimodal Incompleta;1.Menos de 2500 gramos;1
34;1;1;4.25 a 29;2.22 a 23;3.Secundario/Polimodal Completa y más;1.Menos de 2500 gramos;1
58;1;1;4.25 a 29;4.28 a 31;2.Secundaria/Polimodal Incompleta;1.Menos de 2500 gramos;1
50;1;2;5.30 a 34;5.32 a 36;1.Hasta Primaria/C.EGB Completa;1.Menos de 2500 gramos;5
50;2;2;3.20 a 24;6.37 a 41;2.Secundaria/Polimodal Incompleta;2.2500 gramos y más;1
38;1;2;6.35 a 39;5.32 a 36;3.Secundario/Polimodal Completa y más;1.Menos de 2500 gramos;12
22;2;2;2.15 a 19;6.37 a 41;2.Secundaria/Polimodal Incompleta;2.2500 gramos y más;1
62;1;1;3.20 a 24;6.37 a 41;1.Hasta Primaria/C.EGB Completa;1.Menos de 2500 gramos;3
62;1;2;5.30 a 34;8.Sin especificar;3.Secundario/Polimodal Completa y más;2.2500 gramos y más;4
02;9;1;5.30 a 34;8.Sin especificar;4.Sin especificar;3.Sin especificar;1
06;1;2;5.30 a 34;4.28 a 31;3.Secundario/Polimodal Completa y más;2.2500 gramos y más;4
50;2;2;3.20 a 24;4.28 a 31;2.Secundaria/Polimodal Incompleta;1.Menos de 2500 gramos;1
62;1;1;6.35 a 39;4.28 a 31;2.Secundaria/Polimodal Incompleta;1.Menos de 2500 gramos;1
90;1;2;9.Sin especificar;5.32 a 36;1.Hasta Primaria/C.EGB Completa;2.2500 gramos y más;1
34;1;1;4.25 a 29;5.32 a 36;2.Secundaria/Polimodal Incompleta;2.2500 gramos y más;20
90;1;2;3.20 a 24;4.28 a 31;1.Hasta Primaria/C.EGB Completa;1.Menos de 2500 gramos;4
30;1;1;3.20 a 24;6.37 a 41;2.Secundaria/Polimodal Incompleta;2.2500 gramos y más;681
06;1;1;7.40 a 44;4.28 a 31;4.Sin especificar;1.Menos de 2500 gramos;1
94;1;2;4.25 a 29;6.37 a 41;3.Secundario/Polimodal Completa y más;2.2500 gramos y más;163
10;1;2;7.40 a 44;5.32 a 36;3.Secundario/Polimodal Completa y más;2.2500 gramos y más;3
34;2;2;2.15 a 19;6.37 a 41;1.Hasta Primaria/C.EGB Completa;2.2500 gramos y más;2
50;1;2;6.35 a 39;4.28 a 31;2.Secundaria/Polimodal Incompleta;1.Menos de 2500 gramos;2
90;2;1;3.20 a 24;6.37 a 41;2.Secundaria/Polimodal Incompleta;2.2500 gramos y más;1
18;2;1;3.20 a 24;5.32 a 36;3.Secundario/Polimodal Completa y más;1.Menos de 2500 gramos;2
26;1;1;6.35 a 39;6.37 a 41;4.Sin especificar;1.Menos de 2500 gramos;1
70;1;2;5.30 a 34;5.32 a 36;2.Secundaria/Polimodal Incompleta;2.2500 gramos y más;5
06;1;1;2.15 a 19;6.37 a 41;3.Secundario/Polimodal Completa y más;2.2500 gramos y más;1720
02;2;2;7.40 a 44;6.37 a 41;1.Hasta Primaria/C.EGB Completa;1.Menos de 2500 gramos;1
66;2;1;3.20 a 24;6.37 a 41;2.Secundaria/Polimodal Incompleta;2.2500 gramos y más;3
50;1;2;2.15 a 19;6.37 a 41;3.Secundario/Polimodal Completa y más;2.2500 gramos y más;185
99;1;2;3.20 a 24;5.32 a 36;2.Secundaria/Polimodal Incompleta;2.2500 gramos y más;1
06;2;2;2.15 a 19;8.Sin especificar;2.Secundaria/Polimodal Incompleta;1.Menos de 2500 gramos;2
02;9;1;4.25 a 29;6.37 a 41;3.Secundario/Polimodal Completa y más;2.2500 gramos y más;19
54;1;1;6.35 a 39;6.37 a 41;3.Secundario/Polimodal Completa y más;1.Menos de 2500 gramos;9
82;2;1;4.25 a 29;5.32 a 36;3.Secundario/Polimodal Completa y más;2.2500 gramos y más;4
06;1;1;2.15 a 19;6.37 a 41;3.Secundario/Polimodal Completa y más;3.Sin especificar;9
22;1;2;5.30 a 34;6.37 a 41;3.Secundario/Polimodal Completa y más;3.Sin especificar;4
30;1;2;2.15 a 19;5.32 a 36;2.Secundaria/Polimodal Incompleta;1.Menos de 2500 gramos;17
90;1;1;4.25 a 29;7.42 y más;3.Secundario/Polimodal Completa y más;2.2500 gramos y más;48
06;1;9;5.30 a 34;5.32 a 36;2.Secundaria/Polimodal Incompleta;1.Menos de 2500 gramos;2
30;1;1;5.30 a 34;7.42 y más;1.Hasta Primaria/C.EGB Completa;2.2500 gramos y más;2
18;1;2;2.15 a 19;6.37 a 41;1.Hasta Primaria/C.EGB Completa;2.2500 gramos y más;136
62;1;2;6.35 a 39;4.28 a 31;4.Sin especificar;1.Menos de 2500 gramos;2
06;1;2;2.15 a 19;5.32 a 36;2.Secundaria/Polimodal Incompleta;2.2500 gramos y más;124
66;1;1;3.20 a 24;5.32 a 36;1.Hasta Primaria/C.EGB Completa;2.2500 gramos y más;7
74;1;2;4.25 a 29;6.37 a 41;4.Sin especificar;2.2500 gramos y más;17
70;2;1;2.15 a 19;6.37 a 41;2.Secundaria/Polimodal Incompleta;1.Menos de 2500 gramos;1
34;1;2;5.30 a 34;4.28 a 31;4.Sin especificar;2.2500 gramos y más;1
50;1;2;7.40 a 44;6.37 a 41;3.Secundario/Polimodal Completa y más;2.2500 gramos y más;252
54;2;1;5.30 a 34;4.28 a 31;3.Secundario/Polimodal Completa y más;1.Menos de 2500 gramos;2
06;9;2;3.20 a 24;3.24 a 27;4.Sin especificar;1.Menos de 2500 gramos;1
06;2;1;8.De 45 y más;6.37 a 41;3.Secundario/Polimodal Completa y más;3.Sin especificar;1
34;1;1;6.35 a 39;5.32 a 36;1.Hasta Primaria/C.EGB Completa;2.2500 gramos y más;2
18;1;2;6.35 a 39;5.32 a 36;2.Secundaria/Polimodal Incompleta;1.Menos de 2500 gramos;10
82;1;1;1.Menor de 15;3.24 a 27;1.Hasta Primaria/C.EGB Completa;1.Menos de 2500 gramos;1
02;1;2;3.20 a 24;6.37 a 41;3.Secundario/Polimodal Completa y más;1.Menos de 2500 gramos;15
90;1;2;4.25 a 29;7.42 y más;2.Secundaria/Polimodal Incompleta;2.2500 gramos y más;19
38;1;2;2.15 a 19;6.37 a 41;3.Secundario/Polimodal Completa y más;1.Menos de 2500 gramos;5
26;1;2;6.35 a 39;6.37 a 41;2.Secundaria/Polimodal Incompleta;2.2500 gramos y más;65
10;2;1;3.20 a 24;6.37 a 41;3.Secundario/Polimodal Completa y más;2.2500 gramos y más;4
14;1;1;9.Sin especificar;8.Sin especificar;3.Secundario/Polimodal Completa y más;3.Sin especificar;1
82;1;2;4.25 a 29;6.37 a 41;2.Secundaria/Polimodal Incompleta;2.2500 gramos y más;1047
62;1;1;4.25 a 29;5.32 a 36;4.Sin especificar;2.2500 gramos y más;6
90;1;2;5.30 a 34;5.32 a 36;2.Secundaria/Polimodal Incompleta;1.Menos de 2500 gramos;13
14;2;2;4.25 a 29;6.37 a 41;1.Hasta Primaria/C.EGB Completa;1.Menos de 2500 gramos;1
66;1;1;8.De 45 y más;5.32 a 36;3.Secundario/Polimodal Completa y más;2.2500 gramos y más;2
62;1;1;3.20 a 24;3.24 a 27;2.Secundaria/Polimodal Incompleta;1.Menos de 2500 gramos;2
10;2;1;6.35 a 39;5.32 a 36;2.Secundaria/Polimodal Incompleta;2.2500 gramos y más;1
42;2;1;4.25 a 29;5.32 a 36;3.Secundario/Polimodal Completa y más;1.Menos de 2500 gramos;3
10;2;1;7.40 a 44;4.28 a 31;3.Secundario/Polimodal Completa y más;1.Menos de 2500 gramos;2
14;2;1;4.25 a 29;8.Sin especificar;1.Hasta Primaria/C.EGB Completa;1.Menos de 2500 gramos;1
06;1;2;1.Menor de 15;5.32 a 36;1.Hasta Primaria/C.EGB Completa;2.2500 gramos y más;5
06;9;1;5.30 a 34;5.32 a 36;4.Sin especificar;2.2500 gramos y más;3
50;2;1;5.30 a 34;4.28 a 31;3.Secundario/Polimodal Completa y más;1.Menos de 2500 gramos;1
82;1;2;6.35 a 39;7.42 y más;1.Hasta Primaria/C.EGB Completa;2.2500 gramos y más;1
90;2;1;4.25 a 29;7.42 y más;3.Secundario/Polimodal Completa y más;1.Menos de 2500 gramos;1
06;9;2;6.35 a 39;4.28 a 31;4.Sin especificar;1.Menos de 2500 gramos;1
02;2;2;5.30 a 34;6.37 a 41;2.Secundaria/Polimodal Incompleta;2.2500 gramos y más;1
06;1;9;3.20 a 24;6.37 a 41;4.Sin especificar;2.2500 gramos y más;21
86;1;1;3.20 a 24;6.37 a 41;1.Hasta Primaria/C.EGB Completa;2.2500 gramos y más;643
06;1;1;6.35 a 39;3.24 a 27;1.Hasta Primaria/C.EGB Completa;3.Sin especificar;2
82;1;2;2.15 a 19;8.Sin especificar;3.Secundario/Polimodal Completa y más;2.2500 gramos y más;1
82;1;1;2.15 a 19;4.28 a 31;1.Hasta Primaria/C.EGB Completa;1.Menos de 2500 gramos;5
06;1;2;5.30 a 34;6.37 a 41;2.Secundaria/Polimodal Incompleta;1.Menos de 2500 gramos;82
86;1;2;1.Menor de 15;5.32 a 36;2.Secundaria/Polimodal Incompleta;1.Menos de 2500 gramos;1
99;9;2;7.40 a 44;6.37 a 41;4.Sin especificar;3.Sin especificar;1
54;1;1;7.40 a 44;6.37 a 41;1.Hasta Primaria/C.EGB Completa;2.2500 gramos y más;116
30;1;1;4.25 a 29;5.32 a 36;1.Hasta Primaria/C.EGB Completa;2.2500 gramos y más;6
14;1;1;5.30 a 34;7.42 y más;1.Hasta Primaria/C.EGB Completa;2.2500 gramos y más;1
30;1;2;3.20 a 24;8.Sin especificar;1.Hasta Primaria/C.EGB Completa;2.2500 gramos y más;2
30;1;2;5.30 a 34;6.37 a 41;2.Secundaria/Polimodal Incompleta;1.Menos de 2500 gramos;9
26;2;2;4.25 a 29;5.32 a 36;1.Hasta Primaria/C.EGB Completa;1.Menos de 2500 gramos;1
30;1;1;5.30 a 34;5.32 a 36;1.Hasta Primaria/C.EGB Completa;1.Menos de 2500 gramos;7
14;1;1;5.30 a 34;5.32 a 36;1.Hasta Primaria/C.EGB Completa;2.2500 gramos y más;16
82;1;2;3.20 a 24;5.32 a 36;3.Secundario/Polimodal Completa y más;1.Menos de 2500 gramos;53
30;1;1;4.25 a 29;5.32 a 36;1.Hasta Primaria/C.EGB Completa;1.Menos de 2500 gramos;3
46;1;2;7.40 a 44;7.42 y más;1.Hasta Primaria/C.EGB Completa;2.2500 gramos y más;1
34;1;2;3.20 a 24;8.Sin especificar;3.Secundario/Polimodal Completa y más;2.2500 gramos y más;1
30;1;2;4.25 a 29;6.37 a 41;2.Secundaria/Polimodal Incompleta;3.Sin especificar;1
22;1;1;5.30 a 34;6.37 a 41;3.Secundario/Polimodal Completa y más;1.Menos de 2500 gramos;13
74;1;1;4.25 a 29;5.32 a 36;1.Hasta Primaria/C.EGB Completa;2.2500 gramos y más;2
94;1;2;7.40 a 44;5.32 a 36;3.Secundario/Polimodal Completa y más;2.2500 gramos y más;5
66;2;2;5.30 a 34;6.37 a 41;1.Hasta Primaria/C.EGB Completa;2.2500 gramos y más;3
90;1;1;3.20 a 24;8.Sin especificar;3.Secundario/Polimodal Completa y más;1.Menos de 2500 gramos;1
86;1;1;2.15 a 19;3.24 a 27;1.Hasta Primaria/C.EGB Completa;1.Menos de 2500 gramos;1
54;2;2;4.25 a 29;6.37 a 41;2.Secundaria/Polimodal Incompleta;2.2500 gramos y más;2
42;1;1;2.15 a 19;5.32 a 36;2.Secundaria/Polimodal Incompleta;1.Menos de 2500 gramos;3
50;1;1;3.20 a 24;7.42 y más;1.Hasta Primaria/C.EGB Completa;2.2500 gramos y más;2
18;2;1;3.20 a 24;6.37 a 41;3.Secundario/Polimodal Completa y más;2.2500 gramos y más;6
26;1;2;7.40 a 44;6.37 a 41;4.Sin especificar;2.2500 gramos y más;12
66;2;2;4.25 a 29;6.37 a 41;1.Hasta Primaria/C.EGB Completa;1.Menos de 2500 gramos;2
22;1;1;9.Sin especificar;8.Sin especificar;3.Secundario/Polimodal Completa y más;2.2500 gramos y más;1
26;1;2;2.15 a 19;5.32 a 36;2.Secundaria/Polimodal Incompleta;2.2500 gramos y más;5
86;2;2;6.35 a 39;6.37 a 41;1.Hasta Primaria/C.EGB Completa;1.Menos de 2500 gramos;2
02;1;1;5.30 a 34;6.37 a 41;1.Hasta Primaria/C.EGB Completa;1.Menos de 2500 gramos;4
74;1;1;6.35 a 39;5.32 a 36;1.Hasta Primaria/C.EGB Completa;2.2500 gramos y más;2
22;9;2;3.20 a 24;6.37 a 41;2.Secundaria/Polimodal Incompleta;2.2500 gramos y más;3
06;1;9;3.20 a 24;8.Sin especificar;3.Secundario/Polimodal Completa y más;3.Sin especificar;1
54;1;1;4.25 a 29;3.24 a 27;1.Hasta Primaria/C.EGB Completa;1.Menos de 2500 gramos;2
02;2;1;3.20 a 24;6.37 a 41;4.Sin especificar;2.2500 gramos y más;1
02;9;1;3.20 a 24;8.Sin especificar;4.Sin especificar;3.Sin especificar;1
74;1;2;5.30 a 34;3.24 a 27;2.Secundaria/Polimodal Incompleta;1.Menos de 2500 gramos;1
14;1;2;2.15 a 19;6.37 a 41;3.Secundario/Polimodal Completa y más;3.Sin especificar;1
10;2;1;6.35 a 39;5.32 a 36;2.Secundaria/Polimodal Incompleta;1.Menos de 2500 gramos;2
90;1;1;7.40 a 44;5.32 a 36;2.Secundaria/Polimodal Incompleta;1.Menos de 2500 gramos;4
82;1;2;5.30 a 34;5.32 a 36;1.Hasta Primaria/C.EGB Completa;2.2500 gramos y más;31
62;1;2;9.Sin especificar;8.Sin especificar;4.Sin especificar;3.Sin especificar;1
22;1;1;9.Sin especificar;4.28 a 31;3.Secundario/Polimodal Completa y más;1.Menos de 2500 gramos;1
34;1;1;2.15 a 19;6.37 a 41;2.Secundaria/Polimodal Incompleta;1.Menos de 2500 gramos;8
62;2;1;6.35 a 39;3.24 a 27;3.Secundario/Polimodal Completa y más;1.Menos de 2500 gramos;1
06;1;1;9.Sin especificar;8.Sin especificar;4.Sin especificar;2.2500 gramos y más;32
58;1;1;3.20 a 24;5.32 a 36;1.Hasta Primaria/C.EGB Completa;2.2500 gramos y más;4
38;1;2;6.35 a 39;5.32 a 36;1.Hasta Primaria/C.EGB Completa;2.2500 gramos y más;2
70;1;1;1.Menor de 15;4.28 a 31;1.Hasta Primaria/C.EGB Completa;1.Menos de 2500 gramos;1
66;1;1;6.35 a 39;5.32 a 36;2.Secundaria/Polimodal Incompleta;1.Menos de 2500 gramos;6
30;1;1;5.30 a 34;8.Sin especificar;3.Secundario/Polimodal Completa y más;3.Sin especificar;1
34;1;1;6.35 a 39;5.32 a 36;2.Secundaria/Polimodal Incompleta;2.2500 gramos y más;1
54;1;1;7.40 a 44;5.32 a 36;4.Sin especificar;1.Menos de 2500 gramos;2
02;2;2;4.25 a 29;2.22 a 23;3.Secundario/Polimodal Completa y más;1.Menos de 2500 gramos;1
22;1;2;6.35 a 39;5.32 a 36;2.Secundaria/Polimodal Incompleta;2.2500 gramos y más;2
34;1;2;3.20 a 24;6.37 a 41;4.Sin especificar;2.2500 gramos y más;264
54;1;2;8.De 45 y más;6.37 a 41;3.Secundario/Polimodal Completa y más;2.2500 gramos y más;10
06;1;2;5.30 a 34;3.24 a 27;1.Hasta Primaria/C.EGB Completa;1.Menos de 2500 gramos;4
02;1;1;6.35 a 39;6.37 a 41;2.Secundaria/Polimodal Incompleta;1.Menos de 2500 gramos;2
94;1;2;6.35 a 39;4.28 a 31;3.Secundario/Polimodal Completa y más;1.Menos de 2500 gramos;1
70;1;2;5.30 a 34;5.32 a 36;2.Secundaria/Polimodal Incompleta;1.Menos de 2500 gramos;3
18;1;2;3.20 a 24;7.42 y más;3.Secundario/Polimodal Completa y más;2.2500 gramos y más;14
74;1;2;4.25 a 29;5.32 a 36;3.Secundario/Polimodal Completa y más;2.2500 gramos y más;21
18;1;1;5.30 a 34;6.37 a 41;1.Hasta Primaria/C.EGB Completa;1.Menos de 2500 gramos;9
06;1;1;6.35 a 39;6.37 a 41;3.Secundario/Polimodal Completa y más;1.Menos de 2500 gramos;143
06;2;1;9.Sin especificar;4.28 a 31;3.Secundario/Polimodal Completa y más;1.Menos de 2500 gramos;2
18;1;2;4.25 a 29;5.32 a 36;4.Sin especificar;1.Menos de 2500 gramos;13
86;2;2;3.20 a 24;5.32 a 36;1.Hasta Primaria/C.EGB Completa;2.2500 gramos y más;2
06;2;2;4.25 a 29;5.32 a 36;3.Secundario/Polimodal Completa y más;1.Menos de 2500 gramos;86
34;2;1;4.25 a 29;5.32 a 36;4.Sin especificar;2.2500 gramos y más;2
22;1;1;3.20 a 24;6.37 a 41;1.Hasta Primaria/C.EGB Completa;2.2500 gramos y más;591
86;1;1;6.35 a 39;6.37 a 41;1.Hasta Primaria/C.EGB Completa;1.Menos de 2500 gramos;4
22;1;2;6.35 a 39;4.28 a 31;1.Hasta Primaria/C.EGB Completa;1.Menos de 2500 gramos;2
50;1;1;6.35 a 39;4.28 a 31;2.Secundaria/Polimodal Incompleta;1.Menos de 2500 gramos;3
30;1;2;6.35 a 39;8.Sin especificar;3.Secundario/Polimodal Completa y más;2.2500 gramos y más;4
34;1;2;3.20 a 24;7.42 y más;4.Sin especificar;2.2500 gramos y más;2
22;1;2;4.25 a 29;2.22 a 23;3.Secundario/Polimodal Completa y más;1.Menos de 2500 gramos;1
38;1;1;8.De 45 y más;6.37 a 41;3.Secundario/Polimodal Completa y más;1.Menos de 2500 gramos;1
14;1;1;3.20 a 24;5.32 a 36;2.Secundaria/Polimodal Incompleta;1.Menos de 2500 gramos;58
06;1;2;5.30 a 34;8.Sin especificar;4.Sin especificar;1.Menos de 2500 gramos;5
90;1;2;3.20 a 24;3.24 a 27;3.Secundario/Polimodal Completa y más;1.Menos de 2500 gramos;8
14;1;2;5.30 a 34;3.24 a 27;1.Hasta Primaria/C.EGB Completa;1.Menos de 2500 gramos;2
82;2;2;5.30 a 34;5.32 a 36;2.Secundaria/Polimodal Incompleta;2.2500 gramos y más;1
26;1;2;6.35 a 39;5.32 a 36;4.Sin especificar;1.Menos de 2500 gramos;4
50;1;1;5.30 a 34;6.37 a 41;3.Secundario/Polimodal Completa y más;2.2500 gramos y más;1857
06;2;2;3.20 a 24;6.37 a 41;3.Secundario/Polimodal Completa y más;1.Menos de 2500 gramos;24
99;1;1;4.25 a 29;5.32 a 36;3.Secundario/Polimodal Completa y más;2.2500 gramos y más;2
02;1;2;8.De 45 y más;6.37 a 41;3.Secundario/Polimodal Completa y más;2.2500 gramos y más;86
46;1;1;3.20 a 24;4.28 a 31;1.Hasta Primaria/C.EGB Completa;1.Menos de 2500 gramos;3
82;1;1;8.De 45 y más;6.37 a 41;2.Secundaria/Polimodal Incompleta;2.2500 gramos y más;9
30;1;1;6.35 a 39;5.32 a 36;1.Hasta Primaria/C.EGB Completa;2.2500 gramos y más;4
50;2;2;6.35 a 39;5.32 a 36;2.Secundaria/Polimodal Incompleta;1.Menos de 2500 gramos;4
18;1;1;4.25 a 29;5.32 a 36;3.Secundario/Polimodal Completa y más;3.Sin especificar;1
06;9;2;4.25 a 29;5.32 a 36;3.Secundario/Polimodal Completa y más;2.2500 gramos y más;1
30;2;2;4.25 a 29;5.32 a 36;3.Secundario/Polimodal Completa y más;1.Menos de 2500 gramos;15
50;1;1;3.20 a 24;6.37 a 41;2.Secundaria/Polimodal Incompleta;1.Menos de 2500 gramos;20
06;1;1;1.Menor de 15;3.24 a 27;2.Secundaria/Polimodal Incompleta;1.Menos de 2500 gramos;1
62;2;2;6.35 a 39;6.37 a 41;3.Secundario/Polimodal Completa y más;2.2500 gramos y más;2
06;1;9;4.25 a 29;6.37 a 41;4.Sin especificar;3.Sin especificar;1
06;2;2;2.15 a 19;4.28 a 31;3.Secundario/Polimodal Completa y más;1.Menos de 2500 gramos;1
26;2;2;3.20 a 24;6.37 a 41;2.Secundaria/Polimodal Incompleta;1.Menos de 2500 gramos;2
18;1;2;2.15 a 19;6.37 a 41;2.Secundaria/Polimodal Incompleta;2.2500 gramos y más;419
58;2;1;4.25 a 29;6.37 a 41;1.Hasta Primaria/C.EGB Completa;2.2500 gramos y más;2
82;1;1;5.30 a 34;6.37 a 41;2.Secundaria/Polimodal Incompleta;3.Sin especificar;2
58;1;1;7.40 a 44;5.32 a 36;3.Secundario/Polimodal Completa y más;2.2500 gramos y más;9
46;1;2;3.20 a 24;6.37 a 41;1.Hasta Primaria/C.EGB Completa;1.Menos de 2500 gramos;1
14;1;1;7.40 a 44;5.32 a 36;2.Secundaria/Polimodal Incompleta;1.Menos de 2500 gramos;5
06;2;2;2.15 a 19;5.32 a 36;2.Secundaria/Polimodal Incompleta;2.2500 gramos y más;2
66;1;1;4.25 a 29;6.37 a 41;1.Hasta Primaria/C.EGB Completa;2.2500 gramos y más;273
06;1;2;3.20 a 24;4.28 a 31;1.Hasta Primaria/C.EGB Completa;1.Menos de 2500 gramos;14
42;1;1;4.25 a 29;4.28 a 31;3.Secundario/Polimodal Completa y más;1.Menos de 2500 gramos;4
62;1;1;4.25 a 29;4.28 a 31;4.Sin especificar;1.Menos de 2500 gramos;1
66;1;2;4.25 a 29;6.37 a 41;2.Secundaria/Polimodal Incompleta;3.Sin especificar;1
02;1;2;3.20 a 24;3.24 a 27;3.Secundario/Polimodal Completa y más;1.Menos de 2500 gramos;1
38;1;2;4.25 a 29;7.42 y más;3.Secundario/Polimodal Completa y más;2.2500 gramos y más;12
90;2;1;4.25 a 29;5.32 a 36;3.Secundario/Polimodal Completa y más;1.Menos de 2500 gramos;6
82;2;1;4.25 a 29;6.37 a 41;2.Secundaria/Polimodal Incompleta;2.2500 gramos y más;7
38;1;2;6.35 a 39;4.28 a 31;1.Hasta Primaria/C.EGB Completa;1.Menos de 2500 gramos;1
34;1;2;7.40 a 44;4.28 a 31;1.Hasta Primaria/C.EGB Completa;1.Menos de 2500 gramos;1
06;1;1;3.20 a 24;4.28 a 31;1.Hasta Primaria/C.EGB Completa;1.Menos de 2500 gramos;16
18;1;2;2.15 a 19;5.32 a 36;2.Secundaria/Polimodal Incompleta;2.2500 gramos y más;30
10;2;1;4.25 a 29;6.37 a 41;2.Secundaria/Polimodal Incompleta;2.2500 gramos y más;2
18;2;2;3.20 a 24;5.32 a 36;2.Secundaria/Polimodal Incompleta;1.Menos de 2500 gramos;5
62;1;1;2.15 a 19;5.32 a 36;4.Sin especificar;1.Menos de 2500 gramos;1
78;1;1;6.35 a 39;3.24 a 27;2.Secundaria/Polimodal Incompleta;1.Menos de 2500 gramos;2
10;1;1;3.20 a 24;8.Sin especificar;3.Secundario/Polimodal Completa y más;3.Sin especificar;5
90;1;1;6.35 a 39;5.32 a 36;4.Sin especificar;1.Menos de 2500 gramos;1
70;2;2;5.30 a 34;4.28 a 31;2.Secundaria/Polimodal Incompleta;1.Menos de 2500 gramos;2
06;9;2;6.35 a 39;6.37 a 41;1.Hasta Primaria/C.EGB Completa;2.2500 gramos y más;3
06;1;1;5.30 a 34;5.32 a 36;3.Secundario/Polimodal Completa y más;2.2500 gramos y más;491
82;1;2;5.30 a 34;5.32 a 36;3.Secundario/Polimodal Completa y más;2.2500 gramos y más;101
50;1;1;3.20 a 24;3.24 a 27;1.Hasta Primaria/C.EGB Completa;1.Menos de 2500 gramos;1
06;2;2;4.25 a 29;5.32 a 36;1.Hasta Primaria/C.EGB Completa;1.Menos de 2500 gramos;16
06;1;9;4.25 a 29;5.32 a 36;3.Secundario/Polimodal Completa y más;2.2500 gramos y más;2
99;1;1;5.30 a 34;7.42 y más;4.Sin especificar;2.2500 gramos y más;1
38;1;1;5.30 a 34;5.32 a 36;1.Hasta Primaria/C.EGB Completa;1.Menos de 2500 gramos;2
62;1;2;3.20 a 24;6.37 a 41;2.Secundaria/Polimodal Incompleta;2.2500 gramos y más;243
22;9;1;5.30 a 34;6.37 a 41;1.Hasta Primaria/C.EGB Completa;3.Sin especificar;1
98;1;1;4.25 a 29;6.37 a 41;1.Hasta Primaria/C.EGB Completa;2.2500 gramos y más;3
70;1;1;5.30 a 34;5.32 a 36;1.Hasta Primaria/C.EGB Completa;1.Menos de 2500 gramos;5
46;1;1;2.15 a 19;6.37 a 41;1.Hasta Primaria/C.EGB Completa;2.2500 gramos y más;32
98;1;1;3.20 a 24;5.32 a 36;3.Secundario/Polimodal Completa y más;1.Menos de 2500 gramos;1
99;1;1;1.Menor de 15;6.37 a 41;2.Secundaria/Polimodal Incompleta;2.2500 gramos y más;1
42;1;2;4.25 a 29;5.32 a 36;1.Hasta Primaria/C.EGB Completa;1.Menos de 2500 gramos;2
58;1;1;8.De 45 y más;6.37 a 41;1.Hasta Primaria/C.EGB Completa;2.2500 gramos y más;1
86;1;2;6.35 a 39;7.42 y más;1.Hasta Primaria/C.EGB Completa;2.2500 gramos y más;4
22;1;1;2.15 a 19;7.42 y más;2.Secundaria/Polimodal Incompleta;2.2500 gramos y más;2
62;2;1;6.35 a 39;5.32 a 36;3.Secundario/Polimodal Completa y más;1.Menos de 2500 gramos;4
54;1;2;8.De 45 y más;6.37 a 41;3.Secundario/Polimodal Completa y más;1.Menos de 2500 gramos;2
50;1;2;6.35 a 39;3.24 a 27;3.Secundario/Polimodal Completa y más;1.Menos de 2500 gramos;3
06;1;1;7.40 a 44;5.32 a 36;3.Secundario/Polimodal Completa y más;1.Menos de 2500 gramos;103
70;1;1;5.30 a 34;5.32 a 36;1.Hasta Primaria/C.EGB Completa;2.2500 gramos y más;3
02;1;1;3.20 a 24;8.Sin especificar;3.Secundario/Polimodal Completa y más;2.2500 gramos y más;1
14;1;1;6.35 a 39;6.37 a 41;2.Secundaria/Polimodal Incompleta;2.2500 gramos y más;402
74;1;1;7.40 a 44;6.37 a 41;2.Secundaria/Polimodal Incompleta;1.Menos de 2500 gramos;1
14;2;1;3.20 a 24;5.32 a 36;3.Secundario/Polimodal Completa y más;1.Menos de 2500 gramos;8
06;1;1;4.25 a 29;1.Menos de 22;1.Hasta Primaria/C.EGB Completa;1.Menos de 2500 gramos;1
26;1;2;4.25 a 29;5.32 a 36;3.Secundario/Polimodal Completa y más;1.Menos de 2500 gramos;20
46;1;2;3.20 a 24;5.32 a 36;1.Hasta Primaria/C.EGB Completa;1.Menos de 2500 gramos;1
02;2;1;3.20 a 24;5.32 a 36;4.Sin especificar;2.2500 gramos y más;3
18;1;2;4.25 a 29;8.Sin especificar;3.Secundario/Polimodal Completa y más;3.Sin especificar;1
38;1;1;1.Menor de 15;6.37 a 41;1.Hasta Primaria/C.EGB Completa;2.2500 gramos y más;7
34;1;1;7.40 a 44;5.32 a 36;4.Sin especificar;2.2500 gramos y más;4
46;1;1;2.15 a 19;5.32 a 36;2.Secundaria/Polimodal Incompleta;2.2500 gramos y más;3
82;1;1;2.15 a 19;7.42 y más;1.Hasta Primaria/C.EGB Completa;2.2500 gramos y más;2
06;1;1;6.35 a 39;7.42 y más;3.Secundario/Polimodal Completa y más;2.2500 gramos y más;22
10;1;1;8.De 45 y más;6.37 a 41;2.Secundaria/Polimodal Incompleta;2.2500 gramos y más;1
06;1;9;7.40 a 44;5.32 a 36;3.Secundario/Polimodal Completa y más;2.2500 gramos y más;2
66;1;1;6.35 a 39;8.Sin especificar;1.Hasta Primaria/C.EGB Completa;3.Sin especificar;1
02;1;1;4.25 a 29;5.32 a 36;4.Sin especificar;2.2500 gramos y más;6
14;1;1;6.35 a 39;6.37 a 41;2.Secundaria/Polimodal Incompleta;1.Menos de 2500 gramos;11
70;1;2;5.30 a 34;6.37 a 41;2.Secundaria/Polimodal Incompleta;1.Menos de 2500 gramos;4
90;1;1;6.35 a 39;6.37 a 41;2.Secundaria/Polimodal Incompleta;1.Menos de 2500 gramos;3
18;1;2;5.30 a 34;7.42 y más;4.Sin especificar;2.2500 gramos y más;8
14;2;1;3.20 a 24;5.32 a 36;3.Secundario/Polimodal Completa y más;2.2500 gramos y más;1
14;1;2;7.40 a 44;6.37 a 41;1.Hasta Primaria/C.EGB Completa;2.2500 gramos y más;110
18;1;2;4.25 a 29;6.37 a 41;1.Hasta Primaria/C.EGB Completa;1.Menos de 2500 gramos;5
06;2;1;4.25 a 29;4.28 a 31;3.Secundario/Polimodal Completa y más;1.Menos de 2500 gramos;14
22;1;1;4.25 a 29;6.37 a 41;1.Hasta Primaria/C.EGB Completa;1.Menos de 2500 gramos;14
18;2;1;6.35 a 39;6.37 a 41;4.Sin especificar;1.Menos de 2500 gramos;1
18;2;2;3.20 a 24;6.37 a 41;2.Secundaria/Polimodal Incompleta;2.2500 gramos y más;7
14;2;2;3.20 a 24;6.37 a 41;2.Secundaria/Polimodal Incompleta;1.Menos de 2500 gramos;5
14;2;1;6.35 a 39;6.37 a 41;3.Secundario/Polimodal Completa y más;1.Menos de 2500 gramos;11
66;2;2;4.25 a 29;5.32 a 36;3.Secundario/Polimodal Completa y más;2.2500 gramos y más;3
10;1;2;5.30 a 34;3.24 a 27;3.Secundario/Polimodal Completa y más;1.Menos de 2500 gramos;2
54;2;2;4.25 a 29;6.37 a 41;2.Secundaria/Polimodal Incompleta;1.Menos de 2500 gramos;1
06;1;2;2.15 a 19;8.Sin especificar;1.Hasta Primaria/C.EGB Completa;1.Menos de 2500 gramos;4
54;2;1;4.25 a 29;5.32 a 36;1.Hasta Primaria/C.EGB Completa;2.2500 gramos y más;2
30;2;2;4.25 a 29;6.37 a 41;1.Hasta Primaria/C.EGB Completa;1.Menos de 2500 gramos;1
06;2;1;4.25 a 29;6.37 a 41;2.Secundaria/Polimodal Incompleta;2.2500 gramos y más;15
46;1;2;5.30 a 34;6.37 a 41;3.Secundario/Polimodal Completa y más;2.2500 gramos y más;324
42;1;1;3.20 a 24;5.32 a 36;2.Secundaria/Polimodal Incompleta;2.2500 gramos y más;2
82;1;1;7.40 a 44;8.Sin especificar;3.Secundario/Polimodal Completa y más;2.2500 gramos y más;2
54;2;1;4.25 a 29;5.32 a 36;1.Hasta Primaria/C.EGB Completa;1.Menos de 2500 gramos;2
38;2;2;6.35 a 39;6.37 a 41;3.Secundario/Polimodal Completa y más;2.2500 gramos y más;1
86;2;1;4.25 a 29;6.37 a 41;3.Secundario/Polimodal Completa y más;1.Menos de 2500 gramos;1
58;1;2;6.35 a 39;6.37 a 41;3.Secundario/Polimodal Completa y más;2.2500 gramos y más;368
14;2;1;5.30 a 34;6.37 a 41;2.Secundaria/Polimodal Incompleta;2.2500 gramos y más;7
10;1;2;4.25 a 29;5.32 a 36;2.Secundaria/Polimodal Incompleta;2.2500 gramos y más;1
82;2;1;7.40 a 44;6.37 a 41;3.Secundario/Polimodal Completa y más;1.Menos de 2500 gramos;3
02;2;1;5.30 a 34;5.32 a 36;4.Sin especificar;2.2500 gramos y más;1
58;1;2;8.De 45 y más;6.37 a 41;3.Secundario/Polimodal Completa y más;2.2500 gramos y más;5
34;1;1;5.30 a 34;4.28 a 31;1.Hasta Primaria/C.EGB Completa;1.Menos de 2500 gramos;3
86;1;1;2.15 a 19;7.42 y más;3.Secundario/Polimodal Completa y más;2.2500 gramos y más;2
38;1;1;5.30 a 34;5.32 a 36;3.Secundario/Polimodal Completa y más;2.2500 gramos y más;30
30;1;1;5.30 a 34;4.28 a 31;2.Secundaria/Polimodal Incompleta;1.Menos de 2500 gramos;1
06;1;2;5.30 a 34;3.24 a 27;3.Secundario/Polimodal Completa y más;1.Menos de 2500 gramos;24
54;1;1;3.20 a 24;5.32 a 36;2.Secundaria/Polimodal Incompleta;1.Menos de 2500 gramos;21
78;1;2;2.15 a 19;6.37 a 41;4.Sin especificar;2.2500 gramos y más;1
06;2;2;3.20 a 24;2.22 a 23;1.Hasta Primaria/C.EGB Completa;1.Menos de 2500 gramos;1
26;1;2;3.20 a 24;4.28 a 31;1.Hasta Primaria/C.EGB Completa;2.2500 gramos y más;1
66;1;2;4.25 a 29;2.22 a 23;3.Secundario/Polimodal Completa y más;1.Menos de 2500 gramos;3
58;1;2;2.15 a 19;2.22 a 23;3.Secundario/Polimodal Completa y más;1.Menos de 2500 gramos;1
06;2;2;3.20 a 24;5.32 a 36;1.Hasta Primaria/C.EGB Completa;2.2500 gramos y más;4
06;1;1;2.15 a 19;7.42 y más;3.Secundario/Polimodal Completa y más;2.2500 gramos y más;13
99;9;2;5.30 a 34;5.32 a 36;4.Sin especificar;1.Menos de 2500 gramos;3
74;2;2;5.30 a 34;5.32 a 36;4.Sin especificar;1.Menos de 2500 gramos;1
66;1;2;4.25 a 29;5.32 a 36;3.Secundario/Polimodal Completa y más;2.2500 gramos y más;47
62;1;2;3.20 a 24;3.24 a 27;1.Hasta Primaria/C.EGB Completa;1.Menos de 2500 gramos;1
30;1;1;6.35 a 39;6.37 a 41;4.Sin especificar;2.2500 gramos y más;8
10;1;1;3.20 a 24;5.32 a 36;3.Secundario/Polimodal Completa y más;2.2500 gramos y más;14
22;1;2;8.De 45 y más;6.37 a 41;1.Hasta Primaria/C.EGB Completa;1.Menos de 2500 gramos;1
06;1;1;4.25 a 29;5.32 a 36;3.Secundario/Polimodal Completa y más;3.Sin especificar;3
42;1;2;7.40 a 44;6.37 a 41;1.Hasta Primaria/C.EGB Completa;2.2500 gramos y más;4
06;1;2;3.20 a 24;7.42 y más;1.Hasta Primaria/C.EGB Completa;2.2500 gramos y más;23
62;1;1;2.15 a 19;5.32 a 36;2.Secundaria/Polimodal Incompleta;2.2500 gramos y más;15
94;1;2;5.30 a 34;5.32 a 36;3.Secundario/Polimodal Completa y más;2.2500 gramos y más;6
82;2;2;7.40 a 44;4.28 a 31;2.Secundaria/Polimodal Incompleta;1.Menos de 2500 gramos;1
06;9;2;7.40 a 44;6.37 a 41;4.Sin especificar;3.Sin especificar;1
26;1;2;3.20 a 24;3.24 a 27;4.Sin especificar;1.Menos de 2500 gramos;1
66;1;1;4.25 a 29;8.Sin especificar;2.Secundaria/Polimodal Incompleta;2.2500 gramos y más;5
42;1;2;3.20 a 24;4.28 a 31;3.Secundario/Polimodal Completa y más;1.Menos de 2500 gramos;1
58;1;1;3.20 a 24;6.37 a 41;4.Sin especificar;2.2500 gramos y más;8
30;1;2;6.35 a 39;5.32 a 36;2.Secundaria/Polimodal Incompleta;2.2500 gramos y más;8
66;1;1;3.20 a 24;5.32 a 36;1.Hasta Primaria/C.EGB Completa;1.Menos de 2500 gramos;9
86;1;2;8.De 45 y más;7.42 y más;1.Hasta Primaria/C.EGB Completa;2.2500 gramos y más;1
46;1;1;6.35 a 39;3.24 a 27;1.Hasta Primaria/C.EGB Completa;1.Menos de 2500 gramos;1
06;1;2;6.35 a 39;8.Sin especificar;2.Secundaria/Polimodal Incompleta;2.2500 gramos y más;18
34;1;1;4.25 a 29;5.32 a 36;2.Secundaria/Polimodal Incompleta;1.Menos de 2500 gramos;5
70;1;2;4.25 a 29;4.28 a 31;2.Secundaria/Polimodal Incompleta;1.Menos de 2500 gramos;2
06;1;2;2.15 a 19;8.Sin especificar;4.Sin especificar;2.2500 gramos y más;9
06;1;9;7.40 a 44;8.Sin especificar;1.Hasta Primaria/C.EGB Completa;1.Menos de 2500 gramos;1
06;1;2;7.40 a 44;8.Sin especificar;2.Secundaria/Polimodal Incompleta;2.2500 gramos y más;4
06;9;1;2.15 a 19;6.37 a 41;1.Hasta Primaria/C.EGB Completa;1.Menos de 2500 gramos;1
94;2;2;4.25 a 29;3.24 a 27;3.Secundario/Polimodal Completa y más;1.Menos de 2500 gramos;2
94;1;2;4.25 a 29;6.37 a 41;4.Sin especificar;2.2500 gramos y más;1
10;2;2;3.20 a 24;5.32 a 36;1.Hasta Primaria/C.EGB Completa;1.Menos de 2500 gramos;3
46;1;1;5.30 a 34;7.42 y más;3.Secundario/Polimodal Completa y más;2.2500 gramos y más;3
66;1;2;2.15 a 19;8.Sin especificar;2.Secundaria/Polimodal Incompleta;2.2500 gramos y más;8
06;1;1;2.15 a 19;7.42 y más;1.Hasta Primaria/C.EGB Completa;2.2500 gramos y más;14
22;1;2;9.Sin especificar;5.32 a 36;2.Secundaria/Polimodal Incompleta;1.Menos de 2500 gramos;1
62;1;2;5.30 a 34;8.Sin especificar;4.Sin especificar;2.2500 gramos y más;1
54;1;1;4.25 a 29;4.28 a 31;4.Sin especificar;1.Menos de 2500 gramos;1
22;1;1;3.20 a 24;8.Sin especificar;2.Secundaria/Polimodal Incompleta;2.2500 gramos y más;2
62;1;1;1.Menor de 15;5.32 a 36;1.Hasta Primaria/C.EGB Completa;2.2500 gramos y más;1
06;1;2;7.40 a 44;4.28 a 31;2.Secundaria/Polimodal Incompleta;1.Menos de 2500 gramos;3
90;2;1;4.25 a 29;5.32 a 36;3.Secundario/Polimodal Completa y más;2.2500 gramos y más;4
78;1;1;7.40 a 44;6.37 a 41;2.Secundaria/Polimodal Incompleta;2.2500 gramos y más;16
42;1;2;7.40 a 44;6.37 a 41;3.Secundario/Polimodal Completa y más;2.2500 gramos y más;35
62;2;2;4.25 a 29;5.32 a 36;4.Sin especificar;1.Menos de 2500 gramos;1
06;1;2;6.35 a 39;7.42 y más;1.Hasta Primaria/C.EGB Completa;1.Menos de 2500 gramos;1
02;9;2;3.20 a 24;6.37 a 41;3.Secundario/Polimodal Completa y más;2.2500 gramos y más;4
14;1;1;2.15 a 19;5.32 a 36;3.Secundario/Polimodal Completa y más;2.2500 gramos y más;13
74;2;2;4.25 a 29;5.32 a 36;3.Secundario/Polimodal Completa y más;1.Menos de 2500 gramos;2
66;1;2;5.30 a 34;7.42 y más;3.Secundario/Polimodal Completa y más;2.2500 gramos y más;1
26;1;2;7.40 a 44;5.32 a 36;3.Secundario/Polimodal Completa y más;2.2500 gramos y más;3
06;2;1;5.30 a 34;8.Sin especificar;1.Hasta Primaria/C.EGB Completa;2.2500 gramos y más;1
42;1;1;4.25 a 29;5.32 a 36;2.Secundaria/Polimodal Incompleta;2.2500 gramos y más;4
46;1;1;5.30 a 34;5.32 a 36;1.Hasta Primaria/C.EGB Completa;1.Menos de 2500 gramos;1
30;1;2;3.20 a 24;6.37 a 41;4.Sin especificar;3.Sin especificar;1
54;1;2;7.40 a 44;5.32 a 36;2.Secundaria/Polimodal Incompleta;1.Menos de 2500 gramos;2
30;1;2;3.20 a 24;6.37 a 41;1.Hasta Primaria/C.EGB Completa;2.2500 gramos y más;273
46;1;1;1.Menor de 15;6.37 a 41;1.Hasta Primaria/C.EGB Completa;2.2500 gramos y más;1
86;1;1;2.15 a 19;6.37 a 41;2.Secundaria/Polimodal Incompleta;1.Menos de 2500 gramos;10
66;1;1;3.20 a 24;6.37 a 41;3.Secundario/Polimodal Completa y más;2.2500 gramos y más;1009
90;2;1;8.De 45 y más;6.37 a 41;3.Secundario/Polimodal Completa y más;1.Menos de 2500 gramos;1
02;9;1;6.35 a 39;5.32 a 36;4.Sin especificar;2.2500 gramos y más;6
54;1;1;2.15 a 19;4.28 a 31;2.Secundaria/Polimodal Incompleta;1.Menos de 2500 gramos;2
30;1;1;3.20 a 24;3.24 a 27;2.Secundaria/Polimodal Incompleta;3.Sin especificar;1
06;1;2;3.20 a 24;6.37 a 41;2.Secundaria/Polimodal Incompleta;2.2500 gramos y más;5102
06;1;2;2.15 a 19;6.37 a 41;1.Hasta Primaria/C.EGB Completa;2.2500 gramos y más;1136
18;2;1;6.35 a 39;6.37 a 41;4.Sin especificar;2.2500 gramos y más;2
06;1;1;6.35 a 39;5.32 a 36;3.Secundario/Polimodal Completa y más;1.Menos de 2500 gramos;275
54;1;1;3.20 a 24;8.Sin especificar;2.Secundaria/Polimodal Incompleta;2.2500 gramos y más;1
74;2;2;5.30 a 34;5.32 a 36;3.Secundario/Polimodal Completa y más;1.Menos de 2500 gramos;8
66;2;1;2.15 a 19;6.37 a 41;1.Hasta Primaria/C.EGB Completa;1.Menos de 2500 gramos;1
99;1;2;2.15 a 19;7.42 y más;1.Hasta Primaria/C.EGB Completa;1.Menos de 2500 gramos;1
78;2;2;6.35 a 39;6.37 a 41;3.Secundario/Polimodal Completa y más;2.2500 gramos y más;2
06;1;2;6.35 a 39;5.32 a 36;2.Secundaria/Polimodal Incompleta;1.Menos de 2500 gramos;56
62;1;1;3.20 a 24;6.37 a 41;3.Secundario/Polimodal Completa y más;2.2500 gramos y más;398
50;2;2;5.30 a 34;4.28 a 31;3.Secundario/Polimodal Completa y más;1.Menos de 2500 gramos;3
90;1;2;2.15 a 19;7.42 y más;2.Secundaria/Polimodal Incompleta;2.2500 gramos y más;19
86;1;1;3.20 a 24;4.28 a 31;2.Secundaria/Polimodal Incompleta;1.Menos de 2500 gramos;3
02;9;1;6.35 a 39;5.32 a 36;4.Sin especificar;1.Menos de 2500 gramos;4
42;1;2;5.30 a 34;6.37 a 41;3.Secundario/Polimodal Completa y más;2.2500 gramos y más;280
50;1;2;2.15 a 19;5.32 a 36;1.Hasta Primaria/C.EGB Completa;1.Menos de 2500 gramos;4
54;1;1;3.20 a 24;7.42 y más;1.Hasta Primaria/C.EGB Completa;2.2500 gramos y más;4
54;1;2;6.35 a 39;6.37 a 41;4.Sin especificar;1.Menos de 2500 gramos;6
82;2;2;3.20 a 24;3.24 a 27;2.Secundaria/Polimodal Incompleta;1.Menos de 2500 gramos;4
22;1;1;2.15 a 19;3.24 a 27;2.Secundaria/Polimodal Incompleta;1.Menos de 2500 gramos;4
86;1;2;4.25 a 29;5.32 a 36;2.Secundaria/Polimodal Incompleta;1.Menos de 2500 gramos;8
22;1;1;3.20 a 24;3.24 a 27;2.Secundaria/Polimodal Incompleta;1.Menos de 2500 gramos;2
02;1;1;5.30 a 34;5.32 a 36;1.Hasta Primaria/C.EGB Completa;2.2500 gramos y más;9
54;1;1;2.15 a 19;6.37 a 41;3.Secundario/Polimodal Completa y más;1.Menos de 2500 gramos;7
54;2;2;4.25 a 29;5.32 a 36;2.Secundaria/Polimodal Incompleta;2.2500 gramos y más;1
10;1;2;4.25 a 29;8.Sin especificar;1.Hasta Primaria/C.EGB Completa;3.Sin especificar;1
86;1;2;4.25 a 29;4.28 a 31;3.Secundario/Polimodal Completa y más;1.Menos de 2500 gramos;3
22;1;1;9.Sin especificar;5.32 a 36;1.Hasta Primaria/C.EGB Completa;2.2500 gramos y más;2
90;2;2;7.40 a 44;6.37 a 41;3.Secundario/Polimodal Completa y más;1.Menos de 2500 gramos;1
66;2;2;4.25 a 29;5.32 a 36;1.Hasta Primaria/C.EGB Completa;2.2500 gramos y más;1
18;1;1;4.25 a 29;8.Sin especificar;4.Sin especificar;2.2500 gramos y más;1
66;1;2;6.35 a 39;5.32 a 36;2.Secundaria/Polimodal Incompleta;2.2500 gramos y más;7
82;1;2;4.25 a 29;6.37 a 41;2.Secundaria/Polimodal Incompleta;1.Menos de 2500 gramos;21
74;1;2;4.25 a 29;5.32 a 36;2.Secundaria/Polimodal Incompleta;2.2500 gramos y más;7
02;2;1;3.20 a 24;4.28 a 31;2.Secundaria/Polimodal Incompleta;1.Menos de 2500 gramos;1
06;1;9;2.15 a 19;6.37 a 41;2.Secundaria/Polimodal Incompleta;1.Menos de 2500 gramos;1
14;2;2;5.30 a 34;6.37 a 41;2.Secundaria/Polimodal Incompleta;2.2500 gramos y más;3
50;2;1;4.25 a 29;3.24 a 27;3.Secundario/Polimodal Completa y más;1.Menos de 2500 gramos;1
06;1;2;4.25 a 29;5.32 a 36;2.Secundaria/Polimodal Incompleta;2.2500 gramos y más;118
02;9;2;6.35 a 39;8.Sin especificar;1.Hasta Primaria/C.EGB Completa;3.Sin especificar;1
70;1;1;6.35 a 39;5.32 a 36;1.Hasta Primaria/C.EGB Completa;1.Menos de 2500 gramos;6
14;1;1;5.30 a 34;6.37 a 41;1.Hasta Primaria/C.EGB Completa;1.Menos de 2500 gramos;11
30;1;1;4.25 a 29;6.37 a 41;2.Secundaria/Polimodal Incompleta;3.Sin especificar;1
90;1;2;4.25 a 29;6.37 a 41;2.Secundaria/Polimodal Incompleta;3.Sin especificar;1
90;1;2;3.20 a 24;2.22 a 23;2.Secundaria/Polimodal Incompleta;1.Menos de 2500 gramos;2
38;1;1;3.20 a 24;1.Menos de 22;3.Secundario/Polimodal Completa y más;1.Menos de 2500 gramos;1
62;1;1;3.20 a 24;7.42 y más;4.Sin especificar;2.2500 gramos y más;2
22;1;2;2.15 a 19;4.28 a 31;3.Secundario/Polimodal Completa y más;1.Menos de 2500 gramos;2
06;1;1;3.20 a 24;2.22 a 23;2.Secundaria/Polimodal Incompleta;1.Menos de 2500 gramos;2
62;1;1;5.30 a 34;6.37 a 41;3.Secundario/Polimodal Completa y más;3.Sin especificar;1
54;1;2;2.15 a 19;8.Sin especificar;1.Hasta Primaria/C.EGB Completa;2.2500 gramos y más;1
06;9;2;6.35 a 39;7.42 y más;4.Sin especificar;2.2500 gramos y más;1
22;1;1;4.25 a 29;5.32 a 36;3.Secundario/Polimodal Completa y más;3.Sin especificar;1
62;1;1;2.15 a 19;5.32 a 36;1.Hasta Primaria/C.EGB Completa;2.2500 gramos y más;3
66;1;2;6.35 a 39;6.37 a 41;1.Hasta Primaria/C.EGB Completa;2.2500 gramos y más;187
06;9;2;4.25 a 29;6.37 a 41;1.Hasta Primaria/C.EGB Completa;2.2500 gramos y más;2
46;1;1;4.25 a 29;4.28 a 31;2.Secundaria/Polimodal Incompleta;1.Menos de 2500 gramos;1
06;2;2;5.30 a 34;5.32 a 36;4.Sin especificar;2.2500 gramos y más;6
78;2;1;5.30 a 34;6.37 a 41;3.Secundario/Polimodal Completa y más;1.Menos de 2500 gramos;2
94;1;1;6.35 a 39;6.37 a 41;1.Hasta Primaria/C.EGB Completa;2.2500 gramos y más;7
26;1;1;1.Menor de 15;6.37 a 41;1.Hasta Primaria/C.EGB Completa;2.2500 gramos y más;1
14;2;1;6.35 a 39;5.32 a 36;3.Secundario/Polimodal Completa y más;3.Sin especificar;1
62;1;2;7.40 a 44;6.37 a 41;1.Hasta Primaria/C.EGB Completa;2.2500 gramos y más;18
06;1;2;5.30 a 34;6.37 a 41;3.Secundario/Polimodal Completa y más;2.2500 gramos y más;11190
90;1;1;3.20 a 24;8.Sin especificar;2.Secundaria/Polimodal Incompleta;2.2500 gramos y más;7
06;1;1;7.40 a 44;4.28 a 31;1.Hasta Primaria/C.EGB Completa;1.Menos de 2500 gramos;10
62;1;2;5.30 a 34;5.32 a 36;3.Secundario/Polimodal Completa y más;2.2500 gramos y más;21
99;1;1;2.15 a 19;6.37 a 41;1.Hasta Primaria/C.EGB Completa;2.2500 gramos y más;3
26;2;1;4.25 a 29;6.37 a 41;2.Secundaria/Polimodal Incompleta;2.2500 gramos y más;2
02;2;1;2.15 a 19;4.28 a 31;1.Hasta Primaria/C.EGB Completa;1.Menos de 2500 gramos;1
78;1;1;2.15 a 19;3.24 a 27;2.Secundaria/Polimodal Incompleta;1.Menos de 2500 gramos;1
99;9;1;6.35 a 39;6.37 a 41;4.Sin especificar;2.2500 gramos y más;12
99;1;1;5.30 a 34;7.42 y más;1.Hasta Primaria/C.EGB Completa;2.2500 gramos y más;1
02;2;1;5.30 a 34;6.37 a 41;1.Hasta Primaria/C.EGB Completa;1.Menos de 2500 gramos;3
34;1;1;7.40 a 44;5.32 a 36;1.Hasta Primaria/C.EGB Completa;1.Menos de 2500 gramos;2
18;1;1;3.20 a 24;7.42 y más;4.Sin especificar;2.2500 gramos y más;10
14;2;1;2.15 a 19;8.Sin especificar;3.Secundario/Polimodal Completa y más;2.2500 gramos y más;1
02;9;2;6.35 a 39;6.37 a 41;1.Hasta Primaria/C.EGB Completa;2.2500 gramos y más;1
02;1;2;4.25 a 29;6.37 a 41;2.Secundaria/Polimodal Incompleta;3.Sin especificar;1
86;2;2;4.25 a 29;5.32 a 36;1.Hasta Primaria/C.EGB Completa;2.2500 gramos y más;2
78;1;1;5.30 a 34;6.37 a 41;2.Secundaria/Polimodal Incompleta;2.2500 gramos y más;74
82;1;2;7.40 a 44;6.37 a 41;2.Secundaria/Polimodal Incompleta;2.2500 gramos y más;82
06;1;1;3.20 a 24;5.32 a 36;4.Sin especificar;1.Menos de 2500 gramos;31
66;2;2;3.20 a 24;5.32 a 36;1.Hasta Primaria/C.EGB Completa;1.Menos de 2500 gramos;5
66;1;1;2.15 a 19;3.24 a 27;2.Secundaria/Polimodal Incompleta;1.Menos de 2500 gramos;1
82;1;2;6.35 a 39;6.37 a 41;2.Secundaria/Polimodal Incompleta;2.2500 gramos y más;269
18;1;2;4.25 a 29;6.37 a 41;4.Sin especificar;1.Menos de 2500 gramos;3
14;9;1;2.15 a 19;6.37 a 41;2.Secundaria/Polimodal Incompleta;2.2500 gramos y más;1
90;9;2;9.Sin especificar;8.Sin especificar;4.Sin especificar;3.Sin especificar;1
90;1;2;1.Menor de 15;6.37 a 41;2.Secundaria/Polimodal Incompleta;2.2500 gramos y más;10
22;9;2;3.20 a 24;6.37 a 41;3.Secundario/Polimodal Completa y más;2.2500 gramos y más;5
18;1;1;5.30 a 34;7.42 y más;2.Secundaria/Polimodal Incompleta;2.2500 gramos y más;2
22;1;2;3.20 a 24;4.28 a 31;3.Secundario/Polimodal Completa y más;1.Menos de 2500 gramos;6
22;2;1;5.30 a 34;5.32 a 36;1.Hasta Primaria/C.EGB Completa;2.2500 gramos y más;1
22;2;1;7.40 a 44;6.37 a 41;3.Secundario/Polimodal Completa y más;2.2500 gramos y más;1
86;2;2;8.De 45 y más;5.32 a 36;3.Secundario/Polimodal Completa y más;2.2500 gramos y más;1
06;1;1;7.40 a 44;8.Sin especificar;1.Hasta Primaria/C.EGB Completa;3.Sin especificar;2
90;1;2;7.40 a 44;2.22 a 23;1.Hasta Primaria/C.EGB Completa;1.Menos de 2500 gramos;1
90;2;1;5.30 a 34;5.32 a 36;2.Secundaria/Polimodal Incompleta;1.Menos de 2500 gramos;1
66;1;2;2.15 a 19;6.37 a 41;1.Hasta Primaria/C.EGB Completa;1.Menos de 2500 gramos;11
14;1;1;4.25 a 29;8.Sin especificar;1.Hasta Primaria/C.EGB Completa;3.Sin especificar;1
99;9;1;2.15 a 19;6.37 a 41;4.Sin especificar;2.2500 gramos y más;2
86;1;2;5.30 a 34;5.32 a 36;2.Secundaria/Polimodal Incompleta;2.2500 gramos y más;17
46;1;1;1.Menor de 15;6.37 a 41;2.Secundaria/Polimodal Incompleta;2.2500 gramos y más;3
06;9;1;6.35 a 39;5.32 a 36;3.Secundario/Polimodal Completa y más;2.2500 gramos y más;1
30;1;1;6.35 a 39;6.37 a 41;2.Secundaria/Polimodal Incompleta;2.2500 gramos y más;161
42;1;1;1.Menor de 15;6.37 a 41;2.Secundaria/Polimodal Incompleta;2.2500 gramos y más;2
70;2;1;3.20 a 24;6.37 a 41;3.Secundario/Polimodal Completa y más;1.Menos de 2500 gramos;1
66;1;2;2.15 a 19;6.37 a 41;1.Hasta Primaria/C.EGB Completa;2.2500 gramos y más;250
82;1;1;6.35 a 39;5.32 a 36;1.Hasta Primaria/C.EGB Completa;1.Menos de 2500 gramos;24
90;1;2;3.20 a 24;7.42 y más;3.Secundario/Polimodal Completa y más;3.Sin especificar;1
82;1;1;4.25 a 29;3.24 a 27;3.Secundario/Polimodal Completa y más;1.Menos de 2500 gramos;7
50;1;2;2.15 a 19;3.24 a 27;3.Secundario/Polimodal Completa y más;1.Menos de 2500 gramos;2
38;1;1;6.35 a 39;6.37 a 41;3.Secundario/Polimodal Completa y más;2.2500 gramos y más;384
18;1;1;2.15 a 19;6.37 a 41;3.Secundario/Polimodal Completa y más;1.Menos de 2500 gramos;4
94;1;1;2.15 a 19;5.32 a 36;3.Secundario/Polimodal Completa y más;1.Menos de 2500 gramos;1
42;1;2;5.30 a 34;5.32 a 36;1.Hasta Primaria/C.EGB Completa;2.2500 gramos y más;1
02;9;1;2.15 a 19;6.37 a 41;3.Secundario/Polimodal Completa y más;2.2500 gramos y más;1
74;1;2;3.20 a 24;6.37 a 41;1.Hasta Primaria/C.EGB Completa;2.2500 gramos y más;48
18;1;1;3.20 a 24;5.32 a 36;4.Sin especificar;2.2500 gramos y más;22
90;1;2;7.40 a 44;5.32 a 36;2.Secundaria/Polimodal Incompleta;2.2500 gramos y más;4
22;9;2;2.15 a 19;5.32 a 36;1.Hasta Primaria/C.EGB Completa;1.Menos de 2500 gramos;1
54;1;2;7.40 a 44;6.37 a 41;4.Sin especificar;2.2500 gramos y más;13
78;1;2;2.15 a 19;6.37 a 41;2.Secundaria/Polimodal Incompleta;2.2500 gramos y más;86
90;1;2;7.40 a 44;4.28 a 31;1.Hasta Primaria/C.EGB Completa;2.2500 gramos y más;1
02;2;1;7.40 a 44;5.32 a 36;4.Sin especificar;1.Menos de 2500 gramos;2
99;1;2;4.25 a 29;6.37 a 41;4.Sin especificar;2.2500 gramos y más;1
22;1;1;6.35 a 39;3.24 a 27;2.Secundaria/Polimodal Incompleta;1.Menos de 2500 gramos;1
06;1;1;6.35 a 39;3.24 a 27;4.Sin especificar;1.Menos de 2500 gramos;3
26;1;1;4.25 a 29;6.37 a 41;1.Hasta Primaria/C.EGB Completa;1.Menos de 2500 gramos;2
70;2;1;4.25 a 29;6.37 a 41;3.Secundario/Polimodal Completa y más;2.2500 gramos y más;6
70;2;2;5.30 a 34;6.37 a 41;1.Hasta Primaria/C.EGB Completa;2.2500 gramos y más;3
58;2;1;5.30 a 34;4.28 a 31;4.Sin especificar;1.Menos de 2500 gramos;2
34;1;1;6.35 a 39;5.32 a 36;1.Hasta Primaria/C.EGB Completa;1.Menos de 2500 gramos;3
90;1;2;4.25 a 29;3.24 a 27;1.Hasta Primaria/C.EGB Completa;1.Menos de 2500 gramos;2
70;1;2;4.25 a 29;6.37 a 41;3.Secundario/Polimodal Completa y más;2.2500 gramos y más;713
22;1;1;3.20 a 24;3.24 a 27;1.Hasta Primaria/C.EGB Completa;1.Menos de 2500 gramos;1
02;1;2;3.20 a 24;6.37 a 41;3.Secundario/Polimodal Completa y más;2.2500 gramos y más;602
90;1;1;3.20 a 24;6.37 a 41;1.Hasta Primaria/C.EGB Completa;3.Sin especificar;2
14;1;1;3.20 a 24;3.24 a 27;2.Secundaria/Polimodal Incompleta;1.Menos de 2500 gramos;7
54;1;2;7.40 a 44;6.37 a 41;2.Secundaria/Polimodal Incompleta;2.2500 gramos y más;39
50;1;1;2.15 a 19;6.37 a 41;2.Secundaria/Polimodal Incompleta;2.2500 gramos y más;612
06;1;1;6.35 a 39;5.32 a 36;1.Hasta Primaria/C.EGB Completa;2.2500 gramos y más;62
62;2;2;3.20 a 24;6.37 a 41;1.Hasta Primaria/C.EGB Completa;2.2500 gramos y más;1
82;1;2;1.Menor de 15;6.37 a 41;4.Sin especificar;2.2500 gramos y más;1
30;1;1;2.15 a 19;6.37 a 41;1.Hasta Primaria/C.EGB Completa;1.Menos de 2500 gramos;6
06;2;2;7.40 a 44;4.28 a 31;1.Hasta Primaria/C.EGB Completa;1.Menos de 2500 gramos;2
34;2;1;4.25 a 29;5.32 a 36;1.Hasta Primaria/C.EGB Completa;1.Menos de 2500 gramos;6
90;1;2;3.20 a 24;8.Sin especificar;1.Hasta Primaria/C.EGB Completa;2.2500 gramos y más;7
06;9;1;2.15 a 19;5.32 a 36;4.Sin especificar;1.Menos de 2500 gramos;2
54;2;1;2.15 a 19;6.37 a 41;1.Hasta Primaria/C.EGB Completa;1.Menos de 2500 gramos;1
34;1;2;5.30 a 34;4.28 a 31;4.Sin especificar;1.Menos de 2500 gramos;4
34;1;2;6.35 a 39;6.37 a 41;3.Secundario/Polimodal Completa y más;1.Menos de 2500 gramos;4
46;2;2;5.30 a 34;6.37 a 41;3.Secundario/Polimodal Completa y más;2.2500 gramos y más;5
82;2;1;5.30 a 34;6.37 a 41;2.Secundaria/Polimodal Incompleta;2.2500 gramos y más;3
30;1;2;3.20 a 24;8.Sin especificar;2.Secundaria/Polimodal Incompleta;1.Menos de 2500 gramos;1
02;1;2;7.40 a 44;5.32 a 36;1.Hasta Primaria/C.EGB Completa;2.2500 gramos y más;1
86;1;1;3.20 a 24;6.37 a 41;2.Secundaria/Polimodal Incompleta;2.2500 gramos y más;389
02;1;1;2.15 a 19;5.32 a 36;3.Secundario/Polimodal Completa y más;1.Menos de 2500 gramos;3
30;1;1;4.25 a 29;6.37 a 41;2.Secundaria/Polimodal Incompleta;1.Menos de 2500 gramos;12
86;1;2;4.25 a 29;5.32 a 36;1.Hasta Primaria/C.EGB Completa;2.2500 gramos y más;30
06;1;2;6.35 a 39;6.37 a 41;2.Secundaria/Polimodal Incompleta;2.2500 gramos y más;1401
94;2;2;4.25 a 29;6.37 a 41;3.Secundario/Polimodal Completa y más;2.2500 gramos y más;1
82;1;1;7.40 a 44;5.32 a 36;3.Secundario/Polimodal Completa y más;2.2500 gramos y más;28
22;2;1;3.20 a 24;2.22 a 23;3.Secundario/Polimodal Completa y más;1.Menos de 2500 gramos;1
38;1;1;3.20 a 24;7.42 y más;3.Secundario/Polimodal Completa y más;2.2500 gramos y más;9
99;1;2;5.30 a 34;5.32 a 36;3.Secundario/Polimodal Completa y más;2.2500 gramos y más;2
86;1;2;3.20 a 24;6.37 a 41;1.Hasta Primaria/C.EGB Completa;2.2500 gramos y más;579
54;1;1;5.30 a 34;6.37 a 41;3.Secundario/Polimodal Completa y más;1.Menos de 2500 gramos;16
34;1;2;5.30 a 34;5.32 a 36;2.Secundaria/Polimodal Incompleta;1.Menos de 2500 gramos;5
02;2;1;4.25 a 29;4.28 a 31;3.Secundario/Polimodal Completa y más;1.Menos de 2500 gramos;2
66;1;2;7.40 a 44;5.32 a 36;1.Hasta Primaria/C.EGB Completa;1.Menos de 2500 gramos;2
06;1;1;4.25 a 29;4.28 a 31;3.Secundario/Polimodal Completa y más;1.Menos de 2500 gramos;71
66;2;1;5.30 a 34;5.32 a 36;3.Secundario/Polimodal Completa y más;1.Menos de 2500 gramos;9
42;1;2;5.30 a 34;5.32 a 36;1.Hasta Primaria/C.EGB Completa;1.Menos de 2500 gramos;2
66;1;1;5.30 a 34;8.Sin especificar;1.Hasta Primaria/C.EGB Completa;3.Sin especificar;1
82;1;2;5.30 a 34;8.Sin especificar;1.Hasta Primaria/C.EGB Completa;1.Menos de 2500 gramos;1
70;1;2;2.15 a 19;5.32 a 36;3.Secundario/Polimodal Completa y más;2.2500 gramos y más;2
18;1;1;3.20 a 24;6.37 a 41;4.Sin especificar;2.2500 gramos y más;459
34;2;2;3.20 a 24;4.28 a 31;3.Secundario/Polimodal Completa y más;1.Menos de 2500 gramos;2
30;1;1;4.25 a 29;5.32 a 36;2.Secundaria/Polimodal Incompleta;2.2500 gramos y más;10
34;1;1;4.25 a 29;3.24 a 27;4.Sin especificar;1.Menos de 2500 gramos;1
34;1;2;4.25 a 29;7.42 y más;2.Secundaria/Polimodal Incompleta;2.2500 gramos y más;1
02;2;2;6.35 a 39;6.37 a 41;2.Secundaria/Polimodal Incompleta;2.2500 gramos y más;1
66;2;1;2.15 a 19;5.32 a 36;2.Secundaria/Polimodal Incompleta;1.Menos de 2500 gramos;2
74;1;1;5.30 a 34;4.28 a 31;2.Secundaria/Polimodal Incompleta;1.Menos de 2500 gramos;3
54;2;1;4.25 a 29;5.32 a 36;2.Secundaria/Polimodal Incompleta;2.2500 gramos y más;5
86;1;2;8.De 45 y más;5.32 a 36;3.Secundario/Polimodal Completa y más;2.2500 gramos y más;1
34;1;1;2.15 a 19;6.37 a 41;3.Secundario/Polimodal Completa y más;2.2500 gramos y más;105
78;1;2;5.30 a 34;4.28 a 31;2.Secundaria/Polimodal Incompleta;1.Menos de 2500 gramos;1
06;1;1;8.De 45 y más;6.37 a 41;3.Secundario/Polimodal Completa y más;2.2500 gramos y más;184
02;2;1;6.35 a 39;3.24 a 27;4.Sin especificar;1.Menos de 2500 gramos;1
46;1;1;3.20 a 24;5.32 a 36;3.Secundario/Polimodal Completa y más;2.2500 gramos y más;19
90;2;1;5.30 a 34;6.37 a 41;1.Hasta Primaria/C.EGB Completa;2.2500 gramos y más;6
30;1;2;5.30 a 34;5.32 a 36;3.Secundario/Polimodal Completa y más;2.2500 gramos y más;31
66;2;1;6.35 a 39;6.37 a 41;3.Secundario/Polimodal Completa y más;2.2500 gramos y más;11
90;1;1;9.Sin especificar;6.37 a 41;2.Secundaria/Polimodal Incompleta;2.2500 gramos y más;3
18;1;2;2.15 a 19;6.37 a 41;3.Secundario/Polimodal Completa y más;1.Menos de 2500 gramos;2
82;1;1;4.25 a 29;6.37 a 41;3.Secundario/Polimodal Completa y más;3.Sin especificar;5
38;2;1;6.35 a 39;5.32 a 36;3.Secundario/Polimodal Completa y más;2.2500 gramos y más;1
02;9;1;6.35 a 39;5.32 a 36;3.Secundario/Polimodal Completa y más;2.2500 gramos y más;1
90;1;2;6.35 a 39;8.Sin especificar;1.Hasta Primaria/C.EGB Completa;3.Sin especificar;1
14;1;1;2.15 a 19;6.37 a 41;2.Secundaria/Polimodal Incompleta;3.Sin especificar;4
06;1;1;5.30 a 34;3.24 a 27;2.Secundaria/Polimodal Incompleta;3.Sin especificar;1
54;1;1;2.15 a 19;3.24 a 27;1.Hasta Primaria/C.EGB Completa;1.Menos de 2500 gramos;1
42;1;1;2.15 a 19;6.37 a 41;3.Secundario/Polimodal Completa y más;1.Menos de 2500 gramos;1
90;2;1;2.15 a 19;6.37 a 41;2.Secundaria/Polimodal Incompleta;2.2500 gramos y más;1
34;1;2;7.40 a 44;5.32 a 36;1.Hasta Primaria/C.EGB Completa;2.2500 gramos y más;1
30;1;2;2.15 a 19;5.32 a 36;1.Hasta Primaria/C.EGB Completa;1.Menos de 2500 gramos;3
66;2;1;3.20 a 24;5.32 a 36;3.Secundario/Polimodal Completa y más;2.2500 gramos y más;1
70;2;2;2.15 a 19;6.37 a 41;2.Secundaria/Polimodal Incompleta;2.2500 gramos y más;1
10;1;2;2.15 a 19;5.32 a 36;1.Hasta Primaria/C.EGB Completa;2.2500 gramos y más;1
06;1;1;3.20 a 24;5.32 a 36;2.Secundaria/Polimodal Incompleta;1.Menos de 2500 gramos;142
06;1;1;7.40 a 44;6.37 a 41;3.Secundario/Polimodal Completa y más;1.Menos de 2500 gramos;61
82;1;1;6.35 a 39;4.28 a 31;3.Secundario/Polimodal Completa y más;1.Menos de 2500 gramos;13
78;1;2;7.40 a 44;6.37 a 41;3.Secundario/Polimodal Completa y más;2.2500 gramos y más;46
62;1;1;3.20 a 24;6.37 a 41;4.Sin especificar;2.2500 gramos y más;153
02;2;2;7.40 a 44;5.32 a 36;1.Hasta Primaria/C.EGB Completa;1.Menos de 2500 gramos;2
06;1;1;5.30 a 34;8.Sin especificar;1.Hasta Primaria/C.EGB Completa;3.Sin especificar;6
82;2;2;4.25 a 29;5.32 a 36;3.Secundario/Polimodal Completa y más;2.2500 gramos y más;6
54;2;1;5.30 a 34;5.32 a 36;1.Hasta Primaria/C.EGB Completa;1.Menos de 2500 gramos;3
90;1;2;3.20 a 24;1.Menos de 22;3.Secundario/Polimodal Completa y más;1.Menos de 2500 gramos;2
46;1;1;6.35 a 39;7.42 y más;2.Secundaria/Polimodal Incompleta;2.2500 gramos y más;1
90;1;1;5.30 a 34;7.42 y más;3.Secundario/Polimodal Completa y más;1.Menos de 2500 gramos;2
62;1;2;2.15 a 19;5.32 a 36;1.Hasta Primaria/C.EGB Completa;2.2500 gramos y más;5
26;1;2;5.30 a 34;6.37 a 41;2.Secundaria/Polimodal Incompleta;2.2500 gramos y más;101
74;1;2;4.25 a 29;5.32 a 36;2.Secundaria/Polimodal Incompleta;1.Menos de 2500 gramos;3
62;1;1;9.Sin especificar;8.Sin especificar;4.Sin especificar;2.2500 gramos y más;6
62;1;1;2.15 a 19;7.42 y más;3.Secundario/Polimodal Completa y más;2.2500 gramos y más;2
18;1;2;4.25 a 29;4.28 a 31;2.Secundaria/Polimodal Incompleta;2.2500 gramos y más;1
06;1;1;7.40 a 44;5.32 a 36;4.Sin especificar;1.Menos de 2500 gramos;14
99;9;2;8.De 45 y más;6.37 a 41;4.Sin especificar;2.2500 gramos y más;1
06;2;1;7.40 a 44;6.37 a 41;3.Secundario/Polimodal Completa y más;2.2500 gramos y más;20
46;2;1;4.25 a 29;5.32 a 36;3.Secundario/Polimodal Completa y más;1.Menos de 2500 gramos;2
06;1;1;5.30 a 34;7.42 y más;3.Secundario/Polimodal Completa y más;3.Sin especificar;1
62;1;2;7.40 a 44;5.32 a 36;2.Secundaria/Polimodal Incompleta;1.Menos de 2500 gramos;1
58;1;2;4.25 a 29;8.Sin especificar;3.Secundario/Polimodal Completa y más;2.2500 gramos y más;2
38;2;2;3.20 a 24;6.37 a 41;3.Secundario/Polimodal Completa y más;2.2500 gramos y más;2
82;1;1;4.25 a 29;6.37 a 41;3.Secundario/Polimodal Completa y más;1.Menos de 2500 gramos;34
06;2;2;6.35 a 39;6.37 a 41;4.Sin especificar;1.Menos de 2500 gramos;2
82;2;2;5.30 a 34;5.32 a 36;1.Hasta Primaria/C.EGB Completa;1.Menos de 2500 gramos;7
66;1;1;3.20 a 24;8.Sin especificar;2.Secundaria/Polimodal Incompleta;2.2500 gramos y más;5
14;1;2;7.40 a 44;6.37 a 41;3.Secundario/Polimodal Completa y más;2.2500 gramos y más;587
22;9;2;4.25 a 29;6.37 a 41;4.Sin especificar;2.2500 gramos y más;1
58;2;2;4.25 a 29;5.32 a 36;3.Secundario/Polimodal Completa y más;2.2500 gramos y más;1
14;1;1;6.35 a 39;5.32 a 36;2.Secundaria/Polimodal Incompleta;1.Menos de 2500 gramos;12
54;1;2;1.Menor de 15;5.32 a 36;1.Hasta Primaria/C.EGB Completa;1.Menos de 2500 gramos;1
70;1;2;3.20 a 24;6.37 a 41;3.Secundario/Polimodal Completa y más;2.2500 gramos y más;520
82;1;2;7.40 a 44;6.37 a 41;1.Hasta Primaria/C.EGB Completa;1.Menos de 2500 gramos;6
18;1;1;1.Menor de 15;5.32 a 36;2.Secundaria/Polimodal Incompleta;1.Menos de 2500 gramos;1
99;1;1;2.15 a 19;6.37 a 41;4.Sin especificar;2.2500 gramos y más;2
06;1;2;1.Menor de 15;5.32 a 36;2.Secundaria/Polimodal Incompleta;2.2500 gramos y más;2
02;1;2;8.De 45 y más;3.24 a 27;3.Secundario/Polimodal Completa y más;1.Menos de 2500 gramos;1
14;2;1;6.35 a 39;5.32 a 36;3.Secundario/Polimodal Completa y más;1.Menos de 2500 gramos;22
18;1;1;6.35 a 39;6.37 a 41;1.Hasta Primaria/C.EGB Completa;1.Menos de 2500 gramos;6
02;1;1;3.20 a 24;5.32 a 36;4.Sin especificar;1.Menos de 2500 gramos;10
82;1;2;5.30 a 34;4.28 a 31;3.Secundario/Polimodal Completa y más;2.2500 gramos y más;1
42;1;2;4.25 a 29;6.37 a 41;1.Hasta Primaria/C.EGB Completa;1.Menos de 2500 gramos;1
82;1;2;5.30 a 34;6.37 a 41;3.Secundario/Polimodal Completa y más;1.Menos de 2500 gramos;52
90;1;2;3.20 a 24;6.37 a 41;1.Hasta Primaria/C.EGB Completa;2.2500 gramos y más;467
74;1;1;3.20 a 24;3.24 a 27;3.Secundario/Polimodal Completa y más;1.Menos de 2500 gramos;2
06;1;1;5.30 a 34;5.32 a 36;4.Sin especificar;3.Sin especificar;1
02;1;1;2.15 a 19;7.42 y más;3.Secundario/Polimodal Completa y más;2.2500 gramos y más;1
42;2;1;6.35 a 39;6.37 a 41;1.Hasta Primaria/C.EGB Completa;2.2500 gramos y más;1
18;1;1;7.40 a 44;6.37 a 41;3.Secundario/Polimodal Completa y más;1.Menos de 2500 gramos;2
82;1;1;4.25 a 29;5.32 a 36;1.Hasta Primaria/C.EGB Completa;2.2500 gramos y más;38
90;1;2;3.20 a 24;4.28 a 31;2.Secundaria/Polimodal Incompleta;1.Menos de 2500 gramos;5
90;1;1;4.25 a 29;5.32 a 36;1.Hasta Primaria/C.EGB Completa;1.Menos de 2500 gramos;25
46;1;2;3.20 a 24;5.32 a 36;1.Hasta Primaria/C.EGB Completa;2.2500 gramos y más;1
54;2;2;6.35 a 39;5.32 a 36;1.Hasta Primaria/C.EGB Completa;1.Menos de 2500 gramos;2
10;1;2;6.35 a 39;6.37 a 41;3.Secundario/Polimodal Completa y más;1.Menos de 2500 gramos;6
14;1;1;8.De 45 y más;7.42 y más;3.Secundario/Polimodal Completa y más;2.2500 gramos y más;1
74;2;1;4.25 a 29;6.37 a 41;3.Secundario/Polimodal Completa y más;1.Menos de 2500 gramos;3
99;1;2;4.25 a 29;8.Sin especificar;3.Secundario/Polimodal Completa y más;3.Sin especificar;1
14;2;2;3.20 a 24;8.Sin especificar;2.Secundaria/Polimodal Incompleta;1.Menos de 2500 gramos;1
02;9;2;5.30 a 34;6.37 a 41;2.Secundaria/Polimodal Incompleta;2.2500 gramos y más;1
54;2;1;5.30 a 34;3.24 a 27;2.Secundaria/Polimodal Incompleta;1.Menos de 2500 gramos;2
10;2;1;4.25 a 29;5.32 a 36;3.Secundario/Polimodal Completa y más;1.Menos de 2500 gramos;2
14;1;1;8.De 45 y más;6.37 a 41;2.Secundaria/Polimodal Incompleta;2.2500 gramos y más;8
18;1;1;3.20 a 24;8.Sin especificar;4.Sin especificar;2.2500 gramos y más;1
66;1;2;4.25 a 29;6.37 a 41;1.Hasta Primaria/C.EGB Completa;1.Menos de 2500 gramos;5
10;1;2;2.15 a 19;6.37 a 41;2.Secundaria/Polimodal Incompleta;1.Menos de 2500 gramos;6
22;1;2;2.15 a 19;5.32 a 36;1.Hasta Primaria/C.EGB Completa;1.Menos de 2500 gramos;14
74;1;1;4.25 a 29;6.37 a 41;1.Hasta Primaria/C.EGB Completa;2.2500 gramos y más;44
82;1;1;4.25 a 29;4.28 a 31;3.Secundario/Polimodal Completa y más;2.2500 gramos y más;1
06;1;1;3.20 a 24;5.32 a 36;3.Secundario/Polimodal Completa y más;3.Sin especificar;1
82;2;2;3.20 a 24;4.28 a 31;1.Hasta Primaria/C.EGB Completa;1.Menos de 2500 gramos;2
18;1;1;2.15 a 19;5.32 a 36;3.Secundario/Polimodal Completa y más;2.2500 gramos y más;5
90;1;1;2.15 a 19;5.32 a 36;2.Secundaria/Polimodal Incompleta;2.2500 gramos y más;54
50;2;2;5.30 a 34;5.32 a 36;3.Secundario/Polimodal Completa y más;1.Menos de 2500 gramos;15
82;1;1;2.15 a 19;4.28 a 31;2.Secundaria/Polimodal Incompleta;1.Menos de 2500 gramos;14
54;1;2;3.20 a 24;4.28 a 31;4.Sin especificar;1.Menos de 2500 gramos;1
90;1;2;4.25 a 29;4.28 a 31;2.Secundaria/Polimodal Incompleta;2.2500 gramos y más;2
14;2;2;5.30 a 34;6.37 a 41;2.Secundaria/Polimodal Incompleta;1.Menos de 2500 gramos;4
30;2;1;5.30 a 34;5.32 a 36;3.Secundario/Polimodal Completa y más;2.2500 gramos y más;8
14;1;2;3.20 a 24;1.Menos de 22;3.Secundario/Polimodal Completa y más;1.Menos de 2500 gramos;1
46;1;2;5.30 a 34;6.37 a 41;3.Secundario/Polimodal Completa y más;1.Menos de 2500 gramos;7
86;1;2;3.20 a 24;6.37 a 41;3.Secundario/Polimodal Completa y más;2.2500 gramos y más;502
66;1;2;5.30 a 34;3.24 a 27;3.Secundario/Polimodal Completa y más;1.Menos de 2500 gramos;2
26;1;1;2.15 a 19;5.32 a 36;3.Secundario/Polimodal Completa y más;1.Menos de 2500 gramos;2
70;1;1;5.30 a 34;2.22 a 23;3.Secundario/Polimodal Completa y más;1.Menos de 2500 gramos;1
38;1;1;7.40 a 44;7.42 y más;3.Secundario/Polimodal Completa y más;2.2500 gramos y más;1
54;1;1;3.20 a 24;6.37 a 41;3.Secundario/Polimodal Completa y más;3.Sin especificar;1
54;1;1;7.40 a 44;5.32 a 36;1.Hasta Primaria/C.EGB Completa;2.2500 gramos y más;6
70;1;1;5.30 a 34;2.22 a 23;1.Hasta Primaria/C.EGB Completa;1.Menos de 2500 gramos;1
22;9;2;9.Sin especificar;4.28 a 31;4.Sin especificar;1.Menos de 2500 gramos;1
22;1;2;5.30 a 34;8.Sin especificar;1.Hasta Primaria/C.EGB Completa;2.2500 gramos y más;4
66;1;1;4.25 a 29;7.42 y más;2.Secundaria/Polimodal Incompleta;2.2500 gramos y más;2
82;1;1;7.40 a 44;6.37 a 41;2.Secundaria/Polimodal Incompleta;1.Menos de 2500 gramos;4
06;1;1;6.35 a 39;6.37 a 41;1.Hasta Primaria/C.EGB Completa;1.Menos de 2500 gramos;43
06;1;1;5.30 a 34;6.37 a 41;3.Secundario/Polimodal Completa y más;3.Sin especificar;36
10;1;2;3.20 a 24;6.37 a 41;2.Secundaria/Polimodal Incompleta;2.2500 gramos y más;125
82;1;2;7.40 a 44;5.32 a 36;2.Secundaria/Polimodal Incompleta;1.Menos de 2500 gramos;4
06;2;1;6.35 a 39;5.32 a 36;3.Secundario/Polimodal Completa y más;1.Menos de 2500 gramos;115
14;2;2;4.25 a 29;6.37 a 41;2.Secundaria/Polimodal Incompleta;2.2500 gramos y más;3
78;2;2;3.20 a 24;6.37 a 41;1.Hasta Primaria/C.EGB Completa;1.Menos de 2500 gramos;2
26;1;2;6.35 a 39;6.37 a 41;2.Secundaria/Polimodal Incompleta;1.Menos de 2500 gramos;1
10;2;2;2.15 a 19;6.37 a 41;2.Secundaria/Polimodal Incompleta;2.2500 gramos y más;1
74;1;1;8.De 45 y más;6.37 a 41;3.Secundario/Polimodal Completa y más;2.2500 gramos y más;2
58;1;2;2.15 a 19;6.37 a 41;3.Secundario/Polimodal Completa y más;1.Menos de 2500 gramos;1
22;9;2;3.20 a 24;6.37 a 41;3.Secundario/Polimodal Completa y más;1.Menos de 2500 gramos;1
50;1;2;6.35 a 39;5.32 a 36;1.Hasta Primaria/C.EGB Completa;1.Menos de 2500 gramos;5
46;9;1;6.35 a 39;6.37 a 41;3.Secundario/Polimodal Completa y más;2.2500 gramos y más;1
10;1;2;1.Menor de 15;5.32 a 36;1.Hasta Primaria/C.EGB Completa;1.Menos de 2500 gramos;1
94;1;1;3.20 a 24;5.32 a 36;3.Secundario/Polimodal Completa y más;1.Menos de 2500 gramos;5
46;1;1;3.20 a 24;5.32 a 36;3.Secundario/Polimodal Completa y más;1.Menos de 2500 gramos;9
30;1;2;5.30 a 34;6.37 a 41;3.Secundario/Polimodal Completa y más;3.Sin especificar;1
66;1;1;2.15 a 19;6.37 a 41;2.Secundaria/Polimodal Incompleta;1.Menos de 2500 gramos;18
22;2;1;4.25 a 29;5.32 a 36;1.Hasta Primaria/C.EGB Completa;1.Menos de 2500 gramos;6
34;1;1;7.40 a 44;5.32 a 36;1.Hasta Primaria/C.EGB Completa;2.2500 gramos y más;2
30;1;2;4.25 a 29;7.42 y más;1.Hasta Primaria/C.EGB Completa;2.2500 gramos y más;1
74;1;2;2.15 a 19;5.32 a 36;2.Secundaria/Polimodal Incompleta;2.2500 gramos y más;11
50;2;1;8.De 45 y más;5.32 a 36;3.Secundario/Polimodal Completa y más;2.2500 gramos y más;1
99;9;1;3.20 a 24;3.24 a 27;4.Sin especificar;1.Menos de 2500 gramos;1
90;1;1;3.20 a 24;2.22 a 23;3.Secundario/Polimodal Completa y más;1.Menos de 2500 gramos;4
06;9;2;4.25 a 29;6.37 a 41;4.Sin especificar;1.Menos de 2500 gramos;1
78;1;2;3.20 a 24;5.32 a 36;2.Secundaria/Polimodal Incompleta;2.2500 gramos y más;3
30;2;2;4.25 a 29;3.24 a 27;2.Secundaria/Polimodal Incompleta;1.Menos de 2500 gramos;1
02;9;2;3.20 a 24;6.37 a 41;2.Secundaria/Polimodal Incompleta;2.2500 gramos y más;1
06;1;1;9.Sin especificar;3.24 a 27;4.Sin especificar;1.Menos de 2500 gramos;1
06;9;1;2.15 a 19;8.Sin especificar;4.Sin especificar;3.Sin especificar;1
02;9;1;5.30 a 34;6.37 a 41;2.Secundaria/Polimodal Incompleta;2.2500 gramos y más;1
30;2;1;4.25 a 29;5.32 a 36;1.Hasta Primaria/C.EGB Completa;1.Menos de 2500 gramos;2
34;1;2;3.20 a 24;3.24 a 27;3.Secundario/Polimodal Completa y más;1.Menos de 2500 gramos;2
30;2;1;6.35 a 39;5.32 a 36;1.Hasta Primaria/C.EGB Completa;1.Menos de 2500 gramos;6
58;2;2;5.30 a 34;5.32 a 36;1.Hasta Primaria/C.EGB Completa;1.Menos de 2500 gramos;2
42;1;1;8.De 45 y más;6.37 a 41;3.Secundario/Polimodal Completa y más;2.2500 gramos y más;5
14;1;2;2.15 a 19;5.32 a 36;2.Secundaria/Polimodal Incompleta;2.2500 gramos y más;32
34;1;1;4.25 a 29;5.32 a 36;1.Hasta Primaria/C.EGB Completa;2.2500 gramos y más;5
26;1;1;5.30 a 34;6.37 a 41;3.Secundario/Polimodal Completa y más;1.Menos de 2500 gramos;8
99;9;2;9.Sin especificar;6.37 a 41;4.Sin especificar;2.2500 gramos y más;2
90;1;2;4.25 a 29;6.37 a 41;1.Hasta Primaria/C.EGB Completa;1.Menos de 2500 gramos;19
26;1;1;3.20 a 24;4.28 a 31;3.Secundario/Polimodal Completa y más;1.Menos de 2500 gramos;2
62;1;2;3.20 a 24;4.28 a 31;4.Sin especificar;1.Menos de 2500 gramos;1
34;1;1;4.25 a 29;4.28 a 31;2.Secundaria/Polimodal Incompleta;1.Menos de 2500 gramos;3
99;1;2;9.Sin especificar;6.37 a 41;2.Secundaria/Polimodal Incompleta;3.Sin especificar;1
78;1;1;6.35 a 39;5.32 a 36;3.Secundario/Polimodal Completa y más;1.Menos de 2500 gramos;8
06;1;2;5.30 a 34;6.37 a 41;1.Hasta Primaria/C.EGB Completa;1.Menos de 2500 gramos;79
34;1;1;4.25 a 29;8.Sin especificar;2.Secundaria/Polimodal Incompleta;2.2500 gramos y más;1
06;1;1;4.25 a 29;6.37 a 41;2.Secundaria/Polimodal Incompleta;1.Menos de 2500 gramos;79
82;1;2;4.25 a 29;3.24 a 27;2.Secundaria/Polimodal Incompleta;1.Menos de 2500 gramos;5
02;1;1;6.35 a 39;6.37 a 41;3.Secundario/Polimodal Completa y más;1.Menos de 2500 gramos;43
90;1;1;7.40 a 44;5.32 a 36;3.Secundario/Polimodal Completa y más;2.2500 gramos y más;18
86;2;2;5.30 a 34;6.37 a 41;3.Secundario/Polimodal Completa y más;1.Menos de 2500 gramos;5
74;1;1;3.20 a 24;5.32 a 36;1.Hasta Primaria/C.EGB Completa;2.2500 gramos y más;3
38;1;1;3.20 a 24;6.37 a 41;1.Hasta Primaria/C.EGB Completa;1.Menos de 2500 gramos;1
30;1;2;9.Sin especificar;8.Sin especificar;4.Sin especificar;3.Sin especificar;1
50;1;2;8.De 45 y más;5.32 a 36;3.Secundario/Polimodal Completa y más;2.2500 gramos y más;3
82;1;1;4.25 a 29;2.22 a 23;3.Secundario/Polimodal Completa y más;1.Menos de 2500 gramos;1
22;1;1;6.35 a 39;7.42 y más;2.Secundaria/Polimodal Incompleta;2.2500 gramos y más;1
70;2;2;7.40 a 44;5.32 a 36;2.Secundaria/Polimodal Incompleta;1.Menos de 2500 gramos;1
74;1;1;5.30 a 34;7.42 y más;2.Secundaria/Polimodal Incompleta;2.2500 gramos y más;3
30;1;1;6.35 a 39;8.Sin especificar;3.Secundario/Polimodal Completa y más;2.2500 gramos y más;5
06;1;2;9.Sin especificar;8.Sin especificar;2.Secundaria/Polimodal Incompleta;3.Sin especificar;13
30;2;2;3.20 a 24;6.37 a 41;3.Secundario/Polimodal Completa y más;1.Menos de 2500 gramos;6
30;1;1;5.30 a 34;6.37 a 41;4.Sin especificar;2.2500 gramos y más;9
62;2;2;4.25 a 29;6.37 a 41;4.Sin especificar;2.2500 gramos y más;1
86;1;1;5.30 a 34;5.32 a 36;3.Secundario/Polimodal Completa y más;1.Menos de 2500 gramos;11
06;1;2;3.20 a 24;5.32 a 36;3.Secundario/Polimodal Completa y más;2.2500 gramos y más;280
14;1;1;6.35 a 39;6.37 a 41;2.Secundaria/Polimodal Incompleta;3.Sin especificar;1
58;1;2;2.15 a 19;6.37 a 41;2.Secundaria/Polimodal Incompleta;2.2500 gramos y más;217
54;1;1;4.25 a 29;5.32 a 36;1.Hasta Primaria/C.EGB Completa;1.Menos de 2500 gramos;18
90;1;1;7.40 a 44;7.42 y más;3.Secundario/Polimodal Completa y más;1.Menos de 2500 gramos;1
14;1;1;7.40 a 44;5.32 a 36;3.Secundario/Polimodal Completa y más;2.2500 gramos y más;27
02;9;1;4.25 a 29;5.32 a 36;4.Sin especificar;1.Menos de 2500 gramos;3
86;1;1;5.30 a 34;5.32 a 36;3.Secundario/Polimodal Completa y más;2.2500 gramos y más;36
02;2;2;6.35 a 39;5.32 a 36;2.Secundaria/Polimodal Incompleta;1.Menos de 2500 gramos;3
38;1;1;5.30 a 34;4.28 a 31;2.Secundaria/Polimodal Incompleta;1.Menos de 2500 gramos;1
82;1;1;6.35 a 39;3.24 a 27;3.Secundario/Polimodal Completa y más;1.Menos de 2500 gramos;7
46;1;1;5.30 a 34;5.32 a 36;1.Hasta Primaria/C.EGB Completa;2.2500 gramos y más;2
58;1;2;2.15 a 19;6.37 a 41;2.Secundaria/Polimodal Incompleta;1.Menos de 2500 gramos;4
90;2;1;3.20 a 24;5.32 a 36;3.Secundario/Polimodal Completa y más;2.2500 gramos y más;2
94;2;2;6.35 a 39;5.32 a 36;3.Secundario/Polimodal Completa y más;1.Menos de 2500 gramos;2
30;1;2;7.40 a 44;7.42 y más;1.Hasta Primaria/C.EGB Completa;2.2500 gramos y más;1
10;1;2;2.15 a 19;6.37 a 41;3.Secundario/Polimodal Completa y más;1.Menos de 2500 gramos;2
02;1;2;6.35 a 39;6.37 a 41;2.Secundaria/Polimodal Incompleta;1.Menos de 2500 gramos;3
18;1;1;7.40 a 44;4.28 a 31;4.Sin especificar;1.Menos de 2500 gramos;1
34;1;2;6.35 a 39;3.24 a 27;2.Secundaria/Polimodal Incompleta;1.Menos de 2500 gramos;1
30;1;2;6.35 a 39;5.32 a 36;2.Secundaria/Polimodal Incompleta;1.Menos de 2500 gramos;5
22;1;1;2.15 a 19;8.Sin especificar;4.Sin especificar;2.2500 gramos y más;1
22;1;2;7.40 a 44;5.32 a 36;4.Sin especificar;2.2500 gramos y más;1
66;1;1;6.35 a 39;2.22 a 23;2.Secundaria/Polimodal Incompleta;1.Menos de 2500 gramos;1
62;1;1;6.35 a 39;5.32 a 36;1.Hasta Primaria/C.EGB Completa;2.2500 gramos y más;5
58;1;2;5.30 a 34;4.28 a 31;3.Secundario/Polimodal Completa y más;2.2500 gramos y más;1
06;1;2;2.15 a 19;6.37 a 41;4.Sin especificar;1.Menos de 2500 gramos;11
18;2;1;4.25 a 29;6.37 a 41;4.Sin especificar;1.Menos de 2500 gramos;3
62;2;1;5.30 a 34;6.37 a 41;4.Sin especificar;1.Menos de 2500 gramos;2
50;1;1;6.35 a 39;6.37 a 41;1.Hasta Primaria/C.EGB Completa;1.Menos de 2500 gramos;2
06;1;1;5.30 a 34;5.32 a 36;3.Secundario/Polimodal Completa y más;3.Sin especificar;6
06;1;2;4.25 a 29;6.37 a 41;1.Hasta Primaria/C.EGB Completa;2.2500 gramos y más;2889
42;1;2;4.25 a 29;8.Sin especificar;2.Secundaria/Polimodal Incompleta;1.Menos de 2500 gramos;1
22;2;1;3.20 a 24;6.37 a 41;1.Hasta Primaria/C.EGB Completa;1.Menos de 2500 gramos;1
50;1;1;7.40 a 44;6.37 a 41;1.Hasta Primaria/C.EGB Completa;1.Menos de 2500 gramos;1
86;2;2;4.25 a 29;5.32 a 36;1.Hasta Primaria/C.EGB Completa;1.Menos de 2500 gramos;1
26;2;1;3.20 a 24;6.37 a 41;3.Secundario/Polimodal Completa y más;2.2500 gramos y más;1
99;9;2;5.30 a 34;8.Sin especificar;4.Sin especificar;3.Sin especificar;2
14;1;1;2.15 a 19;5.32 a 36;1.Hasta Primaria/C.EGB Completa;2.2500 gramos y más;7
66;2;2;4.25 a 29;5.32 a 36;1.Hasta Primaria/C.EGB Completa;1.Menos de 2500 gramos;4
22;1;1;6.35 a 39;5.32 a 36;3.Secundario/Polimodal Completa y más;1.Menos de 2500 gramos;19
82;1;1;9.Sin especificar;6.37 a 41;1.Hasta Primaria/C.EGB Completa;2.2500 gramos y más;4
06;9;2;4.25 a 29;6.37 a 41;4.Sin especificar;3.Sin especificar;2
22;1;1;3.20 a 24;6.37 a 41;3.Secundario/Polimodal Completa y más;3.Sin especificar;4
26;1;1;3.20 a 24;6.37 a 41;1.Hasta Primaria/C.EGB Completa;2.2500 gramos y más;33
78;1;1;6.35 a 39;5.32 a 36;3.Secundario/Polimodal Completa y más;2.2500 gramos y más;6
82;1;2;3.20 a 24;6.37 a 41;3.Secundario/Polimodal Completa y más;1.Menos de 2500 gramos;28
38;1;2;6.35 a 39;6.37 a 41;2.Secundaria/Polimodal Incompleta;2.2500 gramos y más;64
38;2;2;3.20 a 24;6.37 a 41;2.Secundaria/Polimodal Incompleta;2.2500 gramos y más;2
46;2;1;5.30 a 34;3.24 a 27;2.Secundaria/Polimodal Incompleta;1.Menos de 2500 gramos;2
82;1;2;6.35 a 39;4.28 a 31;1.Hasta Primaria/C.EGB Completa;1.Menos de 2500 gramos;3
90;1;2;3.20 a 24;3.24 a 27;2.Secundaria/Polimodal Incompleta;1.Menos de 2500 gramos;1
94;1;1;3.20 a 24;6.37 a 41;2.Secundaria/Polimodal Incompleta;2.2500 gramos y más;58
06;1;1;5.30 a 34;5.32 a 36;3.Secundario/Polimodal Completa y más;1.Menos de 2500 gramos;346
30;2;2;5.30 a 34;5.32 a 36;3.Secundario/Polimodal Completa y más;1.Menos de 2500 gramos;13
22;2;1;7.40 a 44;5.32 a 36;1.Hasta Primaria/C.EGB Completa;1.Menos de 2500 gramos;1
58;1;1;3.20 a 24;8.Sin especificar;2.Secundaria/Polimodal Incompleta;2.2500 gramos y más;1
10;1;1;9.Sin especificar;8.Sin especificar;3.Secundario/Polimodal Completa y más;2.2500 gramos y más;1
74;1;2;2.15 a 19;3.24 a 27;1.Hasta Primaria/C.EGB Completa;1.Menos de 2500 gramos;1
02;2;2;2.15 a 19;6.37 a 41;1.Hasta Primaria/C.EGB Completa;2.2500 gramos y más;1
34;2;1;4.25 a 29;6.37 a 41;2.Secundaria/Polimodal Incompleta;2.2500 gramos y más;3
22;2;1;4.25 a 29;4.28 a 31;2.Secundaria/Polimodal Incompleta;1.Menos de 2500 gramos;2
14;2;1;5.30 a 34;5.32 a 36;1.Hasta Primaria/C.EGB Completa;2.2500 gramos y más;2
66;1;1;3.20 a 24;4.28 a 31;1.Hasta Primaria/C.EGB Completa;1.Menos de 2500 gramos;2
90;2;1;9.Sin especificar;6.37 a 41;3.Secundario/Polimodal Completa y más;2.2500 gramos y más;1
06;1;2;6.35 a 39;6.37 a 41;4.Sin especificar;2.2500 gramos y más;687
10;1;2;5.30 a 34;6.37 a 41;2.Secundaria/Polimodal Incompleta;2.2500 gramos y más;57
82;1;2;3.20 a 24;4.28 a 31;2.Secundaria/Polimodal Incompleta;1.Menos de 2500 gramos;13
18;1;2;7.40 a 44;5.32 a 36;2.Secundaria/Polimodal Incompleta;2.2500 gramos y más;4
94;1;1;3.20 a 24;5.32 a 36;3.Secundario/Polimodal Completa y más;2.2500 gramos y más;5
18;1;2;3.20 a 24;8.Sin especificar;1.Hasta Primaria/C.EGB Completa;1.Menos de 2500 gramos;1
82;2;2;6.35 a 39;6.37 a 41;1.Hasta Primaria/C.EGB Completa;2.2500 gramos y más;2
78;1;2;3.20 a 24;6.37 a 41;2.Secundaria/Polimodal Incompleta;1.Menos de 2500 gramos;3
82;1;1;4.25 a 29;1.Menos de 22;2.Secundaria/Polimodal Incompleta;1.Menos de 2500 gramos;1
62;1;1;7.40 a 44;5.32 a 36;1.Hasta Primaria/C.EGB Completa;2.2500 gramos y más;1
06;2;1;6.35 a 39;8.Sin especificar;3.Secundario/Polimodal Completa y más;1.Menos de 2500 gramos;1
46;1;2;8.De 45 y más;6.37 a 41;1.Hasta Primaria/C.EGB Completa;2.2500 gramos y más;3
82;1;2;3.20 a 24;8.Sin especificar;2.Secundaria/Polimodal Incompleta;2.2500 gramos y más;4
02;2;2;5.30 a 34;4.28 a 31;2.Secundaria/Polimodal Incompleta;1.Menos de 2500 gramos;2
22;1;1;5.30 a 34;8.Sin especificar;2.Secundaria/Polimodal Incompleta;2.2500 gramos y más;2
54;2;2;3.20 a 24;5.32 a 36;2.Secundaria/Polimodal Incompleta;1.Menos de 2500 gramos;5
82;2;2;4.25 a 29;6.37 a 41;1.Hasta Primaria/C.EGB Completa;2.2500 gramos y más;4
22;2;1;5.30 a 34;5.32 a 36;1.Hasta Primaria/C.EGB Completa;1.Menos de 2500 gramos;5
14;1;2;5.30 a 34;6.37 a 41;4.Sin especificar;1.Menos de 2500 gramos;3
02;1;2;2.15 a 19;6.37 a 41;2.Secundaria/Polimodal Incompleta;2.2500 gramos y más;106
06;1;1;7.40 a 44;4.28 a 31;1.Hasta Primaria/C.EGB Completa;2.2500 gramos y más;1
02;2;1;5.30 a 34;5.32 a 36;2.Secundaria/Polimodal Incompleta;2.2500 gramos y más;1
66;2;1;6.35 a 39;5.32 a 36;2.Secundaria/Polimodal Incompleta;1.Menos de 2500 gramos;2
54;1;1;7.40 a 44;5.32 a 36;1.Hasta Primaria/C.EGB Completa;1.Menos de 2500 gramos;6
10;1;2;6.35 a 39;6.37 a 41;3.Secundario/Polimodal Completa y más;3.Sin especificar;1
54;1;1;7.40 a 44;6.37 a 41;3.Secundario/Polimodal Completa y más;1.Menos de 2500 gramos;3
06;1;2;3.20 a 24;8.Sin especificar;4.Sin especificar;1.Menos de 2500 gramos;4
99;1;2;4.25 a 29;6.37 a 41;3.Secundario/Polimodal Completa y más;2.2500 gramos y más;24
22;1;1;5.30 a 34;7.42 y más;1.Hasta Primaria/C.EGB Completa;2.2500 gramos y más;4
22;1;1;3.20 a 24;1.Menos de 22;3.Secundario/Polimodal Completa y más;1.Menos de 2500 gramos;1
70;1;1;4.25 a 29;5.32 a 36;1.Hasta Primaria/C.EGB Completa;2.2500 gramos y más;2
54;2;1;4.25 a 29;4.28 a 31;3.Secundario/Polimodal Completa y más;1.Menos de 2500 gramos;2
22;9;2;5.30 a 34;5.32 a 36;1.Hasta Primaria/C.EGB Completa;1.Menos de 2500 gramos;1
78;1;2;5.30 a 34;5.32 a 36;1.Hasta Primaria/C.EGB Completa;1.Menos de 2500 gramos;2
78;1;2;7.40 a 44;4.28 a 31;2.Secundaria/Polimodal Incompleta;1.Menos de 2500 gramos;1
42;1;1;2.15 a 19;3.24 a 27;2.Secundaria/Polimodal Incompleta;1.Menos de 2500 gramos;3
78;1;1;4.25 a 29;4.28 a 31;1.Hasta Primaria/C.EGB Completa;1.Menos de 2500 gramos;1
30;1;1;8.De 45 y más;6.37 a 41;3.Secundario/Polimodal Completa y más;2.2500 gramos y más;11
70;1;2;6.35 a 39;5.32 a 36;3.Secundario/Polimodal Completa y más;2.2500 gramos y más;12
58;1;2;3.20 a 24;6.37 a 41;2.Secundaria/Polimodal Incompleta;2.2500 gramos y más;304
18;1;2;7.40 a 44;5.32 a 36;2.Secundaria/Polimodal Incompleta;1.Menos de 2500 gramos;3
54;1;2;5.30 a 34;3.24 a 27;4.Sin especificar;1.Menos de 2500 gramos;1
46;1;2;4.25 a 29;6.37 a 41;3.Secundario/Polimodal Completa y más;1.Menos de 2500 gramos;13
18;1;1;7.40 a 44;6.37 a 41;3.Secundario/Polimodal Completa y más;3.Sin especificar;3
06;2;1;4.25 a 29;6.37 a 41;4.Sin especificar;1.Menos de 2500 gramos;1
82;2;1;2.15 a 19;6.37 a 41;2.Secundaria/Polimodal Incompleta;2.2500 gramos y más;4
14;1;1;7.40 a 44;6.37 a 41;2.Secundaria/Polimodal Incompleta;2.2500 gramos y más;110
38;1;1;3.20 a 24;7.42 y más;2.Secundaria/Polimodal Incompleta;2.2500 gramos y más;4
54;1;1;7.40 a 44;6.37 a 41;2.Secundaria/Polimodal Incompleta;2.2500 gramos y más;30
06;1;2;6.35 a 39;8.Sin especificar;3.Secundario/Polimodal Completa y más;2.2500 gramos y más;75
74;2;1;3.20 a 24;5.32 a 36;3.Secundario/Polimodal Completa y más;1.Menos de 2500 gramos;7
18;2;2;7.40 a 44;5.32 a 36;1.Hasta Primaria/C.EGB Completa;1.Menos de 2500 gramos;1
90;1;1;4.25 a 29;6.37 a 41;3.Secundario/Polimodal Completa y más;3.Sin especificar;5
18;1;2;4.25 a 29;6.37 a 41;2.Secundaria/Polimodal Incompleta;3.Sin especificar;1
42;1;2;2.15 a 19;6.37 a 41;1.Hasta Primaria/C.EGB Completa;2.2500 gramos y más;10
14;1;2;8.De 45 y más;6.37 a 41;3.Secundario/Polimodal Completa y más;2.2500 gramos y más;51
82;2;1;7.40 a 44;5.32 a 36;3.Secundario/Polimodal Completa y más;2.2500 gramos y más;5
02;1;2;5.30 a 34;4.28 a 31;1.Hasta Primaria/C.EGB Completa;1.Menos de 2500 gramos;2
06;1;9;3.20 a 24;6.37 a 41;2.Secundaria/Polimodal Incompleta;1.Menos de 2500 gramos;1
26;1;1;5.30 a 34;5.32 a 36;4.Sin especificar;1.Menos de 2500 gramos;2
50;1;2;5.30 a 34;6.37 a 41;2.Secundaria/Polimodal Incompleta;2.2500 gramos y más;452
22;1;2;5.30 a 34;5.32 a 36;4.Sin especificar;2.2500 gramos y más;3
34;1;1;3.20 a 24;6.37 a 41;4.Sin especificar;1.Menos de 2500 gramos;2
66;1;2;7.40 a 44;5.32 a 36;2.Secundaria/Polimodal Incompleta;2.2500 gramos y más;4
22;2;2;5.30 a 34;5.32 a 36;3.Secundario/Polimodal Completa y más;2.2500 gramos y más;5
86;1;2;4.25 a 29;3.24 a 27;1.Hasta Primaria/C.EGB Completa;1.Menos de 2500 gramos;1
74;1;2;5.30 a 34;5.32 a 36;1.Hasta Primaria/C.EGB Completa;2.2500 gramos y más;6
34;1;1;5.30 a 34;5.32 a 36;4.Sin especificar;2.2500 gramos y más;16
30;2;1;3.20 a 24;5.32 a 36;2.Secundaria/Polimodal Incompleta;1.Menos de 2500 gramos;2
54;1;2;5.30 a 34;6.37 a 41;4.Sin especificar;2.2500 gramos y más;97
54;2;2;5.30 a 34;6.37 a 41;3.Secundario/Polimodal Completa y más;2.2500 gramos y más;1
90;1;1;4.25 a 29;6.37 a 41;2.Secundaria/Polimodal Incompleta;1.Menos de 2500 gramos;7
22;9;2;6.35 a 39;5.32 a 36;1.Hasta Primaria/C.EGB Completa;3.Sin especificar;1
90;1;1;6.35 a 39;4.28 a 31;1.Hasta Primaria/C.EGB Completa;1.Menos de 2500 gramos;2
02;9;1;5.30 a 34;4.28 a 31;4.Sin especificar;1.Menos de 2500 gramos;1
26;1;1;5.30 a 34;5.32 a 36;4.Sin especificar;2.2500 gramos y más;5
18;1;1;4.25 a 29;7.42 y más;3.Secundario/Polimodal Completa y más;2.2500 gramos y más;9
90;1;2;2.15 a 19;4.28 a 31;1.Hasta Primaria/C.EGB Completa;1.Menos de 2500 gramos;3
06;9;1;6.35 a 39;8.Sin especificar;4.Sin especificar;3.Sin especificar;1
58;1;1;5.30 a 34;6.37 a 41;2.Secundaria/Polimodal Incompleta;1.Menos de 2500 gramos;1
74;1;2;5.30 a 34;5.32 a 36;1.Hasta Primaria/C.EGB Completa;1.Menos de 2500 gramos;1
54;1;2;5.30 a 34;6.37 a 41;4.Sin especificar;1.Menos de 2500 gramos;6
82;2;1;5.30 a 34;5.32 a 36;3.Secundario/Polimodal Completa y más;2.2500 gramos y más;10
02;2;2;6.35 a 39;6.37 a 41;1.Hasta Primaria/C.EGB Completa;1.Menos de 2500 gramos;1
18;1;2;4.25 a 29;6.37 a 41;4.Sin especificar;3.Sin especificar;2
26;1;1;3.20 a 24;3.24 a 27;4.Sin especificar;1.Menos de 2500 gramos;1
06;1;2;9.Sin especificar;8.Sin especificar;1.Hasta Primaria/C.EGB Completa;3.Sin especificar;18
22;2;2;5.30 a 34;5.32 a 36;3.Secundario/Polimodal Completa y más;1.Menos de 2500 gramos;8
14;1;1;7.40 a 44;6.37 a 41;2.Secundaria/Polimodal Incompleta;1.Menos de 2500 gramos;2
30;2;2;4.25 a 29;6.37 a 41;3.Secundario/Polimodal Completa y más;2.2500 gramos y más;11
06;2;2;4.25 a 29;5.32 a 36;1.Hasta Primaria/C.EGB Completa;2.2500 gramos y más;9
54;1;2;6.35 a 39;5.32 a 36;2.Secundaria/Polimodal Incompleta;2.2500 gramos y más;9
70;1;1;6.35 a 39;7.42 y más;3.Secundario/Polimodal Completa y más;2.2500 gramos y más;1
90;1;1;4.25 a 29;5.32 a 36;1.Hasta Primaria/C.EGB Completa;2.2500 gramos y más;63
82;2;2;8.De 45 y más;3.24 a 27;3.Secundario/Polimodal Completa y más;1.Menos de 2500 gramos;1
70;1;1;5.30 a 34;6.37 a 41;3.Secundario/Polimodal Completa y más;2.2500 gramos y más;691
18;2;1;4.25 a 29;6.37 a 41;4.Sin especificar;2.2500 gramos y más;4
82;1;2;1.Menor de 15;5.32 a 36;1.Hasta Primaria/C.EGB Completa;1.Menos de 2500 gramos;1
22;2;2;6.35 a 39;5.32 a 36;3.Secundario/Polimodal Completa y más;2.2500 gramos y más;6
06;1;1;3.20 a 24;6.37 a 41;3.Secundario/Polimodal Completa y más;2.2500 gramos y más;8907
90;1;2;5.30 a 34;6.37 a 41;1.Hasta Primaria/C.EGB Completa;1.Menos de 2500 gramos;14
34;1;1;1.Menor de 15;5.32 a 36;2.Secundaria/Polimodal Incompleta;1.Menos de 2500 gramos;2
22;1;2;1.Menor de 15;6.37 a 41;1.Hasta Primaria/C.EGB Completa;2.2500 gramos y más;31
26;1;1;4.25 a 29;6.37 a 41;4.Sin especificar;1.Menos de 2500 gramos;1
06;2;1;4.25 a 29;6.37 a 41;4.Sin especificar;2.2500 gramos y más;8
66;1;2;2.15 a 19;4.28 a 31;3.Secundario/Polimodal Completa y más;1.Menos de 2500 gramos;1
74;1;1;4.25 a 29;3.24 a 27;2.Secundaria/Polimodal Incompleta;1.Menos de 2500 gramos;1
06;1;2;5.30 a 34;8.Sin especificar;2.Secundaria/Polimodal Incompleta;1.Menos de 2500 gramos;2
06;2;1;3.20 a 24;5.32 a 36;3.Secundario/Polimodal Completa y más;2.2500 gramos y más;20
30;1;1;6.35 a 39;6.37 a 41;1.Hasta Primaria/C.EGB Completa;2.2500 gramos y más;144
50;1;1;6.35 a 39;6.37 a 41;1.Hasta Primaria/C.EGB Completa;2.2500 gramos y más;185
62;1;1;4.25 a 29;6.37 a 41;3.Secundario/Polimodal Completa y más;1.Menos de 2500 gramos;9
06;1;2;6.35 a 39;8.Sin especificar;3.Secundario/Polimodal Completa y más;1.Menos de 2500 gramos;9
66;2;1;2.15 a 19;6.37 a 41;1.Hasta Primaria/C.EGB Completa;2.2500 gramos y más;1
70;1;1;3.20 a 24;5.32 a 36;2.Secundaria/Polimodal Incompleta;2.2500 gramos y más;10
18;1;1;3.20 a 24;5.32 a 36;1.Hasta Primaria/C.EGB Completa;1.Menos de 2500 gramos;6
02;1;1;5.30 a 34;5.32 a 36;4.Sin especificar;1.Menos de 2500 gramos;19
90;1;1;1.Menor de 15;6.37 a 41;1.Hasta Primaria/C.EGB Completa;3.Sin especificar;1
06;1;2;8.De 45 y más;6.37 a 41;3.Secundario/Polimodal Completa y más;2.2500 gramos y más;161
06;2;1;5.30 a 34;6.37 a 41;3.Secundario/Polimodal Completa y más;2.2500 gramos y más;78
06;9;2;5.30 a 34;5.32 a 36;4.Sin especificar;1.Menos de 2500 gramos;5
22;1;2;4.25 a 29;5.32 a 36;1.Hasta Primaria/C.EGB Completa;1.Menos de 2500 gramos;11
22;1;1;4.25 a 29;6.37 a 41;1.Hasta Primaria/C.EGB Completa;2.2500 gramos y más;560
34;2;1;3.20 a 24;6.37 a 41;3.Secundario/Polimodal Completa y más;1.Menos de 2500 gramos;1
18;1;1;6.35 a 39;5.32 a 36;4.Sin especificar;2.2500 gramos y más;8
54;1;1;2.15 a 19;5.32 a 36;1.Hasta Primaria/C.EGB Completa;1.Menos de 2500 gramos;14
70;1;1;5.30 a 34;6.37 a 41;3.Secundario/Polimodal Completa y más;1.Menos de 2500 gramos;12
14;1;2;2.15 a 19;5.32 a 36;3.Secundario/Polimodal Completa y más;1.Menos de 2500 gramos;10
62;1;2;2.15 a 19;6.37 a 41;2.Secundaria/Polimodal Incompleta;1.Menos de 2500 gramos;2
58;1;2;2.15 a 19;3.24 a 27;2.Secundaria/Polimodal Incompleta;1.Menos de 2500 gramos;1
86;1;1;8.De 45 y más;6.37 a 41;1.Hasta Primaria/C.EGB Completa;2.2500 gramos y más;3
82;1;2;7.40 a 44;8.Sin especificar;1.Hasta Primaria/C.EGB Completa;2.2500 gramos y más;1
14;1;1;4.25 a 29;4.28 a 31;1.Hasta Primaria/C.EGB Completa;1.Menos de 2500 gramos;2
06;1;1;4.25 a 29;6.37 a 41;2.Secundaria/Polimodal Incompleta;2.2500 gramos y más;4111
54;1;1;6.35 a 39;6.37 a 41;3.Secundario/Polimodal Completa y más;2.2500 gramos y más;425
66;1;1;2.15 a 19;6.37 a 41;3.Secundario/Polimodal Completa y más;1.Menos de 2500 gramos;4
02;1;2;4.25 a 29;4.28 a 31;1.Hasta Primaria/C.EGB Completa;1.Menos de 2500 gramos;3
18;2;2;5.30 a 34;6.37 a 41;3.Secundario/Polimodal Completa y más;2.2500 gramos y más;8
26;1;2;2.15 a 19;6.37 a 41;3.Secundario/Polimodal Completa y más;2.2500 gramos y más;69
70;1;1;2.15 a 19;5.32 a 36;1.Hasta Primaria/C.EGB Completa;2.2500 gramos y más;3
06;1;1;9.Sin especificar;6.37 a 41;1.Hasta Primaria/C.EGB Completa;2.2500 gramos y más;151
54;1;2;2.15 a 19;8.Sin especificar;4.Sin especificar;1.Menos de 2500 gramos;1
42;1;1;5.30 a 34;5.32 a 36;2.Secundaria/Polimodal Incompleta;2.2500 gramos y más;1
14;1;1;2.15 a 19;3.24 a 27;2.Secundaria/Polimodal Incompleta;1.Menos de 2500 gramos;3
30;2;2;5.30 a 34;5.32 a 36;3.Secundario/Polimodal Completa y más;2.2500 gramos y más;4
26;2;2;3.20 a 24;6.37 a 41;2.Secundaria/Polimodal Incompleta;2.2500 gramos y más;2
86;2;2;4.25 a 29;4.28 a 31;2.Secundaria/Polimodal Incompleta;1.Menos de 2500 gramos;2
58;1;2;5.30 a 34;6.37 a 41;1.Hasta Primaria/C.EGB Completa;2.2500 gramos y más;80
06;1;1;9.Sin especificar;4.28 a 31;3.Secundario/Polimodal Completa y más;1.Menos de 2500 gramos;4
82;1;1;7.40 a 44;3.24 a 27;3.Secundario/Polimodal Completa y más;1.Menos de 2500 gramos;2
54;1;1;6.35 a 39;5.32 a 36;1.Hasta Primaria/C.EGB Completa;1.Menos de 2500 gramos;7
22;1;2;3.20 a 24;8.Sin especificar;3.Secundario/Polimodal Completa y más;2.2500 gramos y más;4
06;2;2;3.20 a 24;8.Sin especificar;2.Secundaria/Polimodal Incompleta;2.2500 gramos y más;1
34;1;2;3.20 a 24;4.28 a 31;2.Secundaria/Polimodal Incompleta;1.Menos de 2500 gramos;4
30;1;2;3.20 a 24;5.32 a 36;2.Secundaria/Polimodal Incompleta;1.Menos de 2500 gramos;22
90;2;2;6.35 a 39;5.32 a 36;1.Hasta Primaria/C.EGB Completa;1.Menos de 2500 gramos;2
22;2;1;3.20 a 24;5.32 a 36;2.Secundaria/Polimodal Incompleta;2.2500 gramos y más;2
58;1;2;7.40 a 44;5.32 a 36;2.Secundaria/Polimodal Incompleta;1.Menos de 2500 gramos;1
06;1;2;1.Menor de 15;8.Sin especificar;4.Sin especificar;3.Sin especificar;4
90;1;1;2.15 a 19;8.Sin especificar;2.Secundaria/Polimodal Incompleta;2.2500 gramos y más;8
46;1;9;4.25 a 29;6.37 a 41;3.Secundario/Polimodal Completa y más;2.2500 gramos y más;1
14;2;1;3.20 a 24;6.37 a 41;1.Hasta Primaria/C.EGB Completa;2.2500 gramos y más;1
02;1;1;2.15 a 19;6.37 a 41;3.Secundario/Polimodal Completa y más;2.2500 gramos y más;98
18;1;1;5.30 a 34;5.32 a 36;3.Secundario/Polimodal Completa y más;2.2500 gramos y más;32
06;1;1;8.De 45 y más;6.37 a 41;4.Sin especificar;2.2500 gramos y más;24
06;1;2;5.30 a 34;6.37 a 41;4.Sin especificar;1.Menos de 2500 gramos;31
18;1;2;1.Menor de 15;6.37 a 41;2.Secundaria/Polimodal Incompleta;2.2500 gramos y más;8
06;1;2;4.25 a 29;8.Sin especificar;3.Secundario/Polimodal Completa y más;1.Menos de 2500 gramos;20
06;1;9;4.25 a 29;8.Sin especificar;4.Sin especificar;3.Sin especificar;2
78;1;1;3.20 a 24;5.32 a 36;1.Hasta Primaria/C.EGB Completa;2.2500 gramos y más;2
30;1;2;3.20 a 24;8.Sin especificar;3.Secundario/Polimodal Completa y más;3.Sin especificar;2
99;1;1;3.20 a 24;8.Sin especificar;4.Sin especificar;3.Sin especificar;13
42;1;1;7.40 a 44;5.32 a 36;3.Secundario/Polimodal Completa y más;1.Menos de 2500 gramos;2
70;1;1;1.Menor de 15;5.32 a 36;2.Secundaria/Polimodal Incompleta;1.Menos de 2500 gramos;1
06;2;1;9.Sin especificar;5.32 a 36;4.Sin especificar;2.2500 gramos y más;3
50;1;2;2.15 a 19;6.37 a 41;3.Secundario/Polimodal Completa y más;1.Menos de 2500 gramos;6
38;1;2;7.40 a 44;5.32 a 36;3.Secundario/Polimodal Completa y más;1.Menos de 2500 gramos;3
94;1;2;5.30 a 34;6.37 a 41;3.Secundario/Polimodal Completa y más;1.Menos de 2500 gramos;1
70;1;2;3.20 a 24;6.37 a 41;3.Secundario/Polimodal Completa y más;1.Menos de 2500 gramos;18
06;9;1;5.30 a 34;6.37 a 41;4.Sin especificar;3.Sin especificar;10
62;1;2;7.40 a 44;5.32 a 36;3.Secundario/Polimodal Completa y más;2.2500 gramos y más;2
50;1;2;1.Menor de 15;6.37 a 41;1.Hasta Primaria/C.EGB Completa;2.2500 gramos y más;3
54;1;1;4.25 a 29;3.24 a 27;3.Secundario/Polimodal Completa y más;1.Menos de 2500 gramos;3
70;1;1;4.25 a 29;3.24 a 27;3.Secundario/Polimodal Completa y más;1.Menos de 2500 gramos;3
30;1;1;5.30 a 34;3.24 a 27;1.Hasta Primaria/C.EGB Completa;1.Menos de 2500 gramos;1
90;1;1;3.20 a 24;5.32 a 36;1.Hasta Primaria/C.EGB Completa;1.Menos de 2500 gramos;16
70;1;1;4.25 a 29;5.32 a 36;1.Hasta Primaria/C.EGB Completa;1.Menos de 2500 gramos;3
06;1;1;4.25 a 29;7.42 y más;3.Secundario/Polimodal Completa y más;2.2500 gramos y más;46
66;2;1;4.25 a 29;6.37 a 41;1.Hasta Primaria/C.EGB Completa;2.2500 gramos y más;3
18;1;2;3.20 a 24;2.22 a 23;4.Sin especificar;1.Menos de 2500 gramos;2
50;1;2;6.35 a 39;7.42 y más;3.Secundario/Polimodal Completa y más;2.2500 gramos y más;1
94;2;1;6.35 a 39;6.37 a 41;3.Secundario/Polimodal Completa y más;2.2500 gramos y más;1
06;1;2;9.Sin especificar;5.32 a 36;4.Sin especificar;3.Sin especificar;2
86;2;1;4.25 a 29;6.37 a 41;1.Hasta Primaria/C.EGB Completa;2.2500 gramos y más;4
90;1;1;2.15 a 19;7.42 y más;3.Secundario/Polimodal Completa y más;2.2500 gramos y más;9
30;2;1;5.30 a 34;5.32 a 36;1.Hasta Primaria/C.EGB Completa;1.Menos de 2500 gramos;2
74;1;2;6.35 a 39;4.28 a 31;3.Secundario/Polimodal Completa y más;1.Menos de 2500 gramos;3
02;1;2;2.15 a 19;6.37 a 41;2.Secundaria/Polimodal Incompleta;1.Menos de 2500 gramos;1
78;1;2;2.15 a 19;6.37 a 41;1.Hasta Primaria/C.EGB Completa;2.2500 gramos y más;22
06;9;1;2.15 a 19;4.28 a 31;4.Sin especificar;1.Menos de 2500 gramos;2
94;1;1;6.35 a 39;6.37 a 41;4.Sin especificar;2.2500 gramos y más;1
99;1;2;3.20 a 24;6.37 a 41;4.Sin especificar;2.2500 gramos y más;9
66;1;1;2.15 a 19;2.22 a 23;2.Secundaria/Polimodal Incompleta;1.Menos de 2500 gramos;1
70;2;1;6.35 a 39;6.37 a 41;2.Secundaria/Polimodal Incompleta;1.Menos de 2500 gramos;2
90;1;2;7.40 a 44;6.37 a 41;1.Hasta Primaria/C.EGB Completa;2.2500 gramos y más;65
06;1;1;9.Sin especificar;6.37 a 41;1.Hasta Primaria/C.EGB Completa;3.Sin especificar;8
66;1;2;4.25 a 29;8.Sin especificar;3.Secundario/Polimodal Completa y más;3.Sin especificar;1
06;1;1;6.35 a 39;6.37 a 41;2.Secundaria/Polimodal Incompleta;3.Sin especificar;3
50;1;2;6.35 a 39;5.32 a 36;1.Hasta Primaria/C.EGB Completa;2.2500 gramos y más;5
06;9;2;5.30 a 34;6.37 a 41;3.Secundario/Polimodal Completa y más;2.2500 gramos y más;12
14;2;2;5.30 a 34;5.32 a 36;4.Sin especificar;2.2500 gramos y más;1
46;9;1;4.25 a 29;6.37 a 41;3.Secundario/Polimodal Completa y más;2.2500 gramos y más;1
06;1;2;2.15 a 19;7.42 y más;4.Sin especificar;2.2500 gramos y más;1
82;1;2;5.30 a 34;6.37 a 41;4.Sin especificar;2.2500 gramos y más;21
90;1;2;4.25 a 29;7.42 y más;1.Hasta Primaria/C.EGB Completa;2.2500 gramos y más;25
58;1;2;4.25 a 29;4.28 a 31;3.Secundario/Polimodal Completa y más;1.Menos de 2500 gramos;2
34;2;1;3.20 a 24;5.32 a 36;2.Secundaria/Polimodal Incompleta;1.Menos de 2500 gramos;2
38;1;1;6.35 a 39;7.42 y más;3.Secundario/Polimodal Completa y más;2.2500 gramos y más;4
94;1;1;5.30 a 34;8.Sin especificar;1.Hasta Primaria/C.EGB Completa;2.2500 gramos y más;1
74;1;1;5.30 a 34;6.37 a 41;2.Secundaria/Polimodal Incompleta;2.2500 gramos y más;63
90;1;2;4.25 a 29;2.22 a 23;3.Secundario/Polimodal Completa y más;1.Menos de 2500 gramos;1
06;2;1;5.30 a 34;5.32 a 36;4.Sin especificar;2.2500 gramos y más;4
02;9;1;3.20 a 24;6.37 a 41;4.Sin especificar;2.2500 gramos y más;84
22;9;2;2.15 a 19;6.37 a 41;1.Hasta Primaria/C.EGB Completa;2.2500 gramos y más;1
14;2;1;6.35 a 39;4.28 a 31;2.Secundaria/Polimodal Incompleta;1.Menos de 2500 gramos;2
86;2;1;5.30 a 34;5.32 a 36;3.Secundario/Polimodal Completa y más;1.Menos de 2500 gramos;2
50;1;2;5.30 a 34;6.37 a 41;2.Secundaria/Polimodal Incompleta;1.Menos de 2500 gramos;10
46;1;1;3.20 a 24;4.28 a 31;3.Secundario/Polimodal Completa y más;1.Menos de 2500 gramos;4
10;1;1;4.25 a 29;5.32 a 36;1.Hasta Primaria/C.EGB Completa;2.2500 gramos y más;2
06;1;2;9.Sin especificar;5.32 a 36;3.Secundario/Polimodal Completa y más;2.2500 gramos y más;21
78;1;2;4.25 a 29;5.32 a 36;1.Hasta Primaria/C.EGB Completa;2.2500 gramos y más;1
54;1;2;6.35 a 39;6.37 a 41;4.Sin especificar;2.2500 gramos y más;51
02;2;1;4.25 a 29;5.32 a 36;2.Secundaria/Polimodal Incompleta;2.2500 gramos y más;2
14;1;2;6.35 a 39;8.Sin especificar;3.Secundario/Polimodal Completa y más;2.2500 gramos y más;2
30;1;2;4.25 a 29;6.37 a 41;1.Hasta Primaria/C.EGB Completa;1.Menos de 2500 gramos;6
02;1;1;4.25 a 29;5.32 a 36;4.Sin especificar;1.Menos de 2500 gramos;16
78;2;1;2.15 a 19;6.37 a 41;2.Secundaria/Polimodal Incompleta;2.2500 gramos y más;2
06;1;1;4.25 a 29;1.Menos de 22;3.Secundario/Polimodal Completa y más;1.Menos de 2500 gramos;1
02;1;2;4.25 a 29;3.24 a 27;1.Hasta Primaria/C.EGB Completa;1.Menos de 2500 gramos;1
70;1;2;4.25 a 29;6.37 a 41;1.Hasta Primaria/C.EGB Completa;2.2500 gramos y más;211
10;1;1;6.35 a 39;8.Sin especificar;3.Secundario/Polimodal Completa y más;2.2500 gramos y más;6
26;1;2;4.25 a 29;5.32 a 36;1.Hasta Primaria/C.EGB Completa;1.Menos de 2500 gramos;4
42;1;1;7.40 a 44;6.37 a 41;2.Secundaria/Polimodal Incompleta;2.2500 gramos y más;8
02;1;2;8.De 45 y más;2.22 a 23;4.Sin especificar;1.Menos de 2500 gramos;1
82;2;1;4.25 a 29;3.24 a 27;3.Secundario/Polimodal Completa y más;1.Menos de 2500 gramos;2
38;1;2;7.40 a 44;6.37 a 41;3.Secundario/Polimodal Completa y más;1.Menos de 2500 gramos;4
58;1;1;3.20 a 24;2.22 a 23;3.Secundario/Polimodal Completa y más;1.Menos de 2500 gramos;1
26;1;1;5.30 a 34;6.37 a 41;4.Sin especificar;1.Menos de 2500 gramos;1
62;1;1;6.35 a 39;5.32 a 36;3.Secundario/Polimodal Completa y más;2.2500 gramos y más;23
14;1;1;5.30 a 34;5.32 a 36;4.Sin especificar;3.Sin especificar;1
14;1;1;2.15 a 19;8.Sin especificar;4.Sin especificar;3.Sin especificar;1
38;1;2;6.35 a 39;6.37 a 41;1.Hasta Primaria/C.EGB Completa;1.Menos de 2500 gramos;1
86;2;1;6.35 a 39;6.37 a 41;2.Secundaria/Polimodal Incompleta;2.2500 gramos y más;1
90;1;1;2.15 a 19;2.22 a 23;2.Secundaria/Polimodal Incompleta;1.Menos de 2500 gramos;1
14;2;1;2.15 a 19;5.32 a 36;2.Secundaria/Polimodal Incompleta;1.Menos de 2500 gramos;6
06;1;1;5.30 a 34;8.Sin especificar;1.Hasta Primaria/C.EGB Completa;1.Menos de 2500 gramos;2
14;1;2;9.Sin especificar;5.32 a 36;3.Secundario/Polimodal Completa y más;2.2500 gramos y más;3
06;2;2;9.Sin especificar;8.Sin especificar;3.Secundario/Polimodal Completa y más;3.Sin especificar;1
70;1;1;5.30 a 34;4.28 a 31;1.Hasta Primaria/C.EGB Completa;1.Menos de 2500 gramos;1
66;1;1;6.35 a 39;6.37 a 41;1.Hasta Primaria/C.EGB Completa;1.Menos de 2500 gramos;7
10;1;1;2.15 a 19;8.Sin especificar;2.Secundaria/Polimodal Incompleta;2.2500 gramos y más;4
90;1;2;7.40 a 44;6.37 a 41;2.Secundaria/Polimodal Incompleta;2.2500 gramos y más;33
90;1;1;9.Sin especificar;5.32 a 36;4.Sin especificar;2.2500 gramos y más;1
14;2;1;4.25 a 29;5.32 a 36;4.Sin especificar;1.Menos de 2500 gramos;1
38;1;2;6.35 a 39;6.37 a 41;3.Secundario/Polimodal Completa y más;1.Menos de 2500 gramos;9
30;1;1;1.Menor de 15;5.32 a 36;1.Hasta Primaria/C.EGB Completa;1.Menos de 2500 gramos;1
62;1;2;2.15 a 19;6.37 a 41;4.Sin especificar;2.2500 gramos y más;37
22;1;1;2.15 a 19;7.42 y más;2.Secundaria/Polimodal Incompleta;1.Menos de 2500 gramos;1
06;1;2;2.15 a 19;6.37 a 41;3.Secundario/Polimodal Completa y más;1.Menos de 2500 gramos;69
86;2;1;3.20 a 24;4.28 a 31;3.Secundario/Polimodal Completa y más;1.Menos de 2500 gramos;1
70;2;2;6.35 a 39;5.32 a 36;3.Secundario/Polimodal Completa y más;1.Menos de 2500 gramos;5
98;1;2;4.25 a 29;6.37 a 41;4.Sin especificar;2.2500 gramos y más;1
30;1;1;3.20 a 24;8.Sin especificar;2.Secundaria/Polimodal Incompleta;2.2500 gramos y más;8
38;1;1;5.30 a 34;5.32 a 36;1.Hasta Primaria/C.EGB Completa;2.2500 gramos y más;1
82;2;1;5.30 a 34;6.37 a 41;1.Hasta Primaria/C.EGB Completa;1.Menos de 2500 gramos;1
18;1;1;3.20 a 24;3.24 a 27;2.Secundaria/Polimodal Incompleta;1.Menos de 2500 gramos;2
06;1;2;9.Sin especificar;7.42 y más;1.Hasta Primaria/C.EGB Completa;2.2500 gramos y más;1
14;1;1;7.40 a 44;5.32 a 36;4.Sin especificar;1.Menos de 2500 gramos;1
06;1;2;3.20 a 24;5.32 a 36;2.Secundaria/Polimodal Incompleta;2.2500 gramos y más;160
06;1;1;7.40 a 44;6.37 a 41;2.Secundaria/Polimodal Incompleta;3.Sin especificar;2
22;1;1;6.35 a 39;6.37 a 41;4.Sin especificar;1.Menos de 2500 gramos;1
70;1;1;6.35 a 39;6.37 a 41;3.Secundario/Polimodal Completa y más;1.Menos de 2500 gramos;13
62;1;2;7.40 a 44;4.28 a 31;4.Sin especificar;1.Menos de 2500 gramos;1
70;1;2;4.25 a 29;6.37 a 41;2.Secundaria/Polimodal Incompleta;2.2500 gramos y más;378
78;1;2;2.15 a 19;6.37 a 41;1.Hasta Primaria/C.EGB Completa;1.Menos de 2500 gramos;1
54;1;1;3.20 a 24;5.32 a 36;1.Hasta Primaria/C.EGB Completa;1.Menos de 2500 gramos;14
30;1;2;6.35 a 39;7.42 y más;1.Hasta Primaria/C.EGB Completa;2.2500 gramos y más;1
06;1;9;5.30 a 34;6.37 a 41;4.Sin especificar;2.2500 gramos y más;28
74;1;1;5.30 a 34;6.37 a 41;1.Hasta Primaria/C.EGB Completa;1.Menos de 2500 gramos;1
74;1;1;7.40 a 44;6.37 a 41;1.Hasta Primaria/C.EGB Completa;1.Menos de 2500 gramos;1
86;2;2;3.20 a 24;5.32 a 36;2.Secundaria/Polimodal Incompleta;1.Menos de 2500 gramos;1
06;1;2;1.Menor de 15;5.32 a 36;3.Secundario/Polimodal Completa y más;1.Menos de 2500 gramos;1
62;1;1;2.15 a 19;5.32 a 36;1.Hasta Primaria/C.EGB Completa;1.Menos de 2500 gramos;3
06;2;2;7.40 a 44;6.37 a 41;3.Secundario/Polimodal Completa y más;2.2500 gramos y más;17
50;1;2;4.25 a 29;3.24 a 27;3.Secundario/Polimodal Completa y más;1.Menos de 2500 gramos;3
90;2;2;5.30 a 34;8.Sin especificar;1.Hasta Primaria/C.EGB Completa;1.Menos de 2500 gramos;1
02;1;2;8.De 45 y más;6.37 a 41;4.Sin especificar;1.Menos de 2500 gramos;3
18;1;2;2.15 a 19;6.37 a 41;2.Secundaria/Polimodal Incompleta;3.Sin especificar;3
99;1;1;3.20 a 24;5.32 a 36;3.Secundario/Polimodal Completa y más;2.2500 gramos y más;1
50;1;1;3.20 a 24;5.32 a 36;3.Secundario/Polimodal Completa y más;2.2500 gramos y más;41
06;2;2;6.35 a 39;3.24 a 27;3.Secundario/Polimodal Completa y más;1.Menos de 2500 gramos;4
38;2;2;2.15 a 19;6.37 a 41;1.Hasta Primaria/C.EGB Completa;2.2500 gramos y más;1
22;1;2;3.20 a 24;6.37 a 41;1.Hasta Primaria/C.EGB Completa;2.2500 gramos y más;564
74;1;2;7.40 a 44;5.32 a 36;2.Secundaria/Polimodal Incompleta;2.2500 gramos y más;1
46;1;2;7.40 a 44;6.37 a 41;2.Secundaria/Polimodal Incompleta;2.2500 gramos y más;6
06;9;2;2.15 a 19;6.37 a 41;4.Sin especificar;1.Menos de 2500 gramos;1
26;1;1;5.30 a 34;5.32 a 36;1.Hasta Primaria/C.EGB Completa;2.2500 gramos y más;2
38;1;2;3.20 a 24;4.28 a 31;2.Secundaria/Polimodal Incompleta;1.Menos de 2500 gramos;1
06;2;2;7.40 a 44;6.37 a 41;3.Secundario/Polimodal Completa y más;1.Menos de 2500 gramos;6
02;1;9;6.35 a 39;6.37 a 41;3.Secundario/Polimodal Completa y más;2.2500 gramos y más;5
06;1;1;2.15 a 19;4.28 a 31;2.Secundaria/Polimodal Incompleta;3.Sin especificar;3
42;1;1;6.35 a 39;8.Sin especificar;3.Secundario/Polimodal Completa y más;2.2500 gramos y más;1
10;1;1;5.30 a 34;6.37 a 41;3.Secundario/Polimodal Completa y más;1.Menos de 2500 gramos;9
06;1;2;3.20 a 24;4.28 a 31;1.Hasta Primaria/C.EGB Completa;3.Sin especificar;1
99;1;1;5.30 a 34;4.28 a 31;3.Secundario/Polimodal Completa y más;2.2500 gramos y más;1
54;1;1;1.Menor de 15;5.32 a 36;1.Hasta Primaria/C.EGB Completa;2.2500 gramos y más;1
78;1;1;5.30 a 34;6.37 a 41;1.Hasta Primaria/C.EGB Completa;2.2500 gramos y más;53
18;1;2;5.30 a 34;7.42 y más;1.Hasta Primaria/C.EGB Completa;2.2500 gramos y más;3
06;2;2;4.25 a 29;5.32 a 36;4.Sin especificar;1.Menos de 2500 gramos;4
18;1;1;5.30 a 34;8.Sin especificar;4.Sin especificar;3.Sin especificar;4
86;2;2;3.20 a 24;6.37 a 41;1.Hasta Primaria/C.EGB Completa;1.Menos de 2500 gramos;1
90;1;2;5.30 a 34;7.42 y más;1.Hasta Primaria/C.EGB Completa;3.Sin especificar;1
14;1;1;5.30 a 34;5.32 a 36;3.Secundario/Polimodal Completa y más;3.Sin especificar;1
14;2;2;2.15 a 19;5.32 a 36;1.Hasta Primaria/C.EGB Completa;1.Menos de 2500 gramos;5
22;1;2;5.30 a 34;5.32 a 36;1.Hasta Primaria/C.EGB Completa;2.2500 gramos y más;11
54;1;2;4.25 a 29;3.24 a 27;2.Secundaria/Polimodal Incompleta;1.Menos de 2500 gramos;1
62;1;2;4.25 a 29;5.32 a 36;3.Secundario/Polimodal Completa y más;2.2500 gramos y más;27
70;1;1;4.25 a 29;4.28 a 31;2.Secundaria/Polimodal Incompleta;1.Menos de 2500 gramos;1
86;1;1;2.15 a 19;6.37 a 41;3.Secundario/Polimodal Completa y más;2.2500 gramos y más;108
10;2;1;2.15 a 19;6.37 a 41;3.Secundario/Polimodal Completa y más;1.Menos de 2500 gramos;2
22;9;1;3.20 a 24;5.32 a 36;3.Secundario/Polimodal Completa y más;2.2500 gramos y más;1
18;1;1;2.15 a 19;6.37 a 41;3.Secundario/Polimodal Completa y más;2.2500 gramos y más;131
06;1;1;6.35 a 39;4.28 a 31;1.Hasta Primaria/C.EGB Completa;1.Menos de 2500 gramos;14
06;1;1;5.30 a 34;3.24 a 27;1.Hasta Primaria/C.EGB Completa;1.Menos de 2500 gramos;4
99;1;1;9.Sin especificar;6.37 a 41;2.Secundaria/Polimodal Incompleta;2.2500 gramos y más;1
30;1;2;2.15 a 19;4.28 a 31;3.Secundario/Polimodal Completa y más;1.Menos de 2500 gramos;1
66;1;1;6.35 a 39;6.37 a 41;2.Secundaria/Polimodal Incompleta;2.2500 gramos y más;104
06;1;2;4.25 a 29;6.37 a 41;1.Hasta Primaria/C.EGB Completa;1.Menos de 2500 gramos;94
50;1;1;5.30 a 34;3.24 a 27;3.Secundario/Polimodal Completa y más;1.Menos de 2500 gramos;1
18;1;1;8.De 45 y más;6.37 a 41;4.Sin especificar;2.2500 gramos y más;1
50;2;2;4.25 a 29;5.32 a 36;3.Secundario/Polimodal Completa y más;2.2500 gramos y más;4
06;1;1;6.35 a 39;8.Sin especificar;1.Hasta Primaria/C.EGB Completa;1.Menos de 2500 gramos;2
70;1;2;3.20 a 24;3.24 a 27;3.Secundario/Polimodal Completa y más;1.Menos de 2500 gramos;1
02;1;1;5.30 a 34;5.32 a 36;1.Hasta Primaria/C.EGB Completa;1.Menos de 2500 gramos;11
14;1;2;7.40 a 44;5.32 a 36;2.Secundaria/Polimodal Incompleta;2.2500 gramos y más;4
70;1;2;5.30 a 34;5.32 a 36;3.Secundario/Polimodal Completa y más;1.Menos de 2500 gramos;17
70;1;1;2.15 a 19;4.28 a 31;2.Secundaria/Polimodal Incompleta;1.Menos de 2500 gramos;1
90;1;1;8.De 45 y más;6.37 a 41;3.Secundario/Polimodal Completa y más;2.2500 gramos y más;17
50;1;1;6.35 a 39;5.32 a 36;3.Secundario/Polimodal Completa y más;1.Menos de 2500 gramos;30
50;2;1;6.35 a 39;5.32 a 36;3.Secundario/Polimodal Completa y más;2.2500 gramos y más;4
06;1;2;3.20 a 24;6.37 a 41;2.Secundaria/Polimodal Incompleta;1.Menos de 2500 gramos;166
42;2;1;3.20 a 24;5.32 a 36;3.Secundario/Polimodal Completa y más;2.2500 gramos y más;1
30;1;2;4.25 a 29;5.32 a 36;4.Sin especificar;1.Menos de 2500 gramos;1
06;1;1;7.40 a 44;8.Sin especificar;4.Sin especificar;2.2500 gramos y más;5
22;1;1;3.20 a 24;4.28 a 31;2.Secundaria/Polimodal Incompleta;1.Menos de 2500 gramos;4
10;1;2;6.35 a 39;8.Sin especificar;2.Secundaria/Polimodal Incompleta;1.Menos de 2500 gramos;1
62;1;1;3.20 a 24;6.37 a 41;3.Secundario/Polimodal Completa y más;1.Menos de 2500 gramos;4
74;1;1;6.35 a 39;5.32 a 36;3.Secundario/Polimodal Completa y más;2.2500 gramos y más;15
06;2;2;4.25 a 29;3.24 a 27;4.Sin especificar;1.Menos de 2500 gramos;1
90;1;2;7.40 a 44;3.24 a 27;3.Secundario/Polimodal Completa y más;1.Menos de 2500 gramos;1
06;1;1;7.40 a 44;6.37 a 41;4.Sin especificar;2.2500 gramos y más;232
90;1;2;2.15 a 19;7.42 y más;2.Secundaria/Polimodal Incompleta;1.Menos de 2500 gramos;1
38;1;2;5.30 a 34;6.37 a 41;1.Hasta Primaria/C.EGB Completa;1.Menos de 2500 gramos;2
54;2;2;7.40 a 44;5.32 a 36;1.Hasta Primaria/C.EGB Completa;1.Menos de 2500 gramos;2
62;1;1;7.40 a 44;7.42 y más;3.Secundario/Polimodal Completa y más;2.2500 gramos y más;1
66;1;2;3.20 a 24;6.37 a 41;2.Secundaria/Polimodal Incompleta;1.Menos de 2500 gramos;17
14;2;1;6.35 a 39;8.Sin especificar;1.Hasta Primaria/C.EGB Completa;1.Menos de 2500 gramos;1
06;1;1;5.30 a 34;5.32 a 36;2.Secundaria/Polimodal Incompleta;3.Sin especificar;1
54;1;2;4.25 a 29;7.42 y más;1.Hasta Primaria/C.EGB Completa;2.2500 gramos y más;4
90;2;2;3.20 a 24;5.32 a 36;3.Secundario/Polimodal Completa y más;2.2500 gramos y más;2
90;2;1;7.40 a 44;5.32 a 36;3.Secundario/Polimodal Completa y más;1.Menos de 2500 gramos;9
06;1;2;2.15 a 19;6.37 a 41;1.Hasta Primaria/C.EGB Completa;1.Menos de 2500 gramos;43
26;1;1;4.25 a 29;6.37 a 41;4.Sin especificar;2.2500 gramos y más;94
14;1;2;8.De 45 y más;6.37 a 41;3.Secundario/Polimodal Completa y más;1.Menos de 2500 gramos;1
66;1;1;7.40 a 44;6.37 a 41;3.Secundario/Polimodal Completa y más;3.Sin especificar;2
70;2;2;7.40 a 44;6.37 a 41;3.Secundario/Polimodal Completa y más;2.2500 gramos y más;2
94;1;2;4.25 a 29;5.32 a 36;3.Secundario/Polimodal Completa y más;1.Menos de 2500 gramos;2
34;1;1;4.25 a 29;4.28 a 31;1.Hasta Primaria/C.EGB Completa;2.2500 gramos y más;1
30;1;1;4.25 a 29;2.22 a 23;3.Secundario/Polimodal Completa y más;1.Menos de 2500 gramos;2
02;1;1;4.25 a 29;5.32 a 36;2.Secundaria/Polimodal Incompleta;1.Menos de 2500 gramos;6
98;1;1;3.20 a 24;6.37 a 41;3.Secundario/Polimodal Completa y más;2.2500 gramos y más;4
10;1;1;5.30 a 34;6.37 a 41;2.Secundaria/Polimodal Incompleta;1.Menos de 2500 gramos;1
90;1;1;5.30 a 34;6.37 a 41;3.Secundario/Polimodal Completa y más;3.Sin especificar;5
38;1;2;7.40 a 44;5.32 a 36;2.Secundaria/Polimodal Incompleta;1.Menos de 2500 gramos;2
14;2;1;5.30 a 34;5.32 a 36;1.Hasta Primaria/C.EGB Completa;1.Menos de 2500 gramos;2
78;1;1;4.25 a 29;7.42 y más;3.Secundario/Polimodal Completa y más;2.2500 gramos y más;2
02;1;1;3.20 a 24;6.37 a 41;3.Secundario/Polimodal Completa y más;1.Menos de 2500 gramos;13
62;1;1;9.Sin especificar;6.37 a 41;4.Sin especificar;2.2500 gramos y más;2
42;2;1;3.20 a 24;6.37 a 41;2.Secundaria/Polimodal Incompleta;1.Menos de 2500 gramos;1
94;1;1;2.15 a 19;6.37 a 41;4.Sin especificar;2.2500 gramos y más;1
02;1;1;9.Sin especificar;6.37 a 41;2.Secundaria/Polimodal Incompleta;2.2500 gramos y más;3
30;1;1;6.35 a 39;4.28 a 31;3.Secundario/Polimodal Completa y más;2.2500 gramos y más;1
10;2;2;5.30 a 34;5.32 a 36;1.Hasta Primaria/C.EGB Completa;1.Menos de 2500 gramos;2
86;2;1;2.15 a 19;5.32 a 36;2.Secundaria/Polimodal Incompleta;1.Menos de 2500 gramos;1
18;2;1;4.25 a 29;5.32 a 36;4.Sin especificar;1.Menos de 2500 gramos;1
58;1;2;6.35 a 39;6.37 a 41;2.Secundaria/Polimodal Incompleta;2.2500 gramos y más;74
22;1;2;7.40 a 44;5.32 a 36;3.Secundario/Polimodal Completa y más;2.2500 gramos y más;8
74;2;2;5.30 a 34;5.32 a 36;3.Secundario/Polimodal Completa y más;2.2500 gramos y más;1
82;2;2;2.15 a 19;6.37 a 41;2.Secundaria/Polimodal Incompleta;2.2500 gramos y más;1
98;1;2;6.35 a 39;6.37 a 41;1.Hasta Primaria/C.EGB Completa;2.2500 gramos y más;1
30;1;1;7.40 a 44;3.24 a 27;2.Secundaria/Polimodal Incompleta;1.Menos de 2500 gramos;1
38;1;1;5.30 a 34;6.37 a 41;2.Secundaria/Polimodal Incompleta;1.Menos de 2500 gramos;3
82;1;2;3.20 a 24;3.24 a 27;2.Secundaria/Polimodal Incompleta;1.Menos de 2500 gramos;7
02;1;1;5.30 a 34;4.28 a 31;1.Hasta Primaria/C.EGB Completa;1.Menos de 2500 gramos;2
06;1;2;6.35 a 39;6.37 a 41;3.Secundario/Polimodal Completa y más;2.2500 gramos y más;7389
18;1;1;3.20 a 24;4.28 a 31;1.Hasta Primaria/C.EGB Completa;2.2500 gramos y más;1
18;1;1;1.Menor de 15;6.37 a 41;2.Secundaria/Polimodal Incompleta;2.2500 gramos y más;13
62;1;2;5.30 a 34;4.28 a 31;3.Secundario/Polimodal Completa y más;2.2500 gramos y más;1
30;1;2;4.25 a 29;6.37 a 41;1.Hasta Primaria/C.EGB Completa;3.Sin especificar;2
46;9;2;4.25 a 29;6.37 a 41;3.Secundario/Polimodal Completa y más;2.2500 gramos y más;1
06;1;2;2.15 a 19;3.24 a 27;2.Secundaria/Polimodal Incompleta;1.Menos de 2500 gramos;13
90;1;2;2.15 a 19;4.28 a 31;1.Hasta Primaria/C.EGB Completa;2.2500 gramos y más;2
22;1;2;1.Menor de 15;5.32 a 36;1.Hasta Primaria/C.EGB Completa;2.2500 gramos y más;1
18;2;1;5.30 a 34;6.37 a 41;1.Hasta Primaria/C.EGB Completa;2.2500 gramos y más;1
42;1;2;6.35 a 39;6.37 a 41;3.Secundario/Polimodal Completa y más;2.2500 gramos y más;202
86;1;1;5.30 a 34;6.37 a 41;2.Secundaria/Polimodal Incompleta;2.2500 gramos y más;184
14;2;1;3.20 a 24;6.37 a 41;3.Secundario/Polimodal Completa y más;2.2500 gramos y más;6
82;2;2;5.30 a 34;4.28 a 31;3.Secundario/Polimodal Completa y más;1.Menos de 2500 gramos;5
06;1;9;6.35 a 39;6.37 a 41;3.Secundario/Polimodal Completa y más;1.Menos de 2500 gramos;2
34;1;2;4.25 a 29;5.32 a 36;1.Hasta Primaria/C.EGB Completa;1.Menos de 2500 gramos;2
14;1;1;4.25 a 29;4.28 a 31;3.Secundario/Polimodal Completa y más;1.Menos de 2500 gramos;19
50;1;2;5.30 a 34;5.32 a 36;1.Hasta Primaria/C.EGB Completa;2.2500 gramos y más;7
99;1;9;5.30 a 34;6.37 a 41;3.Secundario/Polimodal Completa y más;2.2500 gramos y más;2
50;2;1;2.15 a 19;4.28 a 31;2.Secundaria/Polimodal Incompleta;1.Menos de 2500 gramos;1
74;1;2;5.30 a 34;3.24 a 27;3.Secundario/Polimodal Completa y más;1.Menos de 2500 gramos;2
06;1;9;3.20 a 24;8.Sin especificar;3.Secundario/Polimodal Completa y más;2.2500 gramos y más;3
10;1;2;5.30 a 34;5.32 a 36;2.Secundaria/Polimodal Incompleta;1.Menos de 2500 gramos;2
82;1;2;3.20 a 24;6.37 a 41;1.Hasta Primaria/C.EGB Completa;3.Sin especificar;1
22;9;1;5.30 a 34;6.37 a 41;3.Secundario/Polimodal Completa y más;2.2500 gramos y más;6
30;2;1;2.15 a 19;5.32 a 36;1.Hasta Primaria/C.EGB Completa;1.Menos de 2500 gramos;3
02;1;2;8.De 45 y más;5.32 a 36;1.Hasta Primaria/C.EGB Completa;1.Menos de 2500 gramos;1
46;1;1;2.15 a 19;5.32 a 36;3.Secundario/Polimodal Completa y más;1.Menos de 2500 gramos;7
90;1;2;5.30 a 34;8.Sin especificar;3.Secundario/Polimodal Completa y más;2.2500 gramos y más;17
02;1;1;8.De 45 y más;5.32 a 36;2.Secundaria/Polimodal Incompleta;1.Menos de 2500 gramos;1
10;1;2;4.25 a 29;6.37 a 41;3.Secundario/Polimodal Completa y más;2.2500 gramos y más;421
22;2;1;4.25 a 29;5.32 a 36;1.Hasta Primaria/C.EGB Completa;2.2500 gramos y más;1
06;1;1;4.25 a 29;7.42 y más;2.Secundaria/Polimodal Incompleta;2.2500 gramos y más;28
90;2;1;3.20 a 24;5.32 a 36;1.Hasta Primaria/C.EGB Completa;1.Menos de 2500 gramos;1
54;2;1;3.20 a 24;6.37 a 41;1.Hasta Primaria/C.EGB Completa;2.2500 gramos y más;3
18;1;1;6.35 a 39;6.37 a 41;3.Secundario/Polimodal Completa y más;3.Sin especificar;3
06;1;2;2.15 a 19;4.28 a 31;4.Sin especificar;1.Menos de 2500 gramos;1
02;1;1;2.15 a 19;6.37 a 41;4.Sin especificar;1.Menos de 2500 gramos;1
94;2;2;6.35 a 39;5.32 a 36;3.Secundario/Polimodal Completa y más;2.2500 gramos y más;2
26;2;2;5.30 a 34;5.32 a 36;3.Secundario/Polimodal Completa y más;1.Menos de 2500 gramos;6
14;1;1;3.20 a 24;3.24 a 27;3.Secundario/Polimodal Completa y más;1.Menos de 2500 gramos;10
06;1;1;2.15 a 19;6.37 a 41;4.Sin especificar;3.Sin especificar;4
54;1;2;3.20 a 24;6.37 a 41;1.Hasta Primaria/C.EGB Completa;2.2500 gramos y más;782
02;1;2;7.40 a 44;6.37 a 41;4.Sin especificar;2.2500 gramos y más;132
42;2;1;6.35 a 39;5.32 a 36;3.Secundario/Polimodal Completa y más;1.Menos de 2500 gramos;1
66;1;2;2.15 a 19;6.37 a 41;2.Secundaria/Polimodal Incompleta;2.2500 gramos y más;571
82;2;1;4.25 a 29;8.Sin especificar;3.Secundario/Polimodal Completa y más;2.2500 gramos y más;1
02;2;2;2.15 a 19;6.37 a 41;1.Hasta Primaria/C.EGB Completa;1.Menos de 2500 gramos;1
06;1;9;3.20 a 24;6.37 a 41;2.Secundaria/Polimodal Incompleta;2.2500 gramos y más;44
30;1;1;6.35 a 39;3.24 a 27;2.Secundaria/Polimodal Incompleta;1.Menos de 2500 gramos;1
66;1;2;7.40 a 44;3.24 a 27;3.Secundario/Polimodal Completa y más;1.Menos de 2500 gramos;1
74;1;1;3.20 a 24;5.32 a 36;3.Secundario/Polimodal Completa y más;1.Menos de 2500 gramos;13
62;1;2;7.40 a 44;6.37 a 41;4.Sin especificar;2.2500 gramos y más;18
22;1;2;6.35 a 39;6.37 a 41;2.Secundaria/Polimodal Incompleta;1.Menos de 2500 gramos;8
70;2;2;3.20 a 24;6.37 a 41;2.Secundaria/Polimodal Incompleta;1.Menos de 2500 gramos;3
18;2;2;2.15 a 19;6.37 a 41;4.Sin especificar;1.Menos de 2500 gramos;1
90;1;1;6.35 a 39;7.42 y más;1.Hasta Primaria/C.EGB Completa;2.2500 gramos y más;16
50;1;1;3.20 a 24;4.28 a 31;1.Hasta Primaria/C.EGB Completa;1.Menos de 2500 gramos;1
54;1;1;3.20 a 24;3.24 a 27;2.Secundaria/Polimodal Incompleta;1.Menos de 2500 gramos;3
02;1;1;3.20 a 24;6.37 a 41;4.Sin especificar;2.2500 gramos y más;217
34;2;2;2.15 a 19;5.32 a 36;2.Secundaria/Polimodal Incompleta;1.Menos de 2500 gramos;2
82;1;1;3.20 a 24;6.37 a 41;2.Secundaria/Polimodal Incompleta;3.Sin especificar;5
10;1;2;4.25 a 29;5.32 a 36;1.Hasta Primaria/C.EGB Completa;1.Menos de 2500 gramos;6
02;2;1;5.30 a 34;5.32 a 36;2.Secundaria/Polimodal Incompleta;1.Menos de 2500 gramos;3
14;1;2;4.25 a 29;5.32 a 36;3.Secundario/Polimodal Completa y más;2.2500 gramos y más;96
58;1;2;2.15 a 19;5.32 a 36;1.Hasta Primaria/C.EGB Completa;2.2500 gramos y más;3
90;1;1;5.30 a 34;2.22 a 23;3.Secundario/Polimodal Completa y más;1.Menos de 2500 gramos;2
90;1;1;5.30 a 34;5.32 a 36;2.Secundaria/Polimodal Incompleta;1.Menos de 2500 gramos;8
82;1;1;4.25 a 29;5.32 a 36;2.Secundaria/Polimodal Incompleta;1.Menos de 2500 gramos;41
30;1;2;6.35 a 39;6.37 a 41;1.Hasta Primaria/C.EGB Completa;2.2500 gramos y más;141
90;1;1;6.35 a 39;8.Sin especificar;1.Hasta Primaria/C.EGB Completa;2.2500 gramos y más;4
86;1;2;7.40 a 44;6.37 a 41;3.Secundario/Polimodal Completa y más;2.2500 gramos y más;91
90;1;2;5.30 a 34;1.Menos de 22;1.Hasta Primaria/C.EGB Completa;1.Menos de 2500 gramos;1
06;9;2;4.25 a 29;6.37 a 41;4.Sin especificar;2.2500 gramos y más;82
06;2;2;1.Menor de 15;6.37 a 41;4.Sin especificar;2.2500 gramos y más;1
06;1;1;9.Sin especificar;8.Sin especificar;3.Secundario/Polimodal Completa y más;2.2500 gramos y más;20
46;2;2;6.35 a 39;5.32 a 36;2.Secundaria/Polimodal Incompleta;1.Menos de 2500 gramos;1
02;2;2;3.20 a 24;6.37 a 41;2.Secundaria/Polimodal Incompleta;1.Menos de 2500 gramos;3
74;1;1;5.30 a 34;7.42 y más;4.Sin especificar;2.2500 gramos y más;1
46;1;1;3.20 a 24;8.Sin especificar;1.Hasta Primaria/C.EGB Completa;2.2500 gramos y más;2
22;1;2;4.25 a 29;4.28 a 31;3.Secundario/Polimodal Completa y más;2.2500 gramos y más;1
86;2;1;3.20 a 24;6.37 a 41;1.Hasta Primaria/C.EGB Completa;2.2500 gramos y más;2
94;2;1;5.30 a 34;5.32 a 36;3.Secundario/Polimodal Completa y más;2.2500 gramos y más;1
66;1;2;3.20 a 24;7.42 y más;3.Secundario/Polimodal Completa y más;2.2500 gramos y más;9
90;2;2;5.30 a 34;6.37 a 41;2.Secundaria/Polimodal Incompleta;1.Menos de 2500 gramos;2
78;1;2;5.30 a 34;6.37 a 41;1.Hasta Primaria/C.EGB Completa;2.2500 gramos y más;62
38;1;2;3.20 a 24;6.37 a 41;2.Secundaria/Polimodal Incompleta;2.2500 gramos y más;267
58;1;1;2.15 a 19;5.32 a 36;2.Secundaria/Polimodal Incompleta;2.2500 gramos y más;11
06;1;2;2.15 a 19;6.37 a 41;3.Secundario/Polimodal Completa y más;3.Sin especificar;9
66;1;2;6.35 a 39;5.32 a 36;3.Secundario/Polimodal Completa y más;1.Menos de 2500 gramos;39
46;1;2;2.15 a 19;8.Sin especificar;1.Hasta Primaria/C.EGB Completa;2.2500 gramos y más;1
66;1;2;7.40 a 44;3.24 a 27;1.Hasta Primaria/C.EGB Completa;1.Menos de 2500 gramos;1
66;1;2;3.20 a 24;7.42 y más;1.Hasta Primaria/C.EGB Completa;2.2500 gramos y más;2
46;1;1;3.20 a 24;6.37 a 41;3.Secundario/Polimodal Completa y más;1.Menos de 2500 gramos;7
10;1;2;5.30 a 34;5.32 a 36;4.Sin especificar;1.Menos de 2500 gramos;1
82;2;1;3.20 a 24;5.32 a 36;2.Secundaria/Polimodal Incompleta;1.Menos de 2500 gramos;12
02;1;2;7.40 a 44;5.32 a 36;2.Secundaria/Polimodal Incompleta;1.Menos de 2500 gramos;3
02;1;1;5.30 a 34;6.37 a 41;2.Secundaria/Polimodal Incompleta;1.Menos de 2500 gramos;4
34;1;2;3.20 a 24;8.Sin especificar;2.Secundaria/Polimodal Incompleta;2.2500 gramos y más;1
90;1;1;2.15 a 19;6.37 a 41;2.Secundaria/Polimodal Incompleta;1.Menos de 2500 gramos;5
58;1;1;3.20 a 24;3.24 a 27;2.Secundaria/Polimodal Incompleta;1.Menos de 2500 gramos;1
14;1;1;8.De 45 y más;5.32 a 36;1.Hasta Primaria/C.EGB Completa;1.Menos de 2500 gramos;1
06;1;1;4.25 a 29;5.32 a 36;4.Sin especificar;2.2500 gramos y más;48
14;1;2;4.25 a 29;8.Sin especificar;4.Sin especificar;3.Sin especificar;5
06;1;2;1.Menor de 15;6.37 a 41;1.Hasta Primaria/C.EGB Completa;2.2500 gramos y más;40
86;1;2;2.15 a 19;4.28 a 31;1.Hasta Primaria/C.EGB Completa;2.2500 gramos y más;1
50;2;1;6.35 a 39;6.37 a 41;2.Secundaria/Polimodal Incompleta;1.Menos de 2500 gramos;1
14;1;1;3.20 a 24;5.32 a 36;3.Secundario/Polimodal Completa y más;1.Menos de 2500 gramos;70
18;2;2;3.20 a 24;6.37 a 41;1.Hasta Primaria/C.EGB Completa;1.Menos de 2500 gramos;2
58;2;1;3.20 a 24;3.24 a 27;3.Secundario/Polimodal Completa y más;1.Menos de 2500 gramos;2
30;1;2;5.30 a 34;3.24 a 27;1.Hasta Primaria/C.EGB Completa;1.Menos de 2500 gramos;1
82;2;1;3.20 a 24;6.37 a 41;2.Secundaria/Polimodal Incompleta;2.2500 gramos y más;2
38;2;1;1.Menor de 15;3.24 a 27;2.Secundaria/Polimodal Incompleta;1.Menos de 2500 gramos;2
06;1;1;4.25 a 29;3.24 a 27;3.Secundario/Polimodal Completa y más;1.Menos de 2500 gramos;24
54;2;2;4.25 a 29;6.37 a 41;3.Secundario/Polimodal Completa y más;1.Menos de 2500 gramos;5
66;1;2;6.35 a 39;6.37 a 41;3.Secundario/Polimodal Completa y más;2.2500 gramos y más;592
99;1;2;4.25 a 29;6.37 a 41;3.Secundario/Polimodal Completa y más;3.Sin especificar;2
30;2;1;4.25 a 29;5.32 a 36;1.Hasta Primaria/C.EGB Completa;2.2500 gramos y más;1
14;1;2;2.15 a 19;6.37 a 41;2.Secundaria/Polimodal Incompleta;2.2500 gramos y más;1045
99;1;9;4.25 a 29;8.Sin especificar;4.Sin especificar;3.Sin especificar;1
02;9;2;8.De 45 y más;6.37 a 41;4.Sin especificar;1.Menos de 2500 gramos;2
62;2;1;5.30 a 34;6.37 a 41;4.Sin especificar;2.2500 gramos y más;2
02;9;1;7.40 a 44;6.37 a 41;4.Sin especificar;3.Sin especificar;3
06;1;2;3.20 a 24;6.37 a 41;3.Secundario/Polimodal Completa y más;2.2500 gramos y más;8439
86;1;1;6.35 a 39;6.37 a 41;2.Secundaria/Polimodal Incompleta;1.Menos de 2500 gramos;1
30;2;2;5.30 a 34;6.37 a 41;3.Secundario/Polimodal Completa y más;1.Menos de 2500 gramos;7
02;9;2;2.15 a 19;6.37 a 41;4.Sin especificar;2.2500 gramos y más;12
46;2;2;3.20 a 24;6.37 a 41;3.Secundario/Polimodal Completa y más;2.2500 gramos y más;2
02;9;2;5.30 a 34;6.37 a 41;3.Secundario/Polimodal Completa y más;2.2500 gramos y más;19
14;1;2;5.30 a 34;5.32 a 36;1.Hasta Primaria/C.EGB Completa;1.Menos de 2500 gramos;12
22;2;2;5.30 a 34;6.37 a 41;4.Sin especificar;2.2500 gramos y más;1
06;1;1;6.35 a 39;2.22 a 23;3.Secundario/Polimodal Completa y más;1.Menos de 2500 gramos;4
14;2;2;7.40 a 44;6.37 a 41;2.Secundaria/Polimodal Incompleta;1.Menos de 2500 gramos;1
14;1;1;8.De 45 y más;6.37 a 41;1.Hasta Primaria/C.EGB Completa;2.2500 gramos y más;9
06;1;1;3.20 a 24;8.Sin especificar;4.Sin especificar;2.2500 gramos y más;22
26;1;2;5.30 a 34;6.37 a 41;4.Sin especificar;2.2500 gramos y más;63
26;2;1;7.40 a 44;5.32 a 36;3.Secundario/Polimodal Completa y más;2.2500 gramos y más;1
90;1;1;5.30 a 34;6.37 a 41;3.Secundario/Polimodal Completa y más;1.Menos de 2500 gramos;18
90;1;2;5.30 a 34;7.42 y más;2.Secundaria/Polimodal Incompleta;2.2500 gramos y más;11
50;1;1;4.25 a 29;5.32 a 36;1.Hasta Primaria/C.EGB Completa;2.2500 gramos y más;7
06;1;2;5.30 a 34;5.32 a 36;3.Secundario/Polimodal Completa y más;1.Menos de 2500 gramos;332
06;1;2;6.35 a 39;8.Sin especificar;1.Hasta Primaria/C.EGB Completa;3.Sin especificar;3
99;1;1;3.20 a 24;5.32 a 36;3.Secundario/Polimodal Completa y más;1.Menos de 2500 gramos;1
14;1;2;5.30 a 34;4.28 a 31;2.Secundaria/Polimodal Incompleta;1.Menos de 2500 gramos;6
30;1;1;2.15 a 19;6.37 a 41;3.Secundario/Polimodal Completa y más;3.Sin especificar;3
06;9;1;6.35 a 39;5.32 a 36;3.Secundario/Polimodal Completa y más;1.Menos de 2500 gramos;1
50;2;1;5.30 a 34;6.37 a 41;3.Secundario/Polimodal Completa y más;1.Menos de 2500 gramos;9
06;1;2;3.20 a 24;5.32 a 36;3.Secundario/Polimodal Completa y más;1.Menos de 2500 gramos;277
34;1;2;3.20 a 24;5.32 a 36;1.Hasta Primaria/C.EGB Completa;1.Menos de 2500 gramos;3
06;1;2;4.25 a 29;8.Sin especificar;3.Secundario/Polimodal Completa y más;3.Sin especificar;15
30;2;1;2.15 a 19;6.37 a 41;1.Hasta Primaria/C.EGB Completa;2.2500 gramos y más;1
06;2;1;5.30 a 34;5.32 a 36;1.Hasta Primaria/C.EGB Completa;2.2500 gramos y más;15
86;1;1;6.35 a 39;6.37 a 41;2.Secundaria/Polimodal Incompleta;2.2500 gramos y más;118
50;9;1;9.Sin especificar;8.Sin especificar;4.Sin especificar;3.Sin especificar;2
82;1;1;5.30 a 34;6.37 a 41;3.Secundario/Polimodal Completa y más;3.Sin especificar;6
82;1;2;5.30 a 34;8.Sin especificar;3.Secundario/Polimodal Completa y más;2.2500 gramos y más;16
14;1;1;7.40 a 44;5.32 a 36;3.Secundario/Polimodal Completa y más;1.Menos de 2500 gramos;33
86;1;1;2.15 a 19;5.32 a 36;4.Sin especificar;2.2500 gramos y más;1
66;1;2;3.20 a 24;6.37 a 41;1.Hasta Primaria/C.EGB Completa;2.2500 gramos y más;324
22;9;2;5.30 a 34;6.37 a 41;2.Secundaria/Polimodal Incompleta;2.2500 gramos y más;2
90;1;2;7.40 a 44;6.37 a 41;1.Hasta Primaria/C.EGB Completa;1.Menos de 2500 gramos;1
06;9;2;6.35 a 39;6.37 a 41;4.Sin especificar;1.Menos de 2500 gramos;1
70;1;1;3.20 a 24;6.37 a 41;1.Hasta Primaria/C.EGB Completa;2.2500 gramos y más;254
42;1;1;5.30 a 34;5.32 a 36;2.Secundaria/Polimodal Incompleta;1.Menos de 2500 gramos;2
34;1;2;3.20 a 24;5.32 a 36;1.Hasta Primaria/C.EGB Completa;2.2500 gramos y más;4
22;1;2;4.25 a 29;6.37 a 41;1.Hasta Primaria/C.EGB Completa;3.Sin especificar;5
02;9;1;7.40 a 44;5.32 a 36;4.Sin especificar;3.Sin especificar;1
86;1;1;2.15 a 19;6.37 a 41;3.Secundario/Polimodal Completa y más;1.Menos de 2500 gramos;2
99;1;9;4.25 a 29;6.37 a 41;4.Sin especificar;2.2500 gramos y más;1
22;2;2;4.25 a 29;6.37 a 41;3.Secundario/Polimodal Completa y más;1.Menos de 2500 gramos;3
06;1;1;4.25 a 29;7.42 y más;3.Secundario/Polimodal Completa y más;3.Sin especificar;1
94;1;2;5.30 a 34;5.32 a 36;1.Hasta Primaria/C.EGB Completa;1.Menos de 2500 gramos;1
90;1;1;9.Sin especificar;6.37 a 41;4.Sin especificar;2.2500 gramos y más;7
02;2;1;5.30 a 34;6.37 a 41;1.Hasta Primaria/C.EGB Completa;2.2500 gramos y más;1
54;1;1;4.25 a 29;7.42 y más;3.Secundario/Polimodal Completa y más;2.2500 gramos y más;4
26;2;1;5.30 a 34;5.32 a 36;3.Secundario/Polimodal Completa y más;2.2500 gramos y más;3
06;1;2;9.Sin especificar;7.42 y más;3.Secundario/Polimodal Completa y más;2.2500 gramos y más;3
70;2;1;3.20 a 24;6.37 a 41;2.Secundaria/Polimodal Incompleta;2.2500 gramos y más;2
22;2;1;7.40 a 44;6.37 a 41;3.Secundario/Polimodal Completa y más;1.Menos de 2500 gramos;1
90;1;1;4.25 a 29;1.Menos de 22;1.Hasta Primaria/C.EGB Completa;1.Menos de 2500 gramos;1
86;1;2;6.35 a 39;5.32 a 36;3.Secundario/Polimodal Completa y más;2.2500 gramos y más;20
54;2;1;2.15 a 19;6.37 a 41;2.Secundaria/Polimodal Incompleta;2.2500 gramos y más;1
06;1;2;8.De 45 y más;5.32 a 36;1.Hasta Primaria/C.EGB Completa;2.2500 gramos y más;4
10;1;2;6.35 a 39;5.32 a 36;3.Secundario/Polimodal Completa y más;2.2500 gramos y más;4
10;1;1;2.15 a 19;4.28 a 31;3.Secundario/Polimodal Completa y más;2.2500 gramos y más;1
06;2;2;5.30 a 34;4.28 a 31;2.Secundaria/Polimodal Incompleta;1.Menos de 2500 gramos;5
90;2;2;6.35 a 39;6.37 a 41;3.Secundario/Polimodal Completa y más;1.Menos de 2500 gramos;2
62;1;2;2.15 a 19;6.37 a 41;2.Secundaria/Polimodal Incompleta;2.2500 gramos y más;160
06;9;2;7.40 a 44;5.32 a 36;4.Sin especificar;2.2500 gramos y más;3
30;2;1;4.25 a 29;5.32 a 36;2.Secundaria/Polimodal Incompleta;1.Menos de 2500 gramos;6
50;1;1;7.40 a 44;5.32 a 36;2.Secundaria/Polimodal Incompleta;1.Menos de 2500 gramos;2
46;2;2;7.40 a 44;5.32 a 36;3.Secundario/Polimodal Completa y más;2.2500 gramos y más;1
14;1;1;9.Sin especificar;5.32 a 36;2.Secundaria/Polimodal Incompleta;2.2500 gramos y más;3
50;1;2;2.15 a 19;5.32 a 36;1.Hasta Primaria/C.EGB Completa;2.2500 gramos y más;2
06;2;1;4.25 a 29;8.Sin especificar;3.Secundario/Polimodal Completa y más;1.Menos de 2500 gramos;2
26;1;1;6.35 a 39;5.32 a 36;2.Secundaria/Polimodal Incompleta;2.2500 gramos y más;6
50;1;2;2.15 a 19;8.Sin especificar;2.Secundaria/Polimodal Incompleta;2.2500 gramos y más;1
50;1;1;2.15 a 19;6.37 a 41;1.Hasta Primaria/C.EGB Completa;1.Menos de 2500 gramos;3
34;2;2;5.30 a 34;5.32 a 36;2.Secundaria/Polimodal Incompleta;2.2500 gramos y más;1
74;1;2;8.De 45 y más;6.37 a 41;3.Secundario/Polimodal Completa y más;2.2500 gramos y más;4
99;1;1;3.20 a 24;6.37 a 41;2.Secundaria/Polimodal Incompleta;2.2500 gramos y más;9
06;1;2;4.25 a 29;8.Sin especificar;3.Secundario/Polimodal Completa y más;2.2500 gramos y más;100
22;2;2;5.30 a 34;6.37 a 41;1.Hasta Primaria/C.EGB Completa;2.2500 gramos y más;7
74;1;1;4.25 a 29;5.32 a 36;3.Secundario/Polimodal Completa y más;1.Menos de 2500 gramos;22
54;2;2;5.30 a 34;5.32 a 36;4.Sin especificar;1.Menos de 2500 gramos;1
90;2;1;7.40 a 44;5.32 a 36;2.Secundaria/Polimodal Incompleta;2.2500 gramos y más;1
82;1;1;6.35 a 39;8.Sin especificar;2.Secundaria/Polimodal Incompleta;2.2500 gramos y más;3
78;1;1;3.20 a 24;5.32 a 36;1.Hasta Primaria/C.EGB Completa;1.Menos de 2500 gramos;1
22;2;1;2.15 a 19;6.37 a 41;1.Hasta Primaria/C.EGB Completa;1.Menos de 2500 gramos;1
46;1;1;7.40 a 44;6.37 a 41;3.Secundario/Polimodal Completa y más;2.2500 gramos y más;58
94;1;2;7.40 a 44;5.32 a 36;2.Secundaria/Polimodal Incompleta;2.2500 gramos y más;1
26;2;2;3.20 a 24;6.37 a 41;3.Secundario/Polimodal Completa y más;2.2500 gramos y más;2
02;9;2;6.35 a 39;6.37 a 41;4.Sin especificar;2.2500 gramos y más;111
06;1;2;5.30 a 34;6.37 a 41;1.Hasta Primaria/C.EGB Completa;2.2500 gramos y más;2266
22;9;2;5.30 a 34;6.37 a 41;2.Secundaria/Polimodal Incompleta;1.Menos de 2500 gramos;1
78;2;2;3.20 a 24;6.37 a 41;3.Secundario/Polimodal Completa y más;1.Menos de 2500 gramos;1
02;9;2;9.Sin especificar;8.Sin especificar;4.Sin especificar;3.Sin especificar;1
90;1;1;9.Sin especificar;6.37 a 41;3.Secundario/Polimodal Completa y más;2.2500 gramos y más;13
06;1;9;5.30 a 34;8.Sin especificar;4.Sin especificar;2.2500 gramos y más;1
06;2;2;6.35 a 39;6.37 a 41;1.Hasta Primaria/C.EGB Completa;2.2500 gramos y más;13
42;1;1;3.20 a 24;6.37 a 41;3.Secundario/Polimodal Completa y más;2.2500 gramos y más;255
14;1;1;6.35 a 39;6.37 a 41;3.Secundario/Polimodal Completa y más;1.Menos de 2500 gramos;36
26;1;2;2.15 a 19;6.37 a 41;2.Secundaria/Polimodal Incompleta;1.Menos de 2500 gramos;3
90;2;2;7.40 a 44;4.28 a 31;3.Secundario/Polimodal Completa y más;1.Menos de 2500 gramos;1
02;1;2;6.35 a 39;5.32 a 36;1.Hasta Primaria/C.EGB Completa;2.2500 gramos y más;7
38;1;2;4.25 a 29;5.32 a 36;3.Secundario/Polimodal Completa y más;1.Menos de 2500 gramos;26
14;1;2;4.25 a 29;6.37 a 41;2.Secundaria/Polimodal Incompleta;3.Sin especificar;3
62;1;1;5.30 a 34;6.37 a 41;2.Secundaria/Polimodal Incompleta;1.Menos de 2500 gramos;2
06;2;2;5.30 a 34;5.32 a 36;4.Sin especificar;1.Menos de 2500 gramos;12
54;1;2;6.35 a 39;6.37 a 41;2.Secundaria/Polimodal Incompleta;2.2500 gramos y más;122
54;1;2;2.15 a 19;2.22 a 23;1.Hasta Primaria/C.EGB Completa;1.Menos de 2500 gramos;1
38;2;1;7.40 a 44;6.37 a 41;3.Secundario/Polimodal Completa y más;1.Menos de 2500 gramos;2
02;1;2;3.20 a 24;6.37 a 41;1.Hasta Primaria/C.EGB Completa;1.Menos de 2500 gramos;5
54;2;2;4.25 a 29;5.32 a 36;2.Secundaria/Polimodal Incompleta;1.Menos de 2500 gramos;2
26;1;1;4.25 a 29;5.32 a 36;4.Sin especificar;1.Menos de 2500 gramos;6
30;2;1;4.25 a 29;5.32 a 36;4.Sin especificar;1.Menos de 2500 gramos;3
06;1;2;8.De 45 y más;5.32 a 36;3.Secundario/Polimodal Completa y más;2.2500 gramos y más;8
18;2;2;5.30 a 34;6.37 a 41;3.Secundario/Polimodal Completa y más;1.Menos de 2500 gramos;2
62;1;1;4.25 a 29;6.37 a 41;2.Secundaria/Polimodal Incompleta;2.2500 gramos y más;229
74;1;1;7.40 a 44;6.37 a 41;2.Secundaria/Polimodal Incompleta;2.2500 gramos y más;5
30;1;1;7.40 a 44;5.32 a 36;2.Secundaria/Polimodal Incompleta;1.Menos de 2500 gramos;3
30;1;1;3.20 a 24;6.37 a 41;3.Secundario/Polimodal Completa y más;2.2500 gramos y más;852
26;1;1;2.15 a 19;6.37 a 41;2.Secundaria/Polimodal Incompleta;2.2500 gramos y más;135
78;2;2;4.25 a 29;6.37 a 41;1.Hasta Primaria/C.EGB Completa;1.Menos de 2500 gramos;2
14;1;1;9.Sin especificar;6.37 a 41;1.Hasta Primaria/C.EGB Completa;2.2500 gramos y más;24
82;1;1;5.30 a 34;8.Sin especificar;1.Hasta Primaria/C.EGB Completa;2.2500 gramos y más;3
82;1;1;6.35 a 39;8.Sin especificar;3.Secundario/Polimodal Completa y más;2.2500 gramos y más;5
58;2;2;5.30 a 34;6.37 a 41;2.Secundaria/Polimodal Incompleta;1.Menos de 2500 gramos;1
86;1;2;4.25 a 29;5.32 a 36;2.Secundaria/Polimodal Incompleta;2.2500 gramos y más;19
22;1;1;6.35 a 39;6.37 a 41;2.Secundaria/Polimodal Incompleta;2.2500 gramos y más;91
90;1;1;8.De 45 y más;5.32 a 36;3.Secundario/Polimodal Completa y más;1.Menos de 2500 gramos;3
70;1;1;6.35 a 39;4.28 a 31;3.Secundario/Polimodal Completa y más;1.Menos de 2500 gramos;1
30;2;1;3.20 a 24;5.32 a 36;2.Secundaria/Polimodal Incompleta;2.2500 gramos y más;1
50;1;2;8.De 45 y más;5.32 a 36;3.Secundario/Polimodal Completa y más;1.Menos de 2500 gramos;2
30;1;1;3.20 a 24;4.28 a 31;2.Secundaria/Polimodal Incompleta;1.Menos de 2500 gramos;5
14;2;2;4.25 a 29;8.Sin especificar;1.Hasta Primaria/C.EGB Completa;1.Menos de 2500 gramos;1
90;1;1;4.25 a 29;6.37 a 41;2.Secundaria/Polimodal Incompleta;2.2500 gramos y más;307
66;1;2;3.20 a 24;8.Sin especificar;1.Hasta Primaria/C.EGB Completa;2.2500 gramos y más;8
14;2;2;5.30 a 34;5.32 a 36;4.Sin especificar;1.Menos de 2500 gramos;3
18;1;9;7.40 a 44;6.37 a 41;2.Secundaria/Polimodal Incompleta;2.2500 gramos y más;1
70;2;1;5.30 a 34;5.32 a 36;2.Secundaria/Polimodal Incompleta;1.Menos de 2500 gramos;1
22;1;2;4.25 a 29;3.24 a 27;2.Secundaria/Polimodal Incompleta;1.Menos de 2500 gramos;1
62;1;2;7.40 a 44;5.32 a 36;4.Sin especificar;1.Menos de 2500 gramos;1
90;1;2;5.30 a 34;5.32 a 36;3.Secundario/Polimodal Completa y más;1.Menos de 2500 gramos;37
86;1;1;7.40 a 44;6.37 a 41;3.Secundario/Polimodal Completa y más;1.Menos de 2500 gramos;3
46;1;2;8.De 45 y más;6.37 a 41;2.Secundaria/Polimodal Incompleta;2.2500 gramos y más;1
38;1;2;2.15 a 19;7.42 y más;3.Secundario/Polimodal Completa y más;2.2500 gramos y más;1
50;1;2;7.40 a 44;5.32 a 36;3.Secundario/Polimodal Completa y más;2.2500 gramos y más;7
42;2;2;4.25 a 29;5.32 a 36;1.Hasta Primaria/C.EGB Completa;1.Menos de 2500 gramos;1
38;2;2;6.35 a 39;5.32 a 36;3.Secundario/Polimodal Completa y más;1.Menos de 2500 gramos;3
30;1;1;4.25 a 29;4.28 a 31;1.Hasta Primaria/C.EGB Completa;1.Menos de 2500 gramos;1
70;1;1;2.15 a 19;5.32 a 36;1.Hasta Primaria/C.EGB Completa;1.Menos de 2500 gramos;3
14;1;2;5.30 a 34;7.42 y más;3.Secundario/Polimodal Completa y más;2.2500 gramos y más;2
90;2;2;4.25 a 29;5.32 a 36;2.Secundaria/Polimodal Incompleta;1.Menos de 2500 gramos;4
06;1;2;9.Sin especificar;8.Sin especificar;2.Secundaria/Polimodal Incompleta;1.Menos de 2500 gramos;3
62;2;2;3.20 a 24;6.37 a 41;4.Sin especificar;2.2500 gramos y más;2
62;1;2;4.25 a 29;4.28 a 31;4.Sin especificar;1.Menos de 2500 gramos;6
66;1;2;6.35 a 39;5.32 a 36;2.Secundaria/Polimodal Incompleta;1.Menos de 2500 gramos;4
10;1;2;5.30 a 34;8.Sin especificar;3.Secundario/Polimodal Completa y más;2.2500 gramos y más;8
14;1;1;9.Sin especificar;6.37 a 41;4.Sin especificar;1.Menos de 2500 gramos;4
70;1;1;3.20 a 24;4.28 a 31;3.Secundario/Polimodal Completa y más;1.Menos de 2500 gramos;3
94;1;1;2.15 a 19;6.37 a 41;1.Hasta Primaria/C.EGB Completa;2.2500 gramos y más;1
38;2;2;2.15 a 19;5.32 a 36;3.Secundario/Polimodal Completa y más;1.Menos de 2500 gramos;1
22;1;1;1.Menor de 15;4.28 a 31;1.Hasta Primaria/C.EGB Completa;1.Menos de 2500 gramos;1
26;1;2;7.40 a 44;5.32 a 36;3.Secundario/Polimodal Completa y más;1.Menos de 2500 gramos;4
98;1;1;5.30 a 34;6.37 a 41;1.Hasta Primaria/C.EGB Completa;2.2500 gramos y más;1
18;1;2;7.40 a 44;6.37 a 41;1.Hasta Primaria/C.EGB Completa;3.Sin especificar;2
58;1;1;4.25 a 29;7.42 y más;3.Secundario/Polimodal Completa y más;2.2500 gramos y más;2
78;1;1;5.30 a 34;8.Sin especificar;3.Secundario/Polimodal Completa y más;2.2500 gramos y más;1
06;1;1;4.25 a 29;7.42 y más;3.Secundario/Polimodal Completa y más;1.Menos de 2500 gramos;1
78;1;1;4.25 a 29;6.37 a 41;2.Secundaria/Polimodal Incompleta;1.Menos de 2500 gramos;2
58;2;1;4.25 a 29;5.32 a 36;3.Secundario/Polimodal Completa y más;1.Menos de 2500 gramos;1
70;1;2;4.25 a 29;6.37 a 41;2.Secundaria/Polimodal Incompleta;1.Menos de 2500 gramos;7
90;1;1;3.20 a 24;5.32 a 36;1.Hasta Primaria/C.EGB Completa;2.2500 gramos y más;48
62;1;1;5.30 a 34;3.24 a 27;2.Secundaria/Polimodal Incompleta;1.Menos de 2500 gramos;2
30;1;2;5.30 a 34;4.28 a 31;2.Secundaria/Polimodal Incompleta;1.Menos de 2500 gramos;1
74;1;2;5.30 a 34;7.42 y más;1.Hasta Primaria/C.EGB Completa;2.2500 gramos y más;3
06;1;2;5.30 a 34;5.32 a 36;2.Secundaria/Polimodal Incompleta;3.Sin especificar;2
06;1;2;6.35 a 39;2.22 a 23;4.Sin especificar;1.Menos de 2500 gramos;1
02;2;1;6.35 a 39;4.28 a 31;4.Sin especificar;1.Menos de 2500 gramos;2
30;1;1;2.15 a 19;7.42 y más;2.Secundaria/Polimodal Incompleta;2.2500 gramos y más;1
58;2;2;5.30 a 34;6.37 a 41;3.Secundario/Polimodal Completa y más;1.Menos de 2500 gramos;2
62;1;2;5.30 a 34;6.37 a 41;4.Sin especificar;1.Menos de 2500 gramos;1
99;1;1;4.25 a 29;6.37 a 41;1.Hasta Primaria/C.EGB Completa;2.2500 gramos y más;7
06;1;1;9.Sin especificar;6.37 a 41;4.Sin especificar;3.Sin especificar;32
66;1;1;5.30 a 34;6.37 a 41;4.Sin especificar;2.2500 gramos y más;21
14;1;2;7.40 a 44;8.Sin especificar;3.Secundario/Polimodal Completa y más;3.Sin especificar;1
78;1;2;3.20 a 24;4.28 a 31;1.Hasta Primaria/C.EGB Completa;1.Menos de 2500 gramos;1
74;1;2;6.35 a 39;4.28 a 31;3.Secundario/Polimodal Completa y más;2.2500 gramos y más;1
94;1;2;6.35 a 39;6.37 a 41;3.Secundario/Polimodal Completa y más;2.2500 gramos y más;99
82;1;2;6.35 a 39;6.37 a 41;2.Secundaria/Polimodal Incompleta;1.Menos de 2500 gramos;15
02;1;1;3.20 a 24;6.37 a 41;4.Sin especificar;1.Menos de 2500 gramos;5
66;1;1;7.40 a 44;8.Sin especificar;3.Secundario/Polimodal Completa y más;1.Menos de 2500 gramos;1
54;2;2;6.35 a 39;5.32 a 36;4.Sin especificar;2.2500 gramos y más;1
90;1;2;1.Menor de 15;4.28 a 31;1.Hasta Primaria/C.EGB Completa;2.2500 gramos y más;1
06;1;1;6.35 a 39;4.28 a 31;4.Sin especificar;1.Menos de 2500 gramos;11
86;1;1;5.30 a 34;3.24 a 27;1.Hasta Primaria/C.EGB Completa;1.Menos de 2500 gramos;1
74;1;1;2.15 a 19;3.24 a 27;2.Secundaria/Polimodal Incompleta;1.Menos de 2500 gramos;1
22;1;2;4.25 a 29;5.32 a 36;4.Sin especificar;2.2500 gramos y más;4
90;1;2;4.25 a 29;4.28 a 31;3.Secundario/Polimodal Completa y más;2.2500 gramos y más;1
06;1;2;7.40 a 44;5.32 a 36;2.Secundaria/Polimodal Incompleta;2.2500 gramos y más;27
30;2;1;2.15 a 19;5.32 a 36;2.Secundaria/Polimodal Incompleta;2.2500 gramos y más;1
18;1;1;6.35 a 39;5.32 a 36;3.Secundario/Polimodal Completa y más;1.Menos de 2500 gramos;16
18;2;1;6.35 a 39;5.32 a 36;2.Secundaria/Polimodal Incompleta;1.Menos de 2500 gramos;2
78;1;1;7.40 a 44;5.32 a 36;3.Secundario/Polimodal Completa y más;2.2500 gramos y más;3
82;1;1;1.Menor de 15;5.32 a 36;2.Secundaria/Polimodal Incompleta;2.2500 gramos y más;1
26;1;1;7.40 a 44;6.37 a 41;3.Secundario/Polimodal Completa y más;2.2500 gramos y más;77
06;1;2;9.Sin especificar;8.Sin especificar;4.Sin especificar;1.Menos de 2500 gramos;9
54;2;1;5.30 a 34;5.32 a 36;2.Secundaria/Polimodal Incompleta;1.Menos de 2500 gramos;1
34;1;1;3.20 a 24;3.24 a 27;4.Sin especificar;1.Menos de 2500 gramos;2
14;2;1;6.35 a 39;5.32 a 36;2.Secundaria/Polimodal Incompleta;1.Menos de 2500 gramos;3
86;1;2;2.15 a 19;4.28 a 31;3.Secundario/Polimodal Completa y más;2.2500 gramos y más;1
22;1;1;3.20 a 24;5.32 a 36;3.Secundario/Polimodal Completa y más;2.2500 gramos y más;32
70;1;2;8.De 45 y más;6.37 a 41;1.Hasta Primaria/C.EGB Completa;2.2500 gramos y más;2
90;1;1;6.35 a 39;6.37 a 41;3.Secundario/Polimodal Completa y más;3.Sin especificar;1
66;1;1;8.De 45 y más;5.32 a 36;1.Hasta Primaria/C.EGB Completa;1.Menos de 2500 gramos;1
78;1;2;9.Sin especificar;6.37 a 41;3.Secundario/Polimodal Completa y más;2.2500 gramos y más;1
82;2;2;4.25 a 29;5.32 a 36;2.Secundaria/Polimodal Incompleta;1.Menos de 2500 gramos;9
18;2;2;6.35 a 39;6.37 a 41;3.Secundario/Polimodal Completa y más;2.2500 gramos y más;7
50;1;1;9.Sin especificar;8.Sin especificar;4.Sin especificar;3.Sin especificar;1
54;2;1;3.20 a 24;6.37 a 41;2.Secundaria/Polimodal Incompleta;1.Menos de 2500 gramos;1
02;2;1;8.De 45 y más;4.28 a 31;3.Secundario/Polimodal Completa y más;1.Menos de 2500 gramos;4
66;1;2;3.20 a 24;5.32 a 36;2.Secundaria/Polimodal Incompleta;2.2500 gramos y más;17
54;1;1;2.15 a 19;7.42 y más;1.Hasta Primaria/C.EGB Completa;2.2500 gramos y más;2
10;1;1;4.25 a 29;6.37 a 41;4.Sin especificar;2.2500 gramos y más;2
78;1;2;4.25 a 29;6.37 a 41;3.Secundario/Polimodal Completa y más;1.Menos de 2500 gramos;4
54;1;2;2.15 a 19;6.37 a 41;1.Hasta Primaria/C.EGB Completa;3.Sin especificar;1
06;2;1;7.40 a 44;4.28 a 31;3.Secundario/Polimodal Completa y más;1.Menos de 2500 gramos;5
38;1;1;2.15 a 19;5.32 a 36;3.Secundario/Polimodal Completa y más;1.Menos de 2500 gramos;4
46;2;2;5.30 a 34;5.32 a 36;3.Secundario/Polimodal Completa y más;1.Menos de 2500 gramos;8
06;1;1;5.30 a 34;6.37 a 41;1.Hasta Primaria/C.EGB Completa;3.Sin especificar;9
94;1;2;4.25 a 29;5.32 a 36;2.Secundaria/Polimodal Incompleta;1.Menos de 2500 gramos;2
46;1;1;2.15 a 19;4.28 a 31;2.Secundaria/Polimodal Incompleta;1.Menos de 2500 gramos;1
74;1;2;2.15 a 19;7.42 y más;2.Secundaria/Polimodal Incompleta;2.2500 gramos y más;10
42;1;1;3.20 a 24;4.28 a 31;2.Secundaria/Polimodal Incompleta;1.Menos de 2500 gramos;2
50;1;1;7.40 a 44;5.32 a 36;1.Hasta Primaria/C.EGB Completa;1.Menos de 2500 gramos;2
86;1;2;1.Menor de 15;5.32 a 36;1.Hasta Primaria/C.EGB Completa;1.Menos de 2500 gramos;1
54;1;2;4.25 a 29;7.42 y más;3.Secundario/Polimodal Completa y más;2.2500 gramos y más;2
02;2;1;3.20 a 24;5.32 a 36;2.Secundaria/Polimodal Incompleta;1.Menos de 2500 gramos;4
02;9;2;7.40 a 44;5.32 a 36;3.Secundario/Polimodal Completa y más;1.Menos de 2500 gramos;1
62;1;1;5.30 a 34;5.32 a 36;3.Secundario/Polimodal Completa y más;2.2500 gramos y más;31
02;1;2;5.30 a 34;4.28 a 31;4.Sin especificar;1.Menos de 2500 gramos;2
82;1;1;1.Menor de 15;5.32 a 36;1.Hasta Primaria/C.EGB Completa;2.2500 gramos y más;1
18;2;2;3.20 a 24;6.37 a 41;3.Secundario/Polimodal Completa y más;1.Menos de 2500 gramos;4
10;1;2;4.25 a 29;5.32 a 36;3.Secundario/Polimodal Completa y más;1.Menos de 2500 gramos;14
14;1;1;9.Sin especificar;8.Sin especificar;2.Secundaria/Polimodal Incompleta;2.2500 gramos y más;4
30;1;1;6.35 a 39;6.37 a 41;1.Hasta Primaria/C.EGB Completa;3.Sin especificar;1
50;1;1;5.30 a 34;5.32 a 36;1.Hasta Primaria/C.EGB Completa;1.Menos de 2500 gramos;4
22;9;2;5.30 a 34;6.37 a 41;2.Secundaria/Polimodal Incompleta;3.Sin especificar;1
26;2;2;5.30 a 34;4.28 a 31;2.Secundaria/Polimodal Incompleta;1.Menos de 2500 gramos;1
90;1;1;4.25 a 29;5.32 a 36;3.Secundario/Polimodal Completa y más;1.Menos de 2500 gramos;45
06;1;1;7.40 a 44;6.37 a 41;1.Hasta Primaria/C.EGB Completa;1.Menos de 2500 gramos;17
86;1;2;2.15 a 19;5.32 a 36;2.Secundaria/Polimodal Incompleta;1.Menos de 2500 gramos;11
98;1;1;3.20 a 24;6.37 a 41;1.Hasta Primaria/C.EGB Completa;2.2500 gramos y más;2
18;1;1;5.30 a 34;5.32 a 36;2.Secundaria/Polimodal Incompleta;1.Menos de 2500 gramos;11
06;1;2;2.15 a 19;6.37 a 41;2.Secundaria/Polimodal Incompleta;2.2500 gramos y más;3591
82;2;2;6.35 a 39;3.24 a 27;3.Secundario/Polimodal Completa y más;1.Menos de 2500 gramos;3
54;1;2;9.Sin especificar;5.32 a 36;4.Sin especificar;2.2500 gramos y más;2
90;2;2;6.35 a 39;1.Menos de 22;1.Hasta Primaria/C.EGB Completa;1.Menos de 2500 gramos;2
74;1;1;2.15 a 19;6.37 a 41;3.Secundario/Polimodal Completa y más;1.Menos de 2500 gramos;3
94;1;2;2.15 a 19;5.32 a 36;2.Secundaria/Polimodal Incompleta;2.2500 gramos y más;2
06;9;1;6.35 a 39;6.37 a 41;2.Secundaria/Polimodal Incompleta;2.2500 gramos y más;1
90;1;2;6.35 a 39;8.Sin especificar;3.Secundario/Polimodal Completa y más;1.Menos de 2500 gramos;1
54;1;2;5.30 a 34;5.32 a 36;3.Secundario/Polimodal Completa y más;1.Menos de 2500 gramos;26
06;1;2;4.25 a 29;5.32 a 36;4.Sin especificar;1.Menos de 2500 gramos;32
34;1;2;7.40 a 44;5.32 a 36;4.Sin especificar;1.Menos de 2500 gramos;5
86;1;2;5.30 a 34;6.37 a 41;3.Secundario/Polimodal Completa y más;2.2500 gramos y más;493
26;2;2;6.35 a 39;6.37 a 41;2.Secundaria/Polimodal Incompleta;2.2500 gramos y más;1
82;1;2;6.35 a 39;6.37 a 41;3.Secundario/Polimodal Completa y más;1.Menos de 2500 gramos;44
90;1;1;4.25 a 29;3.24 a 27;3.Secundario/Polimodal Completa y más;1.Menos de 2500 gramos;7
02;9;1;5.30 a 34;5.32 a 36;4.Sin especificar;1.Menos de 2500 gramos;6
62;1;2;5.30 a 34;5.32 a 36;3.Secundario/Polimodal Completa y más;1.Menos de 2500 gramos;16
06;1;2;3.20 a 24;3.24 a 27;1.Hasta Primaria/C.EGB Completa;1.Menos de 2500 gramos;8
90;2;1;5.30 a 34;6.37 a 41;3.Secundario/Polimodal Completa y más;2.2500 gramos y más;7
18;1;2;4.25 a 29;4.28 a 31;3.Secundario/Polimodal Completa y más;1.Menos de 2500 gramos;3
74;1;1;2.15 a 19;5.32 a 36;1.Hasta Primaria/C.EGB Completa;2.2500 gramos y más;2
90;1;2;5.30 a 34;1.Menos de 22;3.Secundario/Polimodal Completa y más;1.Menos de 2500 gramos;1
54;1;2;6.35 a 39;4.28 a 31;1.Hasta Primaria/C.EGB Completa;2.2500 gramos y más;1
50;1;1;7.40 a 44;5.32 a 36;3.Secundario/Polimodal Completa y más;1.Menos de 2500 gramos;18
30;1;1;8.De 45 y más;6.37 a 41;1.Hasta Primaria/C.EGB Completa;2.2500 gramos y más;8
50;1;2;4.25 a 29;3.24 a 27;2.Secundaria/Polimodal Incompleta;1.Menos de 2500 gramos;4
10;1;1;6.35 a 39;6.37 a 41;1.Hasta Primaria/C.EGB Completa;2.2500 gramos y más;37
06;1;1;5.30 a 34;3.24 a 27;4.Sin especificar;1.Menos de 2500 gramos;2
30;1;1;5.30 a 34;5.32 a 36;3.Secundario/Polimodal Completa y más;1.Menos de 2500 gramos;25
90;1;2;4.25 a 29;6.37 a 41;2.Secundaria/Polimodal Incompleta;1.Menos de 2500 gramos;5
30;1;1;2.15 a 19;6.37 a 41;2.Secundaria/Polimodal Incompleta;3.Sin especificar;1
18;1;2;2.15 a 19;6.37 a 41;1.Hasta Primaria/C.EGB Completa;3.Sin especificar;1
90;1;2;3.20 a 24;3.24 a 27;1.Hasta Primaria/C.EGB Completa;1.Menos de 2500 gramos;2
74;1;1;4.25 a 29;6.37 a 41;2.Secundaria/Polimodal Incompleta;1.Menos de 2500 gramos;2
02;1;2;6.35 a 39;7.42 y más;3.Secundario/Polimodal Completa y más;2.2500 gramos y más;1
06;1;2;7.40 a 44;6.37 a 41;1.Hasta Primaria/C.EGB Completa;2.2500 gramos y más;610
46;1;1;3.20 a 24;5.32 a 36;2.Secundaria/Polimodal Incompleta;2.2500 gramos y más;4
30;2;2;2.15 a 19;5.32 a 36;1.Hasta Primaria/C.EGB Completa;1.Menos de 2500 gramos;1
06;1;9;3.20 a 24;5.32 a 36;3.Secundario/Polimodal Completa y más;2.2500 gramos y más;4
38;1;1;5.30 a 34;6.37 a 41;3.Secundario/Polimodal Completa y más;1.Menos de 2500 gramos;8
78;1;2;6.35 a 39;6.37 a 41;4.Sin especificar;2.2500 gramos y más;1
62;1;1;5.30 a 34;8.Sin especificar;4.Sin especificar;2.2500 gramos y más;1
06;1;1;3.20 a 24;8.Sin especificar;1.Hasta Primaria/C.EGB Completa;1.Menos de 2500 gramos;5
38;1;2;5.30 a 34;7.42 y más;2.Secundaria/Polimodal Incompleta;2.2500 gramos y más;1
06;1;2;4.25 a 29;5.32 a 36;2.Secundaria/Polimodal Incompleta;1.Menos de 2500 gramos;106
22;1;2;9.Sin especificar;6.37 a 41;1.Hasta Primaria/C.EGB Completa;2.2500 gramos y más;9
02;1;2;5.30 a 34;6.37 a 41;2.Secundaria/Polimodal Incompleta;1.Menos de 2500 gramos;5
18;1;1;5.30 a 34;4.28 a 31;4.Sin especificar;1.Menos de 2500 gramos;2
22;1;1;3.20 a 24;2.22 a 23;2.Secundaria/Polimodal Incompleta;1.Menos de 2500 gramos;1
26;1;1;4.25 a 29;5.32 a 36;2.Secundaria/Polimodal Incompleta;2.2500 gramos y más;6
22;1;1;5.30 a 34;8.Sin especificar;3.Secundario/Polimodal Completa y más;3.Sin especificar;1
99;1;1;4.25 a 29;6.37 a 41;4.Sin especificar;2.2500 gramos y más;4
26;1;1;6.35 a 39;5.32 a 36;4.Sin especificar;2.2500 gramos y más;5
74;1;1;4.25 a 29;5.32 a 36;3.Secundario/Polimodal Completa y más;2.2500 gramos y más;26
46;1;1;6.35 a 39;6.37 a 41;1.Hasta Primaria/C.EGB Completa;2.2500 gramos y más;51
50;1;2;3.20 a 24;6.37 a 41;3.Secundario/Polimodal Completa y más;2.2500 gramos y más;1161
34;1;1;6.35 a 39;5.32 a 36;4.Sin especificar;2.2500 gramos y más;16
54;1;1;6.35 a 39;5.32 a 36;1.Hasta Primaria/C.EGB Completa;2.2500 gramos y más;9
06;1;1;3.20 a 24;5.32 a 36;1.Hasta Primaria/C.EGB Completa;2.2500 gramos y más;104
06;1;2;7.40 a 44;5.32 a 36;2.Secundaria/Polimodal Incompleta;1.Menos de 2500 gramos;28
18;2;1;3.20 a 24;6.37 a 41;1.Hasta Primaria/C.EGB Completa;2.2500 gramos y más;1
90;2;1;2.15 a 19;6.37 a 41;1.Hasta Primaria/C.EGB Completa;1.Menos de 2500 gramos;2
14;9;2;4.25 a 29;6.37 a 41;1.Hasta Primaria/C.EGB Completa;2.2500 gramos y más;1
90;1;2;4.25 a 29;6.37 a 41;4.Sin especificar;1.Menos de 2500 gramos;1
06;1;2;2.15 a 19;7.42 y más;2.Secundaria/Polimodal Incompleta;2.2500 gramos y más;24
74;1;1;2.15 a 19;6.37 a 41;2.Secundaria/Polimodal Incompleta;2.2500 gramos y más;171
10;1;2;4.25 a 29;8.Sin especificar;4.Sin especificar;2.2500 gramos y más;1
30;2;1;2.15 a 19;5.32 a 36;2.Secundaria/Polimodal Incompleta;1.Menos de 2500 gramos;3
38;2;2;6.35 a 39;6.37 a 41;1.Hasta Primaria/C.EGB Completa;2.2500 gramos y más;1
82;1;1;1.Menor de 15;5.32 a 36;2.Secundaria/Polimodal Incompleta;1.Menos de 2500 gramos;1
06;1;9;2.15 a 19;3.24 a 27;2.Secundaria/Polimodal Incompleta;1.Menos de 2500 gramos;1
06;1;1;4.25 a 29;8.Sin especificar;4.Sin especificar;2.2500 gramos y más;15
18;2;2;3.20 a 24;6.37 a 41;4.Sin especificar;2.2500 gramos y más;1
06;1;2;1.Menor de 15;3.24 a 27;1.Hasta Primaria/C.EGB Completa;1.Menos de 2500 gramos;2
06;9;1;5.30 a 34;6.37 a 41;1.Hasta Primaria/C.EGB Completa;2.2500 gramos y más;1
06;1;2;5.30 a 34;7.42 y más;1.Hasta Primaria/C.EGB Completa;2.2500 gramos y más;15
06;1;2;2.15 a 19;6.37 a 41;2.Secundaria/Polimodal Incompleta;3.Sin especificar;16
18;1;1;3.20 a 24;5.32 a 36;1.Hasta Primaria/C.EGB Completa;2.2500 gramos y más;9
06;1;1;4.25 a 29;3.24 a 27;2.Secundaria/Polimodal Incompleta;1.Menos de 2500 gramos;13
34;1;1;3.20 a 24;4.28 a 31;3.Secundario/Polimodal Completa y más;1.Menos de 2500 gramos;6
62;1;1;5.30 a 34;6.37 a 41;2.Secundaria/Polimodal Incompleta;2.2500 gramos y más;123
94;1;2;7.40 a 44;6.37 a 41;3.Secundario/Polimodal Completa y más;1.Menos de 2500 gramos;1
06;1;1;4.25 a 29;8.Sin especificar;4.Sin especificar;1.Menos de 2500 gramos;7
06;1;1;5.30 a 34;4.28 a 31;3.Secundario/Polimodal Completa y más;2.2500 gramos y más;1
86;1;1;3.20 a 24;6.37 a 41;1.Hasta Primaria/C.EGB Completa;1.Menos de 2500 gramos;19
06;1;1;4.25 a 29;5.32 a 36;1.Hasta Primaria/C.EGB Completa;1.Menos de 2500 gramos;99
22;1;1;4.25 a 29;5.32 a 36;3.Secundario/Polimodal Completa y más;2.2500 gramos y más;40
58;1;2;5.30 a 34;5.32 a 36;1.Hasta Primaria/C.EGB Completa;1.Menos de 2500 gramos;3
22;1;1;3.20 a 24;5.32 a 36;3.Secundario/Polimodal Completa y más;1.Menos de 2500 gramos;40
06;2;1;9.Sin especificar;6.37 a 41;2.Secundaria/Polimodal Incompleta;1.Menos de 2500 gramos;2
70;2;2;2.15 a 19;5.32 a 36;3.Secundario/Polimodal Completa y más;1.Menos de 2500 gramos;2
90;1;2;2.15 a 19;1.Menos de 22;2.Secundaria/Polimodal Incompleta;1.Menos de 2500 gramos;1
06;1;1;7.40 a 44;6.37 a 41;3.Secundario/Polimodal Completa y más;3.Sin especificar;6
70;2;2;5.30 a 34;6.37 a 41;3.Secundario/Polimodal Completa y más;2.2500 gramos y más;5
18;1;2;6.35 a 39;8.Sin especificar;4.Sin especificar;2.2500 gramos y más;1
42;1;1;5.30 a 34;4.28 a 31;2.Secundaria/Polimodal Incompleta;1.Menos de 2500 gramos;2
54;1;1;4.25 a 29;6.37 a 41;2.Secundaria/Polimodal Incompleta;2.2500 gramos y más;514
26;1;2;5.30 a 34;6.37 a 41;3.Secundario/Polimodal Completa y más;1.Menos de 2500 gramos;11
26;1;1;5.30 a 34;5.32 a 36;2.Secundaria/Polimodal Incompleta;2.2500 gramos y más;2
06;1;2;8.De 45 y más;6.37 a 41;3.Secundario/Polimodal Completa y más;1.Menos de 2500 gramos;12
22;2;1;5.30 a 34;6.37 a 41;2.Secundaria/Polimodal Incompleta;1.Menos de 2500 gramos;2
54;1;2;3.20 a 24;6.37 a 41;3.Secundario/Polimodal Completa y más;2.2500 gramos y más;776
06;1;1;3.20 a 24;3.24 a 27;2.Secundaria/Polimodal Incompleta;1.Menos de 2500 gramos;12
66;2;1;4.25 a 29;6.37 a 41;2.Secundaria/Polimodal Incompleta;1.Menos de 2500 gramos;1
90;1;2;3.20 a 24;8.Sin especificar;2.Secundaria/Polimodal Incompleta;2.2500 gramos y más;5
82;1;1;6.35 a 39;5.32 a 36;1.Hasta Primaria/C.EGB Completa;3.Sin especificar;1
50;1;1;7.40 a 44;6.37 a 41;1.Hasta Primaria/C.EGB Completa;2.2500 gramos y más;74
46;1;2;4.25 a 29;6.37 a 41;3.Secundario/Polimodal Completa y más;2.2500 gramos y más;391
26;1;1;3.20 a 24;5.32 a 36;3.Secundario/Polimodal Completa y más;2.2500 gramos y más;7
22;9;1;5.30 a 34;4.28 a 31;3.Secundario/Polimodal Completa y más;1.Menos de 2500 gramos;1
14;2;1;6.35 a 39;6.37 a 41;3.Secundario/Polimodal Completa y más;2.2500 gramos y más;14
74;1;2;3.20 a 24;4.28 a 31;3.Secundario/Polimodal Completa y más;1.Menos de 2500 gramos;2
70;1;2;7.40 a 44;5.32 a 36;2.Secundaria/Polimodal Incompleta;1.Menos de 2500 gramos;2
26;1;1;7.40 a 44;5.32 a 36;2.Secundaria/Polimodal Incompleta;2.2500 gramos y más;2
66;1;2;2.15 a 19;6.37 a 41;4.Sin especificar;2.2500 gramos y más;16
82;2;2;7.40 a 44;5.32 a 36;3.Secundario/Polimodal Completa y más;1.Menos de 2500 gramos;8
10;1;2;4.25 a 29;3.24 a 27;3.Secundario/Polimodal Completa y más;1.Menos de 2500 gramos;2
34;1;1;6.35 a 39;3.24 a 27;1.Hasta Primaria/C.EGB Completa;1.Menos de 2500 gramos;1
18;1;2;1.Menor de 15;6.37 a 41;1.Hasta Primaria/C.EGB Completa;2.2500 gramos y más;11
14;1;2;6.35 a 39;8.Sin especificar;3.Secundario/Polimodal Completa y más;3.Sin especificar;2
98;2;2;6.35 a 39;5.32 a 36;1.Hasta Primaria/C.EGB Completa;2.2500 gramos y más;1
50;1;1;7.40 a 44;6.37 a 41;3.Secundario/Polimodal Completa y más;2.2500 gramos y más;238
14;1;1;3.20 a 24;4.28 a 31;1.Hasta Primaria/C.EGB Completa;2.2500 gramos y más;1
94;1;2;7.40 a 44;6.37 a 41;1.Hasta Primaria/C.EGB Completa;2.2500 gramos y más;1
06;1;1;6.35 a 39;5.32 a 36;3.Secundario/Polimodal Completa y más;2.2500 gramos y más;407
70;1;1;2.15 a 19;2.22 a 23;2.Secundaria/Polimodal Incompleta;1.Menos de 2500 gramos;2
30;1;1;6.35 a 39;6.37 a 41;1.Hasta Primaria/C.EGB Completa;1.Menos de 2500 gramos;6
54;1;2;6.35 a 39;5.32 a 36;2.Secundaria/Polimodal Incompleta;1.Menos de 2500 gramos;6
06;9;2;5.30 a 34;5.32 a 36;4.Sin especificar;2.2500 gramos y más;3
18;1;2;6.35 a 39;5.32 a 36;3.Secundario/Polimodal Completa y más;1.Menos de 2500 gramos;18
02;2;2;3.20 a 24;6.37 a 41;1.Hasta Primaria/C.EGB Completa;2.2500 gramos y más;3
34;1;1;7.40 a 44;5.32 a 36;2.Secundaria/Polimodal Incompleta;2.2500 gramos y más;3
26;1;1;7.40 a 44;6.37 a 41;1.Hasta Primaria/C.EGB Completa;2.2500 gramos y más;8
54;2;2;6.35 a 39;4.28 a 31;3.Secundario/Polimodal Completa y más;1.Menos de 2500 gramos;2
22;1;2;2.15 a 19;8.Sin especificar;1.Hasta Primaria/C.EGB Completa;3.Sin especificar;1
18;2;1;5.30 a 34;6.37 a 41;4.Sin especificar;1.Menos de 2500 gramos;1
86;2;1;4.25 a 29;5.32 a 36;3.Secundario/Polimodal Completa y más;2.2500 gramos y más;1
78;1;1;6.35 a 39;6.37 a 41;3.Secundario/Polimodal Completa y más;3.Sin especificar;1
02;9;1;4.25 a 29;4.28 a 31;4.Sin especificar;1.Menos de 2500 gramos;1
54;2;2;6.35 a 39;6.37 a 41;3.Secundario/Polimodal Completa y más;2.2500 gramos y más;1
54;1;1;1.Menor de 15;6.37 a 41;2.Secundaria/Polimodal Incompleta;2.2500 gramos y más;25
18;1;2;5.30 a 34;3.24 a 27;1.Hasta Primaria/C.EGB Completa;1.Menos de 2500 gramos;1
58;2;2;5.30 a 34;6.37 a 41;3.Secundario/Polimodal Completa y más;2.2500 gramos y más;6
50;2;2;1.Menor de 15;6.37 a 41;2.Secundaria/Polimodal Incompleta;2.2500 gramos y más;1
34;1;2;4.25 a 29;5.32 a 36;4.Sin especificar;2.2500 gramos y más;37
90;2;2;5.30 a 34;5.32 a 36;3.Secundario/Polimodal Completa y más;2.2500 gramos y más;4
06;2;2;5.30 a 34;8.Sin especificar;4.Sin especificar;3.Sin especificar;1
86;1;1;4.25 a 29;3.24 a 27;3.Secundario/Polimodal Completa y más;1.Menos de 2500 gramos;4
06;2;1;5.30 a 34;2.22 a 23;4.Sin especificar;1.Menos de 2500 gramos;1
02;1;1;6.35 a 39;2.22 a 23;3.Secundario/Polimodal Completa y más;1.Menos de 2500 gramos;1
22;9;2;6.35 a 39;8.Sin especificar;1.Hasta Primaria/C.EGB Completa;2.2500 gramos y más;1
82;1;1;7.40 a 44;3.24 a 27;1.Hasta Primaria/C.EGB Completa;1.Menos de 2500 gramos;1
38;2;1;4.25 a 29;5.32 a 36;3.Secundario/Polimodal Completa y más;1.Menos de 2500 gramos;9
14;1;2;2.15 a 19;5.32 a 36;2.Secundaria/Polimodal Incompleta;1.Menos de 2500 gramos;50
42;1;2;6.35 a 39;5.32 a 36;2.Secundaria/Polimodal Incompleta;2.2500 gramos y más;2
26;1;1;4.25 a 29;5.32 a 36;2.Secundaria/Polimodal Incompleta;1.Menos de 2500 gramos;4
66;1;1;2.15 a 19;5.32 a 36;1.Hasta Primaria/C.EGB Completa;2.2500 gramos y más;5
70;2;1;4.25 a 29;6.37 a 41;1.Hasta Primaria/C.EGB Completa;2.2500 gramos y más;3
74;1;1;3.20 a 24;5.32 a 36;4.Sin especificar;2.2500 gramos y más;2
78;1;1;5.30 a 34;6.37 a 41;1.Hasta Primaria/C.EGB Completa;1.Menos de 2500 gramos;4
02;2;1;6.35 a 39;6.37 a 41;1.Hasta Primaria/C.EGB Completa;1.Menos de 2500 gramos;1
58;1;1;3.20 a 24;6.37 a 41;1.Hasta Primaria/C.EGB Completa;1.Menos de 2500 gramos;3
06;1;1;1.Menor de 15;5.32 a 36;2.Secundaria/Polimodal Incompleta;1.Menos de 2500 gramos;5
34;1;2;6.35 a 39;3.24 a 27;4.Sin especificar;1.Menos de 2500 gramos;3
34;1;2;8.De 45 y más;6.37 a 41;2.Secundaria/Polimodal Incompleta;2.2500 gramos y más;1
50;1;2;6.35 a 39;6.37 a 41;2.Secundaria/Polimodal Incompleta;1.Menos de 2500 gramos;9
14;2;1;2.15 a 19;6.37 a 41;2.Secundaria/Polimodal Incompleta;2.2500 gramos y más;4
90;2;2;2.15 a 19;5.32 a 36;1.Hasta Primaria/C.EGB Completa;1.Menos de 2500 gramos;2
78;1;1;1.Menor de 15;6.37 a 41;2.Secundaria/Polimodal Incompleta;2.2500 gramos y más;3
02;9;2;6.35 a 39;5.32 a 36;4.Sin especificar;3.Sin especificar;1
22;1;2;1.Menor de 15;5.32 a 36;2.Secundaria/Polimodal Incompleta;2.2500 gramos y más;3
90;2;2;6.35 a 39;6.37 a 41;3.Secundario/Polimodal Completa y más;2.2500 gramos y más;5
58;1;2;5.30 a 34;8.Sin especificar;2.Secundaria/Polimodal Incompleta;2.2500 gramos y más;1
86;1;1;4.25 a 29;3.24 a 27;1.Hasta Primaria/C.EGB Completa;1.Menos de 2500 gramos;2
30;1;2;7.40 a 44;6.37 a 41;3.Secundario/Polimodal Completa y más;2.2500 gramos y más;165
06;1;2;2.15 a 19;6.37 a 41;4.Sin especificar;2.2500 gramos y más;339
66;2;1;4.25 a 29;5.32 a 36;3.Secundario/Polimodal Completa y más;2.2500 gramos y más;4
22;1;1;6.35 a 39;6.37 a 41;4.Sin especificar;2.2500 gramos y más;5
30;1;2;2.15 a 19;3.24 a 27;2.Secundaria/Polimodal Incompleta;1.Menos de 2500 gramos;1
82;1;1;6.35 a 39;6.37 a 41;4.Sin especificar;1.Menos de 2500 gramos;1
06;1;9;3.20 a 24;5.32 a 36;3.Secundario/Polimodal Completa y más;1.Menos de 2500 gramos;1
22;1;2;4.25 a 29;5.32 a 36;4.Sin especificar;1.Menos de 2500 gramos;2
46;2;2;7.40 a 44;5.32 a 36;3.Secundario/Polimodal Completa y más;1.Menos de 2500 gramos;2
54;1;1;4.25 a 29;4.28 a 31;2.Secundaria/Polimodal Incompleta;1.Menos de 2500 gramos;2
46;1;1;4.25 a 29;5.32 a 36;3.Secundario/Polimodal Completa y más;2.2500 gramos y más;15
06;1;1;8.De 45 y más;5.32 a 36;1.Hasta Primaria/C.EGB Completa;1.Menos de 2500 gramos;4
10;1;1;7.40 a 44;1.Menos de 22;3.Secundario/Polimodal Completa y más;1.Menos de 2500 gramos;1
50;1;1;3.20 a 24;4.28 a 31;3.Secundario/Polimodal Completa y más;1.Menos de 2500 gramos;7
30;1;1;3.20 a 24;5.32 a 36;1.Hasta Primaria/C.EGB Completa;1.Menos de 2500 gramos;4
14;2;2;9.Sin especificar;6.37 a 41;2.Secundaria/Polimodal Incompleta;2.2500 gramos y más;2
38;1;1;6.35 a 39;4.28 a 31;3.Secundario/Polimodal Completa y más;1.Menos de 2500 gramos;2
86;2;2;2.15 a 19;4.28 a 31;2.Secundaria/Polimodal Incompleta;1.Menos de 2500 gramos;2
06;9;1;4.25 a 29;6.37 a 41;4.Sin especificar;1.Menos de 2500 gramos;4
46;1;1;2.15 a 19;8.Sin especificar;2.Secundaria/Polimodal Incompleta;2.2500 gramos y más;1
06;9;2;2.15 a 19;6.37 a 41;2.Secundaria/Polimodal Incompleta;2.2500 gramos y más;1
06;2;1;3.20 a 24;4.28 a 31;3.Secundario/Polimodal Completa y más;1.Menos de 2500 gramos;5
14;2;1;6.35 a 39;6.37 a 41;1.Hasta Primaria/C.EGB Completa;2.2500 gramos y más;3
22;1;1;5.30 a 34;8.Sin especificar;3.Secundario/Polimodal Completa y más;2.2500 gramos y más;5
38;1;2;4.25 a 29;6.37 a 41;3.Secundario/Polimodal Completa y más;2.2500 gramos y más;772
86;9;2;3.20 a 24;3.24 a 27;1.Hasta Primaria/C.EGB Completa;1.Menos de 2500 gramos;1
02;1;1;4.25 a 29;3.24 a 27;2.Secundaria/Polimodal Incompleta;1.Menos de 2500 gramos;1
54;1;2;1.Menor de 15;7.42 y más;2.Secundaria/Polimodal Incompleta;2.2500 gramos y más;1
06;2;2;3.20 a 24;6.37 a 41;3.Secundario/Polimodal Completa y más;3.Sin especificar;1
78;1;1;6.35 a 39;5.32 a 36;2.Secundaria/Polimodal Incompleta;1.Menos de 2500 gramos;1
66;1;1;6.35 a 39;5.32 a 36;1.Hasta Primaria/C.EGB Completa;2.2500 gramos y más;9
78;1;2;3.20 a 24;4.28 a 31;3.Secundario/Polimodal Completa y más;1.Menos de 2500 gramos;1
90;1;1;5.30 a 34;2.22 a 23;1.Hasta Primaria/C.EGB Completa;1.Menos de 2500 gramos;1
90;1;2;7.40 a 44;5.32 a 36;3.Secundario/Polimodal Completa y más;1.Menos de 2500 gramos;12
22;2;1;3.20 a 24;5.32 a 36;3.Secundario/Polimodal Completa y más;2.2500 gramos y más;2
22;9;1;2.15 a 19;6.37 a 41;2.Secundaria/Polimodal Incompleta;2.2500 gramos y más;4
46;1;1;6.35 a 39;6.37 a 41;3.Secundario/Polimodal Completa y más;2.2500 gramos y más;161
02;1;1;6.35 a 39;4.28 a 31;1.Hasta Primaria/C.EGB Completa;1.Menos de 2500 gramos;5
02;1;1;7.40 a 44;4.28 a 31;3.Secundario/Polimodal Completa y más;1.Menos de 2500 gramos;6
34;1;1;4.25 a 29;6.37 a 41;4.Sin especificar;2.2500 gramos y más;294
02;1;2;4.25 a 29;4.28 a 31;3.Secundario/Polimodal Completa y más;1.Menos de 2500 gramos;3
58;1;2;3.20 a 24;8.Sin especificar;3.Secundario/Polimodal Completa y más;2.2500 gramos y más;3
50;1;1;7.40 a 44;5.32 a 36;2.Secundaria/Polimodal Incompleta;2.2500 gramos y más;5
50;1;1;1.Menor de 15;6.37 a 41;1.Hasta Primaria/C.EGB Completa;2.2500 gramos y más;1
58;1;1;5.30 a 34;5.32 a 36;3.Secundario/Polimodal Completa y más;2.2500 gramos y más;30
86;2;1;3.20 a 24;5.32 a 36;2.Secundaria/Polimodal Incompleta;2.2500 gramos y más;1
14;1;1;8.De 45 y más;6.37 a 41;3.Secundario/Polimodal Completa y más;2.2500 gramos y más;46
02;1;1;8.De 45 y más;5.32 a 36;3.Secundario/Polimodal Completa y más;1.Menos de 2500 gramos;11
99;2;1;6.35 a 39;6.37 a 41;1.Hasta Primaria/C.EGB Completa;2.2500 gramos y más;1
62;1;2;5.30 a 34;6.37 a 41;4.Sin especificar;2.2500 gramos y más;90
99;9;1;7.40 a 44;6.37 a 41;3.Secundario/Polimodal Completa y más;2.2500 gramos y más;1
06;1;1;3.20 a 24;6.37 a 41;4.Sin especificar;2.2500 gramos y más;1010
54;1;1;5.30 a 34;6.37 a 41;1.Hasta Primaria/C.EGB Completa;1.Menos de 2500 gramos;11
22;1;2;1.Menor de 15;6.37 a 41;2.Secundaria/Polimodal Incompleta;1.Menos de 2500 gramos;1
30;2;1;3.20 a 24;5.32 a 36;3.Secundario/Polimodal Completa y más;2.2500 gramos y más;2
22;1;1;5.30 a 34;3.24 a 27;3.Secundario/Polimodal Completa y más;1.Menos de 2500 gramos;2
02;9;2;2.15 a 19;6.37 a 41;2.Secundaria/Polimodal Incompleta;2.2500 gramos y más;1
34;2;2;5.30 a 34;4.28 a 31;3.Secundario/Polimodal Completa y más;1.Menos de 2500 gramos;2
66;1;2;5.30 a 34;8.Sin especificar;1.Hasta Primaria/C.EGB Completa;2.2500 gramos y más;7
30;2;1;6.35 a 39;6.37 a 41;1.Hasta Primaria/C.EGB Completa;2.2500 gramos y más;3
46;1;1;2.15 a 19;6.37 a 41;2.Secundaria/Polimodal Incompleta;2.2500 gramos y más;78
22;1;1;4.25 a 29;3.24 a 27;1.Hasta Primaria/C.EGB Completa;1.Menos de 2500 gramos;1
26;1;1;2.15 a 19;6.37 a 41;3.Secundario/Polimodal Completa y más;2.2500 gramos y más;67
18;1;1;5.30 a 34;7.42 y más;1.Hasta Primaria/C.EGB Completa;1.Menos de 2500 gramos;1
14;2;2;4.25 a 29;5.32 a 36;3.Secundario/Polimodal Completa y más;1.Menos de 2500 gramos;19
06;2;2;7.40 a 44;6.37 a 41;1.Hasta Primaria/C.EGB Completa;2.2500 gramos y más;1
22;1;1;5.30 a 34;7.42 y más;2.Secundaria/Polimodal Incompleta;2.2500 gramos y más;1
30;1;2;8.De 45 y más;5.32 a 36;1.Hasta Primaria/C.EGB Completa;2.2500 gramos y más;1
18;1;1;1.Menor de 15;6.37 a 41;1.Hasta Primaria/C.EGB Completa;1.Menos de 2500 gramos;1
94;1;1;3.20 a 24;5.32 a 36;2.Secundaria/Polimodal Incompleta;2.2500 gramos y más;1
70;2;2;6.35 a 39;4.28 a 31;2.Secundaria/Polimodal Incompleta;1.Menos de 2500 gramos;1
06;2;2;3.20 a 24;8.Sin especificar;2.Secundaria/Polimodal Incompleta;3.Sin especificar;1
46;1;2;9.Sin especificar;6.37 a 41;3.Secundario/Polimodal Completa y más;2.2500 gramos y más;2
10;1;2;2.15 a 19;5.32 a 36;3.Secundario/Polimodal Completa y más;2.2500 gramos y más;1
06;1;2;7.40 a 44;5.32 a 36;3.Secundario/Polimodal Completa y más;3.Sin especificar;2
38;2;2;2.15 a 19;6.37 a 41;1.Hasta Primaria/C.EGB Completa;1.Menos de 2500 gramos;1
78;1;2;6.35 a 39;5.32 a 36;1.Hasta Primaria/C.EGB Completa;1.Menos de 2500 gramos;1
02;2;2;5.30 a 34;5.32 a 36;1.Hasta Primaria/C.EGB Completa;1.Menos de 2500 gramos;6
74;2;2;2.15 a 19;6.37 a 41;2.Secundaria/Polimodal Incompleta;1.Menos de 2500 gramos;1
90;1;2;3.20 a 24;8.Sin especificar;3.Secundario/Polimodal Completa y más;2.2500 gramos y más;17
70;1;2;6.35 a 39;4.28 a 31;3.Secundario/Polimodal Completa y más;2.2500 gramos y más;1
18;1;1;1.Menor de 15;6.37 a 41;4.Sin especificar;2.2500 gramos y más;6
82;1;2;3.20 a 24;6.37 a 41;3.Secundario/Polimodal Completa y más;2.2500 gramos y más;1426
06;1;2;6.35 a 39;3.24 a 27;2.Secundaria/Polimodal Incompleta;1.Menos de 2500 gramos;5
18;1;2;2.15 a 19;8.Sin especificar;2.Secundaria/Polimodal Incompleta;2.2500 gramos y más;1
70;1;1;3.20 a 24;6.37 a 41;1.Hasta Primaria/C.EGB Completa;1.Menos de 2500 gramos;8
99;1;2;6.35 a 39;6.37 a 41;1.Hasta Primaria/C.EGB Completa;2.2500 gramos y más;2
50;1;1;6.35 a 39;6.37 a 41;2.Secundaria/Polimodal Incompleta;2.2500 gramos y más;242
82;1;1;3.20 a 24;7.42 y más;1.Hasta Primaria/C.EGB Completa;2.2500 gramos y más;8
78;1;1;3.20 a 24;4.28 a 31;2.Secundaria/Polimodal Incompleta;1.Menos de 2500 gramos;2
62;1;2;6.35 a 39;5.32 a 36;1.Hasta Primaria/C.EGB Completa;2.2500 gramos y más;6
02;1;1;4.25 a 29;8.Sin especificar;3.Secundario/Polimodal Completa y más;3.Sin especificar;1
70;1;1;3.20 a 24;6.37 a 41;3.Secundario/Polimodal Completa y más;1.Menos de 2500 gramos;11
78;1;1;4.25 a 29;5.32 a 36;3.Secundario/Polimodal Completa y más;1.Menos de 2500 gramos;8
06;1;9;9.Sin especificar;5.32 a 36;4.Sin especificar;2.2500 gramos y más;1
38;1;1;2.15 a 19;6.37 a 41;3.Secundario/Polimodal Completa y más;2.2500 gramos y más;99
66;1;2;7.40 a 44;4.28 a 31;3.Secundario/Polimodal Completa y más;1.Menos de 2500 gramos;1
62;1;1;6.35 a 39;4.28 a 31;1.Hasta Primaria/C.EGB Completa;1.Menos de 2500 gramos;2
58;1;2;6.35 a 39;5.32 a 36;2.Secundaria/Polimodal Incompleta;1.Menos de 2500 gramos;1
86;1;9;3.20 a 24;6.37 a 41;1.Hasta Primaria/C.EGB Completa;2.2500 gramos y más;1
06;2;1;5.30 a 34;5.32 a 36;1.Hasta Primaria/C.EGB Completa;1.Menos de 2500 gramos;19
02;1;2;1.Menor de 15;6.37 a 41;2.Secundaria/Polimodal Incompleta;2.2500 gramos y más;1
58;1;1;3.20 a 24;6.37 a 41;3.Secundario/Polimodal Completa y más;1.Menos de 2500 gramos;7
82;1;2;4.25 a 29;5.32 a 36;4.Sin especificar;2.2500 gramos y más;1
02;9;1;4.25 a 29;5.32 a 36;4.Sin especificar;2.2500 gramos y más;5
02;1;1;8.De 45 y más;4.28 a 31;4.Sin especificar;1.Menos de 2500 gramos;1
62;1;1;4.25 a 29;6.37 a 41;4.Sin especificar;2.2500 gramos y más;105
74;2;1;4.25 a 29;5.32 a 36;3.Secundario/Polimodal Completa y más;2.2500 gramos y más;3
18;1;1;6.35 a 39;5.32 a 36;1.Hasta Primaria/C.EGB Completa;2.2500 gramos y más;9
46;1;1;5.30 a 34;4.28 a 31;3.Secundario/Polimodal Completa y más;1.Menos de 2500 gramos;2
70;2;2;3.20 a 24;5.32 a 36;2.Secundaria/Polimodal Incompleta;2.2500 gramos y más;2
70;1;1;3.20 a 24;5.32 a 36;3.Secundario/Polimodal Completa y más;2.2500 gramos y más;9
06;1;2;2.15 a 19;7.42 y más;3.Secundario/Polimodal Completa y más;3.Sin especificar;1
54;1;1;3.20 a 24;6.37 a 41;1.Hasta Primaria/C.EGB Completa;1.Menos de 2500 gramos;28
06;1;2;5.30 a 34;8.Sin especificar;1.Hasta Primaria/C.EGB Completa;2.2500 gramos y más;22
38;1;1;5.30 a 34;4.28 a 31;3.Secundario/Polimodal Completa y más;1.Menos de 2500 gramos;4
06;1;2;9.Sin especificar;8.Sin especificar;4.Sin especificar;3.Sin especificar;2821
22;1;2;8.De 45 y más;6.37 a 41;3.Secundario/Polimodal Completa y más;1.Menos de 2500 gramos;1
14;1;1;7.40 a 44;6.37 a 41;1.Hasta Primaria/C.EGB Completa;1.Menos de 2500 gramos;4
54;2;2;6.35 a 39;6.37 a 41;1.Hasta Primaria/C.EGB Completa;2.2500 gramos y más;3
46;1;2;5.30 a 34;6.37 a 41;4.Sin especificar;2.2500 gramos y más;5
06;9;1;3.20 a 24;5.32 a 36;4.Sin especificar;2.2500 gramos y más;2
02;1;1;4.25 a 29;6.37 a 41;1.Hasta Primaria/C.EGB Completa;1.Menos de 2500 gramos;4
50;1;1;6.35 a 39;5.32 a 36;1.Hasta Primaria/C.EGB Completa;1.Menos de 2500 gramos;8
06;2;1;1.Menor de 15;6.37 a 41;4.Sin especificar;1.Menos de 2500 gramos;1
22;1;1;5.30 a 34;5.32 a 36;4.Sin especificar;2.2500 gramos y más;2
86;1;2;5.30 a 34;5.32 a 36;3.Secundario/Polimodal Completa y más;1.Menos de 2500 gramos;16
58;2;1;3.20 a 24;5.32 a 36;2.Secundaria/Polimodal Incompleta;2.2500 gramos y más;2
38;1;1;4.25 a 29;5.32 a 36;2.Secundaria/Polimodal Incompleta;1.Menos de 2500 gramos;5
06;1;9;6.35 a 39;5.32 a 36;4.Sin especificar;3.Sin especificar;1
22;1;1;1.Menor de 15;6.37 a 41;3.Secundario/Polimodal Completa y más;2.2500 gramos y más;1
66;1;1;8.De 45 y más;6.37 a 41;3.Secundario/Polimodal Completa y más;2.2500 gramos y más;11
70;2;2;3.20 a 24;4.28 a 31;3.Secundario/Polimodal Completa y más;1.Menos de 2500 gramos;4
54;2;1;3.20 a 24;5.32 a 36;4.Sin especificar;2.2500 gramos y más;1
82;1;1;1.Menor de 15;5.32 a 36;4.Sin especificar;1.Menos de 2500 gramos;1
54;1;2;5.30 a 34;5.32 a 36;1.Hasta Primaria/C.EGB Completa;1.Menos de 2500 gramos;14
22;2;2;4.25 a 29;6.37 a 41;3.Secundario/Polimodal Completa y más;2.2500 gramos y más;4
30;2;1;6.35 a 39;6.37 a 41;3.Secundario/Polimodal Completa y más;2.2500 gramos y más;2
14;2;1;3.20 a 24;5.32 a 36;2.Secundaria/Polimodal Incompleta;2.2500 gramos y más;3
02;1;2;4.25 a 29;7.42 y más;2.Secundaria/Polimodal Incompleta;2.2500 gramos y más;2
34;1;2;5.30 a 34;6.37 a 41;4.Sin especificar;2.2500 gramos y más;228
46;1;2;3.20 a 24;6.37 a 41;4.Sin especificar;2.2500 gramos y más;6
54;2;1;3.20 a 24;5.32 a 36;1.Hasta Primaria/C.EGB Completa;1.Menos de 2500 gramos;2
62;1;2;9.Sin especificar;6.37 a 41;3.Secundario/Polimodal Completa y más;2.2500 gramos y más;2
82;1;2;2.15 a 19;6.37 a 41;3.Secundario/Polimodal Completa y más;1.Menos de 2500 gramos;7
42;1;2;8.De 45 y más;5.32 a 36;3.Secundario/Polimodal Completa y más;2.2500 gramos y más;1
18;1;1;2.15 a 19;6.37 a 41;2.Secundaria/Polimodal Incompleta;1.Menos de 2500 gramos;21
10;1;2;1.Menor de 15;6.37 a 41;2.Secundaria/Polimodal Incompleta;2.2500 gramos y más;2
06;1;2;3.20 a 24;8.Sin especificar;1.Hasta Primaria/C.EGB Completa;2.2500 gramos y más;23
10;1;1;4.25 a 29;6.37 a 41;1.Hasta Primaria/C.EGB Completa;1.Menos de 2500 gramos;1
10;1;1;5.30 a 34;5.32 a 36;3.Secundario/Polimodal Completa y más;2.2500 gramos y más;8
14;1;2;2.15 a 19;8.Sin especificar;2.Secundaria/Polimodal Incompleta;2.2500 gramos y más;6
14;1;2;7.40 a 44;3.24 a 27;1.Hasta Primaria/C.EGB Completa;1.Menos de 2500 gramos;1
42;1;2;4.25 a 29;6.37 a 41;3.Secundario/Polimodal Completa y más;1.Menos de 2500 gramos;8
02;9;2;8.De 45 y más;6.37 a 41;4.Sin especificar;3.Sin especificar;2
30;2;2;2.15 a 19;6.37 a 41;2.Secundaria/Polimodal Incompleta;1.Menos de 2500 gramos;4
02;1;2;5.30 a 34;8.Sin especificar;2.Secundaria/Polimodal Incompleta;2.2500 gramos y más;1
02;1;2;5.30 a 34;6.37 a 41;2.Secundaria/Polimodal Incompleta;2.2500 gramos y más;236
86;1;1;3.20 a 24;3.24 a 27;2.Secundaria/Polimodal Incompleta;1.Menos de 2500 gramos;1
06;1;9;4.25 a 29;3.24 a 27;3.Secundario/Polimodal Completa y más;1.Menos de 2500 gramos;1
99;1;1;3.20 a 24;6.37 a 41;1.Hasta Primaria/C.EGB Completa;2.2500 gramos y más;7
66;1;2;7.40 a 44;6.37 a 41;3.Secundario/Polimodal Completa y más;2.2500 gramos y más;170
34;1;2;6.35 a 39;6.37 a 41;2.Secundaria/Polimodal Incompleta;1.Menos de 2500 gramos;1
02;9;1;4.25 a 29;2.22 a 23;4.Sin especificar;1.Menos de 2500 gramos;1
54;1;2;3.20 a 24;4.28 a 31;2.Secundaria/Polimodal Incompleta;1.Menos de 2500 gramos;2
06;1;2;1.Menor de 15;8.Sin especificar;1.Hasta Primaria/C.EGB Completa;2.2500 gramos y más;1
34;2;1;4.25 a 29;6.37 a 41;3.Secundario/Polimodal Completa y más;2.2500 gramos y más;1
86;1;2;5.30 a 34;5.32 a 36;1.Hasta Primaria/C.EGB Completa;1.Menos de 2500 gramos;11
38;1;2;7.40 a 44;5.32 a 36;3.Secundario/Polimodal Completa y más;2.2500 gramos y más;5
82;1;2;4.25 a 29;3.24 a 27;3.Secundario/Polimodal Completa y más;1.Menos de 2500 gramos;8
30;1;1;4.25 a 29;6.37 a 41;4.Sin especificar;1.Menos de 2500 gramos;2
06;2;2;5.30 a 34;5.32 a 36;1.Hasta Primaria/C.EGB Completa;2.2500 gramos y más;8
54;1;1;7.40 a 44;6.37 a 41;2.Secundaria/Polimodal Incompleta;1.Menos de 2500 gramos;2
06;1;2;4.25 a 29;7.42 y más;1.Hasta Primaria/C.EGB Completa;2.2500 gramos y más;19
06;1;9;6.35 a 39;8.Sin especificar;1.Hasta Primaria/C.EGB Completa;3.Sin especificar;1
66;2;2;3.20 a 24;5.32 a 36;2.Secundaria/Polimodal Incompleta;1.Menos de 2500 gramos;5
06;2;2;4.25 a 29;4.28 a 31;4.Sin especificar;1.Menos de 2500 gramos;3
58;1;2;4.25 a 29;4.28 a 31;1.Hasta Primaria/C.EGB Completa;1.Menos de 2500 gramos;1
18;1;2;5.30 a 34;4.28 a 31;4.Sin especificar;1.Menos de 2500 gramos;3
06;2;1;5.30 a 34;3.24 a 27;3.Secundario/Polimodal Completa y más;1.Menos de 2500 gramos;3
62;1;1;3.20 a 24;8.Sin especificar;2.Secundaria/Polimodal Incompleta;3.Sin especificar;1
26;2;2;7.40 a 44;5.32 a 36;3.Secundario/Polimodal Completa y más;1.Menos de 2500 gramos;4
22;1;2;4.25 a 29;8.Sin especificar;4.Sin especificar;2.2500 gramos y más;1
54;1;1;3.20 a 24;5.32 a 36;1.Hasta Primaria/C.EGB Completa;2.2500 gramos y más;36
54;1;2;6.35 a 39;6.37 a 41;1.Hasta Primaria/C.EGB Completa;3.Sin especificar;1
82;1;1;4.25 a 29;3.24 a 27;2.Secundaria/Polimodal Incompleta;1.Menos de 2500 gramos;7
62;2;1;3.20 a 24;5.32 a 36;3.Secundario/Polimodal Completa y más;1.Menos de 2500 gramos;4
30;1;2;3.20 a 24;5.32 a 36;2.Secundaria/Polimodal Incompleta;2.2500 gramos y más;9
86;1;2;4.25 a 29;6.37 a 41;2.Secundaria/Polimodal Incompleta;1.Menos de 2500 gramos;6
22;1;2;3.20 a 24;7.42 y más;1.Hasta Primaria/C.EGB Completa;2.2500 gramos y más;4
58;1;1;2.15 a 19;5.32 a 36;3.Secundario/Polimodal Completa y más;2.2500 gramos y más;2
54;2;2;3.20 a 24;6.37 a 41;3.Secundario/Polimodal Completa y más;1.Menos de 2500 gramos;1
82;1;1;3.20 a 24;6.37 a 41;3.Secundario/Polimodal Completa y más;1.Menos de 2500 gramos;29
46;1;2;2.15 a 19;5.32 a 36;2.Secundaria/Polimodal Incompleta;2.2500 gramos y más;4
22;2;2;4.25 a 29;4.28 a 31;2.Secundaria/Polimodal Incompleta;1.Menos de 2500 gramos;2
02;1;1;6.35 a 39;6.37 a 41;4.Sin especificar;1.Menos de 2500 gramos;9
02;9;1;4.25 a 29;6.37 a 41;2.Secundaria/Polimodal Incompleta;2.2500 gramos y más;1
66;1;1;1.Menor de 15;6.37 a 41;2.Secundaria/Polimodal Incompleta;2.2500 gramos y más;10
62;2;1;5.30 a 34;5.32 a 36;3.Secundario/Polimodal Completa y más;1.Menos de 2500 gramos;9
58;1;2;5.30 a 34;5.32 a 36;2.Secundaria/Polimodal Incompleta;1.Menos de 2500 gramos;2
02;1;1;6.35 a 39;8.Sin especificar;1.Hasta Primaria/C.EGB Completa;2.2500 gramos y más;1
90;1;2;4.25 a 29;4.28 a 31;3.Secundario/Polimodal Completa y más;1.Menos de 2500 gramos;9
38;2;2;5.30 a 34;5.32 a 36;3.Secundario/Polimodal Completa y más;1.Menos de 2500 gramos;3
99;1;2;6.35 a 39;8.Sin especificar;1.Hasta Primaria/C.EGB Completa;2.2500 gramos y más;1
30;1;1;2.15 a 19;4.28 a 31;2.Secundaria/Polimodal Incompleta;2.2500 gramos y más;1
06;2;1;6.35 a 39;8.Sin especificar;1.Hasta Primaria/C.EGB Completa;1.Menos de 2500 gramos;2
30;2;2;3.20 a 24;6.37 a 41;2.Secundaria/Polimodal Incompleta;2.2500 gramos y más;2
99;9;1;5.30 a 34;6.37 a 41;3.Secundario/Polimodal Completa y más;2.2500 gramos y más;1
66;2;1;6.35 a 39;5.32 a 36;3.Secundario/Polimodal Completa y más;1.Menos de 2500 gramos;7
86;1;2;1.Menor de 15;5.32 a 36;2.Secundaria/Polimodal Incompleta;2.2500 gramos y más;1
54;1;1;2.15 a 19;4.28 a 31;1.Hasta Primaria/C.EGB Completa;1.Menos de 2500 gramos;2
46;1;2;3.20 a 24;5.32 a 36;4.Sin especificar;1.Menos de 2500 gramos;1
02;1;1;4.25 a 29;7.42 y más;4.Sin especificar;2.2500 gramos y más;4
02;9;2;5.30 a 34;5.32 a 36;3.Secundario/Polimodal Completa y más;1.Menos de 2500 gramos;1
06;2;1;2.15 a 19;3.24 a 27;2.Secundaria/Polimodal Incompleta;1.Menos de 2500 gramos;5
02;2;2;5.30 a 34;4.28 a 31;3.Secundario/Polimodal Completa y más;1.Menos de 2500 gramos;9
18;1;1;6.35 a 39;5.32 a 36;3.Secundario/Polimodal Completa y más;2.2500 gramos y más;21
26;2;2;5.30 a 34;6.37 a 41;3.Secundario/Polimodal Completa y más;2.2500 gramos y más;4
50;1;2;3.20 a 24;6.37 a 41;1.Hasta Primaria/C.EGB Completa;1.Menos de 2500 gramos;5
90;1;2;9.Sin especificar;8.Sin especificar;4.Sin especificar;3.Sin especificar;1
74;1;2;7.40 a 44;6.37 a 41;3.Secundario/Polimodal Completa y más;2.2500 gramos y más;75
30;1;2;4.25 a 29;8.Sin especificar;3.Secundario/Polimodal Completa y más;3.Sin especificar;1
90;1;1;3.20 a 24;6.37 a 41;3.Secundario/Polimodal Completa y más;3.Sin especificar;7
06;1;2;2.15 a 19;5.32 a 36;2.Secundaria/Polimodal Incompleta;3.Sin especificar;2
22;2;1;6.35 a 39;6.37 a 41;1.Hasta Primaria/C.EGB Completa;2.2500 gramos y más;4
26;2;1;7.40 a 44;6.37 a 41;3.Secundario/Polimodal Completa y más;1.Menos de 2500 gramos;2
62;1;2;7.40 a 44;6.37 a 41;1.Hasta Primaria/C.EGB Completa;1.Menos de 2500 gramos;1
06;2;2;8.De 45 y más;5.32 a 36;4.Sin especificar;1.Menos de 2500 gramos;2
26;1;1;3.20 a 24;6.37 a 41;3.Secundario/Polimodal Completa y más;1.Menos de 2500 gramos;7
50;2;1;2.15 a 19;4.28 a 31;3.Secundario/Polimodal Completa y más;1.Menos de 2500 gramos;2
06;1;1;3.20 a 24;5.32 a 36;1.Hasta Primaria/C.EGB Completa;1.Menos de 2500 gramos;107
06;1;1;2.15 a 19;5.32 a 36;3.Secundario/Polimodal Completa y más;2.2500 gramos y más;74
14;1;2;9.Sin especificar;5.32 a 36;1.Hasta Primaria/C.EGB Completa;2.2500 gramos y más;1
90;1;2;4.25 a 29;8.Sin especificar;1.Hasta Primaria/C.EGB Completa;2.2500 gramos y más;8
18;2;1;5.30 a 34;5.32 a 36;1.Hasta Primaria/C.EGB Completa;1.Menos de 2500 gramos;3
06;2;1;9.Sin especificar;5.32 a 36;4.Sin especificar;1.Menos de 2500 gramos;1
78;2;2;5.30 a 34;6.37 a 41;3.Secundario/Polimodal Completa y más;1.Menos de 2500 gramos;4
90;1;2;3.20 a 24;5.32 a 36;3.Secundario/Polimodal Completa y más;3.Sin especificar;1
78;1;1;7.40 a 44;5.32 a 36;3.Secundario/Polimodal Completa y más;1.Menos de 2500 gramos;1
06;9;2;8.De 45 y más;6.37 a 41;3.Secundario/Polimodal Completa y más;1.Menos de 2500 gramos;1
22;1;1;2.15 a 19;6.37 a 41;2.Secundaria/Polimodal Incompleta;2.2500 gramos y más;564
74;1;1;4.25 a 29;7.42 y más;1.Hasta Primaria/C.EGB Completa;2.2500 gramos y más;3
06;1;1;4.25 a 29;8.Sin especificar;2.Secundaria/Polimodal Incompleta;2.2500 gramos y más;37
78;2;1;5.30 a 34;6.37 a 41;3.Secundario/Polimodal Completa y más;2.2500 gramos y más;3
54;1;2;9.Sin especificar;6.37 a 41;4.Sin especificar;3.Sin especificar;1
86;1;2;3.20 a 24;1.Menos de 22;3.Secundario/Polimodal Completa y más;1.Menos de 2500 gramos;1
22;2;2;5.30 a 34;6.37 a 41;1.Hasta Primaria/C.EGB Completa;1.Menos de 2500 gramos;4
90;1;1;2.15 a 19;4.28 a 31;1.Hasta Primaria/C.EGB Completa;1.Menos de 2500 gramos;4
06;2;2;9.Sin especificar;3.24 a 27;4.Sin especificar;1.Menos de 2500 gramos;2
90;1;2;6.35 a 39;8.Sin especificar;4.Sin especificar;2.2500 gramos y más;1
06;2;2;7.40 a 44;6.37 a 41;4.Sin especificar;1.Menos de 2500 gramos;1
50;1;1;5.30 a 34;8.Sin especificar;3.Secundario/Polimodal Completa y más;2.2500 gramos y más;1
06;1;1;9.Sin especificar;5.32 a 36;1.Hasta Primaria/C.EGB Completa;3.Sin especificar;1
06;1;9;3.20 a 24;6.37 a 41;4.Sin especificar;1.Menos de 2500 gramos;1
62;1;2;4.25 a 29;4.28 a 31;3.Secundario/Polimodal Completa y más;1.Menos de 2500 gramos;2
94;1;1;3.20 a 24;6.37 a 41;2.Secundaria/Polimodal Incompleta;1.Menos de 2500 gramos;1
30;2;2;4.25 a 29;6.37 a 41;1.Hasta Primaria/C.EGB Completa;2.2500 gramos y más;2
62;1;2;5.30 a 34;4.28 a 31;2.Secundaria/Polimodal Incompleta;1.Menos de 2500 gramos;3
06;2;2;4.25 a 29;5.32 a 36;2.Secundaria/Polimodal Incompleta;3.Sin especificar;1
02;2;2;6.35 a 39;5.32 a 36;1.Hasta Primaria/C.EGB Completa;1.Menos de 2500 gramos;4
02;1;2;2.15 a 19;5.32 a 36;1.Hasta Primaria/C.EGB Completa;2.2500 gramos y más;2
86;1;1;2.15 a 19;5.32 a 36;3.Secundario/Polimodal Completa y más;2.2500 gramos y más;9
06;2;1;4.25 a 29;6.37 a 41;2.Secundaria/Polimodal Incompleta;1.Menos de 2500 gramos;7
66;2;1;3.20 a 24;2.22 a 23;3.Secundario/Polimodal Completa y más;1.Menos de 2500 gramos;2
10;1;1;2.15 a 19;6.37 a 41;3.Secundario/Polimodal Completa y más;2.2500 gramos y más;76
26;1;1;6.35 a 39;6.37 a 41;3.Secundario/Polimodal Completa y más;2.2500 gramos y más;349
06;1;1;9.Sin especificar;3.24 a 27;1.Hasta Primaria/C.EGB Completa;1.Menos de 2500 gramos;1
90;1;2;6.35 a 39;8.Sin especificar;2.Secundaria/Polimodal Incompleta;2.2500 gramos y más;2
54;1;1;7.40 a 44;6.37 a 41;1.Hasta Primaria/C.EGB Completa;1.Menos de 2500 gramos;5
94;1;2;3.20 a 24;6.37 a 41;3.Secundario/Polimodal Completa y más;1.Menos de 2500 gramos;3
70;2;1;7.40 a 44;5.32 a 36;2.Secundaria/Polimodal Incompleta;1.Menos de 2500 gramos;1
02;1;1;7.40 a 44;5.32 a 36;3.Secundario/Polimodal Completa y más;2.2500 gramos y más;41
06;1;1;5.30 a 34;4.28 a 31;1.Hasta Primaria/C.EGB Completa;2.2500 gramos y más;1
38;1;1;2.15 a 19;8.Sin especificar;3.Secundario/Polimodal Completa y más;2.2500 gramos y más;1
34;1;1;8.De 45 y más;6.37 a 41;4.Sin especificar;2.2500 gramos y más;4
18;1;1;3.20 a 24;4.28 a 31;4.Sin especificar;1.Menos de 2500 gramos;3
06;9;1;3.20 a 24;6.37 a 41;2.Secundaria/Polimodal Incompleta;2.2500 gramos y más;3
22;1;1;3.20 a 24;7.42 y más;3.Secundario/Polimodal Completa y más;2.2500 gramos y más;3
42;2;1;4.25 a 29;6.37 a 41;3.Secundario/Polimodal Completa y más;1.Menos de 2500 gramos;1
66;2;2;5.30 a 34;6.37 a 41;3.Secundario/Polimodal Completa y más;1.Menos de 2500 gramos;4
99;1;2;5.30 a 34;8.Sin especificar;4.Sin especificar;3.Sin especificar;1
14;1;2;5.30 a 34;5.32 a 36;4.Sin especificar;2.2500 gramos y más;3
94;1;1;6.35 a 39;6.37 a 41;2.Secundaria/Polimodal Incompleta;2.2500 gramos y más;12
06;2;1;3.20 a 24;3.24 a 27;1.Hasta Primaria/C.EGB Completa;1.Menos de 2500 gramos;3
18;2;1;7.40 a 44;5.32 a 36;1.Hasta Primaria/C.EGB Completa;1.Menos de 2500 gramos;1
66;1;1;8.De 45 y más;8.Sin especificar;3.Secundario/Polimodal Completa y más;2.2500 gramos y más;2
99;1;9;9.Sin especificar;8.Sin especificar;4.Sin especificar;3.Sin especificar;26
22;1;2;4.25 a 29;6.37 a 41;3.Secundario/Polimodal Completa y más;1.Menos de 2500 gramos;23
14;1;1;3.20 a 24;6.37 a 41;4.Sin especificar;2.2500 gramos y más;11
54;1;1;8.De 45 y más;6.37 a 41;2.Secundaria/Polimodal Incompleta;2.2500 gramos y más;2
02;1;1;7.40 a 44;6.37 a 41;4.Sin especificar;2.2500 gramos y más;148
22;1;2;5.30 a 34;4.28 a 31;2.Secundaria/Polimodal Incompleta;1.Menos de 2500 gramos;1
14;1;2;3.20 a 24;8.Sin especificar;3.Secundario/Polimodal Completa y más;1.Menos de 2500 gramos;1
90;1;2;5.30 a 34;4.28 a 31;2.Secundaria/Polimodal Incompleta;2.2500 gramos y más;1
02;1;1;5.30 a 34;5.32 a 36;3.Secundario/Polimodal Completa y más;1.Menos de 2500 gramos;60
66;1;2;7.40 a 44;5.32 a 36;3.Secundario/Polimodal Completa y más;2.2500 gramos y más;9
58;1;1;4.25 a 29;2.22 a 23;3.Secundario/Polimodal Completa y más;1.Menos de 2500 gramos;1
22;1;1;4.25 a 29;5.32 a 36;2.Secundaria/Polimodal Incompleta;1.Menos de 2500 gramos;9
06;2;1;3.20 a 24;5.32 a 36;1.Hasta Primaria/C.EGB Completa;2.2500 gramos y más;7
74;1;1;4.25 a 29;5.32 a 36;2.Secundaria/Polimodal Incompleta;1.Menos de 2500 gramos;6
38;1;1;3.20 a 24;5.32 a 36;3.Secundario/Polimodal Completa y más;1.Menos de 2500 gramos;15
50;1;2;7.40 a 44;4.28 a 31;2.Secundaria/Polimodal Incompleta;1.Menos de 2500 gramos;3
62;1;1;7.40 a 44;6.37 a 41;2.Secundaria/Polimodal Incompleta;2.2500 gramos y más;18
14;2;2;3.20 a 24;5.32 a 36;3.Secundario/Polimodal Completa y más;1.Menos de 2500 gramos;8
18;1;2;5.30 a 34;6.37 a 41;3.Secundario/Polimodal Completa y más;1.Menos de 2500 gramos;21
06;2;2;6.35 a 39;6.37 a 41;2.Secundaria/Polimodal Incompleta;2.2500 gramos y más;10
46;1;2;2.15 a 19;6.37 a 41;2.Secundaria/Polimodal Incompleta;2.2500 gramos y más;81
06;1;2;5.30 a 34;8.Sin especificar;3.Secundario/Polimodal Completa y más;1.Menos de 2500 gramos;18
22;9;1;5.30 a 34;6.37 a 41;4.Sin especificar;2.2500 gramos y más;1
22;1;2;5.30 a 34;8.Sin especificar;3.Secundario/Polimodal Completa y más;3.Sin especificar;1
06;2;1;8.De 45 y más;5.32 a 36;3.Secundario/Polimodal Completa y más;1.Menos de 2500 gramos;9
22;2;2;4.25 a 29;2.22 a 23;3.Secundario/Polimodal Completa y más;1.Menos de 2500 gramos;1
86;1;1;4.25 a 29;6.37 a 41;1.Hasta Primaria/C.EGB Completa;1.Menos de 2500 gramos;20
99;1;2;4.25 a 29;6.37 a 41;1.Hasta Primaria/C.EGB Completa;2.2500 gramos y más;3
66;1;1;4.25 a 29;5.32 a 36;4.Sin especificar;1.Menos de 2500 gramos;1
34;2;1;2.15 a 19;3.24 a 27;2.Secundaria/Polimodal Incompleta;1.Menos de 2500 gramos;2
50;1;2;7.40 a 44;5.32 a 36;1.Hasta Primaria/C.EGB Completa;1.Menos de 2500 gramos;1
62;1;1;4.25 a 29;4.28 a 31;3.Secundario/Polimodal Completa y más;1.Menos de 2500 gramos;4
18;1;1;4.25 a 29;6.37 a 41;3.Secundario/Polimodal Completa y más;1.Menos de 2500 gramos;15
54;2;2;4.25 a 29;5.32 a 36;1.Hasta Primaria/C.EGB Completa;1.Menos de 2500 gramos;3
82;1;1;5.30 a 34;8.Sin especificar;2.Secundaria/Polimodal Incompleta;2.2500 gramos y más;3
06;2;1;6.35 a 39;8.Sin especificar;4.Sin especificar;3.Sin especificar;5
10;1;1;4.25 a 29;4.28 a 31;3.Secundario/Polimodal Completa y más;1.Menos de 2500 gramos;4
50;1;2;3.20 a 24;5.32 a 36;1.Hasta Primaria/C.EGB Completa;1.Menos de 2500 gramos;7
26;1;2;3.20 a 24;4.28 a 31;3.Secundario/Polimodal Completa y más;1.Menos de 2500 gramos;1
94;1;1;5.30 a 34;6.37 a 41;3.Secundario/Polimodal Completa y más;1.Menos de 2500 gramos;5
62;1;2;4.25 a 29;6.37 a 41;4.Sin especificar;2.2500 gramos y más;122
90;2;2;6.35 a 39;6.37 a 41;1.Hasta Primaria/C.EGB Completa;1.Menos de 2500 gramos;3
06;1;1;9.Sin especificar;6.37 a 41;3.Secundario/Polimodal Completa y más;1.Menos de 2500 gramos;17
22;1;2;5.30 a 34;3.24 a 27;3.Secundario/Polimodal Completa y más;1.Menos de 2500 gramos;2
06;1;1;4.25 a 29;2.22 a 23;3.Secundario/Polimodal Completa y más;3.Sin especificar;1
34;2;2;3.20 a 24;5.32 a 36;4.Sin especificar;1.Menos de 2500 gramos;3
38;1;2;3.20 a 24;5.32 a 36;3.Secundario/Polimodal Completa y más;2.2500 gramos y más;18
82;2;2;3.20 a 24;6.37 a 41;1.Hasta Primaria/C.EGB Completa;1.Menos de 2500 gramos;1
30;1;1;3.20 a 24;5.32 a 36;1.Hasta Primaria/C.EGB Completa;2.2500 gramos y más;10
50;2;2;4.25 a 29;5.32 a 36;2.Secundaria/Polimodal Incompleta;1.Menos de 2500 gramos;10
50;1;2;4.25 a 29;6.37 a 41;2.Secundaria/Polimodal Incompleta;1.Menos de 2500 gramos;20
06;1;1;2.15 a 19;5.32 a 36;4.Sin especificar;2.2500 gramos y más;13
22;9;2;6.35 a 39;5.32 a 36;1.Hasta Primaria/C.EGB Completa;1.Menos de 2500 gramos;1
66;1;1;2.15 a 19;8.Sin especificar;3.Secundario/Polimodal Completa y más;2.2500 gramos y más;4
10;1;1;2.15 a 19;5.32 a 36;4.Sin especificar;1.Menos de 2500 gramos;1
06;9;2;5.30 a 34;6.37 a 41;4.Sin especificar;2.2500 gramos y más;77
02;1;2;5.30 a 34;3.24 a 27;1.Hasta Primaria/C.EGB Completa;1.Menos de 2500 gramos;3
18;2;2;5.30 a 34;5.32 a 36;3.Secundario/Polimodal Completa y más;1.Menos de 2500 gramos;6
34;2;1;5.30 a 34;6.37 a 41;4.Sin especificar;1.Menos de 2500 gramos;1
50;2;1;7.40 a 44;5.32 a 36;3.Secundario/Polimodal Completa y más;1.Menos de 2500 gramos;3
42;1;1;2.15 a 19;4.28 a 31;2.Secundaria/Polimodal Incompleta;1.Menos de 2500 gramos;2
06;1;2;4.25 a 29;8.Sin especificar;2.Secundaria/Polimodal Incompleta;2.2500 gramos y más;52
22;9;1;6.35 a 39;6.37 a 41;2.Secundaria/Polimodal Incompleta;3.Sin especificar;1
02;1;2;4.25 a 29;5.32 a 36;4.Sin especificar;1.Menos de 2500 gramos;7
82;2;2;5.30 a 34;6.37 a 41;3.Secundario/Polimodal Completa y más;1.Menos de 2500 gramos;9
06;2;1;6.35 a 39;5.32 a 36;2.Secundaria/Polimodal Incompleta;2.2500 gramos y más;5
26;1;2;5.30 a 34;4.28 a 31;2.Secundaria/Polimodal Incompleta;1.Menos de 2500 gramos;2
10;2;1;6.35 a 39;6.37 a 41;2.Secundaria/Polimodal Incompleta;2.2500 gramos y más;1
66;2;1;5.30 a 34;6.37 a 41;2.Secundaria/Polimodal Incompleta;2.2500 gramos y más;2
06;1;1;9.Sin especificar;6.37 a 41;2.Secundaria/Polimodal Incompleta;3.Sin especificar;7
22;1;1;1.Menor de 15;5.32 a 36;1.Hasta Primaria/C.EGB Completa;2.2500 gramos y más;2
66;2;1;7.40 a 44;6.37 a 41;3.Secundario/Polimodal Completa y más;1.Menos de 2500 gramos;1
86;1;2;2.15 a 19;8.Sin especificar;1.Hasta Primaria/C.EGB Completa;2.2500 gramos y más;2
22;1;2;2.15 a 19;5.32 a 36;3.Secundario/Polimodal Completa y más;2.2500 gramos y más;8
06;9;1;6.35 a 39;6.37 a 41;4.Sin especificar;1.Menos de 2500 gramos;1
26;1;2;9.Sin especificar;8.Sin especificar;3.Secundario/Polimodal Completa y más;1.Menos de 2500 gramos;1
54;1;1;4.25 a 29;8.Sin especificar;2.Secundaria/Polimodal Incompleta;1.Menos de 2500 gramos;1
38;1;1;5.30 a 34;6.37 a 41;1.Hasta Primaria/C.EGB Completa;1.Menos de 2500 gramos;1
22;1;1;4.25 a 29;8.Sin especificar;1.Hasta Primaria/C.EGB Completa;3.Sin especificar;1
74;1;2;7.40 a 44;5.32 a 36;1.Hasta Primaria/C.EGB Completa;2.2500 gramos y más;1
90;1;2;7.40 a 44;7.42 y más;1.Hasta Primaria/C.EGB Completa;2.2500 gramos y más;3
22;1;1;3.20 a 24;6.37 a 41;3.Secundario/Polimodal Completa y más;1.Menos de 2500 gramos;22
10;1;1;6.35 a 39;5.32 a 36;1.Hasta Primaria/C.EGB Completa;2.2500 gramos y más;1
02;1;1;4.25 a 29;6.37 a 41;2.Secundaria/Polimodal Incompleta;1.Menos de 2500 gramos;4
46;1;1;9.Sin especificar;6.37 a 41;3.Secundario/Polimodal Completa y más;2.2500 gramos y más;2
90;2;2;2.15 a 19;5.32 a 36;2.Secundaria/Polimodal Incompleta;1.Menos de 2500 gramos;2
82;1;2;6.35 a 39;6.37 a 41;3.Secundario/Polimodal Completa y más;2.2500 gramos y más;1958
06;2;2;6.35 a 39;8.Sin especificar;1.Hasta Primaria/C.EGB Completa;1.Menos de 2500 gramos;1
66;1;2;4.25 a 29;4.28 a 31;3.Secundario/Polimodal Completa y más;1.Menos de 2500 gramos;5
42;2;1;4.25 a 29;6.37 a 41;3.Secundario/Polimodal Completa y más;2.2500 gramos y más;2
02;1;2;3.20 a 24;5.32 a 36;1.Hasta Primaria/C.EGB Completa;2.2500 gramos y más;5
14;1;2;5.30 a 34;6.37 a 41;4.Sin especificar;2.2500 gramos y más;30
54;1;1;5.30 a 34;7.42 y más;3.Secundario/Polimodal Completa y más;2.2500 gramos y más;4
18;1;1;6.35 a 39;7.42 y más;2.Secundaria/Polimodal Incompleta;2.2500 gramos y más;2
82;2;1;2.15 a 19;5.32 a 36;2.Secundaria/Polimodal Incompleta;1.Menos de 2500 gramos;3
66;1;1;3.20 a 24;5.32 a 36;3.Secundario/Polimodal Completa y más;2.2500 gramos y más;45
30;1;2;5.30 a 34;5.32 a 36;2.Secundaria/Polimodal Incompleta;1.Menos de 2500 gramos;7
26;1;2;3.20 a 24;6.37 a 41;2.Secundaria/Polimodal Incompleta;1.Menos de 2500 gramos;4
18;1;1;5.30 a 34;6.37 a 41;3.Secundario/Polimodal Completa y más;2.2500 gramos y más;782
58;1;1;3.20 a 24;3.24 a 27;1.Hasta Primaria/C.EGB Completa;1.Menos de 2500 gramos;1
66;1;2;6.35 a 39;6.37 a 41;2.Secundaria/Polimodal Incompleta;1.Menos de 2500 gramos;4
34;1;2;4.25 a 29;6.37 a 41;1.Hasta Primaria/C.EGB Completa;1.Menos de 2500 gramos;4
34;1;2;6.35 a 39;4.28 a 31;2.Secundaria/Polimodal Incompleta;1.Menos de 2500 gramos;1
22;1;2;1.Menor de 15;6.37 a 41;3.Secundario/Polimodal Completa y más;2.2500 gramos y más;1
34;1;1;3.20 a 24;5.32 a 36;4.Sin especificar;2.2500 gramos y más;25
10;1;1;4.25 a 29;7.42 y más;2.Secundaria/Polimodal Incompleta;2.2500 gramos y más;1
86;1;1;6.35 a 39;6.37 a 41;3.Secundario/Polimodal Completa y más;2.2500 gramos y más;352
14;2;1;2.15 a 19;4.28 a 31;3.Secundario/Polimodal Completa y más;1.Menos de 2500 gramos;2
54;1;2;1.Menor de 15;6.37 a 41;4.Sin especificar;2.2500 gramos y más;3
46;1;1;4.25 a 29;5.32 a 36;1.Hasta Primaria/C.EGB Completa;1.Menos de 2500 gramos;1
06;1;1;1.Menor de 15;4.28 a 31;1.Hasta Primaria/C.EGB Completa;1.Menos de 2500 gramos;2
02;1;1;4.25 a 29;7.42 y más;1.Hasta Primaria/C.EGB Completa;2.2500 gramos y más;1
02;1;1;6.35 a 39;5.32 a 36;4.Sin especificar;1.Menos de 2500 gramos;10
86;1;1;2.15 a 19;8.Sin especificar;1.Hasta Primaria/C.EGB Completa;3.Sin especificar;1
26;1;2;5.30 a 34;6.37 a 41;1.Hasta Primaria/C.EGB Completa;2.2500 gramos y más;43
26;1;1;6.35 a 39;6.37 a 41;1.Hasta Primaria/C.EGB Completa;1.Menos de 2500 gramos;2
06;1;2;3.20 a 24;5.32 a 36;4.Sin especificar;1.Menos de 2500 gramos;36
82;1;1;4.25 a 29;8.Sin especificar;1.Hasta Primaria/C.EGB Completa;2.2500 gramos y más;3
82;2;1;3.20 a 24;5.32 a 36;3.Secundario/Polimodal Completa y más;2.2500 gramos y más;4
10;1;1;3.20 a 24;5.32 a 36;1.Hasta Primaria/C.EGB Completa;1.Menos de 2500 gramos;2
74;1;1;2.15 a 19;5.32 a 36;3.Secundario/Polimodal Completa y más;1.Menos de 2500 gramos;4
58;1;2;6.35 a 39;6.37 a 41;1.Hasta Primaria/C.EGB Completa;2.2500 gramos y más;40
30;1;2;3.20 a 24;6.37 a 41;3.Secundario/Polimodal Completa y más;2.2500 gramos y más;809
14;1;1;1.Menor de 15;6.37 a 41;2.Secundaria/Polimodal Incompleta;1.Menos de 2500 gramos;1
02;2;2;4.25 a 29;6.37 a 41;1.Hasta Primaria/C.EGB Completa;2.2500 gramos y más;2
58;1;2;2.15 a 19;6.37 a 41;1.Hasta Primaria/C.EGB Completa;2.2500 gramos y más;29
54;1;1;2.15 a 19;3.24 a 27;4.Sin especificar;1.Menos de 2500 gramos;1
82;1;2;2.15 a 19;3.24 a 27;2.Secundaria/Polimodal Incompleta;1.Menos de 2500 gramos;4
38;2;2;5.30 a 34;5.32 a 36;1.Hasta Primaria/C.EGB Completa;2.2500 gramos y más;1
70;1;1;3.20 a 24;3.24 a 27;3.Secundario/Polimodal Completa y más;1.Menos de 2500 gramos;1
14;1;1;2.15 a 19;4.28 a 31;2.Secundaria/Polimodal Incompleta;1.Menos de 2500 gramos;4
66;1;2;5.30 a 34;5.32 a 36;2.Secundaria/Polimodal Incompleta;1.Menos de 2500 gramos;13
30;1;1;3.20 a 24;5.32 a 36;3.Secundario/Polimodal Completa y más;2.2500 gramos y más;19
90;1;2;6.35 a 39;3.24 a 27;1.Hasta Primaria/C.EGB Completa;1.Menos de 2500 gramos;3
86;1;2;2.15 a 19;5.32 a 36;2.Secundaria/Polimodal Incompleta;2.2500 gramos y más;21
06;9;1;4.25 a 29;6.37 a 41;2.Secundaria/Polimodal Incompleta;2.2500 gramos y más;2
22;1;2;2.15 a 19;2.22 a 23;3.Secundario/Polimodal Completa y más;1.Menos de 2500 gramos;1
82;1;2;8.De 45 y más;5.32 a 36;1.Hasta Primaria/C.EGB Completa;2.2500 gramos y más;2
10;1;2;3.20 a 24;5.32 a 36;2.Secundaria/Polimodal Incompleta;2.2500 gramos y más;3
38;1;1;4.25 a 29;3.24 a 27;3.Secundario/Polimodal Completa y más;1.Menos de 2500 gramos;1
82;2;1;6.35 a 39;5.32 a 36;2.Secundaria/Polimodal Incompleta;2.2500 gramos y más;3
14;1;1;6.35 a 39;5.32 a 36;3.Secundario/Polimodal Completa y más;3.Sin especificar;1
86;2;1;4.25 a 29;6.37 a 41;3.Secundario/Polimodal Completa y más;2.2500 gramos y más;1
10;1;2;3.20 a 24;8.Sin especificar;3.Secundario/Polimodal Completa y más;2.2500 gramos y más;9
06;2;1;5.30 a 34;8.Sin especificar;3.Secundario/Polimodal Completa y más;1.Menos de 2500 gramos;3
38;1;2;2.15 a 19;5.32 a 36;3.Secundario/Polimodal Completa y más;1.Menos de 2500 gramos;6
50;1;2;5.30 a 34;3.24 a 27;3.Secundario/Polimodal Completa y más;1.Menos de 2500 gramos;4
06;1;2;3.20 a 24;4.28 a 31;3.Secundario/Polimodal Completa y más;2.2500 gramos y más;4
26;2;2;4.25 a 29;5.32 a 36;3.Secundario/Polimodal Completa y más;1.Menos de 2500 gramos;7
54;1;1;2.15 a 19;6.37 a 41;3.Secundario/Polimodal Completa y más;3.Sin especificar;1
78;1;1;5.30 a 34;5.32 a 36;2.Secundaria/Polimodal Incompleta;2.2500 gramos y más;1
14;2;2;7.40 a 44;5.32 a 36;3.Secundario/Polimodal Completa y más;1.Menos de 2500 gramos;6
02;1;2;4.25 a 29;6.37 a 41;1.Hasta Primaria/C.EGB Completa;1.Menos de 2500 gramos;7
22;1;1;9.Sin especificar;6.37 a 41;2.Secundaria/Polimodal Incompleta;2.2500 gramos y más;3
18;1;2;6.35 a 39;5.32 a 36;1.Hasta Primaria/C.EGB Completa;2.2500 gramos y más;3
22;1;1;6.35 a 39;7.42 y más;3.Secundario/Polimodal Completa y más;2.2500 gramos y más;2
02;2;2;6.35 a 39;5.32 a 36;3.Secundario/Polimodal Completa y más;2.2500 gramos y más;5
42;1;2;5.30 a 34;5.32 a 36;2.Secundaria/Polimodal Incompleta;1.Menos de 2500 gramos;2
34;2;1;4.25 a 29;5.32 a 36;2.Secundaria/Polimodal Incompleta;1.Menos de 2500 gramos;2
06;1;1;7.40 a 44;7.42 y más;3.Secundario/Polimodal Completa y más;2.2500 gramos y más;6
86;1;1;3.20 a 24;7.42 y más;1.Hasta Primaria/C.EGB Completa;2.2500 gramos y más;11
02;2;2;7.40 a 44;5.32 a 36;4.Sin especificar;1.Menos de 2500 gramos;3
22;1;2;6.35 a 39;1.Menos de 22;4.Sin especificar;1.Menos de 2500 gramos;1
90;1;2;8.De 45 y más;6.37 a 41;2.Secundaria/Polimodal Incompleta;2.2500 gramos y más;1
34;1;1;2.15 a 19;5.32 a 36;1.Hasta Primaria/C.EGB Completa;2.2500 gramos y más;6
54;1;2;6.35 a 39;4.28 a 31;3.Secundario/Polimodal Completa y más;1.Menos de 2500 gramos;1
22;1;2;1.Menor de 15;3.24 a 27;2.Secundaria/Polimodal Incompleta;1.Menos de 2500 gramos;1
58;1;2;5.30 a 34;5.32 a 36;3.Secundario/Polimodal Completa y más;2.2500 gramos y más;15
06;1;1;6.35 a 39;8.Sin especificar;2.Secundaria/Polimodal Incompleta;2.2500 gramos y más;21
82;1;1;5.30 a 34;5.32 a 36;3.Secundario/Polimodal Completa y más;1.Menos de 2500 gramos;92
06;2;1;3.20 a 24;8.Sin especificar;1.Hasta Primaria/C.EGB Completa;1.Menos de 2500 gramos;1
02;1;1;3.20 a 24;5.32 a 36;1.Hasta Primaria/C.EGB Completa;1.Menos de 2500 gramos;8
90;1;1;3.20 a 24;4.28 a 31;3.Secundario/Polimodal Completa y más;1.Menos de 2500 gramos;8
18;2;1;6.35 a 39;5.32 a 36;1.Hasta Primaria/C.EGB Completa;2.2500 gramos y más;1
14;1;2;2.15 a 19;6.37 a 41;2.Secundaria/Polimodal Incompleta;1.Menos de 2500 gramos;31
62;1;1;7.40 a 44;6.37 a 41;4.Sin especificar;2.2500 gramos y más;11
30;1;1;6.35 a 39;2.22 a 23;3.Secundario/Polimodal Completa y más;1.Menos de 2500 gramos;1
02;1;1;4.25 a 29;5.32 a 36;3.Secundario/Polimodal Completa y más;2.2500 gramos y más;50
06;1;1;3.20 a 24;4.28 a 31;3.Secundario/Polimodal Completa y más;3.Sin especificar;2
66;2;1;5.30 a 34;6.37 a 41;3.Secundario/Polimodal Completa y más;1.Menos de 2500 gramos;3
90;1;1;5.30 a 34;1.Menos de 22;3.Secundario/Polimodal Completa y más;1.Menos de 2500 gramos;1
58;1;1;7.40 a 44;7.42 y más;2.Secundaria/Polimodal Incompleta;2.2500 gramos y más;1
02;9;1;5.30 a 34;6.37 a 41;3.Secundario/Polimodal Completa y más;2.2500 gramos y más;23
06;1;2;4.25 a 29;1.Menos de 22;2.Secundaria/Polimodal Incompleta;1.Menos de 2500 gramos;1
82;1;2;3.20 a 24;2.22 a 23;2.Secundaria/Polimodal Incompleta;1.Menos de 2500 gramos;1
06;1;1;3.20 a 24;8.Sin especificar;2.Secundaria/Polimodal Incompleta;1.Menos de 2500 gramos;9
30;1;1;7.40 a 44;5.32 a 36;3.Secundario/Polimodal Completa y más;2.2500 gramos y más;8
46;1;9;5.30 a 34;6.37 a 41;3.Secundario/Polimodal Completa y más;2.2500 gramos y más;2
90;2;1;3.20 a 24;6.37 a 41;3.Secundario/Polimodal Completa y más;1.Menos de 2500 gramos;2
18;1;2;6.35 a 39;5.32 a 36;4.Sin especificar;1.Menos de 2500 gramos;6
42;1;2;3.20 a 24;6.37 a 41;2.Secundaria/Polimodal Incompleta;2.2500 gramos y más;140
42;2;1;5.30 a 34;6.37 a 41;3.Secundario/Polimodal Completa y más;1.Menos de 2500 gramos;2
74;1;2;4.25 a 29;6.37 a 41;3.Secundario/Polimodal Completa y más;2.2500 gramos y más;499
54;1;1;3.20 a 24;5.32 a 36;4.Sin especificar;2.2500 gramos y más;10
86;1;2;4.25 a 29;6.37 a 41;3.Secundario/Polimodal Completa y más;2.2500 gramos y más;634
58;1;1;7.40 a 44;5.32 a 36;1.Hasta Primaria/C.EGB Completa;1.Menos de 2500 gramos;1
62;1;2;6.35 a 39;5.32 a 36;4.Sin especificar;2.2500 gramos y más;2
46;1;2;4.25 a 29;5.32 a 36;1.Hasta Primaria/C.EGB Completa;2.2500 gramos y más;3
06;1;2;3.20 a 24;6.37 a 41;4.Sin especificar;2.2500 gramos y más;934
18;1;2;7.40 a 44;5.32 a 36;1.Hasta Primaria/C.EGB Completa;2.2500 gramos y más;2
06;2;2;7.40 a 44;6.37 a 41;2.Secundaria/Polimodal Incompleta;2.2500 gramos y más;2
14;1;1;2.15 a 19;6.37 a 41;2.Secundaria/Polimodal Incompleta;2.2500 gramos y más;1133
74;1;2;2.15 a 19;7.42 y más;1.Hasta Primaria/C.EGB Completa;2.2500 gramos y más;2
14;9;2;5.30 a 34;5.32 a 36;3.Secundario/Polimodal Completa y más;1.Menos de 2500 gramos;1
06;1;1;3.20 a 24;7.42 y más;3.Secundario/Polimodal Completa y más;2.2500 gramos y más;44
66;1;2;6.35 a 39;5.32 a 36;3.Secundario/Polimodal Completa y más;2.2500 gramos y más;31
30;1;2;3.20 a 24;5.32 a 36;3.Secundario/Polimodal Completa y más;1.Menos de 2500 gramos;24
90;1;1;3.20 a 24;8.Sin especificar;1.Hasta Primaria/C.EGB Completa;2.2500 gramos y más;7
38;1;1;4.25 a 29;3.24 a 27;1.Hasta Primaria/C.EGB Completa;1.Menos de 2500 gramos;1
06;2;1;7.40 a 44;6.37 a 41;1.Hasta Primaria/C.EGB Completa;1.Menos de 2500 gramos;4
86;1;2;3.20 a 24;5.32 a 36;2.Secundaria/Polimodal Incompleta;1.Menos de 2500 gramos;17
06;1;1;6.35 a 39;5.32 a 36;3.Secundario/Polimodal Completa y más;3.Sin especificar;5
18;2;2;4.25 a 29;6.37 a 41;4.Sin especificar;1.Menos de 2500 gramos;1
50;2;1;2.15 a 19;6.37 a 41;2.Secundaria/Polimodal Incompleta;2.2500 gramos y más;1
70;1;2;6.35 a 39;5.32 a 36;2.Secundaria/Polimodal Incompleta;2.2500 gramos y más;2
02;1;1;6.35 a 39;8.Sin especificar;3.Secundario/Polimodal Completa y más;1.Menos de 2500 gramos;1
06;1;2;6.35 a 39;4.28 a 31;1.Hasta Primaria/C.EGB Completa;1.Menos de 2500 gramos;23
06;2;2;4.25 a 29;8.Sin especificar;1.Hasta Primaria/C.EGB Completa;2.2500 gramos y más;1
50;1;2;8.De 45 y más;6.37 a 41;1.Hasta Primaria/C.EGB Completa;2.2500 gramos y más;3
06;2;2;3.20 a 24;5.32 a 36;4.Sin especificar;2.2500 gramos y más;3
02;1;2;6.35 a 39;5.32 a 36;4.Sin especificar;2.2500 gramos y más;13
86;1;1;2.15 a 19;6.37 a 41;4.Sin especificar;2.2500 gramos y más;2
06;1;1;2.15 a 19;4.28 a 31;4.Sin especificar;1.Menos de 2500 gramos;4
06;2;2;4.25 a 29;4.28 a 31;1.Hasta Primaria/C.EGB Completa;1.Menos de 2500 gramos;4
54;1;1;7.40 a 44;6.37 a 41;3.Secundario/Polimodal Completa y más;2.2500 gramos y más;112
62;1;2;7.40 a 44;6.37 a 41;2.Secundaria/Polimodal Incompleta;1.Menos de 2500 gramos;1
42;1;1;4.25 a 29;3.24 a 27;2.Secundaria/Polimodal Incompleta;1.Menos de 2500 gramos;2
54;2;1;4.25 a 29;6.37 a 41;2.Secundaria/Polimodal Incompleta;2.2500 gramos y más;5
99;1;1;6.35 a 39;6.37 a 41;1.Hasta Primaria/C.EGB Completa;2.2500 gramos y más;4
06;1;9;9.Sin especificar;6.37 a 41;4.Sin especificar;2.2500 gramos y más;15
14;1;1;4.25 a 29;5.32 a 36;3.Secundario/Polimodal Completa y más;2.2500 gramos y más;93
10;1;1;2.15 a 19;5.32 a 36;2.Secundaria/Polimodal Incompleta;1.Menos de 2500 gramos;3
14;1;1;1.Menor de 15;5.32 a 36;2.Secundaria/Polimodal Incompleta;2.2500 gramos y más;1
14;2;1;7.40 a 44;5.32 a 36;3.Secundario/Polimodal Completa y más;2.2500 gramos y más;1
26;1;2;5.30 a 34;8.Sin especificar;3.Secundario/Polimodal Completa y más;2.2500 gramos y más;1
66;1;2;3.20 a 24;8.Sin especificar;3.Secundario/Polimodal Completa y más;1.Menos de 2500 gramos;2
82;2;2;3.20 a 24;2.22 a 23;1.Hasta Primaria/C.EGB Completa;1.Menos de 2500 gramos;2
18;2;2;5.30 a 34;6.37 a 41;2.Secundaria/Polimodal Incompleta;2.2500 gramos y más;1
99;1;1;5.30 a 34;6.37 a 41;4.Sin especificar;3.Sin especificar;1
02;9;1;4.25 a 29;8.Sin especificar;4.Sin especificar;3.Sin especificar;3
06;1;9;5.30 a 34;5.32 a 36;3.Secundario/Polimodal Completa y más;2.2500 gramos y más;5
06;2;2;4.25 a 29;6.37 a 41;1.Hasta Primaria/C.EGB Completa;2.2500 gramos y más;14
86;2;1;6.35 a 39;6.37 a 41;1.Hasta Primaria/C.EGB Completa;2.2500 gramos y más;3
22;1;2;4.25 a 29;6.37 a 41;4.Sin especificar;1.Menos de 2500 gramos;1
10;1;2;9.Sin especificar;6.37 a 41;2.Secundaria/Polimodal Incompleta;3.Sin especificar;1
82;1;2;7.40 a 44;8.Sin especificar;3.Secundario/Polimodal Completa y más;2.2500 gramos y más;1
18;1;2;6.35 a 39;5.32 a 36;2.Secundaria/Polimodal Incompleta;2.2500 gramos y más;6
02;2;2;2.15 a 19;4.28 a 31;1.Hasta Primaria/C.EGB Completa;1.Menos de 2500 gramos;1
54;1;1;1.Menor de 15;6.37 a 41;1.Hasta Primaria/C.EGB Completa;2.2500 gramos y más;42
06;1;1;4.25 a 29;7.42 y más;1.Hasta Primaria/C.EGB Completa;2.2500 gramos y más;29
14;1;2;3.20 a 24;6.37 a 41;1.Hasta Primaria/C.EGB Completa;1.Menos de 2500 gramos;18
06;2;1;7.40 a 44;5.32 a 36;3.Secundario/Polimodal Completa y más;2.2500 gramos y más;15
22;9;9;5.30 a 34;8.Sin especificar;3.Secundario/Polimodal Completa y más;3.Sin especificar;1
22;2;2;3.20 a 24;5.32 a 36;2.Secundaria/Polimodal Incompleta;2.2500 gramos y más;4
90;2;2;3.20 a 24;6.37 a 41;3.Secundario/Polimodal Completa y más;2.2500 gramos y más;6
82;2;2;4.25 a 29;6.37 a 41;2.Secundaria/Polimodal Incompleta;2.2500 gramos y más;3
66;2;1;4.25 a 29;5.32 a 36;1.Hasta Primaria/C.EGB Completa;1.Menos de 2500 gramos;4
02;9;1;6.35 a 39;4.28 a 31;4.Sin especificar;1.Menos de 2500 gramos;2
42;1;1;2.15 a 19;5.32 a 36;3.Secundario/Polimodal Completa y más;1.Menos de 2500 gramos;1
82;1;1;3.20 a 24;8.Sin especificar;2.Secundaria/Polimodal Incompleta;2.2500 gramos y más;6
14;1;1;5.30 a 34;4.28 a 31;1.Hasta Primaria/C.EGB Completa;1.Menos de 2500 gramos;2
99;1;2;9.Sin especificar;6.37 a 41;1.Hasta Primaria/C.EGB Completa;2.2500 gramos y más;2
30;2;2;3.20 a 24;4.28 a 31;3.Secundario/Polimodal Completa y más;1.Menos de 2500 gramos;2
66;1;2;5.30 a 34;4.28 a 31;3.Secundario/Polimodal Completa y más;2.2500 gramos y más;1
06;9;2;7.40 a 44;6.37 a 41;4.Sin especificar;2.2500 gramos y más;19
50;2;1;6.35 a 39;6.37 a 41;2.Secundaria/Polimodal Incompleta;2.2500 gramos y más;3
10;1;1;4.25 a 29;5.32 a 36;2.Secundaria/Polimodal Incompleta;2.2500 gramos y más;1
06;2;1;2.15 a 19;6.37 a 41;2.Secundaria/Polimodal Incompleta;1.Menos de 2500 gramos;5
06;1;1;5.30 a 34;6.37 a 41;4.Sin especificar;1.Menos de 2500 gramos;23
18;1;1;8.De 45 y más;5.32 a 36;1.Hasta Primaria/C.EGB Completa;2.2500 gramos y más;2
66;1;2;5.30 a 34;6.37 a 41;1.Hasta Primaria/C.EGB Completa;1.Menos de 2500 gramos;5
02;1;2;5.30 a 34;7.42 y más;3.Secundario/Polimodal Completa y más;2.2500 gramos y más;1
78;1;2;7.40 a 44;6.37 a 41;3.Secundario/Polimodal Completa y más;1.Menos de 2500 gramos;3
82;2;1;3.20 a 24;4.28 a 31;3.Secundario/Polimodal Completa y más;1.Menos de 2500 gramos;2
22;1;2;6.35 a 39;3.24 a 27;2.Secundaria/Polimodal Incompleta;1.Menos de 2500 gramos;2
10;1;1;4.25 a 29;6.37 a 41;2.Secundaria/Polimodal Incompleta;1.Menos de 2500 gramos;3
62;1;1;6.35 a 39;6.37 a 41;2.Secundaria/Polimodal Incompleta;2.2500 gramos y más;55
58;1;1;2.15 a 19;5.32 a 36;2.Secundaria/Polimodal Incompleta;1.Menos de 2500 gramos;13
90;1;1;6.35 a 39;4.28 a 31;2.Secundaria/Polimodal Incompleta;1.Menos de 2500 gramos;2
42;1;2;5.30 a 34;6.37 a 41;4.Sin especificar;2.2500 gramos y más;1
34;1;2;6.35 a 39;4.28 a 31;3.Secundario/Polimodal Completa y más;1.Menos de 2500 gramos;1
86;2;2;6.35 a 39;6.37 a 41;2.Secundaria/Polimodal Incompleta;2.2500 gramos y más;1
14;1;2;1.Menor de 15;5.32 a 36;2.Secundaria/Polimodal Incompleta;1.Menos de 2500 gramos;1
30;2;1;4.25 a 29;6.37 a 41;1.Hasta Primaria/C.EGB Completa;2.2500 gramos y más;4
58;1;1;3.20 a 24;7.42 y más;2.Secundaria/Polimodal Incompleta;2.2500 gramos y más;1
62;1;1;2.15 a 19;4.28 a 31;4.Sin especificar;1.Menos de 2500 gramos;1
14;1;2;3.20 a 24;6.37 a 41;4.Sin especificar;2.2500 gramos y más;13
06;1;9;6.35 a 39;6.37 a 41;4.Sin especificar;1.Menos de 2500 gramos;2
62;1;2;3.20 a 24;6.37 a 41;3.Secundario/Polimodal Completa y más;1.Menos de 2500 gramos;5
30;1;2;7.40 a 44;5.32 a 36;2.Secundaria/Polimodal Incompleta;1.Menos de 2500 gramos;3
18;1;1;5.30 a 34;4.28 a 31;1.Hasta Primaria/C.EGB Completa;1.Menos de 2500 gramos;1
30;1;1;6.35 a 39;5.32 a 36;2.Secundaria/Polimodal Incompleta;2.2500 gramos y más;4
06;1;1;2.15 a 19;2.22 a 23;4.Sin especificar;1.Menos de 2500 gramos;1
22;1;1;3.20 a 24;6.37 a 41;4.Sin especificar;2.2500 gramos y más;35
22;1;2;4.25 a 29;5.32 a 36;1.Hasta Primaria/C.EGB Completa;3.Sin especificar;1
82;2;2;4.25 a 29;5.32 a 36;1.Hasta Primaria/C.EGB Completa;1.Menos de 2500 gramos;11
02;1;1;3.20 a 24;4.28 a 31;2.Secundaria/Polimodal Incompleta;1.Menos de 2500 gramos;2
78;9;2;7.40 a 44;6.37 a 41;4.Sin especificar;2.2500 gramos y más;1
50;1;1;4.25 a 29;3.24 a 27;3.Secundario/Polimodal Completa y más;1.Menos de 2500 gramos;7
18;1;2;1.Menor de 15;5.32 a 36;4.Sin especificar;1.Menos de 2500 gramos;3
90;1;2;2.15 a 19;7.42 y más;3.Secundario/Polimodal Completa y más;2.2500 gramos y más;14
06;9;1;8.De 45 y más;6.37 a 41;4.Sin especificar;2.2500 gramos y más;3
62;1;2;4.25 a 29;5.32 a 36;1.Hasta Primaria/C.EGB Completa;2.2500 gramos y más;2
66;1;1;7.40 a 44;5.32 a 36;2.Secundaria/Polimodal Incompleta;2.2500 gramos y más;4
54;1;1;3.20 a 24;6.37 a 41;3.Secundario/Polimodal Completa y más;2.2500 gramos y más;781
54;1;1;4.25 a 29;5.32 a 36;3.Secundario/Polimodal Completa y más;2.2500 gramos y más;50
02;2;1;4.25 a 29;6.37 a 41;3.Secundario/Polimodal Completa y más;1.Menos de 2500 gramos;1
22;1;2;2.15 a 19;6.37 a 41;2.Secundaria/Polimodal Incompleta;3.Sin especificar;2
34;1;2;5.30 a 34;5.32 a 36;4.Sin especificar;2.2500 gramos y más;18
90;1;2;5.30 a 34;4.28 a 31;1.Hasta Primaria/C.EGB Completa;1.Menos de 2500 gramos;3
06;1;1;4.25 a 29;8.Sin especificar;2.Secundaria/Polimodal Incompleta;3.Sin especificar;5
99;9;2;5.30 a 34;6.37 a 41;3.Secundario/Polimodal Completa y más;2.2500 gramos y más;1
06;1;2;2.15 a 19;8.Sin especificar;4.Sin especificar;1.Menos de 2500 gramos;5
70;1;1;5.30 a 34;3.24 a 27;3.Secundario/Polimodal Completa y más;1.Menos de 2500 gramos;1
02;2;2;3.20 a 24;6.37 a 41;2.Secundaria/Polimodal Incompleta;2.2500 gramos y más;2
94;1;2;5.30 a 34;5.32 a 36;3.Secundario/Polimodal Completa y más;1.Menos de 2500 gramos;5
82;2;1;4.25 a 29;4.28 a 31;1.Hasta Primaria/C.EGB Completa;1.Menos de 2500 gramos;2
50;2;1;5.30 a 34;5.32 a 36;2.Secundaria/Polimodal Incompleta;2.2500 gramos y más;3
10;1;1;6.35 a 39;5.32 a 36;2.Secundaria/Polimodal Incompleta;1.Menos de 2500 gramos;1
30;1;1;5.30 a 34;6.37 a 41;2.Secundaria/Polimodal Incompleta;1.Menos de 2500 gramos;7
54;2;2;4.25 a 29;6.37 a 41;3.Secundario/Polimodal Completa y más;2.2500 gramos y más;6
38;1;2;4.25 a 29;7.42 y más;1.Hasta Primaria/C.EGB Completa;2.2500 gramos y más;2
14;2;2;7.40 a 44;6.37 a 41;2.Secundaria/Polimodal Incompleta;2.2500 gramos y más;3
18;2;1;6.35 a 39;5.32 a 36;3.Secundario/Polimodal Completa y más;2.2500 gramos y más;2
58;2;1;2.15 a 19;5.32 a 36;1.Hasta Primaria/C.EGB Completa;1.Menos de 2500 gramos;1
82;1;2;1.Menor de 15;6.37 a 41;2.Secundaria/Polimodal Incompleta;1.Menos de 2500 gramos;1
82;2;1;7.40 a 44;5.32 a 36;2.Secundaria/Polimodal Incompleta;2.2500 gramos y más;2
82;2;1;6.35 a 39;6.37 a 41;1.Hasta Primaria/C.EGB Completa;2.2500 gramos y más;5
06;1;9;2.15 a 19;6.37 a 41;3.Secundario/Polimodal Completa y más;2.2500 gramos y más;14
14;1;1;3.20 a 24;8.Sin especificar;4.Sin especificar;3.Sin especificar;31
42;1;2;6.35 a 39;6.37 a 41;3.Secundario/Polimodal Completa y más;1.Menos de 2500 gramos;6
66;1;1;2.15 a 19;3.24 a 27;2.Secundaria/Polimodal Incompleta;3.Sin especificar;1
90;1;1;4.25 a 29;6.37 a 41;2.Secundaria/Polimodal Incompleta;3.Sin especificar;2
66;2;2;3.20 a 24;6.37 a 41;3.Secundario/Polimodal Completa y más;2.2500 gramos y más;4
90;1;2;2.15 a 19;6.37 a 41;1.Hasta Primaria/C.EGB Completa;2.2500 gramos y más;187
06;1;2;4.25 a 29;6.37 a 41;3.Secundario/Polimodal Completa y más;2.2500 gramos y más;11011
06;1;1;1.Menor de 15;5.32 a 36;1.Hasta Primaria/C.EGB Completa;2.2500 gramos y más;2
02;2;2;5.30 a 34;5.32 a 36;3.Secundario/Polimodal Completa y más;2.2500 gramos y más;10
98;1;2;3.20 a 24;5.32 a 36;4.Sin especificar;2.2500 gramos y más;1
46;1;1;8.De 45 y más;6.37 a 41;3.Secundario/Polimodal Completa y más;2.2500 gramos y más;2
70;1;1;6.35 a 39;5.32 a 36;1.Hasta Primaria/C.EGB Completa;2.2500 gramos y más;2
14;1;2;4.25 a 29;8.Sin especificar;2.Secundaria/Polimodal Incompleta;2.2500 gramos y más;5
82;1;1;7.40 a 44;6.37 a 41;1.Hasta Primaria/C.EGB Completa;1.Menos de 2500 gramos;4
66;1;2;4.25 a 29;7.42 y más;2.Secundaria/Polimodal Incompleta;2.2500 gramos y más;1
74;1;1;4.25 a 29;6.37 a 41;3.Secundario/Polimodal Completa y más;3.Sin especificar;1
82;2;1;6.35 a 39;3.24 a 27;3.Secundario/Polimodal Completa y más;1.Menos de 2500 gramos;1
50;1;2;4.25 a 29;6.37 a 41;3.Secundario/Polimodal Completa y más;1.Menos de 2500 gramos;34
74;1;1;2.15 a 19;6.37 a 41;1.Hasta Primaria/C.EGB Completa;2.2500 gramos y más;20
06;1;2;2.15 a 19;7.42 y más;1.Hasta Primaria/C.EGB Completa;2.2500 gramos y más;10
34;1;2;6.35 a 39;5.32 a 36;4.Sin especificar;2.2500 gramos y más;15
02;1;2;8.De 45 y más;5.32 a 36;4.Sin especificar;1.Menos de 2500 gramos;2
10;1;2;5.30 a 34;8.Sin especificar;1.Hasta Primaria/C.EGB Completa;2.2500 gramos y más;1
34;1;1;4.25 a 29;7.42 y más;3.Secundario/Polimodal Completa y más;2.2500 gramos y más;1
46;1;2;6.35 a 39;5.32 a 36;3.Secundario/Polimodal Completa y más;1.Menos de 2500 gramos;6
06;1;2;6.35 a 39;2.22 a 23;2.Secundaria/Polimodal Incompleta;1.Menos de 2500 gramos;1
14;1;2;2.15 a 19;3.24 a 27;1.Hasta Primaria/C.EGB Completa;1.Menos de 2500 gramos;2
38;2;1;6.35 a 39;5.32 a 36;1.Hasta Primaria/C.EGB Completa;1.Menos de 2500 gramos;1
06;9;1;2.15 a 19;6.37 a 41;3.Secundario/Polimodal Completa y más;2.2500 gramos y más;1
90;1;1;7.40 a 44;5.32 a 36;1.Hasta Primaria/C.EGB Completa;1.Menos de 2500 gramos;3
02;9;1;8.De 45 y más;6.37 a 41;4.Sin especificar;1.Menos de 2500 gramos;1
86;1;2;5.30 a 34;4.28 a 31;2.Secundaria/Polimodal Incompleta;2.2500 gramos y más;1
86;1;1;4.25 a 29;5.32 a 36;2.Secundaria/Polimodal Incompleta;1.Menos de 2500 gramos;8
02;9;2;3.20 a 24;5.32 a 36;4.Sin especificar;1.Menos de 2500 gramos;3
06;9;1;6.35 a 39;6.37 a 41;4.Sin especificar;3.Sin especificar;5
62;2;1;3.20 a 24;6.37 a 41;2.Secundaria/Polimodal Incompleta;1.Menos de 2500 gramos;1
02;1;1;5.30 a 34;4.28 a 31;4.Sin especificar;1.Menos de 2500 gramos;1
10;2;1;6.35 a 39;6.37 a 41;3.Secundario/Polimodal Completa y más;2.2500 gramos y más;1
50;1;1;6.35 a 39;6.37 a 41;3.Secundario/Polimodal Completa y más;1.Menos de 2500 gramos;25
06;9;2;5.30 a 34;4.28 a 31;4.Sin especificar;1.Menos de 2500 gramos;1
54;1;1;3.20 a 24;2.22 a 23;2.Secundaria/Polimodal Incompleta;1.Menos de 2500 gramos;1
02;9;1;4.25 a 29;8.Sin especificar;4.Sin especificar;1.Menos de 2500 gramos;1
38;1;2;1.Menor de 15;6.37 a 41;2.Secundaria/Polimodal Incompleta;1.Menos de 2500 gramos;1
06;2;2;2.15 a 19;6.37 a 41;1.Hasta Primaria/C.EGB Completa;1.Menos de 2500 gramos;6
22;1;1;4.25 a 29;6.37 a 41;1.Hasta Primaria/C.EGB Completa;3.Sin especificar;3
90;1;2;5.30 a 34;5.32 a 36;4.Sin especificar;1.Menos de 2500 gramos;1
22;9;1;4.25 a 29;6.37 a 41;2.Secundaria/Polimodal Incompleta;2.2500 gramos y más;3
30;1;2;5.30 a 34;6.37 a 41;1.Hasta Primaria/C.EGB Completa;3.Sin especificar;1
34;1;1;5.30 a 34;8.Sin especificar;4.Sin especificar;2.2500 gramos y más;1
54;1;1;5.30 a 34;5.32 a 36;4.Sin especificar;2.2500 gramos y más;3
06;1;2;7.40 a 44;6.37 a 41;2.Secundaria/Polimodal Incompleta;3.Sin especificar;5
30;1;1;7.40 a 44;7.42 y más;1.Hasta Primaria/C.EGB Completa;2.2500 gramos y más;3
74;1;2;3.20 a 24;7.42 y más;2.Secundaria/Polimodal Incompleta;2.2500 gramos y más;9
82;2;2;5.30 a 34;6.37 a 41;1.Hasta Primaria/C.EGB Completa;1.Menos de 2500 gramos;3
46;1;1;6.35 a 39;5.32 a 36;3.Secundario/Polimodal Completa y más;2.2500 gramos y más;6
78;1;1;5.30 a 34;5.32 a 36;1.Hasta Primaria/C.EGB Completa;2.2500 gramos y más;2
90;1;2;2.15 a 19;8.Sin especificar;1.Hasta Primaria/C.EGB Completa;2.2500 gramos y más;6
06;1;9;4.25 a 29;8.Sin especificar;3.Secundario/Polimodal Completa y más;3.Sin especificar;2
90;1;1;8.De 45 y más;5.32 a 36;1.Hasta Primaria/C.EGB Completa;2.2500 gramos y más;1
06;1;9;4.25 a 29;6.37 a 41;4.Sin especificar;2.2500 gramos y más;36
99;1;1;2.15 a 19;8.Sin especificar;4.Sin especificar;3.Sin especificar;5
58;1;1;2.15 a 19;6.37 a 41;4.Sin especificar;2.2500 gramos y más;6
82;1;1;6.35 a 39;3.24 a 27;2.Secundaria/Polimodal Incompleta;1.Menos de 2500 gramos;2
06;1;9;6.35 a 39;6.37 a 41;1.Hasta Primaria/C.EGB Completa;2.2500 gramos y más;11
66;1;1;2.15 a 19;4.28 a 31;2.Secundaria/Polimodal Incompleta;1.Menos de 2500 gramos;2
54;1;1;3.20 a 24;4.28 a 31;1.Hasta Primaria/C.EGB Completa;1.Menos de 2500 gramos;6
30;1;1;7.40 a 44;8.Sin especificar;1.Hasta Primaria/C.EGB Completa;2.2500 gramos y más;1
34;1;2;4.25 a 29;6.37 a 41;3.Secundario/Polimodal Completa y más;1.Menos de 2500 gramos;8
06;1;1;4.25 a 29;5.32 a 36;3.Secundario/Polimodal Completa y más;2.2500 gramos y más;461
06;1;2;7.40 a 44;6.37 a 41;3.Secundario/Polimodal Completa y más;1.Menos de 2500 gramos;75
06;1;1;4.25 a 29;6.37 a 41;3.Secundario/Polimodal Completa y más;1.Menos de 2500 gramos;239
06;2;2;5.30 a 34;6.37 a 41;3.Secundario/Polimodal Completa y más;2.2500 gramos y más;90
34;1;1;7.40 a 44;5.32 a 36;3.Secundario/Polimodal Completa y más;1.Menos de 2500 gramos;4
06;2;2;2.15 a 19;6.37 a 41;3.Secundario/Polimodal Completa y más;1.Menos de 2500 gramos;3
06;1;1;7.40 a 44;8.Sin especificar;2.Secundaria/Polimodal Incompleta;2.2500 gramos y más;8
34;1;2;2.15 a 19;5.32 a 36;3.Secundario/Polimodal Completa y más;1.Menos de 2500 gramos;2
18;1;1;5.30 a 34;7.42 y más;3.Secundario/Polimodal Completa y más;2.2500 gramos y más;5
58;1;1;5.30 a 34;8.Sin especificar;3.Secundario/Polimodal Completa y más;2.2500 gramos y más;6
06;2;1;6.35 a 39;2.22 a 23;3.Secundario/Polimodal Completa y más;1.Menos de 2500 gramos;3
62;1;2;9.Sin especificar;6.37 a 41;4.Sin especificar;2.2500 gramos y más;3
14;1;2;6.35 a 39;5.32 a 36;1.Hasta Primaria/C.EGB Completa;2.2500 gramos y más;14
62;1;2;6.35 a 39;6.37 a 41;3.Secundario/Polimodal Completa y más;2.2500 gramos y más;375
58;2;1;6.35 a 39;3.24 a 27;3.Secundario/Polimodal Completa y más;1.Menos de 2500 gramos;1
86;2;2;4.25 a 29;6.37 a 41;1.Hasta Primaria/C.EGB Completa;2.2500 gramos y más;3
62;1;1;2.15 a 19;6.37 a 41;4.Sin especificar;2.2500 gramos y más;42
74;1;2;3.20 a 24;5.32 a 36;2.Secundaria/Polimodal Incompleta;1.Menos de 2500 gramos;5
78;1;1;4.25 a 29;6.37 a 41;3.Secundario/Polimodal Completa y más;1.Menos de 2500 gramos;4
50;2;1;4.25 a 29;5.32 a 36;3.Secundario/Polimodal Completa y más;2.2500 gramos y más;5
50;2;2;6.35 a 39;6.37 a 41;3.Secundario/Polimodal Completa y más;2.2500 gramos y más;5
02;2;1;6.35 a 39;3.24 a 27;3.Secundario/Polimodal Completa y más;1.Menos de 2500 gramos;2
06;2;1;3.20 a 24;6.37 a 41;3.Secundario/Polimodal Completa y más;3.Sin especificar;1
99;1;1;9.Sin especificar;8.Sin especificar;3.Secundario/Polimodal Completa y más;1.Menos de 2500 gramos;1
54;1;2;2.15 a 19;5.32 a 36;4.Sin especificar;2.2500 gramos y más;1
50;2;2;3.20 a 24;5.32 a 36;3.Secundario/Polimodal Completa y más;2.2500 gramos y más;3
50;1;1;2.15 a 19;5.32 a 36;3.Secundario/Polimodal Completa y más;2.2500 gramos y más;4
62;1;1;4.25 a 29;5.32 a 36;3.Secundario/Polimodal Completa y más;2.2500 gramos y más;35
06;1;2;1.Menor de 15;6.37 a 41;4.Sin especificar;2.2500 gramos y más;12
70;1;1;4.25 a 29;5.32 a 36;2.Secundaria/Polimodal Incompleta;2.2500 gramos y más;11
38;2;1;2.15 a 19;5.32 a 36;3.Secundario/Polimodal Completa y más;1.Menos de 2500 gramos;1
18;1;2;2.15 a 19;5.32 a 36;3.Secundario/Polimodal Completa y más;2.2500 gramos y más;4
06;1;2;7.40 a 44;8.Sin especificar;3.Secundario/Polimodal Completa y más;1.Menos de 2500 gramos;6
22;1;1;2.15 a 19;5.32 a 36;4.Sin especificar;2.2500 gramos y más;2
02;1;2;7.40 a 44;8.Sin especificar;3.Secundario/Polimodal Completa y más;2.2500 gramos y más;1
10;1;1;3.20 a 24;8.Sin especificar;2.Secundaria/Polimodal Incompleta;2.2500 gramos y más;5
06;1;1;5.30 a 34;4.28 a 31;3.Secundario/Polimodal Completa y más;1.Menos de 2500 gramos;72
74;1;2;2.15 a 19;4.28 a 31;2.Secundaria/Polimodal Incompleta;2.2500 gramos y más;1
06;2;1;3.20 a 24;6.37 a 41;4.Sin especificar;2.2500 gramos y más;5
06;1;9;3.20 a 24;5.32 a 36;1.Hasta Primaria/C.EGB Completa;2.2500 gramos y más;2
46;9;2;5.30 a 34;6.37 a 41;1.Hasta Primaria/C.EGB Completa;2.2500 gramos y más;1
30;1;2;4.25 a 29;5.32 a 36;2.Secundaria/Polimodal Incompleta;2.2500 gramos y más;8
82;1;2;3.20 a 24;5.32 a 36;1.Hasta Primaria/C.EGB Completa;2.2500 gramos y más;30
06;1;2;3.20 a 24;8.Sin especificar;3.Secundario/Polimodal Completa y más;1.Menos de 2500 gramos;13
94;1;1;5.30 a 34;5.32 a 36;3.Secundario/Polimodal Completa y más;2.2500 gramos y más;7
74;2;2;3.20 a 24;6.37 a 41;3.Secundario/Polimodal Completa y más;2.2500 gramos y más;3
22;1;2;6.35 a 39;6.37 a 41;3.Secundario/Polimodal Completa y más;3.Sin especificar;3
90;1;1;5.30 a 34;5.32 a 36;3.Secundario/Polimodal Completa y más;3.Sin especificar;1
22;1;1;7.40 a 44;7.42 y más;1.Hasta Primaria/C.EGB Completa;2.2500 gramos y más;2
62;1;1;6.35 a 39;3.24 a 27;2.Secundaria/Polimodal Incompleta;1.Menos de 2500 gramos;1
62;1;1;5.30 a 34;6.37 a 41;4.Sin especificar;1.Menos de 2500 gramos;2
02;9;2;4.25 a 29;6.37 a 41;4.Sin especificar;2.2500 gramos y más;105
58;1;1;4.25 a 29;5.32 a 36;1.Hasta Primaria/C.EGB Completa;2.2500 gramos y más;7
02;1;1;3.20 a 24;3.24 a 27;3.Secundario/Polimodal Completa y más;1.Menos de 2500 gramos;4
02;9;2;8.De 45 y más;5.32 a 36;4.Sin especificar;3.Sin especificar;1
18;1;1;4.25 a 29;2.22 a 23;3.Secundario/Polimodal Completa y más;1.Menos de 2500 gramos;1
14;1;2;8.De 45 y más;5.32 a 36;3.Secundario/Polimodal Completa y más;1.Menos de 2500 gramos;6
22;1;2;6.35 a 39;4.28 a 31;3.Secundario/Polimodal Completa y más;2.2500 gramos y más;1
82;1;2;2.15 a 19;7.42 y más;2.Secundaria/Polimodal Incompleta;2.2500 gramos y más;2
22;1;1;9.Sin especificar;6.37 a 41;4.Sin especificar;2.2500 gramos y más;1
90;1;1;7.40 a 44;8.Sin especificar;3.Secundario/Polimodal Completa y más;2.2500 gramos y más;5
18;1;2;2.15 a 19;7.42 y más;1.Hasta Primaria/C.EGB Completa;2.2500 gramos y más;3
14;1;1;7.40 a 44;4.28 a 31;3.Secundario/Polimodal Completa y más;1.Menos de 2500 gramos;4
99;9;2;1.Menor de 15;6.37 a 41;4.Sin especificar;1.Menos de 2500 gramos;1
86;1;1;6.35 a 39;5.32 a 36;1.Hasta Primaria/C.EGB Completa;1.Menos de 2500 gramos;9
18;1;1;4.25 a 29;5.32 a 36;1.Hasta Primaria/C.EGB Completa;2.2500 gramos y más;7
06;2;1;7.40 a 44;5.32 a 36;4.Sin especificar;1.Menos de 2500 gramos;3
22;1;2;3.20 a 24;5.32 a 36;2.Secundaria/Polimodal Incompleta;1.Menos de 2500 gramos;17
22;9;1;5.30 a 34;6.37 a 41;3.Secundario/Polimodal Completa y más;3.Sin especificar;2
34;1;2;1.Menor de 15;6.37 a 41;1.Hasta Primaria/C.EGB Completa;2.2500 gramos y más;22
58;1;1;2.15 a 19;6.37 a 41;2.Secundaria/Polimodal Incompleta;2.2500 gramos y más;206
06;9;2;2.15 a 19;6.37 a 41;4.Sin especificar;3.Sin especificar;1
06;1;1;2.15 a 19;5.32 a 36;1.Hasta Primaria/C.EGB Completa;1.Menos de 2500 gramos;49
78;2;1;7.40 a 44;6.37 a 41;3.Secundario/Polimodal Completa y más;1.Menos de 2500 gramos;1
18;1;2;4.25 a 29;6.37 a 41;3.Secundario/Polimodal Completa y más;2.2500 gramos y más;876
50;1;1;6.35 a 39;5.32 a 36;3.Secundario/Polimodal Completa y más;2.2500 gramos y más;44
18;1;2;3.20 a 24;6.37 a 41;4.Sin especificar;2.2500 gramos y más;425
78;1;1;2.15 a 19;4.28 a 31;2.Secundaria/Polimodal Incompleta;1.Menos de 2500 gramos;1
90;1;1;6.35 a 39;5.32 a 36;3.Secundario/Polimodal Completa y más;1.Menos de 2500 gramos;32
10;1;2;6.35 a 39;5.32 a 36;1.Hasta Primaria/C.EGB Completa;1.Menos de 2500 gramos;1
30;1;2;2.15 a 19;8.Sin especificar;3.Secundario/Polimodal Completa y más;1.Menos de 2500 gramos;1
54;1;1;6.35 a 39;4.28 a 31;2.Secundaria/Polimodal Incompleta;1.Menos de 2500 gramos;1
46;1;2;5.30 a 34;3.24 a 27;3.Secundario/Polimodal Completa y más;1.Menos de 2500 gramos;2
86;1;2;4.25 a 29;4.28 a 31;2.Secundaria/Polimodal Incompleta;1.Menos de 2500 gramos;1
58;1;2;6.35 a 39;4.28 a 31;1.Hasta Primaria/C.EGB Completa;1.Menos de 2500 gramos;2
82;2;1;5.30 a 34;3.24 a 27;1.Hasta Primaria/C.EGB Completa;1.Menos de 2500 gramos;3
78;1;2;8.De 45 y más;5.32 a 36;3.Secundario/Polimodal Completa y más;1.Menos de 2500 gramos;1
14;1;1;9.Sin especificar;6.37 a 41;4.Sin especificar;2.2500 gramos y más;35
70;1;2;6.35 a 39;2.22 a 23;2.Secundaria/Polimodal Incompleta;1.Menos de 2500 gramos;1
99;1;1;5.30 a 34;5.32 a 36;3.Secundario/Polimodal Completa y más;2.2500 gramos y más;1
26;1;2;5.30 a 34;5.32 a 36;3.Secundario/Polimodal Completa y más;1.Menos de 2500 gramos;13
06;1;2;5.30 a 34;5.32 a 36;2.Secundaria/Polimodal Incompleta;1.Menos de 2500 gramos;79
38;1;1;8.De 45 y más;4.28 a 31;3.Secundario/Polimodal Completa y más;1.Menos de 2500 gramos;1
06;2;2;3.20 a 24;6.37 a 41;1.Hasta Primaria/C.EGB Completa;2.2500 gramos y más;14
82;1;1;6.35 a 39;2.22 a 23;1.Hasta Primaria/C.EGB Completa;1.Menos de 2500 gramos;1
74;1;2;5.30 a 34;5.32 a 36;2.Secundaria/Polimodal Incompleta;1.Menos de 2500 gramos;1
06;2;1;7.40 a 44;6.37 a 41;2.Secundaria/Polimodal Incompleta;1.Menos de 2500 gramos;1
82;1;2;4.25 a 29;6.37 a 41;3.Secundario/Polimodal Completa y más;1.Menos de 2500 gramos;42
34;1;1;6.35 a 39;6.37 a 41;4.Sin especificar;2.2500 gramos y más;125
46;2;2;5.30 a 34;4.28 a 31;3.Secundario/Polimodal Completa y más;1.Menos de 2500 gramos;3
50;2;2;2.15 a 19;5.32 a 36;1.Hasta Primaria/C.EGB Completa;1.Menos de 2500 gramos;2
58;2;2;4.25 a 29;5.32 a 36;3.Secundario/Polimodal Completa y más;1.Menos de 2500 gramos;1
62;1;2;5.30 a 34;7.42 y más;1.Hasta Primaria/C.EGB Completa;2.2500 gramos y más;2
82;1;2;8.De 45 y más;5.32 a 36;3.Secundario/Polimodal Completa y más;2.2500 gramos y más;3
22;2;2;4.25 a 29;5.32 a 36;4.Sin especificar;1.Menos de 2500 gramos;2
22;1;2;2.15 a 19;6.37 a 41;3.Secundario/Polimodal Completa y más;1.Menos de 2500 gramos;3
74;2;1;6.35 a 39;5.32 a 36;3.Secundario/Polimodal Completa y más;2.2500 gramos y más;2
78;1;1;3.20 a 24;5.32 a 36;3.Secundario/Polimodal Completa y más;2.2500 gramos y más;2
82;2;2;2.15 a 19;5.32 a 36;2.Secundaria/Polimodal Incompleta;2.2500 gramos y más;3
78;2;1;4.25 a 29;5.32 a 36;1.Hasta Primaria/C.EGB Completa;1.Menos de 2500 gramos;2
22;1;2;6.35 a 39;6.37 a 41;1.Hasta Primaria/C.EGB Completa;1.Menos de 2500 gramos;4
14;1;1;9.Sin especificar;8.Sin especificar;3.Secundario/Polimodal Completa y más;1.Menos de 2500 gramos;1
22;1;1;2.15 a 19;6.37 a 41;4.Sin especificar;1.Menos de 2500 gramos;1
30;2;2;6.35 a 39;6.37 a 41;2.Secundaria/Polimodal Incompleta;2.2500 gramos y más;1
82;1;1;5.30 a 34;3.24 a 27;3.Secundario/Polimodal Completa y más;1.Menos de 2500 gramos;8
62;1;2;3.20 a 24;5.32 a 36;3.Secundario/Polimodal Completa y más;2.2500 gramos y más;20
06;1;2;3.20 a 24;3.24 a 27;4.Sin especificar;1.Menos de 2500 gramos;2
26;1;2;6.35 a 39;6.37 a 41;3.Secundario/Polimodal Completa y más;2.2500 gramos y más;348
02;2;1;3.20 a 24;5.32 a 36;1.Hasta Primaria/C.EGB Completa;2.2500 gramos y más;2
14;1;2;4.25 a 29;7.42 y más;2.Secundaria/Polimodal Incompleta;2.2500 gramos y más;4
10;1;2;6.35 a 39;6.37 a 41;1.Hasta Primaria/C.EGB Completa;2.2500 gramos y más;27
14;1;1;7.40 a 44;8.Sin especificar;3.Secundario/Polimodal Completa y más;2.2500 gramos y más;2
58;1;2;4.25 a 29;6.37 a 41;2.Secundaria/Polimodal Incompleta;2.2500 gramos y más;237
62;2;1;3.20 a 24;5.32 a 36;1.Hasta Primaria/C.EGB Completa;2.2500 gramos y más;2
82;1;1;2.15 a 19;6.37 a 41;3.Secundario/Polimodal Completa y más;1.Menos de 2500 gramos;6
82;1;2;4.25 a 29;4.28 a 31;3.Secundario/Polimodal Completa y más;2.2500 gramos y más;2
06;1;1;9.Sin especificar;8.Sin especificar;2.Secundaria/Polimodal Incompleta;3.Sin especificar;25
18;1;1;3.20 a 24;5.32 a 36;3.Secundario/Polimodal Completa y más;2.2500 gramos y más;31
06;2;2;5.30 a 34;5.32 a 36;3.Secundario/Polimodal Completa y más;1.Menos de 2500 gramos;129
50;1;1;8.De 45 y más;5.32 a 36;3.Secundario/Polimodal Completa y más;1.Menos de 2500 gramos;3
14;1;2;7.40 a 44;6.37 a 41;3.Secundario/Polimodal Completa y más;1.Menos de 2500 gramos;22
66;1;2;4.25 a 29;8.Sin especificar;2.Secundaria/Polimodal Incompleta;2.2500 gramos y más;7
06;2;1;3.20 a 24;6.37 a 41;1.Hasta Primaria/C.EGB Completa;1.Menos de 2500 gramos;7
54;1;1;5.30 a 34;6.37 a 41;1.Hasta Primaria/C.EGB Completa;2.2500 gramos y más;524
30;2;1;5.30 a 34;5.32 a 36;2.Secundaria/Polimodal Incompleta;1.Menos de 2500 gramos;5
86;1;1;6.35 a 39;3.24 a 27;1.Hasta Primaria/C.EGB Completa;1.Menos de 2500 gramos;3
06;1;1;5.30 a 34;6.37 a 41;4.Sin especificar;3.Sin especificar;8
66;1;1;6.35 a 39;8.Sin especificar;2.Secundaria/Polimodal Incompleta;2.2500 gramos y más;7
10;2;2;4.25 a 29;5.32 a 36;3.Secundario/Polimodal Completa y más;1.Menos de 2500 gramos;3
06;1;1;1.Menor de 15;6.37 a 41;4.Sin especificar;1.Menos de 2500 gramos;1
34;1;1;2.15 a 19;5.32 a 36;4.Sin especificar;1.Menos de 2500 gramos;12
86;1;2;6.35 a 39;7.42 y más;3.Secundario/Polimodal Completa y más;2.2500 gramos y más;1
06;1;2;7.40 a 44;5.32 a 36;3.Secundario/Polimodal Completa y más;2.2500 gramos y más;94
26;2;2;3.20 a 24;5.32 a 36;2.Secundaria/Polimodal Incompleta;1.Menos de 2500 gramos;1
02;1;1;7.40 a 44;5.32 a 36;2.Secundaria/Polimodal Incompleta;1.Menos de 2500 gramos;3
50;2;1;2.15 a 19;5.32 a 36;2.Secundaria/Polimodal Incompleta;1.Menos de 2500 gramos;3
82;1;2;4.25 a 29;4.28 a 31;1.Hasta Primaria/C.EGB Completa;1.Menos de 2500 gramos;8
70;1;1;6.35 a 39;5.32 a 36;2.Secundaria/Polimodal Incompleta;1.Menos de 2500 gramos;1
22;1;1;4.25 a 29;6.37 a 41;2.Secundaria/Polimodal Incompleta;2.2500 gramos y más;392
62;1;2;6.35 a 39;6.37 a 41;1.Hasta Primaria/C.EGB Completa;2.2500 gramos y más;62
22;1;2;5.30 a 34;7.42 y más;1.Hasta Primaria/C.EGB Completa;1.Menos de 2500 gramos;1
14;1;1;5.30 a 34;5.32 a 36;2.Secundaria/Polimodal Incompleta;2.2500 gramos y más;23
10;1;1;1.Menor de 15;6.37 a 41;2.Secundaria/Polimodal Incompleta;2.2500 gramos y más;5
54;1;1;2.15 a 19;6.37 a 41;4.Sin especificar;2.2500 gramos y más;94
06;2;9;6.35 a 39;8.Sin especificar;4.Sin especificar;3.Sin especificar;1
54;1;2;7.40 a 44;6.37 a 41;1.Hasta Primaria/C.EGB Completa;2.2500 gramos y más;94
78;1;2;6.35 a 39;5.32 a 36;3.Secundario/Polimodal Completa y más;2.2500 gramos y más;11
90;2;2;4.25 a 29;4.28 a 31;3.Secundario/Polimodal Completa y más;1.Menos de 2500 gramos;2
18;1;1;4.25 a 29;6.37 a 41;4.Sin especificar;2.2500 gramos y más;390
94;1;2;4.25 a 29;7.42 y más;3.Secundario/Polimodal Completa y más;2.2500 gramos y más;1
26;1;2;7.40 a 44;6.37 a 41;3.Secundario/Polimodal Completa y más;2.2500 gramos y más;69
42;2;2;5.30 a 34;6.37 a 41;3.Secundario/Polimodal Completa y más;2.2500 gramos y más;2
98;1;2;4.25 a 29;6.37 a 41;1.Hasta Primaria/C.EGB Completa;2.2500 gramos y más;2
86;9;1;6.35 a 39;4.28 a 31;3.Secundario/Polimodal Completa y más;1.Menos de 2500 gramos;1
42;1;1;3.20 a 24;5.32 a 36;3.Secundario/Polimodal Completa y más;2.2500 gramos y más;11
50;1;1;2.15 a 19;5.32 a 36;1.Hasta Primaria/C.EGB Completa;2.2500 gramos y más;4
54;1;2;4.25 a 29;6.37 a 41;2.Secundaria/Polimodal Incompleta;2.2500 gramos y más;503
10;1;2;7.40 a 44;6.37 a 41;1.Hasta Primaria/C.EGB Completa;2.2500 gramos y más;13
74;2;1;6.35 a 39;6.37 a 41;1.Hasta Primaria/C.EGB Completa;1.Menos de 2500 gramos;1
82;1;1;8.De 45 y más;3.24 a 27;3.Secundario/Polimodal Completa y más;3.Sin especificar;1
30;2;1;4.25 a 29;6.37 a 41;3.Secundario/Polimodal Completa y más;2.2500 gramos y más;7
66;1;2;2.15 a 19;5.32 a 36;3.Secundario/Polimodal Completa y más;2.2500 gramos y más;6
74;1;2;1.Menor de 15;6.37 a 41;2.Secundaria/Polimodal Incompleta;2.2500 gramos y más;4
70;1;2;3.20 a 24;2.22 a 23;1.Hasta Primaria/C.EGB Completa;1.Menos de 2500 gramos;1
34;2;2;3.20 a 24;5.32 a 36;2.Secundaria/Polimodal Incompleta;1.Menos de 2500 gramos;2
06;9;1;8.De 45 y más;5.32 a 36;4.Sin especificar;1.Menos de 2500 gramos;2
34;1;2;2.15 a 19;6.37 a 41;4.Sin especificar;2.2500 gramos y más;144
02;9;2;9.Sin especificar;6.37 a 41;4.Sin especificar;2.2500 gramos y más;1
18;1;2;5.30 a 34;8.Sin especificar;2.Secundaria/Polimodal Incompleta;3.Sin especificar;1
54;2;2;6.35 a 39;5.32 a 36;3.Secundario/Polimodal Completa y más;2.2500 gramos y más;2
30;1;1;4.25 a 29;6.37 a 41;4.Sin especificar;2.2500 gramos y más;18
74;1;2;6.35 a 39;8.Sin especificar;3.Secundario/Polimodal Completa y más;1.Menos de 2500 gramos;1
66;1;1;4.25 a 29;8.Sin especificar;3.Secundario/Polimodal Completa y más;1.Menos de 2500 gramos;2
06;1;1;5.30 a 34;7.42 y más;3.Secundario/Polimodal Completa y más;2.2500 gramos y más;40
82;1;1;8.De 45 y más;6.37 a 41;1.Hasta Primaria/C.EGB Completa;2.2500 gramos y más;5
66;1;1;7.40 a 44;6.37 a 41;1.Hasta Primaria/C.EGB Completa;2.2500 gramos y más;69
62;1;1;5.30 a 34;3.24 a 27;3.Secundario/Polimodal Completa y más;1.Menos de 2500 gramos;2
86;1;1;5.30 a 34;3.24 a 27;3.Secundario/Polimodal Completa y más;1.Menos de 2500 gramos;1
34;1;1;7.40 a 44;6.37 a 41;4.Sin especificar;2.2500 gramos y más;35
62;1;1;5.30 a 34;5.32 a 36;2.Secundaria/Polimodal Incompleta;2.2500 gramos y más;9
46;1;2;4.25 a 29;2.22 a 23;3.Secundario/Polimodal Completa y más;1.Menos de 2500 gramos;1
34;1;2;3.20 a 24;5.32 a 36;3.Secundario/Polimodal Completa y más;2.2500 gramos y más;24
14;1;1;7.40 a 44;7.42 y más;3.Secundario/Polimodal Completa y más;2.2500 gramos y más;2
62;2;2;5.30 a 34;3.24 a 27;2.Secundaria/Polimodal Incompleta;1.Menos de 2500 gramos;1
62;1;2;5.30 a 34;6.37 a 41;2.Secundaria/Polimodal Incompleta;1.Menos de 2500 gramos;1
90;1;2;3.20 a 24;6.37 a 41;2.Secundaria/Polimodal Incompleta;3.Sin especificar;4
06;2;1;3.20 a 24;5.32 a 36;4.Sin especificar;1.Menos de 2500 gramos;5
02;2;2;5.30 a 34;6.37 a 41;3.Secundario/Polimodal Completa y más;1.Menos de 2500 gramos;16
14;1;1;5.30 a 34;5.32 a 36;4.Sin especificar;2.2500 gramos y más;1
62;1;2;4.25 a 29;6.37 a 41;3.Secundario/Polimodal Completa y más;1.Menos de 2500 gramos;10
70;1;2;7.40 a 44;6.37 a 41;1.Hasta Primaria/C.EGB Completa;2.2500 gramos y más;32
86;1;2;2.15 a 19;6.37 a 41;2.Secundaria/Polimodal Incompleta;1.Menos de 2500 gramos;12
66;2;2;5.30 a 34;5.32 a 36;3.Secundario/Polimodal Completa y más;1.Menos de 2500 gramos;11
06;2;1;7.40 a 44;5.32 a 36;1.Hasta Primaria/C.EGB Completa;2.2500 gramos y más;2
14;2;2;5.30 a 34;4.28 a 31;3.Secundario/Polimodal Completa y más;1.Menos de 2500 gramos;2
90;1;2;3.20 a 24;7.42 y más;2.Secundaria/Polimodal Incompleta;1.Menos de 2500 gramos;1
82;1;1;3.20 a 24;5.32 a 36;3.Secundario/Polimodal Completa y más;1.Menos de 2500 gramos;42
58;1;1;2.15 a 19;3.24 a 27;2.Secundaria/Polimodal Incompleta;1.Menos de 2500 gramos;1
14;1;2;6.35 a 39;6.37 a 41;2.Secundaria/Polimodal Incompleta;1.Menos de 2500 gramos;10
38;1;1;6.35 a 39;5.32 a 36;2.Secundaria/Polimodal Incompleta;1.Menos de 2500 gramos;3
02;1;2;3.20 a 24;5.32 a 36;4.Sin especificar;1.Menos de 2500 gramos;4
30;2;1;3.20 a 24;3.24 a 27;2.Secundaria/Polimodal Incompleta;1.Menos de 2500 gramos;2
86;1;1;3.20 a 24;4.28 a 31;3.Secundario/Polimodal Completa y más;1.Menos de 2500 gramos;2
54;1;2;9.Sin especificar;6.37 a 41;4.Sin especificar;2.2500 gramos y más;18
34;2;2;4.25 a 29;6.37 a 41;2.Secundaria/Polimodal Incompleta;2.2500 gramos y más;1
94;1;1;7.40 a 44;5.32 a 36;3.Secundario/Polimodal Completa y más;2.2500 gramos y más;1
86;1;2;6.35 a 39;6.37 a 41;1.Hasta Primaria/C.EGB Completa;2.2500 gramos y más;274
82;1;1;4.25 a 29;7.42 y más;3.Secundario/Polimodal Completa y más;2.2500 gramos y más;3
54;2;1;5.30 a 34;2.22 a 23;3.Secundario/Polimodal Completa y más;1.Menos de 2500 gramos;2
46;1;1;7.40 a 44;5.32 a 36;3.Secundario/Polimodal Completa y más;2.2500 gramos y más;5
02;1;1;5.30 a 34;3.24 a 27;3.Secundario/Polimodal Completa y más;1.Menos de 2500 gramos;6
34;1;1;3.20 a 24;5.32 a 36;1.Hasta Primaria/C.EGB Completa;1.Menos de 2500 gramos;2
46;1;2;2.15 a 19;6.37 a 41;4.Sin especificar;2.2500 gramos y más;1
22;1;2;5.30 a 34;5.32 a 36;3.Secundario/Polimodal Completa y más;1.Menos de 2500 gramos;34
74;2;2;7.40 a 44;6.37 a 41;3.Secundario/Polimodal Completa y más;2.2500 gramos y más;5
06;1;1;9.Sin especificar;5.32 a 36;1.Hasta Primaria/C.EGB Completa;2.2500 gramos y más;14
30;1;1;4.25 a 29;8.Sin especificar;3.Secundario/Polimodal Completa y más;1.Menos de 2500 gramos;1
22;9;1;6.35 a 39;5.32 a 36;3.Secundario/Polimodal Completa y más;2.2500 gramos y más;1
30;1;2;7.40 a 44;6.37 a 41;4.Sin especificar;2.2500 gramos y más;2
90;1;2;7.40 a 44;6.37 a 41;3.Secundario/Polimodal Completa y más;1.Menos de 2500 gramos;9
26;2;1;3.20 a 24;5.32 a 36;3.Secundario/Polimodal Completa y más;2.2500 gramos y más;1
54;1;2;5.30 a 34;7.42 y más;1.Hasta Primaria/C.EGB Completa;2.2500 gramos y más;4
42;1;1;6.35 a 39;4.28 a 31;3.Secundario/Polimodal Completa y más;1.Menos de 2500 gramos;1
02;9;2;6.35 a 39;8.Sin especificar;4.Sin especificar;3.Sin especificar;2
70;1;2;6.35 a 39;3.24 a 27;3.Secundario/Polimodal Completa y más;1.Menos de 2500 gramos;2
86;1;1;5.30 a 34;4.28 a 31;2.Secundaria/Polimodal Incompleta;1.Menos de 2500 gramos;1
82;2;1;6.35 a 39;4.28 a 31;2.Secundaria/Polimodal Incompleta;1.Menos de 2500 gramos;2
18;1;2;4.25 a 29;7.42 y más;2.Secundaria/Polimodal Incompleta;2.2500 gramos y más;6
30;1;2;8.De 45 y más;4.28 a 31;3.Secundario/Polimodal Completa y más;1.Menos de 2500 gramos;1
14;1;1;4.25 a 29;8.Sin especificar;4.Sin especificar;3.Sin especificar;7
66;1;9;4.25 a 29;6.37 a 41;2.Secundaria/Polimodal Incompleta;2.2500 gramos y más;1
06;9;1;5.30 a 34;8.Sin especificar;4.Sin especificar;3.Sin especificar;1
22;1;2;7.40 a 44;6.37 a 41;1.Hasta Primaria/C.EGB Completa;1.Menos de 2500 gramos;7
14;1;1;3.20 a 24;7.42 y más;1.Hasta Primaria/C.EGB Completa;2.2500 gramos y más;1
66;1;1;2.15 a 19;6.37 a 41;3.Secundario/Polimodal Completa y más;2.2500 gramos y más;210
46;1;2;6.35 a 39;6.37 a 41;2.Secundaria/Polimodal Incompleta;2.2500 gramos y más;24
34;1;2;6.35 a 39;6.37 a 41;4.Sin especificar;1.Menos de 2500 gramos;2
50;2;1;4.25 a 29;6.37 a 41;3.Secundario/Polimodal Completa y más;1.Menos de 2500 gramos;8
54;1;2;2.15 a 19;5.32 a 36;2.Secundaria/Polimodal Incompleta;2.2500 gramos y más;37
14;1;1;4.25 a 29;6.37 a 41;4.Sin especificar;2.2500 gramos y más;26
70;1;1;2.15 a 19;6.37 a 41;1.Hasta Primaria/C.EGB Completa;1.Menos de 2500 gramos;5
42;1;2;3.20 a 24;5.32 a 36;2.Secundaria/Polimodal Incompleta;1.Menos de 2500 gramos;2
90;1;1;7.40 a 44;6.37 a 41;3.Secundario/Polimodal Completa y más;2.2500 gramos y más;224
26;1;2;8.De 45 y más;5.32 a 36;3.Secundario/Polimodal Completa y más;2.2500 gramos y más;1
34;2;1;2.15 a 19;6.37 a 41;4.Sin especificar;2.2500 gramos y más;1
74;1;1;5.30 a 34;5.32 a 36;2.Secundaria/Polimodal Incompleta;2.2500 gramos y más;5
06;1;1;6.35 a 39;3.24 a 27;2.Secundaria/Polimodal Incompleta;1.Menos de 2500 gramos;3
74;1;1;3.20 a 24;7.42 y más;1.Hasta Primaria/C.EGB Completa;2.2500 gramos y más;2
58;2;1;6.35 a 39;4.28 a 31;3.Secundario/Polimodal Completa y más;1.Menos de 2500 gramos;1
06;9;2;7.40 a 44;3.24 a 27;4.Sin especificar;1.Menos de 2500 gramos;1
82;1;2;3.20 a 24;6.37 a 41;2.Secundaria/Polimodal Incompleta;1.Menos de 2500 gramos;48
06;1;2;4.25 a 29;6.37 a 41;1.Hasta Primaria/C.EGB Completa;3.Sin especificar;11
06;1;9;6.35 a 39;8.Sin especificar;3.Secundario/Polimodal Completa y más;2.2500 gramos y más;3
90;1;1;5.30 a 34;8.Sin especificar;3.Secundario/Polimodal Completa y más;2.2500 gramos y más;10
30;1;1;7.40 a 44;6.37 a 41;2.Secundaria/Polimodal Incompleta;1.Menos de 2500 gramos;1
66;2;1;5.30 a 34;5.32 a 36;2.Secundaria/Polimodal Incompleta;1.Menos de 2500 gramos;1
74;2;1;2.15 a 19;7.42 y más;1.Hasta Primaria/C.EGB Completa;2.2500 gramos y más;1
74;1;1;7.40 a 44;5.32 a 36;2.Secundaria/Polimodal Incompleta;2.2500 gramos y más;1
74;1;2;6.35 a 39;6.37 a 41;3.Secundario/Polimodal Completa y más;1.Menos de 2500 gramos;7
06;1;9;2.15 a 19;6.37 a 41;1.Hasta Primaria/C.EGB Completa;2.2500 gramos y más;14
02;2;2;4.25 a 29;5.32 a 36;3.Secundario/Polimodal Completa y más;1.Menos de 2500 gramos;12
22;1;1;3.20 a 24;4.28 a 31;1.Hasta Primaria/C.EGB Completa;2.2500 gramos y más;2
54;1;2;4.25 a 29;6.37 a 41;4.Sin especificar;2.2500 gramos y más;155
18;1;1;3.20 a 24;4.28 a 31;4.Sin especificar;2.2500 gramos y más;1
30;2;2;7.40 a 44;6.37 a 41;3.Secundario/Polimodal Completa y más;2.2500 gramos y más;1
06;1;1;5.30 a 34;5.32 a 36;2.Secundaria/Polimodal Incompleta;2.2500 gramos y más;116
22;2;1;4.25 a 29;4.28 a 31;3.Secundario/Polimodal Completa y más;1.Menos de 2500 gramos;1
14;1;2;5.30 a 34;6.37 a 41;1.Hasta Primaria/C.EGB Completa;1.Menos de 2500 gramos;10
50;1;2;5.30 a 34;4.28 a 31;2.Secundaria/Polimodal Incompleta;1.Menos de 2500 gramos;1
14;2;2;6.35 a 39;5.32 a 36;3.Secundario/Polimodal Completa y más;1.Menos de 2500 gramos;37
14;1;1;6.35 a 39;5.32 a 36;1.Hasta Primaria/C.EGB Completa;1.Menos de 2500 gramos;13
86;1;2;3.20 a 24;8.Sin especificar;3.Secundario/Polimodal Completa y más;1.Menos de 2500 gramos;1
54;1;2;5.30 a 34;6.37 a 41;2.Secundaria/Polimodal Incompleta;1.Menos de 2500 gramos;21
62;1;2;6.35 a 39;4.28 a 31;3.Secundario/Polimodal Completa y más;1.Menos de 2500 gramos;5
90;1;1;2.15 a 19;7.42 y más;1.Hasta Primaria/C.EGB Completa;1.Menos de 2500 gramos;1
86;1;1;2.15 a 19;4.28 a 31;2.Secundaria/Polimodal Incompleta;1.Menos de 2500 gramos;1
06;1;1;3.20 a 24;8.Sin especificar;2.Secundaria/Polimodal Incompleta;3.Sin especificar;8
54;1;9;5.30 a 34;6.37 a 41;1.Hasta Primaria/C.EGB Completa;2.2500 gramos y más;1
06;1;2;4.25 a 29;5.32 a 36;3.Secundario/Polimodal Completa y más;1.Menos de 2500 gramos;316
54;1;2;6.35 a 39;3.24 a 27;1.Hasta Primaria/C.EGB Completa;1.Menos de 2500 gramos;1
14;1;2;6.35 a 39;6.37 a 41;2.Secundaria/Polimodal Incompleta;3.Sin especificar;4
42;1;1;5.30 a 34;6.37 a 41;2.Secundaria/Polimodal Incompleta;1.Menos de 2500 gramos;5
58;2;2;3.20 a 24;5.32 a 36;3.Secundario/Polimodal Completa y más;1.Menos de 2500 gramos;2
26;1;2;2.15 a 19;6.37 a 41;4.Sin especificar;2.2500 gramos y más;44
58;1;1;5.30 a 34;5.32 a 36;1.Hasta Primaria/C.EGB Completa;1.Menos de 2500 gramos;3
90;2;1;8.De 45 y más;5.32 a 36;3.Secundario/Polimodal Completa y más;1.Menos de 2500 gramos;1
26;1;2;7.40 a 44;4.28 a 31;3.Secundario/Polimodal Completa y más;1.Menos de 2500 gramos;3
46;1;1;6.35 a 39;5.32 a 36;1.Hasta Primaria/C.EGB Completa;2.2500 gramos y más;2
02;9;2;7.40 a 44;8.Sin especificar;4.Sin especificar;3.Sin especificar;1
90;1;2;2.15 a 19;3.24 a 27;3.Secundario/Polimodal Completa y más;1.Menos de 2500 gramos;2
82;1;1;6.35 a 39;5.32 a 36;2.Secundaria/Polimodal Incompleta;1.Menos de 2500 gramos;12
82;1;2;3.20 a 24;4.28 a 31;1.Hasta Primaria/C.EGB Completa;1.Menos de 2500 gramos;6
74;1;1;1.Menor de 15;6.37 a 41;2.Secundaria/Polimodal Incompleta;1.Menos de 2500 gramos;1
54;1;2;5.30 a 34;6.37 a 41;1.Hasta Primaria/C.EGB Completa;1.Menos de 2500 gramos;12
58;1;2;4.25 a 29;5.32 a 36;2.Secundaria/Polimodal Incompleta;1.Menos de 2500 gramos;2
30;1;2;4.25 a 29;4.28 a 31;3.Secundario/Polimodal Completa y más;1.Menos de 2500 gramos;4
02;2;2;7.40 a 44;6.37 a 41;3.Secundario/Polimodal Completa y más;1.Menos de 2500 gramos;5
74;1;1;4.25 a 29;6.37 a 41;4.Sin especificar;2.2500 gramos y más;10
50;2;1;5.30 a 34;6.37 a 41;1.Hasta Primaria/C.EGB Completa;2.2500 gramos y más;3
99;1;1;4.25 a 29;4.28 a 31;3.Secundario/Polimodal Completa y más;2.2500 gramos y más;1
62;1;1;1.Menor de 15;5.32 a 36;1.Hasta Primaria/C.EGB Completa;1.Menos de 2500 gramos;2
14;1;2;3.20 a 24;3.24 a 27;2.Secundaria/Polimodal Incompleta;1.Menos de 2500 gramos;1
22;1;2;7.40 a 44;6.37 a 41;4.Sin especificar;2.2500 gramos y más;3
34;1;2;6.35 a 39;5.32 a 36;1.Hasta Primaria/C.EGB Completa;1.Menos de 2500 gramos;1
99;2;9;3.20 a 24;6.37 a 41;3.Secundario/Polimodal Completa y más;2.2500 gramos y más;1
38;1;1;3.20 a 24;6.37 a 41;2.Secundaria/Polimodal Incompleta;2.2500 gramos y más;249
18;1;1;3.20 a 24;7.42 y más;3.Secundario/Polimodal Completa y más;2.2500 gramos y más;10
58;2;1;5.30 a 34;6.37 a 41;3.Secundario/Polimodal Completa y más;1.Menos de 2500 gramos;3
18;2;2;6.35 a 39;6.37 a 41;2.Secundaria/Polimodal Incompleta;2.2500 gramos y más;1
06;2;2;4.25 a 29;6.37 a 41;4.Sin especificar;3.Sin especificar;1
22;1;2;4.25 a 29;6.37 a 41;1.Hasta Primaria/C.EGB Completa;2.2500 gramos y más;525
14;2;1;4.25 a 29;5.32 a 36;3.Secundario/Polimodal Completa y más;1.Menos de 2500 gramos;11
38;1;1;7.40 a 44;6.37 a 41;2.Secundaria/Polimodal Incompleta;2.2500 gramos y más;10
86;1;1;3.20 a 24;7.42 y más;3.Secundario/Polimodal Completa y más;2.2500 gramos y más;8
66;1;1;2.15 a 19;5.32 a 36;3.Secundario/Polimodal Completa y más;1.Menos de 2500 gramos;4
50;1;2;2.15 a 19;5.32 a 36;3.Secundario/Polimodal Completa y más;1.Menos de 2500 gramos;6
66;1;1;5.30 a 34;6.37 a 41;2.Secundaria/Polimodal Incompleta;1.Menos de 2500 gramos;1
66;1;1;5.30 a 34;5.32 a 36;2.Secundaria/Polimodal Incompleta;2.2500 gramos y más;16
06;2;1;7.40 a 44;8.Sin especificar;3.Secundario/Polimodal Completa y más;1.Menos de 2500 gramos;1
86;2;1;6.35 a 39;6.37 a 41;2.Secundaria/Polimodal Incompleta;1.Menos de 2500 gramos;1
86;1;1;7.40 a 44;4.28 a 31;3.Secundario/Polimodal Completa y más;1.Menos de 2500 gramos;1
62;1;1;4.25 a 29;4.28 a 31;2.Secundaria/Polimodal Incompleta;2.2500 gramos y más;1
66;1;1;6.35 a 39;3.24 a 27;1.Hasta Primaria/C.EGB Completa;1.Menos de 2500 gramos;1
90;2;2;3.20 a 24;5.32 a 36;1.Hasta Primaria/C.EGB Completa;1.Menos de 2500 gramos;1
06;9;2;6.35 a 39;6.37 a 41;3.Secundario/Polimodal Completa y más;1.Menos de 2500 gramos;3
02;9;2;6.35 a 39;6.37 a 41;4.Sin especificar;3.Sin especificar;15
90;1;2;9.Sin especificar;6.37 a 41;2.Secundaria/Polimodal Incompleta;2.2500 gramos y más;6
02;9;1;7.40 a 44;4.28 a 31;4.Sin especificar;1.Menos de 2500 gramos;3
06;1;2;2.15 a 19;4.28 a 31;1.Hasta Primaria/C.EGB Completa;1.Menos de 2500 gramos;7
50;1;1;5.30 a 34;5.32 a 36;2.Secundaria/Polimodal Incompleta;1.Menos de 2500 gramos;20
06;2;1;6.35 a 39;6.37 a 41;2.Secundaria/Polimodal Incompleta;1.Menos de 2500 gramos;10
78;2;1;2.15 a 19;6.37 a 41;2.Secundaria/Polimodal Incompleta;1.Menos de 2500 gramos;1
26;2;1;7.40 a 44;6.37 a 41;3.Secundario/Polimodal Completa y más;2.2500 gramos y más;1
46;1;1;7.40 a 44;6.37 a 41;4.Sin especificar;2.2500 gramos y más;1
34;1;2;8.De 45 y más;6.37 a 41;4.Sin especificar;2.2500 gramos y más;1
18;1;2;7.40 a 44;6.37 a 41;3.Secundario/Polimodal Completa y más;1.Menos de 2500 gramos;8
22;1;2;6.35 a 39;6.37 a 41;1.Hasta Primaria/C.EGB Completa;3.Sin especificar;2
14;1;2;5.30 a 34;6.37 a 41;3.Secundario/Polimodal Completa y más;1.Menos de 2500 gramos;72
70;1;2;6.35 a 39;6.37 a 41;3.Secundario/Polimodal Completa y más;2.2500 gramos y más;405
90;1;2;6.35 a 39;5.32 a 36;3.Secundario/Polimodal Completa y más;2.2500 gramos y más;47
02;1;1;8.De 45 y más;6.37 a 41;4.Sin especificar;1.Menos de 2500 gramos;1
14;1;1;8.De 45 y más;6.37 a 41;4.Sin especificar;2.2500 gramos y más;2
38;1;1;4.25 a 29;4.28 a 31;2.Secundaria/Polimodal Incompleta;1.Menos de 2500 gramos;1
58;2;1;5.30 a 34;5.32 a 36;3.Secundario/Polimodal Completa y más;2.2500 gramos y más;3
54;1;2;4.25 a 29;5.32 a 36;3.Secundario/Polimodal Completa y más;1.Menos de 2500 gramos;36
02;2;2;6.35 a 39;6.37 a 41;3.Secundario/Polimodal Completa y más;1.Menos de 2500 gramos;8
90;2;1;4.25 a 29;3.24 a 27;2.Secundaria/Polimodal Incompleta;1.Menos de 2500 gramos;1
90;1;1;3.20 a 24;6.37 a 41;1.Hasta Primaria/C.EGB Completa;2.2500 gramos y más;486
02;1;1;5.30 a 34;6.37 a 41;1.Hasta Primaria/C.EGB Completa;2.2500 gramos y más;332
06;2;1;6.35 a 39;2.22 a 23;1.Hasta Primaria/C.EGB Completa;1.Menos de 2500 gramos;1
90;1;2;2.15 a 19;5.32 a 36;4.Sin especificar;2.2500 gramos y más;1
50;1;2;6.35 a 39;5.32 a 36;2.Secundaria/Polimodal Incompleta;1.Menos de 2500 gramos;10
02;2;2;8.De 45 y más;6.37 a 41;3.Secundario/Polimodal Completa y más;2.2500 gramos y más;3
70;1;2;4.25 a 29;5.32 a 36;1.Hasta Primaria/C.EGB Completa;2.2500 gramos y más;3
06;2;1;6.35 a 39;5.32 a 36;1.Hasta Primaria/C.EGB Completa;2.2500 gramos y más;9
66;1;2;1.Menor de 15;5.32 a 36;2.Secundaria/Polimodal Incompleta;1.Menos de 2500 gramos;1
78;2;2;4.25 a 29;4.28 a 31;3.Secundario/Polimodal Completa y más;1.Menos de 2500 gramos;2
90;1;1;2.15 a 19;5.32 a 36;3.Secundario/Polimodal Completa y más;1.Menos de 2500 gramos;17
86;1;1;3.20 a 24;5.32 a 36;3.Secundario/Polimodal Completa y más;2.2500 gramos y más;32
74;1;2;4.25 a 29;4.28 a 31;2.Secundaria/Polimodal Incompleta;1.Menos de 2500 gramos;1
18;1;2;8.De 45 y más;6.37 a 41;2.Secundaria/Polimodal Incompleta;2.2500 gramos y más;2
14;2;2;5.30 a 34;6.37 a 41;3.Secundario/Polimodal Completa y más;2.2500 gramos y más;27
38;1;2;6.35 a 39;7.42 y más;2.Secundaria/Polimodal Incompleta;2.2500 gramos y más;1
90;1;1;5.30 a 34;3.24 a 27;1.Hasta Primaria/C.EGB Completa;1.Menos de 2500 gramos;2
90;1;2;6.35 a 39;6.37 a 41;2.Secundaria/Polimodal Incompleta;1.Menos de 2500 gramos;4
06;2;2;2.15 a 19;5.32 a 36;4.Sin especificar;1.Menos de 2500 gramos;1
42;2;2;6.35 a 39;3.24 a 27;3.Secundario/Polimodal Completa y más;1.Menos de 2500 gramos;1
02;2;1;7.40 a 44;6.37 a 41;3.Secundario/Polimodal Completa y más;2.2500 gramos y más;11
78;1;2;4.25 a 29;5.32 a 36;3.Secundario/Polimodal Completa y más;1.Menos de 2500 gramos;6
06;1;1;9.Sin especificar;5.32 a 36;4.Sin especificar;1.Menos de 2500 gramos;14
30;2;2;7.40 a 44;5.32 a 36;3.Secundario/Polimodal Completa y más;1.Menos de 2500 gramos;2
70;2;2;5.30 a 34;5.32 a 36;2.Secundaria/Polimodal Incompleta;1.Menos de 2500 gramos;4
02;1;1;4.25 a 29;6.37 a 41;4.Sin especificar;1.Menos de 2500 gramos;5
58;2;1;5.30 a 34;5.32 a 36;1.Hasta Primaria/C.EGB Completa;2.2500 gramos y más;1
78;2;1;4.25 a 29;6.37 a 41;3.Secundario/Polimodal Completa y más;2.2500 gramos y más;5
58;2;1;2.15 a 19;5.32 a 36;2.Secundaria/Polimodal Incompleta;2.2500 gramos y más;1
22;1;1;2.15 a 19;8.Sin especificar;1.Hasta Primaria/C.EGB Completa;2.2500 gramos y más;1
26;1;1;5.30 a 34;6.37 a 41;2.Secundaria/Polimodal Incompleta;2.2500 gramos y más;115
10;1;2;5.30 a 34;5.32 a 36;3.Secundario/Polimodal Completa y más;2.2500 gramos y más;15
54;1;1;3.20 a 24;4.28 a 31;3.Secundario/Polimodal Completa y más;1.Menos de 2500 gramos;2
82;1;1;5.30 a 34;4.28 a 31;1.Hasta Primaria/C.EGB Completa;2.2500 gramos y más;1
22;2;1;3.20 a 24;6.37 a 41;3.Secundario/Polimodal Completa y más;2.2500 gramos y más;3
06;2;1;6.35 a 39;4.28 a 31;3.Secundario/Polimodal Completa y más;3.Sin especificar;1
06;2;1;3.20 a 24;3.24 a 27;2.Secundaria/Polimodal Incompleta;1.Menos de 2500 gramos;2
94;1;2;3.20 a 24;5.32 a 36;3.Secundario/Polimodal Completa y más;1.Menos de 2500 gramos;2
50;1;1;8.De 45 y más;6.37 a 41;3.Secundario/Polimodal Completa y más;2.2500 gramos y más;13
26;1;1;4.25 a 29;5.32 a 36;1.Hasta Primaria/C.EGB Completa;1.Menos de 2500 gramos;1
58;2;1;3.20 a 24;6.37 a 41;2.Secundaria/Polimodal Incompleta;1.Menos de 2500 gramos;1
54;2;2;3.20 a 24;6.37 a 41;2.Secundaria/Polimodal Incompleta;2.2500 gramos y más;2
06;2;2;6.35 a 39;5.32 a 36;2.Secundaria/Polimodal Incompleta;1.Menos de 2500 gramos;14
86;1;1;4.25 a 29;5.32 a 36;3.Secundario/Polimodal Completa y más;2.2500 gramos y más;50
38;2;2;4.25 a 29;6.37 a 41;3.Secundario/Polimodal Completa y más;2.2500 gramos y más;2
06;1;1;5.30 a 34;6.37 a 41;2.Secundaria/Polimodal Incompleta;1.Menos de 2500 gramos;61
86;1;2;6.35 a 39;6.37 a 41;2.Secundaria/Polimodal Incompleta;1.Menos de 2500 gramos;2
86;1;2;7.40 a 44;5.32 a 36;3.Secundario/Polimodal Completa y más;2.2500 gramos y más;7
54;1;2;2.15 a 19;4.28 a 31;3.Secundario/Polimodal Completa y más;1.Menos de 2500 gramos;1
30;2;2;5.30 a 34;6.37 a 41;1.Hasta Primaria/C.EGB Completa;2.2500 gramos y más;4
14;1;2;2.15 a 19;8.Sin especificar;4.Sin especificar;3.Sin especificar;1
62;1;1;3.20 a 24;4.28 a 31;2.Secundaria/Polimodal Incompleta;1.Menos de 2500 gramos;3
82;1;1;6.35 a 39;6.37 a 41;1.Hasta Primaria/C.EGB Completa;1.Menos de 2500 gramos;10
14;2;2;2.15 a 19;5.32 a 36;2.Secundaria/Polimodal Incompleta;1.Menos de 2500 gramos;4
66;2;1;4.25 a 29;6.37 a 41;3.Secundario/Polimodal Completa y más;2.2500 gramos y más;13
02;1;9;5.30 a 34;6.37 a 41;3.Secundario/Polimodal Completa y más;2.2500 gramos y más;2
46;1;1;4.25 a 29;3.24 a 27;3.Secundario/Polimodal Completa y más;1.Menos de 2500 gramos;3
82;1;1;5.30 a 34;6.37 a 41;2.Secundaria/Polimodal Incompleta;2.2500 gramos y más;586
50;1;1;4.25 a 29;6.37 a 41;1.Hasta Primaria/C.EGB Completa;2.2500 gramos y más;347
86;1;1;1.Menor de 15;6.37 a 41;1.Hasta Primaria/C.EGB Completa;2.2500 gramos y más;13
06;1;1;9.Sin especificar;5.32 a 36;3.Secundario/Polimodal Completa y más;2.2500 gramos y más;35
54;2;1;4.25 a 29;6.37 a 41;4.Sin especificar;2.2500 gramos y más;2
22;1;2;5.30 a 34;6.37 a 41;4.Sin especificar;2.2500 gramos y más;18
86;1;1;5.30 a 34;5.32 a 36;2.Secundaria/Polimodal Incompleta;2.2500 gramos y más;6
99;9;1;5.30 a 34;6.37 a 41;4.Sin especificar;2.2500 gramos y más;18
82;1;2;7.40 a 44;4.28 a 31;3.Secundario/Polimodal Completa y más;1.Menos de 2500 gramos;3
30;1;1;4.25 a 29;6.37 a 41;1.Hasta Primaria/C.EGB Completa;1.Menos de 2500 gramos;2
70;1;2;2.15 a 19;3.24 a 27;1.Hasta Primaria/C.EGB Completa;1.Menos de 2500 gramos;1
30;1;2;5.30 a 34;4.28 a 31;3.Secundario/Polimodal Completa y más;2.2500 gramos y más;1
90;2;1;2.15 a 19;4.28 a 31;2.Secundaria/Polimodal Incompleta;1.Menos de 2500 gramos;3
50;1;2;2.15 a 19;5.32 a 36;2.Secundaria/Polimodal Incompleta;1.Menos de 2500 gramos;17
86;1;1;4.25 a 29;5.32 a 36;1.Hasta Primaria/C.EGB Completa;2.2500 gramos y más;55
62;1;1;6.35 a 39;5.32 a 36;2.Secundaria/Polimodal Incompleta;1.Menos de 2500 gramos;2
06;1;2;8.De 45 y más;6.37 a 41;2.Secundaria/Polimodal Incompleta;2.2500 gramos y más;24
94;1;1;4.25 a 29;5.32 a 36;3.Secundario/Polimodal Completa y más;1.Menos de 2500 gramos;2
50;1;1;4.25 a 29;6.37 a 41;3.Secundario/Polimodal Completa y más;2.2500 gramos y más;1687
06;1;1;7.40 a 44;8.Sin especificar;1.Hasta Primaria/C.EGB Completa;2.2500 gramos y más;10
14;1;2;4.25 a 29;3.24 a 27;2.Secundaria/Polimodal Incompleta;1.Menos de 2500 gramos;1
22;1;2;3.20 a 24;5.32 a 36;1.Hasta Primaria/C.EGB Completa;1.Menos de 2500 gramos;15
46;1;2;3.20 a 24;4.28 a 31;3.Secundario/Polimodal Completa y más;1.Menos de 2500 gramos;2
22;9;1;3.20 a 24;6.37 a 41;1.Hasta Primaria/C.EGB Completa;3.Sin especificar;1
14;1;2;9.Sin especificar;4.28 a 31;2.Secundaria/Polimodal Incompleta;1.Menos de 2500 gramos;1
94;1;1;4.25 a 29;6.37 a 41;2.Secundaria/Polimodal Incompleta;2.2500 gramos y más;37
06;2;1;4.25 a 29;8.Sin especificar;2.Secundaria/Polimodal Incompleta;2.2500 gramos y más;1
70;1;1;4.25 a 29;4.28 a 31;3.Secundario/Polimodal Completa y más;1.Menos de 2500 gramos;3
22;1;1;5.30 a 34;5.32 a 36;3.Secundario/Polimodal Completa y más;2.2500 gramos y más;48
06;1;2;8.De 45 y más;5.32 a 36;3.Secundario/Polimodal Completa y más;1.Menos de 2500 gramos;25
42;1;2;2.15 a 19;6.37 a 41;3.Secundario/Polimodal Completa y más;1.Menos de 2500 gramos;3
82;1;2;3.20 a 24;5.32 a 36;2.Secundaria/Polimodal Incompleta;2.2500 gramos y más;55
22;1;2;2.15 a 19;6.37 a 41;4.Sin especificar;2.2500 gramos y más;22
66;1;1;6.35 a 39;8.Sin especificar;3.Secundario/Polimodal Completa y más;2.2500 gramos y más;15
06;1;1;7.40 a 44;8.Sin especificar;3.Secundario/Polimodal Completa y más;2.2500 gramos y más;28
82;2;1;2.15 a 19;5.32 a 36;3.Secundario/Polimodal Completa y más;1.Menos de 2500 gramos;2
74;1;2;2.15 a 19;6.37 a 41;3.Secundario/Polimodal Completa y más;1.Menos de 2500 gramos;1
18;1;1;6.35 a 39;3.24 a 27;3.Secundario/Polimodal Completa y más;1.Menos de 2500 gramos;2
90;1;1;3.20 a 24;6.37 a 41;4.Sin especificar;3.Sin especificar;2
14;1;1;6.35 a 39;6.37 a 41;1.Hasta Primaria/C.EGB Completa;2.2500 gramos y más;304
06;1;1;7.40 a 44;3.24 a 27;3.Secundario/Polimodal Completa y más;1.Menos de 2500 gramos;5
18;1;1;4.25 a 29;5.32 a 36;4.Sin especificar;1.Menos de 2500 gramos;16
90;1;1;3.20 a 24;4.28 a 31;1.Hasta Primaria/C.EGB Completa;1.Menos de 2500 gramos;2
02;1;2;7.40 a 44;6.37 a 41;1.Hasta Primaria/C.EGB Completa;2.2500 gramos y más;72
54;1;1;6.35 a 39;5.32 a 36;4.Sin especificar;2.2500 gramos y más;2
90;1;2;4.25 a 29;8.Sin especificar;2.Secundaria/Polimodal Incompleta;2.2500 gramos y más;12
54;1;2;6.35 a 39;7.42 y más;3.Secundario/Polimodal Completa y más;2.2500 gramos y más;1
99;1;2;7.40 a 44;4.28 a 31;4.Sin especificar;1.Menos de 2500 gramos;1
62;1;1;3.20 a 24;5.32 a 36;1.Hasta Primaria/C.EGB Completa;1.Menos de 2500 gramos;2
06;1;2;9.Sin especificar;5.32 a 36;1.Hasta Primaria/C.EGB Completa;1.Menos de 2500 gramos;8
94;2;2;3.20 a 24;6.37 a 41;3.Secundario/Polimodal Completa y más;1.Menos de 2500 gramos;2
18;1;1;6.35 a 39;4.28 a 31;3.Secundario/Polimodal Completa y más;1.Menos de 2500 gramos;2
14;2;2;5.30 a 34;5.32 a 36;1.Hasta Primaria/C.EGB Completa;1.Menos de 2500 gramos;1
50;1;2;4.25 a 29;5.32 a 36;3.Secundario/Polimodal Completa y más;2.2500 gramos y más;41
46;1;2;3.20 a 24;7.42 y más;2.Secundaria/Polimodal Incompleta;2.2500 gramos y más;2
66;2;2;5.30 a 34;5.32 a 36;1.Hasta Primaria/C.EGB Completa;1.Menos de 2500 gramos;4
06;1;2;4.25 a 29;5.32 a 36;2.Secundaria/Polimodal Incompleta;3.Sin especificar;1
06;2;1;2.15 a 19;8.Sin especificar;4.Sin especificar;3.Sin especificar;2
02;2;2;5.30 a 34;5.32 a 36;2.Secundaria/Polimodal Incompleta;1.Menos de 2500 gramos;4
02;9;1;7.40 a 44;6.37 a 41;3.Secundario/Polimodal Completa y más;2.2500 gramos y más;8
86;2;2;4.25 a 29;4.28 a 31;1.Hasta Primaria/C.EGB Completa;1.Menos de 2500 gramos;1
14;1;2;8.De 45 y más;3.24 a 27;3.Secundario/Polimodal Completa y más;1.Menos de 2500 gramos;1
06;2;2;2.15 a 19;3.24 a 27;2.Secundaria/Polimodal Incompleta;1.Menos de 2500 gramos;4
58;1;1;2.15 a 19;8.Sin especificar;2.Secundaria/Polimodal Incompleta;2.2500 gramos y más;2
74;1;2;5.30 a 34;5.32 a 36;3.Secundario/Polimodal Completa y más;1.Menos de 2500 gramos;20
54;1;1;2.15 a 19;6.37 a 41;1.Hasta Primaria/C.EGB Completa;1.Menos de 2500 gramos;18
34;1;2;4.25 a 29;3.24 a 27;4.Sin especificar;1.Menos de 2500 gramos;1
18;1;2;3.20 a 24;6.37 a 41;1.Hasta Primaria/C.EGB Completa;1.Menos de 2500 gramos;6
02;9;1;6.35 a 39;7.42 y más;4.Sin especificar;2.2500 gramos y más;1
38;1;2;3.20 a 24;7.42 y más;3.Secundario/Polimodal Completa y más;2.2500 gramos y más;4
38;1;2;6.35 a 39;4.28 a 31;2.Secundaria/Polimodal Incompleta;1.Menos de 2500 gramos;1
62;2;2;4.25 a 29;6.37 a 41;4.Sin especificar;1.Menos de 2500 gramos;1
66;1;2;4.25 a 29;5.32 a 36;1.Hasta Primaria/C.EGB Completa;1.Menos de 2500 gramos;11
22;1;2;4.25 a 29;5.32 a 36;3.Secundario/Polimodal Completa y más;3.Sin especificar;2
14;2;2;8.De 45 y más;6.37 a 41;3.Secundario/Polimodal Completa y más;2.2500 gramos y más;1
34;1;1;8.De 45 y más;6.37 a 41;3.Secundario/Polimodal Completa y más;2.2500 gramos y más;2
90;1;1;3.20 a 24;6.37 a 41;2.Secundaria/Polimodal Incompleta;1.Menos de 2500 gramos;16
82;1;2;9.Sin especificar;8.Sin especificar;2.Secundaria/Polimodal Incompleta;3.Sin especificar;1
99;1;1;7.40 a 44;5.32 a 36;3.Secundario/Polimodal Completa y más;2.2500 gramos y más;1
02;2;2;4.25 a 29;6.37 a 41;2.Secundaria/Polimodal Incompleta;2.2500 gramos y más;4
82;2;1;6.35 a 39;5.32 a 36;3.Secundario/Polimodal Completa y más;1.Menos de 2500 gramos;35
06;1;2;3.20 a 24;6.37 a 41;1.Hasta Primaria/C.EGB Completa;1.Menos de 2500 gramos;86
50;2;2;7.40 a 44;4.28 a 31;1.Hasta Primaria/C.EGB Completa;1.Menos de 2500 gramos;2
50;1;1;4.25 a 29;8.Sin especificar;2.Secundaria/Polimodal Incompleta;2.2500 gramos y más;1
38;2;1;2.15 a 19;6.37 a 41;2.Secundaria/Polimodal Incompleta;2.2500 gramos y más;1
54;1;1;5.30 a 34;5.32 a 36;1.Hasta Primaria/C.EGB Completa;1.Menos de 2500 gramos;11
18;2;1;4.25 a 29;6.37 a 41;3.Secundario/Polimodal Completa y más;2.2500 gramos y más;10
22;1;1;2.15 a 19;6.37 a 41;1.Hasta Primaria/C.EGB Completa;2.2500 gramos y más;388
26;2;1;6.35 a 39;5.32 a 36;3.Secundario/Polimodal Completa y más;1.Menos de 2500 gramos;8
99;1;2;9.Sin especificar;4.28 a 31;1.Hasta Primaria/C.EGB Completa;1.Menos de 2500 gramos;1
99;1;9;7.40 a 44;6.37 a 41;4.Sin especificar;2.2500 gramos y más;1
66;1;1;5.30 a 34;6.37 a 41;1.Hasta Primaria/C.EGB Completa;2.2500 gramos y más;213
58;1;1;4.25 a 29;4.28 a 31;3.Secundario/Polimodal Completa y más;1.Menos de 2500 gramos;6
46;2;1;5.30 a 34;5.32 a 36;3.Secundario/Polimodal Completa y más;1.Menos de 2500 gramos;2
70;1;2;2.15 a 19;6.37 a 41;3.Secundario/Polimodal Completa y más;2.2500 gramos y más;99
46;1;1;5.30 a 34;6.37 a 41;2.Secundaria/Polimodal Incompleta;2.2500 gramos y más;44
82;1;1;4.25 a 29;3.24 a 27;1.Hasta Primaria/C.EGB Completa;1.Menos de 2500 gramos;2
42;1;1;4.25 a 29;6.37 a 41;3.Secundario/Polimodal Completa y más;1.Menos de 2500 gramos;13
62;1;1;4.25 a 29;7.42 y más;3.Secundario/Polimodal Completa y más;2.2500 gramos y más;2
66;2;1;2.15 a 19;6.37 a 41;2.Secundaria/Polimodal Incompleta;1.Menos de 2500 gramos;1
50;1;1;2.15 a 19;4.28 a 31;3.Secundario/Polimodal Completa y más;1.Menos de 2500 gramos;1
54;1;2;4.25 a 29;5.32 a 36;2.Secundaria/Polimodal Incompleta;1.Menos de 2500 gramos;19
02;2;1;8.De 45 y más;5.32 a 36;4.Sin especificar;1.Menos de 2500 gramos;2
90;1;1;3.20 a 24;4.28 a 31;2.Secundaria/Polimodal Incompleta;1.Menos de 2500 gramos;6
50;1;2;6.35 a 39;3.24 a 27;2.Secundaria/Polimodal Incompleta;1.Menos de 2500 gramos;3
34;1;1;5.30 a 34;4.28 a 31;2.Secundaria/Polimodal Incompleta;1.Menos de 2500 gramos;5
34;1;1;3.20 a 24;4.28 a 31;2.Secundaria/Polimodal Incompleta;1.Menos de 2500 gramos;3
02;9;2;3.20 a 24;8.Sin especificar;4.Sin especificar;3.Sin especificar;1
86;1;1;1.Menor de 15;5.32 a 36;2.Secundaria/Polimodal Incompleta;2.2500 gramos y más;2
14;1;1;6.35 a 39;8.Sin especificar;3.Secundario/Polimodal Completa y más;2.2500 gramos y más;1
10;1;1;3.20 a 24;7.42 y más;2.Secundaria/Polimodal Incompleta;2.2500 gramos y más;2
22;1;2;4.25 a 29;6.37 a 41;2.Secundaria/Polimodal Incompleta;1.Menos de 2500 gramos;9
38;2;1;5.30 a 34;6.37 a 41;3.Secundario/Polimodal Completa y más;2.2500 gramos y más;4
90;1;2;3.20 a 24;6.37 a 41;3.Secundario/Polimodal Completa y más;1.Menos de 2500 gramos;40
18;1;1;6.35 a 39;6.37 a 41;3.Secundario/Polimodal Completa y más;2.2500 gramos y más;441
90;1;2;2.15 a 19;8.Sin especificar;3.Secundario/Polimodal Completa y más;2.2500 gramos y más;3
66;2;2;4.25 a 29;6.37 a 41;2.Secundaria/Polimodal Incompleta;1.Menos de 2500 gramos;1
54;1;2;5.30 a 34;6.37 a 41;3.Secundario/Polimodal Completa y más;1.Menos de 2500 gramos;18
90;1;2;1.Menor de 15;5.32 a 36;2.Secundaria/Polimodal Incompleta;1.Menos de 2500 gramos;1
10;1;2;4.25 a 29;6.37 a 41;3.Secundario/Polimodal Completa y más;1.Menos de 2500 gramos;12
70;1;1;6.35 a 39;6.37 a 41;1.Hasta Primaria/C.EGB Completa;1.Menos de 2500 gramos;2
50;1;2;5.30 a 34;8.Sin especificar;3.Secundario/Polimodal Completa y más;2.2500 gramos y más;1
82;2;1;7.40 a 44;4.28 a 31;3.Secundario/Polimodal Completa y más;1.Menos de 2500 gramos;1
14;1;1;9.Sin especificar;6.37 a 41;3.Secundario/Polimodal Completa y más;3.Sin especificar;1
74;1;1;3.20 a 24;6.37 a 41;3.Secundario/Polimodal Completa y más;1.Menos de 2500 gramos;11
22;1;1;6.35 a 39;4.28 a 31;1.Hasta Primaria/C.EGB Completa;1.Menos de 2500 gramos;1
50;1;1;4.25 a 29;5.32 a 36;3.Secundario/Polimodal Completa y más;1.Menos de 2500 gramos;38
74;1;1;6.35 a 39;5.32 a 36;2.Secundaria/Polimodal Incompleta;2.2500 gramos y más;5
46;1;1;3.20 a 24;5.32 a 36;1.Hasta Primaria/C.EGB Completa;1.Menos de 2500 gramos;1
10;2;1;6.35 a 39;5.32 a 36;3.Secundario/Polimodal Completa y más;1.Menos de 2500 gramos;3
86;1;2;3.20 a 24;5.32 a 36;1.Hasta Primaria/C.EGB Completa;2.2500 gramos y más;35
18;2;1;5.30 a 34;6.37 a 41;3.Secundario/Polimodal Completa y más;1.Menos de 2500 gramos;3
22;9;1;4.25 a 29;6.37 a 41;1.Hasta Primaria/C.EGB Completa;2.2500 gramos y más;5
54;2;2;4.25 a 29;6.37 a 41;1.Hasta Primaria/C.EGB Completa;2.2500 gramos y más;1
62;1;2;2.15 a 19;5.32 a 36;3.Secundario/Polimodal Completa y más;1.Menos de 2500 gramos;1
14;1;1;9.Sin especificar;5.32 a 36;3.Secundario/Polimodal Completa y más;2.2500 gramos y más;4
06;1;2;6.35 a 39;5.32 a 36;3.Secundario/Polimodal Completa y más;2.2500 gramos y más;280
42;1;2;3.20 a 24;6.37 a 41;1.Hasta Primaria/C.EGB Completa;1.Menos de 2500 gramos;2
82;2;1;5.30 a 34;4.28 a 31;3.Secundario/Polimodal Completa y más;1.Menos de 2500 gramos;4
62;1;2;4.25 a 29;2.22 a 23;3.Secundario/Polimodal Completa y más;1.Menos de 2500 gramos;1
50;1;2;7.40 a 44;6.37 a 41;2.Secundaria/Polimodal Incompleta;2.2500 gramos y más;69
30;1;1;2.15 a 19;3.24 a 27;1.Hasta Primaria/C.EGB Completa;1.Menos de 2500 gramos;2
26;1;1;6.35 a 39;5.32 a 36;3.Secundario/Polimodal Completa y más;2.2500 gramos y más;12
82;1;1;6.35 a 39;8.Sin especificar;3.Secundario/Polimodal Completa y más;3.Sin especificar;2
26;2;2;5.30 a 34;5.32 a 36;1.Hasta Primaria/C.EGB Completa;2.2500 gramos y más;1
90;1;2;3.20 a 24;8.Sin especificar;2.Secundaria/Polimodal Incompleta;3.Sin especificar;1
90;1;1;3.20 a 24;7.42 y más;3.Secundario/Polimodal Completa y más;2.2500 gramos y más;56
18;2;1;6.35 a 39;6.37 a 41;2.Secundaria/Polimodal Incompleta;1.Menos de 2500 gramos;1
06;1;1;2.15 a 19;8.Sin especificar;2.Secundaria/Polimodal Incompleta;2.2500 gramos y más;43
78;1;2;3.20 a 24;6.37 a 41;4.Sin especificar;2.2500 gramos y más;4
66;1;1;5.30 a 34;8.Sin especificar;2.Secundaria/Polimodal Incompleta;1.Menos de 2500 gramos;1
06;1;1;6.35 a 39;3.24 a 27;1.Hasta Primaria/C.EGB Completa;1.Menos de 2500 gramos;7
74;1;1;3.20 a 24;2.22 a 23;3.Secundario/Polimodal Completa y más;1.Menos de 2500 gramos;1
54;1;2;3.20 a 24;5.32 a 36;4.Sin especificar;1.Menos de 2500 gramos;7
18;2;2;3.20 a 24;5.32 a 36;4.Sin especificar;2.2500 gramos y más;2
62;1;2;4.25 a 29;3.24 a 27;2.Secundaria/Polimodal Incompleta;1.Menos de 2500 gramos;1
22;1;1;3.20 a 24;6.37 a 41;2.Secundaria/Polimodal Incompleta;3.Sin especificar;1
30;1;2;5.30 a 34;3.24 a 27;2.Secundaria/Polimodal Incompleta;1.Menos de 2500 gramos;2
90;1;2;7.40 a 44;8.Sin especificar;1.Hasta Primaria/C.EGB Completa;2.2500 gramos y más;3
30;1;2;2.15 a 19;6.37 a 41;1.Hasta Primaria/C.EGB Completa;1.Menos de 2500 gramos;3
34;1;1;4.25 a 29;3.24 a 27;3.Secundario/Polimodal Completa y más;1.Menos de 2500 gramos;1
02;1;1;7.40 a 44;4.28 a 31;4.Sin especificar;1.Menos de 2500 gramos;1
14;1;1;3.20 a 24;6.37 a 41;2.Secundaria/Polimodal Incompleta;3.Sin especificar;2
02;1;1;9.Sin especificar;8.Sin especificar;4.Sin especificar;3.Sin especificar;7
18;1;2;2.15 a 19;7.42 y más;3.Secundario/Polimodal Completa y más;2.2500 gramos y más;3
26;1;2;5.30 a 34;5.32 a 36;2.Secundaria/Polimodal Incompleta;2.2500 gramos y más;3
06;1;9;7.40 a 44;6.37 a 41;1.Hasta Primaria/C.EGB Completa;2.2500 gramos y más;7
90;1;1;3.20 a 24;5.32 a 36;2.Secundaria/Polimodal Incompleta;2.2500 gramos y más;50
62;1;2;2.15 a 19;6.37 a 41;3.Secundario/Polimodal Completa y más;2.2500 gramos y más;60
34;1;1;5.30 a 34;4.28 a 31;4.Sin especificar;1.Menos de 2500 gramos;1
14;1;2;7.40 a 44;5.32 a 36;1.Hasta Primaria/C.EGB Completa;2.2500 gramos y más;7
82;2;2;4.25 a 29;4.28 a 31;2.Secundaria/Polimodal Incompleta;1.Menos de 2500 gramos;3
06;1;9;7.40 a 44;8.Sin especificar;3.Secundario/Polimodal Completa y más;2.2500 gramos y más;1
86;1;1;3.20 a 24;3.24 a 27;1.Hasta Primaria/C.EGB Completa;1.Menos de 2500 gramos;2
06;1;1;9.Sin especificar;6.37 a 41;4.Sin especificar;2.2500 gramos y más;264
30;1;2;2.15 a 19;6.37 a 41;3.Secundario/Polimodal Completa y más;1.Menos de 2500 gramos;7
06;2;1;4.25 a 29;5.32 a 36;3.Secundario/Polimodal Completa y más;1.Menos de 2500 gramos;65
06;1;2;4.25 a 29;7.42 y más;4.Sin especificar;2.2500 gramos y más;3
26;1;2;6.35 a 39;5.32 a 36;3.Secundario/Polimodal Completa y más;1.Menos de 2500 gramos;3
78;1;2;5.30 a 34;6.37 a 41;4.Sin especificar;2.2500 gramos y más;2
58;1;1;5.30 a 34;5.32 a 36;4.Sin especificar;2.2500 gramos y más;1
78;2;2;5.30 a 34;5.32 a 36;1.Hasta Primaria/C.EGB Completa;1.Menos de 2500 gramos;2
18;1;1;4.25 a 29;5.32 a 36;2.Secundaria/Polimodal Incompleta;1.Menos de 2500 gramos;9
14;1;2;1.Menor de 15;6.37 a 41;2.Secundaria/Polimodal Incompleta;2.2500 gramos y más;22
50;2;2;5.30 a 34;6.37 a 41;2.Secundaria/Polimodal Incompleta;1.Menos de 2500 gramos;4
06;1;2;9.Sin especificar;7.42 y más;2.Secundaria/Polimodal Incompleta;2.2500 gramos y más;1
22;2;2;6.35 a 39;6.37 a 41;3.Secundario/Polimodal Completa y más;2.2500 gramos y más;3
22;2;1;2.15 a 19;6.37 a 41;3.Secundario/Polimodal Completa y más;1.Menos de 2500 gramos;2
30;1;2;5.30 a 34;8.Sin especificar;1.Hasta Primaria/C.EGB Completa;3.Sin especificar;1
70;1;2;5.30 a 34;3.24 a 27;1.Hasta Primaria/C.EGB Completa;1.Menos de 2500 gramos;1
38;1;2;3.20 a 24;2.22 a 23;2.Secundaria/Polimodal Incompleta;1.Menos de 2500 gramos;2
38;1;1;7.40 a 44;4.28 a 31;3.Secundario/Polimodal Completa y más;2.2500 gramos y más;1
74;1;2;4.25 a 29;3.24 a 27;3.Secundario/Polimodal Completa y más;1.Menos de 2500 gramos;1
30;1;1;4.25 a 29;8.Sin especificar;2.Secundaria/Polimodal Incompleta;2.2500 gramos y más;2
14;1;2;3.20 a 24;5.32 a 36;2.Secundaria/Polimodal Incompleta;3.Sin especificar;1
74;1;2;6.35 a 39;6.37 a 41;2.Secundaria/Polimodal Incompleta;1.Menos de 2500 gramos;1
06;1;2;5.30 a 34;5.32 a 36;4.Sin especificar;1.Menos de 2500 gramos;36
22;1;2;5.30 a 34;3.24 a 27;2.Secundaria/Polimodal Incompleta;1.Menos de 2500 gramos;1
14;1;1;7.40 a 44;8.Sin especificar;4.Sin especificar;3.Sin especificar;2
38;1;2;6.35 a 39;5.32 a 36;1.Hasta Primaria/C.EGB Completa;1.Menos de 2500 gramos;4
10;1;1;9.Sin especificar;6.37 a 41;1.Hasta Primaria/C.EGB Completa;2.2500 gramos y más;1
02;2;1;8.De 45 y más;6.37 a 41;3.Secundario/Polimodal Completa y más;1.Menos de 2500 gramos;3
34;2;2;5.30 a 34;6.37 a 41;4.Sin especificar;2.2500 gramos y más;2
26;1;1;1.Menor de 15;6.37 a 41;2.Secundaria/Polimodal Incompleta;2.2500 gramos y más;4
54;2;1;5.30 a 34;6.37 a 41;3.Secundario/Polimodal Completa y más;1.Menos de 2500 gramos;3
02;2;1;6.35 a 39;5.32 a 36;4.Sin especificar;2.2500 gramos y más;2
82;1;2;2.15 a 19;5.32 a 36;2.Secundaria/Polimodal Incompleta;1.Menos de 2500 gramos;44
98;1;2;4.25 a 29;4.28 a 31;1.Hasta Primaria/C.EGB Completa;1.Menos de 2500 gramos;1
99;1;1;3.20 a 24;6.37 a 41;3.Secundario/Polimodal Completa y más;1.Menos de 2500 gramos;1
22;9;1;4.25 a 29;6.37 a 41;1.Hasta Primaria/C.EGB Completa;3.Sin especificar;2
30;1;2;4.25 a 29;6.37 a 41;4.Sin especificar;1.Menos de 2500 gramos;1
98;1;1;4.25 a 29;6.37 a 41;2.Secundaria/Polimodal Incompleta;2.2500 gramos y más;1
54;1;2;8.De 45 y más;5.32 a 36;1.Hasta Primaria/C.EGB Completa;2.2500 gramos y más;1
90;2;1;4.25 a 29;6.37 a 41;2.Secundaria/Polimodal Incompleta;2.2500 gramos y más;5
58;1;2;6.35 a 39;4.28 a 31;3.Secundario/Polimodal Completa y más;1.Menos de 2500 gramos;3
42;1;1;6.35 a 39;6.37 a 41;3.Secundario/Polimodal Completa y más;2.2500 gramos y más;208
82;2;1;4.25 a 29;6.37 a 41;1.Hasta Primaria/C.EGB Completa;1.Menos de 2500 gramos;3
10;1;1;9.Sin especificar;6.37 a 41;3.Secundario/Polimodal Completa y más;2.2500 gramos y más;1
18;1;2;3.20 a 24;8.Sin especificar;4.Sin especificar;2.2500 gramos y más;1
06;1;2;4.25 a 29;4.28 a 31;2.Secundaria/Polimodal Incompleta;1.Menos de 2500 gramos;14
46;1;2;7.40 a 44;5.32 a 36;1.Hasta Primaria/C.EGB Completa;1.Menos de 2500 gramos;2
14;1;2;2.15 a 19;4.28 a 31;1.Hasta Primaria/C.EGB Completa;1.Menos de 2500 gramos;1
02;1;2;3.20 a 24;6.37 a 41;2.Secundaria/Polimodal Incompleta;1.Menos de 2500 gramos;8
02;2;1;6.35 a 39;6.37 a 41;4.Sin especificar;1.Menos de 2500 gramos;1
50;1;2;1.Menor de 15;5.32 a 36;2.Secundaria/Polimodal Incompleta;2.2500 gramos y más;1
90;1;1;5.30 a 34;4.28 a 31;3.Secundario/Polimodal Completa y más;1.Menos de 2500 gramos;11
90;2;2;6.35 a 39;5.32 a 36;2.Secundaria/Polimodal Incompleta;1.Menos de 2500 gramos;1
82;1;2;2.15 a 19;5.32 a 36;1.Hasta Primaria/C.EGB Completa;1.Menos de 2500 gramos;23
34;1;2;3.20 a 24;6.37 a 41;2.Secundaria/Polimodal Incompleta;1.Menos de 2500 gramos;5
26;1;1;5.30 a 34;6.37 a 41;1.Hasta Primaria/C.EGB Completa;1.Menos de 2500 gramos;1
82;1;2;6.35 a 39;4.28 a 31;2.Secundaria/Polimodal Incompleta;1.Menos de 2500 gramos;6
58;1;2;4.25 a 29;6.37 a 41;1.Hasta Primaria/C.EGB Completa;1.Menos de 2500 gramos;2
50;1;1;7.40 a 44;6.37 a 41;3.Secundario/Polimodal Completa y más;1.Menos de 2500 gramos;8
34;1;2;2.15 a 19;4.28 a 31;2.Secundaria/Polimodal Incompleta;1.Menos de 2500 gramos;2
06;9;2;3.20 a 24;4.28 a 31;4.Sin especificar;1.Menos de 2500 gramos;3
26;1;2;4.25 a 29;6.37 a 41;1.Hasta Primaria/C.EGB Completa;1.Menos de 2500 gramos;1
22;2;2;5.30 a 34;5.32 a 36;1.Hasta Primaria/C.EGB Completa;1.Menos de 2500 gramos;2
30;1;2;7.40 a 44;5.32 a 36;1.Hasta Primaria/C.EGB Completa;2.2500 gramos y más;1
90;2;1;6.35 a 39;4.28 a 31;3.Secundario/Polimodal Completa y más;1.Menos de 2500 gramos;6
54;1;1;4.25 a 29;4.28 a 31;1.Hasta Primaria/C.EGB Completa;1.Menos de 2500 gramos;2
82;1;1;2.15 a 19;5.32 a 36;3.Secundario/Polimodal Completa y más;2.2500 gramos y más;10
38;1;1;4.25 a 29;5.32 a 36;1.Hasta Primaria/C.EGB Completa;1.Menos de 2500 gramos;1
06;1;9;9.Sin especificar;6.37 a 41;2.Secundaria/Polimodal Incompleta;2.2500 gramos y más;6
66;1;1;4.25 a 29;6.37 a 41;3.Secundario/Polimodal Completa y más;1.Menos de 2500 gramos;19
18;1;1;7.40 a 44;5.32 a 36;4.Sin especificar;2.2500 gramos y más;1
06;1;1;7.40 a 44;5.32 a 36;1.Hasta Primaria/C.EGB Completa;1.Menos de 2500 gramos;40
18;2;1;3.20 a 24;5.32 a 36;4.Sin especificar;1.Menos de 2500 gramos;1
26;1;2;4.25 a 29;6.37 a 41;3.Secundario/Polimodal Completa y más;1.Menos de 2500 gramos;8
22;1;2;9.Sin especificar;5.32 a 36;1.Hasta Primaria/C.EGB Completa;1.Menos de 2500 gramos;1
62;1;1;6.35 a 39;6.37 a 41;3.Secundario/Polimodal Completa y más;3.Sin especificar;1
06;1;2;3.20 a 24;7.42 y más;4.Sin especificar;2.2500 gramos y más;3
70;1;1;5.30 a 34;5.32 a 36;3.Secundario/Polimodal Completa y más;1.Menos de 2500 gramos;17
82;1;2;6.35 a 39;2.22 a 23;2.Secundaria/Polimodal Incompleta;1.Menos de 2500 gramos;1
26;1;2;3.20 a 24;5.32 a 36;2.Secundaria/Polimodal Incompleta;2.2500 gramos y más;6
06;1;1;7.40 a 44;4.28 a 31;3.Secundario/Polimodal Completa y más;1.Menos de 2500 gramos;16
42;1;2;7.40 a 44;5.32 a 36;1.Hasta Primaria/C.EGB Completa;2.2500 gramos y más;1
82;1;1;3.20 a 24;3.24 a 27;3.Secundario/Polimodal Completa y más;1.Menos de 2500 gramos;8
99;1;2;6.35 a 39;8.Sin especificar;1.Hasta Primaria/C.EGB Completa;3.Sin especificar;1
90;2;1;6.35 a 39;5.32 a 36;3.Secundario/Polimodal Completa y más;2.2500 gramos y más;2
58;1;1;8.De 45 y más;5.32 a 36;3.Secundario/Polimodal Completa y más;2.2500 gramos y más;1
66;1;2;3.20 a 24;6.37 a 41;4.Sin especificar;2.2500 gramos y más;21
78;1;1;2.15 a 19;5.32 a 36;2.Secundaria/Polimodal Incompleta;2.2500 gramos y más;4
74;1;2;6.35 a 39;5.32 a 36;3.Secundario/Polimodal Completa y más;2.2500 gramos y más;19
34;2;1;5.30 a 34;2.22 a 23;2.Secundaria/Polimodal Incompleta;1.Menos de 2500 gramos;1
14;2;1;3.20 a 24;5.32 a 36;1.Hasta Primaria/C.EGB Completa;2.2500 gramos y más;3
90;2;2;4.25 a 29;6.37 a 41;3.Secundario/Polimodal Completa y más;2.2500 gramos y más;8
26;1;1;3.20 a 24;5.32 a 36;1.Hasta Primaria/C.EGB Completa;1.Menos de 2500 gramos;3
66;1;1;7.40 a 44;5.32 a 36;1.Hasta Primaria/C.EGB Completa;1.Menos de 2500 gramos;3
14;1;1;4.25 a 29;6.37 a 41;3.Secundario/Polimodal Completa y más;3.Sin especificar;4
94;1;1;2.15 a 19;6.37 a 41;2.Secundaria/Polimodal Incompleta;1.Menos de 2500 gramos;1
30;1;2;7.40 a 44;3.24 a 27;2.Secundaria/Polimodal Incompleta;1.Menos de 2500 gramos;1
14;1;1;3.20 a 24;6.37 a 41;2.Secundaria/Polimodal Incompleta;1.Menos de 2500 gramos;28
90;2;2;6.35 a 39;8.Sin especificar;1.Hasta Primaria/C.EGB Completa;1.Menos de 2500 gramos;1
22;1;2;3.20 a 24;3.24 a 27;1.Hasta Primaria/C.EGB Completa;1.Menos de 2500 gramos;2
14;1;2;4.25 a 29;4.28 a 31;2.Secundaria/Polimodal Incompleta;1.Menos de 2500 gramos;7
06;1;9;2.15 a 19;7.42 y más;2.Secundaria/Polimodal Incompleta;2.2500 gramos y más;1
42;1;2;6.35 a 39;6.37 a 41;1.Hasta Primaria/C.EGB Completa;1.Menos de 2500 gramos;2
10;1;1;4.25 a 29;8.Sin especificar;3.Secundario/Polimodal Completa y más;2.2500 gramos y más;6
34;1;1;3.20 a 24;6.37 a 41;2.Secundaria/Polimodal Incompleta;2.2500 gramos y más;266
62;1;2;7.40 a 44;4.28 a 31;3.Secundario/Polimodal Completa y más;1.Menos de 2500 gramos;2
58;1;1;6.35 a 39;5.32 a 36;3.Secundario/Polimodal Completa y más;1.Menos de 2500 gramos;13
99;1;1;3.20 a 24;8.Sin especificar;3.Secundario/Polimodal Completa y más;1.Menos de 2500 gramos;1
66;1;1;6.35 a 39;6.37 a 41;3.Secundario/Polimodal Completa y más;2.2500 gramos y más;647
02;1;2;5.30 a 34;4.28 a 31;3.Secundario/Polimodal Completa y más;1.Menos de 2500 gramos;12
90;1;2;6.35 a 39;4.28 a 31;3.Secundario/Polimodal Completa y más;1.Menos de 2500 gramos;2
58;1;2;2.15 a 19;5.32 a 36;1.Hasta Primaria/C.EGB Completa;1.Menos de 2500 gramos;1
94;1;2;6.35 a 39;6.37 a 41;4.Sin especificar;2.2500 gramos y más;1
06;2;1;6.35 a 39;6.37 a 41;4.Sin especificar;1.Menos de 2500 gramos;2
22;9;2;4.25 a 29;8.Sin especificar;4.Sin especificar;3.Sin especificar;1
06;2;1;5.30 a 34;6.37 a 41;2.Secundaria/Polimodal Incompleta;3.Sin especificar;1
54;2;2;3.20 a 24;5.32 a 36;3.Secundario/Polimodal Completa y más;1.Menos de 2500 gramos;13
22;1;1;9.Sin especificar;5.32 a 36;2.Secundaria/Polimodal Incompleta;1.Menos de 2500 gramos;1
62;1;2;4.25 a 29;5.32 a 36;4.Sin especificar;1.Menos de 2500 gramos;5
66;1;1;6.35 a 39;7.42 y más;1.Hasta Primaria/C.EGB Completa;2.2500 gramos y más;2
66;1;2;5.30 a 34;6.37 a 41;3.Secundario/Polimodal Completa y más;3.Sin especificar;3
06;1;1;2.15 a 19;3.24 a 27;3.Secundario/Polimodal Completa y más;1.Menos de 2500 gramos;4
14;1;1;7.40 a 44;3.24 a 27;3.Secundario/Polimodal Completa y más;3.Sin especificar;1
30;2;2;5.30 a 34;5.32 a 36;3.Secundario/Polimodal Completa y más;3.Sin especificar;1
46;1;2;3.20 a 24;6.37 a 41;3.Secundario/Polimodal Completa y más;2.2500 gramos y más;325
10;1;1;4.25 a 29;6.37 a 41;3.Secundario/Polimodal Completa y más;2.2500 gramos y más;432
06;2;2;5.30 a 34;3.24 a 27;1.Hasta Primaria/C.EGB Completa;1.Menos de 2500 gramos;3
58;1;2;8.De 45 y más;6.37 a 41;3.Secundario/Polimodal Completa y más;1.Menos de 2500 gramos;1
38;1;2;5.30 a 34;4.28 a 31;2.Secundaria/Polimodal Incompleta;1.Menos de 2500 gramos;1
90;1;2;3.20 a 24;5.32 a 36;4.Sin especificar;1.Menos de 2500 gramos;1
82;1;2;3.20 a 24;6.37 a 41;4.Sin especificar;1.Menos de 2500 gramos;3
62;1;1;7.40 a 44;4.28 a 31;4.Sin especificar;1.Menos de 2500 gramos;1
02;2;1;3.20 a 24;4.28 a 31;3.Secundario/Polimodal Completa y más;1.Menos de 2500 gramos;3
06;2;2;4.25 a 29;8.Sin especificar;3.Secundario/Polimodal Completa y más;2.2500 gramos y más;1
46;1;1;3.20 a 24;6.37 a 41;4.Sin especificar;2.2500 gramos y más;6
06;1;1;2.15 a 19;4.28 a 31;2.Secundaria/Polimodal Incompleta;1.Menos de 2500 gramos;27
66;2;2;3.20 a 24;4.28 a 31;2.Secundaria/Polimodal Incompleta;1.Menos de 2500 gramos;3
62;1;1;6.35 a 39;4.28 a 31;4.Sin especificar;1.Menos de 2500 gramos;2
46;1;2;7.40 a 44;5.32 a 36;3.Secundario/Polimodal Completa y más;1.Menos de 2500 gramos;8
02;2;2;5.30 a 34;6.37 a 41;4.Sin especificar;2.2500 gramos y más;1
90;1;2;2.15 a 19;5.32 a 36;2.Secundaria/Polimodal Incompleta;2.2500 gramos y más;27
34;1;1;4.25 a 29;7.42 y más;1.Hasta Primaria/C.EGB Completa;2.2500 gramos y más;1
30;1;2;3.20 a 24;7.42 y más;2.Secundaria/Polimodal Incompleta;2.2500 gramos y más;2
02;1;1;4.25 a 29;5.32 a 36;2.Secundaria/Polimodal Incompleta;2.2500 gramos y más;7
82;2;1;2.15 a 19;5.32 a 36;1.Hasta Primaria/C.EGB Completa;1.Menos de 2500 gramos;1
06;2;1;4.25 a 29;3.24 a 27;2.Secundaria/Polimodal Incompleta;1.Menos de 2500 gramos;6
86;1;1;5.30 a 34;6.37 a 41;1.Hasta Primaria/C.EGB Completa;2.2500 gramos y más;416
58;1;1;6.35 a 39;6.37 a 41;2.Secundaria/Polimodal Incompleta;2.2500 gramos y más;68
22;1;2;1.Menor de 15;8.Sin especificar;2.Secundaria/Polimodal Incompleta;2.2500 gramos y más;1
02;1;2;4.25 a 29;6.37 a 41;3.Secundario/Polimodal Completa y más;3.Sin especificar;2
62;1;1;6.35 a 39;6.37 a 41;4.Sin especificar;2.2500 gramos y más;37
46;1;1;4.25 a 29;6.37 a 41;3.Secundario/Polimodal Completa y más;2.2500 gramos y más;445
66;1;2;2.15 a 19;8.Sin especificar;2.Secundaria/Polimodal Incompleta;3.Sin especificar;1
06;1;2;4.25 a 29;3.24 a 27;2.Secundaria/Polimodal Incompleta;1.Menos de 2500 gramos;10
82;1;1;4.25 a 29;6.37 a 41;4.Sin especificar;1.Menos de 2500 gramos;2
54;1;1;2.15 a 19;7.42 y más;4.Sin especificar;2.2500 gramos y más;1
46;1;2;1.Menor de 15;5.32 a 36;2.Secundaria/Polimodal Incompleta;2.2500 gramos y más;1
50;2;2;5.30 a 34;5.32 a 36;3.Secundario/Polimodal Completa y más;2.2500 gramos y más;4
14;1;2;3.20 a 24;5.32 a 36;1.Hasta Primaria/C.EGB Completa;2.2500 gramos y más;11
22;9;2;7.40 a 44;8.Sin especificar;1.Hasta Primaria/C.EGB Completa;3.Sin especificar;1
90;1;2;6.35 a 39;4.28 a 31;1.Hasta Primaria/C.EGB Completa;1.Menos de 2500 gramos;5
34;1;1;7.40 a 44;6.37 a 41;2.Secundaria/Polimodal Incompleta;2.2500 gramos y más;12
90;1;2;3.20 a 24;4.28 a 31;2.Secundaria/Polimodal Incompleta;2.2500 gramos y más;1
62;1;2;3.20 a 24;5.32 a 36;1.Hasta Primaria/C.EGB Completa;2.2500 gramos y más;2
06;2;2;3.20 a 24;6.37 a 41;3.Secundario/Polimodal Completa y más;2.2500 gramos y más;27
02;9;1;6.35 a 39;6.37 a 41;2.Secundaria/Polimodal Incompleta;2.2500 gramos y más;1
62;2;1;4.25 a 29;5.32 a 36;4.Sin especificar;1.Menos de 2500 gramos;1
62;1;1;6.35 a 39;6.37 a 41;1.Hasta Primaria/C.EGB Completa;1.Menos de 2500 gramos;1
06;1;1;9.Sin especificar;7.42 y más;4.Sin especificar;3.Sin especificar;1
38;1;2;1.Menor de 15;6.37 a 41;1.Hasta Primaria/C.EGB Completa;2.2500 gramos y más;4
50;1;2;5.30 a 34;5.32 a 36;2.Secundaria/Polimodal Incompleta;2.2500 gramos y más;10
18;1;2;7.40 a 44;5.32 a 36;3.Secundario/Polimodal Completa y más;2.2500 gramos y más;8
62;1;1;5.30 a 34;7.42 y más;2.Secundaria/Polimodal Incompleta;2.2500 gramos y más;1
14;2;1;3.20 a 24;5.32 a 36;2.Secundaria/Polimodal Incompleta;1.Menos de 2500 gramos;7
22;1;1;5.30 a 34;5.32 a 36;1.Hasta Primaria/C.EGB Completa;2.2500 gramos y más;19
14;2;1;4.25 a 29;4.28 a 31;2.Secundaria/Polimodal Incompleta;1.Menos de 2500 gramos;1
34;1;1;6.35 a 39;6.37 a 41;3.Secundario/Polimodal Completa y más;1.Menos de 2500 gramos;4
46;1;2;2.15 a 19;6.37 a 41;3.Secundario/Polimodal Completa y más;1.Menos de 2500 gramos;2
06;2;2;3.20 a 24;5.32 a 36;2.Secundaria/Polimodal Incompleta;2.2500 gramos y más;3
90;1;2;4.25 a 29;3.24 a 27;2.Secundaria/Polimodal Incompleta;1.Menos de 2500 gramos;2
78;1;1;6.35 a 39;4.28 a 31;3.Secundario/Polimodal Completa y más;1.Menos de 2500 gramos;1
66;1;1;3.20 a 24;7.42 y más;3.Secundario/Polimodal Completa y más;2.2500 gramos y más;6
18;1;2;7.40 a 44;5.32 a 36;4.Sin especificar;1.Menos de 2500 gramos;2
06;9;2;8.De 45 y más;5.32 a 36;4.Sin especificar;2.2500 gramos y más;1
06;1;1;3.20 a 24;4.28 a 31;1.Hasta Primaria/C.EGB Completa;3.Sin especificar;1
22;9;1;3.20 a 24;6.37 a 41;2.Secundaria/Polimodal Incompleta;2.2500 gramos y más;3
14;1;1;9.Sin especificar;5.32 a 36;2.Secundaria/Polimodal Incompleta;1.Menos de 2500 gramos;4
18;1;1;4.25 a 29;6.37 a 41;2.Secundaria/Polimodal Incompleta;3.Sin especificar;2
30;2;2;4.25 a 29;6.37 a 41;3.Secundario/Polimodal Completa y más;1.Menos de 2500 gramos;8
26;1;2;4.25 a 29;5.32 a 36;1.Hasta Primaria/C.EGB Completa;2.2500 gramos y más;2
26;1;2;2.15 a 19;6.37 a 41;2.Secundaria/Polimodal Incompleta;2.2500 gramos y más;109
06;2;2;7.40 a 44;5.32 a 36;3.Secundario/Polimodal Completa y más;1.Menos de 2500 gramos;37
18;1;1;5.30 a 34;4.28 a 31;3.Secundario/Polimodal Completa y más;1.Menos de 2500 gramos;7
66;1;2;5.30 a 34;6.37 a 41;4.Sin especificar;2.2500 gramos y más;22
22;1;1;2.15 a 19;4.28 a 31;1.Hasta Primaria/C.EGB Completa;1.Menos de 2500 gramos;2
78;2;2;3.20 a 24;6.37 a 41;3.Secundario/Polimodal Completa y más;2.2500 gramos y más;1
66;1;2;7.40 a 44;5.32 a 36;2.Secundaria/Polimodal Incompleta;1.Menos de 2500 gramos;5
78;1;1;2.15 a 19;6.37 a 41;3.Secundario/Polimodal Completa y más;2.2500 gramos y más;29
78;1;1;4.25 a 29;5.32 a 36;2.Secundaria/Polimodal Incompleta;1.Menos de 2500 gramos;6
14;1;2;9.Sin especificar;6.37 a 41;3.Secundario/Polimodal Completa y más;2.2500 gramos y más;99
66;1;2;1.Menor de 15;6.37 a 41;1.Hasta Primaria/C.EGB Completa;1.Menos de 2500 gramos;2
10;1;1;6.35 a 39;8.Sin especificar;3.Secundario/Polimodal Completa y más;3.Sin especificar;2
34;1;2;4.25 a 29;5.32 a 36;3.Secundario/Polimodal Completa y más;2.2500 gramos y más;25
42;1;1;7.40 a 44;7.42 y más;3.Secundario/Polimodal Completa y más;2.2500 gramos y más;1
34;1;1;5.30 a 34;5.32 a 36;3.Secundario/Polimodal Completa y más;1.Menos de 2500 gramos;12
06;1;9;9.Sin especificar;4.28 a 31;4.Sin especificar;1.Menos de 2500 gramos;1
99;1;1;3.20 a 24;6.37 a 41;1.Hasta Primaria/C.EGB Completa;1.Menos de 2500 gramos;1
58;1;2;4.25 a 29;4.28 a 31;4.Sin especificar;1.Menos de 2500 gramos;1
02;9;2;5.30 a 34;5.32 a 36;3.Secundario/Polimodal Completa y más;2.2500 gramos y más;1
06;2;1;3.20 a 24;5.32 a 36;2.Secundaria/Polimodal Incompleta;3.Sin especificar;1
86;1;2;7.40 a 44;6.37 a 41;2.Secundaria/Polimodal Incompleta;1.Menos de 2500 gramos;1
42;1;2;4.25 a 29;4.28 a 31;2.Secundaria/Polimodal Incompleta;1.Menos de 2500 gramos;2
22;1;2;3.20 a 24;5.32 a 36;3.Secundario/Polimodal Completa y más;1.Menos de 2500 gramos;29
90;1;2;6.35 a 39;8.Sin especificar;1.Hasta Primaria/C.EGB Completa;2.2500 gramos y más;7
82;1;1;4.25 a 29;6.37 a 41;3.Secundario/Polimodal Completa y más;2.2500 gramos y más;2272
82;1;1;2.15 a 19;6.37 a 41;2.Secundaria/Polimodal Incompleta;3.Sin especificar;1
50;2;1;5.30 a 34;5.32 a 36;3.Secundario/Polimodal Completa y más;1.Menos de 2500 gramos;17
06;1;2;2.15 a 19;7.42 y más;3.Secundario/Polimodal Completa y más;2.2500 gramos y más;11
54;1;1;5.30 a 34;8.Sin especificar;3.Secundario/Polimodal Completa y más;2.2500 gramos y más;2
82;1;1;4.25 a 29;4.28 a 31;3.Secundario/Polimodal Completa y más;1.Menos de 2500 gramos;24
02;9;1;3.20 a 24;6.37 a 41;1.Hasta Primaria/C.EGB Completa;2.2500 gramos y más;2
26;1;1;6.35 a 39;5.32 a 36;2.Secundaria/Polimodal Incompleta;1.Menos de 2500 gramos;3
22;1;2;4.25 a 29;7.42 y más;2.Secundaria/Polimodal Incompleta;2.2500 gramos y más;1
02;1;1;6.35 a 39;6.37 a 41;4.Sin especificar;2.2500 gramos y más;387
06;1;2;7.40 a 44;5.32 a 36;4.Sin especificar;1.Menos de 2500 gramos;17
14;1;1;5.30 a 34;6.37 a 41;2.Secundaria/Polimodal Incompleta;3.Sin especificar;2
66;1;1;7.40 a 44;4.28 a 31;3.Secundario/Polimodal Completa y más;1.Menos de 2500 gramos;1
14;1;1;6.35 a 39;3.24 a 27;3.Secundario/Polimodal Completa y más;3.Sin especificar;1
78;1;2;3.20 a 24;6.37 a 41;2.Secundaria/Polimodal Incompleta;2.2500 gramos y más;181
06;2;2;3.20 a 24;3.24 a 27;3.Secundario/Polimodal Completa y más;1.Menos de 2500 gramos;2
18;1;1;2.15 a 19;7.42 y más;4.Sin especificar;2.2500 gramos y más;4
66;1;1;3.20 a 24;2.22 a 23;3.Secundario/Polimodal Completa y más;1.Menos de 2500 gramos;1
54;1;1;1.Menor de 15;6.37 a 41;4.Sin especificar;1.Menos de 2500 gramos;1
02;1;1;3.20 a 24;5.32 a 36;4.Sin especificar;2.2500 gramos y más;8
99;1;1;5.30 a 34;8.Sin especificar;4.Sin especificar;3.Sin especificar;5
66;1;1;6.35 a 39;8.Sin especificar;1.Hasta Primaria/C.EGB Completa;2.2500 gramos y más;2
06;1;9;5.30 a 34;5.32 a 36;1.Hasta Primaria/C.EGB Completa;2.2500 gramos y más;1
14;2;2;4.25 a 29;4.28 a 31;1.Hasta Primaria/C.EGB Completa;1.Menos de 2500 gramos;6
66;1;1;4.25 a 29;6.37 a 41;3.Secundario/Polimodal Completa y más;3.Sin especificar;4
90;1;2;7.40 a 44;6.37 a 41;2.Secundaria/Polimodal Incompleta;3.Sin especificar;1
02;1;2;6.35 a 39;6.37 a 41;4.Sin especificar;1.Menos de 2500 gramos;12
70;2;2;4.25 a 29;6.37 a 41;1.Hasta Primaria/C.EGB Completa;2.2500 gramos y más;1
50;1;1;3.20 a 24;5.32 a 36;3.Secundario/Polimodal Completa y más;1.Menos de 2500 gramos;32
18;1;1;1.Menor de 15;4.28 a 31;1.Hasta Primaria/C.EGB Completa;1.Menos de 2500 gramos;1
22;2;2;7.40 a 44;6.37 a 41;1.Hasta Primaria/C.EGB Completa;2.2500 gramos y más;1
50;1;2;2.15 a 19;6.37 a 41;2.Secundaria/Polimodal Incompleta;2.2500 gramos y más;566
14;2;2;3.20 a 24;4.28 a 31;2.Secundaria/Polimodal Incompleta;1.Menos de 2500 gramos;2
74;1;1;4.25 a 29;6.37 a 41;1.Hasta Primaria/C.EGB Completa;1.Menos de 2500 gramos;1
06;2;2;8.De 45 y más;6.37 a 41;3.Secundario/Polimodal Completa y más;2.2500 gramos y más;1
06;1;2;2.15 a 19;6.37 a 41;2.Secundaria/Polimodal Incompleta;1.Menos de 2500 gramos;143
02;1;1;8.De 45 y más;6.37 a 41;1.Hasta Primaria/C.EGB Completa;2.2500 gramos y más;9
02;2;1;7.40 a 44;4.28 a 31;3.Secundario/Polimodal Completa y más;1.Menos de 2500 gramos;3
99;1;9;3.20 a 24;6.37 a 41;2.Secundaria/Polimodal Incompleta;2.2500 gramos y más;4
06;1;1;4.25 a 29;2.22 a 23;1.Hasta Primaria/C.EGB Completa;1.Menos de 2500 gramos;1
70;1;2;3.20 a 24;5.32 a 36;3.Secundario/Polimodal Completa y más;2.2500 gramos y más;7
22;1;1;4.25 a 29;4.28 a 31;1.Hasta Primaria/C.EGB Completa;2.2500 gramos y más;1
34;1;1;3.20 a 24;5.32 a 36;3.Secundario/Polimodal Completa y más;1.Menos de 2500 gramos;20
78;1;1;5.30 a 34;5.32 a 36;3.Secundario/Polimodal Completa y más;2.2500 gramos y más;12
02;1;2;7.40 a 44;5.32 a 36;2.Secundaria/Polimodal Incompleta;2.2500 gramos y más;2
30;1;2;9.Sin especificar;7.42 y más;2.Secundaria/Polimodal Incompleta;2.2500 gramos y más;1
02;2;2;5.30 a 34;5.32 a 36;4.Sin especificar;1.Menos de 2500 gramos;5
06;1;1;2.15 a 19;6.37 a 41;2.Secundaria/Polimodal Incompleta;2.2500 gramos y más;3852
34;1;1;4.25 a 29;2.22 a 23;2.Secundaria/Polimodal Incompleta;1.Menos de 2500 gramos;3
22;2;1;3.20 a 24;5.32 a 36;1.Hasta Primaria/C.EGB Completa;1.Menos de 2500 gramos;3
38;1;1;5.30 a 34;3.24 a 27;2.Secundaria/Polimodal Incompleta;1.Menos de 2500 gramos;3
90;2;2;9.Sin especificar;6.37 a 41;3.Secundario/Polimodal Completa y más;2.2500 gramos y más;1
70;2;1;7.40 a 44;6.37 a 41;3.Secundario/Polimodal Completa y más;2.2500 gramos y más;3
06;1;1;4.25 a 29;5.32 a 36;2.Secundaria/Polimodal Incompleta;1.Menos de 2500 gramos;105
06;1;2;8.De 45 y más;6.37 a 41;4.Sin especificar;2.2500 gramos y más;14
34;1;2;2.15 a 19;3.24 a 27;3.Secundario/Polimodal Completa y más;1.Menos de 2500 gramos;1
50;2;1;3.20 a 24;3.24 a 27;3.Secundario/Polimodal Completa y más;1.Menos de 2500 gramos;2
99;9;2;2.15 a 19;6.37 a 41;4.Sin especificar;2.2500 gramos y más;1
54;1;2;2.15 a 19;3.24 a 27;1.Hasta Primaria/C.EGB Completa;1.Menos de 2500 gramos;2
58;1;1;5.30 a 34;6.37 a 41;3.Secundario/Polimodal Completa y más;2.2500 gramos y más;659
26;1;1;3.20 a 24;6.37 a 41;4.Sin especificar;2.2500 gramos y más;109
02;9;2;8.De 45 y más;6.37 a 41;4.Sin especificar;2.2500 gramos y más;13
99;9;1;8.De 45 y más;5.32 a 36;4.Sin especificar;2.2500 gramos y más;2
22;1;1;4.25 a 29;7.42 y más;1.Hasta Primaria/C.EGB Completa;3.Sin especificar;1
38;1;2;2.15 a 19;6.37 a 41;2.Secundaria/Polimodal Incompleta;2.2500 gramos y más;274
74;1;1;2.15 a 19;6.37 a 41;3.Secundario/Polimodal Completa y más;2.2500 gramos y más;53
42;1;1;6.35 a 39;6.37 a 41;2.Secundaria/Polimodal Incompleta;1.Menos de 2500 gramos;1
34;1;1;6.35 a 39;3.24 a 27;4.Sin especificar;1.Menos de 2500 gramos;1
66;1;1;2.15 a 19;6.37 a 41;2.Secundaria/Polimodal Incompleta;2.2500 gramos y más;595
02;1;2;2.15 a 19;6.37 a 41;3.Secundario/Polimodal Completa y más;2.2500 gramos y más;59
26;1;2;3.20 a 24;5.32 a 36;3.Secundario/Polimodal Completa y más;2.2500 gramos y más;19
50;2;1;6.35 a 39;5.32 a 36;2.Secundaria/Polimodal Incompleta;1.Menos de 2500 gramos;3
06;1;1;7.40 a 44;7.42 y más;2.Secundaria/Polimodal Incompleta;2.2500 gramos y más;5
54;2;2;5.30 a 34;5.32 a 36;3.Secundario/Polimodal Completa y más;1.Menos de 2500 gramos;8
86;1;2;5.30 a 34;6.37 a 41;4.Sin especificar;2.2500 gramos y más;4
06;1;1;3.20 a 24;6.37 a 41;2.Secundaria/Polimodal Incompleta;1.Menos de 2500 gramos;118
06;1;1;7.40 a 44;3.24 a 27;1.Hasta Primaria/C.EGB Completa;1.Menos de 2500 gramos;2
50;1;1;7.40 a 44;5.32 a 36;1.Hasta Primaria/C.EGB Completa;2.2500 gramos y más;4
14;2;1;6.35 a 39;5.32 a 36;3.Secundario/Polimodal Completa y más;2.2500 gramos y más;5
02;1;2;8.De 45 y más;6.37 a 41;4.Sin especificar;2.2500 gramos y más;14
66;9;1;4.25 a 29;6.37 a 41;4.Sin especificar;2.2500 gramos y más;1
46;1;2;4.25 a 29;5.32 a 36;3.Secundario/Polimodal Completa y más;2.2500 gramos y más;18
70;2;2;4.25 a 29;5.32 a 36;3.Secundario/Polimodal Completa y más;1.Menos de 2500 gramos;7
02;1;1;3.20 a 24;5.32 a 36;3.Secundario/Polimodal Completa y más;1.Menos de 2500 gramos;22
38;1;2;3.20 a 24;5.32 a 36;1.Hasta Primaria/C.EGB Completa;1.Menos de 2500 gramos;2
22;1;1;8.De 45 y más;5.32 a 36;3.Secundario/Polimodal Completa y más;1.Menos de 2500 gramos;1
26;1;2;5.30 a 34;5.32 a 36;4.Sin especificar;2.2500 gramos y más;2
18;2;2;2.15 a 19;3.24 a 27;2.Secundaria/Polimodal Incompleta;1.Menos de 2500 gramos;2
06;2;2;6.35 a 39;6.37 a 41;4.Sin especificar;2.2500 gramos y más;12
86;1;1;7.40 a 44;6.37 a 41;3.Secundario/Polimodal Completa y más;2.2500 gramos y más;75
38;1;1;1.Menor de 15;6.37 a 41;2.Secundaria/Polimodal Incompleta;2.2500 gramos y más;1
06;1;2;6.35 a 39;5.32 a 36;1.Hasta Primaria/C.EGB Completa;2.2500 gramos y más;76
22;1;2;2.15 a 19;5.32 a 36;4.Sin especificar;1.Menos de 2500 gramos;1
42;1;2;4.25 a 29;5.32 a 36;2.Secundaria/Polimodal Incompleta;2.2500 gramos y más;4
74;2;2;6.35 a 39;5.32 a 36;3.Secundario/Polimodal Completa y más;1.Menos de 2500 gramos;7
62;1;1;4.25 a 29;7.42 y más;1.Hasta Primaria/C.EGB Completa;2.2500 gramos y más;2
82;1;2;7.40 a 44;6.37 a 41;2.Secundaria/Polimodal Incompleta;1.Menos de 2500 gramos;3
42;1;1;3.20 a 24;6.37 a 41;3.Secundario/Polimodal Completa y más;1.Menos de 2500 gramos;2
34;1;2;5.30 a 34;3.24 a 27;3.Secundario/Polimodal Completa y más;1.Menos de 2500 gramos;1
02;1;1;6.35 a 39;6.37 a 41;1.Hasta Primaria/C.EGB Completa;1.Menos de 2500 gramos;6
50;1;1;4.25 a 29;4.28 a 31;2.Secundaria/Polimodal Incompleta;1.Menos de 2500 gramos;2
26;1;1;8.De 45 y más;6.37 a 41;3.Secundario/Polimodal Completa y más;2.2500 gramos y más;6
66;1;2;6.35 a 39;8.Sin especificar;3.Secundario/Polimodal Completa y más;1.Menos de 2500 gramos;1
90;1;1;7.40 a 44;3.24 a 27;3.Secundario/Polimodal Completa y más;1.Menos de 2500 gramos;1
46;1;2;7.40 a 44;6.37 a 41;3.Secundario/Polimodal Completa y más;2.2500 gramos y más;47
99;9;2;3.20 a 24;6.37 a 41;1.Hasta Primaria/C.EGB Completa;2.2500 gramos y más;1
02;1;2;3.20 a 24;4.28 a 31;3.Secundario/Polimodal Completa y más;1.Menos de 2500 gramos;5
50;1;1;2.15 a 19;7.42 y más;1.Hasta Primaria/C.EGB Completa;2.2500 gramos y más;1
06;1;1;5.30 a 34;5.32 a 36;4.Sin especificar;2.2500 gramos y más;50
34;1;1;6.35 a 39;3.24 a 27;2.Secundaria/Polimodal Incompleta;1.Menos de 2500 gramos;1
06;1;1;6.35 a 39;7.42 y más;2.Secundaria/Polimodal Incompleta;2.2500 gramos y más;8
06;1;2;2.15 a 19;5.32 a 36;3.Secundario/Polimodal Completa y más;2.2500 gramos y más;63
54;2;1;4.25 a 29;5.32 a 36;3.Secundario/Polimodal Completa y más;1.Menos de 2500 gramos;4
90;1;2;6.35 a 39;4.28 a 31;3.Secundario/Polimodal Completa y más;3.Sin especificar;1
54;1;2;3.20 a 24;5.32 a 36;1.Hasta Primaria/C.EGB Completa;2.2500 gramos y más;39
06;9;1;4.25 a 29;5.32 a 36;3.Secundario/Polimodal Completa y más;1.Menos de 2500 gramos;1
14;1;1;2.15 a 19;7.42 y más;2.Secundaria/Polimodal Incompleta;2.2500 gramos y más;5
99;9;1;3.20 a 24;6.37 a 41;4.Sin especificar;2.2500 gramos y más;12
06;1;9;2.15 a 19;4.28 a 31;2.Secundaria/Polimodal Incompleta;1.Menos de 2500 gramos;1
26;1;2;6.35 a 39;5.32 a 36;4.Sin especificar;2.2500 gramos y más;2
66;9;2;6.35 a 39;6.37 a 41;4.Sin especificar;2.2500 gramos y más;1
22;1;2;4.25 a 29;3.24 a 27;1.Hasta Primaria/C.EGB Completa;1.Menos de 2500 gramos;1
22;1;1;4.25 a 29;5.32 a 36;1.Hasta Primaria/C.EGB Completa;1.Menos de 2500 gramos;14
82;1;1;6.35 a 39;6.37 a 41;3.Secundario/Polimodal Completa y más;3.Sin especificar;2
74;1;2;7.40 a 44;5.32 a 36;3.Secundario/Polimodal Completa y más;2.2500 gramos y más;3
34;1;1;6.35 a 39;5.32 a 36;4.Sin especificar;1.Menos de 2500 gramos;11
30;2;1;3.20 a 24;3.24 a 27;4.Sin especificar;1.Menos de 2500 gramos;1
02;9;2;3.20 a 24;6.37 a 41;4.Sin especificar;2.2500 gramos y más;83
14;1;2;7.40 a 44;5.32 a 36;3.Secundario/Polimodal Completa y más;2.2500 gramos y más;17
26;1;1;4.25 a 29;6.37 a 41;1.Hasta Primaria/C.EGB Completa;2.2500 gramos y más;50
14;1;2;8.De 45 y más;6.37 a 41;2.Secundaria/Polimodal Incompleta;2.2500 gramos y más;5
90;1;2;3.20 a 24;8.Sin especificar;3.Secundario/Polimodal Completa y más;1.Menos de 2500 gramos;2
30;1;1;2.15 a 19;5.32 a 36;1.Hasta Primaria/C.EGB Completa;1.Menos de 2500 gramos;7
06;2;1;8.De 45 y más;5.32 a 36;1.Hasta Primaria/C.EGB Completa;1.Menos de 2500 gramos;1
82;2;1;4.25 a 29;6.37 a 41;3.Secundario/Polimodal Completa y más;1.Menos de 2500 gramos;4
34;1;1;4.25 a 29;4.28 a 31;3.Secundario/Polimodal Completa y más;1.Menos de 2500 gramos;6
62;1;1;3.20 a 24;7.42 y más;2.Secundaria/Polimodal Incompleta;2.2500 gramos y más;3
18;1;1;5.30 a 34;5.32 a 36;4.Sin especificar;2.2500 gramos y más;16
74;1;2;2.15 a 19;5.32 a 36;3.Secundario/Polimodal Completa y más;2.2500 gramos y más;5
46;1;2;3.20 a 24;5.32 a 36;2.Secundaria/Polimodal Incompleta;2.2500 gramos y más;3
62;2;1;4.25 a 29;6.37 a 41;3.Secundario/Polimodal Completa y más;1.Menos de 2500 gramos;1
78;1;2;3.20 a 24;6.37 a 41;3.Secundario/Polimodal Completa y más;1.Menos de 2500 gramos;2
90;1;1;6.35 a 39;6.37 a 41;2.Secundaria/Polimodal Incompleta;2.2500 gramos y más;108
58;1;2;4.25 a 29;8.Sin especificar;3.Secundario/Polimodal Completa y más;3.Sin especificar;1
34;1;1;5.30 a 34;6.37 a 41;3.Secundario/Polimodal Completa y más;2.2500 gramos y más;233
06;1;2;5.30 a 34;6.37 a 41;3.Secundario/Polimodal Completa y más;1.Menos de 2500 gramos;312
38;1;1;6.35 a 39;6.37 a 41;3.Secundario/Polimodal Completa y más;1.Menos de 2500 gramos;4
90;1;1;2.15 a 19;4.28 a 31;3.Secundario/Polimodal Completa y más;2.2500 gramos y más;2
02;9;1;7.40 a 44;5.32 a 36;4.Sin especificar;2.2500 gramos y más;1
99;1;2;3.20 a 24;6.37 a 41;2.Secundaria/Polimodal Incompleta;2.2500 gramos y más;6
14;1;2;9.Sin especificar;7.42 y más;4.Sin especificar;2.2500 gramos y más;1
06;1;2;6.35 a 39;6.37 a 41;2.Secundaria/Polimodal Incompleta;1.Menos de 2500 gramos;40
06;1;2;9.Sin especificar;8.Sin especificar;4.Sin especificar;2.2500 gramos y más;26
46;1;2;6.35 a 39;6.37 a 41;3.Secundario/Polimodal Completa y más;2.2500 gramos y más;174
02;2;1;6.35 a 39;6.37 a 41;3.Secundario/Polimodal Completa y más;2.2500 gramos y más;18
30;1;1;6.35 a 39;3.24 a 27;1.Hasta Primaria/C.EGB Completa;1.Menos de 2500 gramos;1
14;1;1;8.De 45 y más;6.37 a 41;3.Secundario/Polimodal Completa y más;1.Menos de 2500 gramos;2
70;1;2;4.25 a 29;6.37 a 41;1.Hasta Primaria/C.EGB Completa;1.Menos de 2500 gramos;4
02;9;1;3.20 a 24;6.37 a 41;4.Sin especificar;3.Sin especificar;2
10;1;1;2.15 a 19;5.32 a 36;3.Secundario/Polimodal Completa y más;2.2500 gramos y más;7
14;1;2;7.40 a 44;5.32 a 36;4.Sin especificar;1.Menos de 2500 gramos;1
90;2;1;4.25 a 29;5.32 a 36;2.Secundaria/Polimodal Incompleta;1.Menos de 2500 gramos;9
22;1;2;4.25 a 29;5.32 a 36;2.Secundaria/Polimodal Incompleta;2.2500 gramos y más;12
06;1;1;5.30 a 34;5.32 a 36;1.Hasta Primaria/C.EGB Completa;3.Sin especificar;2
90;1;1;9.Sin especificar;5.32 a 36;1.Hasta Primaria/C.EGB Completa;2.2500 gramos y más;1
82;1;1;3.20 a 24;3.24 a 27;1.Hasta Primaria/C.EGB Completa;1.Menos de 2500 gramos;6
82;1;2;6.35 a 39;6.37 a 41;4.Sin especificar;1.Menos de 2500 gramos;1
10;2;2;6.35 a 39;6.37 a 41;3.Secundario/Polimodal Completa y más;1.Menos de 2500 gramos;1
86;2;2;4.25 a 29;5.32 a 36;2.Secundaria/Polimodal Incompleta;2.2500 gramos y más;2
90;1;2;5.30 a 34;8.Sin especificar;2.Secundaria/Polimodal Incompleta;1.Menos de 2500 gramos;1
66;1;2;8.De 45 y más;6.37 a 41;2.Secundaria/Polimodal Incompleta;2.2500 gramos y más;1
18;2;1;3.20 a 24;5.32 a 36;2.Secundaria/Polimodal Incompleta;1.Menos de 2500 gramos;2
46;1;1;6.35 a 39;6.37 a 41;3.Secundario/Polimodal Completa y más;1.Menos de 2500 gramos;5
70;1;1;5.30 a 34;4.28 a 31;3.Secundario/Polimodal Completa y más;2.2500 gramos y más;1
26;2;2;5.30 a 34;6.37 a 41;3.Secundario/Polimodal Completa y más;1.Menos de 2500 gramos;5
02;9;1;6.35 a 39;6.37 a 41;4.Sin especificar;2.2500 gramos y más;107
90;1;1;5.30 a 34;7.42 y más;2.Secundaria/Polimodal Incompleta;2.2500 gramos y más;15
22;9;2;2.15 a 19;6.37 a 41;2.Secundaria/Polimodal Incompleta;2.2500 gramos y más;2
10;1;1;5.30 a 34;8.Sin especificar;3.Secundario/Polimodal Completa y más;3.Sin especificar;2
10;1;2;5.30 a 34;4.28 a 31;3.Secundario/Polimodal Completa y más;1.Menos de 2500 gramos;1
02;1;2;1.Menor de 15;6.37 a 41;1.Hasta Primaria/C.EGB Completa;2.2500 gramos y más;6
54;1;1;3.20 a 24;6.37 a 41;2.Secundaria/Polimodal Incompleta;1.Menos de 2500 gramos;30
30;1;2;4.25 a 29;6.37 a 41;3.Secundario/Polimodal Completa y más;2.2500 gramos y más;1115
02;1;2;8.De 45 y más;6.37 a 41;3.Secundario/Polimodal Completa y más;1.Menos de 2500 gramos;6
90;2;1;2.15 a 19;1.Menos de 22;1.Hasta Primaria/C.EGB Completa;1.Menos de 2500 gramos;1
90;1;2;4.25 a 29;6.37 a 41;4.Sin especificar;2.2500 gramos y más;5
99;1;1;4.25 a 29;5.32 a 36;3.Secundario/Polimodal Completa y más;1.Menos de 2500 gramos;1
22;1;1;6.35 a 39;3.24 a 27;1.Hasta Primaria/C.EGB Completa;1.Menos de 2500 gramos;2
18;1;2;7.40 a 44;7.42 y más;1.Hasta Primaria/C.EGB Completa;2.2500 gramos y más;2
26;2;1;6.35 a 39;6.37 a 41;3.Secundario/Polimodal Completa y más;2.2500 gramos y más;8
50;2;1;7.40 a 44;6.37 a 41;2.Secundaria/Polimodal Incompleta;2.2500 gramos y más;2
06;1;1;5.30 a 34;1.Menos de 22;1.Hasta Primaria/C.EGB Completa;1.Menos de 2500 gramos;1
54;1;2;4.25 a 29;6.37 a 41;1.Hasta Primaria/C.EGB Completa;3.Sin especificar;2
06;2;2;5.30 a 34;8.Sin especificar;4.Sin especificar;2.2500 gramos y más;1
06;2;1;2.15 a 19;5.32 a 36;3.Secundario/Polimodal Completa y más;2.2500 gramos y más;1
10;1;2;5.30 a 34;5.32 a 36;1.Hasta Primaria/C.EGB Completa;1.Menos de 2500 gramos;1
06;1;1;5.30 a 34;8.Sin especificar;3.Secundario/Polimodal Completa y más;2.2500 gramos y más;91
90;1;1;6.35 a 39;1.Menos de 22;2.Secundaria/Polimodal Incompleta;1.Menos de 2500 gramos;1
66;1;1;3.20 a 24;6.37 a 41;2.Secundaria/Polimodal Incompleta;3.Sin especificar;1
62;1;2;3.20 a 24;5.32 a 36;4.Sin especificar;1.Menos de 2500 gramos;2
06;1;2;6.35 a 39;8.Sin especificar;4.Sin especificar;3.Sin especificar;126
50;2;1;3.20 a 24;4.28 a 31;2.Secundaria/Polimodal Incompleta;1.Menos de 2500 gramos;3
34;2;1;4.25 a 29;5.32 a 36;4.Sin especificar;1.Menos de 2500 gramos;1
74;2;1;5.30 a 34;5.32 a 36;3.Secundario/Polimodal Completa y más;1.Menos de 2500 gramos;4
66;1;2;3.20 a 24;5.32 a 36;2.Secundaria/Polimodal Incompleta;1.Menos de 2500 gramos;37
42;2;2;5.30 a 34;5.32 a 36;2.Secundaria/Polimodal Incompleta;2.2500 gramos y más;2
78;1;1;2.15 a 19;5.32 a 36;3.Secundario/Polimodal Completa y más;1.Menos de 2500 gramos;1
18;1;2;7.40 a 44;6.37 a 41;1.Hasta Primaria/C.EGB Completa;1.Menos de 2500 gramos;2
66;1;2;7.40 a 44;6.37 a 41;3.Secundario/Polimodal Completa y más;1.Menos de 2500 gramos;5
90;1;2;3.20 a 24;5.32 a 36;2.Secundaria/Polimodal Incompleta;1.Menos de 2500 gramos;21
22;1;2;5.30 a 34;4.28 a 31;1.Hasta Primaria/C.EGB Completa;2.2500 gramos y más;1
62;1;2;9.Sin especificar;8.Sin especificar;4.Sin especificar;2.2500 gramos y más;4
82;1;1;7.40 a 44;3.24 a 27;2.Secundaria/Polimodal Incompleta;1.Menos de 2500 gramos;1
18;1;1;5.30 a 34;6.37 a 41;1.Hasta Primaria/C.EGB Completa;2.2500 gramos y más;203
22;1;2;6.35 a 39;5.32 a 36;2.Secundaria/Polimodal Incompleta;1.Menos de 2500 gramos;3
66;1;1;5.30 a 34;7.42 y más;1.Hasta Primaria/C.EGB Completa;2.2500 gramos y más;3
99;1;1;7.40 a 44;8.Sin especificar;4.Sin especificar;3.Sin especificar;1
78;1;2;4.25 a 29;5.32 a 36;1.Hasta Primaria/C.EGB Completa;1.Menos de 2500 gramos;2
18;2;1;3.20 a 24;6.37 a 41;1.Hasta Primaria/C.EGB Completa;1.Menos de 2500 gramos;1
18;1;2;3.20 a 24;6.37 a 41;3.Secundario/Polimodal Completa y más;1.Menos de 2500 gramos;19
30;1;1;3.20 a 24;7.42 y más;1.Hasta Primaria/C.EGB Completa;2.2500 gramos y más;2
06;2;2;3.20 a 24;4.28 a 31;2.Secundaria/Polimodal Incompleta;1.Menos de 2500 gramos;8
82;1;2;4.25 a 29;6.37 a 41;3.Secundario/Polimodal Completa y más;3.Sin especificar;5
90;1;1;6.35 a 39;3.24 a 27;3.Secundario/Polimodal Completa y más;1.Menos de 2500 gramos;1
74;1;1;6.35 a 39;4.28 a 31;3.Secundario/Polimodal Completa y más;1.Menos de 2500 gramos;2
06;1;2;7.40 a 44;8.Sin especificar;4.Sin especificar;3.Sin especificar;54
82;2;2;6.35 a 39;5.32 a 36;3.Secundario/Polimodal Completa y más;2.2500 gramos y más;7
99;9;1;7.40 a 44;6.37 a 41;4.Sin especificar;2.2500 gramos y más;4
54;1;2;2.15 a 19;6.37 a 41;4.Sin especificar;1.Menos de 2500 gramos;5
66;1;1;6.35 a 39;7.42 y más;3.Secundario/Polimodal Completa y más;2.2500 gramos y más;1
82;1;2;5.30 a 34;3.24 a 27;1.Hasta Primaria/C.EGB Completa;1.Menos de 2500 gramos;1
02;2;1;7.40 a 44;6.37 a 41;1.Hasta Primaria/C.EGB Completa;2.2500 gramos y más;1
14;2;1;8.De 45 y más;5.32 a 36;3.Secundario/Polimodal Completa y más;1.Menos de 2500 gramos;1
38;1;2;7.40 a 44;6.37 a 41;3.Secundario/Polimodal Completa y más;2.2500 gramos y más;113
58;1;2;6.35 a 39;7.42 y más;3.Secundario/Polimodal Completa y más;2.2500 gramos y más;1
90;2;1;7.40 a 44;6.37 a 41;3.Secundario/Polimodal Completa y más;1.Menos de 2500 gramos;1
30;2;1;4.25 a 29;4.28 a 31;3.Secundario/Polimodal Completa y más;1.Menos de 2500 gramos;1
82;1;2;6.35 a 39;5.32 a 36;2.Secundaria/Polimodal Incompleta;2.2500 gramos y más;20
54;2;2;6.35 a 39;6.37 a 41;4.Sin especificar;2.2500 gramos y más;2
06;2;2;2.15 a 19;5.32 a 36;2.Secundaria/Polimodal Incompleta;1.Menos de 2500 gramos;13
82;1;1;2.15 a 19;6.37 a 41;4.Sin especificar;2.2500 gramos y más;15
82;1;2;7.40 a 44;6.37 a 41;1.Hasta Primaria/C.EGB Completa;2.2500 gramos y más;124
54;1;1;4.25 a 29;6.37 a 41;2.Secundaria/Polimodal Incompleta;1.Menos de 2500 gramos;20
18;1;2;8.De 45 y más;6.37 a 41;4.Sin especificar;2.2500 gramos y más;4
42;1;2;5.30 a 34;6.37 a 41;3.Secundario/Polimodal Completa y más;1.Menos de 2500 gramos;5
98;1;1;7.40 a 44;4.28 a 31;3.Secundario/Polimodal Completa y más;1.Menos de 2500 gramos;1
58;1;2;3.20 a 24;5.32 a 36;1.Hasta Primaria/C.EGB Completa;2.2500 gramos y más;1
54;1;2;3.20 a 24;6.37 a 41;3.Secundario/Polimodal Completa y más;1.Menos de 2500 gramos;23
02;2;2;8.De 45 y más;5.32 a 36;3.Secundario/Polimodal Completa y más;1.Menos de 2500 gramos;4
86;1;1;2.15 a 19;5.32 a 36;3.Secundario/Polimodal Completa y más;1.Menos de 2500 gramos;5
66;1;1;3.20 a 24;6.37 a 41;3.Secundario/Polimodal Completa y más;1.Menos de 2500 gramos;20
30;1;1;4.25 a 29;6.37 a 41;3.Secundario/Polimodal Completa y más;3.Sin especificar;1
82;2;2;5.30 a 34;5.32 a 36;2.Secundaria/Polimodal Incompleta;1.Menos de 2500 gramos;8
66;1;1;7.40 a 44;7.42 y más;3.Secundario/Polimodal Completa y más;2.2500 gramos y más;1
46;1;2;3.20 a 24;6.37 a 41;1.Hasta Primaria/C.EGB Completa;2.2500 gramos y más;97
22;9;2;5.30 a 34;5.32 a 36;3.Secundario/Polimodal Completa y más;1.Menos de 2500 gramos;3
66;1;1;3.20 a 24;8.Sin especificar;1.Hasta Primaria/C.EGB Completa;2.2500 gramos y más;10
22;9;2;5.30 a 34;6.37 a 41;3.Secundario/Polimodal Completa y más;2.2500 gramos y más;8
30;1;2;4.25 a 29;8.Sin especificar;3.Secundario/Polimodal Completa y más;2.2500 gramos y más;8
10;1;2;6.35 a 39;6.37 a 41;2.Secundaria/Polimodal Incompleta;2.2500 gramos y más;32
14;1;2;2.15 a 19;7.42 y más;1.Hasta Primaria/C.EGB Completa;2.2500 gramos y más;1
98;2;2;6.35 a 39;5.32 a 36;1.Hasta Primaria/C.EGB Completa;1.Menos de 2500 gramos;1
06;1;2;3.20 a 24;5.32 a 36;2.Secundaria/Polimodal Incompleta;1.Menos de 2500 gramos;169
06;2;2;6.35 a 39;5.32 a 36;3.Secundario/Polimodal Completa y más;1.Menos de 2500 gramos;130
94;1;1;5.30 a 34;5.32 a 36;1.Hasta Primaria/C.EGB Completa;2.2500 gramos y más;1
82;1;2;7.40 a 44;5.32 a 36;2.Secundaria/Polimodal Incompleta;2.2500 gramos y más;5
06;1;2;4.25 a 29;8.Sin especificar;4.Sin especificar;2.2500 gramos y más;21
06;1;1;7.40 a 44;6.37 a 41;1.Hasta Primaria/C.EGB Completa;2.2500 gramos y más;585
26;1;1;6.35 a 39;6.37 a 41;4.Sin especificar;2.2500 gramos y más;36
10;1;1;4.25 a 29;6.37 a 41;4.Sin especificar;1.Menos de 2500 gramos;1
54;1;2;5.30 a 34;4.28 a 31;1.Hasta Primaria/C.EGB Completa;1.Menos de 2500 gramos;1
26;1;1;3.20 a 24;5.32 a 36;3.Secundario/Polimodal Completa y más;1.Menos de 2500 gramos;6
38;1;1;4.25 a 29;6.37 a 41;1.Hasta Primaria/C.EGB Completa;2.2500 gramos y más;108
46;1;1;7.40 a 44;5.32 a 36;2.Secundaria/Polimodal Incompleta;1.Menos de 2500 gramos;2
74;2;1;4.25 a 29;6.37 a 41;3.Secundario/Polimodal Completa y más;2.2500 gramos y más;4
10;1;2;6.35 a 39;5.32 a 36;3.Secundario/Polimodal Completa y más;1.Menos de 2500 gramos;9
06;2;1;5.30 a 34;6.37 a 41;4.Sin especificar;2.2500 gramos y más;12
90;1;1;6.35 a 39;7.42 y más;2.Secundaria/Polimodal Incompleta;2.2500 gramos y más;4
99;1;2;5.30 a 34;6.37 a 41;2.Secundaria/Polimodal Incompleta;2.2500 gramos y más;1
62;2;2;3.20 a 24;3.24 a 27;2.Secundaria/Polimodal Incompleta;1.Menos de 2500 gramos;1
58;1;1;7.40 a 44;5.32 a 36;3.Secundario/Polimodal Completa y más;1.Menos de 2500 gramos;7
58;1;2;2.15 a 19;5.32 a 36;2.Secundaria/Polimodal Incompleta;2.2500 gramos y más;7
82;2;2;5.30 a 34;5.32 a 36;1.Hasta Primaria/C.EGB Completa;2.2500 gramos y más;2
06;1;2;7.40 a 44;5.32 a 36;1.Hasta Primaria/C.EGB Completa;2.2500 gramos y más;30
70;1;1;5.30 a 34;6.37 a 41;2.Secundaria/Polimodal Incompleta;2.2500 gramos y más;190
06;2;1;5.30 a 34;5.32 a 36;2.Secundaria/Polimodal Incompleta;1.Menos de 2500 gramos;17
90;2;1;3.20 a 24;6.37 a 41;1.Hasta Primaria/C.EGB Completa;1.Menos de 2500 gramos;4
94;1;2;4.25 a 29;5.32 a 36;2.Secundaria/Polimodal Incompleta;2.2500 gramos y más;1
30;1;2;6.35 a 39;5.32 a 36;1.Hasta Primaria/C.EGB Completa;2.2500 gramos y más;2
06;1;2;6.35 a 39;6.37 a 41;4.Sin especificar;1.Menos de 2500 gramos;21
82;1;2;5.30 a 34;8.Sin especificar;1.Hasta Primaria/C.EGB Completa;2.2500 gramos y más;2
22;1;2;9.Sin especificar;4.28 a 31;3.Secundario/Polimodal Completa y más;1.Menos de 2500 gramos;1
74;1;2;3.20 a 24;6.37 a 41;4.Sin especificar;2.2500 gramos y más;13
66;2;2;3.20 a 24;6.37 a 41;1.Hasta Primaria/C.EGB Completa;2.2500 gramos y más;2
82;1;2;6.35 a 39;5.32 a 36;3.Secundario/Polimodal Completa y más;1.Menos de 2500 gramos;67
06;1;2;3.20 a 24;5.32 a 36;2.Secundaria/Polimodal Incompleta;3.Sin especificar;2
10;1;2;2.15 a 19;8.Sin especificar;2.Secundaria/Polimodal Incompleta;2.2500 gramos y más;3
18;1;2;4.25 a 29;7.42 y más;4.Sin especificar;2.2500 gramos y más;9
70;1;1;3.20 a 24;3.24 a 27;1.Hasta Primaria/C.EGB Completa;1.Menos de 2500 gramos;1
02;1;1;5.30 a 34;4.28 a 31;2.Secundaria/Polimodal Incompleta;1.Menos de 2500 gramos;4
06;1;2;3.20 a 24;6.37 a 41;3.Secundario/Polimodal Completa y más;3.Sin especificar;27
50;1;2;5.30 a 34;6.37 a 41;1.Hasta Primaria/C.EGB Completa;2.2500 gramos y más;264
06;1;1;5.30 a 34;8.Sin especificar;1.Hasta Primaria/C.EGB Completa;2.2500 gramos y más;20
22;9;2;4.25 a 29;8.Sin especificar;1.Hasta Primaria/C.EGB Completa;2.2500 gramos y más;1
78;1;1;6.35 a 39;5.32 a 36;1.Hasta Primaria/C.EGB Completa;1.Menos de 2500 gramos;2
54;1;1;6.35 a 39;6.37 a 41;1.Hasta Primaria/C.EGB Completa;2.2500 gramos y más;322
30;1;2;4.25 a 29;6.37 a 41;1.Hasta Primaria/C.EGB Completa;2.2500 gramos y más;242
70;1;1;7.40 a 44;5.32 a 36;2.Secundaria/Polimodal Incompleta;1.Menos de 2500 gramos;1
90;1;2;4.25 a 29;5.32 a 36;2.Secundaria/Polimodal Incompleta;1.Menos de 2500 gramos;12
22;1;2;4.25 a 29;8.Sin especificar;3.Secundario/Polimodal Completa y más;2.2500 gramos y más;7
90;1;2;8.De 45 y más;5.32 a 36;3.Secundario/Polimodal Completa y más;1.Menos de 2500 gramos;1
66;1;2;2.15 a 19;8.Sin especificar;1.Hasta Primaria/C.EGB Completa;2.2500 gramos y más;5
74;2;2;7.40 a 44;5.32 a 36;3.Secundario/Polimodal Completa y más;1.Menos de 2500 gramos;3
30;1;1;2.15 a 19;6.37 a 41;1.Hasta Primaria/C.EGB Completa;2.2500 gramos y más;167
18;1;1;7.40 a 44;6.37 a 41;1.Hasta Primaria/C.EGB Completa;2.2500 gramos y más;37
02;1;2;6.35 a 39;7.42 y más;2.Secundaria/Polimodal Incompleta;2.2500 gramos y más;3
34;1;1;6.35 a 39;6.37 a 41;1.Hasta Primaria/C.EGB Completa;1.Menos de 2500 gramos;3
62;1;1;5.30 a 34;6.37 a 41;3.Secundario/Polimodal Completa y más;2.2500 gramos y más;582
86;1;1;2.15 a 19;5.32 a 36;1.Hasta Primaria/C.EGB Completa;1.Menos de 2500 gramos;11
82;2;2;6.35 a 39;6.37 a 41;3.Secundario/Polimodal Completa y más;1.Menos de 2500 gramos;7
74;1;1;5.30 a 34;5.32 a 36;1.Hasta Primaria/C.EGB Completa;2.2500 gramos y más;5
54;1;2;7.40 a 44;6.37 a 41;2.Secundaria/Polimodal Incompleta;1.Menos de 2500 gramos;3
54;2;1;2.15 a 19;6.37 a 41;4.Sin especificar;1.Menos de 2500 gramos;1
54;1;1;6.35 a 39;3.24 a 27;3.Secundario/Polimodal Completa y más;1.Menos de 2500 gramos;1
82;1;1;4.25 a 29;6.37 a 41;1.Hasta Primaria/C.EGB Completa;2.2500 gramos y más;927
30;1;1;3.20 a 24;6.37 a 41;1.Hasta Primaria/C.EGB Completa;1.Menos de 2500 gramos;5
14;2;1;4.25 a 29;6.37 a 41;3.Secundario/Polimodal Completa y más;2.2500 gramos y más;24
06;9;1;5.30 a 34;5.32 a 36;3.Secundario/Polimodal Completa y más;2.2500 gramos y más;1
34;1;2;6.35 a 39;6.37 a 41;1.Hasta Primaria/C.EGB Completa;2.2500 gramos y más;87
86;1;1;4.25 a 29;6.37 a 41;3.Secundario/Polimodal Completa y más;1.Menos de 2500 gramos;19
46;1;1;5.30 a 34;4.28 a 31;3.Secundario/Polimodal Completa y más;2.2500 gramos y más;1
10;1;1;3.20 a 24;6.37 a 41;3.Secundario/Polimodal Completa y más;2.2500 gramos y más;383
94;1;1;5.30 a 34;5.32 a 36;2.Secundaria/Polimodal Incompleta;1.Menos de 2500 gramos;2
42;1;2;4.25 a 29;6.37 a 41;1.Hasta Primaria/C.EGB Completa;2.2500 gramos y más;35
02;1;2;4.25 a 29;5.32 a 36;1.Hasta Primaria/C.EGB Completa;2.2500 gramos y más;4
99;9;2;9.Sin especificar;5.32 a 36;4.Sin especificar;1.Menos de 2500 gramos;1
54;2;1;5.30 a 34;6.37 a 41;2.Secundaria/Polimodal Incompleta;1.Menos de 2500 gramos;1
70;2;1;6.35 a 39;5.32 a 36;3.Secundario/Polimodal Completa y más;1.Menos de 2500 gramos;1
90;1;1;1.Menor de 15;6.37 a 41;1.Hasta Primaria/C.EGB Completa;2.2500 gramos y más;9
54;1;1;4.25 a 29;2.22 a 23;3.Secundario/Polimodal Completa y más;1.Menos de 2500 gramos;1
82;1;1;7.40 a 44;6.37 a 41;3.Secundario/Polimodal Completa y más;3.Sin especificar;1
58;1;1;3.20 a 24;5.32 a 36;1.Hasta Primaria/C.EGB Completa;1.Menos de 2500 gramos;2
22;1;2;3.20 a 24;8.Sin especificar;1.Hasta Primaria/C.EGB Completa;3.Sin especificar;3
99;1;1;2.15 a 19;5.32 a 36;3.Secundario/Polimodal Completa y más;2.2500 gramos y más;1
18;1;1;2.15 a 19;5.32 a 36;3.Secundario/Polimodal Completa y más;1.Menos de 2500 gramos;7
62;1;2;7.40 a 44;5.32 a 36;2.Secundaria/Polimodal Incompleta;2.2500 gramos y más;2
06;1;9;5.30 a 34;4.28 a 31;3.Secundario/Polimodal Completa y más;1.Menos de 2500 gramos;1
14;1;1;5.30 a 34;8.Sin especificar;1.Hasta Primaria/C.EGB Completa;2.2500 gramos y más;4
58;1;2;4.25 a 29;6.37 a 41;4.Sin especificar;2.2500 gramos y más;13
10;1;2;1.Menor de 15;6.37 a 41;1.Hasta Primaria/C.EGB Completa;2.2500 gramos y más;2
99;9;2;5.30 a 34;4.28 a 31;4.Sin especificar;1.Menos de 2500 gramos;1
30;1;1;4.25 a 29;5.32 a 36;2.Secundaria/Polimodal Incompleta;1.Menos de 2500 gramos;21
06;9;1;4.25 a 29;3.24 a 27;4.Sin especificar;1.Menos de 2500 gramos;1
22;2;2;7.40 a 44;4.28 a 31;1.Hasta Primaria/C.EGB Completa;1.Menos de 2500 gramos;1
02;2;1;4.25 a 29;5.32 a 36;1.Hasta Primaria/C.EGB Completa;2.2500 gramos y más;1
86;1;2;2.15 a 19;4.28 a 31;1.Hasta Primaria/C.EGB Completa;1.Menos de 2500 gramos;3
70;1;2;3.20 a 24;6.37 a 41;2.Secundaria/Polimodal Incompleta;1.Menos de 2500 gramos;8
66;1;2;7.40 a 44;5.32 a 36;1.Hasta Primaria/C.EGB Completa;2.2500 gramos y más;3
62;1;1;3.20 a 24;5.32 a 36;3.Secundario/Polimodal Completa y más;1.Menos de 2500 gramos;15
06;2;2;5.30 a 34;3.24 a 27;2.Secundaria/Polimodal Incompleta;1.Menos de 2500 gramos;3
62;1;1;5.30 a 34;6.37 a 41;1.Hasta Primaria/C.EGB Completa;2.2500 gramos y más;87
06;1;2;7.40 a 44;6.37 a 41;2.Secundaria/Polimodal Incompleta;1.Menos de 2500 gramos;17
14;1;1;6.35 a 39;7.42 y más;2.Secundaria/Polimodal Incompleta;2.2500 gramos y más;2
62;1;1;6.35 a 39;1.Menos de 22;2.Secundaria/Polimodal Incompleta;1.Menos de 2500 gramos;1
14;1;2;9.Sin especificar;3.24 a 27;2.Secundaria/Polimodal Incompleta;1.Menos de 2500 gramos;2
82;1;2;6.35 a 39;3.24 a 27;3.Secundario/Polimodal Completa y más;1.Menos de 2500 gramos;8
10;1;2;6.35 a 39;6.37 a 41;3.Secundario/Polimodal Completa y más;2.2500 gramos y más;212
14;1;2;7.40 a 44;6.37 a 41;2.Secundaria/Polimodal Incompleta;1.Menos de 2500 gramos;3
30;1;2;2.15 a 19;5.32 a 36;1.Hasta Primaria/C.EGB Completa;2.2500 gramos y más;6
94;2;2;4.25 a 29;6.37 a 41;3.Secundario/Polimodal Completa y más;1.Menos de 2500 gramos;1
94;1;2;3.20 a 24;6.37 a 41;2.Secundaria/Polimodal Incompleta;2.2500 gramos y más;51
82;2;2;5.30 a 34;5.32 a 36;3.Secundario/Polimodal Completa y más;2.2500 gramos y más;5
22;2;2;7.40 a 44;6.37 a 41;3.Secundario/Polimodal Completa y más;2.2500 gramos y más;2
50;1;2;7.40 a 44;5.32 a 36;3.Secundario/Polimodal Completa y más;1.Menos de 2500 gramos;9
18;2;1;3.20 a 24;6.37 a 41;4.Sin especificar;2.2500 gramos y más;2
42;1;1;6.35 a 39;7.42 y más;2.Secundaria/Polimodal Incompleta;2.2500 gramos y más;1
38;1;1;3.20 a 24;4.28 a 31;2.Secundaria/Polimodal Incompleta;1.Menos de 2500 gramos;1
06;9;1;7.40 a 44;6.37 a 41;4.Sin especificar;3.Sin especificar;2
58;1;1;6.35 a 39;6.37 a 41;3.Secundario/Polimodal Completa y más;2.2500 gramos y más;362
10;1;1;5.30 a 34;3.24 a 27;3.Secundario/Polimodal Completa y más;1.Menos de 2500 gramos;2
38;2;1;6.35 a 39;6.37 a 41;3.Secundario/Polimodal Completa y más;2.2500 gramos y más;2
70;2;2;6.35 a 39;6.37 a 41;3.Secundario/Polimodal Completa y más;1.Menos de 2500 gramos;3
06;1;2;9.Sin especificar;4.28 a 31;4.Sin especificar;3.Sin especificar;2
86;1;1;3.20 a 24;6.37 a 41;2.Secundaria/Polimodal Incompleta;1.Menos de 2500 gramos;9
18;1;2;6.35 a 39;4.28 a 31;1.Hasta Primaria/C.EGB Completa;1.Menos de 2500 gramos;3
34;1;2;6.35 a 39;6.37 a 41;3.Secundario/Polimodal Completa y más;2.2500 gramos y más;100
74;1;2;4.25 a 29;4.28 a 31;3.Secundario/Polimodal Completa y más;1.Menos de 2500 gramos;1
06;1;2;3.20 a 24;8.Sin especificar;3.Secundario/Polimodal Completa y más;3.Sin especificar;12
06;1;1;9.Sin especificar;8.Sin especificar;3.Secundario/Polimodal Completa y más;1.Menos de 2500 gramos;3
38;1;2;5.30 a 34;4.28 a 31;1.Hasta Primaria/C.EGB Completa;1.Menos de 2500 gramos;2
90;1;2;5.30 a 34;7.42 y más;2.Secundaria/Polimodal Incompleta;1.Menos de 2500 gramos;1
06;1;2;2.15 a 19;3.24 a 27;1.Hasta Primaria/C.EGB Completa;1.Menos de 2500 gramos;6
82;1;2;8.De 45 y más;5.32 a 36;2.Secundaria/Polimodal Incompleta;1.Menos de 2500 gramos;2
54;1;1;7.40 a 44;3.24 a 27;3.Secundario/Polimodal Completa y más;1.Menos de 2500 gramos;2
54;1;1;5.30 a 34;6.37 a 41;3.Secundario/Polimodal Completa y más;2.2500 gramos y más;782
90;1;2;3.20 a 24;6.37 a 41;1.Hasta Primaria/C.EGB Completa;1.Menos de 2500 gramos;20
42;1;1;4.25 a 29;6.37 a 41;1.Hasta Primaria/C.EGB Completa;1.Menos de 2500 gramos;2
58;1;1;5.30 a 34;6.37 a 41;1.Hasta Primaria/C.EGB Completa;2.2500 gramos y más;71
22;9;1;4.25 a 29;6.37 a 41;3.Secundario/Polimodal Completa y más;2.2500 gramos y más;4
06;1;1;2.15 a 19;1.Menos de 22;2.Secundaria/Polimodal Incompleta;3.Sin especificar;1
66;1;2;3.20 a 24;7.42 y más;3.Secundario/Polimodal Completa y más;1.Menos de 2500 gramos;1
30;1;2;2.15 a 19;8.Sin especificar;2.Secundaria/Polimodal Incompleta;3.Sin especificar;1
74;1;1;4.25 a 29;5.32 a 36;4.Sin especificar;1.Menos de 2500 gramos;1
22;1;2;7.40 a 44;6.37 a 41;1.Hasta Primaria/C.EGB Completa;3.Sin especificar;1
34;2;1;4.25 a 29;5.32 a 36;1.Hasta Primaria/C.EGB Completa;2.2500 gramos y más;2
54;1;1;2.15 a 19;8.Sin especificar;2.Secundaria/Polimodal Incompleta;2.2500 gramos y más;1
50;1;1;5.30 a 34;5.32 a 36;1.Hasta Primaria/C.EGB Completa;2.2500 gramos y más;7
74;1;1;4.25 a 29;6.37 a 41;3.Secundario/Polimodal Completa y más;1.Menos de 2500 gramos;6
06;1;1;5.30 a 34;8.Sin especificar;4.Sin especificar;1.Menos de 2500 gramos;5
02;1;2;8.De 45 y más;5.32 a 36;2.Secundaria/Polimodal Incompleta;1.Menos de 2500 gramos;1
58;1;2;7.40 a 44;6.37 a 41;1.Hasta Primaria/C.EGB Completa;2.2500 gramos y más;26
26;1;2;4.25 a 29;6.37 a 41;2.Secundaria/Polimodal Incompleta;1.Menos de 2500 gramos;1
42;1;2;4.25 a 29;3.24 a 27;3.Secundario/Polimodal Completa y más;1.Menos de 2500 gramos;1
22;9;2;3.20 a 24;6.37 a 41;1.Hasta Primaria/C.EGB Completa;2.2500 gramos y más;6
38;1;1;5.30 a 34;5.32 a 36;2.Secundaria/Polimodal Incompleta;1.Menos de 2500 gramos;4
34;1;2;7.40 a 44;5.32 a 36;1.Hasta Primaria/C.EGB Completa;1.Menos de 2500 gramos;1
14;2;2;3.20 a 24;6.37 a 41;3.Secundario/Polimodal Completa y más;2.2500 gramos y más;4
70;1;2;7.40 a 44;6.37 a 41;3.Secundario/Polimodal Completa y más;2.2500 gramos y más;93
34;1;1;2.15 a 19;6.37 a 41;3.Secundario/Polimodal Completa y más;1.Menos de 2500 gramos;2
82;2;2;4.25 a 29;5.32 a 36;3.Secundario/Polimodal Completa y más;1.Menos de 2500 gramos;23
02;1;1;2.15 a 19;6.37 a 41;3.Secundario/Polimodal Completa y más;1.Menos de 2500 gramos;2
06;1;1;1.Menor de 15;5.32 a 36;2.Secundaria/Polimodal Incompleta;2.2500 gramos y más;7
22;2;1;3.20 a 24;5.32 a 36;2.Secundaria/Polimodal Incompleta;1.Menos de 2500 gramos;2
34;1;2;4.25 a 29;5.32 a 36;4.Sin especificar;1.Menos de 2500 gramos;24
54;2;2;3.20 a 24;5.32 a 36;1.Hasta Primaria/C.EGB Completa;1.Menos de 2500 gramos;4
86;1;9;7.40 a 44;6.37 a 41;1.Hasta Primaria/C.EGB Completa;2.2500 gramos y más;1
82;2;1;4.25 a 29;5.32 a 36;1.Hasta Primaria/C.EGB Completa;2.2500 gramos y más;3
54;1;1;3.20 a 24;5.32 a 36;2.Secundaria/Polimodal Incompleta;2.2500 gramos y más;30
54;2;2;3.20 a 24;6.37 a 41;4.Sin especificar;2.2500 gramos y más;2
06;1;1;2.15 a 19;8.Sin especificar;1.Hasta Primaria/C.EGB Completa;3.Sin especificar;3
66;1;2;5.30 a 34;6.37 a 41;1.Hasta Primaria/C.EGB Completa;3.Sin especificar;1
22;1;2;3.20 a 24;3.24 a 27;2.Secundaria/Polimodal Incompleta;1.Menos de 2500 gramos;1
14;2;2;4.25 a 29;5.32 a 36;2.Secundaria/Polimodal Incompleta;2.2500 gramos y más;5
14;1;2;3.20 a 24;6.37 a 41;3.Secundario/Polimodal Completa y más;3.Sin especificar;4
66;1;2;9.Sin especificar;6.37 a 41;3.Secundario/Polimodal Completa y más;2.2500 gramos y más;1
06;1;2;7.40 a 44;6.37 a 41;3.Secundario/Polimodal Completa y más;3.Sin especificar;13
06;1;1;4.25 a 29;5.32 a 36;4.Sin especificar;1.Menos de 2500 gramos;30
99;1;2;3.20 a 24;8.Sin especificar;3.Secundario/Polimodal Completa y más;2.2500 gramos y más;1
06;1;2;2.15 a 19;5.32 a 36;3.Secundario/Polimodal Completa y más;3.Sin especificar;1
22;2;1;5.30 a 34;5.32 a 36;3.Secundario/Polimodal Completa y más;1.Menos de 2500 gramos;8
30;1;2;2.15 a 19;6.37 a 41;2.Secundaria/Polimodal Incompleta;3.Sin especificar;3
22;1;1;6.35 a 39;4.28 a 31;3.Secundario/Polimodal Completa y más;1.Menos de 2500 gramos;8
06;1;9;4.25 a 29;6.37 a 41;2.Secundaria/Polimodal Incompleta;2.2500 gramos y más;39
62;1;2;5.30 a 34;4.28 a 31;1.Hasta Primaria/C.EGB Completa;1.Menos de 2500 gramos;2
54;1;2;7.40 a 44;6.37 a 41;4.Sin especificar;1.Menos de 2500 gramos;1
18;2;2;7.40 a 44;5.32 a 36;3.Secundario/Polimodal Completa y más;1.Menos de 2500 gramos;3
18;1;1;6.35 a 39;1.Menos de 22;3.Secundario/Polimodal Completa y más;1.Menos de 2500 gramos;1
90;1;1;4.25 a 29;6.37 a 41;3.Secundario/Polimodal Completa y más;1.Menos de 2500 gramos;33
90;1;2;6.35 a 39;7.42 y más;1.Hasta Primaria/C.EGB Completa;2.2500 gramos y más;12
06;9;1;6.35 a 39;5.32 a 36;2.Secundaria/Polimodal Incompleta;2.2500 gramos y más;1
22;1;2;5.30 a 34;6.37 a 41;1.Hasta Primaria/C.EGB Completa;3.Sin especificar;3
06;1;9;7.40 a 44;8.Sin especificar;1.Hasta Primaria/C.EGB Completa;2.2500 gramos y más;1
14;2;2;6.35 a 39;6.37 a 41;2.Secundaria/Polimodal Incompleta;2.2500 gramos y más;2
66;1;1;7.40 a 44;3.24 a 27;3.Secundario/Polimodal Completa y más;1.Menos de 2500 gramos;1
54;1;1;2.15 a 19;7.42 y más;2.Secundaria/Polimodal Incompleta;2.2500 gramos y más;6
58;1;1;3.20 a 24;6.37 a 41;3.Secundario/Polimodal Completa y más;2.2500 gramos y más;398
06;1;1;3.20 a 24;5.32 a 36;3.Secundario/Polimodal Completa y más;2.2500 gramos y más;310
14;1;1;4.25 a 29;5.32 a 36;4.Sin especificar;1.Menos de 2500 gramos;1
30;1;1;6.35 a 39;4.28 a 31;3.Secundario/Polimodal Completa y más;1.Menos de 2500 gramos;7
66;1;1;4.25 a 29;5.32 a 36;2.Secundaria/Polimodal Incompleta;1.Menos de 2500 gramos;14
30;1;2;5.30 a 34;6.37 a 41;4.Sin especificar;2.2500 gramos y más;12
38;1;1;3.20 a 24;3.24 a 27;3.Secundario/Polimodal Completa y más;1.Menos de 2500 gramos;2
58;2;2;4.25 a 29;6.37 a 41;1.Hasta Primaria/C.EGB Completa;2.2500 gramos y más;1
58;1;1;1.Menor de 15;6.37 a 41;1.Hasta Primaria/C.EGB Completa;2.2500 gramos y más;4
22;9;2;3.20 a 24;5.32 a 36;4.Sin especificar;2.2500 gramos y más;1
50;1;1;2.15 a 19;6.37 a 41;2.Secundaria/Polimodal Incompleta;1.Menos de 2500 gramos;18
66;1;2;5.30 a 34;8.Sin especificar;2.Secundaria/Polimodal Incompleta;3.Sin especificar;1
86;1;2;6.35 a 39;5.32 a 36;2.Secundaria/Polimodal Incompleta;2.2500 gramos y más;2
06;2;2;3.20 a 24;5.32 a 36;1.Hasta Primaria/C.EGB Completa;1.Menos de 2500 gramos;8
58;1;2;3.20 a 24;6.37 a 41;2.Secundaria/Polimodal Incompleta;1.Menos de 2500 gramos;6
62;1;1;3.20 a 24;7.42 y más;3.Secundario/Polimodal Completa y más;2.2500 gramos y más;3
34;2;2;6.35 a 39;6.37 a 41;2.Secundaria/Polimodal Incompleta;1.Menos de 2500 gramos;1
82;1;2;1.Menor de 15;4.28 a 31;1.Hasta Primaria/C.EGB Completa;1.Menos de 2500 gramos;1
42;1;1;3.20 a 24;5.32 a 36;1.Hasta Primaria/C.EGB Completa;2.2500 gramos y más;2
54;1;1;5.30 a 34;4.28 a 31;3.Secundario/Polimodal Completa y más;1.Menos de 2500 gramos;4
30;1;2;5.30 a 34;8.Sin especificar;3.Secundario/Polimodal Completa y más;3.Sin especificar;1
62;2;2;4.25 a 29;5.32 a 36;3.Secundario/Polimodal Completa y más;1.Menos de 2500 gramos;4
46;2;2;5.30 a 34;6.37 a 41;3.Secundario/Polimodal Completa y más;1.Menos de 2500 gramos;2
50;1;1;5.30 a 34;6.37 a 41;3.Secundario/Polimodal Completa y más;1.Menos de 2500 gramos;28
30;1;2;3.20 a 24;8.Sin especificar;2.Secundaria/Polimodal Incompleta;2.2500 gramos y más;6
06;2;1;2.15 a 19;3.24 a 27;1.Hasta Primaria/C.EGB Completa;1.Menos de 2500 gramos;2
18;2;1;2.15 a 19;3.24 a 27;1.Hasta Primaria/C.EGB Completa;1.Menos de 2500 gramos;2
22;1;1;6.35 a 39;8.Sin especificar;1.Hasta Primaria/C.EGB Completa;2.2500 gramos y más;1
34;1;2;2.15 a 19;5.32 a 36;1.Hasta Primaria/C.EGB Completa;1.Menos de 2500 gramos;2
26;1;2;7.40 a 44;5.32 a 36;4.Sin especificar;2.2500 gramos y más;1
38;1;2;6.35 a 39;3.24 a 27;3.Secundario/Polimodal Completa y más;1.Menos de 2500 gramos;1
34;1;1;5.30 a 34;6.37 a 41;2.Secundaria/Polimodal Incompleta;2.2500 gramos y más;89
99;9;2;6.35 a 39;6.37 a 41;3.Secundario/Polimodal Completa y más;2.2500 gramos y más;4
42;1;1;4.25 a 29;5.32 a 36;2.Secundaria/Polimodal Incompleta;1.Menos de 2500 gramos;2
30;1;2;8.De 45 y más;6.37 a 41;3.Secundario/Polimodal Completa y más;2.2500 gramos y más;4
10;2;2;2.15 a 19;6.37 a 41;2.Secundaria/Polimodal Incompleta;1.Menos de 2500 gramos;1
14;2;2;4.25 a 29;6.37 a 41;2.Secundaria/Polimodal Incompleta;1.Menos de 2500 gramos;5
02;2;2;4.25 a 29;5.32 a 36;1.Hasta Primaria/C.EGB Completa;1.Menos de 2500 gramos;2
78;1;1;7.40 a 44;5.32 a 36;2.Secundaria/Polimodal Incompleta;2.2500 gramos y más;1
22;9;2;4.25 a 29;6.37 a 41;2.Secundaria/Polimodal Incompleta;3.Sin especificar;1
50;1;2;6.35 a 39;6.37 a 41;2.Secundaria/Polimodal Incompleta;2.2500 gramos y más;228
98;1;1;4.25 a 29;6.37 a 41;3.Secundario/Polimodal Completa y más;2.2500 gramos y más;4
18;2;2;5.30 a 34;5.32 a 36;1.Hasta Primaria/C.EGB Completa;1.Menos de 2500 gramos;1
06;1;1;1.Menor de 15;8.Sin especificar;4.Sin especificar;3.Sin especificar;1
30;1;1;5.30 a 34;6.37 a 41;2.Secundaria/Polimodal Incompleta;3.Sin especificar;2
94;1;2;4.25 a 29;6.37 a 41;1.Hasta Primaria/C.EGB Completa;2.2500 gramos y más;11
14;1;2;6.35 a 39;5.32 a 36;3.Secundario/Polimodal Completa y más;2.2500 gramos y más;72
54;1;1;6.35 a 39;6.37 a 41;2.Secundaria/Polimodal Incompleta;2.2500 gramos y más;142
30;1;1;7.40 a 44;4.28 a 31;3.Secundario/Polimodal Completa y más;1.Menos de 2500 gramos;1
26;2;1;7.40 a 44;5.32 a 36;1.Hasta Primaria/C.EGB Completa;1.Menos de 2500 gramos;2
70;2;1;7.40 a 44;5.32 a 36;2.Secundaria/Polimodal Incompleta;2.2500 gramos y más;1
02;1;2;4.25 a 29;6.37 a 41;3.Secundario/Polimodal Completa y más;1.Menos de 2500 gramos;34
70;1;1;2.15 a 19;5.32 a 36;2.Secundaria/Polimodal Incompleta;1.Menos de 2500 gramos;15
74;1;1;3.20 a 24;7.42 y más;3.Secundario/Polimodal Completa y más;2.2500 gramos y más;19
06;1;1;3.20 a 24;6.37 a 41;3.Secundario/Polimodal Completa y más;1.Menos de 2500 gramos;192
10;1;1;7.40 a 44;6.37 a 41;1.Hasta Primaria/C.EGB Completa;1.Menos de 2500 gramos;2
78;1;2;2.15 a 19;6.37 a 41;2.Secundaria/Polimodal Incompleta;1.Menos de 2500 gramos;4
06;1;9;7.40 a 44;6.37 a 41;4.Sin especificar;3.Sin especificar;1
06;1;1;3.20 a 24;2.22 a 23;3.Secundario/Polimodal Completa y más;1.Menos de 2500 gramos;2
46;1;1;6.35 a 39;5.32 a 36;4.Sin especificar;1.Menos de 2500 gramos;2
10;1;1;6.35 a 39;8.Sin especificar;3.Secundario/Polimodal Completa y más;1.Menos de 2500 gramos;1
58;1;2;4.25 a 29;4.28 a 31;3.Secundario/Polimodal Completa y más;2.2500 gramos y más;1
18;2;2;3.20 a 24;6.37 a 41;4.Sin especificar;1.Menos de 2500 gramos;3
22;1;1;2.15 a 19;8.Sin especificar;3.Secundario/Polimodal Completa y más;2.2500 gramos y más;3
22;1;2;2.15 a 19;5.32 a 36;1.Hasta Primaria/C.EGB Completa;2.2500 gramos y más;7
22;9;2;5.30 a 34;6.37 a 41;1.Hasta Primaria/C.EGB Completa;2.2500 gramos y más;4
02;9;2;7.40 a 44;6.37 a 41;4.Sin especificar;3.Sin especificar;3
14;1;2;4.25 a 29;6.37 a 41;3.Secundario/Polimodal Completa y más;2.2500 gramos y más;2966
02;9;1;5.30 a 34;5.32 a 36;4.Sin especificar;2.2500 gramos y más;3
86;1;2;2.15 a 19;7.42 y más;2.Secundaria/Polimodal Incompleta;2.2500 gramos y más;3
06;2;9;6.35 a 39;6.37 a 41;3.Secundario/Polimodal Completa y más;1.Menos de 2500 gramos;1
06;2;1;6.35 a 39;5.32 a 36;3.Secundario/Polimodal Completa y más;2.2500 gramos y más;36
06;1;9;9.Sin especificar;8.Sin especificar;3.Secundario/Polimodal Completa y más;3.Sin especificar;1
66;2;1;7.40 a 44;6.37 a 41;1.Hasta Primaria/C.EGB Completa;1.Menos de 2500 gramos;1
62;1;2;6.35 a 39;5.32 a 36;2.Secundaria/Polimodal Incompleta;2.2500 gramos y más;5
38;2;2;7.40 a 44;5.32 a 36;1.Hasta Primaria/C.EGB Completa;2.2500 gramos y más;1
54;1;2;7.40 a 44;5.32 a 36;2.Secundaria/Polimodal Incompleta;2.2500 gramos y más;3
66;1;1;1.Menor de 15;5.32 a 36;1.Hasta Primaria/C.EGB Completa;2.2500 gramos y más;1
14;1;2;7.40 a 44;6.37 a 41;1.Hasta Primaria/C.EGB Completa;1.Menos de 2500 gramos;3
02;2;1;5.30 a 34;4.28 a 31;3.Secundario/Polimodal Completa y más;1.Menos de 2500 gramos;3
06;2;1;8.De 45 y más;3.24 a 27;3.Secundario/Polimodal Completa y más;1.Menos de 2500 gramos;1
86;2;1;5.30 a 34;5.32 a 36;3.Secundario/Polimodal Completa y más;2.2500 gramos y más;2
06;1;1;7.40 a 44;8.Sin especificar;4.Sin especificar;1.Menos de 2500 gramos;3
10;1;1;2.15 a 19;6.37 a 41;2.Secundaria/Polimodal Incompleta;3.Sin especificar;1
90;1;1;6.35 a 39;5.32 a 36;4.Sin especificar;2.2500 gramos y más;1
50;1;2;4.25 a 29;7.42 y más;3.Secundario/Polimodal Completa y más;2.2500 gramos y más;2
54;1;1;3.20 a 24;3.24 a 27;1.Hasta Primaria/C.EGB Completa;1.Menos de 2500 gramos;2
18;1;2;6.35 a 39;5.32 a 36;3.Secundario/Polimodal Completa y más;2.2500 gramos y más;25
06;1;9;4.25 a 29;5.32 a 36;3.Secundario/Polimodal Completa y más;1.Menos de 2500 gramos;5
06;1;2;6.35 a 39;5.32 a 36;2.Secundaria/Polimodal Incompleta;2.2500 gramos y más;54
26;1;2;2.15 a 19;3.24 a 27;3.Secundario/Polimodal Completa y más;1.Menos de 2500 gramos;2
34;1;1;4.25 a 29;6.37 a 41;1.Hasta Primaria/C.EGB Completa;2.2500 gramos y más;180
22;9;2;2.15 a 19;8.Sin especificar;3.Secundario/Polimodal Completa y más;1.Menos de 2500 gramos;1
46;1;2;5.30 a 34;6.37 a 41;1.Hasta Primaria/C.EGB Completa;2.2500 gramos y más;73
70;1;1;4.25 a 29;6.37 a 41;2.Secundaria/Polimodal Incompleta;1.Menos de 2500 gramos;9
22;1;1;8.De 45 y más;6.37 a 41;2.Secundaria/Polimodal Incompleta;2.2500 gramos y más;1
86;1;1;5.30 a 34;4.28 a 31;3.Secundario/Polimodal Completa y más;1.Menos de 2500 gramos;4
02;9;1;3.20 a 24;6.37 a 41;4.Sin especificar;1.Menos de 2500 gramos;1
74;1;1;2.15 a 19;5.32 a 36;1.Hasta Primaria/C.EGB Completa;1.Menos de 2500 gramos;3
50;1;1;1.Menor de 15;6.37 a 41;2.Secundaria/Polimodal Incompleta;2.2500 gramos y más;16
94;2;2;4.25 a 29;6.37 a 41;4.Sin especificar;2.2500 gramos y más;2
38;1;2;5.30 a 34;6.37 a 41;1.Hasta Primaria/C.EGB Completa;2.2500 gramos y más;98
66;1;1;4.25 a 29;6.37 a 41;1.Hasta Primaria/C.EGB Completa;1.Menos de 2500 gramos;6
46;2;1;3.20 a 24;6.37 a 41;3.Secundario/Polimodal Completa y más;2.2500 gramos y más;2
18;1;1;7.40 a 44;3.24 a 27;3.Secundario/Polimodal Completa y más;1.Menos de 2500 gramos;2
06;2;1;7.40 a 44;6.37 a 41;3.Secundario/Polimodal Completa y más;1.Menos de 2500 gramos;6
46;1;1;3.20 a 24;5.32 a 36;2.Secundaria/Polimodal Incompleta;1.Menos de 2500 gramos;3
06;1;1;5.30 a 34;6.37 a 41;1.Hasta Primaria/C.EGB Completa;2.2500 gramos y más;2533
54;1;2;2.15 a 19;2.22 a 23;2.Secundaria/Polimodal Incompleta;1.Menos de 2500 gramos;1
38;1;1;2.15 a 19;6.37 a 41;2.Secundaria/Polimodal Incompleta;1.Menos de 2500 gramos;5
70;2;2;5.30 a 34;6.37 a 41;3.Secundario/Polimodal Completa y más;1.Menos de 2500 gramos;5
10;1;2;6.35 a 39;8.Sin especificar;2.Secundaria/Polimodal Incompleta;2.2500 gramos y más;1
06;2;2;9.Sin especificar;6.37 a 41;4.Sin especificar;3.Sin especificar;1
62;1;2;3.20 a 24;6.37 a 41;2.Secundaria/Polimodal Incompleta;1.Menos de 2500 gramos;7
46;1;2;4.25 a 29;5.32 a 36;2.Secundaria/Polimodal Incompleta;2.2500 gramos y más;2
26;1;1;4.25 a 29;3.24 a 27;3.Secundario/Polimodal Completa y más;1.Menos de 2500 gramos;1
70;2;1;3.20 a 24;4.28 a 31;3.Secundario/Polimodal Completa y más;1.Menos de 2500 gramos;2
62;1;1;3.20 a 24;5.32 a 36;4.Sin especificar;2.2500 gramos y más;5
02;1;2;8.De 45 y más;5.32 a 36;3.Secundario/Polimodal Completa y más;2.2500 gramos y más;5
62;1;2;7.40 a 44;4.28 a 31;1.Hasta Primaria/C.EGB Completa;1.Menos de 2500 gramos;1
90;2;1;5.30 a 34;4.28 a 31;1.Hasta Primaria/C.EGB Completa;1.Menos de 2500 gramos;3
78;1;2;4.25 a 29;6.37 a 41;3.Secundario/Polimodal Completa y más;2.2500 gramos y más;300
70;2;2;7.40 a 44;6.37 a 41;3.Secundario/Polimodal Completa y más;1.Menos de 2500 gramos;1
22;1;2;9.Sin especificar;6.37 a 41;3.Secundario/Polimodal Completa y más;2.2500 gramos y más;13
70;1;2;3.20 a 24;5.32 a 36;2.Secundaria/Polimodal Incompleta;2.2500 gramos y más;10
62;1;1;7.40 a 44;5.32 a 36;1.Hasta Primaria/C.EGB Completa;1.Menos de 2500 gramos;4
46;1;1;6.35 a 39;5.32 a 36;2.Secundaria/Polimodal Incompleta;1.Menos de 2500 gramos;1
06;1;1;6.35 a 39;5.32 a 36;1.Hasta Primaria/C.EGB Completa;3.Sin especificar;1
54;1;1;4.25 a 29;5.32 a 36;1.Hasta Primaria/C.EGB Completa;2.2500 gramos y más;25
54;1;1;6.35 a 39;8.Sin especificar;3.Secundario/Polimodal Completa y más;3.Sin especificar;1
82;2;1;5.30 a 34;5.32 a 36;1.Hasta Primaria/C.EGB Completa;1.Menos de 2500 gramos;5
10;1;2;5.30 a 34;7.42 y más;3.Secundario/Polimodal Completa y más;2.2500 gramos y más;1
90;1;1;4.25 a 29;5.32 a 36;3.Secundario/Polimodal Completa y más;2.2500 gramos y más;110
99;1;1;9.Sin especificar;3.24 a 27;4.Sin especificar;1.Menos de 2500 gramos;1
26;1;2;5.30 a 34;6.37 a 41;4.Sin especificar;1.Menos de 2500 gramos;1
58;1;1;5.30 a 34;3.24 a 27;3.Secundario/Polimodal Completa y más;1.Menos de 2500 gramos;1
06;1;1;8.De 45 y más;6.37 a 41;3.Secundario/Polimodal Completa y más;1.Menos de 2500 gramos;6
22;1;1;6.35 a 39;5.32 a 36;3.Secundario/Polimodal Completa y más;2.2500 gramos y más;25
02;1;2;6.35 a 39;8.Sin especificar;3.Secundario/Polimodal Completa y más;2.2500 gramos y más;3
66;1;1;3.20 a 24;7.42 y más;1.Hasta Primaria/C.EGB Completa;2.2500 gramos y más;5
54;1;1;1.Menor de 15;5.32 a 36;2.Secundaria/Polimodal Incompleta;2.2500 gramos y más;1
58;1;2;2.15 a 19;4.28 a 31;2.Secundaria/Polimodal Incompleta;1.Menos de 2500 gramos;3
54;1;2;5.30 a 34;5.32 a 36;1.Hasta Primaria/C.EGB Completa;2.2500 gramos y más;17
90;2;2;4.25 a 29;5.32 a 36;2.Secundaria/Polimodal Incompleta;2.2500 gramos y más;2
86;1;1;6.35 a 39;7.42 y más;2.Secundaria/Polimodal Incompleta;2.2500 gramos y más;1
30;1;1;5.30 a 34;5.32 a 36;3.Secundario/Polimodal Completa y más;2.2500 gramos y más;47
66;1;2;3.20 a 24;3.24 a 27;2.Secundaria/Polimodal Incompleta;1.Menos de 2500 gramos;2
74;1;2;7.40 a 44;5.32 a 36;2.Secundaria/Polimodal Incompleta;1.Menos de 2500 gramos;2
58;1;2;4.25 a 29;6.37 a 41;3.Secundario/Polimodal Completa y más;3.Sin especificar;1
10;1;2;3.20 a 24;6.37 a 41;2.Secundaria/Polimodal Incompleta;1.Menos de 2500 gramos;3
26;1;2;4.25 a 29;5.32 a 36;3.Secundario/Polimodal Completa y más;2.2500 gramos y más;11
06;1;1;3.20 a 24;8.Sin especificar;4.Sin especificar;1.Menos de 2500 gramos;11
26;1;1;7.40 a 44;6.37 a 41;2.Secundaria/Polimodal Incompleta;2.2500 gramos y más;14
14;1;1;6.35 a 39;4.28 a 31;3.Secundario/Polimodal Completa y más;1.Menos de 2500 gramos;10
18;1;1;2.15 a 19;6.37 a 41;2.Secundaria/Polimodal Incompleta;2.2500 gramos y más;416
42;1;1;8.De 45 y más;5.32 a 36;2.Secundaria/Polimodal Incompleta;1.Menos de 2500 gramos;1
26;2;2;6.35 a 39;6.37 a 41;2.Secundaria/Polimodal Incompleta;1.Menos de 2500 gramos;1
90;1;2;4.25 a 29;5.32 a 36;1.Hasta Primaria/C.EGB Completa;1.Menos de 2500 gramos;15
58;1;1;5.30 a 34;3.24 a 27;1.Hasta Primaria/C.EGB Completa;1.Menos de 2500 gramos;1
62;1;1;3.20 a 24;6.37 a 41;1.Hasta Primaria/C.EGB Completa;2.2500 gramos y más;122
14;1;1;2.15 a 19;3.24 a 27;3.Secundario/Polimodal Completa y más;1.Menos de 2500 gramos;2
54;1;1;2.15 a 19;5.32 a 36;4.Sin especificar;1.Menos de 2500 gramos;3
22;1;2;4.25 a 29;4.28 a 31;3.Secundario/Polimodal Completa y más;1.Menos de 2500 gramos;5
02;9;1;4.25 a 29;6.37 a 41;4.Sin especificar;3.Sin especificar;8
78;1;1;7.40 a 44;6.37 a 41;1.Hasta Primaria/C.EGB Completa;2.2500 gramos y más;11
58;1;1;5.30 a 34;8.Sin especificar;2.Secundaria/Polimodal Incompleta;2.2500 gramos y más;1
86;1;2;5.30 a 34;6.37 a 41;3.Secundario/Polimodal Completa y más;1.Menos de 2500 gramos;15
54;1;1;3.20 a 24;6.37 a 41;4.Sin especificar;1.Menos de 2500 gramos;9
86;2;1;3.20 a 24;5.32 a 36;1.Hasta Primaria/C.EGB Completa;2.2500 gramos y más;2
30;1;2;6.35 a 39;6.37 a 41;1.Hasta Primaria/C.EGB Completa;1.Menos de 2500 gramos;2
82;1;1;6.35 a 39;5.32 a 36;1.Hasta Primaria/C.EGB Completa;2.2500 gramos y más;22
06;1;1;6.35 a 39;5.32 a 36;1.Hasta Primaria/C.EGB Completa;1.Menos de 2500 gramos;74
82;2;1;7.40 a 44;4.28 a 31;2.Secundaria/Polimodal Incompleta;1.Menos de 2500 gramos;1
70;1;1;4.25 a 29;5.32 a 36;3.Secundario/Polimodal Completa y más;2.2500 gramos y más;11
86;1;2;5.30 a 34;5.32 a 36;1.Hasta Primaria/C.EGB Completa;2.2500 gramos y más;27
06;1;2;3.20 a 24;8.Sin especificar;4.Sin especificar;2.2500 gramos y más;21
82;1;2;7.40 a 44;4.28 a 31;1.Hasta Primaria/C.EGB Completa;1.Menos de 2500 gramos;1
06;1;2;2.15 a 19;8.Sin especificar;4.Sin especificar;3.Sin especificar;176
18;1;1;3.20 a 24;6.37 a 41;4.Sin especificar;3.Sin especificar;2
82;1;2;3.20 a 24;7.42 y más;1.Hasta Primaria/C.EGB Completa;2.2500 gramos y más;9
18;1;1;2.15 a 19;5.32 a 36;4.Sin especificar;2.2500 gramos y más;11
42;1;1;3.20 a 24;4.28 a 31;2.Secundaria/Polimodal Incompleta;2.2500 gramos y más;1
82;1;1;3.20 a 24;6.37 a 41;3.Secundario/Polimodal Completa y más;2.2500 gramos y más;1520
78;2;2;5.30 a 34;5.32 a 36;3.Secundario/Polimodal Completa y más;1.Menos de 2500 gramos;4
30;1;1;6.35 a 39;7.42 y más;1.Hasta Primaria/C.EGB Completa;2.2500 gramos y más;2
62;1;2;2.15 a 19;7.42 y más;2.Secundaria/Polimodal Incompleta;2.2500 gramos y más;3
14;1;2;9.Sin especificar;5.32 a 36;1.Hasta Primaria/C.EGB Completa;1.Menos de 2500 gramos;3
06;9;2;8.De 45 y más;5.32 a 36;3.Secundario/Polimodal Completa y más;1.Menos de 2500 gramos;1
30;2;2;3.20 a 24;6.37 a 41;2.Secundaria/Polimodal Incompleta;1.Menos de 2500 gramos;2
02;1;1;5.30 a 34;8.Sin especificar;3.Secundario/Polimodal Completa y más;2.2500 gramos y más;3
06;1;1;3.20 a 24;6.37 a 41;4.Sin especificar;3.Sin especificar;9
66;2;2;2.15 a 19;6.37 a 41;1.Hasta Primaria/C.EGB Completa;1.Menos de 2500 gramos;1
46;1;1;2.15 a 19;4.28 a 31;2.Secundaria/Polimodal Incompleta;2.2500 gramos y más;1
62;1;1;5.30 a 34;6.37 a 41;1.Hasta Primaria/C.EGB Completa;3.Sin especificar;1
46;1;2;2.15 a 19;5.32 a 36;2.Secundaria/Polimodal Incompleta;1.Menos de 2500 gramos;4
06;2;2;3.20 a 24;5.32 a 36;1.Hasta Primaria/C.EGB Completa;3.Sin especificar;2
06;1;1;3.20 a 24;4.28 a 31;2.Secundaria/Polimodal Incompleta;2.2500 gramos y más;1
62;1;1;5.30 a 34;5.32 a 36;3.Secundario/Polimodal Completa y más;1.Menos de 2500 gramos;25
02;1;1;7.40 a 44;6.37 a 41;2.Secundaria/Polimodal Incompleta;2.2500 gramos y más;44
02;1;2;6.35 a 39;3.24 a 27;3.Secundario/Polimodal Completa y más;1.Menos de 2500 gramos;2
18;1;2;2.15 a 19;4.28 a 31;3.Secundario/Polimodal Completa y más;1.Menos de 2500 gramos;1
14;2;2;3.20 a 24;6.37 a 41;1.Hasta Primaria/C.EGB Completa;2.2500 gramos y más;1
78;1;2;3.20 a 24;5.32 a 36;2.Secundaria/Polimodal Incompleta;1.Menos de 2500 gramos;6
26;2;1;4.25 a 29;5.32 a 36;3.Secundario/Polimodal Completa y más;2.2500 gramos y más;1
78;1;1;5.30 a 34;6.37 a 41;2.Secundaria/Polimodal Incompleta;1.Menos de 2500 gramos;3
34;1;1;4.25 a 29;5.32 a 36;1.Hasta Primaria/C.EGB Completa;1.Menos de 2500 gramos;3
86;2;2;5.30 a 34;6.37 a 41;3.Secundario/Polimodal Completa y más;2.2500 gramos y más;3
26;1;2;2.15 a 19;5.32 a 36;1.Hasta Primaria/C.EGB Completa;1.Menos de 2500 gramos;3
02;1;1;5.30 a 34;6.37 a 41;2.Secundaria/Polimodal Incompleta;2.2500 gramos y más;213
30;1;2;6.35 a 39;8.Sin especificar;3.Secundario/Polimodal Completa y más;1.Menos de 2500 gramos;2
06;1;9;5.30 a 34;8.Sin especificar;4.Sin especificar;3.Sin especificar;3
26;1;2;1.Menor de 15;5.32 a 36;4.Sin especificar;2.2500 gramos y más;1
14;1;2;6.35 a 39;2.22 a 23;1.Hasta Primaria/C.EGB Completa;1.Menos de 2500 gramos;1
06;1;1;3.20 a 24;8.Sin especificar;4.Sin especificar;3.Sin especificar;437
18;2;2;3.20 a 24;6.37 a 41;3.Secundario/Polimodal Completa y más;2.2500 gramos y más;2
22;1;1;5.30 a 34;6.37 a 41;2.Secundaria/Polimodal Incompleta;1.Menos de 2500 gramos;6
14;2;2;6.35 a 39;5.32 a 36;2.Secundaria/Polimodal Incompleta;1.Menos de 2500 gramos;1
30;1;2;5.30 a 34;4.28 a 31;4.Sin especificar;1.Menos de 2500 gramos;1
74;2;2;2.15 a 19;5.32 a 36;2.Secundaria/Polimodal Incompleta;1.Menos de 2500 gramos;1
42;1;2;3.20 a 24;6.37 a 41;3.Secundario/Polimodal Completa y más;2.2500 gramos y más;219
54;1;2;5.30 a 34;5.32 a 36;4.Sin especificar;1.Menos de 2500 gramos;7
98;1;2;3.20 a 24;6.37 a 41;3.Secundario/Polimodal Completa y más;2.2500 gramos y más;7
82;1;1;6.35 a 39;8.Sin especificar;3.Secundario/Polimodal Completa y más;1.Menos de 2500 gramos;2
22;1;1;7.40 a 44;5.32 a 36;3.Secundario/Polimodal Completa y más;2.2500 gramos y más;5
14;1;1;3.20 a 24;5.32 a 36;3.Secundario/Polimodal Completa y más;2.2500 gramos y más;41
10;1;2;6.35 a 39;5.32 a 36;3.Secundario/Polimodal Completa y más;3.Sin especificar;2
38;1;2;4.25 a 29;5.32 a 36;2.Secundaria/Polimodal Incompleta;1.Menos de 2500 gramos;4
06;1;2;2.15 a 19;4.28 a 31;2.Secundaria/Polimodal Incompleta;2.2500 gramos y más;1
98;1;1;5.30 a 34;6.37 a 41;4.Sin especificar;2.2500 gramos y más;1
06;1;1;5.30 a 34;8.Sin especificar;2.Secundaria/Polimodal Incompleta;1.Menos de 2500 gramos;4
50;2;2;3.20 a 24;6.37 a 41;1.Hasta Primaria/C.EGB Completa;1.Menos de 2500 gramos;2
82;1;2;5.30 a 34;4.28 a 31;3.Secundario/Polimodal Completa y más;1.Menos de 2500 gramos;15
62;1;2;6.35 a 39;6.37 a 41;2.Secundaria/Polimodal Incompleta;1.Menos de 2500 gramos;1
02;1;2;3.20 a 24;4.28 a 31;1.Hasta Primaria/C.EGB Completa;1.Menos de 2500 gramos;1
06;2;1;4.25 a 29;4.28 a 31;2.Secundaria/Polimodal Incompleta;1.Menos de 2500 gramos;1
54;1;2;7.40 a 44;7.42 y más;1.Hasta Primaria/C.EGB Completa;2.2500 gramos y más;1
14;1;1;2.15 a 19;5.32 a 36;1.Hasta Primaria/C.EGB Completa;1.Menos de 2500 gramos;9
82;2;1;3.20 a 24;5.32 a 36;2.Secundaria/Polimodal Incompleta;2.2500 gramos y más;3
26;2;1;2.15 a 19;3.24 a 27;3.Secundario/Polimodal Completa y más;1.Menos de 2500 gramos;1
86;1;1;7.40 a 44;5.32 a 36;1.Hasta Primaria/C.EGB Completa;1.Menos de 2500 gramos;2
46;1;1;8.De 45 y más;6.37 a 41;2.Secundaria/Polimodal Incompleta;2.2500 gramos y más;1
38;1;1;7.40 a 44;5.32 a 36;3.Secundario/Polimodal Completa y más;1.Menos de 2500 gramos;8
50;1;1;4.25 a 29;5.32 a 36;1.Hasta Primaria/C.EGB Completa;1.Menos de 2500 gramos;10
10;2;2;7.40 a 44;6.37 a 41;3.Secundario/Polimodal Completa y más;1.Menos de 2500 gramos;1
06;1;2;1.Menor de 15;6.37 a 41;1.Hasta Primaria/C.EGB Completa;1.Menos de 2500 gramos;2
66;1;2;5.30 a 34;6.37 a 41;3.Secundario/Polimodal Completa y más;1.Menos de 2500 gramos;17
78;2;1;6.35 a 39;6.37 a 41;1.Hasta Primaria/C.EGB Completa;1.Menos de 2500 gramos;1
30;1;1;3.20 a 24;5.32 a 36;2.Secundaria/Polimodal Incompleta;1.Menos de 2500 gramos;19
94;1;2;7.40 a 44;6.37 a 41;2.Secundaria/Polimodal Incompleta;2.2500 gramos y más;3
22;1;2;5.30 a 34;8.Sin especificar;2.Secundaria/Polimodal Incompleta;2.2500 gramos y más;1
66;1;2;2.15 a 19;7.42 y más;1.Hasta Primaria/C.EGB Completa;2.2500 gramos y más;3
14;1;1;6.35 a 39;5.32 a 36;2.Secundaria/Polimodal Incompleta;2.2500 gramos y más;13
30;1;1;3.20 a 24;6.37 a 41;3.Secundario/Polimodal Completa y más;1.Menos de 2500 gramos;15
90;2;2;2.15 a 19;5.32 a 36;3.Secundario/Polimodal Completa y más;2.2500 gramos y más;1
90;1;2;3.20 a 24;4.28 a 31;1.Hasta Primaria/C.EGB Completa;3.Sin especificar;1
99;1;2;3.20 a 24;6.37 a 41;1.Hasta Primaria/C.EGB Completa;2.2500 gramos y más;6
86;2;1;4.25 a 29;6.37 a 41;2.Secundaria/Polimodal Incompleta;2.2500 gramos y más;1
06;1;2;4.25 a 29;3.24 a 27;4.Sin especificar;1.Menos de 2500 gramos;1
18;1;1;7.40 a 44;5.32 a 36;1.Hasta Primaria/C.EGB Completa;1.Menos de 2500 gramos;1
18;1;2;5.30 a 34;6.37 a 41;4.Sin especificar;2.2500 gramos y más;190
26;1;1;3.20 a 24;6.37 a 41;2.Secundaria/Polimodal Incompleta;2.2500 gramos y más;213
14;1;1;6.35 a 39;6.37 a 41;3.Secundario/Polimodal Completa y más;2.2500 gramos y más;2307
14;1;2;2.15 a 19;4.28 a 31;3.Secundario/Polimodal Completa y más;1.Menos de 2500 gramos;2
46;1;1;5.30 a 34;6.37 a 41;4.Sin especificar;2.2500 gramos y más;2
06;9;1;4.25 a 29;8.Sin especificar;1.Hasta Primaria/C.EGB Completa;3.Sin especificar;1
30;1;1;6.35 a 39;6.37 a 41;2.Secundaria/Polimodal Incompleta;1.Menos de 2500 gramos;5
54;2;1;2.15 a 19;6.37 a 41;1.Hasta Primaria/C.EGB Completa;2.2500 gramos y más;1
74;1;2;3.20 a 24;6.37 a 41;1.Hasta Primaria/C.EGB Completa;1.Menos de 2500 gramos;3
02;9;1;6.35 a 39;5.32 a 36;3.Secundario/Polimodal Completa y más;1.Menos de 2500 gramos;1
10;1;2;7.40 a 44;6.37 a 41;3.Secundario/Polimodal Completa y más;2.2500 gramos y más;43
54;2;2;6.35 a 39;6.37 a 41;1.Hasta Primaria/C.EGB Completa;1.Menos de 2500 gramos;2
14;1;1;4.25 a 29;6.37 a 41;1.Hasta Primaria/C.EGB Completa;1.Menos de 2500 gramos;11
74;1;1;2.15 a 19;4.28 a 31;2.Secundaria/Polimodal Incompleta;1.Menos de 2500 gramos;8
06;2;1;4.25 a 29;6.37 a 41;3.Secundario/Polimodal Completa y más;2.2500 gramos y más;64
06;2;2;3.20 a 24;6.37 a 41;4.Sin especificar;1.Menos de 2500 gramos;4
82;2;2;8.De 45 y más;6.37 a 41;3.Secundario/Polimodal Completa y más;2.2500 gramos y más;1
22;2;2;3.20 a 24;4.28 a 31;3.Secundario/Polimodal Completa y más;1.Menos de 2500 gramos;2
99;1;1;5.30 a 34;6.37 a 41;4.Sin especificar;2.2500 gramos y más;5
90;1;2;5.30 a 34;2.22 a 23;1.Hasta Primaria/C.EGB Completa;1.Menos de 2500 gramos;1
90;1;1;7.40 a 44;5.32 a 36;3.Secundario/Polimodal Completa y más;1.Menos de 2500 gramos;10
58;1;1;5.30 a 34;4.28 a 31;2.Secundaria/Polimodal Incompleta;1.Menos de 2500 gramos;3
54;2;1;3.20 a 24;5.32 a 36;4.Sin especificar;1.Menos de 2500 gramos;1
74;1;2;4.25 a 29;5.32 a 36;4.Sin especificar;2.2500 gramos y más;2
30;1;1;3.20 a 24;6.37 a 41;2.Secundaria/Polimodal Incompleta;3.Sin especificar;3
50;2;1;7.40 a 44;5.32 a 36;1.Hasta Primaria/C.EGB Completa;1.Menos de 2500 gramos;3
02;1;1;2.15 a 19;6.37 a 41;4.Sin especificar;2.2500 gramos y más;63
06;1;2;9.Sin especificar;5.32 a 36;3.Secundario/Polimodal Completa y más;3.Sin especificar;1
86;2;2;3.20 a 24;6.37 a 41;2.Secundaria/Polimodal Incompleta;2.2500 gramos y más;1
06;1;1;7.40 a 44;3.24 a 27;3.Secundario/Polimodal Completa y más;3.Sin especificar;1
38;1;2;4.25 a 29;6.37 a 41;3.Secundario/Polimodal Completa y más;1.Menos de 2500 gramos;28
46;1;1;8.De 45 y más;6.37 a 41;1.Hasta Primaria/C.EGB Completa;2.2500 gramos y más;1
46;1;2;5.30 a 34;5.32 a 36;3.Secundario/Polimodal Completa y más;1.Menos de 2500 gramos;13
94;1;1;2.15 a 19;5.32 a 36;2.Secundaria/Polimodal Incompleta;2.2500 gramos y más;3
70;2;1;6.35 a 39;6.37 a 41;1.Hasta Primaria/C.EGB Completa;2.2500 gramos y más;2
10;1;2;5.30 a 34;5.32 a 36;2.Secundaria/Polimodal Incompleta;2.2500 gramos y más;5
78;2;2;6.35 a 39;5.32 a 36;3.Secundario/Polimodal Completa y más;1.Menos de 2500 gramos;2
42;1;1;2.15 a 19;6.37 a 41;1.Hasta Primaria/C.EGB Completa;2.2500 gramos y más;8
58;2;1;4.25 a 29;5.32 a 36;2.Secundaria/Polimodal Incompleta;1.Menos de 2500 gramos;2
66;1;2;6.35 a 39;6.37 a 41;1.Hasta Primaria/C.EGB Completa;1.Menos de 2500 gramos;2
22;1;2;1.Menor de 15;5.32 a 36;4.Sin especificar;2.2500 gramos y más;1
02;1;1;9.Sin especificar;7.42 y más;3.Secundario/Polimodal Completa y más;2.2500 gramos y más;1
14;1;2;2.15 a 19;5.32 a 36;3.Secundario/Polimodal Completa y más;2.2500 gramos y más;12
14;9;2;7.40 a 44;6.37 a 41;3.Secundario/Polimodal Completa y más;1.Menos de 2500 gramos;1
58;1;1;3.20 a 24;6.37 a 41;1.Hasta Primaria/C.EGB Completa;2.2500 gramos y más;77
38;1;2;5.30 a 34;7.42 y más;3.Secundario/Polimodal Completa y más;2.2500 gramos y más;5
02;1;1;5.30 a 34;4.28 a 31;3.Secundario/Polimodal Completa y más;2.2500 gramos y más;1
58;1;1;4.25 a 29;5.32 a 36;3.Secundario/Polimodal Completa y más;2.2500 gramos y más;32
74;1;2;5.30 a 34;6.37 a 41;2.Secundaria/Polimodal Incompleta;2.2500 gramos y más;63
70;2;2;4.25 a 29;6.37 a 41;2.Secundaria/Polimodal Incompleta;2.2500 gramos y más;8
14;1;1;2.15 a 19;5.32 a 36;3.Secundario/Polimodal Completa y más;1.Menos de 2500 gramos;8
42;1;2;1.Menor de 15;6.37 a 41;2.Secundaria/Polimodal Incompleta;2.2500 gramos y más;2
18;1;1;7.40 a 44;7.42 y más;3.Secundario/Polimodal Completa y más;2.2500 gramos y más;2
46;1;1;2.15 a 19;5.32 a 36;3.Secundario/Polimodal Completa y más;2.2500 gramos y más;2
22;1;2;5.30 a 34;6.37 a 41;2.Secundaria/Polimodal Incompleta;2.2500 gramos y más;218
22;9;2;2.15 a 19;6.37 a 41;1.Hasta Primaria/C.EGB Completa;3.Sin especificar;1
06;9;2;5.30 a 34;6.37 a 41;2.Secundaria/Polimodal Incompleta;2.2500 gramos y más;1
90;1;1;6.35 a 39;8.Sin especificar;2.Secundaria/Polimodal Incompleta;2.2500 gramos y más;2
26;1;1;6.35 a 39;5.32 a 36;1.Hasta Primaria/C.EGB Completa;2.2500 gramos y más;2
90;1;1;7.40 a 44;6.37 a 41;2.Secundaria/Polimodal Incompleta;2.2500 gramos y más;35
70;1;1;4.25 a 29;2.22 a 23;3.Secundario/Polimodal Completa y más;1.Menos de 2500 gramos;1
82;1;2;2.15 a 19;8.Sin especificar;2.Secundaria/Polimodal Incompleta;2.2500 gramos y más;6
30;2;2;6.35 a 39;5.32 a 36;3.Secundario/Polimodal Completa y más;1.Menos de 2500 gramos;12
06;2;2;5.30 a 34;3.24 a 27;3.Secundario/Polimodal Completa y más;1.Menos de 2500 gramos;7
22;2;2;6.35 a 39;5.32 a 36;3.Secundario/Polimodal Completa y más;1.Menos de 2500 gramos;11
58;2;1;7.40 a 44;4.28 a 31;3.Secundario/Polimodal Completa y más;1.Menos de 2500 gramos;2
30;2;1;3.20 a 24;6.37 a 41;3.Secundario/Polimodal Completa y más;2.2500 gramos y más;2
99;1;2;6.35 a 39;6.37 a 41;4.Sin especificar;2.2500 gramos y más;1
30;1;1;2.15 a 19;7.42 y más;3.Secundario/Polimodal Completa y más;2.2500 gramos y más;1
30;2;2;6.35 a 39;5.32 a 36;1.Hasta Primaria/C.EGB Completa;1.Menos de 2500 gramos;4
90;1;1;3.20 a 24;1.Menos de 22;1.Hasta Primaria/C.EGB Completa;1.Menos de 2500 gramos;1
74;1;1;3.20 a 24;5.32 a 36;3.Secundario/Polimodal Completa y más;2.2500 gramos y más;30
90;2;1;4.25 a 29;5.32 a 36;1.Hasta Primaria/C.EGB Completa;1.Menos de 2500 gramos;2
14;1;2;4.25 a 29;5.32 a 36;3.Secundario/Polimodal Completa y más;1.Menos de 2500 gramos;102
66;1;2;6.35 a 39;8.Sin especificar;2.Secundaria/Polimodal Incompleta;1.Menos de 2500 gramos;1
30;1;1;4.25 a 29;6.37 a 41;1.Hasta Primaria/C.EGB Completa;3.Sin especificar;2
06;1;1;6.35 a 39;3.24 a 27;3.Secundario/Polimodal Completa y más;1.Menos de 2500 gramos;20
06;1;1;5.30 a 34;4.28 a 31;3.Secundario/Polimodal Completa y más;3.Sin especificar;4
18;1;1;5.30 a 34;5.32 a 36;2.Secundaria/Polimodal Incompleta;2.2500 gramos y más;13
70;2;2;3.20 a 24;6.37 a 41;2.Secundaria/Polimodal Incompleta;2.2500 gramos y más;1
74;1;2;8.De 45 y más;6.37 a 41;2.Secundaria/Polimodal Incompleta;2.2500 gramos y más;2
42;1;2;5.30 a 34;6.37 a 41;2.Secundaria/Polimodal Incompleta;2.2500 gramos y más;72
50;1;2;3.20 a 24;4.28 a 31;2.Secundaria/Polimodal Incompleta;1.Menos de 2500 gramos;8
66;1;2;5.30 a 34;6.37 a 41;2.Secundaria/Polimodal Incompleta;2.2500 gramos y más;207
98;1;2;3.20 a 24;6.37 a 41;1.Hasta Primaria/C.EGB Completa;2.2500 gramos y más;3
22;2;1;3.20 a 24;5.32 a 36;3.Secundario/Polimodal Completa y más;1.Menos de 2500 gramos;9
82;1;2;6.35 a 39;6.37 a 41;1.Hasta Primaria/C.EGB Completa;2.2500 gramos y más;371
06;1;2;4.25 a 29;7.42 y más;2.Secundaria/Polimodal Incompleta;2.2500 gramos y más;17
18;1;2;4.25 a 29;3.24 a 27;2.Secundaria/Polimodal Incompleta;1.Menos de 2500 gramos;3
74;1;2;3.20 a 24;7.42 y más;4.Sin especificar;2.2500 gramos y más;1
50;1;2;3.20 a 24;3.24 a 27;3.Secundario/Polimodal Completa y más;1.Menos de 2500 gramos;2
86;1;2;9.Sin especificar;6.37 a 41;3.Secundario/Polimodal Completa y más;2.2500 gramos y más;1
18;1;1;3.20 a 24;7.42 y más;4.Sin especificar;1.Menos de 2500 gramos;2
58;1;2;5.30 a 34;6.37 a 41;2.Secundaria/Polimodal Incompleta;1.Menos de 2500 gramos;5
22;1;1;7.40 a 44;6.37 a 41;3.Secundario/Polimodal Completa y más;1.Menos de 2500 gramos;2
58;2;1;3.20 a 24;5.32 a 36;1.Hasta Primaria/C.EGB Completa;2.2500 gramos y más;1
18;2;2;3.20 a 24;5.32 a 36;2.Secundaria/Polimodal Incompleta;2.2500 gramos y más;1
22;1;2;6.35 a 39;5.32 a 36;1.Hasta Primaria/C.EGB Completa;2.2500 gramos y más;8
99;1;2;3.20 a 24;6.37 a 41;3.Secundario/Polimodal Completa y más;2.2500 gramos y más;15
06;1;1;9.Sin especificar;8.Sin especificar;4.Sin especificar;3.Sin especificar;3038
86;1;2;5.30 a 34;5.32 a 36;2.Secundaria/Polimodal Incompleta;1.Menos de 2500 gramos;9
02;1;1;3.20 a 24;6.37 a 41;3.Secundario/Polimodal Completa y más;2.2500 gramos y más;611
98;1;2;6.35 a 39;6.37 a 41;4.Sin especificar;2.2500 gramos y más;1
26;2;1;3.20 a 24;4.28 a 31;3.Secundario/Polimodal Completa y más;1.Menos de 2500 gramos;2
99;1;1;4.25 a 29;6.37 a 41;2.Secundaria/Polimodal Incompleta;2.2500 gramos y más;3
86;2;2;2.15 a 19;6.37 a 41;3.Secundario/Polimodal Completa y más;1.Menos de 2500 gramos;1
06;1;1;3.20 a 24;8.Sin especificar;1.Hasta Primaria/C.EGB Completa;2.2500 gramos y más;29
14;2;1;2.15 a 19;4.28 a 31;1.Hasta Primaria/C.EGB Completa;1.Menos de 2500 gramos;2
86;1;1;2.15 a 19;6.37 a 41;2.Secundaria/Polimodal Incompleta;2.2500 gramos y más;311
90;1;1;3.20 a 24;2.22 a 23;2.Secundaria/Polimodal Incompleta;1.Menos de 2500 gramos;1
62;1;1;9.Sin especificar;8.Sin especificar;4.Sin especificar;3.Sin especificar;1
06;2;2;7.40 a 44;4.28 a 31;2.Secundaria/Polimodal Incompleta;1.Menos de 2500 gramos;3
06;2;1;8.De 45 y más;5.32 a 36;2.Secundaria/Polimodal Incompleta;1.Menos de 2500 gramos;2
14;9;2;4.25 a 29;6.37 a 41;3.Secundario/Polimodal Completa y más;2.2500 gramos y más;1
74;1;1;6.35 a 39;7.42 y más;3.Secundario/Polimodal Completa y más;2.2500 gramos y más;4
66;1;1;6.35 a 39;5.32 a 36;1.Hasta Primaria/C.EGB Completa;1.Menos de 2500 gramos;7
18;2;2;2.15 a 19;5.32 a 36;4.Sin especificar;1.Menos de 2500 gramos;2
99;1;2;6.35 a 39;6.37 a 41;2.Secundaria/Polimodal Incompleta;2.2500 gramos y más;2
78;1;1;2.15 a 19;6.37 a 41;1.Hasta Primaria/C.EGB Completa;2.2500 gramos y más;33
82;1;2;4.25 a 29;8.Sin especificar;2.Secundaria/Polimodal Incompleta;3.Sin especificar;1
06;1;2;9.Sin especificar;5.32 a 36;3.Secundario/Polimodal Completa y más;1.Menos de 2500 gramos;16
90;1;1;8.De 45 y más;5.32 a 36;3.Secundario/Polimodal Completa y más;2.2500 gramos y más;1
34;1;2;2.15 a 19;4.28 a 31;4.Sin especificar;1.Menos de 2500 gramos;2
82;1;2;1.Menor de 15;6.37 a 41;1.Hasta Primaria/C.EGB Completa;2.2500 gramos y más;12
58;1;2;6.35 a 39;8.Sin especificar;3.Secundario/Polimodal Completa y más;2.2500 gramos y más;4
22;2;1;6.35 a 39;6.37 a 41;1.Hasta Primaria/C.EGB Completa;1.Menos de 2500 gramos;3
30;1;1;7.40 a 44;4.28 a 31;1.Hasta Primaria/C.EGB Completa;1.Menos de 2500 gramos;1
02;1;2;7.40 a 44;6.37 a 41;4.Sin especificar;1.Menos de 2500 gramos;8
98;1;1;6.35 a 39;6.37 a 41;1.Hasta Primaria/C.EGB Completa;2.2500 gramos y más;1
94;1;2;3.20 a 24;6.37 a 41;3.Secundario/Polimodal Completa y más;2.2500 gramos y más;86
22;9;2;2.15 a 19;6.37 a 41;1.Hasta Primaria/C.EGB Completa;1.Menos de 2500 gramos;1
38;1;1;4.25 a 29;5.32 a 36;3.Secundario/Polimodal Completa y más;1.Menos de 2500 gramos;18
54;1;1;5.30 a 34;3.24 a 27;1.Hasta Primaria/C.EGB Completa;1.Menos de 2500 gramos;2
54;1;2;2.15 a 19;6.37 a 41;2.Secundaria/Polimodal Incompleta;1.Menos de 2500 gramos;24
06;1;2;7.40 a 44;6.37 a 41;1.Hasta Primaria/C.EGB Completa;1.Menos de 2500 gramos;21
82;1;1;3.20 a 24;7.42 y más;2.Secundaria/Polimodal Incompleta;2.2500 gramos y más;4
70;1;2;6.35 a 39;5.32 a 36;3.Secundario/Polimodal Completa y más;1.Menos de 2500 gramos;10
18;1;2;3.20 a 24;5.32 a 36;4.Sin especificar;1.Menos de 2500 gramos;30
06;1;1;5.30 a 34;4.28 a 31;1.Hasta Primaria/C.EGB Completa;1.Menos de 2500 gramos;19
82;1;2;4.25 a 29;5.32 a 36;1.Hasta Primaria/C.EGB Completa;2.2500 gramos y más;39
50;2;1;6.35 a 39;3.24 a 27;2.Secundaria/Polimodal Incompleta;1.Menos de 2500 gramos;1
06;1;2;2.15 a 19;8.Sin especificar;1.Hasta Primaria/C.EGB Completa;2.2500 gramos y más;20
06;1;2;9.Sin especificar;6.37 a 41;3.Secundario/Polimodal Completa y más;2.2500 gramos y más;548
99;1;1;3.20 a 24;5.32 a 36;4.Sin especificar;1.Menos de 2500 gramos;1
38;1;2;6.35 a 39;6.37 a 41;3.Secundario/Polimodal Completa y más;2.2500 gramos y más;438
06;1;1;7.40 a 44;7.42 y más;1.Hasta Primaria/C.EGB Completa;2.2500 gramos y más;3
38;1;1;4.25 a 29;7.42 y más;3.Secundario/Polimodal Completa y más;2.2500 gramos y más;11
06;1;2;3.20 a 24;8.Sin especificar;1.Hasta Primaria/C.EGB Completa;1.Menos de 2500 gramos;2
22;2;2;6.35 a 39;5.32 a 36;1.Hasta Primaria/C.EGB Completa;1.Menos de 2500 gramos;2
34;1;2;5.30 a 34;2.22 a 23;4.Sin especificar;1.Menos de 2500 gramos;1
78;1;2;2.15 a 19;7.42 y más;3.Secundario/Polimodal Completa y más;2.2500 gramos y más;1
42;1;1;5.30 a 34;8.Sin especificar;2.Secundaria/Polimodal Incompleta;1.Menos de 2500 gramos;1
82;1;1;4.25 a 29;7.42 y más;2.Secundaria/Polimodal Incompleta;2.2500 gramos y más;2
54;1;1;5.30 a 34;3.24 a 27;3.Secundario/Polimodal Completa y más;1.Menos de 2500 gramos;4
98;1;1;5.30 a 34;5.32 a 36;1.Hasta Primaria/C.EGB Completa;2.2500 gramos y más;1
54;1;2;2.15 a 19;4.28 a 31;1.Hasta Primaria/C.EGB Completa;1.Menos de 2500 gramos;4
34;1;2;4.25 a 29;5.32 a 36;1.Hasta Primaria/C.EGB Completa;2.2500 gramos y más;5
70;1;2;3.20 a 24;5.32 a 36;1.Hasta Primaria/C.EGB Completa;2.2500 gramos y más;3
10;9;1;7.40 a 44;6.37 a 41;2.Secundaria/Polimodal Incompleta;2.2500 gramos y más;1
38;1;2;5.30 a 34;6.37 a 41;3.Secundario/Polimodal Completa y más;2.2500 gramos y más;624
54;1;2;7.40 a 44;4.28 a 31;1.Hasta Primaria/C.EGB Completa;1.Menos de 2500 gramos;1
06;1;2;6.35 a 39;6.37 a 41;2.Secundaria/Polimodal Incompleta;3.Sin especificar;13
22;2;1;6.35 a 39;5.32 a 36;1.Hasta Primaria/C.EGB Completa;2.2500 gramos y más;1
82;2;1;7.40 a 44;6.37 a 41;3.Secundario/Polimodal Completa y más;2.2500 gramos y más;6
70;2;1;4.25 a 29;5.32 a 36;1.Hasta Primaria/C.EGB Completa;2.2500 gramos y más;3
54;1;1;4.25 a 29;6.37 a 41;4.Sin especificar;1.Menos de 2500 gramos;6
02;1;2;3.20 a 24;5.32 a 36;3.Secundario/Polimodal Completa y más;2.2500 gramos y más;11
22;2;1;4.25 a 29;6.37 a 41;2.Secundaria/Polimodal Incompleta;1.Menos de 2500 gramos;2
54;1;2;1.Menor de 15;5.32 a 36;1.Hasta Primaria/C.EGB Completa;2.2500 gramos y más;4
90;2;1;7.40 a 44;5.32 a 36;3.Secundario/Polimodal Completa y más;2.2500 gramos y más;4
34;1;2;3.20 a 24;4.28 a 31;3.Secundario/Polimodal Completa y más;1.Menos de 2500 gramos;3
70;1;2;7.40 a 44;5.32 a 36;2.Secundaria/Polimodal Incompleta;2.2500 gramos y más;1
74;1;1;5.30 a 34;6.37 a 41;2.Secundaria/Polimodal Incompleta;1.Menos de 2500 gramos;2
50;1;1;5.30 a 34;3.24 a 27;2.Secundaria/Polimodal Incompleta;1.Menos de 2500 gramos;2
22;1;1;6.35 a 39;7.42 y más;1.Hasta Primaria/C.EGB Completa;2.2500 gramos y más;4
30;1;1;2.15 a 19;8.Sin especificar;3.Secundario/Polimodal Completa y más;2.2500 gramos y más;1
06;1;1;2.15 a 19;5.32 a 36;3.Secundario/Polimodal Completa y más;1.Menos de 2500 gramos;60
86;2;2;3.20 a 24;4.28 a 31;2.Secundaria/Polimodal Incompleta;1.Menos de 2500 gramos;1
06;2;1;5.30 a 34;5.32 a 36;4.Sin especificar;1.Menos de 2500 gramos;5
06;1;1;4.25 a 29;6.37 a 41;1.Hasta Primaria/C.EGB Completa;1.Menos de 2500 gramos;71
58;1;2;5.30 a 34;5.32 a 36;1.Hasta Primaria/C.EGB Completa;2.2500 gramos y más;3
30;1;1;9.Sin especificar;8.Sin especificar;2.Secundaria/Polimodal Incompleta;3.Sin especificar;1
02;1;1;4.25 a 29;4.28 a 31;3.Secundario/Polimodal Completa y más;1.Menos de 2500 gramos;4
86;1;1;5.30 a 34;4.28 a 31;1.Hasta Primaria/C.EGB Completa;1.Menos de 2500 gramos;1
46;1;2;5.30 a 34;5.32 a 36;1.Hasta Primaria/C.EGB Completa;1.Menos de 2500 gramos;1
99;1;2;4.25 a 29;6.37 a 41;4.Sin especificar;3.Sin especificar;2
38;1;1;9.Sin especificar;6.37 a 41;3.Secundario/Polimodal Completa y más;2.2500 gramos y más;1
10;1;1;5.30 a 34;6.37 a 41;2.Secundaria/Polimodal Incompleta;2.2500 gramos y más;49
02;1;1;3.20 a 24;7.42 y más;2.Secundaria/Polimodal Incompleta;2.2500 gramos y más;2
18;1;2;1.Menor de 15;6.37 a 41;1.Hasta Primaria/C.EGB Completa;1.Menos de 2500 gramos;1
02;1;1;5.30 a 34;5.32 a 36;4.Sin especificar;2.2500 gramos y más;14
22;1;2;3.20 a 24;8.Sin especificar;2.Secundaria/Polimodal Incompleta;2.2500 gramos y más;2
82;1;2;7.40 a 44;6.37 a 41;3.Secundario/Polimodal Completa y más;2.2500 gramos y más;526
66;2;2;4.25 a 29;6.37 a 41;1.Hasta Primaria/C.EGB Completa;2.2500 gramos y más;2
74;2;1;3.20 a 24;5.32 a 36;2.Secundaria/Polimodal Incompleta;1.Menos de 2500 gramos;2
26;1;1;6.35 a 39;6.37 a 41;3.Secundario/Polimodal Completa y más;1.Menos de 2500 gramos;6
50;1;1;4.25 a 29;6.37 a 41;2.Secundaria/Polimodal Incompleta;2.2500 gramos y más;812
30;1;1;2.15 a 19;4.28 a 31;2.Secundaria/Polimodal Incompleta;1.Menos de 2500 gramos;3
26;2;1;2.15 a 19;3.24 a 27;2.Secundaria/Polimodal Incompleta;1.Menos de 2500 gramos;1
54;1;1;8.De 45 y más;6.37 a 41;2.Secundaria/Polimodal Incompleta;1.Menos de 2500 gramos;1
02;9;2;6.35 a 39;6.37 a 41;4.Sin especificar;1.Menos de 2500 gramos;1
10;1;1;5.30 a 34;5.32 a 36;3.Secundario/Polimodal Completa y más;1.Menos de 2500 gramos;11
30;1;1;3.20 a 24;4.28 a 31;2.Secundaria/Polimodal Incompleta;2.2500 gramos y más;1
54;1;2;3.20 a 24;4.28 a 31;2.Secundaria/Polimodal Incompleta;2.2500 gramos y más;1
18;1;1;3.20 a 24;6.37 a 41;2.Secundaria/Polimodal Incompleta;1.Menos de 2500 gramos;10
06;1;2;9.Sin especificar;8.Sin especificar;2.Secundaria/Polimodal Incompleta;2.2500 gramos y más;10
54;2;2;3.20 a 24;3.24 a 27;3.Secundario/Polimodal Completa y más;1.Menos de 2500 gramos;2
18;1;2;8.De 45 y más;5.32 a 36;3.Secundario/Polimodal Completa y más;1.Menos de 2500 gramos;1
06;1;9;6.35 a 39;5.32 a 36;3.Secundario/Polimodal Completa y más;3.Sin especificar;1
62;1;1;4.25 a 29;6.37 a 41;2.Secundaria/Polimodal Incompleta;1.Menos de 2500 gramos;3
42;1;2;4.25 a 29;4.28 a 31;3.Secundario/Polimodal Completa y más;1.Menos de 2500 gramos;1
38;1;2;5.30 a 34;4.28 a 31;3.Secundario/Polimodal Completa y más;1.Menos de 2500 gramos;2
90;1;2;5.30 a 34;5.32 a 36;1.Hasta Primaria/C.EGB Completa;2.2500 gramos y más;28
46;1;1;5.30 a 34;5.32 a 36;2.Secundaria/Polimodal Incompleta;1.Menos de 2500 gramos;3
14;1;1;9.Sin especificar;6.37 a 41;1.Hasta Primaria/C.EGB Completa;1.Menos de 2500 gramos;1
02;9;2;2.15 a 19;6.37 a 41;4.Sin especificar;1.Menos de 2500 gramos;1
14;2;2;8.De 45 y más;4.28 a 31;3.Secundario/Polimodal Completa y más;1.Menos de 2500 gramos;1
58;1;2;5.30 a 34;4.28 a 31;3.Secundario/Polimodal Completa y más;1.Menos de 2500 gramos;5
58;1;1;5.30 a 34;6.37 a 41;2.Secundaria/Polimodal Incompleta;2.2500 gramos y más;171
06;1;1;3.20 a 24;7.42 y más;1.Hasta Primaria/C.EGB Completa;2.2500 gramos y más;19
06;2;2;5.30 a 34;5.32 a 36;1.Hasta Primaria/C.EGB Completa;1.Menos de 2500 gramos;15
34;2;2;5.30 a 34;5.32 a 36;2.Secundaria/Polimodal Incompleta;1.Menos de 2500 gramos;2
66;1;2;4.25 a 29;6.37 a 41;3.Secundario/Polimodal Completa y más;2.2500 gramos y más;1266
06;1;9;3.20 a 24;6.37 a 41;3.Secundario/Polimodal Completa y más;1.Menos de 2500 gramos;1
42;1;2;4.25 a 29;6.37 a 41;3.Secundario/Polimodal Completa y más;2.2500 gramos y más;279
90;1;1;3.20 a 24;8.Sin especificar;3.Secundario/Polimodal Completa y más;2.2500 gramos y más;19
10;1;1;4.25 a 29;6.37 a 41;1.Hasta Primaria/C.EGB Completa;2.2500 gramos y más;52
38;1;2;4.25 a 29;5.32 a 36;1.Hasta Primaria/C.EGB Completa;2.2500 gramos y más;2
26;2;1;5.30 a 34;5.32 a 36;3.Secundario/Polimodal Completa y más;1.Menos de 2500 gramos;2
06;2;2;9.Sin especificar;4.28 a 31;1.Hasta Primaria/C.EGB Completa;1.Menos de 2500 gramos;1
90;1;2;3.20 a 24;6.37 a 41;4.Sin especificar;2.2500 gramos y más;6
06;1;1;6.35 a 39;4.28 a 31;3.Secundario/Polimodal Completa y más;1.Menos de 2500 gramos;69
94;1;2;6.35 a 39;6.37 a 41;3.Secundario/Polimodal Completa y más;1.Menos de 2500 gramos;2
90;1;2;3.20 a 24;4.28 a 31;1.Hasta Primaria/C.EGB Completa;2.2500 gramos y más;1
90;1;2;7.40 a 44;7.42 y más;3.Secundario/Polimodal Completa y más;2.2500 gramos y más;5
10;1;2;7.40 a 44;8.Sin especificar;3.Secundario/Polimodal Completa y más;2.2500 gramos y más;1
22;1;1;6.35 a 39;6.37 a 41;2.Secundaria/Polimodal Incompleta;1.Menos de 2500 gramos;4
82;1;2;2.15 a 19;6.37 a 41;3.Secundario/Polimodal Completa y más;2.2500 gramos y más;243
34;1;2;5.30 a 34;6.37 a 41;4.Sin especificar;1.Menos de 2500 gramos;4
06;9;2;7.40 a 44;5.32 a 36;4.Sin especificar;1.Menos de 2500 gramos;2
78;1;1;6.35 a 39;3.24 a 27;3.Secundario/Polimodal Completa y más;1.Menos de 2500 gramos;1
06;1;2;3.20 a 24;6.37 a 41;1.Hasta Primaria/C.EGB Completa;3.Sin especificar;12
06;1;2;3.20 a 24;3.24 a 27;2.Secundaria/Polimodal Incompleta;1.Menos de 2500 gramos;13
58;1;1;5.30 a 34;8.Sin especificar;1.Hasta Primaria/C.EGB Completa;2.2500 gramos y más;1
94;1;1;3.20 a 24;5.32 a 36;2.Secundaria/Polimodal Incompleta;1.Menos de 2500 gramos;1
90;1;2;4.25 a 29;6.37 a 41;2.Secundaria/Polimodal Incompleta;2.2500 gramos y más;302
82;1;2;5.30 a 34;5.32 a 36;3.Secundario/Polimodal Completa y más;3.Sin especificar;1
10;1;2;6.35 a 39;8.Sin especificar;3.Secundario/Polimodal Completa y más;2.2500 gramos y más;3
66;1;2;3.20 a 24;8.Sin especificar;2.Secundaria/Polimodal Incompleta;2.2500 gramos y más;11
82;1;1;7.40 a 44;5.32 a 36;2.Secundaria/Polimodal Incompleta;1.Menos de 2500 gramos;6
74;1;2;7.40 a 44;6.37 a 41;3.Secundario/Polimodal Completa y más;1.Menos de 2500 gramos;4
10;1;2;2.15 a 19;6.37 a 41;3.Secundario/Polimodal Completa y más;2.2500 gramos y más;64
66;1;2;4.25 a 29;8.Sin especificar;4.Sin especificar;2.2500 gramos y más;2
74;2;1;3.20 a 24;6.37 a 41;2.Secundaria/Polimodal Incompleta;2.2500 gramos y más;2
34;2;1;2.15 a 19;6.37 a 41;2.Secundaria/Polimodal Incompleta;2.2500 gramos y más;2
66;1;1;7.40 a 44;8.Sin especificar;3.Secundario/Polimodal Completa y más;2.2500 gramos y más;9
22;1;1;4.25 a 29;8.Sin especificar;2.Secundaria/Polimodal Incompleta;2.2500 gramos y más;3
86;1;1;3.20 a 24;4.28 a 31;1.Hasta Primaria/C.EGB Completa;1.Menos de 2500 gramos;1
26;1;2;5.30 a 34;5.32 a 36;1.Hasta Primaria/C.EGB Completa;1.Menos de 2500 gramos;2
66;1;1;5.30 a 34;6.37 a 41;4.Sin especificar;1.Menos de 2500 gramos;1
90;1;2;9.Sin especificar;6.37 a 41;4.Sin especificar;2.2500 gramos y más;8
06;9;1;5.30 a 34;5.32 a 36;4.Sin especificar;1.Menos de 2500 gramos;3
18;1;1;3.20 a 24;7.42 y más;1.Hasta Primaria/C.EGB Completa;2.2500 gramos y más;5
22;1;1;5.30 a 34;4.28 a 31;1.Hasta Primaria/C.EGB Completa;1.Menos de 2500 gramos;2
02;1;2;6.35 a 39;5.32 a 36;2.Secundaria/Polimodal Incompleta;2.2500 gramos y más;3
22;9;1;3.20 a 24;6.37 a 41;3.Secundario/Polimodal Completa y más;3.Sin especificar;2
22;1;1;8.De 45 y más;6.37 a 41;3.Secundario/Polimodal Completa y más;3.Sin especificar;1
22;9;9;5.30 a 34;8.Sin especificar;1.Hasta Primaria/C.EGB Completa;3.Sin especificar;1
90;2;2;7.40 a 44;5.32 a 36;2.Secundaria/Polimodal Incompleta;1.Menos de 2500 gramos;2
06;1;1;2.15 a 19;7.42 y más;3.Secundario/Polimodal Completa y más;3.Sin especificar;1
22;9;1;4.25 a 29;5.32 a 36;1.Hasta Primaria/C.EGB Completa;1.Menos de 2500 gramos;1
66;1;2;5.30 a 34;8.Sin especificar;3.Secundario/Polimodal Completa y más;3.Sin especificar;1
50;1;1;3.20 a 24;6.37 a 41;2.Secundaria/Polimodal Incompleta;2.2500 gramos y más;1043
22;1;1;4.25 a 29;8.Sin especificar;4.Sin especificar;2.2500 gramos y más;1
34;2;1;3.20 a 24;5.32 a 36;3.Secundario/Polimodal Completa y más;2.2500 gramos y más;1
86;1;2;4.25 a 29;6.37 a 41;2.Secundaria/Polimodal Incompleta;2.2500 gramos y más;241
50;2;1;5.30 a 34;6.37 a 41;3.Secundario/Polimodal Completa y más;2.2500 gramos y más;13
78;1;2;6.35 a 39;5.32 a 36;1.Hasta Primaria/C.EGB Completa;2.2500 gramos y más;4
70;1;2;5.30 a 34;5.32 a 36;3.Secundario/Polimodal Completa y más;2.2500 gramos y más;14
34;1;1;5.30 a 34;3.24 a 27;4.Sin especificar;1.Menos de 2500 gramos;3
10;1;2;2.15 a 19;5.32 a 36;3.Secundario/Polimodal Completa y más;1.Menos de 2500 gramos;4
06;9;2;6.35 a 39;5.32 a 36;4.Sin especificar;1.Menos de 2500 gramos;4
34;2;1;4.25 a 29;5.32 a 36;3.Secundario/Polimodal Completa y más;2.2500 gramos y más;1
02;2;2;5.30 a 34;3.24 a 27;2.Secundaria/Polimodal Incompleta;1.Menos de 2500 gramos;2
06;1;1;4.25 a 29;2.22 a 23;3.Secundario/Polimodal Completa y más;1.Menos de 2500 gramos;8
66;1;2;2.15 a 19;6.37 a 41;2.Secundaria/Polimodal Incompleta;1.Menos de 2500 gramos;18
06;1;2;8.De 45 y más;5.32 a 36;3.Secundario/Polimodal Completa y más;3.Sin especificar;1
34;1;2;3.20 a 24;7.42 y más;1.Hasta Primaria/C.EGB Completa;2.2500 gramos y más;2
10;9;2;5.30 a 34;5.32 a 36;3.Secundario/Polimodal Completa y más;2.2500 gramos y más;2
26;2;2;7.40 a 44;5.32 a 36;3.Secundario/Polimodal Completa y más;2.2500 gramos y más;1
18;2;2;6.35 a 39;5.32 a 36;3.Secundario/Polimodal Completa y más;1.Menos de 2500 gramos;2
99;1;2;9.Sin especificar;6.37 a 41;3.Secundario/Polimodal Completa y más;2.2500 gramos y más;7
58;1;2;2.15 a 19;7.42 y más;2.Secundaria/Polimodal Incompleta;2.2500 gramos y más;2
18;1;1;6.35 a 39;5.32 a 36;1.Hasta Primaria/C.EGB Completa;1.Menos de 2500 gramos;3
22;1;2;2.15 a 19;8.Sin especificar;2.Secundaria/Polimodal Incompleta;3.Sin especificar;2
82;1;1;5.30 a 34;4.28 a 31;2.Secundaria/Polimodal Incompleta;1.Menos de 2500 gramos;7
90;2;1;5.30 a 34;5.32 a 36;1.Hasta Primaria/C.EGB Completa;2.2500 gramos y más;1
82;2;1;3.20 a 24;4.28 a 31;1.Hasta Primaria/C.EGB Completa;1.Menos de 2500 gramos;4
18;1;2;3.20 a 24;6.37 a 41;3.Secundario/Polimodal Completa y más;3.Sin especificar;2
78;1;2;7.40 a 44;6.37 a 41;1.Hasta Primaria/C.EGB Completa;1.Menos de 2500 gramos;1
06;2;1;4.25 a 29;1.Menos de 22;2.Secundaria/Polimodal Incompleta;1.Menos de 2500 gramos;1
42;1;2;8.De 45 y más;6.37 a 41;3.Secundario/Polimodal Completa y más;2.2500 gramos y más;5
90;1;2;4.25 a 29;7.42 y más;1.Hasta Primaria/C.EGB Completa;1.Menos de 2500 gramos;1
58;1;1;4.25 a 29;5.32 a 36;2.Secundaria/Polimodal Incompleta;2.2500 gramos y más;15
06;2;2;4.25 a 29;5.32 a 36;4.Sin especificar;2.2500 gramos y más;2
82;1;1;4.25 a 29;7.42 y más;1.Hasta Primaria/C.EGB Completa;2.2500 gramos y más;7
54;1;1;5.30 a 34;7.42 y más;2.Secundaria/Polimodal Incompleta;2.2500 gramos y más;2
82;1;1;6.35 a 39;6.37 a 41;4.Sin especificar;2.2500 gramos y más;7
22;1;2;1.Menor de 15;6.37 a 41;2.Secundaria/Polimodal Incompleta;2.2500 gramos y más;13
02;1;2;7.40 a 44;5.32 a 36;4.Sin especificar;2.2500 gramos y más;4
30;2;1;3.20 a 24;8.Sin especificar;4.Sin especificar;2.2500 gramos y más;1
10;1;1;7.40 a 44;8.Sin especificar;3.Secundario/Polimodal Completa y más;3.Sin especificar;1
06;9;1;6.35 a 39;6.37 a 41;1.Hasta Primaria/C.EGB Completa;2.2500 gramos y más;2
34;1;1;1.Menor de 15;5.32 a 36;1.Hasta Primaria/C.EGB Completa;1.Menos de 2500 gramos;1
90;1;2;5.30 a 34;6.37 a 41;2.Secundaria/Polimodal Incompleta;1.Menos de 2500 gramos;10
70;1;2;3.20 a 24;7.42 y más;1.Hasta Primaria/C.EGB Completa;2.2500 gramos y más;1
90;1;1;2.15 a 19;6.37 a 41;2.Secundaria/Polimodal Incompleta;2.2500 gramos y más;467
02;2;2;3.20 a 24;5.32 a 36;2.Secundaria/Polimodal Incompleta;1.Menos de 2500 gramos;1
98;1;2;3.20 a 24;5.32 a 36;3.Secundario/Polimodal Completa y más;1.Menos de 2500 gramos;1
66;1;2;6.35 a 39;6.37 a 41;3.Secundario/Polimodal Completa y más;3.Sin especificar;1
54;1;2;2.15 a 19;6.37 a 41;1.Hasta Primaria/C.EGB Completa;2.2500 gramos y más;471
82;2;1;2.15 a 19;3.24 a 27;2.Secundaria/Polimodal Incompleta;1.Menos de 2500 gramos;2
74;1;1;7.40 a 44;6.37 a 41;1.Hasta Primaria/C.EGB Completa;2.2500 gramos y más;11
86;1;2;2.15 a 19;7.42 y más;1.Hasta Primaria/C.EGB Completa;2.2500 gramos y más;6
30;2;1;6.35 a 39;5.32 a 36;1.Hasta Primaria/C.EGB Completa;2.2500 gramos y más;1
30;2;1;3.20 a 24;5.32 a 36;3.Secundario/Polimodal Completa y más;1.Menos de 2500 gramos;2
38;1;1;4.25 a 29;5.32 a 36;2.Secundaria/Polimodal Incompleta;2.2500 gramos y más;5
14;2;2;5.30 a 34;3.24 a 27;3.Secundario/Polimodal Completa y más;1.Menos de 2500 gramos;1
02;1;2;7.40 a 44;7.42 y más;2.Secundaria/Polimodal Incompleta;2.2500 gramos y más;1
50;1;1;3.20 a 24;3.24 a 27;2.Secundaria/Polimodal Incompleta;1.Menos de 2500 gramos;6
18;1;2;2.15 a 19;7.42 y más;4.Sin especificar;1.Menos de 2500 gramos;1
86;1;2;4.25 a 29;5.32 a 36;3.Secundario/Polimodal Completa y más;1.Menos de 2500 gramos;20
14;1;1;7.40 a 44;6.37 a 41;1.Hasta Primaria/C.EGB Completa;2.2500 gramos y más;114
66;1;2;3.20 a 24;6.37 a 41;1.Hasta Primaria/C.EGB Completa;1.Menos de 2500 gramos;6
10;1;1;2.15 a 19;8.Sin especificar;2.Secundaria/Polimodal Incompleta;3.Sin especificar;1
54;1;1;3.20 a 24;6.37 a 41;1.Hasta Primaria/C.EGB Completa;2.2500 gramos y más;807
38;1;1;5.30 a 34;4.28 a 31;3.Secundario/Polimodal Completa y más;2.2500 gramos y más;1
54;2;2;6.35 a 39;6.37 a 41;3.Secundario/Polimodal Completa y más;1.Menos de 2500 gramos;2
70;1;2;2.15 a 19;5.32 a 36;1.Hasta Primaria/C.EGB Completa;1.Menos de 2500 gramos;1
74;1;2;6.35 a 39;5.32 a 36;4.Sin especificar;1.Menos de 2500 gramos;1
34;9;2;4.25 a 29;6.37 a 41;4.Sin especificar;2.2500 gramos y más;1
30;2;1;6.35 a 39;6.37 a 41;1.Hasta Primaria/C.EGB Completa;1.Menos de 2500 gramos;2
90;1;2;9.Sin especificar;7.42 y más;1.Hasta Primaria/C.EGB Completa;1.Menos de 2500 gramos;1
18;1;2;1.Menor de 15;5.32 a 36;2.Secundaria/Polimodal Incompleta;1.Menos de 2500 gramos;3
06;9;1;4.25 a 29;4.28 a 31;4.Sin especificar;1.Menos de 2500 gramos;2
58;1;2;6.35 a 39;5.32 a 36;2.Secundaria/Polimodal Incompleta;2.2500 gramos y más;3
30;2;2;5.30 a 34;6.37 a 41;3.Secundario/Polimodal Completa y más;2.2500 gramos y más;7
66;2;1;6.35 a 39;6.37 a 41;1.Hasta Primaria/C.EGB Completa;1.Menos de 2500 gramos;1
82;1;2;4.25 a 29;5.32 a 36;4.Sin especificar;1.Menos de 2500 gramos;2
99;1;1;4.25 a 29;6.37 a 41;3.Secundario/Polimodal Completa y más;2.2500 gramos y más;16
06;1;1;1.Menor de 15;7.42 y más;1.Hasta Primaria/C.EGB Completa;2.2500 gramos y más;1
38;1;1;4.25 a 29;2.22 a 23;2.Secundaria/Polimodal Incompleta;1.Menos de 2500 gramos;1
98;1;2;6.35 a 39;6.37 a 41;2.Secundaria/Polimodal Incompleta;2.2500 gramos y más;1
06;9;2;6.35 a 39;6.37 a 41;4.Sin especificar;2.2500 gramos y más;54
14;1;2;5.30 a 34;6.37 a 41;3.Secundario/Polimodal Completa y más;3.Sin especificar;3
66;1;2;4.25 a 29;1.Menos de 22;3.Secundario/Polimodal Completa y más;1.Menos de 2500 gramos;1
22;1;2;8.De 45 y más;6.37 a 41;1.Hasta Primaria/C.EGB Completa;2.2500 gramos y más;2
90;1;1;5.30 a 34;6.37 a 41;3.Secundario/Polimodal Completa y más;2.2500 gramos y más;1245
34;1;2;3.20 a 24;7.42 y más;3.Secundario/Polimodal Completa y más;2.2500 gramos y más;3
18;1;1;5.30 a 34;6.37 a 41;4.Sin especificar;1.Menos de 2500 gramos;7
94;2;1;5.30 a 34;5.32 a 36;3.Secundario/Polimodal Completa y más;1.Menos de 2500 gramos;4
06;2;1;9.Sin especificar;6.37 a 41;3.Secundario/Polimodal Completa y más;2.2500 gramos y más;3
42;2;2;7.40 a 44;5.32 a 36;3.Secundario/Polimodal Completa y más;1.Menos de 2500 gramos;1
82;1;2;4.25 a 29;8.Sin especificar;3.Secundario/Polimodal Completa y más;3.Sin especificar;1
62;2;2;2.15 a 19;6.37 a 41;2.Secundaria/Polimodal Incompleta;1.Menos de 2500 gramos;2
54;1;1;6.35 a 39;6.37 a 41;1.Hasta Primaria/C.EGB Completa;3.Sin especificar;1
66;1;1;7.40 a 44;8.Sin especificar;1.Hasta Primaria/C.EGB Completa;2.2500 gramos y más;1
10;1;2;7.40 a 44;3.24 a 27;3.Secundario/Polimodal Completa y más;1.Menos de 2500 gramos;1
22;1;1;2.15 a 19;3.24 a 27;1.Hasta Primaria/C.EGB Completa;3.Sin especificar;1
58;1;1;3.20 a 24;8.Sin especificar;3.Secundario/Polimodal Completa y más;2.2500 gramos y más;1
06;1;2;6.35 a 39;8.Sin especificar;2.Secundaria/Polimodal Incompleta;1.Menos de 2500 gramos;3
70;2;1;4.25 a 29;6.37 a 41;1.Hasta Primaria/C.EGB Completa;1.Menos de 2500 gramos;6
82;1;2;5.30 a 34;7.42 y más;1.Hasta Primaria/C.EGB Completa;2.2500 gramos y más;1
06;2;1;2.15 a 19;4.28 a 31;1.Hasta Primaria/C.EGB Completa;1.Menos de 2500 gramos;1
46;1;1;3.20 a 24;6.37 a 41;2.Secundaria/Polimodal Incompleta;2.2500 gramos y más;65
98;1;2;3.20 a 24;6.37 a 41;2.Secundaria/Polimodal Incompleta;2.2500 gramos y más;1
94;1;2;2.15 a 19;5.32 a 36;1.Hasta Primaria/C.EGB Completa;2.2500 gramos y más;1
82;1;2;5.30 a 34;7.42 y más;3.Secundario/Polimodal Completa y más;2.2500 gramos y más;2
90;1;1;1.Menor de 15;7.42 y más;1.Hasta Primaria/C.EGB Completa;2.2500 gramos y más;1
58;1;2;7.40 a 44;5.32 a 36;2.Secundaria/Polimodal Incompleta;2.2500 gramos y más;1
66;1;2;3.20 a 24;5.32 a 36;4.Sin especificar;1.Menos de 2500 gramos;1
70;1;1;3.20 a 24;6.37 a 41;3.Secundario/Polimodal Completa y más;2.2500 gramos y más;511
06;1;2;5.30 a 34;6.37 a 41;2.Secundaria/Polimodal Incompleta;3.Sin especificar;6
74;1;1;6.35 a 39;5.32 a 36;1.Hasta Primaria/C.EGB Completa;1.Menos de 2500 gramos;1
50;2;2;3.20 a 24;6.37 a 41;3.Secundario/Polimodal Completa y más;1.Menos de 2500 gramos;7
90;2;2;5.30 a 34;5.32 a 36;3.Secundario/Polimodal Completa y más;1.Menos de 2500 gramos;8
62;1;1;5.30 a 34;4.28 a 31;2.Secundaria/Polimodal Incompleta;1.Menos de 2500 gramos;1
06;1;1;9.Sin especificar;6.37 a 41;1.Hasta Primaria/C.EGB Completa;1.Menos de 2500 gramos;1
26;1;1;3.20 a 24;4.28 a 31;2.Secundaria/Polimodal Incompleta;1.Menos de 2500 gramos;1
82;1;2;3.20 a 24;4.28 a 31;3.Secundario/Polimodal Completa y más;1.Menos de 2500 gramos;14
18;1;2;3.20 a 24;8.Sin especificar;3.Secundario/Polimodal Completa y más;1.Menos de 2500 gramos;1
14;2;1;5.30 a 34;5.32 a 36;4.Sin especificar;1.Menos de 2500 gramos;2
62;2;2;3.20 a 24;5.32 a 36;2.Secundaria/Polimodal Incompleta;1.Menos de 2500 gramos;1
66;1;1;2.15 a 19;5.32 a 36;1.Hasta Primaria/C.EGB Completa;1.Menos de 2500 gramos;6
99;1;1;6.35 a 39;6.37 a 41;4.Sin especificar;3.Sin especificar;1
06;9;2;6.35 a 39;8.Sin especificar;4.Sin especificar;3.Sin especificar;1
94;1;2;7.40 a 44;5.32 a 36;3.Secundario/Polimodal Completa y más;1.Menos de 2500 gramos;3
94;1;2;4.25 a 29;8.Sin especificar;3.Secundario/Polimodal Completa y más;2.2500 gramos y más;2
50;1;2;5.30 a 34;5.32 a 36;3.Secundario/Polimodal Completa y más;1.Menos de 2500 gramos;49
54;1;1;6.35 a 39;8.Sin especificar;1.Hasta Primaria/C.EGB Completa;1.Menos de 2500 gramos;1
46;2;2;4.25 a 29;5.32 a 36;3.Secundario/Polimodal Completa y más;1.Menos de 2500 gramos;2
02;2;1;6.35 a 39;6.37 a 41;1.Hasta Primaria/C.EGB Completa;2.2500 gramos y más;2
22;1;2;2.15 a 19;7.42 y más;1.Hasta Primaria/C.EGB Completa;2.2500 gramos y más;2
06;9;1;4.25 a 29;6.37 a 41;4.Sin especificar;2.2500 gramos y más;86
30;1;2;3.20 a 24;3.24 a 27;2.Secundaria/Polimodal Incompleta;1.Menos de 2500 gramos;1
14;2;1;2.15 a 19;6.37 a 41;2.Secundaria/Polimodal Incompleta;1.Menos de 2500 gramos;5
14;1;2;7.40 a 44;6.37 a 41;3.Secundario/Polimodal Completa y más;3.Sin especificar;1
14;1;1;5.30 a 34;8.Sin especificar;3.Secundario/Polimodal Completa y más;2.2500 gramos y más;11
58;1;1;5.30 a 34;5.32 a 36;3.Secundario/Polimodal Completa y más;1.Menos de 2500 gramos;21
30;1;1;8.De 45 y más;6.37 a 41;2.Secundaria/Polimodal Incompleta;2.2500 gramos y más;6
50;2;2;2.15 a 19;4.28 a 31;2.Secundaria/Polimodal Incompleta;1.Menos de 2500 gramos;1
06;2;2;4.25 a 29;5.32 a 36;2.Secundaria/Polimodal Incompleta;2.2500 gramos y más;7
66;1;1;2.15 a 19;3.24 a 27;3.Secundario/Polimodal Completa y más;1.Menos de 2500 gramos;1
90;1;2;2.15 a 19;4.28 a 31;2.Secundaria/Polimodal Incompleta;1.Menos de 2500 gramos;4
86;2;1;3.20 a 24;5.32 a 36;2.Secundaria/Polimodal Incompleta;1.Menos de 2500 gramos;1
30;1;1;4.25 a 29;3.24 a 27;2.Secundaria/Polimodal Incompleta;1.Menos de 2500 gramos;2
50;2;1;3.20 a 24;5.32 a 36;1.Hasta Primaria/C.EGB Completa;1.Menos de 2500 gramos;2
42;1;1;2.15 a 19;3.24 a 27;3.Secundario/Polimodal Completa y más;1.Menos de 2500 gramos;1
86;1;2;8.De 45 y más;6.37 a 41;2.Secundaria/Polimodal Incompleta;2.2500 gramos y más;1
02;1;2;7.40 a 44;6.37 a 41;3.Secundario/Polimodal Completa y más;2.2500 gramos y más;744
22;2;1;5.30 a 34;5.32 a 36;2.Secundaria/Polimodal Incompleta;3.Sin especificar;1
86;1;2;4.25 a 29;4.28 a 31;3.Secundario/Polimodal Completa y más;2.2500 gramos y más;1
06;1;1;1.Menor de 15;6.37 a 41;2.Secundaria/Polimodal Incompleta;1.Menos de 2500 gramos;4
82;1;2;6.35 a 39;8.Sin especificar;3.Secundario/Polimodal Completa y más;2.2500 gramos y más;5
18;2;1;5.30 a 34;6.37 a 41;4.Sin especificar;2.2500 gramos y más;2
86;2;1;4.25 a 29;5.32 a 36;3.Secundario/Polimodal Completa y más;1.Menos de 2500 gramos;2
18;2;1;7.40 a 44;6.37 a 41;3.Secundario/Polimodal Completa y más;1.Menos de 2500 gramos;2
26;1;1;3.20 a 24;3.24 a 27;3.Secundario/Polimodal Completa y más;1.Menos de 2500 gramos;1
10;1;2;3.20 a 24;6.37 a 41;1.Hasta Primaria/C.EGB Completa;2.2500 gramos y más;43
26;2;1;4.25 a 29;6.37 a 41;3.Secundario/Polimodal Completa y más;1.Menos de 2500 gramos;3
58;2;2;5.30 a 34;6.37 a 41;1.Hasta Primaria/C.EGB Completa;1.Menos de 2500 gramos;1
99;9;2;5.30 a 34;5.32 a 36;4.Sin especificar;2.2500 gramos y más;1
58;1;1;3.20 a 24;5.32 a 36;2.Secundaria/Polimodal Incompleta;2.2500 gramos y más;13
06;1;2;2.15 a 19;4.28 a 31;3.Secundario/Polimodal Completa y más;1.Menos de 2500 gramos;12
94;1;2;5.30 a 34;6.37 a 41;3.Secundario/Polimodal Completa y más;2.2500 gramos y más;187
70;1;2;6.35 a 39;6.37 a 41;1.Hasta Primaria/C.EGB Completa;2.2500 gramos y más;93
90;1;1;5.30 a 34;5.32 a 36;2.Secundaria/Polimodal Incompleta;2.2500 gramos y más;16
90;1;1;7.40 a 44;6.37 a 41;1.Hasta Primaria/C.EGB Completa;2.2500 gramos y más;71
30;1;1;6.35 a 39;6.37 a 41;3.Secundario/Polimodal Completa y más;2.2500 gramos y más;716
34;1;1;4.25 a 29;6.37 a 41;4.Sin especificar;1.Menos de 2500 gramos;4
34;1;1;5.30 a 34;8.Sin especificar;1.Hasta Primaria/C.EGB Completa;1.Menos de 2500 gramos;1
30;1;2;4.25 a 29;4.28 a 31;2.Secundaria/Polimodal Incompleta;1.Menos de 2500 gramos;2
14;1;2;5.30 a 34;5.32 a 36;4.Sin especificar;3.Sin especificar;2
18;1;1;2.15 a 19;4.28 a 31;2.Secundaria/Polimodal Incompleta;1.Menos de 2500 gramos;3
14;1;2;9.Sin especificar;8.Sin especificar;2.Secundaria/Polimodal Incompleta;2.2500 gramos y más;2
34;1;2;5.30 a 34;5.32 a 36;2.Secundaria/Polimodal Incompleta;2.2500 gramos y más;12
90;1;2;7.40 a 44;5.32 a 36;3.Secundario/Polimodal Completa y más;2.2500 gramos y más;13
78;1;2;4.25 a 29;7.42 y más;2.Secundaria/Polimodal Incompleta;2.2500 gramos y más;1
02;9;1;4.25 a 29;4.28 a 31;4.Sin especificar;2.2500 gramos y más;1
46;1;1;2.15 a 19;8.Sin especificar;2.Secundaria/Polimodal Incompleta;1.Menos de 2500 gramos;1
10;1;1;7.40 a 44;6.37 a 41;4.Sin especificar;2.2500 gramos y más;3
70;1;1;1.Menor de 15;5.32 a 36;2.Secundaria/Polimodal Incompleta;2.2500 gramos y más;1
06;2;2;3.20 a 24;5.32 a 36;3.Secundario/Polimodal Completa y más;1.Menos de 2500 gramos;47
18;2;2;2.15 a 19;6.37 a 41;4.Sin especificar;2.2500 gramos y más;1
74;1;2;2.15 a 19;7.42 y más;3.Secundario/Polimodal Completa y más;2.2500 gramos y más;1
26;2;1;3.20 a 24;6.37 a 41;2.Secundaria/Polimodal Incompleta;1.Menos de 2500 gramos;1
90;1;1;2.15 a 19;7.42 y más;3.Secundario/Polimodal Completa y más;1.Menos de 2500 gramos;1
14;2;2;4.25 a 29;6.37 a 41;1.Hasta Primaria/C.EGB Completa;2.2500 gramos y más;2
02;9;2;4.25 a 29;3.24 a 27;4.Sin especificar;1.Menos de 2500 gramos;1
74;1;1;6.35 a 39;7.42 y más;1.Hasta Primaria/C.EGB Completa;2.2500 gramos y más;1
86;1;1;6.35 a 39;4.28 a 31;3.Secundario/Polimodal Completa y más;1.Menos de 2500 gramos;1
34;1;2;4.25 a 29;5.32 a 36;2.Secundaria/Polimodal Incompleta;1.Menos de 2500 gramos;5
82;1;1;4.25 a 29;5.32 a 36;2.Secundaria/Polimodal Incompleta;2.2500 gramos y más;53
82;1;1;4.25 a 29;6.37 a 41;2.Secundaria/Polimodal Incompleta;1.Menos de 2500 gramos;14
22;2;2;2.15 a 19;5.32 a 36;2.Secundaria/Polimodal Incompleta;1.Menos de 2500 gramos;7
10;2;1;4.25 a 29;6.37 a 41;3.Secundario/Polimodal Completa y más;1.Menos de 2500 gramos;5
06;1;1;6.35 a 39;3.24 a 27;3.Secundario/Polimodal Completa y más;3.Sin especificar;4
30;1;1;5.30 a 34;4.28 a 31;2.Secundaria/Polimodal Incompleta;2.2500 gramos y más;1
62;1;2;4.25 a 29;4.28 a 31;3.Secundario/Polimodal Completa y más;2.2500 gramos y más;2
14;2;1;4.25 a 29;3.24 a 27;2.Secundaria/Polimodal Incompleta;1.Menos de 2500 gramos;3
22;2;2;6.35 a 39;6.37 a 41;1.Hasta Primaria/C.EGB Completa;2.2500 gramos y más;2
10;1;1;5.30 a 34;6.37 a 41;4.Sin especificar;2.2500 gramos y más;3
06;1;1;4.25 a 29;5.32 a 36;1.Hasta Primaria/C.EGB Completa;2.2500 gramos y más;128
38;1;1;8.De 45 y más;6.37 a 41;3.Secundario/Polimodal Completa y más;2.2500 gramos y más;5
02;1;2;6.35 a 39;6.37 a 41;3.Secundario/Polimodal Completa y más;2.2500 gramos y más;2469
10;1;1;2.15 a 19;6.37 a 41;3.Secundario/Polimodal Completa y más;1.Menos de 2500 gramos;2
90;1;1;4.25 a 29;2.22 a 23;3.Secundario/Polimodal Completa y más;1.Menos de 2500 gramos;2
66;1;2;6.35 a 39;2.22 a 23;3.Secundario/Polimodal Completa y más;1.Menos de 2500 gramos;1
22;1;1;2.15 a 19;4.28 a 31;2.Secundaria/Polimodal Incompleta;1.Menos de 2500 gramos;7
54;1;2;5.30 a 34;5.32 a 36;3.Secundario/Polimodal Completa y más;2.2500 gramos y más;38
14;1;1;5.30 a 34;7.42 y más;3.Secundario/Polimodal Completa y más;2.2500 gramos y más;5
74;1;2;4.25 a 29;7.42 y más;2.Secundaria/Polimodal Incompleta;2.2500 gramos y más;3
06;2;2;7.40 a 44;4.28 a 31;4.Sin especificar;1.Menos de 2500 gramos;3
06;9;2;4.25 a 29;6.37 a 41;3.Secundario/Polimodal Completa y más;2.2500 gramos y más;14
26;2;1;4.25 a 29;5.32 a 36;4.Sin especificar;1.Menos de 2500 gramos;2
82;1;2;5.30 a 34;5.32 a 36;1.Hasta Primaria/C.EGB Completa;1.Menos de 2500 gramos;21
78;1;1;3.20 a 24;6.37 a 41;2.Secundaria/Polimodal Incompleta;1.Menos de 2500 gramos;4
02;9;2;4.25 a 29;6.37 a 41;2.Secundaria/Polimodal Incompleta;2.2500 gramos y más;1
06;1;2;5.30 a 34;6.37 a 41;4.Sin especificar;2.2500 gramos y más;1078
02;2;2;3.20 a 24;4.28 a 31;4.Sin especificar;1.Menos de 2500 gramos;2
78;1;1;5.30 a 34;4.28 a 31;3.Secundario/Polimodal Completa y más;1.Menos de 2500 gramos;1
06;2;1;3.20 a 24;8.Sin especificar;3.Secundario/Polimodal Completa y más;1.Menos de 2500 gramos;2
54;1;1;6.35 a 39;5.32 a 36;3.Secundario/Polimodal Completa y más;1.Menos de 2500 gramos;12
06;1;2;4.25 a 29;3.24 a 27;2.Secundaria/Polimodal Incompleta;3.Sin especificar;1
22;1;2;3.20 a 24;7.42 y más;2.Secundaria/Polimodal Incompleta;2.2500 gramos y más;2
50;1;2;3.20 a 24;6.37 a 41;1.Hasta Primaria/C.EGB Completa;2.2500 gramos y más;256
54;1;2;4.25 a 29;8.Sin especificar;4.Sin especificar;2.2500 gramos y más;1
54;2;1;7.40 a 44;6.37 a 41;1.Hasta Primaria/C.EGB Completa;2.2500 gramos y más;2
34;2;2;2.15 a 19;4.28 a 31;3.Secundario/Polimodal Completa y más;1.Menos de 2500 gramos;1
86;1;2;3.20 a 24;6.37 a 41;1.Hasta Primaria/C.EGB Completa;1.Menos de 2500 gramos;23
26;2;2;5.30 a 34;5.32 a 36;3.Secundario/Polimodal Completa y más;2.2500 gramos y más;4
82;1;2;3.20 a 24;5.32 a 36;3.Secundario/Polimodal Completa y más;2.2500 gramos y más;50
18;2;1;6.35 a 39;5.32 a 36;4.Sin especificar;1.Menos de 2500 gramos;4
30;1;2;5.30 a 34;6.37 a 41;2.Secundaria/Polimodal Incompleta;2.2500 gramos y más;305
78;1;1;3.20 a 24;7.42 y más;3.Secundario/Polimodal Completa y más;2.2500 gramos y más;2
14;1;1;2.15 a 19;8.Sin especificar;2.Secundaria/Polimodal Incompleta;2.2500 gramos y más;2
46;1;2;2.15 a 19;6.37 a 41;3.Secundario/Polimodal Completa y más;3.Sin especificar;1
70;1;2;7.40 a 44;4.28 a 31;3.Secundario/Polimodal Completa y más;1.Menos de 2500 gramos;1
99;9;1;5.30 a 34;3.24 a 27;4.Sin especificar;1.Menos de 2500 gramos;1
14;1;1;5.30 a 34;6.37 a 41;1.Hasta Primaria/C.EGB Completa;2.2500 gramos y más;457
74;2;2;6.35 a 39;3.24 a 27;3.Secundario/Polimodal Completa y más;1.Menos de 2500 gramos;1
94;1;2;3.20 a 24;6.37 a 41;1.Hasta Primaria/C.EGB Completa;2.2500 gramos y más;11
90;1;1;2.15 a 19;3.24 a 27;2.Secundaria/Polimodal Incompleta;1.Menos de 2500 gramos;2
06;1;1;9.Sin especificar;5.32 a 36;2.Secundaria/Polimodal Incompleta;1.Menos de 2500 gramos;6
22;1;1;2.15 a 19;5.32 a 36;2.Secundaria/Polimodal Incompleta;2.2500 gramos y más;20
66;2;2;5.30 a 34;6.37 a 41;3.Secundario/Polimodal Completa y más;2.2500 gramos y más;7
06;1;2;2.15 a 19;6.37 a 41;4.Sin especificar;3.Sin especificar;3
22;1;1;9.Sin especificar;4.28 a 31;3.Secundario/Polimodal Completa y más;2.2500 gramos y más;1
66;1;1;2.15 a 19;6.37 a 41;1.Hasta Primaria/C.EGB Completa;2.2500 gramos y más;270
26;1;1;7.40 a 44;6.37 a 41;3.Secundario/Polimodal Completa y más;1.Menos de 2500 gramos;1
14;1;1;4.25 a 29;8.Sin especificar;2.Secundaria/Polimodal Incompleta;3.Sin especificar;1
06;1;1;6.35 a 39;6.37 a 41;3.Secundario/Polimodal Completa y más;2.2500 gramos y más;7901
70;2;1;3.20 a 24;6.37 a 41;2.Secundaria/Polimodal Incompleta;1.Menos de 2500 gramos;2
70;1;2;1.Menor de 15;6.37 a 41;1.Hasta Primaria/C.EGB Completa;2.2500 gramos y más;3
58;1;2;2.15 a 19;6.37 a 41;3.Secundario/Polimodal Completa y más;2.2500 gramos y más;37
66;1;2;7.40 a 44;6.37 a 41;1.Hasta Primaria/C.EGB Completa;1.Menos de 2500 gramos;1
10;1;1;3.20 a 24;8.Sin especificar;4.Sin especificar;2.2500 gramos y más;1
54;1;1;4.25 a 29;5.32 a 36;2.Secundaria/Polimodal Incompleta;2.2500 gramos y más;20
26;1;2;2.15 a 19;5.32 a 36;2.Secundaria/Polimodal Incompleta;1.Menos de 2500 gramos;5
66;2;2;6.35 a 39;4.28 a 31;2.Secundaria/Polimodal Incompleta;1.Menos de 2500 gramos;2
34;1;1;5.30 a 34;4.28 a 31;1.Hasta Primaria/C.EGB Completa;2.2500 gramos y más;1
78;1;1;6.35 a 39;6.37 a 41;1.Hasta Primaria/C.EGB Completa;2.2500 gramos y más;27
70;1;2;7.40 a 44;6.37 a 41;2.Secundaria/Polimodal Incompleta;1.Menos de 2500 gramos;3
22;1;2;4.25 a 29;6.37 a 41;3.Secundario/Polimodal Completa y más;2.2500 gramos y más;1118
30;2;2;4.25 a 29;5.32 a 36;3.Secundario/Polimodal Completa y más;2.2500 gramos y más;5
14;1;2;5.30 a 34;5.32 a 36;2.Secundaria/Polimodal Incompleta;1.Menos de 2500 gramos;31
86;2;2;7.40 a 44;5.32 a 36;3.Secundario/Polimodal Completa y más;1.Menos de 2500 gramos;3
02;1;2;7.40 a 44;4.28 a 31;3.Secundario/Polimodal Completa y más;1.Menos de 2500 gramos;6
82;2;2;7.40 a 44;5.32 a 36;3.Secundario/Polimodal Completa y más;2.2500 gramos y más;1
58;2;1;4.25 a 29;6.37 a 41;1.Hasta Primaria/C.EGB Completa;1.Menos de 2500 gramos;1
26;1;1;6.35 a 39;5.32 a 36;4.Sin especificar;1.Menos de 2500 gramos;4
02;1;2;2.15 a 19;5.32 a 36;1.Hasta Primaria/C.EGB Completa;1.Menos de 2500 gramos;5
06;2;1;5.30 a 34;6.37 a 41;3.Secundario/Polimodal Completa y más;1.Menos de 2500 gramos;40
22;2;1;5.30 a 34;6.37 a 41;2.Secundaria/Polimodal Incompleta;2.2500 gramos y más;3
78;1;1;4.25 a 29;6.37 a 41;4.Sin especificar;2.2500 gramos y más;4
02;1;1;3.20 a 24;3.24 a 27;1.Hasta Primaria/C.EGB Completa;1.Menos de 2500 gramos;1
34;1;1;6.35 a 39;5.32 a 36;2.Secundaria/Polimodal Incompleta;1.Menos de 2500 gramos;2
06;1;2;7.40 a 44;8.Sin especificar;2.Secundaria/Polimodal Incompleta;3.Sin especificar;1
