Jurisdicción;Nombre jurisdicción;Código departamento;Nombre departamento;RMBA;Sexo;Población;Fecha
10;Catamarca;10007;Ambato;NA;2;2691;2022
10;Catamarca;10014;Ancasti;NA;2;1821;2022
10;Catamarca;10021;Andalgalá;NA;2;10136;2022
10;Catamarca;10028;Antofagasta de la Sierra;NA;2;1154;2022
10;Catamarca;10035;Belén;NA;2;15537;2022
10;Catamarca;10042;Capayán;NA;2;10521;2022
10;Catamarca;10049;Capital;NA;2;92784;2022
10;Catamarca;10056;El Alto;NA;2;2306;2022
10;Catamarca;10063;Fray Mamerto Esquiú;NA;2;7486;2022
10;Catamarca;10070;La Paz;NA;2;13507;2022
10;Catamarca;10077;Paclín;NA;2;2512;2022
10;Catamarca;10084;Pomán;NA;2;6385;2022
10;Catamarca;10091;Santa María;NA;2;13529;2022
10;Catamarca;10098;Santa Rosa;NA;2;6913;2022
10;Catamarca;10105;Tinogasta;NA;2;13004;2022
10;Catamarca;10112;Valle Viejo;NA;2;17281;2022
10;Catamarca;10007;Ambato;NA;2;2697;2023
10;Catamarca;10014;Ancasti;NA;2;1825;2023
10;Catamarca;10021;Andalgalá;NA;2;10146;2023
10;Catamarca;10028;Antofagasta de la Sierra;NA;2;1163;2023
10;Catamarca;10035;Belén;NA;2;15544;2023
10;Catamarca;10042;Capayán;NA;2;10568;2023
10;Catamarca;10049;Capital;NA;2;93108;2023
10;Catamarca;10056;El Alto;NA;2;2314;2023
10;Catamarca;10063;Fray Mamerto Esquiú;NA;2;7521;2023
10;Catamarca;10070;La Paz;NA;2;13543;2023
10;Catamarca;10077;Paclín;NA;2;2516;2023
10;Catamarca;10084;Pomán;NA;2;6397;2023
10;Catamarca;10091;Santa María;NA;2;13582;2023
10;Catamarca;10098;Santa Rosa;NA;2;6917;2023
10;Catamarca;10105;Tinogasta;NA;2;13033;2023
10;Catamarca;10112;Valle Viejo;NA;2;17373;2023
10;Catamarca;10007;Ambato;NA;2;2703;2024
10;Catamarca;10014;Ancasti;NA;2;1830;2024
10;Catamarca;10021;Andalgalá;NA;2;10157;2024
10;Catamarca;10028;Antofagasta de la Sierra;NA;2;1172;2024
10;Catamarca;10035;Belén;NA;2;15551;2024
10;Catamarca;10042;Capayán;NA;2;10619;2024
10;Catamarca;10049;Capital;NA;2;93455;2024
10;Catamarca;10056;El Alto;NA;2;2323;2024
10;Catamarca;10063;Fray Mamerto Esquiú;NA;2;7559;2024
10;Catamarca;10070;La Paz;NA;2;13581;2024
10;Catamarca;10077;Paclín;NA;2;2519;2024
10;Catamarca;10084;Pomán;NA;2;6411;2024
10;Catamarca;10091;Santa María;NA;2;13638;2024
10;Catamarca;10098;Santa Rosa;NA;2;6921;2024
10;Catamarca;10105;Tinogasta;NA;2;13064;2024
10;Catamarca;10112;Valle Viejo;NA;2;17473;2024
10;Catamarca;10007;Ambato;NA;2;2709;2025
10;Catamarca;10014;Ancasti;NA;2;1834;2025
10;Catamarca;10021;Andalgalá;NA;2;10168;2025
10;Catamarca;10028;Antofagasta de la Sierra;NA;2;1181;2025
10;Catamarca;10035;Belén;NA;2;15559;2025
10;Catamarca;10042;Capayán;NA;2;10668;2025
10;Catamarca;10049;Capital;NA;2;93795;2025
10;Catamarca;10056;El Alto;NA;2;2332;2025
10;Catamarca;10063;Fray Mamerto Esquiú;NA;2;7596;2025
10;Catamarca;10070;La Paz;NA;2;13619;2025
10;Catamarca;10077;Paclín;NA;2;2523;2025
10;Catamarca;10084;Pomán;NA;2;6424;2025
10;Catamarca;10091;Santa María;NA;2;13693;2025
10;Catamarca;10098;Santa Rosa;NA;2;6925;2025
10;Catamarca;10105;Tinogasta;NA;2;13094;2025
10;Catamarca;10112;Valle Viejo;NA;2;17570;2025
10;Catamarca;10007;Ambato;NA;2;2715;2026
10;Catamarca;10014;Ancasti;NA;2;1838;2026
10;Catamarca;10021;Andalgalá;NA;2;10179;2026
10;Catamarca;10028;Antofagasta de la Sierra;NA;2;1190;2026
10;Catamarca;10035;Belén;NA;2;15566;2026
10;Catamarca;10042;Capayán;NA;2;10717;2026
10;Catamarca;10049;Capital;NA;2;94131;2026
10;Catamarca;10056;El Alto;NA;2;2340;2026
10;Catamarca;10063;Fray Mamerto Esquiú;NA;2;7632;2026
10;Catamarca;10070;La Paz;NA;2;13656;2026
10;Catamarca;10077;Paclín;NA;2;2527;2026
10;Catamarca;10084;Pomán;NA;2;6437;2026
10;Catamarca;10091;Santa María;NA;2;13748;2026
10;Catamarca;10098;Santa Rosa;NA;2;6929;2026
10;Catamarca;10105;Tinogasta;NA;2;13124;2026
10;Catamarca;10112;Valle Viejo;NA;2;17666;2026
10;Catamarca;10007;Ambato;NA;2;2721;2027
10;Catamarca;10014;Ancasti;NA;2;1843;2027
10;Catamarca;10021;Andalgalá;NA;2;10189;2027
10;Catamarca;10028;Antofagasta de la Sierra;NA;2;1198;2027
10;Catamarca;10035;Belén;NA;2;15573;2027
10;Catamarca;10042;Capayán;NA;2;10763;2027
10;Catamarca;10049;Capital;NA;2;94448;2027
10;Catamarca;10056;El Alto;NA;2;2348;2027
10;Catamarca;10063;Fray Mamerto Esquiú;NA;2;7666;2027
10;Catamarca;10070;La Paz;NA;2;13691;2027
10;Catamarca;10077;Paclín;NA;2;2530;2027
10;Catamarca;10084;Pomán;NA;2;6449;2027
10;Catamarca;10091;Santa María;NA;2;13799;2027
10;Catamarca;10098;Santa Rosa;NA;2;6933;2027
10;Catamarca;10105;Tinogasta;NA;2;13152;2027
10;Catamarca;10112;Valle Viejo;NA;2;17757;2027
10;Catamarca;10007;Ambato;NA;2;2727;2028
10;Catamarca;10014;Ancasti;NA;2;1846;2028
10;Catamarca;10021;Andalgalá;NA;2;10199;2028
10;Catamarca;10028;Antofagasta de la Sierra;NA;2;1206;2028
10;Catamarca;10035;Belén;NA;2;15580;2028
10;Catamarca;10042;Capayán;NA;2;10808;2028
10;Catamarca;10049;Capital;NA;2;94759;2028
10;Catamarca;10056;El Alto;NA;2;2356;2028
10;Catamarca;10063;Fray Mamerto Esquiú;NA;2;7700;2028
10;Catamarca;10070;La Paz;NA;2;13726;2028
10;Catamarca;10077;Paclín;NA;2;2534;2028
10;Catamarca;10084;Pomán;NA;2;6461;2028
10;Catamarca;10091;Santa María;NA;2;13849;2028
10;Catamarca;10098;Santa Rosa;NA;2;6936;2028
10;Catamarca;10105;Tinogasta;NA;2;13180;2028
10;Catamarca;10112;Valle Viejo;NA;2;17845;2028
10;Catamarca;10007;Ambato;NA;2;2733;2029
10;Catamarca;10014;Ancasti;NA;2;1850;2029
10;Catamarca;10021;Andalgalá;NA;2;10208;2029
10;Catamarca;10028;Antofagasta de la Sierra;NA;2;1214;2029
10;Catamarca;10035;Belén;NA;2;15586;2029
10;Catamarca;10042;Capayán;NA;2;10852;2029
10;Catamarca;10049;Capital;NA;2;95060;2029
10;Catamarca;10056;El Alto;NA;2;2364;2029
10;Catamarca;10063;Fray Mamerto Esquiú;NA;2;7733;2029
10;Catamarca;10070;La Paz;NA;2;13759;2029
10;Catamarca;10077;Paclín;NA;2;2537;2029
10;Catamarca;10084;Pomán;NA;2;6473;2029
10;Catamarca;10091;Santa María;NA;2;13898;2029
10;Catamarca;10098;Santa Rosa;NA;2;6940;2029
10;Catamarca;10105;Tinogasta;NA;2;13207;2029
10;Catamarca;10112;Valle Viejo;NA;2;17931;2029
10;Catamarca;10007;Ambato;NA;2;2738;2030
10;Catamarca;10014;Ancasti;NA;2;1854;2030
10;Catamarca;10021;Andalgalá;NA;2;10218;2030
10;Catamarca;10028;Antofagasta de la Sierra;NA;2;1222;2030
10;Catamarca;10035;Belén;NA;2;15593;2030
10;Catamarca;10042;Capayán;NA;2;10896;2030
10;Catamarca;10049;Capital;NA;2;95360;2030
10;Catamarca;10056;El Alto;NA;2;2371;2030
10;Catamarca;10063;Fray Mamerto Esquiú;NA;2;7765;2030
10;Catamarca;10070;La Paz;NA;2;13792;2030
10;Catamarca;10077;Paclín;NA;2;2540;2030
10;Catamarca;10084;Pomán;NA;2;6485;2030
10;Catamarca;10091;Santa María;NA;2;13947;2030
10;Catamarca;10098;Santa Rosa;NA;2;6943;2030
10;Catamarca;10105;Tinogasta;NA;2;13234;2030
10;Catamarca;10112;Valle Viejo;NA;2;18017;2030
10;Catamarca;10007;Ambato;NA;2;2743;2031
10;Catamarca;10014;Ancasti;NA;2;1858;2031
10;Catamarca;10021;Andalgalá;NA;2;10227;2031
10;Catamarca;10028;Antofagasta de la Sierra;NA;2;1230;2031
10;Catamarca;10035;Belén;NA;2;15599;2031
10;Catamarca;10042;Capayán;NA;2;10938;2031
10;Catamarca;10049;Capital;NA;2;95653;2031
10;Catamarca;10056;El Alto;NA;2;2378;2031
10;Catamarca;10063;Fray Mamerto Esquiú;NA;2;7797;2031
10;Catamarca;10070;La Paz;NA;2;13824;2031
10;Catamarca;10077;Paclín;NA;2;2543;2031
10;Catamarca;10084;Pomán;NA;2;6496;2031
10;Catamarca;10091;Santa María;NA;2;13995;2031
10;Catamarca;10098;Santa Rosa;NA;2;6947;2031
10;Catamarca;10105;Tinogasta;NA;2;13260;2031
10;Catamarca;10112;Valle Viejo;NA;2;18101;2031
10;Catamarca;10007;Ambato;NA;2;2748;2032
10;Catamarca;10014;Ancasti;NA;2;1862;2032
10;Catamarca;10021;Andalgalá;NA;2;10236;2032
10;Catamarca;10028;Antofagasta de la Sierra;NA;2;1238;2032
10;Catamarca;10035;Belén;NA;2;15605;2032
10;Catamarca;10042;Capayán;NA;2;10981;2032
10;Catamarca;10049;Capital;NA;2;95946;2032
10;Catamarca;10056;El Alto;NA;2;2386;2032
10;Catamarca;10063;Fray Mamerto Esquiú;NA;2;7829;2032
10;Catamarca;10070;La Paz;NA;2;13857;2032
10;Catamarca;10077;Paclín;NA;2;2547;2032
10;Catamarca;10084;Pomán;NA;2;6507;2032
10;Catamarca;10091;Santa María;NA;2;14042;2032
10;Catamarca;10098;Santa Rosa;NA;2;6950;2032
10;Catamarca;10105;Tinogasta;NA;2;13286;2032
10;Catamarca;10112;Valle Viejo;NA;2;18184;2032
10;Catamarca;10007;Ambato;NA;2;2754;2033
10;Catamarca;10014;Ancasti;NA;2;1866;2033
10;Catamarca;10021;Andalgalá;NA;2;10245;2033
10;Catamarca;10028;Antofagasta de la Sierra;NA;2;1245;2033
10;Catamarca;10035;Belén;NA;2;15612;2033
10;Catamarca;10042;Capayán;NA;2;11023;2033
10;Catamarca;10049;Capital;NA;2;96238;2033
10;Catamarca;10056;El Alto;NA;2;2393;2033
10;Catamarca;10063;Fray Mamerto Esquiú;NA;2;7860;2033
10;Catamarca;10070;La Paz;NA;2;13889;2033
10;Catamarca;10077;Paclín;NA;2;2550;2033
10;Catamarca;10084;Pomán;NA;2;6519;2033
10;Catamarca;10091;Santa María;NA;2;14089;2033
10;Catamarca;10098;Santa Rosa;NA;2;6954;2033
10;Catamarca;10105;Tinogasta;NA;2;13312;2033
10;Catamarca;10112;Valle Viejo;NA;2;18268;2033
10;Catamarca;10007;Ambato;NA;2;2759;2034
10;Catamarca;10014;Ancasti;NA;2;1869;2034
10;Catamarca;10021;Andalgalá;NA;2;10254;2034
10;Catamarca;10028;Antofagasta de la Sierra;NA;2;1253;2034
10;Catamarca;10035;Belén;NA;2;15618;2034
10;Catamarca;10042;Capayán;NA;2;11064;2034
10;Catamarca;10049;Capital;NA;2;96520;2034
10;Catamarca;10056;El Alto;NA;2;2401;2034
10;Catamarca;10063;Fray Mamerto Esquiú;NA;2;7891;2034
10;Catamarca;10070;La Paz;NA;2;13920;2034
10;Catamarca;10077;Paclín;NA;2;2553;2034
10;Catamarca;10084;Pomán;NA;2;6530;2034
10;Catamarca;10091;Santa María;NA;2;14135;2034
10;Catamarca;10098;Santa Rosa;NA;2;6957;2034
10;Catamarca;10105;Tinogasta;NA;2;13337;2034
10;Catamarca;10112;Valle Viejo;NA;2;18348;2034
10;Catamarca;10007;Ambato;NA;2;2764;2035
10;Catamarca;10014;Ancasti;NA;2;1873;2035
10;Catamarca;10021;Andalgalá;NA;2;10263;2035
10;Catamarca;10028;Antofagasta de la Sierra;NA;2;1260;2035
10;Catamarca;10035;Belén;NA;2;15624;2035
10;Catamarca;10042;Capayán;NA;2;11104;2035
10;Catamarca;10049;Capital;NA;2;96797;2035
10;Catamarca;10056;El Alto;NA;2;2407;2035
10;Catamarca;10063;Fray Mamerto Esquiú;NA;2;7921;2035
10;Catamarca;10070;La Paz;NA;2;13951;2035
10;Catamarca;10077;Paclín;NA;2;2556;2035
10;Catamarca;10084;Pomán;NA;2;6540;2035
10;Catamarca;10091;Santa María;NA;2;14180;2035
10;Catamarca;10098;Santa Rosa;NA;2;6961;2035
10;Catamarca;10105;Tinogasta;NA;2;13362;2035
10;Catamarca;10112;Valle Viejo;NA;2;18427;2035
10;Catamarca;10007;Ambato;NA;1;2504;2022
10;Catamarca;10014;Ancasti;NA;1;1528;2022
10;Catamarca;10021;Andalgalá;NA;1;9783;2022
10;Catamarca;10028;Antofagasta de la Sierra;NA;1;898;2022
10;Catamarca;10035;Belén;NA;1;15405;2022
10;Catamarca;10042;Capayán;NA;1;9623;2022
10;Catamarca;10049;Capital;NA;1;96328;2022
10;Catamarca;10056;El Alto;NA;1;2125;2022
10;Catamarca;10063;Fray Mamerto Esquiú;NA;1;7320;2022
10;Catamarca;10070;La Paz;NA;1;13189;2022
10;Catamarca;10077;Paclín;NA;1;2275;2022
10;Catamarca;10084;Pomán;NA;1;6031;2022
10;Catamarca;10091;Santa María;NA;1;13722;2022
10;Catamarca;10098;Santa Rosa;NA;1;6577;2022
10;Catamarca;10105;Tinogasta;NA;1;12704;2022
10;Catamarca;10112;Valle Viejo;NA;1;17162;2022
10;Catamarca;10007;Ambato;NA;1;2511;2023
10;Catamarca;10014;Ancasti;NA;1;1531;2023
10;Catamarca;10021;Andalgalá;NA;1;9792;2023
10;Catamarca;10028;Antofagasta de la Sierra;NA;1;905;2023
10;Catamarca;10035;Belén;NA;1;15438;2023
10;Catamarca;10042;Capayán;NA;1;9669;2023
10;Catamarca;10049;Capital;NA;1;96601;2023
10;Catamarca;10056;El Alto;NA;1;2136;2023
10;Catamarca;10063;Fray Mamerto Esquiú;NA;1;7351;2023
10;Catamarca;10070;La Paz;NA;1;13233;2023
10;Catamarca;10077;Paclín;NA;1;2281;2023
10;Catamarca;10084;Pomán;NA;1;6048;2023
10;Catamarca;10091;Santa María;NA;1;13768;2023
10;Catamarca;10098;Santa Rosa;NA;1;6595;2023
10;Catamarca;10105;Tinogasta;NA;1;12732;2023
10;Catamarca;10112;Valle Viejo;NA;1;17239;2023
10;Catamarca;10007;Ambato;NA;1;2519;2024
10;Catamarca;10014;Ancasti;NA;1;1534;2024
10;Catamarca;10021;Andalgalá;NA;1;9802;2024
10;Catamarca;10028;Antofagasta de la Sierra;NA;1;913;2024
10;Catamarca;10035;Belén;NA;1;15473;2024
10;Catamarca;10042;Capayán;NA;1;9718;2024
10;Catamarca;10049;Capital;NA;1;96895;2024
10;Catamarca;10056;El Alto;NA;1;2147;2024
10;Catamarca;10063;Fray Mamerto Esquiú;NA;1;7384;2024
10;Catamarca;10070;La Paz;NA;1;13279;2024
10;Catamarca;10077;Paclín;NA;1;2288;2024
10;Catamarca;10084;Pomán;NA;1;6066;2024
10;Catamarca;10091;Santa María;NA;1;13818;2024
10;Catamarca;10098;Santa Rosa;NA;1;6613;2024
10;Catamarca;10105;Tinogasta;NA;1;12763;2024
10;Catamarca;10112;Valle Viejo;NA;1;17320;2024
10;Catamarca;10007;Ambato;NA;1;2528;2025
10;Catamarca;10014;Ancasti;NA;1;1538;2025
10;Catamarca;10021;Andalgalá;NA;1;9813;2025
10;Catamarca;10028;Antofagasta de la Sierra;NA;1;922;2025
10;Catamarca;10035;Belén;NA;1;15514;2025
10;Catamarca;10042;Capayán;NA;1;9774;2025
10;Catamarca;10049;Capital;NA;1;97229;2025
10;Catamarca;10056;El Alto;NA;1;2161;2025
10;Catamarca;10063;Fray Mamerto Esquiú;NA;1;7422;2025
10;Catamarca;10070;La Paz;NA;1;13332;2025
10;Catamarca;10077;Paclín;NA;1;2295;2025
10;Catamarca;10084;Pomán;NA;1;6086;2025
10;Catamarca;10091;Santa María;NA;1;13875;2025
10;Catamarca;10098;Santa Rosa;NA;1;6634;2025
10;Catamarca;10105;Tinogasta;NA;1;12797;2025
10;Catamarca;10112;Valle Viejo;NA;1;17414;2025
10;Catamarca;10007;Ambato;NA;1;2537;2026
10;Catamarca;10014;Ancasti;NA;1;1541;2026
10;Catamarca;10021;Andalgalá;NA;1;9824;2026
10;Catamarca;10028;Antofagasta de la Sierra;NA;1;931;2026
10;Catamarca;10035;Belén;NA;1;15552;2026
10;Catamarca;10042;Capayán;NA;1;9828;2026
10;Catamarca;10049;Capital;NA;1;97553;2026
10;Catamarca;10056;El Alto;NA;1;2173;2026
10;Catamarca;10063;Fray Mamerto Esquiú;NA;1;7459;2026
10;Catamarca;10070;La Paz;NA;1;13384;2026
10;Catamarca;10077;Paclín;NA;1;2302;2026
10;Catamarca;10084;Pomán;NA;1;6106;2026
10;Catamarca;10091;Santa María;NA;1;13929;2026
10;Catamarca;10098;Santa Rosa;NA;1;6655;2026
10;Catamarca;10105;Tinogasta;NA;1;12830;2026
10;Catamarca;10112;Valle Viejo;NA;1;17504;2026
10;Catamarca;10007;Ambato;NA;1;2545;2027
10;Catamarca;10014;Ancasti;NA;1;1545;2027
10;Catamarca;10021;Andalgalá;NA;1;9834;2027
10;Catamarca;10028;Antofagasta de la Sierra;NA;1;939;2027
10;Catamarca;10035;Belén;NA;1;15590;2027
10;Catamarca;10042;Capayán;NA;1;9881;2027
10;Catamarca;10049;Capital;NA;1;97868;2027
10;Catamarca;10056;El Alto;NA;1;2186;2027
10;Catamarca;10063;Fray Mamerto Esquiú;NA;1;7494;2027
10;Catamarca;10070;La Paz;NA;1;13434;2027
10;Catamarca;10077;Paclín;NA;1;2309;2027
10;Catamarca;10084;Pomán;NA;1;6126;2027
10;Catamarca;10091;Santa María;NA;1;13982;2027
10;Catamarca;10098;Santa Rosa;NA;1;6675;2027
10;Catamarca;10105;Tinogasta;NA;1;12863;2027
10;Catamarca;10112;Valle Viejo;NA;1;17592;2027
10;Catamarca;10007;Ambato;NA;1;2553;2028
10;Catamarca;10014;Ancasti;NA;1;1548;2028
10;Catamarca;10021;Andalgalá;NA;1;9844;2028
10;Catamarca;10028;Antofagasta de la Sierra;NA;1;948;2028
10;Catamarca;10035;Belén;NA;1;15627;2028
10;Catamarca;10042;Capayán;NA;1;9932;2028
10;Catamarca;10049;Capital;NA;1;98171;2028
10;Catamarca;10056;El Alto;NA;1;2198;2028
10;Catamarca;10063;Fray Mamerto Esquiú;NA;1;7529;2028
10;Catamarca;10070;La Paz;NA;1;13482;2028
10;Catamarca;10077;Paclín;NA;1;2316;2028
10;Catamarca;10084;Pomán;NA;1;6144;2028
10;Catamarca;10091;Santa María;NA;1;14034;2028
10;Catamarca;10098;Santa Rosa;NA;1;6694;2028
10;Catamarca;10105;Tinogasta;NA;1;12894;2028
10;Catamarca;10112;Valle Viejo;NA;1;17676;2028
10;Catamarca;10007;Ambato;NA;1;2561;2029
10;Catamarca;10014;Ancasti;NA;1;1551;2029
10;Catamarca;10021;Andalgalá;NA;1;9854;2029
10;Catamarca;10028;Antofagasta de la Sierra;NA;1;956;2029
10;Catamarca;10035;Belén;NA;1;15662;2029
10;Catamarca;10042;Capayán;NA;1;9981;2029
10;Catamarca;10049;Capital;NA;1;98465;2029
10;Catamarca;10056;El Alto;NA;1;2210;2029
10;Catamarca;10063;Fray Mamerto Esquiú;NA;1;7562;2029
10;Catamarca;10070;La Paz;NA;1;13529;2029
10;Catamarca;10077;Paclín;NA;1;2323;2029
10;Catamarca;10084;Pomán;NA;1;6162;2029
10;Catamarca;10091;Santa María;NA;1;14083;2029
10;Catamarca;10098;Santa Rosa;NA;1;6713;2029
10;Catamarca;10105;Tinogasta;NA;1;12924;2029
10;Catamarca;10112;Valle Viejo;NA;1;17758;2029
10;Catamarca;10007;Ambato;NA;1;2569;2030
10;Catamarca;10014;Ancasti;NA;1;1554;2030
10;Catamarca;10021;Andalgalá;NA;1;9864;2030
10;Catamarca;10028;Antofagasta de la Sierra;NA;1;963;2030
10;Catamarca;10035;Belén;NA;1;15697;2030
10;Catamarca;10042;Capayán;NA;1;10030;2030
10;Catamarca;10049;Capital;NA;1;98757;2030
10;Catamarca;10056;El Alto;NA;1;2221;2030
10;Catamarca;10063;Fray Mamerto Esquiú;NA;1;7595;2030
10;Catamarca;10070;La Paz;NA;1;13575;2030
10;Catamarca;10077;Paclín;NA;1;2329;2030
10;Catamarca;10084;Pomán;NA;1;6180;2030
10;Catamarca;10091;Santa María;NA;1;14133;2030
10;Catamarca;10098;Santa Rosa;NA;1;6731;2030
10;Catamarca;10105;Tinogasta;NA;1;12954;2030
10;Catamarca;10112;Valle Viejo;NA;1;17839;2030
10;Catamarca;10007;Ambato;NA;1;2576;2031
10;Catamarca;10014;Ancasti;NA;1;1557;2031
10;Catamarca;10021;Andalgalá;NA;1;9873;2031
10;Catamarca;10028;Antofagasta de la Sierra;NA;1;971;2031
10;Catamarca;10035;Belén;NA;1;15731;2031
10;Catamarca;10042;Capayán;NA;1;10078;2031
10;Catamarca;10049;Capital;NA;1;99042;2031
10;Catamarca;10056;El Alto;NA;1;2232;2031
10;Catamarca;10063;Fray Mamerto Esquiú;NA;1;7627;2031
10;Catamarca;10070;La Paz;NA;1;13620;2031
10;Catamarca;10077;Paclín;NA;1;2336;2031
10;Catamarca;10084;Pomán;NA;1;6198;2031
10;Catamarca;10091;Santa María;NA;1;14181;2031
10;Catamarca;10098;Santa Rosa;NA;1;6749;2031
10;Catamarca;10105;Tinogasta;NA;1;12984;2031
10;Catamarca;10112;Valle Viejo;NA;1;17919;2031
10;Catamarca;10007;Ambato;NA;1;2584;2032
10;Catamarca;10014;Ancasti;NA;1;1560;2032
10;Catamarca;10021;Andalgalá;NA;1;9883;2032
10;Catamarca;10028;Antofagasta de la Sierra;NA;1;979;2032
10;Catamarca;10035;Belén;NA;1;15765;2032
10;Catamarca;10042;Capayán;NA;1;10125;2032
10;Catamarca;10049;Capital;NA;1;99325;2032
10;Catamarca;10056;El Alto;NA;1;2244;2032
10;Catamarca;10063;Fray Mamerto Esquiú;NA;1;7659;2032
10;Catamarca;10070;La Paz;NA;1;13665;2032
10;Catamarca;10077;Paclín;NA;1;2342;2032
10;Catamarca;10084;Pomán;NA;1;6215;2032
10;Catamarca;10091;Santa María;NA;1;14229;2032
10;Catamarca;10098;Santa Rosa;NA;1;6767;2032
10;Catamarca;10105;Tinogasta;NA;1;13013;2032
10;Catamarca;10112;Valle Viejo;NA;1;17998;2032
10;Catamarca;10007;Ambato;NA;1;2591;2033
10;Catamarca;10014;Ancasti;NA;1;1563;2033
10;Catamarca;10021;Andalgalá;NA;1;9892;2033
10;Catamarca;10028;Antofagasta de la Sierra;NA;1;986;2033
10;Catamarca;10035;Belén;NA;1;15800;2033
10;Catamarca;10042;Capayán;NA;1;10173;2033
10;Catamarca;10049;Capital;NA;1;99609;2033
10;Catamarca;10056;El Alto;NA;1;2255;2033
10;Catamarca;10063;Fray Mamerto Esquiú;NA;1;7692;2033
10;Catamarca;10070;La Paz;NA;1;13710;2033
10;Catamarca;10077;Paclín;NA;1;2348;2033
10;Catamarca;10084;Pomán;NA;1;6233;2033
10;Catamarca;10091;Santa María;NA;1;14277;2033
10;Catamarca;10098;Santa Rosa;NA;1;6785;2033
10;Catamarca;10105;Tinogasta;NA;1;13042;2033
10;Catamarca;10112;Valle Viejo;NA;1;18077;2033
10;Catamarca;10007;Ambato;NA;1;2598;2034
10;Catamarca;10014;Ancasti;NA;1;1566;2034
10;Catamarca;10021;Andalgalá;NA;1;9901;2034
10;Catamarca;10028;Antofagasta de la Sierra;NA;1;994;2034
10;Catamarca;10035;Belén;NA;1;15832;2034
10;Catamarca;10042;Capayán;NA;1;10218;2034
10;Catamarca;10049;Capital;NA;1;99881;2034
10;Catamarca;10056;El Alto;NA;1;2266;2034
10;Catamarca;10063;Fray Mamerto Esquiú;NA;1;7722;2034
10;Catamarca;10070;La Paz;NA;1;13754;2034
10;Catamarca;10077;Paclín;NA;1;2354;2034
10;Catamarca;10084;Pomán;NA;1;6249;2034
10;Catamarca;10091;Santa María;NA;1;14323;2034
10;Catamarca;10098;Santa Rosa;NA;1;6802;2034
10;Catamarca;10105;Tinogasta;NA;1;13070;2034
10;Catamarca;10112;Valle Viejo;NA;1;18153;2034
10;Catamarca;10007;Ambato;NA;1;2605;2035
10;Catamarca;10014;Ancasti;NA;1;1569;2035
10;Catamarca;10021;Andalgalá;NA;1;9910;2035
10;Catamarca;10028;Antofagasta de la Sierra;NA;1;1001;2035
10;Catamarca;10035;Belén;NA;1;15865;2035
10;Catamarca;10042;Capayán;NA;1;10264;2035
10;Catamarca;10049;Capital;NA;1;100151;2035
10;Catamarca;10056;El Alto;NA;1;2276;2035
10;Catamarca;10063;Fray Mamerto Esquiú;NA;1;7753;2035
10;Catamarca;10070;La Paz;NA;1;13797;2035
10;Catamarca;10077;Paclín;NA;1;2360;2035
10;Catamarca;10084;Pomán;NA;1;6266;2035
10;Catamarca;10091;Santa María;NA;1;14368;2035
10;Catamarca;10098;Santa Rosa;NA;1;6820;2035
10;Catamarca;10105;Tinogasta;NA;1;13098;2035
10;Catamarca;10112;Valle Viejo;NA;1;18228;2035
14;Córdoba;14007;Calamuchita;NA;2;38962;2022
14;Córdoba;14014;Capital;NA;2;743340;2022
14;Córdoba;14021;Colón;NA;2;149618;2022
14;Córdoba;14028;Cruz del Eje;NA;2;34921;2022
14;Córdoba;14035;General Roca;NA;2;18920;2022
14;Córdoba;14042;General San Martín;NA;2;78111;2022
14;Córdoba;14049;Ischilín;NA;2;18156;2022
14;Córdoba;14056;Juárez Celman;NA;2;35194;2022
14;Córdoba;14063;Marcos Juárez;NA;2;54505;2022
14;Córdoba;14070;Minas;NA;2;2568;2022
14;Córdoba;14077;Pocho;NA;2;2688;2022
14;Córdoba;14084;Presidente Roque Sáenz Peña;NA;2;19389;2022
14;Córdoba;14091;Punilla;NA;2;109705;2022
14;Córdoba;14098;Río Cuarto;NA;2;140058;2022
14;Córdoba;14105;Río Primero;NA;2;30030;2022
14;Córdoba;14112;Río Seco;NA;2;7953;2022
14;Córdoba;14119;Río Segundo;NA;2;57356;2022
14;Córdoba;14126;San Alberto;NA;2;21375;2022
14;Córdoba;14133;San Javier;NA;2;31709;2022
14;Córdoba;14140;San Justo;NA;2;116945;2022
14;Córdoba;14147;Santa María;NA;2;75778;2022
14;Córdoba;14154;Sobremonte;NA;2;2342;2022
14;Córdoba;14161;Tercero Arriba;NA;2;60675;2022
14;Córdoba;14168;Totoral;NA;2;11633;2022
14;Córdoba;14175;Tulumba;NA;2;7324;2022
14;Córdoba;14182;Unión;NA;2;58580;2022
14;Córdoba;14007;Calamuchita;NA;2;39252;2023
14;Córdoba;14014;Capital;NA;2;744866;2023
14;Córdoba;14021;Colón;NA;2;150550;2023
14;Córdoba;14028;Cruz del Eje;NA;2;35046;2023
14;Córdoba;14035;General Roca;NA;2;18909;2023
14;Córdoba;14042;General San Martín;NA;2;78460;2023
14;Córdoba;14049;Ischilín;NA;2;18199;2023
14;Córdoba;14056;Juárez Celman;NA;2;35284;2023
14;Córdoba;14063;Marcos Juárez;NA;2;54504;2023
14;Córdoba;14070;Minas;NA;2;2564;2023
14;Córdoba;14077;Pocho;NA;2;2680;2023
14;Córdoba;14084;Presidente Roque Sáenz Peña;NA;2;19396;2023
14;Córdoba;14091;Punilla;NA;2;110292;2023
14;Córdoba;14098;Río Cuarto;NA;2;140379;2023
14;Córdoba;14105;Río Primero;NA;2;30188;2023
14;Córdoba;14112;Río Seco;NA;2;7969;2023
14;Córdoba;14119;Río Segundo;NA;2;57472;2023
14;Córdoba;14126;San Alberto;NA;2;21436;2023
14;Córdoba;14133;San Javier;NA;2;31835;2023
14;Córdoba;14140;San Justo;NA;2;117243;2023
14;Córdoba;14147;Santa María;NA;2;76462;2023
14;Córdoba;14154;Sobremonte;NA;2;2335;2023
14;Córdoba;14161;Tercero Arriba;NA;2;60756;2023
14;Córdoba;14168;Totoral;NA;2;11686;2023
14;Córdoba;14175;Tulumba;NA;2;7333;2023
14;Córdoba;14182;Unión;NA;2;58658;2023
14;Córdoba;14007;Calamuchita;NA;2;39552;2024
14;Córdoba;14014;Capital;NA;2;746442;2024
14;Córdoba;14021;Colón;NA;2;151513;2024
14;Córdoba;14028;Cruz del Eje;NA;2;35175;2024
14;Córdoba;14035;General Roca;NA;2;18897;2024
14;Córdoba;14042;General San Martín;NA;2;78820;2024
14;Córdoba;14049;Ischilín;NA;2;18243;2024
14;Córdoba;14056;Juárez Celman;NA;2;35377;2024
14;Córdoba;14063;Marcos Juárez;NA;2;54502;2024
14;Córdoba;14070;Minas;NA;2;2561;2024
14;Córdoba;14077;Pocho;NA;2;2673;2024
14;Córdoba;14084;Presidente Roque Sáenz Peña;NA;2;19402;2024
14;Córdoba;14091;Punilla;NA;2;110899;2024
14;Córdoba;14098;Río Cuarto;NA;2;140711;2024
14;Córdoba;14105;Río Primero;NA;2;30351;2024
14;Córdoba;14112;Río Seco;NA;2;7986;2024
14;Córdoba;14119;Río Segundo;NA;2;57593;2024
14;Córdoba;14126;San Alberto;NA;2;21498;2024
14;Córdoba;14133;San Javier;NA;2;31965;2024
14;Córdoba;14140;San Justo;NA;2;117551;2024
14;Córdoba;14147;Santa María;NA;2;77169;2024
14;Córdoba;14154;Sobremonte;NA;2;2327;2024
14;Córdoba;14161;Tercero Arriba;NA;2;60840;2024
14;Córdoba;14168;Totoral;NA;2;11741;2024
14;Córdoba;14175;Tulumba;NA;2;7342;2024
14;Córdoba;14182;Unión;NA;2;58739;2024
14;Córdoba;14007;Calamuchita;NA;2;39845;2025
14;Córdoba;14014;Capital;NA;2;747981;2025
14;Córdoba;14021;Colón;NA;2;152454;2025
14;Córdoba;14028;Cruz del Eje;NA;2;35301;2025
14;Córdoba;14035;General Roca;NA;2;18886;2025
14;Córdoba;14042;General San Martín;NA;2;79171;2025
14;Córdoba;14049;Ischilín;NA;2;18286;2025
14;Córdoba;14056;Juárez Celman;NA;2;35468;2025
14;Córdoba;14063;Marcos Juárez;NA;2;54500;2025
14;Córdoba;14070;Minas;NA;2;2557;2025
14;Córdoba;14077;Pocho;NA;2;2665;2025
14;Córdoba;14084;Presidente Roque Sáenz Peña;NA;2;19409;2025
14;Córdoba;14091;Punilla;NA;2;111491;2025
14;Córdoba;14098;Río Cuarto;NA;2;141036;2025
14;Córdoba;14105;Río Primero;NA;2;30510;2025
14;Córdoba;14112;Río Seco;NA;2;8003;2025
14;Córdoba;14119;Río Segundo;NA;2;57710;2025
14;Córdoba;14126;San Alberto;NA;2;21559;2025
14;Córdoba;14133;San Javier;NA;2;32091;2025
14;Córdoba;14140;San Justo;NA;2;117852;2025
14;Córdoba;14147;Santa María;NA;2;77860;2025
14;Córdoba;14154;Sobremonte;NA;2;2320;2025
14;Córdoba;14161;Tercero Arriba;NA;2;60921;2025
14;Córdoba;14168;Totoral;NA;2;11795;2025
14;Córdoba;14175;Tulumba;NA;2;7352;2025
14;Córdoba;14182;Unión;NA;2;58818;2025
14;Córdoba;14007;Calamuchita;NA;2;40127;2026
14;Córdoba;14014;Capital;NA;2;749463;2026
14;Córdoba;14021;Colón;NA;2;153359;2026
14;Córdoba;14028;Cruz del Eje;NA;2;35422;2026
14;Córdoba;14035;General Roca;NA;2;18875;2026
14;Córdoba;14042;General San Martín;NA;2;79510;2026
14;Córdoba;14049;Ischilín;NA;2;18328;2026
14;Córdoba;14056;Juárez Celman;NA;2;35555;2026
14;Córdoba;14063;Marcos Juárez;NA;2;54499;2026
14;Córdoba;14070;Minas;NA;2;2554;2026
14;Córdoba;14077;Pocho;NA;2;2657;2026
14;Córdoba;14084;Presidente Roque Sáenz Peña;NA;2;19415;2026
14;Córdoba;14091;Punilla;NA;2;112061;2026
14;Córdoba;14098;Río Cuarto;NA;2;141348;2026
14;Córdoba;14105;Río Primero;NA;2;30664;2026
14;Córdoba;14112;Río Seco;NA;2;8018;2026
14;Córdoba;14119;Río Segundo;NA;2;57823;2026
14;Córdoba;14126;San Alberto;NA;2;21618;2026
14;Córdoba;14133;San Javier;NA;2;32213;2026
14;Córdoba;14140;San Justo;NA;2;118142;2026
14;Córdoba;14147;Santa María;NA;2;78525;2026
14;Córdoba;14154;Sobremonte;NA;2;2312;2026
14;Córdoba;14161;Tercero Arriba;NA;2;61000;2026
14;Córdoba;14168;Totoral;NA;2;11847;2026
14;Córdoba;14175;Tulumba;NA;2;7360;2026
14;Córdoba;14182;Unión;NA;2;58895;2026
14;Córdoba;14007;Calamuchita;NA;2;40397;2027
14;Córdoba;14014;Capital;NA;2;750883;2027
14;Córdoba;14021;Colón;NA;2;154227;2027
14;Córdoba;14028;Cruz del Eje;NA;2;35538;2027
14;Córdoba;14035;General Roca;NA;2;18865;2027
14;Córdoba;14042;General San Martín;NA;2;79834;2027
14;Córdoba;14049;Ischilín;NA;2;18368;2027
14;Córdoba;14056;Juárez Celman;NA;2;35639;2027
14;Córdoba;14063;Marcos Juárez;NA;2;54498;2027
14;Córdoba;14070;Minas;NA;2;2550;2027
14;Córdoba;14077;Pocho;NA;2;2650;2027
14;Córdoba;14084;Presidente Roque Sáenz Peña;NA;2;19421;2027
14;Córdoba;14091;Punilla;NA;2;112607;2027
14;Córdoba;14098;Río Cuarto;NA;2;141647;2027
14;Córdoba;14105;Río Primero;NA;2;30811;2027
14;Córdoba;14112;Río Seco;NA;2;8033;2027
14;Córdoba;14119;Río Segundo;NA;2;57931;2027
14;Córdoba;14126;San Alberto;NA;2;21674;2027
14;Córdoba;14133;San Javier;NA;2;32330;2027
14;Córdoba;14140;San Justo;NA;2;118419;2027
14;Córdoba;14147;Santa María;NA;2;79161;2027
14;Córdoba;14154;Sobremonte;NA;2;2305;2027
14;Córdoba;14161;Tercero Arriba;NA;2;61075;2027
14;Córdoba;14168;Totoral;NA;2;11896;2027
14;Córdoba;14175;Tulumba;NA;2;7369;2027
14;Córdoba;14182;Unión;NA;2;58968;2027
14;Córdoba;14007;Calamuchita;NA;2;40658;2028
14;Córdoba;14014;Capital;NA;2;752250;2028
14;Córdoba;14021;Colón;NA;2;155062;2028
14;Córdoba;14028;Cruz del Eje;NA;2;35650;2028
14;Córdoba;14035;General Roca;NA;2;18854;2028
14;Córdoba;14042;General San Martín;NA;2;80146;2028
14;Córdoba;14049;Ischilín;NA;2;18406;2028
14;Córdoba;14056;Juárez Celman;NA;2;35720;2028
14;Córdoba;14063;Marcos Juárez;NA;2;54496;2028
14;Córdoba;14070;Minas;NA;2;2547;2028
14;Córdoba;14077;Pocho;NA;2;2643;2028
14;Córdoba;14084;Presidente Roque Sáenz Peña;NA;2;19427;2028
14;Córdoba;14091;Punilla;NA;2;113133;2028
14;Córdoba;14098;Río Cuarto;NA;2;141935;2028
14;Córdoba;14105;Río Primero;NA;2;30952;2028
14;Córdoba;14112;Río Seco;NA;2;8048;2028
14;Córdoba;14119;Río Segundo;NA;2;58035;2028
14;Córdoba;14126;San Alberto;NA;2;21729;2028
14;Córdoba;14133;San Javier;NA;2;32443;2028
14;Córdoba;14140;San Justo;NA;2;118687;2028
14;Córdoba;14147;Santa María;NA;2;79774;2028
14;Córdoba;14154;Sobremonte;NA;2;2299;2028
14;Córdoba;14161;Tercero Arriba;NA;2;61148;2028
14;Córdoba;14168;Totoral;NA;2;11944;2028
14;Córdoba;14175;Tulumba;NA;2;7377;2028
14;Córdoba;14182;Unión;NA;2;59038;2028
14;Córdoba;14007;Calamuchita;NA;2;40911;2029
14;Córdoba;14014;Capital;NA;2;753580;2029
14;Córdoba;14021;Colón;NA;2;155875;2029
14;Córdoba;14028;Cruz del Eje;NA;2;35759;2029
14;Córdoba;14035;General Roca;NA;2;18845;2029
14;Córdoba;14042;General San Martín;NA;2;80450;2029
14;Córdoba;14049;Ischilín;NA;2;18444;2029
14;Córdoba;14056;Juárez Celman;NA;2;35798;2029
14;Córdoba;14063;Marcos Juárez;NA;2;54495;2029
14;Córdoba;14070;Minas;NA;2;2544;2029
14;Córdoba;14077;Pocho;NA;2;2637;2029
14;Córdoba;14084;Presidente Roque Sáenz Peña;NA;2;19432;2029
14;Córdoba;14091;Punilla;NA;2;113645;2029
14;Córdoba;14098;Río Cuarto;NA;2;142215;2029
14;Córdoba;14105;Río Primero;NA;2;31090;2029
14;Córdoba;14112;Río Seco;NA;2;8062;2029
14;Córdoba;14119;Río Segundo;NA;2;58137;2029
14;Córdoba;14126;San Alberto;NA;2;21781;2029
14;Córdoba;14133;San Javier;NA;2;32553;2029
14;Córdoba;14140;San Justo;NA;2;118946;2029
14;Córdoba;14147;Santa María;NA;2;80371;2029
14;Córdoba;14154;Sobremonte;NA;2;2292;2029
14;Córdoba;14161;Tercero Arriba;NA;2;61218;2029
14;Córdoba;14168;Totoral;NA;2;11990;2029
14;Córdoba;14175;Tulumba;NA;2;7385;2029
14;Córdoba;14182;Unión;NA;2;59106;2029
14;Córdoba;14007;Calamuchita;NA;2;41164;2030
14;Córdoba;14014;Capital;NA;2;754912;2030
14;Córdoba;14021;Colón;NA;2;156688;2030
14;Córdoba;14028;Cruz del Eje;NA;2;35868;2030
14;Córdoba;14035;General Roca;NA;2;18835;2030
14;Córdoba;14042;General San Martín;NA;2;80754;2030
14;Córdoba;14049;Ischilín;NA;2;18481;2030
14;Córdoba;14056;Juárez Celman;NA;2;35877;2030
14;Córdoba;14063;Marcos Juárez;NA;2;54494;2030
14;Córdoba;14070;Minas;NA;2;2541;2030
14;Córdoba;14077;Pocho;NA;2;2630;2030
14;Córdoba;14084;Presidente Roque Sáenz Peña;NA;2;19438;2030
14;Córdoba;14091;Punilla;NA;2;114158;2030
14;Córdoba;14098;Río Cuarto;NA;2;142495;2030
14;Córdoba;14105;Río Primero;NA;2;31228;2030
14;Córdoba;14112;Río Seco;NA;2;8076;2030
14;Córdoba;14119;Río Segundo;NA;2;58238;2030
14;Córdoba;14126;San Alberto;NA;2;21834;2030
14;Córdoba;14133;San Javier;NA;2;32662;2030
14;Córdoba;14140;San Justo;NA;2;119207;2030
14;Córdoba;14147;Santa María;NA;2;80968;2030
14;Córdoba;14154;Sobremonte;NA;2;2286;2030
14;Córdoba;14161;Tercero Arriba;NA;2;61289;2030
14;Córdoba;14168;Totoral;NA;2;12037;2030
14;Córdoba;14175;Tulumba;NA;2;7393;2030
14;Córdoba;14182;Unión;NA;2;59174;2030
14;Córdoba;14007;Calamuchita;NA;2;41421;2031
14;Córdoba;14014;Capital;NA;2;756263;2031
14;Córdoba;14021;Colón;NA;2;157514;2031
14;Córdoba;14028;Cruz del Eje;NA;2;35978;2031
14;Córdoba;14035;General Roca;NA;2;18825;2031
14;Córdoba;14042;General San Martín;NA;2;81063;2031
14;Córdoba;14049;Ischilín;NA;2;18519;2031
14;Córdoba;14056;Juárez Celman;NA;2;35956;2031
14;Córdoba;14063;Marcos Juárez;NA;2;54492;2031
14;Córdoba;14070;Minas;NA;2;2538;2031
14;Córdoba;14077;Pocho;NA;2;2623;2031
14;Córdoba;14084;Presidente Roque Sáenz Peña;NA;2;19444;2031
14;Córdoba;14091;Punilla;NA;2;114678;2031
14;Córdoba;14098;Río Cuarto;NA;2;142780;2031
14;Córdoba;14105;Río Primero;NA;2;31368;2031
14;Córdoba;14112;Río Seco;NA;2;8091;2031
14;Córdoba;14119;Río Segundo;NA;2;58341;2031
14;Córdoba;14126;San Alberto;NA;2;21888;2031
14;Córdoba;14133;San Javier;NA;2;32774;2031
14;Córdoba;14140;San Justo;NA;2;119471;2031
14;Córdoba;14147;Santa María;NA;2;81575;2031
14;Córdoba;14154;Sobremonte;NA;2;2279;2031
14;Córdoba;14161;Tercero Arriba;NA;2;61361;2031
14;Córdoba;14168;Totoral;NA;2;12084;2031
14;Córdoba;14175;Tulumba;NA;2;7401;2031
14;Córdoba;14182;Unión;NA;2;59244;2031
14;Córdoba;14007;Calamuchita;NA;2;41683;2032
14;Córdoba;14014;Capital;NA;2;757636;2032
14;Córdoba;14021;Colón;NA;2;158353;2032
14;Córdoba;14028;Cruz del Eje;NA;2;36090;2032
14;Córdoba;14035;General Roca;NA;2;18815;2032
14;Córdoba;14042;General San Martín;NA;2;81376;2032
14;Córdoba;14049;Ischilín;NA;2;18558;2032
14;Córdoba;14056;Juárez Celman;NA;2;36037;2032
14;Córdoba;14063;Marcos Juárez;NA;2;54491;2032
14;Córdoba;14070;Minas;NA;2;2534;2032
14;Córdoba;14077;Pocho;NA;2;2616;2032
14;Córdoba;14084;Presidente Roque Sáenz Peña;NA;2;19449;2032
14;Córdoba;14091;Punilla;NA;2;115206;2032
14;Córdoba;14098;Río Cuarto;NA;2;143069;2032
14;Córdoba;14105;Río Primero;NA;2;31510;2032
14;Córdoba;14112;Río Seco;NA;2;8106;2032
14;Córdoba;14119;Río Segundo;NA;2;58446;2032
14;Córdoba;14126;San Alberto;NA;2;21942;2032
14;Córdoba;14133;San Javier;NA;2;32887;2032
14;Córdoba;14140;San Justo;NA;2;119739;2032
14;Córdoba;14147;Santa María;NA;2;82190;2032
14;Córdoba;14154;Sobremonte;NA;2;2273;2032
14;Córdoba;14161;Tercero Arriba;NA;2;61434;2032
14;Córdoba;14168;Totoral;NA;2;12132;2032
14;Córdoba;14175;Tulumba;NA;2;7409;2032
14;Córdoba;14182;Unión;NA;2;59314;2032
14;Córdoba;14007;Calamuchita;NA;2;41947;2033
14;Córdoba;14014;Capital;NA;2;759024;2033
14;Córdoba;14021;Colón;NA;2;159201;2033
14;Córdoba;14028;Cruz del Eje;NA;2;36204;2033
14;Córdoba;14035;General Roca;NA;2;18805;2033
14;Córdoba;14042;General San Martín;NA;2;81693;2033
14;Córdoba;14049;Ischilín;NA;2;18597;2033
14;Córdoba;14056;Juárez Celman;NA;2;36119;2033
14;Córdoba;14063;Marcos Juárez;NA;2;54489;2033
14;Córdoba;14070;Minas;NA;2;2531;2033
14;Córdoba;14077;Pocho;NA;2;2610;2033
14;Córdoba;14084;Presidente Roque Sáenz Peña;NA;2;19455;2033
14;Córdoba;14091;Punilla;NA;2;115740;2033
14;Córdoba;14098;Río Cuarto;NA;2;143361;2033
14;Córdoba;14105;Río Primero;NA;2;31653;2033
14;Córdoba;14112;Río Seco;NA;2;8120;2033
14;Córdoba;14119;Río Segundo;NA;2;58552;2033
14;Córdoba;14126;San Alberto;NA;2;21997;2033
14;Córdoba;14133;San Javier;NA;2;33001;2033
14;Córdoba;14140;San Justo;NA;2;120010;2033
14;Córdoba;14147;Santa María;NA;2;82813;2033
14;Córdoba;14154;Sobremonte;NA;2;2266;2033
14;Córdoba;14161;Tercero Arriba;NA;2;61507;2033
14;Córdoba;14168;Totoral;NA;2;12181;2033
14;Córdoba;14175;Tulumba;NA;2;7417;2033
14;Córdoba;14182;Unión;NA;2;59386;2033
14;Córdoba;14007;Calamuchita;NA;2;42213;2034
14;Córdoba;14014;Capital;NA;2;760420;2034
14;Córdoba;14021;Colón;NA;2;160054;2034
14;Córdoba;14028;Cruz del Eje;NA;2;36318;2034
14;Córdoba;14035;General Roca;NA;2;18795;2034
14;Córdoba;14042;General San Martín;NA;2;82012;2034
14;Córdoba;14049;Ischilín;NA;2;18636;2034
14;Córdoba;14056;Juárez Celman;NA;2;36202;2034
14;Córdoba;14063;Marcos Juárez;NA;2;54488;2034
14;Córdoba;14070;Minas;NA;2;2528;2034
14;Córdoba;14077;Pocho;NA;2;2603;2034
14;Córdoba;14084;Presidente Roque Sáenz Peña;NA;2;19461;2034
14;Córdoba;14091;Punilla;NA;2;116277;2034
14;Córdoba;14098;Río Cuarto;NA;2;143656;2034
14;Córdoba;14105;Río Primero;NA;2;31798;2034
14;Córdoba;14112;Río Seco;NA;2;8135;2034
14;Córdoba;14119;Río Segundo;NA;2;58658;2034
14;Córdoba;14126;San Alberto;NA;2;22053;2034
14;Córdoba;14133;San Javier;NA;2;33116;2034
14;Córdoba;14140;San Justo;NA;2;120283;2034
14;Córdoba;14147;Santa María;NA;2;83439;2034
14;Córdoba;14154;Sobremonte;NA;2;2259;2034
14;Córdoba;14161;Tercero Arriba;NA;2;61581;2034
14;Córdoba;14168;Totoral;NA;2;12229;2034
14;Córdoba;14175;Tulumba;NA;2;7425;2034
14;Córdoba;14182;Unión;NA;2;59457;2034
14;Córdoba;14007;Calamuchita;NA;2;42481;2035
14;Córdoba;14014;Capital;NA;2;761832;2035
14;Córdoba;14021;Colón;NA;2;160916;2035
14;Córdoba;14028;Cruz del Eje;NA;2;36434;2035
14;Córdoba;14035;General Roca;NA;2;18784;2035
14;Córdoba;14042;General San Martín;NA;2;82335;2035
14;Córdoba;14049;Ischilín;NA;2;18675;2035
14;Córdoba;14056;Juárez Celman;NA;2;36285;2035
14;Córdoba;14063;Marcos Juárez;NA;2;54487;2035
14;Córdoba;14070;Minas;NA;2;2525;2035
14;Córdoba;14077;Pocho;NA;2;2595;2035
14;Córdoba;14084;Presidente Roque Sáenz Peña;NA;2;19467;2035
14;Córdoba;14091;Punilla;NA;2;116820;2035
14;Córdoba;14098;Río Cuarto;NA;2;143953;2035
14;Córdoba;14105;Río Primero;NA;2;31944;2035
14;Córdoba;14112;Río Seco;NA;2;8150;2035
14;Córdoba;14119;Río Segundo;NA;2;58766;2035
14;Córdoba;14126;San Alberto;NA;2;22109;2035
14;Córdoba;14133;San Javier;NA;2;33233;2035
14;Córdoba;14140;San Justo;NA;2;120559;2035
14;Córdoba;14147;Santa María;NA;2;84072;2035
14;Córdoba;14154;Sobremonte;NA;2;2252;2035
14;Córdoba;14161;Tercero Arriba;NA;2;61656;2035
14;Córdoba;14168;Totoral;NA;2;12279;2035
14;Córdoba;14175;Tulumba;NA;2;7434;2035
14;Córdoba;14182;Unión;NA;2;59530;2035
14;Córdoba;14007;Calamuchita;NA;1;38606;2022
14;Córdoba;14014;Capital;NA;1;793745;2022
14;Córdoba;14021;Colón;NA;1;152494;2022
14;Córdoba;14028;Cruz del Eje;NA;1;33671;2022
14;Córdoba;14035;General Roca;NA;1;18123;2022
14;Córdoba;14042;General San Martín;NA;1;79487;2022
14;Córdoba;14049;Ischilín;NA;1;18694;2022
14;Córdoba;14056;Juárez Celman;NA;1;34934;2022
14;Córdoba;14063;Marcos Juárez;NA;1;55586;2022
14;Córdoba;14070;Minas;NA;1;2410;2022
14;Córdoba;14077;Pocho;NA;1;2549;2022
14;Córdoba;14084;Presidente Roque Sáenz Peña;NA;1;19162;2022
14;Córdoba;14091;Punilla;NA;1;116277;2022
14;Córdoba;14098;Río Cuarto;NA;1;145836;2022
14;Córdoba;14105;Río Primero;NA;1;29676;2022
14;Córdoba;14112;Río Seco;NA;1;7686;2022
14;Córdoba;14119;Río Segundo;NA;1;59046;2022
14;Córdoba;14126;San Alberto;NA;1;21703;2022
14;Córdoba;14133;San Javier;NA;1;33026;2022
14;Córdoba;14140;San Justo;NA;1;118378;2022
14;Córdoba;14147;Santa María;NA;1;72259;2022
14;Córdoba;14154;Sobremonte;NA;1;2260;2022
14;Córdoba;14161;Tercero Arriba;NA;1;62839;2022
14;Córdoba;14168;Totoral;NA;1;11356;2022
14;Córdoba;14175;Tulumba;NA;1;7121;2022
14;Córdoba;14182;Unión;NA;1;58485;2022
14;Córdoba;14007;Calamuchita;NA;1;38884;2023
14;Córdoba;14014;Capital;NA;1;795149;2023
14;Córdoba;14021;Colón;NA;1;153380;2023
14;Córdoba;14028;Cruz del Eje;NA;1;33749;2023
14;Córdoba;14035;General Roca;NA;1;18107;2023
14;Córdoba;14042;General San Martín;NA;1;79803;2023
14;Córdoba;14049;Ischilín;NA;1;18730;2023
14;Córdoba;14056;Juárez Celman;NA;1;35019;2023
14;Córdoba;14063;Marcos Juárez;NA;1;55567;2023
14;Córdoba;14070;Minas;NA;1;2408;2023
14;Córdoba;14077;Pocho;NA;1;2543;2023
14;Córdoba;14084;Presidente Roque Sáenz Peña;NA;1;19152;2023
14;Córdoba;14091;Punilla;NA;1;116819;2023
14;Córdoba;14098;Río Cuarto;NA;1;146154;2023
14;Córdoba;14105;Río Primero;NA;1;29819;2023
14;Córdoba;14112;Río Seco;NA;1;7705;2023
14;Córdoba;14119;Río Segundo;NA;1;59147;2023
14;Córdoba;14126;San Alberto;NA;1;21766;2023
14;Córdoba;14133;San Javier;NA;1;33147;2023
14;Córdoba;14140;San Justo;NA;1;118618;2023
14;Córdoba;14147;Santa María;NA;1;72845;2023
14;Córdoba;14154;Sobremonte;NA;1;2257;2023
14;Córdoba;14161;Tercero Arriba;NA;1;62908;2023
14;Córdoba;14168;Totoral;NA;1;11405;2023
14;Córdoba;14175;Tulumba;NA;1;7137;2023
14;Córdoba;14182;Unión;NA;1;58542;2023
14;Córdoba;14007;Calamuchita;NA;1;39178;2024
14;Córdoba;14014;Capital;NA;1;796635;2024
14;Córdoba;14021;Colón;NA;1;154317;2024
14;Córdoba;14028;Cruz del Eje;NA;1;33831;2024
14;Córdoba;14035;General Roca;NA;1;18090;2024
14;Córdoba;14042;General San Martín;NA;1;80138;2024
14;Córdoba;14049;Ischilín;NA;1;18768;2024
14;Córdoba;14056;Juárez Celman;NA;1;35108;2024
14;Córdoba;14063;Marcos Juárez;NA;1;55547;2024
14;Córdoba;14070;Minas;NA;1;2406;2024
14;Córdoba;14077;Pocho;NA;1;2537;2024
14;Córdoba;14084;Presidente Roque Sáenz Peña;NA;1;19141;2024
14;Córdoba;14091;Punilla;NA;1;117393;2024
14;Córdoba;14098;Río Cuarto;NA;1;146491;2024
14;Córdoba;14105;Río Primero;NA;1;29971;2024
14;Córdoba;14112;Río Seco;NA;1;7724;2024
14;Córdoba;14119;Río Segundo;NA;1;59253;2024
14;Córdoba;14126;San Alberto;NA;1;21833;2024
14;Córdoba;14133;San Javier;NA;1;33275;2024
14;Córdoba;14140;San Justo;NA;1;118872;2024
14;Córdoba;14147;Santa María;NA;1;73465;2024
14;Córdoba;14154;Sobremonte;NA;1;2254;2024
14;Córdoba;14161;Tercero Arriba;NA;1;62981;2024
14;Córdoba;14168;Totoral;NA;1;11457;2024
14;Córdoba;14175;Tulumba;NA;1;7154;2024
14;Córdoba;14182;Unión;NA;1;58601;2024
14;Córdoba;14007;Calamuchita;NA;1;39453;2025
14;Córdoba;14014;Capital;NA;1;798028;2025
14;Córdoba;14021;Colón;NA;1;155196;2025
14;Córdoba;14028;Cruz del Eje;NA;1;33908;2025
14;Córdoba;14035;General Roca;NA;1;18074;2025
14;Córdoba;14042;General San Martín;NA;1;80452;2025
14;Córdoba;14049;Ischilín;NA;1;18804;2025
14;Córdoba;14056;Juárez Celman;NA;1;35191;2025
14;Córdoba;14063;Marcos Juárez;NA;1;55527;2025
14;Córdoba;14070;Minas;NA;1;2404;2025
14;Córdoba;14077;Pocho;NA;1;2532;2025
14;Córdoba;14084;Presidente Roque Sáenz Peña;NA;1;19131;2025
14;Córdoba;14091;Punilla;NA;1;117930;2025
14;Córdoba;14098;Río Cuarto;NA;1;146806;2025
14;Córdoba;14105;Río Primero;NA;1;30114;2025
14;Córdoba;14112;Río Seco;NA;1;7742;2025
14;Córdoba;14119;Río Segundo;NA;1;59352;2025
14;Córdoba;14126;San Alberto;NA;1;21896;2025
14;Córdoba;14133;San Javier;NA;1;33395;2025
14;Córdoba;14140;San Justo;NA;1;119111;2025
14;Córdoba;14147;Santa María;NA;1;74046;2025
14;Córdoba;14154;Sobremonte;NA;1;2251;2025
14;Córdoba;14161;Tercero Arriba;NA;1;63050;2025
14;Córdoba;14168;Totoral;NA;1;11505;2025
14;Córdoba;14175;Tulumba;NA;1;7169;2025
14;Córdoba;14182;Unión;NA;1;58657;2025
14;Córdoba;14007;Calamuchita;NA;1;39713;2026
14;Córdoba;14014;Capital;NA;1;799346;2026
14;Córdoba;14021;Colón;NA;1;156027;2026
14;Córdoba;14028;Cruz del Eje;NA;1;33981;2026
14;Córdoba;14035;General Roca;NA;1;18059;2026
14;Córdoba;14042;General San Martín;NA;1;80748;2026
14;Córdoba;14049;Ischilín;NA;1;18837;2026
14;Córdoba;14056;Juárez Celman;NA;1;35270;2026
14;Córdoba;14063;Marcos Juárez;NA;1;55509;2026
14;Córdoba;14070;Minas;NA;1;2402;2026
14;Córdoba;14077;Pocho;NA;1;2527;2026
14;Córdoba;14084;Presidente Roque Sáenz Peña;NA;1;19121;2026
14;Córdoba;14091;Punilla;NA;1;118439;2026
14;Córdoba;14098;Río Cuarto;NA;1;147105;2026
14;Córdoba;14105;Río Primero;NA;1;30249;2026
14;Córdoba;14112;Río Seco;NA;1;7760;2026
14;Córdoba;14119;Río Segundo;NA;1;59446;2026
14;Córdoba;14126;San Alberto;NA;1;21956;2026
14;Córdoba;14133;San Javier;NA;1;33509;2026
14;Córdoba;14140;San Justo;NA;1;119336;2026
14;Córdoba;14147;Santa María;NA;1;74597;2026
14;Córdoba;14154;Sobremonte;NA;1;2248;2026
14;Córdoba;14161;Tercero Arriba;NA;1;63115;2026
14;Córdoba;14168;Totoral;NA;1;11551;2026
14;Córdoba;14175;Tulumba;NA;1;7184;2026
14;Córdoba;14182;Unión;NA;1;58711;2026
14;Córdoba;14007;Calamuchita;NA;1;39959;2027
14;Córdoba;14014;Capital;NA;1;800586;2027
14;Córdoba;14021;Colón;NA;1;156809;2027
14;Córdoba;14028;Cruz del Eje;NA;1;34049;2027
14;Córdoba;14035;General Roca;NA;1;18045;2027
14;Córdoba;14042;General San Martín;NA;1;81028;2027
14;Córdoba;14049;Ischilín;NA;1;18869;2027
14;Córdoba;14056;Juárez Celman;NA;1;35344;2027
14;Córdoba;14063;Marcos Juárez;NA;1;55492;2027
14;Córdoba;14070;Minas;NA;1;2401;2027
14;Córdoba;14077;Pocho;NA;1;2522;2027
14;Córdoba;14084;Presidente Roque Sáenz Peña;NA;1;19112;2027
14;Córdoba;14091;Punilla;NA;1;118918;2027
14;Córdoba;14098;Río Cuarto;NA;1;147386;2027
14;Córdoba;14105;Río Primero;NA;1;30376;2027
14;Córdoba;14112;Río Seco;NA;1;7776;2027
14;Córdoba;14119;Río Segundo;NA;1;59535;2027
14;Córdoba;14126;San Alberto;NA;1;22012;2027
14;Córdoba;14133;San Javier;NA;1;33616;2027
14;Córdoba;14140;San Justo;NA;1;119548;2027
14;Córdoba;14147;Santa María;NA;1;75114;2027
14;Córdoba;14154;Sobremonte;NA;1;2245;2027
14;Córdoba;14161;Tercero Arriba;NA;1;63176;2027
14;Córdoba;14168;Totoral;NA;1;11594;2027
14;Córdoba;14175;Tulumba;NA;1;7198;2027
14;Córdoba;14182;Unión;NA;1;58760;2027
14;Córdoba;14007;Calamuchita;NA;1;40192;2028
14;Córdoba;14014;Capital;NA;1;801766;2028
14;Córdoba;14021;Colón;NA;1;157553;2028
14;Córdoba;14028;Cruz del Eje;NA;1;34114;2028
14;Córdoba;14035;General Roca;NA;1;18031;2028
14;Córdoba;14042;General San Martín;NA;1;81293;2028
14;Córdoba;14049;Ischilín;NA;1;18899;2028
14;Córdoba;14056;Juárez Celman;NA;1;35415;2028
14;Córdoba;14063;Marcos Juárez;NA;1;55476;2028
14;Córdoba;14070;Minas;NA;1;2399;2028
14;Córdoba;14077;Pocho;NA;1;2517;2028
14;Córdoba;14084;Presidente Roque Sáenz Peña;NA;1;19103;2028
14;Córdoba;14091;Punilla;NA;1;119373;2028
14;Córdoba;14098;Río Cuarto;NA;1;147653;2028
14;Córdoba;14105;Río Primero;NA;1;30497;2028
14;Córdoba;14112;Río Seco;NA;1;7791;2028
14;Córdoba;14119;Río Segundo;NA;1;59619;2028
14;Córdoba;14126;San Alberto;NA;1;22065;2028
14;Córdoba;14133;San Javier;NA;1;33718;2028
14;Córdoba;14140;San Justo;NA;1;119750;2028
14;Córdoba;14147;Santa María;NA;1;75607;2028
14;Córdoba;14154;Sobremonte;NA;1;2243;2028
14;Córdoba;14161;Tercero Arriba;NA;1;63234;2028
14;Córdoba;14168;Totoral;NA;1;11635;2028
14;Córdoba;14175;Tulumba;NA;1;7212;2028
14;Córdoba;14182;Unión;NA;1;58808;2028
14;Córdoba;14007;Calamuchita;NA;1;40416;2029
14;Córdoba;14014;Capital;NA;1;802899;2029
14;Córdoba;14021;Colón;NA;1;158268;2029
14;Córdoba;14028;Cruz del Eje;NA;1;34177;2029
14;Córdoba;14035;General Roca;NA;1;18019;2029
14;Córdoba;14042;General San Martín;NA;1;81548;2029
14;Córdoba;14049;Ischilín;NA;1;18928;2029
14;Córdoba;14056;Juárez Celman;NA;1;35483;2029
14;Córdoba;14063;Marcos Juárez;NA;1;55461;2029
14;Córdoba;14070;Minas;NA;1;2397;2029
14;Córdoba;14077;Pocho;NA;1;2512;2029
14;Córdoba;14084;Presidente Roque Sáenz Peña;NA;1;19095;2029
14;Córdoba;14091;Punilla;NA;1;119811;2029
14;Córdoba;14098;Río Cuarto;NA;1;147910;2029
14;Córdoba;14105;Río Primero;NA;1;30613;2029
14;Córdoba;14112;Río Seco;NA;1;7806;2029
14;Córdoba;14119;Río Segundo;NA;1;59700;2029
14;Córdoba;14126;San Alberto;NA;1;22116;2029
14;Córdoba;14133;San Javier;NA;1;33816;2029
14;Córdoba;14140;San Justo;NA;1;119943;2029
14;Córdoba;14147;Santa María;NA;1;76079;2029
14;Córdoba;14154;Sobremonte;NA;1;2240;2029
14;Córdoba;14161;Tercero Arriba;NA;1;63290;2029
14;Córdoba;14168;Totoral;NA;1;11674;2029
14;Córdoba;14175;Tulumba;NA;1;7224;2029
14;Córdoba;14182;Unión;NA;1;58853;2029
14;Córdoba;14007;Calamuchita;NA;1;40638;2030
14;Córdoba;14014;Capital;NA;1;804024;2030
14;Córdoba;14021;Colón;NA;1;158978;2030
14;Córdoba;14028;Cruz del Eje;NA;1;34239;2030
14;Córdoba;14035;General Roca;NA;1;18006;2030
14;Córdoba;14042;General San Martín;NA;1;81802;2030
14;Córdoba;14049;Ischilín;NA;1;18956;2030
14;Córdoba;14056;Juárez Celman;NA;1;35551;2030
14;Córdoba;14063;Marcos Juárez;NA;1;55445;2030
14;Córdoba;14070;Minas;NA;1;2396;2030
14;Córdoba;14077;Pocho;NA;1;2508;2030
14;Córdoba;14084;Presidente Roque Sáenz Peña;NA;1;19086;2030
14;Córdoba;14091;Punilla;NA;1;120245;2030
14;Córdoba;14098;Río Cuarto;NA;1;148165;2030
14;Córdoba;14105;Río Primero;NA;1;30728;2030
14;Córdoba;14112;Río Seco;NA;1;7821;2030
14;Córdoba;14119;Río Segundo;NA;1;59780;2030
14;Córdoba;14126;San Alberto;NA;1;22167;2030
14;Córdoba;14133;San Javier;NA;1;33912;2030
14;Córdoba;14140;San Justo;NA;1;120136;2030
14;Córdoba;14147;Santa María;NA;1;76549;2030
14;Córdoba;14154;Sobremonte;NA;1;2238;2030
14;Córdoba;14161;Tercero Arriba;NA;1;63346;2030
14;Córdoba;14168;Totoral;NA;1;11713;2030
14;Córdoba;14175;Tulumba;NA;1;7237;2030
14;Córdoba;14182;Unión;NA;1;58899;2030
14;Córdoba;14007;Calamuchita;NA;1;40863;2031
14;Córdoba;14014;Capital;NA;1;805161;2031
14;Córdoba;14021;Colón;NA;1;159695;2031
14;Córdoba;14028;Cruz del Eje;NA;1;34301;2031
14;Córdoba;14035;General Roca;NA;1;17993;2031
14;Córdoba;14042;General San Martín;NA;1;82058;2031
14;Córdoba;14049;Ischilín;NA;1;18985;2031
14;Córdoba;14056;Juárez Celman;NA;1;35619;2031
14;Córdoba;14063;Marcos Juárez;NA;1;55429;2031
14;Córdoba;14070;Minas;NA;1;2394;2031
14;Córdoba;14077;Pocho;NA;1;2503;2031
14;Córdoba;14084;Presidente Roque Sáenz Peña;NA;1;19078;2031
14;Córdoba;14091;Punilla;NA;1;120684;2031
14;Córdoba;14098;Río Cuarto;NA;1;148423;2031
14;Córdoba;14105;Río Primero;NA;1;30844;2031
14;Córdoba;14112;Río Seco;NA;1;7836;2031
14;Córdoba;14119;Río Segundo;NA;1;59862;2031
14;Córdoba;14126;San Alberto;NA;1;22218;2031
14;Córdoba;14133;San Javier;NA;1;34011;2031
14;Córdoba;14140;San Justo;NA;1;120330;2031
14;Córdoba;14147;Santa María;NA;1;77024;2031
14;Córdoba;14154;Sobremonte;NA;1;2235;2031
14;Córdoba;14161;Tercero Arriba;NA;1;63402;2031
14;Córdoba;14168;Totoral;NA;1;11753;2031
14;Córdoba;14175;Tulumba;NA;1;7250;2031
14;Córdoba;14182;Unión;NA;1;58944;2031
14;Córdoba;14007;Calamuchita;NA;1;41090;2032
14;Córdoba;14014;Capital;NA;1;806310;2032
14;Córdoba;14021;Colón;NA;1;160420;2032
14;Córdoba;14028;Cruz del Eje;NA;1;34365;2032
14;Córdoba;14035;General Roca;NA;1;17979;2032
14;Córdoba;14042;General San Martín;NA;1;82316;2032
14;Córdoba;14049;Ischilín;NA;1;19015;2032
14;Córdoba;14056;Juárez Celman;NA;1;35688;2032
14;Córdoba;14063;Marcos Juárez;NA;1;55414;2032
14;Córdoba;14070;Minas;NA;1;2393;2032
14;Córdoba;14077;Pocho;NA;1;2499;2032
14;Córdoba;14084;Presidente Roque Sáenz Peña;NA;1;19070;2032
14;Córdoba;14091;Punilla;NA;1;121128;2032
14;Córdoba;14098;Río Cuarto;NA;1;148683;2032
14;Córdoba;14105;Río Primero;NA;1;30962;2032
14;Córdoba;14112;Río Seco;NA;1;7851;2032
14;Córdoba;14119;Río Segundo;NA;1;59944;2032
14;Córdoba;14126;San Alberto;NA;1;22270;2032
14;Córdoba;14133;San Javier;NA;1;34110;2032
14;Córdoba;14140;San Justo;NA;1;120527;2032
14;Córdoba;14147;Santa María;NA;1;77503;2032
14;Córdoba;14154;Sobremonte;NA;1;2233;2032
14;Córdoba;14161;Tercero Arriba;NA;1;63458;2032
14;Córdoba;14168;Totoral;NA;1;11792;2032
14;Córdoba;14175;Tulumba;NA;1;7263;2032
14;Córdoba;14182;Unión;NA;1;58990;2032
14;Córdoba;14007;Calamuchita;NA;1;41318;2033
14;Córdoba;14014;Capital;NA;1;807465;2033
14;Córdoba;14021;Colón;NA;1;161149;2033
14;Córdoba;14028;Cruz del Eje;NA;1;34429;2033
14;Córdoba;14035;General Roca;NA;1;17966;2033
14;Córdoba;14042;General San Martín;NA;1;82577;2033
14;Córdoba;14049;Ischilín;NA;1;19044;2033
14;Córdoba;14056;Juárez Celman;NA;1;35757;2033
14;Córdoba;14063;Marcos Juárez;NA;1;55398;2033
14;Córdoba;14070;Minas;NA;1;2391;2033
14;Córdoba;14077;Pocho;NA;1;2494;2033
14;Córdoba;14084;Presidente Roque Sáenz Peña;NA;1;19061;2033
14;Córdoba;14091;Punilla;NA;1;121574;2033
14;Córdoba;14098;Río Cuarto;NA;1;148945;2033
14;Córdoba;14105;Río Primero;NA;1;31080;2033
14;Córdoba;14112;Río Seco;NA;1;7866;2033
14;Córdoba;14119;Río Segundo;NA;1;60026;2033
14;Córdoba;14126;San Alberto;NA;1;22322;2033
14;Córdoba;14133;San Javier;NA;1;34210;2033
14;Córdoba;14140;San Justo;NA;1;120724;2033
14;Córdoba;14147;Santa María;NA;1;77986;2033
14;Córdoba;14154;Sobremonte;NA;1;2230;2033
14;Córdoba;14161;Tercero Arriba;NA;1;63515;2033
14;Córdoba;14168;Totoral;NA;1;11833;2033
14;Córdoba;14175;Tulumba;NA;1;7276;2033
14;Córdoba;14182;Unión;NA;1;59037;2033
14;Córdoba;14007;Calamuchita;NA;1;41548;2034
14;Córdoba;14014;Capital;NA;1;808626;2034
14;Córdoba;14021;Colón;NA;1;161881;2034
14;Córdoba;14028;Cruz del Eje;NA;1;34493;2034
14;Córdoba;14035;General Roca;NA;1;17953;2034
14;Córdoba;14042;General San Martín;NA;1;82838;2034
14;Córdoba;14049;Ischilín;NA;1;19074;2034
14;Córdoba;14056;Juárez Celman;NA;1;35827;2034
14;Córdoba;14063;Marcos Juárez;NA;1;55382;2034
14;Córdoba;14070;Minas;NA;1;2389;2034
14;Córdoba;14077;Pocho;NA;1;2490;2034
14;Córdoba;14084;Presidente Roque Sáenz Peña;NA;1;19053;2034
14;Córdoba;14091;Punilla;NA;1;122022;2034
14;Córdoba;14098;Río Cuarto;NA;1;149208;2034
14;Córdoba;14105;Río Primero;NA;1;31199;2034
14;Córdoba;14112;Río Seco;NA;1;7881;2034
14;Córdoba;14119;Río Segundo;NA;1;60109;2034
14;Córdoba;14126;San Alberto;NA;1;22374;2034
14;Córdoba;14133;San Javier;NA;1;34309;2034
14;Córdoba;14140;San Justo;NA;1;120923;2034
14;Córdoba;14147;Santa María;NA;1;78470;2034
14;Córdoba;14154;Sobremonte;NA;1;2228;2034
14;Córdoba;14161;Tercero Arriba;NA;1;63573;2034
14;Córdoba;14168;Totoral;NA;1;11873;2034
14;Córdoba;14175;Tulumba;NA;1;7289;2034
14;Córdoba;14182;Unión;NA;1;59084;2034
14;Córdoba;14007;Calamuchita;NA;1;41778;2035
14;Córdoba;14014;Capital;NA;1;809793;2035
14;Córdoba;14021;Colón;NA;1;162616;2035
14;Córdoba;14028;Cruz del Eje;NA;1;34557;2035
14;Córdoba;14035;General Roca;NA;1;17940;2035
14;Córdoba;14042;General San Martín;NA;1;83101;2035
14;Córdoba;14049;Ischilín;NA;1;19104;2035
14;Córdoba;14056;Juárez Celman;NA;1;35897;2035
14;Córdoba;14063;Marcos Juárez;NA;1;55366;2035
14;Córdoba;14070;Minas;NA;1;2388;2035
14;Córdoba;14077;Pocho;NA;1;2485;2035
14;Córdoba;14084;Presidente Roque Sáenz Peña;NA;1;19044;2035
14;Córdoba;14091;Punilla;NA;1;122473;2035
14;Córdoba;14098;Río Cuarto;NA;1;149473;2035
14;Córdoba;14105;Río Primero;NA;1;31318;2035
14;Córdoba;14112;Río Seco;NA;1;7896;2035
14;Córdoba;14119;Río Segundo;NA;1;60192;2035
14;Córdoba;14126;San Alberto;NA;1;22427;2035
14;Córdoba;14133;San Javier;NA;1;34410;2035
14;Córdoba;14140;San Justo;NA;1;121122;2035
14;Córdoba;14147;Santa María;NA;1;78957;2035
14;Córdoba;14154;Sobremonte;NA;1;2225;2035
14;Córdoba;14161;Tercero Arriba;NA;1;63630;2035
14;Córdoba;14168;Totoral;NA;1;11913;2035
14;Córdoba;14175;Tulumba;NA;1;7302;2035
14;Córdoba;14182;Unión;NA;1;59131;2035
30;Entre Ríos;30008;Colón;NA;2;38025;2022
30;Entre Ríos;30015;Concordia;NA;2;99687;2022
30;Entre Ríos;30021;Diamante;NA;2;26843;2022
30;Entre Ríos;30028;Federación;NA;2;40403;2022
30;Entre Ríos;30035;Federal;NA;2;15149;2022
30;Entre Ríos;30042;Feliciano;NA;2;8469;2022
30;Entre Ríos;30049;Gualeguay;NA;2;28783;2022
30;Entre Ríos;30056;Gualeguaychú;NA;2;63220;2022
30;Entre Ríos;30063;Islas del Ibicuy;NA;2;7274;2022
30;Entre Ríos;30070;La Paz;NA;2;37947;2022
30;Entre Ríos;30077;Nogoyá;NA;2;21786;2022
30;Entre Ríos;30084;Paraná;NA;2;193527;2022
30;Entre Ríos;30088;San Salvador;NA;2;10614;2022
30;Entre Ríos;30091;Tala;NA;2;15536;2022
30;Entre Ríos;30098;Uruguay;NA;2;58263;2022
30;Entre Ríos;30105;Victoria;NA;2;20571;2022
30;Entre Ríos;30113;Villaguay;NA;2;28264;2022
30;Entre Ríos;30008;Colón;NA;2;38137;2023
30;Entre Ríos;30015;Concordia;NA;2;99906;2023
30;Entre Ríos;30021;Diamante;NA;2;26903;2023
30;Entre Ríos;30028;Federación;NA;2;40481;2023
30;Entre Ríos;30035;Federal;NA;2;15179;2023
30;Entre Ríos;30042;Feliciano;NA;2;8478;2023
30;Entre Ríos;30049;Gualeguay;NA;2;28820;2023
30;Entre Ríos;30056;Gualeguaychú;NA;2;63351;2023
30;Entre Ríos;30063;Islas del Ibicuy;NA;2;7287;2023
30;Entre Ríos;30070;La Paz;NA;2;38008;2023
30;Entre Ríos;30077;Nogoyá;NA;2;21812;2023
30;Entre Ríos;30084;Paraná;NA;2;193931;2023
30;Entre Ríos;30088;San Salvador;NA;2;10644;2023
30;Entre Ríos;30091;Tala;NA;2;15580;2023
30;Entre Ríos;30098;Uruguay;NA;2;58382;2023
30;Entre Ríos;30105;Victoria;NA;2;20609;2023
30;Entre Ríos;30113;Villaguay;NA;2;28319;2023
30;Entre Ríos;30008;Colón;NA;2;38260;2024
30;Entre Ríos;30015;Concordia;NA;2;100147;2024
30;Entre Ríos;30021;Diamante;NA;2;26970;2024
30;Entre Ríos;30028;Federación;NA;2;40567;2024
30;Entre Ríos;30035;Federal;NA;2;15212;2024
30;Entre Ríos;30042;Feliciano;NA;2;8487;2024
30;Entre Ríos;30049;Gualeguay;NA;2;28860;2024
30;Entre Ríos;30056;Gualeguaychú;NA;2;63496;2024
30;Entre Ríos;30063;Islas del Ibicuy;NA;2;7301;2024
30;Entre Ríos;30070;La Paz;NA;2;38075;2024
30;Entre Ríos;30077;Nogoyá;NA;2;21841;2024
30;Entre Ríos;30084;Paraná;NA;2;194377;2024
30;Entre Ríos;30088;San Salvador;NA;2;10676;2024
30;Entre Ríos;30091;Tala;NA;2;15629;2024
30;Entre Ríos;30098;Uruguay;NA;2;58514;2024
30;Entre Ríos;30105;Victoria;NA;2;20652;2024
30;Entre Ríos;30113;Villaguay;NA;2;28380;2024
30;Entre Ríos;30008;Colón;NA;2;38380;2025
30;Entre Ríos;30015;Concordia;NA;2;100381;2025
30;Entre Ríos;30021;Diamante;NA;2;27035;2025
30;Entre Ríos;30028;Federación;NA;2;40651;2025
30;Entre Ríos;30035;Federal;NA;2;15243;2025
30;Entre Ríos;30042;Feliciano;NA;2;8496;2025
30;Entre Ríos;30049;Gualeguay;NA;2;28900;2025
30;Entre Ríos;30056;Gualeguaychú;NA;2;63636;2025
30;Entre Ríos;30063;Islas del Ibicuy;NA;2;7314;2025
30;Entre Ríos;30070;La Paz;NA;2;38140;2025
30;Entre Ríos;30077;Nogoyá;NA;2;21869;2025
30;Entre Ríos;30084;Paraná;NA;2;194808;2025
30;Entre Ríos;30088;San Salvador;NA;2;10708;2025
30;Entre Ríos;30091;Tala;NA;2;15677;2025
30;Entre Ríos;30098;Uruguay;NA;2;58641;2025
30;Entre Ríos;30105;Victoria;NA;2;20693;2025
30;Entre Ríos;30113;Villaguay;NA;2;28438;2025
30;Entre Ríos;30008;Colón;NA;2;38492;2026
30;Entre Ríos;30015;Concordia;NA;2;100602;2026
30;Entre Ríos;30021;Diamante;NA;2;27096;2026
30;Entre Ríos;30028;Federación;NA;2;40729;2026
30;Entre Ríos;30035;Federal;NA;2;15273;2026
30;Entre Ríos;30042;Feliciano;NA;2;8505;2026
30;Entre Ríos;30049;Gualeguay;NA;2;28937;2026
30;Entre Ríos;30056;Gualeguaychú;NA;2;63769;2026
30;Entre Ríos;30063;Islas del Ibicuy;NA;2;7327;2026
30;Entre Ríos;30070;La Paz;NA;2;38201;2026
30;Entre Ríos;30077;Nogoyá;NA;2;21895;2026
30;Entre Ríos;30084;Paraná;NA;2;195215;2026
30;Entre Ríos;30088;San Salvador;NA;2;10738;2026
30;Entre Ríos;30091;Tala;NA;2;15722;2026
30;Entre Ríos;30098;Uruguay;NA;2;58762;2026
30;Entre Ríos;30105;Victoria;NA;2;20731;2026
30;Entre Ríos;30113;Villaguay;NA;2;28494;2026
30;Entre Ríos;30008;Colón;NA;2;38599;2027
30;Entre Ríos;30015;Concordia;NA;2;100810;2027
30;Entre Ríos;30021;Diamante;NA;2;27153;2027
30;Entre Ríos;30028;Federación;NA;2;40803;2027
30;Entre Ríos;30035;Federal;NA;2;15301;2027
30;Entre Ríos;30042;Feliciano;NA;2;8513;2027
30;Entre Ríos;30049;Gualeguay;NA;2;28972;2027
30;Entre Ríos;30056;Gualeguaychú;NA;2;63894;2027
30;Entre Ríos;30063;Islas del Ibicuy;NA;2;7339;2027
30;Entre Ríos;30070;La Paz;NA;2;38259;2027
30;Entre Ríos;30077;Nogoyá;NA;2;21920;2027
30;Entre Ríos;30084;Paraná;NA;2;195599;2027
30;Entre Ríos;30088;San Salvador;NA;2;10766;2027
30;Entre Ríos;30091;Tala;NA;2;15764;2027
30;Entre Ríos;30098;Uruguay;NA;2;58875;2027
30;Entre Ríos;30105;Victoria;NA;2;20768;2027
30;Entre Ríos;30113;Villaguay;NA;2;28546;2027
30;Entre Ríos;30008;Colón;NA;2;38700;2028
30;Entre Ríos;30015;Concordia;NA;2;101008;2028
30;Entre Ríos;30021;Diamante;NA;2;27208;2028
30;Entre Ríos;30028;Federación;NA;2;40874;2028
30;Entre Ríos;30035;Federal;NA;2;15328;2028
30;Entre Ríos;30042;Feliciano;NA;2;8521;2028
30;Entre Ríos;30049;Gualeguay;NA;2;29005;2028
30;Entre Ríos;30056;Gualeguaychú;NA;2;64012;2028
30;Entre Ríos;30063;Islas del Ibicuy;NA;2;7351;2028
30;Entre Ríos;30070;La Paz;NA;2;38314;2028
30;Entre Ríos;30077;Nogoyá;NA;2;21943;2028
30;Entre Ríos;30084;Paraná;NA;2;195964;2028
30;Entre Ríos;30088;San Salvador;NA;2;10793;2028
30;Entre Ríos;30091;Tala;NA;2;15804;2028
30;Entre Ríos;30098;Uruguay;NA;2;58983;2028
30;Entre Ríos;30105;Victoria;NA;2;20803;2028
30;Entre Ríos;30113;Villaguay;NA;2;28596;2028
30;Entre Ríos;30008;Colón;NA;2;38797;2029
30;Entre Ríos;30015;Concordia;NA;2;101198;2029
30;Entre Ríos;30021;Diamante;NA;2;27260;2029
30;Entre Ríos;30028;Federación;NA;2;40942;2029
30;Entre Ríos;30035;Federal;NA;2;15354;2029
30;Entre Ríos;30042;Feliciano;NA;2;8529;2029
30;Entre Ríos;30049;Gualeguay;NA;2;29037;2029
30;Entre Ríos;30056;Gualeguaychú;NA;2;64126;2029
30;Entre Ríos;30063;Islas del Ibicuy;NA;2;7362;2029
30;Entre Ríos;30070;La Paz;NA;2;38367;2029
30;Entre Ríos;30077;Nogoyá;NA;2;21966;2029
30;Entre Ríos;30084;Paraná;NA;2;196314;2029
30;Entre Ríos;30088;San Salvador;NA;2;10819;2029
30;Entre Ríos;30091;Tala;NA;2;15842;2029
30;Entre Ríos;30098;Uruguay;NA;2;59086;2029
30;Entre Ríos;30105;Victoria;NA;2;20836;2029
30;Entre Ríos;30113;Villaguay;NA;2;28644;2029
30;Entre Ríos;30008;Colón;NA;2;38893;2030
30;Entre Ríos;30015;Concordia;NA;2;101385;2030
30;Entre Ríos;30021;Diamante;NA;2;27312;2030
30;Entre Ríos;30028;Federación;NA;2;41009;2030
30;Entre Ríos;30035;Federal;NA;2;15379;2030
30;Entre Ríos;30042;Feliciano;NA;2;8536;2030
30;Entre Ríos;30049;Gualeguay;NA;2;29068;2030
30;Entre Ríos;30056;Gualeguaychú;NA;2;64238;2030
30;Entre Ríos;30063;Islas del Ibicuy;NA;2;7373;2030
30;Entre Ríos;30070;La Paz;NA;2;38419;2030
30;Entre Ríos;30077;Nogoyá;NA;2;21988;2030
30;Entre Ríos;30084;Paraná;NA;2;196659;2030
30;Entre Ríos;30088;San Salvador;NA;2;10844;2030
30;Entre Ríos;30091;Tala;NA;2;15880;2030
30;Entre Ríos;30098;Uruguay;NA;2;59188;2030
30;Entre Ríos;30105;Victoria;NA;2;20868;2030
30;Entre Ríos;30113;Villaguay;NA;2;28691;2030
30;Entre Ríos;30008;Colón;NA;2;38991;2031
30;Entre Ríos;30015;Concordia;NA;2;101578;2031
30;Entre Ríos;30021;Diamante;NA;2;27366;2031
30;Entre Ríos;30028;Federación;NA;2;41077;2031
30;Entre Ríos;30035;Federal;NA;2;15405;2031
30;Entre Ríos;30042;Feliciano;NA;2;8544;2031
30;Entre Ríos;30049;Gualeguay;NA;2;29101;2031
30;Entre Ríos;30056;Gualeguaychú;NA;2;64354;2031
30;Entre Ríos;30063;Islas del Ibicuy;NA;2;7384;2031
30;Entre Ríos;30070;La Paz;NA;2;38472;2031
30;Entre Ríos;30077;Nogoyá;NA;2;22011;2031
30;Entre Ríos;30084;Paraná;NA;2;197014;2031
30;Entre Ríos;30088;San Salvador;NA;2;10870;2031
30;Entre Ríos;30091;Tala;NA;2;15919;2031
30;Entre Ríos;30098;Uruguay;NA;2;59293;2031
30;Entre Ríos;30105;Victoria;NA;2;20902;2031
30;Entre Ríos;30113;Villaguay;NA;2;28739;2031
30;Entre Ríos;30008;Colón;NA;2;39090;2032
30;Entre Ríos;30015;Concordia;NA;2;101772;2032
30;Entre Ríos;30021;Diamante;NA;2;27419;2032
30;Entre Ríos;30028;Federación;NA;2;41146;2032
30;Entre Ríos;30035;Federal;NA;2;15432;2032
30;Entre Ríos;30042;Feliciano;NA;2;8551;2032
30;Entre Ríos;30049;Gualeguay;NA;2;29133;2032
30;Entre Ríos;30056;Gualeguaychú;NA;2;64470;2032
30;Entre Ríos;30063;Islas del Ibicuy;NA;2;7395;2032
30;Entre Ríos;30070;La Paz;NA;2;38526;2032
30;Entre Ríos;30077;Nogoyá;NA;2;22034;2032
30;Entre Ríos;30084;Paraná;NA;2;197371;2032
30;Entre Ríos;30088;San Salvador;NA;2;10896;2032
30;Entre Ríos;30091;Tala;NA;2;15959;2032
30;Entre Ríos;30098;Uruguay;NA;2;59399;2032
30;Entre Ríos;30105;Victoria;NA;2;20936;2032
30;Entre Ríos;30113;Villaguay;NA;2;28788;2032
30;Entre Ríos;30008;Colón;NA;2;39190;2033
30;Entre Ríos;30015;Concordia;NA;2;101968;2033
30;Entre Ríos;30021;Diamante;NA;2;27473;2033
30;Entre Ríos;30028;Federación;NA;2;41217;2033
30;Entre Ríos;30035;Federal;NA;2;15458;2033
30;Entre Ríos;30042;Feliciano;NA;2;8559;2033
30;Entre Ríos;30049;Gualeguay;NA;2;29166;2033
30;Entre Ríos;30056;Gualeguaychú;NA;2;64588;2033
30;Entre Ríos;30063;Islas del Ibicuy;NA;2;7407;2033
30;Entre Ríos;30070;La Paz;NA;2;38581;2033
30;Entre Ríos;30077;Nogoyá;NA;2;22057;2033
30;Entre Ríos;30084;Paraná;NA;2;197734;2033
30;Entre Ríos;30088;San Salvador;NA;2;10923;2033
30;Entre Ríos;30091;Tala;NA;2;15999;2033
30;Entre Ríos;30098;Uruguay;NA;2;59506;2033
30;Entre Ríos;30105;Victoria;NA;2;20971;2033
30;Entre Ríos;30113;Villaguay;NA;2;28838;2033
30;Entre Ríos;30008;Colón;NA;2;39292;2034
30;Entre Ríos;30015;Concordia;NA;2;102166;2034
30;Entre Ríos;30021;Diamante;NA;2;27528;2034
30;Entre Ríos;30028;Federación;NA;2;41287;2034
30;Entre Ríos;30035;Federal;NA;2;15485;2034
30;Entre Ríos;30042;Feliciano;NA;2;8567;2034
30;Entre Ríos;30049;Gualeguay;NA;2;29200;2034
30;Entre Ríos;30056;Gualeguaychú;NA;2;64707;2034
30;Entre Ríos;30063;Islas del Ibicuy;NA;2;7418;2034
30;Entre Ríos;30070;La Paz;NA;2;38636;2034
30;Entre Ríos;30077;Nogoyá;NA;2;22081;2034
30;Entre Ríos;30084;Paraná;NA;2;198099;2034
30;Entre Ríos;30088;San Salvador;NA;2;10950;2034
30;Entre Ríos;30091;Tala;NA;2;16039;2034
30;Entre Ríos;30098;Uruguay;NA;2;59614;2034
30;Entre Ríos;30105;Victoria;NA;2;21005;2034
30;Entre Ríos;30113;Villaguay;NA;2;28887;2034
30;Entre Ríos;30008;Colón;NA;2;39393;2035
30;Entre Ríos;30015;Concordia;NA;2;102366;2035
30;Entre Ríos;30021;Diamante;NA;2;27583;2035
30;Entre Ríos;30028;Federación;NA;2;41358;2035
30;Entre Ríos;30035;Federal;NA;2;15512;2035
30;Entre Ríos;30042;Feliciano;NA;2;8575;2035
30;Entre Ríos;30049;Gualeguay;NA;2;29233;2035
30;Entre Ríos;30056;Gualeguaychú;NA;2;64826;2035
30;Entre Ríos;30063;Islas del Ibicuy;NA;2;7430;2035
30;Entre Ríos;30070;La Paz;NA;2;38691;2035
30;Entre Ríos;30077;Nogoyá;NA;2;22105;2035
30;Entre Ríos;30084;Paraná;NA;2;198466;2035
30;Entre Ríos;30088;San Salvador;NA;2;10977;2035
30;Entre Ríos;30091;Tala;NA;2;16079;2035
30;Entre Ríos;30098;Uruguay;NA;2;59723;2035
30;Entre Ríos;30105;Victoria;NA;2;21040;2035
30;Entre Ríos;30113;Villaguay;NA;2;28937;2035
30;Entre Ríos;30008;Colón;NA;1;38575;2022
30;Entre Ríos;30015;Concordia;NA;1;102516;2022
30;Entre Ríos;30021;Diamante;NA;1;27668;2022
30;Entre Ríos;30028;Federación;NA;1;39575;2022
30;Entre Ríos;30035;Federal;NA;1;15032;2022
30;Entre Ríos;30042;Feliciano;NA;1;8622;2022
30;Entre Ríos;30049;Gualeguay;NA;1;29501;2022
30;Entre Ríos;30056;Gualeguaychú;NA;1;65084;2022
30;Entre Ríos;30063;Islas del Ibicuy;NA;1;6972;2022
30;Entre Ríos;30070;La Paz;NA;1;38754;2022
30;Entre Ríos;30077;Nogoyá;NA;1;22151;2022
30;Entre Ríos;30084;Paraná;NA;1;204727;2022
30;Entre Ríos;30088;San Salvador;NA;1;10601;2022
30;Entre Ríos;30091;Tala;NA;1;16304;2022
30;Entre Ríos;30098;Uruguay;NA;1;60069;2022
30;Entre Ríos;30105;Victoria;NA;1;20781;2022
30;Entre Ríos;30113;Villaguay;NA;1;28494;2022
30;Entre Ríos;30008;Colón;NA;1;38696;2023
30;Entre Ríos;30015;Concordia;NA;1;102762;2023
30;Entre Ríos;30021;Diamante;NA;1;27720;2023
30;Entre Ríos;30028;Federación;NA;1;39650;2023
30;Entre Ríos;30035;Federal;NA;1;15060;2023
30;Entre Ríos;30042;Feliciano;NA;1;8636;2023
30;Entre Ríos;30049;Gualeguay;NA;1;29531;2023
30;Entre Ríos;30056;Gualeguaychú;NA;1;65212;2023
30;Entre Ríos;30063;Islas del Ibicuy;NA;1;6990;2023
30;Entre Ríos;30070;La Paz;NA;1;38810;2023
30;Entre Ríos;30077;Nogoyá;NA;1;22175;2023
30;Entre Ríos;30084;Paraná;NA;1;205118;2023
30;Entre Ríos;30088;San Salvador;NA;1;10632;2023
30;Entre Ríos;30091;Tala;NA;1;16357;2023
30;Entre Ríos;30098;Uruguay;NA;1;60193;2023
30;Entre Ríos;30105;Victoria;NA;1;20814;2023
30;Entre Ríos;30113;Villaguay;NA;1;28538;2023
30;Entre Ríos;30008;Colón;NA;1;38835;2024
30;Entre Ríos;30015;Concordia;NA;1;103044;2024
30;Entre Ríos;30021;Diamante;NA;1;27780;2024
30;Entre Ríos;30028;Federación;NA;1;39736;2024
30;Entre Ríos;30035;Federal;NA;1;15091;2024
30;Entre Ríos;30042;Feliciano;NA;1;8651;2024
30;Entre Ríos;30049;Gualeguay;NA;1;29566;2024
30;Entre Ríos;30056;Gualeguaychú;NA;1;65358;2024
30;Entre Ríos;30063;Islas del Ibicuy;NA;1;7009;2024
30;Entre Ríos;30070;La Paz;NA;1;38875;2024
30;Entre Ríos;30077;Nogoyá;NA;1;22203;2024
30;Entre Ríos;30084;Paraná;NA;1;205565;2024
30;Entre Ríos;30088;San Salvador;NA;1;10666;2024
30;Entre Ríos;30091;Tala;NA;1;16417;2024
30;Entre Ríos;30098;Uruguay;NA;1;60334;2024
30;Entre Ríos;30105;Victoria;NA;1;20852;2024
30;Entre Ríos;30113;Villaguay;NA;1;28589;2024
30;Entre Ríos;30008;Colón;NA;1;38968;2025
30;Entre Ríos;30015;Concordia;NA;1;103313;2025
30;Entre Ríos;30021;Diamante;NA;1;27836;2025
30;Entre Ríos;30028;Federación;NA;1;39817;2025
30;Entre Ríos;30035;Federal;NA;1;15121;2025
30;Entre Ríos;30042;Feliciano;NA;1;8666;2025
30;Entre Ríos;30049;Gualeguay;NA;1;29599;2025
30;Entre Ríos;30056;Gualeguaychú;NA;1;65497;2025
30;Entre Ríos;30063;Islas del Ibicuy;NA;1;7028;2025
30;Entre Ríos;30070;La Paz;NA;1;38936;2025
30;Entre Ríos;30077;Nogoyá;NA;1;22230;2025
30;Entre Ríos;30084;Paraná;NA;1;205991;2025
30;Entre Ríos;30088;San Salvador;NA;1;10700;2025
30;Entre Ríos;30091;Tala;NA;1;16475;2025
30;Entre Ríos;30098;Uruguay;NA;1;60470;2025
30;Entre Ríos;30105;Victoria;NA;1;20888;2025
30;Entre Ríos;30113;Villaguay;NA;1;28637;2025
30;Entre Ríos;30008;Colón;NA;1;39091;2026
30;Entre Ríos;30015;Concordia;NA;1;103563;2026
30;Entre Ríos;30021;Diamante;NA;1;27890;2026
30;Entre Ríos;30028;Federación;NA;1;39894;2026
30;Entre Ríos;30035;Federal;NA;1;15150;2026
30;Entre Ríos;30042;Feliciano;NA;1;8680;2026
30;Entre Ríos;30049;Gualeguay;NA;1;29629;2026
30;Entre Ríos;30056;Gualeguaychú;NA;1;65627;2026
30;Entre Ríos;30063;Islas del Ibicuy;NA;1;7046;2026
30;Entre Ríos;30070;La Paz;NA;1;38993;2026
30;Entre Ríos;30077;Nogoyá;NA;1;22255;2026
30;Entre Ríos;30084;Paraná;NA;1;206388;2026
30;Entre Ríos;30088;San Salvador;NA;1;10731;2026
30;Entre Ríos;30091;Tala;NA;1;16529;2026
30;Entre Ríos;30098;Uruguay;NA;1;60596;2026
30;Entre Ríos;30105;Victoria;NA;1;20921;2026
30;Entre Ríos;30113;Villaguay;NA;1;28682;2026
30;Entre Ríos;30008;Colón;NA;1;39203;2027
30;Entre Ríos;30015;Concordia;NA;1;103791;2027
30;Entre Ríos;30021;Diamante;NA;1;27938;2027
30;Entre Ríos;30028;Federación;NA;1;39963;2027
30;Entre Ríos;30035;Federal;NA;1;15175;2027
30;Entre Ríos;30042;Feliciano;NA;1;8693;2027
30;Entre Ríos;30049;Gualeguay;NA;1;29657;2027
30;Entre Ríos;30056;Gualeguaychú;NA;1;65745;2027
30;Entre Ríos;30063;Islas del Ibicuy;NA;1;7062;2027
30;Entre Ríos;30070;La Paz;NA;1;39046;2027
30;Entre Ríos;30077;Nogoyá;NA;1;22278;2027
30;Entre Ríos;30084;Paraná;NA;1;206750;2027
30;Entre Ríos;30088;San Salvador;NA;1;10759;2027
30;Entre Ríos;30091;Tala;NA;1;16578;2027
30;Entre Ríos;30098;Uruguay;NA;1;60710;2027
30;Entre Ríos;30105;Victoria;NA;1;20952;2027
30;Entre Ríos;30113;Villaguay;NA;1;28722;2027
30;Entre Ríos;30008;Colón;NA;1;39308;2028
30;Entre Ríos;30015;Concordia;NA;1;104004;2028
30;Entre Ríos;30021;Diamante;NA;1;27983;2028
30;Entre Ríos;30028;Federación;NA;1;40027;2028
30;Entre Ríos;30035;Federal;NA;1;15199;2028
30;Entre Ríos;30042;Feliciano;NA;1;8705;2028
30;Entre Ríos;30049;Gualeguay;NA;1;29683;2028
30;Entre Ríos;30056;Gualeguaychú;NA;1;65855;2028
30;Entre Ríos;30063;Islas del Ibicuy;NA;1;7077;2028
30;Entre Ríos;30070;La Paz;NA;1;39094;2028
30;Entre Ríos;30077;Nogoyá;NA;1;22299;2028
30;Entre Ríos;30084;Paraná;NA;1;207087;2028
30;Entre Ríos;30088;San Salvador;NA;1;10785;2028
30;Entre Ríos;30091;Tala;NA;1;16624;2028
30;Entre Ríos;30098;Uruguay;NA;1;60817;2028
30;Entre Ríos;30105;Victoria;NA;1;20981;2028
30;Entre Ríos;30113;Villaguay;NA;1;28761;2028
30;Entre Ríos;30008;Colón;NA;1;39407;2029
30;Entre Ríos;30015;Concordia;NA;1;104204;2029
30;Entre Ríos;30021;Diamante;NA;1;28025;2029
30;Entre Ríos;30028;Federación;NA;1;40088;2029
30;Entre Ríos;30035;Federal;NA;1;15221;2029
30;Entre Ríos;30042;Feliciano;NA;1;8716;2029
30;Entre Ríos;30049;Gualeguay;NA;1;29708;2029
30;Entre Ríos;30056;Gualeguaychú;NA;1;65959;2029
30;Entre Ríos;30063;Islas del Ibicuy;NA;1;7092;2029
30;Entre Ríos;30070;La Paz;NA;1;39140;2029
30;Entre Ríos;30077;Nogoyá;NA;1;22318;2029
30;Entre Ríos;30084;Paraná;NA;1;207404;2029
30;Entre Ríos;30088;San Salvador;NA;1;10810;2029
30;Entre Ríos;30091;Tala;NA;1;16667;2029
30;Entre Ríos;30098;Uruguay;NA;1;60918;2029
30;Entre Ríos;30105;Victoria;NA;1;21007;2029
30;Entre Ríos;30113;Villaguay;NA;1;28796;2029
30;Entre Ríos;30008;Colón;NA;1;39502;2030
30;Entre Ríos;30015;Concordia;NA;1;104397;2030
30;Entre Ríos;30021;Diamante;NA;1;28066;2030
30;Entre Ríos;30028;Federación;NA;1;40147;2030
30;Entre Ríos;30035;Federal;NA;1;15243;2030
30;Entre Ríos;30042;Feliciano;NA;1;8726;2030
30;Entre Ríos;30049;Gualeguay;NA;1;29732;2030
30;Entre Ríos;30056;Gualeguaychú;NA;1;66058;2030
30;Entre Ríos;30063;Islas del Ibicuy;NA;1;7105;2030
30;Entre Ríos;30070;La Paz;NA;1;39184;2030
30;Entre Ríos;30077;Nogoyá;NA;1;22338;2030
30;Entre Ríos;30084;Paraná;NA;1;207710;2030
30;Entre Ríos;30088;San Salvador;NA;1;10834;2030
30;Entre Ríos;30091;Tala;NA;1;16708;2030
30;Entre Ríos;30098;Uruguay;NA;1;61015;2030
30;Entre Ríos;30105;Victoria;NA;1;21033;2030
30;Entre Ríos;30113;Villaguay;NA;1;28831;2030
30;Entre Ríos;30008;Colón;NA;1;39599;2031
30;Entre Ríos;30015;Concordia;NA;1;104593;2031
30;Entre Ríos;30021;Diamante;NA;1;28107;2031
30;Entre Ríos;30028;Federación;NA;1;40207;2031
30;Entre Ríos;30035;Federal;NA;1;15265;2031
30;Entre Ríos;30042;Feliciano;NA;1;8737;2031
30;Entre Ríos;30049;Gualeguay;NA;1;29756;2031
30;Entre Ríos;30056;Gualeguaychú;NA;1;66160;2031
30;Entre Ríos;30063;Islas del Ibicuy;NA;1;7119;2031
30;Entre Ríos;30070;La Paz;NA;1;39229;2031
30;Entre Ríos;30077;Nogoyá;NA;1;22357;2031
30;Entre Ríos;30084;Paraná;NA;1;208022;2031
30;Entre Ríos;30088;San Salvador;NA;1;10858;2031
30;Entre Ríos;30091;Tala;NA;1;16751;2031
30;Entre Ríos;30098;Uruguay;NA;1;61113;2031
30;Entre Ríos;30105;Victoria;NA;1;21060;2031
30;Entre Ríos;30113;Villaguay;NA;1;28866;2031
30;Entre Ríos;30008;Colón;NA;1;39694;2032
30;Entre Ríos;30015;Concordia;NA;1;104788;2032
30;Entre Ríos;30021;Diamante;NA;1;28149;2032
30;Entre Ríos;30028;Federación;NA;1;40266;2032
30;Entre Ríos;30035;Federal;NA;1;15287;2032
30;Entre Ríos;30042;Feliciano;NA;1;8748;2032
30;Entre Ríos;30049;Gualeguay;NA;1;29780;2032
30;Entre Ríos;30056;Gualeguaychú;NA;1;66261;2032
30;Entre Ríos;30063;Islas del Ibicuy;NA;1;7133;2032
30;Entre Ríos;30070;La Paz;NA;1;39273;2032
30;Entre Ríos;30077;Nogoyá;NA;1;22376;2032
30;Entre Ríos;30084;Paraná;NA;1;208331;2032
30;Entre Ríos;30088;San Salvador;NA;1;10882;2032
30;Entre Ríos;30091;Tala;NA;1;16793;2032
30;Entre Ríos;30098;Uruguay;NA;1;61211;2032
30;Entre Ríos;30105;Victoria;NA;1;21086;2032
30;Entre Ríos;30113;Villaguay;NA;1;28901;2032
30;Entre Ríos;30008;Colón;NA;1;39792;2033
30;Entre Ríos;30015;Concordia;NA;1;104985;2033
30;Entre Ríos;30021;Diamante;NA;1;28190;2033
30;Entre Ríos;30028;Federación;NA;1;40326;2033
30;Entre Ríos;30035;Federal;NA;1;15309;2033
30;Entre Ríos;30042;Feliciano;NA;1;8759;2033
30;Entre Ríos;30049;Gualeguay;NA;1;29804;2033
30;Entre Ríos;30056;Gualeguaychú;NA;1;66363;2033
30;Entre Ríos;30063;Islas del Ibicuy;NA;1;7147;2033
30;Entre Ríos;30070;La Paz;NA;1;39318;2033
30;Entre Ríos;30077;Nogoyá;NA;1;22396;2033
30;Entre Ríos;30084;Paraná;NA;1;208644;2033
30;Entre Ríos;30088;San Salvador;NA;1;10907;2033
30;Entre Ríos;30091;Tala;NA;1;16835;2033
30;Entre Ríos;30098;Uruguay;NA;1;61310;2033
30;Entre Ríos;30105;Victoria;NA;1;21112;2033
30;Entre Ríos;30113;Villaguay;NA;1;28936;2033
30;Entre Ríos;30008;Colón;NA;1;39887;2034
30;Entre Ríos;30015;Concordia;NA;1;105178;2034
30;Entre Ríos;30021;Diamante;NA;1;28231;2034
30;Entre Ríos;30028;Federación;NA;1;40385;2034
30;Entre Ríos;30035;Federal;NA;1;15331;2034
30;Entre Ríos;30042;Feliciano;NA;1;8770;2034
30;Entre Ríos;30049;Gualeguay;NA;1;29828;2034
30;Entre Ríos;30056;Gualeguaychú;NA;1;66464;2034
30;Entre Ríos;30063;Islas del Ibicuy;NA;1;7161;2034
30;Entre Ríos;30070;La Paz;NA;1;39363;2034
30;Entre Ríos;30077;Nogoyá;NA;1;22415;2034
30;Entre Ríos;30084;Paraná;NA;1;208951;2034
30;Entre Ríos;30088;San Salvador;NA;1;10930;2034
30;Entre Ríos;30091;Tala;NA;1;16877;2034
30;Entre Ríos;30098;Uruguay;NA;1;61408;2034
30;Entre Ríos;30105;Victoria;NA;1;21138;2034
30;Entre Ríos;30113;Villaguay;NA;1;28971;2034
30;Entre Ríos;30008;Colón;NA;1;39983;2035
30;Entre Ríos;30015;Concordia;NA;1;105373;2035
30;Entre Ríos;30021;Diamante;NA;1;28272;2035
30;Entre Ríos;30028;Federación;NA;1;40444;2035
30;Entre Ríos;30035;Federal;NA;1;15353;2035
30;Entre Ríos;30042;Feliciano;NA;1;8781;2035
30;Entre Ríos;30049;Gualeguay;NA;1;29851;2035
30;Entre Ríos;30056;Gualeguaychú;NA;1;66564;2035
30;Entre Ríos;30063;Islas del Ibicuy;NA;1;7175;2035
30;Entre Ríos;30070;La Paz;NA;1;39407;2035
30;Entre Ríos;30077;Nogoyá;NA;1;22435;2035
30;Entre Ríos;30084;Paraná;NA;1;209260;2035
30;Entre Ríos;30088;San Salvador;NA;1;10955;2035
30;Entre Ríos;30091;Tala;NA;1;16918;2035
30;Entre Ríos;30098;Uruguay;NA;1;61506;2035
30;Entre Ríos;30105;Victoria;NA;1;21164;2035
30;Entre Ríos;30113;Villaguay;NA;1;29006;2035
34;Formosa;34007;Bermejo;NA;2;8255;2022
34;Formosa;34014;Formosa;NA;2;131861;2022
34;Formosa;34021;Laishi;NA;2;9828;2022
34;Formosa;34028;Matacos;NA;2;8576;2022
34;Formosa;34035;Patiño;NA;2;41917;2022
34;Formosa;34042;Pilagás;NA;2;9731;2022
34;Formosa;34049;Pilcomayo;NA;2;46874;2022
34;Formosa;34056;Pirané;NA;2;36597;2022
34;Formosa;34063;Ramón Lista;NA;2;9032;2022
34;Formosa;34007;Bermejo;NA;2;8261;2023
34;Formosa;34014;Formosa;NA;2;132197;2023
34;Formosa;34021;Laishi;NA;2;9842;2023
34;Formosa;34028;Matacos;NA;2;8605;2023
34;Formosa;34035;Patiño;NA;2;42048;2023
34;Formosa;34042;Pilagás;NA;2;9718;2023
34;Formosa;34049;Pilcomayo;NA;2;46939;2023
34;Formosa;34056;Pirané;NA;2;36655;2023
34;Formosa;34063;Ramón Lista;NA;2;9079;2023
34;Formosa;34007;Bermejo;NA;2;8270;2024
34;Formosa;34014;Formosa;NA;2;132678;2024
34;Formosa;34021;Laishi;NA;2;9861;2024
34;Formosa;34028;Matacos;NA;2;8647;2024
34;Formosa;34035;Patiño;NA;2;42236;2024
34;Formosa;34042;Pilagás;NA;2;9698;2024
34;Formosa;34049;Pilcomayo;NA;2;47032;2024
34;Formosa;34056;Pirané;NA;2;36738;2024
34;Formosa;34063;Ramón Lista;NA;2;9146;2024
34;Formosa;34007;Bermejo;NA;2;8281;2025
34;Formosa;34014;Formosa;NA;2;133226;2025
34;Formosa;34021;Laishi;NA;2;9883;2025
34;Formosa;34028;Matacos;NA;2;8694;2025
34;Formosa;34035;Patiño;NA;2;42450;2025
34;Formosa;34042;Pilagás;NA;2;9676;2025
34;Formosa;34049;Pilcomayo;NA;2;47139;2025
34;Formosa;34056;Pirané;NA;2;36833;2025
34;Formosa;34063;Ramón Lista;NA;2;9223;2025
34;Formosa;34007;Bermejo;NA;2;8291;2026
34;Formosa;34014;Formosa;NA;2;133788;2026
34;Formosa;34021;Laishi;NA;2;9905;2026
34;Formosa;34028;Matacos;NA;2;8743;2026
34;Formosa;34035;Patiño;NA;2;42670;2026
34;Formosa;34042;Pilagás;NA;2;9653;2026
34;Formosa;34049;Pilcomayo;NA;2;47248;2026
34;Formosa;34056;Pirané;NA;2;36930;2026
34;Formosa;34063;Ramón Lista;NA;2;9302;2026
34;Formosa;34007;Bermejo;NA;2;8302;2027
34;Formosa;34014;Formosa;NA;2;134347;2027
34;Formosa;34021;Laishi;NA;2;9927;2027
34;Formosa;34028;Matacos;NA;2;8791;2027
34;Formosa;34035;Patiño;NA;2;42888;2027
34;Formosa;34042;Pilagás;NA;2;9630;2027
34;Formosa;34049;Pilcomayo;NA;2;47357;2027
34;Formosa;34056;Pirané;NA;2;37027;2027
34;Formosa;34063;Ramón Lista;NA;2;9380;2027
34;Formosa;34007;Bermejo;NA;2;8312;2028
34;Formosa;34014;Formosa;NA;2;134906;2028
34;Formosa;34021;Laishi;NA;2;9950;2028
34;Formosa;34028;Matacos;NA;2;8839;2028
34;Formosa;34035;Patiño;NA;2;43107;2028
34;Formosa;34042;Pilagás;NA;2;9607;2028
34;Formosa;34049;Pilcomayo;NA;2;47466;2028
34;Formosa;34056;Pirané;NA;2;37124;2028
34;Formosa;34063;Ramón Lista;NA;2;9459;2028
34;Formosa;34007;Bermejo;NA;2;8323;2029
34;Formosa;34014;Formosa;NA;2;135458;2029
34;Formosa;34021;Laishi;NA;2;9972;2029
34;Formosa;34028;Matacos;NA;2;8887;2029
34;Formosa;34035;Patiño;NA;2;43322;2029
34;Formosa;34042;Pilagás;NA;2;9585;2029
34;Formosa;34049;Pilcomayo;NA;2;47573;2029
34;Formosa;34056;Pirané;NA;2;37219;2029
34;Formosa;34063;Ramón Lista;NA;2;9536;2029
34;Formosa;34007;Bermejo;NA;2;8333;2030
34;Formosa;34014;Formosa;NA;2;135992;2030
34;Formosa;34021;Laishi;NA;2;9993;2030
34;Formosa;34028;Matacos;NA;2;8933;2030
34;Formosa;34035;Patiño;NA;2;43531;2030
34;Formosa;34042;Pilagás;NA;2;9563;2030
34;Formosa;34049;Pilcomayo;NA;2;47677;2030
34;Formosa;34056;Pirané;NA;2;37311;2030
34;Formosa;34063;Ramón Lista;NA;2;9611;2030
34;Formosa;34007;Bermejo;NA;2;8343;2031
34;Formosa;34014;Formosa;NA;2;136512;2031
34;Formosa;34021;Laishi;NA;2;10013;2031
34;Formosa;34028;Matacos;NA;2;8978;2031
34;Formosa;34035;Patiño;NA;2;43735;2031
34;Formosa;34042;Pilagás;NA;2;9542;2031
34;Formosa;34049;Pilcomayo;NA;2;47778;2031
34;Formosa;34056;Pirané;NA;2;37402;2031
34;Formosa;34063;Ramón Lista;NA;2;9684;2031
34;Formosa;34007;Bermejo;NA;2;8352;2032
34;Formosa;34014;Formosa;NA;2;137026;2032
34;Formosa;34021;Laishi;NA;2;10034;2032
34;Formosa;34028;Matacos;NA;2;9023;2032
34;Formosa;34035;Patiño;NA;2;43936;2032
34;Formosa;34042;Pilagás;NA;2;9521;2032
34;Formosa;34049;Pilcomayo;NA;2;47878;2032
34;Formosa;34056;Pirané;NA;2;37491;2032
34;Formosa;34063;Ramón Lista;NA;2;9756;2032
34;Formosa;34007;Bermejo;NA;2;8362;2033
34;Formosa;34014;Formosa;NA;2;137523;2033
34;Formosa;34021;Laishi;NA;2;10054;2033
34;Formosa;34028;Matacos;NA;2;9066;2033
34;Formosa;34035;Patiño;NA;2;44130;2033
34;Formosa;34042;Pilagás;NA;2;9500;2033
34;Formosa;34049;Pilcomayo;NA;2;47974;2033
34;Formosa;34056;Pirané;NA;2;37577;2033
34;Formosa;34063;Ramón Lista;NA;2;9825;2033
34;Formosa;34007;Bermejo;NA;2;8371;2034
34;Formosa;34014;Formosa;NA;2;138006;2034
34;Formosa;34021;Laishi;NA;2;10073;2034
34;Formosa;34028;Matacos;NA;2;9108;2034
34;Formosa;34035;Patiño;NA;2;44318;2034
34;Formosa;34042;Pilagás;NA;2;9481;2034
34;Formosa;34049;Pilcomayo;NA;2;48068;2034
34;Formosa;34056;Pirané;NA;2;37660;2034
34;Formosa;34063;Ramón Lista;NA;2;9893;2034
34;Formosa;34007;Bermejo;NA;2;8380;2035
34;Formosa;34014;Formosa;NA;2;138468;2035
34;Formosa;34021;Laishi;NA;2;10091;2035
34;Formosa;34028;Matacos;NA;2;9147;2035
34;Formosa;34035;Patiño;NA;2;44499;2035
34;Formosa;34042;Pilagás;NA;2;9462;2035
34;Formosa;34049;Pilcomayo;NA;2;48158;2035
34;Formosa;34056;Pirané;NA;2;37740;2035
34;Formosa;34063;Ramón Lista;NA;2;9958;2035
34;Formosa;34007;Bermejo;NA;1;7724;2022
34;Formosa;34014;Formosa;NA;1;143543;2022
34;Formosa;34021;Laishi;NA;1;9890;2022
34;Formosa;34028;Matacos;NA;1;8822;2022
34;Formosa;34035;Patiño;NA;1;41661;2022
34;Formosa;34042;Pilagás;NA;1;9796;2022
34;Formosa;34049;Pilcomayo;NA;1;49543;2022
34;Formosa;34056;Pirané;NA;1;37774;2022
34;Formosa;34063;Ramón Lista;NA;1;9078;2022
34;Formosa;34007;Bermejo;NA;1;7755;2023
34;Formosa;34014;Formosa;NA;1;144098;2023
34;Formosa;34021;Laishi;NA;1;9930;2023
34;Formosa;34028;Matacos;NA;1;8865;2023
34;Formosa;34035;Patiño;NA;1;41883;2023
34;Formosa;34042;Pilagás;NA;1;9811;2023
34;Formosa;34049;Pilcomayo;NA;1;49686;2023
34;Formosa;34056;Pirané;NA;1;37908;2023
34;Formosa;34063;Ramón Lista;NA;1;9148;2023
34;Formosa;34007;Bermejo;NA;1;7781;2024
34;Formosa;34014;Formosa;NA;1;144573;2024
34;Formosa;34021;Laishi;NA;1;9964;2024
34;Formosa;34028;Matacos;NA;1;8901;2024
34;Formosa;34035;Patiño;NA;1;42074;2024
34;Formosa;34042;Pilagás;NA;1;9825;2024
34;Formosa;34049;Pilcomayo;NA;1;49808;2024
34;Formosa;34056;Pirané;NA;1;38022;2024
34;Formosa;34063;Ramón Lista;NA;1;9207;2024
34;Formosa;34007;Bermejo;NA;1;7808;2025
34;Formosa;34014;Formosa;NA;1;145055;2025
34;Formosa;34021;Laishi;NA;1;9999;2025
34;Formosa;34028;Matacos;NA;1;8938;2025
34;Formosa;34035;Patiño;NA;1;42268;2025
34;Formosa;34042;Pilagás;NA;1;9839;2025
34;Formosa;34049;Pilcomayo;NA;1;49933;2025
34;Formosa;34056;Pirané;NA;1;38137;2025
34;Formosa;34063;Ramón Lista;NA;1;9267;2025
34;Formosa;34007;Bermejo;NA;1;7834;2026
34;Formosa;34014;Formosa;NA;1;145543;2026
34;Formosa;34021;Laishi;NA;1;10035;2026
34;Formosa;34028;Matacos;NA;1;8975;2026
34;Formosa;34035;Patiño;NA;1;42464;2026
34;Formosa;34042;Pilagás;NA;1;9853;2026
34;Formosa;34049;Pilcomayo;NA;1;50059;2026
34;Formosa;34056;Pirané;NA;1;38255;2026
34;Formosa;34063;Ramón Lista;NA;1;9328;2026
34;Formosa;34007;Bermejo;NA;1;7861;2027
34;Formosa;34014;Formosa;NA;1;146035;2027
34;Formosa;34021;Laishi;NA;1;10071;2027
34;Formosa;34028;Matacos;NA;1;9012;2027
34;Formosa;34035;Patiño;NA;1;42661;2027
34;Formosa;34042;Pilagás;NA;1;9867;2027
34;Formosa;34049;Pilcomayo;NA;1;50186;2027
34;Formosa;34056;Pirané;NA;1;38373;2027
34;Formosa;34063;Ramón Lista;NA;1;9390;2027
34;Formosa;34007;Bermejo;NA;1;7888;2028
34;Formosa;34014;Formosa;NA;1;146516;2028
34;Formosa;34021;Laishi;NA;1;10105;2028
34;Formosa;34028;Matacos;NA;1;9049;2028
34;Formosa;34035;Patiño;NA;1;42855;2028
34;Formosa;34042;Pilagás;NA;1;9881;2028
34;Formosa;34049;Pilcomayo;NA;1;50310;2028
34;Formosa;34056;Pirané;NA;1;38488;2028
34;Formosa;34063;Ramón Lista;NA;1;9450;2028
34;Formosa;34007;Bermejo;NA;1;7914;2029
34;Formosa;34014;Formosa;NA;1;146986;2029
34;Formosa;34021;Laishi;NA;1;10139;2029
34;Formosa;34028;Matacos;NA;1;9085;2029
34;Formosa;34035;Patiño;NA;1;43043;2029
34;Formosa;34042;Pilagás;NA;1;9894;2029
34;Formosa;34049;Pilcomayo;NA;1;50431;2029
34;Formosa;34056;Pirané;NA;1;38601;2029
34;Formosa;34063;Ramón Lista;NA;1;9509;2029
34;Formosa;34007;Bermejo;NA;1;7938;2030
34;Formosa;34014;Formosa;NA;1;147438;2030
34;Formosa;34021;Laishi;NA;1;10172;2030
34;Formosa;34028;Matacos;NA;1;9119;2030
34;Formosa;34035;Patiño;NA;1;43225;2030
34;Formosa;34042;Pilagás;NA;1;9908;2030
34;Formosa;34049;Pilcomayo;NA;1;50547;2030
34;Formosa;34056;Pirané;NA;1;38710;2030
34;Formosa;34063;Ramón Lista;NA;1;9565;2030
34;Formosa;34007;Bermejo;NA;1;7962;2031
34;Formosa;34014;Formosa;NA;1;147878;2031
34;Formosa;34021;Laishi;NA;1;10204;2031
34;Formosa;34028;Matacos;NA;1;9153;2031
34;Formosa;34035;Patiño;NA;1;43401;2031
34;Formosa;34042;Pilagás;NA;1;9920;2031
34;Formosa;34049;Pilcomayo;NA;1;50661;2031
34;Formosa;34056;Pirané;NA;1;38815;2031
34;Formosa;34063;Ramón Lista;NA;1;9620;2031
34;Formosa;34007;Bermejo;NA;1;7986;2032
34;Formosa;34014;Formosa;NA;1;148302;2032
34;Formosa;34021;Laishi;NA;1;10235;2032
34;Formosa;34028;Matacos;NA;1;9185;2032
34;Formosa;34035;Patiño;NA;1;43571;2032
34;Formosa;34042;Pilagás;NA;1;9932;2032
34;Formosa;34049;Pilcomayo;NA;1;50770;2032
34;Formosa;34056;Pirané;NA;1;38917;2032
34;Formosa;34063;Ramón Lista;NA;1;9673;2032
34;Formosa;34007;Bermejo;NA;1;8008;2033
34;Formosa;34014;Formosa;NA;1;148708;2033
34;Formosa;34021;Laishi;NA;1;10264;2033
34;Formosa;34028;Matacos;NA;1;9216;2033
34;Formosa;34035;Patiño;NA;1;43735;2033
34;Formosa;34042;Pilagás;NA;1;9944;2033
34;Formosa;34049;Pilcomayo;NA;1;50875;2033
34;Formosa;34056;Pirané;NA;1;39015;2033
34;Formosa;34063;Ramón Lista;NA;1;9724;2033
34;Formosa;34007;Bermejo;NA;1;8029;2034
34;Formosa;34014;Formosa;NA;1;149096;2034
34;Formosa;34021;Laishi;NA;1;10293;2034
34;Formosa;34028;Matacos;NA;1;9246;2034
34;Formosa;34035;Patiño;NA;1;43890;2034
34;Formosa;34042;Pilagás;NA;1;9955;2034
34;Formosa;34049;Pilcomayo;NA;1;50975;2034
34;Formosa;34056;Pirané;NA;1;39108;2034
34;Formosa;34063;Ramón Lista;NA;1;9772;2034
34;Formosa;34007;Bermejo;NA;1;8050;2035
34;Formosa;34014;Formosa;NA;1;149465;2035
34;Formosa;34021;Laishi;NA;1;10319;2035
34;Formosa;34028;Matacos;NA;1;9274;2035
34;Formosa;34035;Patiño;NA;1;44038;2035
34;Formosa;34042;Pilagás;NA;1;9966;2035
34;Formosa;34049;Pilcomayo;NA;1;51070;2035
34;Formosa;34056;Pirané;NA;1;39196;2035
34;Formosa;34063;Ramón Lista;NA;1;9818;2035
38;Jujuy;38007;Cochinoca;NA;2;7141;2022
38;Jujuy;38021;Dr. Manuel Belgrano;NA;2;153446;2022
38;Jujuy;38014;El Carmen;NA;2;60189;2022
38;Jujuy;38028;Humahuaca;NA;2;9934;2022
38;Jujuy;38035;Ledesma;NA;2;46575;2022
38;Jujuy;38042;Palpalá;NA;2;32011;2022
38;Jujuy;38049;Rinconada;NA;2;907;2022
38;Jujuy;38056;San Antonio;NA;2;3373;2022
38;Jujuy;38063;San Pedro;NA;2;43046;2022
38;Jujuy;38070;Santa Bárbara;NA;2;10430;2022
38;Jujuy;38077;Santa Catalina;NA;2;1263;2022
38;Jujuy;38084;Susques;NA;2;2061;2022
38;Jujuy;38094;Tilcara;NA;2;7125;2022
38;Jujuy;38098;Tumbaya;NA;2;2622;2022
38;Jujuy;38105;Valle Grande;NA;2;1257;2022
38;Jujuy;38112;Yavi;NA;2;12144;2022
38;Jujuy;38007;Cochinoca;NA;2;7153;2023
38;Jujuy;38021;Dr. Manuel Belgrano;NA;2;153731;2023
38;Jujuy;38014;El Carmen;NA;2;60323;2023
38;Jujuy;38028;Humahuaca;NA;2;9949;2023
38;Jujuy;38035;Ledesma;NA;2;46620;2023
38;Jujuy;38042;Palpalá;NA;2;32083;2023
38;Jujuy;38049;Rinconada;NA;2;897;2023
38;Jujuy;38056;San Antonio;NA;2;3389;2023
38;Jujuy;38063;San Pedro;NA;2;43102;2023
38;Jujuy;38070;Santa Bárbara;NA;2;10439;2023
38;Jujuy;38077;Santa Catalina;NA;2;1259;2023
38;Jujuy;38084;Susques;NA;2;2061;2023
38;Jujuy;38094;Tilcara;NA;2;7136;2023
38;Jujuy;38098;Tumbaya;NA;2;2625;2023
38;Jujuy;38105;Valle Grande;NA;2;1255;2023
38;Jujuy;38112;Yavi;NA;2;12172;2023
38;Jujuy;38007;Cochinoca;NA;2;7168;2024
38;Jujuy;38021;Dr. Manuel Belgrano;NA;2;154089;2024
38;Jujuy;38014;El Carmen;NA;2;60491;2024
38;Jujuy;38028;Humahuaca;NA;2;9967;2024
38;Jujuy;38035;Ledesma;NA;2;46677;2024
38;Jujuy;38042;Palpalá;NA;2;32173;2024
38;Jujuy;38049;Rinconada;NA;2;884;2024
38;Jujuy;38056;San Antonio;NA;2;3410;2024
38;Jujuy;38063;San Pedro;NA;2;43173;2024
38;Jujuy;38070;Santa Bárbara;NA;2;10451;2024
38;Jujuy;38077;Santa Catalina;NA;2;1254;2024
38;Jujuy;38084;Susques;NA;2;2062;2024
38;Jujuy;38094;Tilcara;NA;2;7148;2024
38;Jujuy;38098;Tumbaya;NA;2;2627;2024
38;Jujuy;38105;Valle Grande;NA;2;1253;2024
38;Jujuy;38112;Yavi;NA;2;12208;2024
38;Jujuy;38007;Cochinoca;NA;2;7185;2025
38;Jujuy;38021;Dr. Manuel Belgrano;NA;2;154499;2025
38;Jujuy;38014;El Carmen;NA;2;60684;2025
38;Jujuy;38028;Humahuaca;NA;2;9988;2025
38;Jujuy;38035;Ledesma;NA;2;46742;2025
38;Jujuy;38042;Palpalá;NA;2;32275;2025
38;Jujuy;38049;Rinconada;NA;2;870;2025
38;Jujuy;38056;San Antonio;NA;2;3433;2025
38;Jujuy;38063;San Pedro;NA;2;43253;2025
38;Jujuy;38070;Santa Bárbara;NA;2;10464;2025
38;Jujuy;38077;Santa Catalina;NA;2;1249;2025
38;Jujuy;38084;Susques;NA;2;2062;2025
38;Jujuy;38094;Tilcara;NA;2;7163;2025
38;Jujuy;38098;Tumbaya;NA;2;2631;2025
38;Jujuy;38105;Valle Grande;NA;2;1251;2025
38;Jujuy;38112;Yavi;NA;2;12249;2025
38;Jujuy;38007;Cochinoca;NA;2;7203;2026
38;Jujuy;38021;Dr. Manuel Belgrano;NA;2;154940;2026
38;Jujuy;38014;El Carmen;NA;2;60891;2026
38;Jujuy;38028;Humahuaca;NA;2;10010;2026
38;Jujuy;38035;Ledesma;NA;2;46813;2026
38;Jujuy;38042;Palpalá;NA;2;32386;2026
38;Jujuy;38049;Rinconada;NA;2;854;2026
38;Jujuy;38056;San Antonio;NA;2;3458;2026
38;Jujuy;38063;San Pedro;NA;2;43340;2026
38;Jujuy;38070;Santa Bárbara;NA;2;10479;2026
38;Jujuy;38077;Santa Catalina;NA;2;1242;2026
38;Jujuy;38084;Susques;NA;2;2063;2026
38;Jujuy;38094;Tilcara;NA;2;7179;2026
38;Jujuy;38098;Tumbaya;NA;2;2634;2026
38;Jujuy;38105;Valle Grande;NA;2;1249;2026
38;Jujuy;38112;Yavi;NA;2;12293;2026
38;Jujuy;38007;Cochinoca;NA;2;7222;2027
38;Jujuy;38021;Dr. Manuel Belgrano;NA;2;155388;2027
38;Jujuy;38014;El Carmen;NA;2;61101;2027
38;Jujuy;38028;Humahuaca;NA;2;10033;2027
38;Jujuy;38035;Ledesma;NA;2;46884;2027
38;Jujuy;38042;Palpalá;NA;2;32499;2027
38;Jujuy;38049;Rinconada;NA;2;839;2027
38;Jujuy;38056;San Antonio;NA;2;3483;2027
38;Jujuy;38063;San Pedro;NA;2;43429;2027
38;Jujuy;38070;Santa Bárbara;NA;2;10493;2027
38;Jujuy;38077;Santa Catalina;NA;2;1236;2027
38;Jujuy;38084;Susques;NA;2;2063;2027
38;Jujuy;38094;Tilcara;NA;2;7195;2027
38;Jujuy;38098;Tumbaya;NA;2;2638;2027
38;Jujuy;38105;Valle Grande;NA;2;1246;2027
38;Jujuy;38112;Yavi;NA;2;12337;2027
38;Jujuy;38007;Cochinoca;NA;2;7240;2028
38;Jujuy;38021;Dr. Manuel Belgrano;NA;2;155834;2028
38;Jujuy;38014;El Carmen;NA;2;61311;2028
38;Jujuy;38028;Humahuaca;NA;2;10056;2028
38;Jujuy;38035;Ledesma;NA;2;46955;2028
38;Jujuy;38042;Palpalá;NA;2;32610;2028
38;Jujuy;38049;Rinconada;NA;2;823;2028
38;Jujuy;38056;San Antonio;NA;2;3508;2028
38;Jujuy;38063;San Pedro;NA;2;43516;2028
38;Jujuy;38070;Santa Bárbara;NA;2;10508;2028
38;Jujuy;38077;Santa Catalina;NA;2;1230;2028
38;Jujuy;38084;Susques;NA;2;2064;2028
38;Jujuy;38094;Tilcara;NA;2;7211;2028
38;Jujuy;38098;Tumbaya;NA;2;2642;2028
38;Jujuy;38105;Valle Grande;NA;2;1244;2028
38;Jujuy;38112;Yavi;NA;2;12382;2028
38;Jujuy;38007;Cochinoca;NA;2;7259;2029
38;Jujuy;38021;Dr. Manuel Belgrano;NA;2;156280;2029
38;Jujuy;38014;El Carmen;NA;2;61521;2029
38;Jujuy;38028;Humahuaca;NA;2;10079;2029
38;Jujuy;38035;Ledesma;NA;2;47026;2029
38;Jujuy;38042;Palpalá;NA;2;32723;2029
38;Jujuy;38049;Rinconada;NA;2;807;2029
38;Jujuy;38056;San Antonio;NA;2;3533;2029
38;Jujuy;38063;San Pedro;NA;2;43605;2029
38;Jujuy;38070;Santa Bárbara;NA;2;10523;2029
38;Jujuy;38077;Santa Catalina;NA;2;1224;2029
38;Jujuy;38084;Susques;NA;2;2064;2029
38;Jujuy;38094;Tilcara;NA;2;7227;2029
38;Jujuy;38098;Tumbaya;NA;2;2646;2029
38;Jujuy;38105;Valle Grande;NA;2;1241;2029
38;Jujuy;38112;Yavi;NA;2;12426;2029
38;Jujuy;38007;Cochinoca;NA;2;7277;2030
38;Jujuy;38021;Dr. Manuel Belgrano;NA;2;156727;2030
38;Jujuy;38014;El Carmen;NA;2;61731;2030
38;Jujuy;38028;Humahuaca;NA;2;10102;2030
38;Jujuy;38035;Ledesma;NA;2;47097;2030
38;Jujuy;38042;Palpalá;NA;2;32835;2030
38;Jujuy;38049;Rinconada;NA;2;792;2030
38;Jujuy;38056;San Antonio;NA;2;3559;2030
38;Jujuy;38063;San Pedro;NA;2;43693;2030
38;Jujuy;38070;Santa Bárbara;NA;2;10537;2030
38;Jujuy;38077;Santa Catalina;NA;2;1218;2030
38;Jujuy;38084;Susques;NA;2;2064;2030
38;Jujuy;38094;Tilcara;NA;2;7243;2030
38;Jujuy;38098;Tumbaya;NA;2;2649;2030
38;Jujuy;38105;Valle Grande;NA;2;1239;2030
38;Jujuy;38112;Yavi;NA;2;12471;2030
38;Jujuy;38007;Cochinoca;NA;2;7296;2031
38;Jujuy;38021;Dr. Manuel Belgrano;NA;2;157182;2031
38;Jujuy;38014;El Carmen;NA;2;61945;2031
38;Jujuy;38028;Humahuaca;NA;2;10125;2031
38;Jujuy;38035;Ledesma;NA;2;47169;2031
38;Jujuy;38042;Palpalá;NA;2;32949;2031
38;Jujuy;38049;Rinconada;NA;2;776;2031
38;Jujuy;38056;San Antonio;NA;2;3584;2031
38;Jujuy;38063;San Pedro;NA;2;43782;2031
38;Jujuy;38070;Santa Bárbara;NA;2;10552;2031
38;Jujuy;38077;Santa Catalina;NA;2;1212;2031
38;Jujuy;38084;Susques;NA;2;2065;2031
38;Jujuy;38094;Tilcara;NA;2;7260;2031
38;Jujuy;38098;Tumbaya;NA;2;2653;2031
38;Jujuy;38105;Valle Grande;NA;2;1236;2031
38;Jujuy;38112;Yavi;NA;2;12516;2031
38;Jujuy;38007;Cochinoca;NA;2;7315;2032
38;Jujuy;38021;Dr. Manuel Belgrano;NA;2;157646;2032
38;Jujuy;38014;El Carmen;NA;2;62164;2032
38;Jujuy;38028;Humahuaca;NA;2;10148;2032
38;Jujuy;38035;Ledesma;NA;2;47243;2032
38;Jujuy;38042;Palpalá;NA;2;33065;2032
38;Jujuy;38049;Rinconada;NA;2;759;2032
38;Jujuy;38056;San Antonio;NA;2;3611;2032
38;Jujuy;38063;San Pedro;NA;2;43874;2032
38;Jujuy;38070;Santa Bárbara;NA;2;10568;2032
38;Jujuy;38077;Santa Catalina;NA;2;1205;2032
38;Jujuy;38084;Susques;NA;2;2065;2032
38;Jujuy;38094;Tilcara;NA;2;7277;2032
38;Jujuy;38098;Tumbaya;NA;2;2657;2032
38;Jujuy;38105;Valle Grande;NA;2;1234;2032
38;Jujuy;38112;Yavi;NA;2;12563;2032
38;Jujuy;38007;Cochinoca;NA;2;7334;2033
38;Jujuy;38021;Dr. Manuel Belgrano;NA;2;158115;2033
38;Jujuy;38014;El Carmen;NA;2;62384;2033
38;Jujuy;38028;Humahuaca;NA;2;10172;2033
38;Jujuy;38035;Ledesma;NA;2;47318;2033
38;Jujuy;38042;Palpalá;NA;2;33183;2033
38;Jujuy;38049;Rinconada;NA;2;743;2033
38;Jujuy;38056;San Antonio;NA;2;3637;2033
38;Jujuy;38063;San Pedro;NA;2;43966;2033
38;Jujuy;38070;Santa Bárbara;NA;2;10583;2033
38;Jujuy;38077;Santa Catalina;NA;2;1199;2033
38;Jujuy;38084;Susques;NA;2;2066;2033
38;Jujuy;38094;Tilcara;NA;2;7293;2033
38;Jujuy;38098;Tumbaya;NA;2;2661;2033
38;Jujuy;38105;Valle Grande;NA;2;1231;2033
38;Jujuy;38112;Yavi;NA;2;12609;2033
38;Jujuy;38007;Cochinoca;NA;2;7354;2034
38;Jujuy;38021;Dr. Manuel Belgrano;NA;2;158579;2034
38;Jujuy;38014;El Carmen;NA;2;62602;2034
38;Jujuy;38028;Humahuaca;NA;2;10196;2034
38;Jujuy;38035;Ledesma;NA;2;47392;2034
38;Jujuy;38042;Palpalá;NA;2;33299;2034
38;Jujuy;38049;Rinconada;NA;2;727;2034
38;Jujuy;38056;San Antonio;NA;2;3663;2034
38;Jujuy;38063;San Pedro;NA;2;44058;2034
38;Jujuy;38070;Santa Bárbara;NA;2;10599;2034
38;Jujuy;38077;Santa Catalina;NA;2;1192;2034
38;Jujuy;38084;Susques;NA;2;2066;2034
38;Jujuy;38094;Tilcara;NA;2;7310;2034
38;Jujuy;38098;Tumbaya;NA;2;2665;2034
38;Jujuy;38105;Valle Grande;NA;2;1228;2034
38;Jujuy;38112;Yavi;NA;2;12656;2034
38;Jujuy;38007;Cochinoca;NA;2;7373;2035
38;Jujuy;38021;Dr. Manuel Belgrano;NA;2;159047;2035
38;Jujuy;38014;El Carmen;NA;2;62822;2035
38;Jujuy;38028;Humahuaca;NA;2;10220;2035
38;Jujuy;38035;Ledesma;NA;2;47466;2035
38;Jujuy;38042;Palpalá;NA;2;33417;2035
38;Jujuy;38049;Rinconada;NA;2;710;2035
38;Jujuy;38056;San Antonio;NA;2;3690;2035
38;Jujuy;38063;San Pedro;NA;2;44150;2035
38;Jujuy;38070;Santa Bárbara;NA;2;10614;2035
38;Jujuy;38077;Santa Catalina;NA;2;1186;2035
38;Jujuy;38084;Susques;NA;2;2067;2035
38;Jujuy;38094;Tilcara;NA;2;7327;2035
38;Jujuy;38098;Tumbaya;NA;2;2668;2035
38;Jujuy;38105;Valle Grande;NA;2;1226;2035
38;Jujuy;38112;Yavi;NA;2;12702;2035
38;Jujuy;38007;Cochinoca;NA;1;7607;2022
38;Jujuy;38021;Dr. Manuel Belgrano;NA;1;160989;2022
38;Jujuy;38014;El Carmen;NA;1;59774;2022
38;Jujuy;38028;Humahuaca;NA;1;10555;2022
38;Jujuy;38035;Ledesma;NA;1;45834;2022
38;Jujuy;38042;Palpalá;NA;1;32234;2022
38;Jujuy;38049;Rinconada;NA;1;860;2022
38;Jujuy;38056;San Antonio;NA;1;3226;2022
38;Jujuy;38063;San Pedro;NA;1;43448;2022
38;Jujuy;38070;Santa Bárbara;NA;1;9681;2022
38;Jujuy;38077;Santa Catalina;NA;1;1330;2022
38;Jujuy;38084;Susques;NA;1;1958;2022
38;Jujuy;38094;Tilcara;NA;1;7302;2022
38;Jujuy;38098;Tumbaya;NA;1;2652;2022
38;Jujuy;38105;Valle Grande;NA;1;1204;2022
38;Jujuy;38112;Yavi;NA;1;13194;2022
38;Jujuy;38007;Cochinoca;NA;1;7619;2023
38;Jujuy;38021;Dr. Manuel Belgrano;NA;1;161315;2023
38;Jujuy;38014;El Carmen;NA;1;59958;2023
38;Jujuy;38028;Humahuaca;NA;1;10578;2023
38;Jujuy;38035;Ledesma;NA;1;45890;2023
38;Jujuy;38042;Palpalá;NA;1;32317;2023
38;Jujuy;38049;Rinconada;NA;1;855;2023
38;Jujuy;38056;San Antonio;NA;1;3245;2023
38;Jujuy;38063;San Pedro;NA;1;43516;2023
38;Jujuy;38070;Santa Bárbara;NA;1;9694;2023
38;Jujuy;38077;Santa Catalina;NA;1;1326;2023
38;Jujuy;38084;Susques;NA;1;1958;2023
38;Jujuy;38094;Tilcara;NA;1;7317;2023
38;Jujuy;38098;Tumbaya;NA;1;2656;2023
38;Jujuy;38105;Valle Grande;NA;1;1202;2023
38;Jujuy;38112;Yavi;NA;1;13226;2023
38;Jujuy;38007;Cochinoca;NA;1;7633;2024
38;Jujuy;38021;Dr. Manuel Belgrano;NA;1;161698;2024
38;Jujuy;38014;El Carmen;NA;1;60173;2024
38;Jujuy;38028;Humahuaca;NA;1;10606;2024
38;Jujuy;38035;Ledesma;NA;1;45955;2024
38;Jujuy;38042;Palpalá;NA;1;32414;2024
38;Jujuy;38049;Rinconada;NA;1;848;2024
38;Jujuy;38056;San Antonio;NA;1;3266;2024
38;Jujuy;38063;San Pedro;NA;1;43596;2024
38;Jujuy;38070;Santa Bárbara;NA;1;9710;2024
38;Jujuy;38077;Santa Catalina;NA;1;1322;2024
38;Jujuy;38084;Susques;NA;1;1957;2024
38;Jujuy;38094;Tilcara;NA;1;7335;2024
38;Jujuy;38098;Tumbaya;NA;1;2660;2024
38;Jujuy;38105;Valle Grande;NA;1;1201;2024
38;Jujuy;38112;Yavi;NA;1;13264;2024
38;Jujuy;38007;Cochinoca;NA;1;7649;2025
38;Jujuy;38021;Dr. Manuel Belgrano;NA;1;162138;2025
38;Jujuy;38014;El Carmen;NA;1;60419;2025
38;Jujuy;38028;Humahuaca;NA;1;10637;2025
38;Jujuy;38035;Ledesma;NA;1;46029;2025
38;Jujuy;38042;Palpalá;NA;1;32526;2025
38;Jujuy;38049;Rinconada;NA;1;840;2025
38;Jujuy;38056;San Antonio;NA;1;3291;2025
38;Jujuy;38063;San Pedro;NA;1;43688;2025
38;Jujuy;38070;Santa Bárbara;NA;1;9728;2025
38;Jujuy;38077;Santa Catalina;NA;1;1318;2025
38;Jujuy;38084;Susques;NA;1;1956;2025
38;Jujuy;38094;Tilcara;NA;1;7355;2025
38;Jujuy;38098;Tumbaya;NA;1;2665;2025
38;Jujuy;38105;Valle Grande;NA;1;1200;2025
38;Jujuy;38112;Yavi;NA;1;13307;2025
38;Jujuy;38007;Cochinoca;NA;1;7666;2026
38;Jujuy;38021;Dr. Manuel Belgrano;NA;1;162590;2026
38;Jujuy;38014;El Carmen;NA;1;60673;2026
38;Jujuy;38028;Humahuaca;NA;1;10669;2026
38;Jujuy;38035;Ledesma;NA;1;46106;2026
38;Jujuy;38042;Palpalá;NA;1;32641;2026
38;Jujuy;38049;Rinconada;NA;1;832;2026
38;Jujuy;38056;San Antonio;NA;1;3317;2026
38;Jujuy;38063;San Pedro;NA;1;43782;2026
38;Jujuy;38070;Santa Bárbara;NA;1;9748;2026
38;Jujuy;38077;Santa Catalina;NA;1;1313;2026
38;Jujuy;38084;Susques;NA;1;1955;2026
38;Jujuy;38094;Tilcara;NA;1;7376;2026
38;Jujuy;38098;Tumbaya;NA;1;2670;2026
38;Jujuy;38105;Valle Grande;NA;1;1198;2026
38;Jujuy;38112;Yavi;NA;1;13352;2026
38;Jujuy;38007;Cochinoca;NA;1;7682;2027
38;Jujuy;38021;Dr. Manuel Belgrano;NA;1;163042;2027
38;Jujuy;38014;El Carmen;NA;1;60927;2027
38;Jujuy;38028;Humahuaca;NA;1;10701;2027
38;Jujuy;38035;Ledesma;NA;1;46183;2027
38;Jujuy;38042;Palpalá;NA;1;32756;2027
38;Jujuy;38049;Rinconada;NA;1;824;2027
38;Jujuy;38056;San Antonio;NA;1;3342;2027
38;Jujuy;38063;San Pedro;NA;1;43876;2027
38;Jujuy;38070;Santa Bárbara;NA;1;9767;2027
38;Jujuy;38077;Santa Catalina;NA;1;1308;2027
38;Jujuy;38084;Susques;NA;1;1955;2027
38;Jujuy;38094;Tilcara;NA;1;7396;2027
38;Jujuy;38098;Tumbaya;NA;1;2675;2027
38;Jujuy;38105;Valle Grande;NA;1;1197;2027
38;Jujuy;38112;Yavi;NA;1;13397;2027
38;Jujuy;38007;Cochinoca;NA;1;7699;2028
38;Jujuy;38021;Dr. Manuel Belgrano;NA;1;163491;2028
38;Jujuy;38014;El Carmen;NA;1;61179;2028
38;Jujuy;38028;Humahuaca;NA;1;10733;2028
38;Jujuy;38035;Ledesma;NA;1;46259;2028
38;Jujuy;38042;Palpalá;NA;1;32870;2028
38;Jujuy;38049;Rinconada;NA;1;816;2028
38;Jujuy;38056;San Antonio;NA;1;3367;2028
38;Jujuy;38063;San Pedro;NA;1;43970;2028
38;Jujuy;38070;Santa Bárbara;NA;1;9785;2028
38;Jujuy;38077;Santa Catalina;NA;1;1304;2028
38;Jujuy;38084;Susques;NA;1;1954;2028
38;Jujuy;38094;Tilcara;NA;1;7417;2028
38;Jujuy;38098;Tumbaya;NA;1;2679;2028
38;Jujuy;38105;Valle Grande;NA;1;1195;2028
38;Jujuy;38112;Yavi;NA;1;13441;2028
38;Jujuy;38007;Cochinoca;NA;1;7715;2029
38;Jujuy;38021;Dr. Manuel Belgrano;NA;1;163933;2029
38;Jujuy;38014;El Carmen;NA;1;61426;2029
38;Jujuy;38028;Humahuaca;NA;1;10764;2029
38;Jujuy;38035;Ledesma;NA;1;46334;2029
38;Jujuy;38042;Palpalá;NA;1;32982;2029
38;Jujuy;38049;Rinconada;NA;1;809;2029
38;Jujuy;38056;San Antonio;NA;1;3392;2029
38;Jujuy;38063;San Pedro;NA;1;44062;2029
38;Jujuy;38070;Santa Bárbara;NA;1;9804;2029
38;Jujuy;38077;Santa Catalina;NA;1;1299;2029
38;Jujuy;38084;Susques;NA;1;1953;2029
38;Jujuy;38094;Tilcara;NA;1;7437;2029
38;Jujuy;38098;Tumbaya;NA;1;2684;2029
38;Jujuy;38105;Valle Grande;NA;1;1194;2029
38;Jujuy;38112;Yavi;NA;1;13485;2029
38;Jujuy;38007;Cochinoca;NA;1;7731;2030
38;Jujuy;38021;Dr. Manuel Belgrano;NA;1;164369;2030
38;Jujuy;38014;El Carmen;NA;1;61671;2030
38;Jujuy;38028;Humahuaca;NA;1;10795;2030
38;Jujuy;38035;Ledesma;NA;1;46408;2030
38;Jujuy;38042;Palpalá;NA;1;33093;2030
38;Jujuy;38049;Rinconada;NA;1;801;2030
38;Jujuy;38056;San Antonio;NA;1;3417;2030
38;Jujuy;38063;San Pedro;NA;1;44153;2030
38;Jujuy;38070;Santa Bárbara;NA;1;9822;2030
38;Jujuy;38077;Santa Catalina;NA;1;1295;2030
38;Jujuy;38084;Susques;NA;1;1952;2030
38;Jujuy;38094;Tilcara;NA;1;7458;2030
38;Jujuy;38098;Tumbaya;NA;1;2689;2030
38;Jujuy;38105;Valle Grande;NA;1;1192;2030
38;Jujuy;38112;Yavi;NA;1;13528;2030
38;Jujuy;38007;Cochinoca;NA;1;7747;2031
38;Jujuy;38021;Dr. Manuel Belgrano;NA;1;164811;2031
38;Jujuy;38014;El Carmen;NA;1;61920;2031
38;Jujuy;38028;Humahuaca;NA;1;10827;2031
38;Jujuy;38035;Ledesma;NA;1;46483;2031
38;Jujuy;38042;Palpalá;NA;1;33205;2031
38;Jujuy;38049;Rinconada;NA;1;793;2031
38;Jujuy;38056;San Antonio;NA;1;3442;2031
38;Jujuy;38063;San Pedro;NA;1;44245;2031
38;Jujuy;38070;Santa Bárbara;NA;1;9841;2031
38;Jujuy;38077;Santa Catalina;NA;1;1290;2031
38;Jujuy;38084;Susques;NA;1;1951;2031
38;Jujuy;38094;Tilcara;NA;1;7478;2031
38;Jujuy;38098;Tumbaya;NA;1;2694;2031
38;Jujuy;38105;Valle Grande;NA;1;1191;2031
38;Jujuy;38112;Yavi;NA;1;13572;2031
38;Jujuy;38007;Cochinoca;NA;1;7763;2032
38;Jujuy;38021;Dr. Manuel Belgrano;NA;1;165257;2032
38;Jujuy;38014;El Carmen;NA;1;62170;2032
38;Jujuy;38028;Humahuaca;NA;1;10858;2032
38;Jujuy;38035;Ledesma;NA;1;46559;2032
38;Jujuy;38042;Palpalá;NA;1;33319;2032
38;Jujuy;38049;Rinconada;NA;1;785;2032
38;Jujuy;38056;San Antonio;NA;1;3467;2032
38;Jujuy;38063;San Pedro;NA;1;44338;2032
38;Jujuy;38070;Santa Bárbara;NA;1;9860;2032
38;Jujuy;38077;Santa Catalina;NA;1;1286;2032
38;Jujuy;38084;Susques;NA;1;1951;2032
38;Jujuy;38094;Tilcara;NA;1;7498;2032
38;Jujuy;38098;Tumbaya;NA;1;2699;2032
38;Jujuy;38105;Valle Grande;NA;1;1189;2032
38;Jujuy;38112;Yavi;NA;1;13616;2032
38;Jujuy;38007;Cochinoca;NA;1;7780;2033
38;Jujuy;38021;Dr. Manuel Belgrano;NA;1;165700;2033
38;Jujuy;38014;El Carmen;NA;1;62418;2033
38;Jujuy;38028;Humahuaca;NA;1;10890;2033
38;Jujuy;38035;Ledesma;NA;1;46634;2033
38;Jujuy;38042;Palpalá;NA;1;33431;2033
38;Jujuy;38049;Rinconada;NA;1;777;2033
38;Jujuy;38056;San Antonio;NA;1;3492;2033
38;Jujuy;38063;San Pedro;NA;1;44431;2033
38;Jujuy;38070;Santa Bárbara;NA;1;9878;2033
38;Jujuy;38077;Santa Catalina;NA;1;1281;2033
38;Jujuy;38084;Susques;NA;1;1950;2033
38;Jujuy;38094;Tilcara;NA;1;7519;2033
38;Jujuy;38098;Tumbaya;NA;1;2703;2033
38;Jujuy;38105;Valle Grande;NA;1;1188;2033
38;Jujuy;38112;Yavi;NA;1;13660;2033
38;Jujuy;38007;Cochinoca;NA;1;7796;2034
38;Jujuy;38021;Dr. Manuel Belgrano;NA;1;166140;2034
38;Jujuy;38014;El Carmen;NA;1;62665;2034
38;Jujuy;38028;Humahuaca;NA;1;10921;2034
38;Jujuy;38035;Ledesma;NA;1;46708;2034
38;Jujuy;38042;Palpalá;NA;1;33543;2034
38;Jujuy;38049;Rinconada;NA;1;770;2034
38;Jujuy;38056;San Antonio;NA;1;3517;2034
38;Jujuy;38063;San Pedro;NA;1;44522;2034
38;Jujuy;38070;Santa Bárbara;NA;1;9897;2034
38;Jujuy;38077;Santa Catalina;NA;1;1277;2034
38;Jujuy;38084;Susques;NA;1;1949;2034
38;Jujuy;38094;Tilcara;NA;1;7539;2034
38;Jujuy;38098;Tumbaya;NA;1;2708;2034
38;Jujuy;38105;Valle Grande;NA;1;1186;2034
38;Jujuy;38112;Yavi;NA;1;13703;2034
38;Jujuy;38007;Cochinoca;NA;1;7812;2035
38;Jujuy;38021;Dr. Manuel Belgrano;NA;1;166573;2035
38;Jujuy;38014;El Carmen;NA;1;62908;2035
38;Jujuy;38028;Humahuaca;NA;1;10952;2035
38;Jujuy;38035;Ledesma;NA;1;46782;2035
38;Jujuy;38042;Palpalá;NA;1;33653;2035
38;Jujuy;38049;Rinconada;NA;1;762;2035
38;Jujuy;38056;San Antonio;NA;1;3541;2035
38;Jujuy;38063;San Pedro;NA;1;44613;2035
38;Jujuy;38070;Santa Bárbara;NA;1;9915;2035
38;Jujuy;38077;Santa Catalina;NA;1;1272;2035
38;Jujuy;38084;Susques;NA;1;1948;2035
38;Jujuy;38094;Tilcara;NA;1;7559;2035
38;Jujuy;38098;Tumbaya;NA;1;2713;2035
38;Jujuy;38105;Valle Grande;NA;1;1185;2035
38;Jujuy;38112;Yavi;NA;1;13746;2035
46;La Rioja;46007;Arauco;NA;2;8521;2022
46;La Rioja;46014;Capital;NA;2;108316;2022
46;La Rioja;46021;Castro Barros;NA;2;3021;2022
46;La Rioja;46035;Chamical;NA;2;8113;2022
46;La Rioja;46042;Chilecito;NA;2;30524;2022
46;La Rioja;46028;General Felipe Varela;NA;2;6090;2022
46;La Rioja;46049;Famatina;NA;2;3748;2022
46;La Rioja;46056;Ángel Vicente Peñaloza;NA;2;1690;2022
46;La Rioja;46063;General Belgrano;NA;2;3959;2022
46;La Rioja;46070;General Juan Facundo Quiroga;NA;2;2221;2022
46;La Rioja;46077;General Lamadrid;NA;2;971;2022
46;La Rioja;46084;General Ortiz de Ocampo;NA;2;3935;2022
46;La Rioja;46091;General San Martín;NA;2;2674;2022
46;La Rioja;46105;Independencia;NA;2;1284;2022
46;La Rioja;46112;Rosario Vera Peñaloza;NA;2;8231;2022
46;La Rioja;46119;San Blas de los Sauces;NA;2;2253;2022
46;La Rioja;46126;Sanagasta;NA;2;1588;2022
46;La Rioja;46098;Vinchina;NA;2;1477;2022
46;La Rioja;46007;Arauco;NA;2;8529;2023
46;La Rioja;46014;Capital;NA;2;108769;2023
46;La Rioja;46021;Castro Barros;NA;2;3044;2023
46;La Rioja;46035;Chamical;NA;2;8132;2023
46;La Rioja;46042;Chilecito;NA;2;30667;2023
46;La Rioja;46028;General Felipe Varela;NA;2;6118;2023
46;La Rioja;46049;Famatina;NA;2;3765;2023
46;La Rioja;46056;Ángel Vicente Peñaloza;NA;2;1688;2023
46;La Rioja;46063;General Belgrano;NA;2;3959;2023
46;La Rioja;46070;General Juan Facundo Quiroga;NA;2;2218;2023
46;La Rioja;46077;General Lamadrid;NA;2;972;2023
46;La Rioja;46084;General Ortiz de Ocampo;NA;2;3935;2023
46;La Rioja;46091;General San Martín;NA;2;2673;2023
46;La Rioja;46105;Independencia;NA;2;1282;2023
46;La Rioja;46112;Rosario Vera Peñaloza;NA;2;8255;2023
46;La Rioja;46119;San Blas de los Sauces;NA;2;2259;2023
46;La Rioja;46126;Sanagasta;NA;2;1599;2023
46;La Rioja;46098;Vinchina;NA;2;1475;2023
46;La Rioja;46007;Arauco;NA;2;8537;2024
46;La Rioja;46014;Capital;NA;2;109274;2024
46;La Rioja;46021;Castro Barros;NA;2;3069;2024
46;La Rioja;46035;Chamical;NA;2;8153;2024
46;La Rioja;46042;Chilecito;NA;2;30826;2024
46;La Rioja;46028;General Felipe Varela;NA;2;6149;2024
46;La Rioja;46049;Famatina;NA;2;3785;2024
46;La Rioja;46056;Ángel Vicente Peñaloza;NA;2;1686;2024
46;La Rioja;46063;General Belgrano;NA;2;3959;2024
46;La Rioja;46070;General Juan Facundo Quiroga;NA;2;2214;2024
46;La Rioja;46077;General Lamadrid;NA;2;974;2024
46;La Rioja;46084;General Ortiz de Ocampo;NA;2;3935;2024
46;La Rioja;46091;General San Martín;NA;2;2673;2024
46;La Rioja;46105;Independencia;NA;2;1281;2024
46;La Rioja;46112;Rosario Vera Peñaloza;NA;2;8283;2024
46;La Rioja;46119;San Blas de los Sauces;NA;2;2265;2024
46;La Rioja;46126;Sanagasta;NA;2;1611;2024
46;La Rioja;46098;Vinchina;NA;2;1472;2024
46;La Rioja;46007;Arauco;NA;2;8546;2025
46;La Rioja;46014;Capital;NA;2;109775;2025
46;La Rioja;46021;Castro Barros;NA;2;3094;2025
46;La Rioja;46035;Chamical;NA;2;8174;2025
46;La Rioja;46042;Chilecito;NA;2;30984;2025
46;La Rioja;46028;General Felipe Varela;NA;2;6180;2025
46;La Rioja;46049;Famatina;NA;2;3804;2025
46;La Rioja;46056;Ángel Vicente Peñaloza;NA;2;1684;2025
46;La Rioja;46063;General Belgrano;NA;2;3959;2025
46;La Rioja;46070;General Juan Facundo Quiroga;NA;2;2210;2025
46;La Rioja;46077;General Lamadrid;NA;2;976;2025
46;La Rioja;46084;General Ortiz de Ocampo;NA;2;3934;2025
46;La Rioja;46091;General San Martín;NA;2;2673;2025
46;La Rioja;46105;Independencia;NA;2;1279;2025
46;La Rioja;46112;Rosario Vera Peñaloza;NA;2;8309;2025
46;La Rioja;46119;San Blas de los Sauces;NA;2;2271;2025
46;La Rioja;46126;Sanagasta;NA;2;1623;2025
46;La Rioja;46098;Vinchina;NA;2;1470;2025
46;La Rioja;46007;Arauco;NA;2;8554;2026
46;La Rioja;46014;Capital;NA;2;110259;2026
46;La Rioja;46021;Castro Barros;NA;2;3119;2026
46;La Rioja;46035;Chamical;NA;2;8193;2026
46;La Rioja;46042;Chilecito;NA;2;31137;2026
46;La Rioja;46028;General Felipe Varela;NA;2;6210;2026
46;La Rioja;46049;Famatina;NA;2;3823;2026
46;La Rioja;46056;Ángel Vicente Peñaloza;NA;2;1682;2026
46;La Rioja;46063;General Belgrano;NA;2;3958;2026
46;La Rioja;46070;General Juan Facundo Quiroga;NA;2;2206;2026
46;La Rioja;46077;General Lamadrid;NA;2;977;2026
46;La Rioja;46084;General Ortiz de Ocampo;NA;2;3934;2026
46;La Rioja;46091;General San Martín;NA;2;2672;2026
46;La Rioja;46105;Independencia;NA;2;1278;2026
46;La Rioja;46112;Rosario Vera Peñaloza;NA;2;8335;2026
46;La Rioja;46119;San Blas de los Sauces;NA;2;2277;2026
46;La Rioja;46126;Sanagasta;NA;2;1635;2026
46;La Rioja;46098;Vinchina;NA;2;1468;2026
46;La Rioja;46007;Arauco;NA;2;8562;2027
46;La Rioja;46014;Capital;NA;2;110713;2027
46;La Rioja;46021;Castro Barros;NA;2;3141;2027
46;La Rioja;46035;Chamical;NA;2;8212;2027
46;La Rioja;46042;Chilecito;NA;2;31281;2027
46;La Rioja;46028;General Felipe Varela;NA;2;6239;2027
46;La Rioja;46049;Famatina;NA;2;3841;2027
46;La Rioja;46056;Ángel Vicente Peñaloza;NA;2;1680;2027
46;La Rioja;46063;General Belgrano;NA;2;3959;2027
46;La Rioja;46070;General Juan Facundo Quiroga;NA;2;2202;2027
46;La Rioja;46077;General Lamadrid;NA;2;978;2027
46;La Rioja;46084;General Ortiz de Ocampo;NA;2;3933;2027
46;La Rioja;46091;General San Martín;NA;2;2672;2027
46;La Rioja;46105;Independencia;NA;2;1276;2027
46;La Rioja;46112;Rosario Vera Peñaloza;NA;2;8359;2027
46;La Rioja;46119;San Blas de los Sauces;NA;2;2283;2027
46;La Rioja;46126;Sanagasta;NA;2;1646;2027
46;La Rioja;46098;Vinchina;NA;2;1466;2027
46;La Rioja;46007;Arauco;NA;2;8570;2028
46;La Rioja;46014;Capital;NA;2;111160;2028
46;La Rioja;46021;Castro Barros;NA;2;3164;2028
46;La Rioja;46035;Chamical;NA;2;8231;2028
46;La Rioja;46042;Chilecito;NA;2;31421;2028
46;La Rioja;46028;General Felipe Varela;NA;2;6266;2028
46;La Rioja;46049;Famatina;NA;2;3858;2028
46;La Rioja;46056;Ángel Vicente Peñaloza;NA;2;1678;2028
46;La Rioja;46063;General Belgrano;NA;2;3958;2028
46;La Rioja;46070;General Juan Facundo Quiroga;NA;2;2199;2028
46;La Rioja;46077;General Lamadrid;NA;2;980;2028
46;La Rioja;46084;General Ortiz de Ocampo;NA;2;3933;2028
46;La Rioja;46091;General San Martín;NA;2;2672;2028
46;La Rioja;46105;Independencia;NA;2;1275;2028
46;La Rioja;46112;Rosario Vera Peñaloza;NA;2;8383;2028
46;La Rioja;46119;San Blas de los Sauces;NA;2;2289;2028
46;La Rioja;46126;Sanagasta;NA;2;1656;2028
46;La Rioja;46098;Vinchina;NA;2;1463;2028
46;La Rioja;46007;Arauco;NA;2;8577;2029
46;La Rioja;46014;Capital;NA;2;111583;2029
46;La Rioja;46021;Castro Barros;NA;2;3185;2029
46;La Rioja;46035;Chamical;NA;2;8248;2029
46;La Rioja;46042;Chilecito;NA;2;31555;2029
46;La Rioja;46028;General Felipe Varela;NA;2;6292;2029
46;La Rioja;46049;Famatina;NA;2;3874;2029
46;La Rioja;46056;Ángel Vicente Peñaloza;NA;2;1676;2029
46;La Rioja;46063;General Belgrano;NA;2;3958;2029
46;La Rioja;46070;General Juan Facundo Quiroga;NA;2;2195;2029
46;La Rioja;46077;General Lamadrid;NA;2;981;2029
46;La Rioja;46084;General Ortiz de Ocampo;NA;2;3933;2029
46;La Rioja;46091;General San Martín;NA;2;2671;2029
46;La Rioja;46105;Independencia;NA;2;1274;2029
46;La Rioja;46112;Rosario Vera Peñaloza;NA;2;8406;2029
46;La Rioja;46119;San Blas de los Sauces;NA;2;2294;2029
46;La Rioja;46126;Sanagasta;NA;2;1667;2029
46;La Rioja;46098;Vinchina;NA;2;1462;2029
46;La Rioja;46007;Arauco;NA;2;8584;2030
46;La Rioja;46014;Capital;NA;2;112002;2030
46;La Rioja;46021;Castro Barros;NA;2;3206;2030
46;La Rioja;46035;Chamical;NA;2;8265;2030
46;La Rioja;46042;Chilecito;NA;2;31687;2030
46;La Rioja;46028;General Felipe Varela;NA;2;6319;2030
46;La Rioja;46049;Famatina;NA;2;3890;2030
46;La Rioja;46056;Ángel Vicente Peñaloza;NA;2;1675;2030
46;La Rioja;46063;General Belgrano;NA;2;3958;2030
46;La Rioja;46070;General Juan Facundo Quiroga;NA;2;2192;2030
46;La Rioja;46077;General Lamadrid;NA;2;982;2030
46;La Rioja;46084;General Ortiz de Ocampo;NA;2;3932;2030
46;La Rioja;46091;General San Martín;NA;2;2671;2030
46;La Rioja;46105;Independencia;NA;2;1272;2030
46;La Rioja;46112;Rosario Vera Peñaloza;NA;2;8428;2030
46;La Rioja;46119;San Blas de los Sauces;NA;2;2299;2030
46;La Rioja;46126;Sanagasta;NA;2;1677;2030
46;La Rioja;46098;Vinchina;NA;2;1460;2030
46;La Rioja;46007;Arauco;NA;2;8591;2031
46;La Rioja;46014;Capital;NA;2;112414;2031
46;La Rioja;46021;Castro Barros;NA;2;3227;2031
46;La Rioja;46035;Chamical;NA;2;8282;2031
46;La Rioja;46042;Chilecito;NA;2;31817;2031
46;La Rioja;46028;General Felipe Varela;NA;2;6344;2031
46;La Rioja;46049;Famatina;NA;2;3906;2031
46;La Rioja;46056;Ángel Vicente Peñaloza;NA;2;1673;2031
46;La Rioja;46063;General Belgrano;NA;2;3958;2031
46;La Rioja;46070;General Juan Facundo Quiroga;NA;2;2189;2031
46;La Rioja;46077;General Lamadrid;NA;2;984;2031
46;La Rioja;46084;General Ortiz de Ocampo;NA;2;3932;2031
46;La Rioja;46091;General San Martín;NA;2;2671;2031
46;La Rioja;46105;Independencia;NA;2;1271;2031
46;La Rioja;46112;Rosario Vera Peñaloza;NA;2;8450;2031
46;La Rioja;46119;San Blas de los Sauces;NA;2;2304;2031
46;La Rioja;46126;Sanagasta;NA;2;1686;2031
46;La Rioja;46098;Vinchina;NA;2;1458;2031
46;La Rioja;46007;Arauco;NA;2;8598;2032
46;La Rioja;46014;Capital;NA;2;112823;2032
46;La Rioja;46021;Castro Barros;NA;2;3247;2032
46;La Rioja;46035;Chamical;NA;2;8299;2032
46;La Rioja;46042;Chilecito;NA;2;31947;2032
46;La Rioja;46028;General Felipe Varela;NA;2;6369;2032
46;La Rioja;46049;Famatina;NA;2;3922;2032
46;La Rioja;46056;Ángel Vicente Peñaloza;NA;2;1671;2032
46;La Rioja;46063;General Belgrano;NA;2;3958;2032
46;La Rioja;46070;General Juan Facundo Quiroga;NA;2;2186;2032
46;La Rioja;46077;General Lamadrid;NA;2;985;2032
46;La Rioja;46084;General Ortiz de Ocampo;NA;2;3932;2032
46;La Rioja;46091;General San Martín;NA;2;2670;2032
46;La Rioja;46105;Independencia;NA;2;1270;2032
46;La Rioja;46112;Rosario Vera Peñaloza;NA;2;8472;2032
46;La Rioja;46119;San Blas de los Sauces;NA;2;2310;2032
46;La Rioja;46126;Sanagasta;NA;2;1696;2032
46;La Rioja;46098;Vinchina;NA;2;1456;2032
46;La Rioja;46007;Arauco;NA;2;8605;2033
46;La Rioja;46014;Capital;NA;2;113221;2033
46;La Rioja;46021;Castro Barros;NA;2;3267;2033
46;La Rioja;46035;Chamical;NA;2;8316;2033
46;La Rioja;46042;Chilecito;NA;2;32072;2033
46;La Rioja;46028;General Felipe Varela;NA;2;6394;2033
46;La Rioja;46049;Famatina;NA;2;3938;2033
46;La Rioja;46056;Ángel Vicente Peñaloza;NA;2;1669;2033
46;La Rioja;46063;General Belgrano;NA;2;3958;2033
46;La Rioja;46070;General Juan Facundo Quiroga;NA;2;2183;2033
46;La Rioja;46077;General Lamadrid;NA;2;986;2033
46;La Rioja;46084;General Ortiz de Ocampo;NA;2;3931;2033
46;La Rioja;46091;General San Martín;NA;2;2670;2033
46;La Rioja;46105;Independencia;NA;2;1268;2033
46;La Rioja;46112;Rosario Vera Peñaloza;NA;2;8493;2033
46;La Rioja;46119;San Blas de los Sauces;NA;2;2315;2033
46;La Rioja;46126;Sanagasta;NA;2;1706;2033
46;La Rioja;46098;Vinchina;NA;2;1454;2033
46;La Rioja;46007;Arauco;NA;2;8612;2034
46;La Rioja;46014;Capital;NA;2;113613;2034
46;La Rioja;46021;Castro Barros;NA;2;3287;2034
46;La Rioja;46035;Chamical;NA;2;8332;2034
46;La Rioja;46042;Chilecito;NA;2;32196;2034
46;La Rioja;46028;General Felipe Varela;NA;2;6418;2034
46;La Rioja;46049;Famatina;NA;2;3953;2034
46;La Rioja;46056;Ángel Vicente Peñaloza;NA;2;1668;2034
46;La Rioja;46063;General Belgrano;NA;2;3958;2034
46;La Rioja;46070;General Juan Facundo Quiroga;NA;2;2179;2034
46;La Rioja;46077;General Lamadrid;NA;2;987;2034
46;La Rioja;46084;General Ortiz de Ocampo;NA;2;3931;2034
46;La Rioja;46091;General San Martín;NA;2;2670;2034
46;La Rioja;46105;Independencia;NA;2;1267;2034
46;La Rioja;46112;Rosario Vera Peñaloza;NA;2;8514;2034
46;La Rioja;46119;San Blas de los Sauces;NA;2;2320;2034
46;La Rioja;46126;Sanagasta;NA;2;1715;2034
46;La Rioja;46098;Vinchina;NA;2;1452;2034
46;La Rioja;46007;Arauco;NA;2;8619;2035
46;La Rioja;46014;Capital;NA;2;113991;2035
46;La Rioja;46021;Castro Barros;NA;2;3306;2035
46;La Rioja;46035;Chamical;NA;2;8347;2035
46;La Rioja;46042;Chilecito;NA;2;32315;2035
46;La Rioja;46028;General Felipe Varela;NA;2;6442;2035
46;La Rioja;46049;Famatina;NA;2;3967;2035
46;La Rioja;46056;Ángel Vicente Peñaloza;NA;2;1666;2035
46;La Rioja;46063;General Belgrano;NA;2;3958;2035
46;La Rioja;46070;General Juan Facundo Quiroga;NA;2;2177;2035
46;La Rioja;46077;General Lamadrid;NA;2;988;2035
46;La Rioja;46084;General Ortiz de Ocampo;NA;2;3931;2035
46;La Rioja;46091;General San Martín;NA;2;2669;2035
46;La Rioja;46105;Independencia;NA;2;1266;2035
46;La Rioja;46112;Rosario Vera Peñaloza;NA;2;8535;2035
46;La Rioja;46119;San Blas de los Sauces;NA;2;2324;2035
46;La Rioja;46126;Sanagasta;NA;2;1724;2035
46;La Rioja;46098;Vinchina;NA;2;1450;2035
46;La Rioja;46007;Arauco;NA;1;8362;2022
46;La Rioja;46014;Capital;NA;1;111363;2022
46;La Rioja;46021;Castro Barros;NA;1;3011;2022
46;La Rioja;46035;Chamical;NA;1;8151;2022
46;La Rioja;46042;Chilecito;NA;1;30525;2022
46;La Rioja;46028;General Felipe Varela;NA;1;5725;2022
46;La Rioja;46049;Famatina;NA;1;3527;2022
46;La Rioja;46056;Ángel Vicente Peñaloza;NA;1;1618;2022
46;La Rioja;46063;General Belgrano;NA;1;3951;2022
46;La Rioja;46070;General Juan Facundo Quiroga;NA;1;1955;2022
46;La Rioja;46077;General Lamadrid;NA;1;987;2022
46;La Rioja;46084;General Ortiz de Ocampo;NA;1;3700;2022
46;La Rioja;46091;General San Martín;NA;1;2540;2022
46;La Rioja;46105;Independencia;NA;1;1210;2022
46;La Rioja;46112;Rosario Vera Peñaloza;NA;1;8157;2022
46;La Rioja;46119;San Blas de los Sauces;NA;1;2224;2022
46;La Rioja;46126;Sanagasta;NA;1;1567;2022
46;La Rioja;46098;Vinchina;NA;1;1329;2022
46;La Rioja;46007;Arauco;NA;1;8373;2023
46;La Rioja;46014;Capital;NA;1;111899;2023
46;La Rioja;46021;Castro Barros;NA;1;3041;2023
46;La Rioja;46035;Chamical;NA;1;8176;2023
46;La Rioja;46042;Chilecito;NA;1;30688;2023
46;La Rioja;46028;General Felipe Varela;NA;1;5751;2023
46;La Rioja;46049;Famatina;NA;1;3545;2023
46;La Rioja;46056;Ángel Vicente Peñaloza;NA;1;1622;2023
46;La Rioja;46063;General Belgrano;NA;1;3954;2023
46;La Rioja;46070;General Juan Facundo Quiroga;NA;1;1951;2023
46;La Rioja;46077;General Lamadrid;NA;1;990;2023
46;La Rioja;46084;General Ortiz de Ocampo;NA;1;3701;2023
46;La Rioja;46091;General San Martín;NA;1;2539;2023
46;La Rioja;46105;Independencia;NA;1;1209;2023
46;La Rioja;46112;Rosario Vera Peñaloza;NA;1;8185;2023
46;La Rioja;46119;San Blas de los Sauces;NA;1;2228;2023
46;La Rioja;46126;Sanagasta;NA;1;1579;2023
46;La Rioja;46098;Vinchina;NA;1;1327;2023
46;La Rioja;46007;Arauco;NA;1;8385;2024
46;La Rioja;46014;Capital;NA;1;112488;2024
46;La Rioja;46021;Castro Barros;NA;1;3073;2024
46;La Rioja;46035;Chamical;NA;1;8203;2024
46;La Rioja;46042;Chilecito;NA;1;30866;2024
46;La Rioja;46028;General Felipe Varela;NA;1;5780;2024
46;La Rioja;46049;Famatina;NA;1;3566;2024
46;La Rioja;46056;Ángel Vicente Peñaloza;NA;1;1626;2024
46;La Rioja;46063;General Belgrano;NA;1;3957;2024
46;La Rioja;46070;General Juan Facundo Quiroga;NA;1;1947;2024
46;La Rioja;46077;General Lamadrid;NA;1;992;2024
46;La Rioja;46084;General Ortiz de Ocampo;NA;1;3703;2024
46;La Rioja;46091;General San Martín;NA;1;2537;2024
46;La Rioja;46105;Independencia;NA;1;1207;2024
46;La Rioja;46112;Rosario Vera Peñaloza;NA;1;8215;2024
46;La Rioja;46119;San Blas de los Sauces;NA;1;2234;2024
46;La Rioja;46126;Sanagasta;NA;1;1593;2024
46;La Rioja;46098;Vinchina;NA;1;1325;2024
46;La Rioja;46007;Arauco;NA;1;8397;2025
46;La Rioja;46014;Capital;NA;1;113074;2025
46;La Rioja;46021;Castro Barros;NA;1;3105;2025
46;La Rioja;46035;Chamical;NA;1;8230;2025
46;La Rioja;46042;Chilecito;NA;1;31044;2025
46;La Rioja;46028;General Felipe Varela;NA;1;5808;2025
46;La Rioja;46049;Famatina;NA;1;3586;2025
46;La Rioja;46056;Ángel Vicente Peñaloza;NA;1;1630;2025
46;La Rioja;46063;General Belgrano;NA;1;3960;2025
46;La Rioja;46070;General Juan Facundo Quiroga;NA;1;1943;2025
46;La Rioja;46077;General Lamadrid;NA;1;995;2025
46;La Rioja;46084;General Ortiz de Ocampo;NA;1;3704;2025
46;La Rioja;46091;General San Martín;NA;1;2536;2025
46;La Rioja;46105;Independencia;NA;1;1205;2025
46;La Rioja;46112;Rosario Vera Peñaloza;NA;1;8245;2025
46;La Rioja;46119;San Blas de los Sauces;NA;1;2239;2025
46;La Rioja;46126;Sanagasta;NA;1;1607;2025
46;La Rioja;46098;Vinchina;NA;1;1324;2025
46;La Rioja;46007;Arauco;NA;1;8409;2026
46;La Rioja;46014;Capital;NA;1;113634;2026
46;La Rioja;46021;Castro Barros;NA;1;3135;2026
46;La Rioja;46035;Chamical;NA;1;8256;2026
46;La Rioja;46042;Chilecito;NA;1;31213;2026
46;La Rioja;46028;General Felipe Varela;NA;1;5835;2026
46;La Rioja;46049;Famatina;NA;1;3605;2026
46;La Rioja;46056;Ángel Vicente Peñaloza;NA;1;1633;2026
46;La Rioja;46063;General Belgrano;NA;1;3964;2026
46;La Rioja;46070;General Juan Facundo Quiroga;NA;1;1939;2026
46;La Rioja;46077;General Lamadrid;NA;1;998;2026
46;La Rioja;46084;General Ortiz de Ocampo;NA;1;3706;2026
46;La Rioja;46091;General San Martín;NA;1;2535;2026
46;La Rioja;46105;Independencia;NA;1;1204;2026
46;La Rioja;46112;Rosario Vera Peñaloza;NA;1;8273;2026
46;La Rioja;46119;San Blas de los Sauces;NA;1;2243;2026
46;La Rioja;46126;Sanagasta;NA;1;1620;2026
46;La Rioja;46098;Vinchina;NA;1;1322;2026
46;La Rioja;46007;Arauco;NA;1;8419;2027
46;La Rioja;46014;Capital;NA;1;114171;2027
46;La Rioja;46021;Castro Barros;NA;1;3165;2027
46;La Rioja;46035;Chamical;NA;1;8280;2027
46;La Rioja;46042;Chilecito;NA;1;31376;2027
46;La Rioja;46028;General Felipe Varela;NA;1;5861;2027
46;La Rioja;46049;Famatina;NA;1;3624;2027
46;La Rioja;46056;Ángel Vicente Peñaloza;NA;1;1637;2027
46;La Rioja;46063;General Belgrano;NA;1;3966;2027
46;La Rioja;46070;General Juan Facundo Quiroga;NA;1;1936;2027
46;La Rioja;46077;General Lamadrid;NA;1;1001;2027
46;La Rioja;46084;General Ortiz de Ocampo;NA;1;3707;2027
46;La Rioja;46091;General San Martín;NA;1;2534;2027
46;La Rioja;46105;Independencia;NA;1;1202;2027
46;La Rioja;46112;Rosario Vera Peñaloza;NA;1;8300;2027
46;La Rioja;46119;San Blas de los Sauces;NA;1;2248;2027
46;La Rioja;46126;Sanagasta;NA;1;1632;2027
46;La Rioja;46098;Vinchina;NA;1;1321;2027
46;La Rioja;46007;Arauco;NA;1;8430;2028
46;La Rioja;46014;Capital;NA;1;114682;2028
46;La Rioja;46021;Castro Barros;NA;1;3193;2028
46;La Rioja;46035;Chamical;NA;1;8304;2028
46;La Rioja;46042;Chilecito;NA;1;31531;2028
46;La Rioja;46028;General Felipe Varela;NA;1;5886;2028
46;La Rioja;46049;Famatina;NA;1;3641;2028
46;La Rioja;46056;Ángel Vicente Peñaloza;NA;1;1640;2028
46;La Rioja;46063;General Belgrano;NA;1;3969;2028
46;La Rioja;46070;General Juan Facundo Quiroga;NA;1;1932;2028
46;La Rioja;46077;General Lamadrid;NA;1;1003;2028
46;La Rioja;46084;General Ortiz de Ocampo;NA;1;3709;2028
46;La Rioja;46091;General San Martín;NA;1;2532;2028
46;La Rioja;46105;Independencia;NA;1;1201;2028
46;La Rioja;46112;Rosario Vera Peñaloza;NA;1;8326;2028
46;La Rioja;46119;San Blas de los Sauces;NA;1;2252;2028
46;La Rioja;46126;Sanagasta;NA;1;1644;2028
46;La Rioja;46098;Vinchina;NA;1;1320;2028
46;La Rioja;46007;Arauco;NA;1;8440;2029
46;La Rioja;46014;Capital;NA;1;115183;2029
46;La Rioja;46021;Castro Barros;NA;1;3220;2029
46;La Rioja;46035;Chamical;NA;1;8327;2029
46;La Rioja;46042;Chilecito;NA;1;31683;2029
46;La Rioja;46028;General Felipe Varela;NA;1;5910;2029
46;La Rioja;46049;Famatina;NA;1;3659;2029
46;La Rioja;46056;Ángel Vicente Peñaloza;NA;1;1643;2029
46;La Rioja;46063;General Belgrano;NA;1;3972;2029
46;La Rioja;46070;General Juan Facundo Quiroga;NA;1;1928;2029
46;La Rioja;46077;General Lamadrid;NA;1;1006;2029
46;La Rioja;46084;General Ortiz de Ocampo;NA;1;3710;2029
46;La Rioja;46091;General San Martín;NA;1;2531;2029
46;La Rioja;46105;Independencia;NA;1;1199;2029
46;La Rioja;46112;Rosario Vera Peñaloza;NA;1;8352;2029
46;La Rioja;46119;San Blas de los Sauces;NA;1;2257;2029
46;La Rioja;46126;Sanagasta;NA;1;1656;2029
46;La Rioja;46098;Vinchina;NA;1;1318;2029
46;La Rioja;46007;Arauco;NA;1;8450;2030
46;La Rioja;46014;Capital;NA;1;115661;2030
46;La Rioja;46021;Castro Barros;NA;1;3246;2030
46;La Rioja;46035;Chamical;NA;1;8349;2030
46;La Rioja;46042;Chilecito;NA;1;31828;2030
46;La Rioja;46028;General Felipe Varela;NA;1;5934;2030
46;La Rioja;46049;Famatina;NA;1;3675;2030
46;La Rioja;46056;Ángel Vicente Peñaloza;NA;1;1646;2030
46;La Rioja;46063;General Belgrano;NA;1;3975;2030
46;La Rioja;46070;General Juan Facundo Quiroga;NA;1;1925;2030
46;La Rioja;46077;General Lamadrid;NA;1;1008;2030
46;La Rioja;46084;General Ortiz de Ocampo;NA;1;3711;2030
46;La Rioja;46091;General San Martín;NA;1;2530;2030
46;La Rioja;46105;Independencia;NA;1;1198;2030
46;La Rioja;46112;Rosario Vera Peñaloza;NA;1;8376;2030
46;La Rioja;46119;San Blas de los Sauces;NA;1;2261;2030
46;La Rioja;46126;Sanagasta;NA;1;1667;2030
46;La Rioja;46098;Vinchina;NA;1;1317;2030
46;La Rioja;46007;Arauco;NA;1;8460;2031
46;La Rioja;46014;Capital;NA;1;116131;2031
46;La Rioja;46021;Castro Barros;NA;1;3272;2031
46;La Rioja;46035;Chamical;NA;1;8371;2031
46;La Rioja;46042;Chilecito;NA;1;31970;2031
46;La Rioja;46028;General Felipe Varela;NA;1;5957;2031
46;La Rioja;46049;Famatina;NA;1;3691;2031
46;La Rioja;46056;Ángel Vicente Peñaloza;NA;1;1649;2031
46;La Rioja;46063;General Belgrano;NA;1;3977;2031
46;La Rioja;46070;General Juan Facundo Quiroga;NA;1;1922;2031
46;La Rioja;46077;General Lamadrid;NA;1;1011;2031
46;La Rioja;46084;General Ortiz de Ocampo;NA;1;3712;2031
46;La Rioja;46091;General San Martín;NA;1;2529;2031
46;La Rioja;46105;Independencia;NA;1;1197;2031
46;La Rioja;46112;Rosario Vera Peñaloza;NA;1;8400;2031
46;La Rioja;46119;San Blas de los Sauces;NA;1;2265;2031
46;La Rioja;46126;Sanagasta;NA;1;1678;2031
46;La Rioja;46098;Vinchina;NA;1;1315;2031
46;La Rioja;46007;Arauco;NA;1;8469;2032
46;La Rioja;46014;Capital;NA;1;116596;2032
46;La Rioja;46021;Castro Barros;NA;1;3297;2032
46;La Rioja;46035;Chamical;NA;1;8392;2032
46;La Rioja;46042;Chilecito;NA;1;32111;2032
46;La Rioja;46028;General Felipe Varela;NA;1;5979;2032
46;La Rioja;46049;Famatina;NA;1;3707;2032
46;La Rioja;46056;Ángel Vicente Peñaloza;NA;1;1652;2032
46;La Rioja;46063;General Belgrano;NA;1;3980;2032
46;La Rioja;46070;General Juan Facundo Quiroga;NA;1;1919;2032
46;La Rioja;46077;General Lamadrid;NA;1;1013;2032
46;La Rioja;46084;General Ortiz de Ocampo;NA;1;3714;2032
46;La Rioja;46091;General San Martín;NA;1;2528;2032
46;La Rioja;46105;Independencia;NA;1;1195;2032
46;La Rioja;46112;Rosario Vera Peñaloza;NA;1;8424;2032
46;La Rioja;46119;San Blas de los Sauces;NA;1;2269;2032
46;La Rioja;46126;Sanagasta;NA;1;1689;2032
46;La Rioja;46098;Vinchina;NA;1;1314;2032
46;La Rioja;46007;Arauco;NA;1;8479;2033
46;La Rioja;46014;Capital;NA;1;117056;2033
46;La Rioja;46021;Castro Barros;NA;1;3322;2033
46;La Rioja;46035;Chamical;NA;1;8413;2033
46;La Rioja;46042;Chilecito;NA;1;32251;2033
46;La Rioja;46028;General Felipe Varela;NA;1;6001;2033
46;La Rioja;46049;Famatina;NA;1;3723;2033
46;La Rioja;46056;Ángel Vicente Peñaloza;NA;1;1655;2033
46;La Rioja;46063;General Belgrano;NA;1;3982;2033
46;La Rioja;46070;General Juan Facundo Quiroga;NA;1;1915;2033
46;La Rioja;46077;General Lamadrid;NA;1;1015;2033
46;La Rioja;46084;General Ortiz de Ocampo;NA;1;3715;2033
46;La Rioja;46091;General San Martín;NA;1;2527;2033
46;La Rioja;46105;Independencia;NA;1;1194;2033
46;La Rioja;46112;Rosario Vera Peñaloza;NA;1;8447;2033
46;La Rioja;46119;San Blas de los Sauces;NA;1;2273;2033
46;La Rioja;46126;Sanagasta;NA;1;1700;2033
46;La Rioja;46098;Vinchina;NA;1;1313;2033
46;La Rioja;46007;Arauco;NA;1;8487;2034
46;La Rioja;46014;Capital;NA;1;117494;2034
46;La Rioja;46021;Castro Barros;NA;1;3346;2034
46;La Rioja;46035;Chamical;NA;1;8433;2034
46;La Rioja;46042;Chilecito;NA;1;32383;2034
46;La Rioja;46028;General Felipe Varela;NA;1;6023;2034
46;La Rioja;46049;Famatina;NA;1;3738;2034
46;La Rioja;46056;Ángel Vicente Peñaloza;NA;1;1658;2034
46;La Rioja;46063;General Belgrano;NA;1;3985;2034
46;La Rioja;46070;General Juan Facundo Quiroga;NA;1;1912;2034
46;La Rioja;46077;General Lamadrid;NA;1;1017;2034
46;La Rioja;46084;General Ortiz de Ocampo;NA;1;3716;2034
46;La Rioja;46091;General San Martín;NA;1;2526;2034
46;La Rioja;46105;Independencia;NA;1;1193;2034
46;La Rioja;46112;Rosario Vera Peñaloza;NA;1;8470;2034
46;La Rioja;46119;San Blas de los Sauces;NA;1;2277;2034
46;La Rioja;46126;Sanagasta;NA;1;1710;2034
46;La Rioja;46098;Vinchina;NA;1;1312;2034
46;La Rioja;46007;Arauco;NA;1;8496;2035
46;La Rioja;46014;Capital;NA;1;117921;2035
46;La Rioja;46021;Castro Barros;NA;1;3370;2035
46;La Rioja;46035;Chamical;NA;1;8453;2035
46;La Rioja;46042;Chilecito;NA;1;32513;2035
46;La Rioja;46028;General Felipe Varela;NA;1;6043;2035
46;La Rioja;46049;Famatina;NA;1;3753;2035
46;La Rioja;46056;Ángel Vicente Peñaloza;NA;1;1661;2035
46;La Rioja;46063;General Belgrano;NA;1;3987;2035
46;La Rioja;46070;General Juan Facundo Quiroga;NA;1;1909;2035
46;La Rioja;46077;General Lamadrid;NA;1;1020;2035
46;La Rioja;46084;General Ortiz de Ocampo;NA;1;3717;2035
46;La Rioja;46091;General San Martín;NA;1;2525;2035
46;La Rioja;46105;Independencia;NA;1;1191;2035
46;La Rioja;46112;Rosario Vera Peñaloza;NA;1;8491;2035
46;La Rioja;46119;San Blas de los Sauces;NA;1;2280;2035
46;La Rioja;46126;Sanagasta;NA;1;1720;2035
46;La Rioja;46098;Vinchina;NA;1;1311;2035
54;Misiones;54119;25 de Mayo;NA;2;16189;2022
54;Misiones;54007;Apóstoles;NA;2;25886;2022
54;Misiones;54014;Cainguás;NA;2;31475;2022
54;Misiones;54021;Candelaria;NA;2;18174;2022
54;Misiones;54028;Capital;NA;2;194898;2022
54;Misiones;54035;Concepción;NA;2;5357;2022
54;Misiones;54042;Eldorado;NA;2;46743;2022
54;Misiones;54049;General Manuel Belgrano;NA;2;23825;2022
54;Misiones;54056;Guaraní;NA;2;40343;2022
54;Misiones;54063;Iguazú;NA;2;51404;2022
54;Misiones;54070;Leandro N. Alem;NA;2;25569;2022
54;Misiones;54077;Libertador General San Martín;NA;2;27065;2022
54;Misiones;54084;Montecarlo;NA;2;19952;2022
54;Misiones;54091;Oberá;NA;2;62296;2022
54;Misiones;54098;San Ignacio;NA;2;32463;2022
54;Misiones;54105;San Javier;NA;2;12170;2022
54;Misiones;54112;San Pedro;NA;2;18412;2022
54;Misiones;54119;25 de Mayo;NA;2;16255;2023
54;Misiones;54007;Apóstoles;NA;2;26110;2023
54;Misiones;54014;Cainguás;NA;2;31631;2023
54;Misiones;54021;Candelaria;NA;2;18387;2023
54;Misiones;54028;Capital;NA;2;196674;2023
54;Misiones;54035;Concepción;NA;2;5375;2023
54;Misiones;54042;Eldorado;NA;2;47074;2023
54;Misiones;54049;General Manuel Belgrano;NA;2;23857;2023
54;Misiones;54056;Guaraní;NA;2;40550;2023
54;Misiones;54063;Iguazú;NA;2;51861;2023
54;Misiones;54070;Leandro N. Alem;NA;2;25676;2023
54;Misiones;54077;Libertador General San Martín;NA;2;27200;2023
54;Misiones;54084;Montecarlo;NA;2;19982;2023
54;Misiones;54091;Oberá;NA;2;62629;2023
54;Misiones;54098;San Ignacio;NA;2;32574;2023
54;Misiones;54105;San Javier;NA;2;12235;2023
54;Misiones;54112;San Pedro;NA;2;18492;2023
54;Misiones;54119;25 de Mayo;NA;2;16333;2024
54;Misiones;54007;Apóstoles;NA;2;26375;2024
54;Misiones;54014;Cainguás;NA;2;31816;2024
54;Misiones;54021;Candelaria;NA;2;18639;2024
54;Misiones;54028;Capital;NA;2;198779;2024
54;Misiones;54035;Concepción;NA;2;5397;2024
54;Misiones;54042;Eldorado;NA;2;47467;2024
54;Misiones;54049;General Manuel Belgrano;NA;2;23895;2024
54;Misiones;54056;Guaraní;NA;2;40796;2024
54;Misiones;54063;Iguazú;NA;2;52403;2024
54;Misiones;54070;Leandro N. Alem;NA;2;25802;2024
54;Misiones;54077;Libertador General San Martín;NA;2;27361;2024
54;Misiones;54084;Montecarlo;NA;2;20018;2024
54;Misiones;54091;Oberá;NA;2;63024;2024
54;Misiones;54098;San Ignacio;NA;2;32706;2024
54;Misiones;54105;San Javier;NA;2;12311;2024
54;Misiones;54112;San Pedro;NA;2;18588;2024
54;Misiones;54119;25 de Mayo;NA;2;16415;2025
54;Misiones;54007;Apóstoles;NA;2;26650;2025
54;Misiones;54014;Cainguás;NA;2;32008;2025
54;Misiones;54021;Candelaria;NA;2;18901;2025
54;Misiones;54028;Capital;NA;2;200964;2025
54;Misiones;54035;Concepción;NA;2;5419;2025
54;Misiones;54042;Eldorado;NA;2;47875;2025
54;Misiones;54049;General Manuel Belgrano;NA;2;23934;2025
54;Misiones;54056;Guaraní;NA;2;41051;2025
54;Misiones;54063;Iguazú;NA;2;52965;2025
54;Misiones;54070;Leandro N. Alem;NA;2;25933;2025
54;Misiones;54077;Libertador General San Martín;NA;2;27528;2025
54;Misiones;54084;Montecarlo;NA;2;20056;2025
54;Misiones;54091;Oberá;NA;2;63434;2025
54;Misiones;54098;San Ignacio;NA;2;32842;2025
54;Misiones;54105;San Javier;NA;2;12391;2025
54;Misiones;54112;San Pedro;NA;2;18686;2025
54;Misiones;54119;25 de Mayo;NA;2;16496;2026
54;Misiones;54007;Apóstoles;NA;2;26924;2026
54;Misiones;54014;Cainguás;NA;2;32199;2026
54;Misiones;54021;Candelaria;NA;2;19161;2026
54;Misiones;54028;Capital;NA;2;203136;2026
54;Misiones;54035;Concepción;NA;2;5441;2026
54;Misiones;54042;Eldorado;NA;2;48280;2026
54;Misiones;54049;General Manuel Belgrano;NA;2;23973;2026
54;Misiones;54056;Guaraní;NA;2;41304;2026
54;Misiones;54063;Iguazú;NA;2;53525;2026
54;Misiones;54070;Leandro N. Alem;NA;2;26063;2026
54;Misiones;54077;Libertador General San Martín;NA;2;27694;2026
54;Misiones;54084;Montecarlo;NA;2;20093;2026
54;Misiones;54091;Oberá;NA;2;63842;2026
54;Misiones;54098;San Ignacio;NA;2;32978;2026
54;Misiones;54105;San Javier;NA;2;12470;2026
54;Misiones;54112;San Pedro;NA;2;18785;2026
54;Misiones;54119;25 de Mayo;NA;2;16576;2027
54;Misiones;54007;Apóstoles;NA;2;27193;2027
54;Misiones;54014;Cainguás;NA;2;32388;2027
54;Misiones;54021;Candelaria;NA;2;19417;2027
54;Misiones;54028;Capital;NA;2;205276;2027
54;Misiones;54035;Concepción;NA;2;5463;2027
54;Misiones;54042;Eldorado;NA;2;48679;2027
54;Misiones;54049;General Manuel Belgrano;NA;2;24012;2027
54;Misiones;54056;Guaraní;NA;2;41554;2027
54;Misiones;54063;Iguazú;NA;2;54076;2027
54;Misiones;54070;Leandro N. Alem;NA;2;26192;2027
54;Misiones;54077;Libertador General San Martín;NA;2;27857;2027
54;Misiones;54084;Montecarlo;NA;2;20129;2027
54;Misiones;54091;Oberá;NA;2;64243;2027
54;Misiones;54098;San Ignacio;NA;2;33112;2027
54;Misiones;54105;San Javier;NA;2;12548;2027
54;Misiones;54112;San Pedro;NA;2;18882;2027
54;Misiones;54119;25 de Mayo;NA;2;16655;2028
54;Misiones;54007;Apóstoles;NA;2;27461;2028
54;Misiones;54014;Cainguás;NA;2;32574;2028
54;Misiones;54021;Candelaria;NA;2;19671;2028
54;Misiones;54028;Capital;NA;2;207395;2028
54;Misiones;54035;Concepción;NA;2;5484;2028
54;Misiones;54042;Eldorado;NA;2;49075;2028
54;Misiones;54049;General Manuel Belgrano;NA;2;24050;2028
54;Misiones;54056;Guaraní;NA;2;41801;2028
54;Misiones;54063;Iguazú;NA;2;54621;2028
54;Misiones;54070;Leandro N. Alem;NA;2;26319;2028
54;Misiones;54077;Libertador General San Martín;NA;2;28019;2028
54;Misiones;54084;Montecarlo;NA;2;20165;2028
54;Misiones;54091;Oberá;NA;2;64641;2028
54;Misiones;54098;San Ignacio;NA;2;33244;2028
54;Misiones;54105;San Javier;NA;2;12625;2028
54;Misiones;54112;San Pedro;NA;2;18978;2028
54;Misiones;54119;25 de Mayo;NA;2;16732;2029
54;Misiones;54007;Apóstoles;NA;2;27721;2029
54;Misiones;54014;Cainguás;NA;2;32756;2029
54;Misiones;54021;Candelaria;NA;2;19919;2029
54;Misiones;54028;Capital;NA;2;209462;2029
54;Misiones;54035;Concepción;NA;2;5505;2029
54;Misiones;54042;Eldorado;NA;2;49460;2029
54;Misiones;54049;General Manuel Belgrano;NA;2;24087;2029
54;Misiones;54056;Guaraní;NA;2;42042;2029
54;Misiones;54063;Iguazú;NA;2;55154;2029
54;Misiones;54070;Leandro N. Alem;NA;2;26443;2029
54;Misiones;54077;Libertador General San Martín;NA;2;28177;2029
54;Misiones;54084;Montecarlo;NA;2;20201;2029
54;Misiones;54091;Oberá;NA;2;65029;2029
54;Misiones;54098;San Ignacio;NA;2;33373;2029
54;Misiones;54105;San Javier;NA;2;12701;2029
54;Misiones;54112;San Pedro;NA;2;19071;2029
54;Misiones;54119;25 de Mayo;NA;2;16807;2030
54;Misiones;54007;Apóstoles;NA;2;27974;2030
54;Misiones;54014;Cainguás;NA;2;32933;2030
54;Misiones;54021;Candelaria;NA;2;20159;2030
54;Misiones;54028;Capital;NA;2;211472;2030
54;Misiones;54035;Concepción;NA;2;5526;2030
54;Misiones;54042;Eldorado;NA;2;49835;2030
54;Misiones;54049;General Manuel Belgrano;NA;2;24123;2030
54;Misiones;54056;Guaraní;NA;2;42277;2030
54;Misiones;54063;Iguazú;NA;2;55671;2030
54;Misiones;54070;Leandro N. Alem;NA;2;26564;2030
54;Misiones;54077;Libertador General San Martín;NA;2;28331;2030
54;Misiones;54084;Montecarlo;NA;2;20235;2030
54;Misiones;54091;Oberá;NA;2;65406;2030
54;Misiones;54098;San Ignacio;NA;2;33499;2030
54;Misiones;54105;San Javier;NA;2;12774;2030
54;Misiones;54112;San Pedro;NA;2;19162;2030
54;Misiones;54119;25 de Mayo;NA;2;16881;2031
54;Misiones;54007;Apóstoles;NA;2;28223;2031
54;Misiones;54014;Cainguás;NA;2;33106;2031
54;Misiones;54021;Candelaria;NA;2;20395;2031
54;Misiones;54028;Capital;NA;2;213445;2031
54;Misiones;54035;Concepción;NA;2;5546;2031
54;Misiones;54042;Eldorado;NA;2;50204;2031
54;Misiones;54049;General Manuel Belgrano;NA;2;24158;2031
54;Misiones;54056;Guaraní;NA;2;42507;2031
54;Misiones;54063;Iguazú;NA;2;56179;2031
54;Misiones;54070;Leandro N. Alem;NA;2;26682;2031
54;Misiones;54077;Libertador General San Martín;NA;2;28482;2031
54;Misiones;54084;Montecarlo;NA;2;20269;2031
54;Misiones;54091;Oberá;NA;2;65776;2031
54;Misiones;54098;San Ignacio;NA;2;33622;2031
54;Misiones;54105;San Javier;NA;2;12846;2031
54;Misiones;54112;San Pedro;NA;2;19252;2031
54;Misiones;54119;25 de Mayo;NA;2;16953;2032
54;Misiones;54007;Apóstoles;NA;2;28467;2032
54;Misiones;54014;Cainguás;NA;2;33277;2032
54;Misiones;54021;Candelaria;NA;2;20627;2032
54;Misiones;54028;Capital;NA;2;215382;2032
54;Misiones;54035;Concepción;NA;2;5566;2032
54;Misiones;54042;Eldorado;NA;2;50565;2032
54;Misiones;54049;General Manuel Belgrano;NA;2;24193;2032
54;Misiones;54056;Guaraní;NA;2;42733;2032
54;Misiones;54063;Iguazú;NA;2;56678;2032
54;Misiones;54070;Leandro N. Alem;NA;2;26798;2032
54;Misiones;54077;Libertador General San Martín;NA;2;28630;2032
54;Misiones;54084;Montecarlo;NA;2;20302;2032
54;Misiones;54091;Oberá;NA;2;66139;2032
54;Misiones;54098;San Ignacio;NA;2;33743;2032
54;Misiones;54105;San Javier;NA;2;12916;2032
54;Misiones;54112;San Pedro;NA;2;19339;2032
54;Misiones;54119;25 de Mayo;NA;2;17024;2033
54;Misiones;54007;Apóstoles;NA;2;28706;2033
54;Misiones;54014;Cainguás;NA;2;33444;2033
54;Misiones;54021;Candelaria;NA;2;20855;2033
54;Misiones;54028;Capital;NA;2;217283;2033
54;Misiones;54035;Concepción;NA;2;5585;2033
54;Misiones;54042;Eldorado;NA;2;50919;2033
54;Misiones;54049;General Manuel Belgrano;NA;2;24227;2033
54;Misiones;54056;Guaraní;NA;2;42955;2033
54;Misiones;54063;Iguazú;NA;2;57167;2033
54;Misiones;54070;Leandro N. Alem;NA;2;26912;2033
54;Misiones;54077;Libertador General San Martín;NA;2;28775;2033
54;Misiones;54084;Montecarlo;NA;2;20335;2033
54;Misiones;54091;Oberá;NA;2;66496;2033
54;Misiones;54098;San Ignacio;NA;2;33862;2033
54;Misiones;54105;San Javier;NA;2;12986;2033
54;Misiones;54112;San Pedro;NA;2;19425;2033
54;Misiones;54119;25 de Mayo;NA;2;17094;2034
54;Misiones;54007;Apóstoles;NA;2;28941;2034
54;Misiones;54014;Cainguás;NA;2;33608;2034
54;Misiones;54021;Candelaria;NA;2;21078;2034
54;Misiones;54028;Capital;NA;2;219144;2034
54;Misiones;54035;Concepción;NA;2;5604;2034
54;Misiones;54042;Eldorado;NA;2;51267;2034
54;Misiones;54049;General Manuel Belgrano;NA;2;24260;2034
54;Misiones;54056;Guaraní;NA;2;43172;2034
54;Misiones;54063;Iguazú;NA;2;57646;2034
54;Misiones;54070;Leandro N. Alem;NA;2;27024;2034
54;Misiones;54077;Libertador General San Martín;NA;2;28917;2034
54;Misiones;54084;Montecarlo;NA;2;20366;2034
54;Misiones;54091;Oberá;NA;2;66845;2034
54;Misiones;54098;San Ignacio;NA;2;33978;2034
54;Misiones;54105;San Javier;NA;2;13053;2034
54;Misiones;54112;San Pedro;NA;2;19510;2034
54;Misiones;54119;25 de Mayo;NA;2;17162;2035
54;Misiones;54007;Apóstoles;NA;2;29171;2035
54;Misiones;54014;Cainguás;NA;2;33768;2035
54;Misiones;54021;Candelaria;NA;2;21297;2035
54;Misiones;54028;Capital;NA;2;220969;2035
54;Misiones;54035;Concepción;NA;2;5622;2035
54;Misiones;54042;Eldorado;NA;2;51607;2035
54;Misiones;54049;General Manuel Belgrano;NA;2;24293;2035
54;Misiones;54056;Guaraní;NA;2;43385;2035
54;Misiones;54063;Iguazú;NA;2;58116;2035
54;Misiones;54070;Leandro N. Alem;NA;2;27133;2035
54;Misiones;54077;Libertador General San Martín;NA;2;29057;2035
54;Misiones;54084;Montecarlo;NA;2;20398;2035
54;Misiones;54091;Oberá;NA;2;67188;2035
54;Misiones;54098;San Ignacio;NA;2;34092;2035
54;Misiones;54105;San Javier;NA;2;13120;2035
54;Misiones;54112;San Pedro;NA;2;19592;2035
54;Misiones;54119;25 de Mayo;NA;1;15555;2022
54;Misiones;54007;Apóstoles;NA;1;26089;2022
54;Misiones;54014;Cainguás;NA;1;30134;2022
54;Misiones;54021;Candelaria;NA;1;18109;2022
54;Misiones;54028;Capital;NA;1;208498;2022
54;Misiones;54035;Concepción;NA;1;5274;2022
54;Misiones;54042;Eldorado;NA;1;47474;2022
54;Misiones;54049;General Manuel Belgrano;NA;1;23000;2022
54;Misiones;54056;Guaraní;NA;1;38943;2022
54;Misiones;54063;Iguazú;NA;1;51425;2022
54;Misiones;54070;Leandro N. Alem;NA;1;25587;2022
54;Misiones;54077;Libertador General San Martín;NA;1;26799;2022
54;Misiones;54084;Montecarlo;NA;1;19775;2022
54;Misiones;54091;Oberá;NA;1;62710;2022
54;Misiones;54098;San Ignacio;NA;1;32659;2022
54;Misiones;54105;San Javier;NA;1;11977;2022
54;Misiones;54112;San Pedro;NA;1;17354;2022
54;Misiones;54119;25 de Mayo;NA;1;15644;2023
54;Misiones;54007;Apóstoles;NA;1;26316;2023
54;Misiones;54014;Cainguás;NA;1;30315;2023
54;Misiones;54021;Candelaria;NA;1;18358;2023
54;Misiones;54028;Capital;NA;1;210418;2023
54;Misiones;54035;Concepción;NA;1;5292;2023
54;Misiones;54042;Eldorado;NA;1;47865;2023
54;Misiones;54049;General Manuel Belgrano;NA;1;23095;2023
54;Misiones;54056;Guaraní;NA;1;39222;2023
54;Misiones;54063;Iguazú;NA;1;51950;2023
54;Misiones;54070;Leandro N. Alem;NA;1;25715;2023
54;Misiones;54077;Libertador General San Martín;NA;1;26964;2023
54;Misiones;54084;Montecarlo;NA;1;19824;2023
54;Misiones;54091;Oberá;NA;1;63113;2023
54;Misiones;54098;San Ignacio;NA;1;32823;2023
54;Misiones;54105;San Javier;NA;1;12045;2023
54;Misiones;54112;San Pedro;NA;1;17472;2023
54;Misiones;54119;25 de Mayo;NA;1;15740;2024
54;Misiones;54007;Apóstoles;NA;1;26561;2024
54;Misiones;54014;Cainguás;NA;1;30511;2024
54;Misiones;54021;Candelaria;NA;1;18628;2024
54;Misiones;54028;Capital;NA;1;212498;2024
54;Misiones;54035;Concepción;NA;1;5312;2024
54;Misiones;54042;Eldorado;NA;1;48290;2024
54;Misiones;54049;General Manuel Belgrano;NA;1;23197;2024
54;Misiones;54056;Guaraní;NA;1;39525;2024
54;Misiones;54063;Iguazú;NA;1;52518;2024
54;Misiones;54070;Leandro N. Alem;NA;1;25854;2024
54;Misiones;54077;Libertador General San Martín;NA;1;27143;2024
54;Misiones;54084;Montecarlo;NA;1;19877;2024
54;Misiones;54091;Oberá;NA;1;63549;2024
54;Misiones;54098;San Ignacio;NA;1;33001;2024
54;Misiones;54105;San Javier;NA;1;12119;2024
54;Misiones;54112;San Pedro;NA;1;17600;2024
54;Misiones;54119;25 de Mayo;NA;1;15835;2025
54;Misiones;54007;Apóstoles;NA;1;26802;2025
54;Misiones;54014;Cainguás;NA;1;30704;2025
54;Misiones;54021;Candelaria;NA;1;18893;2025
54;Misiones;54028;Capital;NA;1;214541;2025
54;Misiones;54035;Concepción;NA;1;5331;2025
54;Misiones;54042;Eldorado;NA;1;48707;2025
54;Misiones;54049;General Manuel Belgrano;NA;1;23298;2025
54;Misiones;54056;Guaraní;NA;1;39822;2025
54;Misiones;54063;Iguazú;NA;1;53076;2025
54;Misiones;54070;Leandro N. Alem;NA;1;25990;2025
54;Misiones;54077;Libertador General San Martín;NA;1;27319;2025
54;Misiones;54084;Montecarlo;NA;1;19928;2025
54;Misiones;54091;Oberá;NA;1;63977;2025
54;Misiones;54098;San Ignacio;NA;1;33176;2025
54;Misiones;54105;San Javier;NA;1;12191;2025
54;Misiones;54112;San Pedro;NA;1;17726;2025
54;Misiones;54119;25 de Mayo;NA;1;15929;2026
54;Misiones;54007;Apóstoles;NA;1;27040;2026
54;Misiones;54014;Cainguás;NA;1;30895;2026
54;Misiones;54021;Candelaria;NA;1;19157;2026
54;Misiones;54028;Capital;NA;1;216567;2026
54;Misiones;54035;Concepción;NA;1;5350;2026
54;Misiones;54042;Eldorado;NA;1;49120;2026
54;Misiones;54049;General Manuel Belgrano;NA;1;23398;2026
54;Misiones;54056;Guaraní;NA;1;40117;2026
54;Misiones;54063;Iguazú;NA;1;53630;2026
54;Misiones;54070;Leandro N. Alem;NA;1;26125;2026
54;Misiones;54077;Libertador General San Martín;NA;1;27493;2026
54;Misiones;54084;Montecarlo;NA;1;19980;2026
54;Misiones;54091;Oberá;NA;1;64401;2026
54;Misiones;54098;San Ignacio;NA;1;33349;2026
54;Misiones;54105;San Javier;NA;1;12263;2026
54;Misiones;54112;San Pedro;NA;1;17851;2026
54;Misiones;54119;25 de Mayo;NA;1;16022;2027
54;Misiones;54007;Apóstoles;NA;1;27276;2027
54;Misiones;54014;Cainguás;NA;1;31084;2027
54;Misiones;54021;Candelaria;NA;1;19416;2027
54;Misiones;54028;Capital;NA;1;218565;2027
54;Misiones;54035;Concepción;NA;1;5369;2027
54;Misiones;54042;Eldorado;NA;1;49528;2027
54;Misiones;54049;General Manuel Belgrano;NA;1;23497;2027
54;Misiones;54056;Guaraní;NA;1;40407;2027
54;Misiones;54063;Iguazú;NA;1;54175;2027
54;Misiones;54070;Leandro N. Alem;NA;1;26258;2027
54;Misiones;54077;Libertador General San Martín;NA;1;27665;2027
54;Misiones;54084;Montecarlo;NA;1;20030;2027
54;Misiones;54091;Oberá;NA;1;64820;2027
54;Misiones;54098;San Ignacio;NA;1;33520;2027
54;Misiones;54105;San Javier;NA;1;12334;2027
54;Misiones;54112;San Pedro;NA;1;17974;2027
54;Misiones;54119;25 de Mayo;NA;1;16114;2028
54;Misiones;54007;Apóstoles;NA;1;27508;2028
54;Misiones;54014;Cainguás;NA;1;31269;2028
54;Misiones;54021;Candelaria;NA;1;19672;2028
54;Misiones;54028;Capital;NA;1;220533;2028
54;Misiones;54035;Concepción;NA;1;5387;2028
54;Misiones;54042;Eldorado;NA;1;49930;2028
54;Misiones;54049;General Manuel Belgrano;NA;1;23594;2028
54;Misiones;54056;Guaraní;NA;1;40693;2028
54;Misiones;54063;Iguazú;NA;1;54713;2028
54;Misiones;54070;Leandro N. Alem;NA;1;26390;2028
54;Misiones;54077;Libertador General San Martín;NA;1;27834;2028
54;Misiones;54084;Montecarlo;NA;1;20080;2028
54;Misiones;54091;Oberá;NA;1;65233;2028
54;Misiones;54098;San Ignacio;NA;1;33689;2028
54;Misiones;54105;San Javier;NA;1;12403;2028
54;Misiones;54112;San Pedro;NA;1;18095;2028
54;Misiones;54119;25 de Mayo;NA;1;16203;2029
54;Misiones;54007;Apóstoles;NA;1;27735;2029
54;Misiones;54014;Cainguás;NA;1;31451;2029
54;Misiones;54021;Candelaria;NA;1;19921;2029
54;Misiones;54028;Capital;NA;1;222456;2029
54;Misiones;54035;Concepción;NA;1;5405;2029
54;Misiones;54042;Eldorado;NA;1;50322;2029
54;Misiones;54049;General Manuel Belgrano;NA;1;23689;2029
54;Misiones;54056;Guaraní;NA;1;40973;2029
54;Misiones;54063;Iguazú;NA;1;55239;2029
54;Misiones;54070;Leandro N. Alem;NA;1;26518;2029
54;Misiones;54077;Libertador General San Martín;NA;1;28000;2029
54;Misiones;54084;Montecarlo;NA;1;20129;2029
54;Misiones;54091;Oberá;NA;1;65636;2029
54;Misiones;54098;San Ignacio;NA;1;33853;2029
54;Misiones;54105;San Javier;NA;1;12471;2029
54;Misiones;54112;San Pedro;NA;1;18213;2029
54;Misiones;54119;25 de Mayo;NA;1;16290;2030
54;Misiones;54007;Apóstoles;NA;1;27955;2030
54;Misiones;54014;Cainguás;NA;1;31627;2030
54;Misiones;54021;Candelaria;NA;1;20164;2030
54;Misiones;54028;Capital;NA;1;224323;2030
54;Misiones;54035;Concepción;NA;1;5422;2030
54;Misiones;54042;Eldorado;NA;1;50703;2030
54;Misiones;54049;General Manuel Belgrano;NA;1;23781;2030
54;Misiones;54056;Guaraní;NA;1;41245;2030
54;Misiones;54063;Iguazú;NA;1;55749;2030
54;Misiones;54070;Leandro N. Alem;NA;1;26642;2030
54;Misiones;54077;Libertador General San Martín;NA;1;28160;2030
54;Misiones;54084;Montecarlo;NA;1;20176;2030
54;Misiones;54091;Oberá;NA;1;66027;2030
54;Misiones;54098;San Ignacio;NA;1;34013;2030
54;Misiones;54105;San Javier;NA;1;12537;2030
54;Misiones;54112;San Pedro;NA;1;18328;2030
54;Misiones;54119;25 de Mayo;NA;1;16375;2031
54;Misiones;54007;Apóstoles;NA;1;28170;2031
54;Misiones;54014;Cainguás;NA;1;31800;2031
54;Misiones;54021;Candelaria;NA;1;20401;2031
54;Misiones;54028;Capital;NA;1;226152;2031
54;Misiones;54035;Concepción;NA;1;5440;2031
54;Misiones;54042;Eldorado;NA;1;51076;2031
54;Misiones;54049;General Manuel Belgrano;NA;1;23871;2031
54;Misiones;54056;Guaraní;NA;1;41511;2031
54;Misiones;54063;Iguazú;NA;1;56248;2031
54;Misiones;54070;Leandro N. Alem;NA;1;26765;2031
54;Misiones;54077;Libertador General San Martín;NA;1;28318;2031
54;Misiones;54084;Montecarlo;NA;1;20222;2031
54;Misiones;54091;Oberá;NA;1;66411;2031
54;Misiones;54098;San Ignacio;NA;1;34170;2031
54;Misiones;54105;San Javier;NA;1;12602;2031
54;Misiones;54112;San Pedro;NA;1;18441;2031
54;Misiones;54119;25 de Mayo;NA;1;16458;2032
54;Misiones;54007;Apóstoles;NA;1;28381;2032
54;Misiones;54014;Cainguás;NA;1;31969;2032
54;Misiones;54021;Candelaria;NA;1;20634;2032
54;Misiones;54028;Capital;NA;1;227944;2032
54;Misiones;54035;Concepción;NA;1;5456;2032
54;Misiones;54042;Eldorado;NA;1;51442;2032
54;Misiones;54049;General Manuel Belgrano;NA;1;23959;2032
54;Misiones;54056;Guaraní;NA;1;41771;2032
54;Misiones;54063;Iguazú;NA;1;56738;2032
54;Misiones;54070;Leandro N. Alem;NA;1;26884;2032
54;Misiones;54077;Libertador General San Martín;NA;1;28472;2032
54;Misiones;54084;Montecarlo;NA;1;20268;2032
54;Misiones;54091;Oberá;NA;1;66786;2032
54;Misiones;54098;San Ignacio;NA;1;34323;2032
54;Misiones;54105;San Javier;NA;1;12666;2032
54;Misiones;54112;San Pedro;NA;1;18551;2032
54;Misiones;54119;25 de Mayo;NA;1;16539;2033
54;Misiones;54007;Apóstoles;NA;1;28588;2033
54;Misiones;54014;Cainguás;NA;1;32134;2033
54;Misiones;54021;Candelaria;NA;1;20862;2033
54;Misiones;54028;Capital;NA;1;229697;2033
54;Misiones;54035;Concepción;NA;1;5473;2033
54;Misiones;54042;Eldorado;NA;1;51800;2033
54;Misiones;54049;General Manuel Belgrano;NA;1;24046;2033
54;Misiones;54056;Guaraní;NA;1;42026;2033
54;Misiones;54063;Iguazú;NA;1;57217;2033
54;Misiones;54070;Leandro N. Alem;NA;1;27001;2033
54;Misiones;54077;Libertador General San Martín;NA;1;28623;2033
54;Misiones;54084;Montecarlo;NA;1;20312;2033
54;Misiones;54091;Oberá;NA;1;67154;2033
54;Misiones;54098;San Ignacio;NA;1;34473;2033
54;Misiones;54105;San Javier;NA;1;12727;2033
54;Misiones;54112;San Pedro;NA;1;18659;2033
54;Misiones;54119;25 de Mayo;NA;1;16619;2034
54;Misiones;54007;Apóstoles;NA;1;28790;2034
54;Misiones;54014;Cainguás;NA;1;32296;2034
54;Misiones;54021;Candelaria;NA;1;21084;2034
54;Misiones;54028;Capital;NA;1;231411;2034
54;Misiones;54035;Concepción;NA;1;5489;2034
54;Misiones;54042;Eldorado;NA;1;52150;2034
54;Misiones;54049;General Manuel Belgrano;NA;1;24130;2034
54;Misiones;54056;Guaraní;NA;1;42276;2034
54;Misiones;54063;Iguazú;NA;1;57685;2034
54;Misiones;54070;Leandro N. Alem;NA;1;27116;2034
54;Misiones;54077;Libertador General San Martín;NA;1;28770;2034
54;Misiones;54084;Montecarlo;NA;1;20355;2034
54;Misiones;54091;Oberá;NA;1;67513;2034
54;Misiones;54098;San Ignacio;NA;1;34620;2034
54;Misiones;54105;San Javier;NA;1;12788;2034
54;Misiones;54112;San Pedro;NA;1;18765;2034
54;Misiones;54119;25 de Mayo;NA;1;16697;2035
54;Misiones;54007;Apóstoles;NA;1;28987;2035
54;Misiones;54014;Cainguás;NA;1;32454;2035
54;Misiones;54021;Candelaria;NA;1;21301;2035
54;Misiones;54028;Capital;NA;1;233084;2035
54;Misiones;54035;Concepción;NA;1;5505;2035
54;Misiones;54042;Eldorado;NA;1;52491;2035
54;Misiones;54049;General Manuel Belgrano;NA;1;24213;2035
54;Misiones;54056;Guaraní;NA;1;42519;2035
54;Misiones;54063;Iguazú;NA;1;58142;2035
54;Misiones;54070;Leandro N. Alem;NA;1;27227;2035
54;Misiones;54077;Libertador General San Martín;NA;1;28914;2035
54;Misiones;54084;Montecarlo;NA;1;20398;2035
54;Misiones;54091;Oberá;NA;1;67863;2035
54;Misiones;54098;San Ignacio;NA;1;34763;2035
54;Misiones;54105;San Javier;NA;1;12847;2035
54;Misiones;54112;San Pedro;NA;1;18868;2035
66;Salta;66007;Anta;NA;2;36908;2022
66;Salta;66014;Cachi;NA;2;4627;2022
66;Salta;66021;Cafayate;NA;2;8960;2022
66;Salta;66028;Capital;NA;2;311094;2022
66;Salta;66035;Cerrillos;NA;2;28481;2022
66;Salta;66042;Chicoana;NA;2;12510;2022
66;Salta;66049;General Güemes;NA;2;28667;2022
66;Salta;66056;General José de San Martín;NA;2;90610;2022
66;Salta;66063;Guachipas;NA;2;1810;2022
66;Salta;66070;Iruya;NA;2;3048;2022
66;Salta;66077;La Caldera;NA;2;6398;2022
66;Salta;66084;La Candelaria;NA;2;3771;2022
66;Salta;66091;La Poma;NA;2;881;2022
66;Salta;66098;La Viña;NA;2;4530;2022
66;Salta;66105;Los Andes;NA;2;3666;2022
66;Salta;66112;Metán;NA;2;24708;2022
66;Salta;66119;Molinos;NA;2;2968;2022
66;Salta;66126;Orán;NA;2;82671;2022
66;Salta;66133;Rivadavia;NA;2;19895;2022
66;Salta;66147;Rosario de Lerma;NA;2;25996;2022
66;Salta;66140;Rosario de la Frontera;NA;2;17157;2022
66;Salta;66154;San Carlos;NA;2;4036;2022
66;Salta;66161;Santa Victoria;NA;2;4789;2022
66;Salta;66007;Anta;NA;2;37111;2023
66;Salta;66014;Cachi;NA;2;4651;2023
66;Salta;66021;Cafayate;NA;2;9001;2023
66;Salta;66028;Capital;NA;2;312454;2023
66;Salta;66035;Cerrillos;NA;2;28821;2023
66;Salta;66042;Chicoana;NA;2;12563;2023
66;Salta;66049;General Güemes;NA;2;28798;2023
66;Salta;66056;General José de San Martín;NA;2;90870;2023
66;Salta;66063;Guachipas;NA;2;1812;2023
66;Salta;66070;Iruya;NA;2;3046;2023
66;Salta;66077;La Caldera;NA;2;6478;2023
66;Salta;66084;La Candelaria;NA;2;3794;2023
66;Salta;66091;La Poma;NA;2;880;2023
66;Salta;66098;La Viña;NA;2;4550;2023
66;Salta;66105;Los Andes;NA;2;3678;2023
66;Salta;66112;Metán;NA;2;24826;2023
66;Salta;66119;Molinos;NA;2;2968;2023
66;Salta;66126;Orán;NA;2;82976;2023
66;Salta;66133;Rivadavia;NA;2;20006;2023
66;Salta;66147;Rosario de Lerma;NA;2;26194;2023
66;Salta;66140;Rosario de la Frontera;NA;2;17225;2023
66;Salta;66154;San Carlos;NA;2;4045;2023
66;Salta;66161;Santa Victoria;NA;2;4767;2023
66;Salta;66007;Anta;NA;2;37308;2024
66;Salta;66014;Cachi;NA;2;4674;2024
66;Salta;66021;Cafayate;NA;2;9040;2024
66;Salta;66028;Capital;NA;2;313774;2024
66;Salta;66035;Cerrillos;NA;2;29151;2024
66;Salta;66042;Chicoana;NA;2;12615;2024
66;Salta;66049;General Güemes;NA;2;28925;2024
66;Salta;66056;General José de San Martín;NA;2;91123;2024
66;Salta;66063;Guachipas;NA;2;1815;2024
66;Salta;66070;Iruya;NA;2;3043;2024
66;Salta;66077;La Caldera;NA;2;6555;2024
66;Salta;66084;La Candelaria;NA;2;3817;2024
66;Salta;66091;La Poma;NA;2;879;2024
66;Salta;66098;La Viña;NA;2;4569;2024
66;Salta;66105;Los Andes;NA;2;3689;2024
66;Salta;66112;Metán;NA;2;24941;2024
66;Salta;66119;Molinos;NA;2;2968;2024
66;Salta;66126;Orán;NA;2;83273;2024
66;Salta;66133;Rivadavia;NA;2;20114;2024
66;Salta;66147;Rosario de Lerma;NA;2;26387;2024
66;Salta;66140;Rosario de la Frontera;NA;2;17292;2024
66;Salta;66154;San Carlos;NA;2;4054;2024
66;Salta;66161;Santa Victoria;NA;2;4745;2024
66;Salta;66007;Anta;NA;2;37495;2025
66;Salta;66014;Cachi;NA;2;4696;2025
66;Salta;66021;Cafayate;NA;2;9077;2025
66;Salta;66028;Capital;NA;2;315028;2025
66;Salta;66035;Cerrillos;NA;2;29465;2025
66;Salta;66042;Chicoana;NA;2;12664;2025
66;Salta;66049;General Güemes;NA;2;29046;2025
66;Salta;66056;General José de San Martín;NA;2;91362;2025
66;Salta;66063;Guachipas;NA;2;1816;2025
66;Salta;66070;Iruya;NA;2;3041;2025
66;Salta;66077;La Caldera;NA;2;6629;2025
66;Salta;66084;La Candelaria;NA;2;3838;2025
66;Salta;66091;La Poma;NA;2;878;2025
66;Salta;66098;La Viña;NA;2;4587;2025
66;Salta;66105;Los Andes;NA;2;3700;2025
66;Salta;66112;Metán;NA;2;25050;2025
66;Salta;66119;Molinos;NA;2;2967;2025
66;Salta;66126;Orán;NA;2;83554;2025
66;Salta;66133;Rivadavia;NA;2;20217;2025
66;Salta;66147;Rosario de Lerma;NA;2;26571;2025
66;Salta;66140;Rosario de la Frontera;NA;2;17356;2025
66;Salta;66154;San Carlos;NA;2;4062;2025
66;Salta;66161;Santa Victoria;NA;2;4725;2025
66;Salta;66007;Anta;NA;2;37669;2026
66;Salta;66014;Cachi;NA;2;4716;2026
66;Salta;66021;Cafayate;NA;2;9112;2026
66;Salta;66028;Capital;NA;2;316194;2026
66;Salta;66035;Cerrillos;NA;2;29757;2026
66;Salta;66042;Chicoana;NA;2;12709;2026
66;Salta;66049;General Güemes;NA;2;29158;2026
66;Salta;66056;General José de San Martín;NA;2;91585;2026
66;Salta;66063;Guachipas;NA;2;1818;2026
66;Salta;66070;Iruya;NA;2;3039;2026
66;Salta;66077;La Caldera;NA;2;6697;2026
66;Salta;66084;La Candelaria;NA;2;3858;2026
66;Salta;66091;La Poma;NA;2;877;2026
66;Salta;66098;La Viña;NA;2;4604;2026
66;Salta;66105;Los Andes;NA;2;3711;2026
66;Salta;66112;Metán;NA;2;25152;2026
66;Salta;66119;Molinos;NA;2;2967;2026
66;Salta;66126;Orán;NA;2;83816;2026
66;Salta;66133;Rivadavia;NA;2;20312;2026
66;Salta;66147;Rosario de Lerma;NA;2;26741;2026
66;Salta;66140;Rosario de la Frontera;NA;2;17415;2026
66;Salta;66154;San Carlos;NA;2;4070;2026
66;Salta;66161;Santa Victoria;NA;2;4706;2026
66;Salta;66007;Anta;NA;2;37832;2027
66;Salta;66014;Cachi;NA;2;4735;2027
66;Salta;66021;Cafayate;NA;2;9144;2027
66;Salta;66028;Capital;NA;2;317288;2027
66;Salta;66035;Cerrillos;NA;2;30030;2027
66;Salta;66042;Chicoana;NA;2;12752;2027
66;Salta;66049;General Güemes;NA;2;29263;2027
66;Salta;66056;General José de San Martín;NA;2;91794;2027
66;Salta;66063;Guachipas;NA;2;1820;2027
66;Salta;66070;Iruya;NA;2;3038;2027
66;Salta;66077;La Caldera;NA;2;6761;2027
66;Salta;66084;La Candelaria;NA;2;3876;2027
66;Salta;66091;La Poma;NA;2;877;2027
66;Salta;66098;La Viña;NA;2;4620;2027
66;Salta;66105;Los Andes;NA;2;3720;2027
66;Salta;66112;Metán;NA;2;25248;2027
66;Salta;66119;Molinos;NA;2;2967;2027
66;Salta;66126;Orán;NA;2;84061;2027
66;Salta;66133;Rivadavia;NA;2;20402;2027
66;Salta;66147;Rosario de Lerma;NA;2;26901;2027
66;Salta;66140;Rosario de la Frontera;NA;2;17470;2027
66;Salta;66154;San Carlos;NA;2;4077;2027
66;Salta;66161;Santa Victoria;NA;2;4688;2027
66;Salta;66007;Anta;NA;2;37993;2028
66;Salta;66014;Cachi;NA;2;4754;2028
66;Salta;66021;Cafayate;NA;2;9176;2028
66;Salta;66028;Capital;NA;2;318367;2028
66;Salta;66035;Cerrillos;NA;2;30300;2028
66;Salta;66042;Chicoana;NA;2;12794;2028
66;Salta;66049;General Güemes;NA;2;29366;2028
66;Salta;66056;General José de San Martín;NA;2;92001;2028
66;Salta;66063;Guachipas;NA;2;1822;2028
66;Salta;66070;Iruya;NA;2;3036;2028
66;Salta;66077;La Caldera;NA;2;6824;2028
66;Salta;66084;La Candelaria;NA;2;3895;2028
66;Salta;66091;La Poma;NA;2;876;2028
66;Salta;66098;La Viña;NA;2;4636;2028
66;Salta;66105;Los Andes;NA;2;3730;2028
66;Salta;66112;Metán;NA;2;25341;2028
66;Salta;66119;Molinos;NA;2;2967;2028
66;Salta;66126;Orán;NA;2;84303;2028
66;Salta;66133;Rivadavia;NA;2;20490;2028
66;Salta;66147;Rosario de Lerma;NA;2;27058;2028
66;Salta;66140;Rosario de la Frontera;NA;2;17524;2028
66;Salta;66154;San Carlos;NA;2;4084;2028
66;Salta;66161;Santa Victoria;NA;2;4671;2028
66;Salta;66007;Anta;NA;2;38155;2029
66;Salta;66014;Cachi;NA;2;4773;2029
66;Salta;66021;Cafayate;NA;2;9208;2029
66;Salta;66028;Capital;NA;2;319457;2029
66;Salta;66035;Cerrillos;NA;2;30573;2029
66;Salta;66042;Chicoana;NA;2;12837;2029
66;Salta;66049;General Güemes;NA;2;29471;2029
66;Salta;66056;General José de San Martín;NA;2;92209;2029
66;Salta;66063;Guachipas;NA;2;1823;2029
66;Salta;66070;Iruya;NA;2;3034;2029
66;Salta;66077;La Caldera;NA;2;6888;2029
66;Salta;66084;La Candelaria;NA;2;3913;2029
66;Salta;66091;La Poma;NA;2;875;2029
66;Salta;66098;La Viña;NA;2;4652;2029
66;Salta;66105;Los Andes;NA;2;3739;2029
66;Salta;66112;Metán;NA;2;25436;2029
66;Salta;66119;Molinos;NA;2;2966;2029
66;Salta;66126;Orán;NA;2;84548;2029
66;Salta;66133;Rivadavia;NA;2;20580;2029
66;Salta;66147;Rosario de Lerma;NA;2;27218;2029
66;Salta;66140;Rosario de la Frontera;NA;2;17580;2029
66;Salta;66154;San Carlos;NA;2;4091;2029
66;Salta;66161;Santa Victoria;NA;2;4653;2029
66;Salta;66007;Anta;NA;2;38318;2030
66;Salta;66014;Cachi;NA;2;4792;2030
66;Salta;66021;Cafayate;NA;2;9241;2030
66;Salta;66028;Capital;NA;2;320551;2030
66;Salta;66035;Cerrillos;NA;2;30847;2030
66;Salta;66042;Chicoana;NA;2;12880;2030
66;Salta;66049;General Güemes;NA;2;29576;2030
66;Salta;66056;General José de San Martín;NA;2;92418;2030
66;Salta;66063;Guachipas;NA;2;1825;2030
66;Salta;66070;Iruya;NA;2;3032;2030
66;Salta;66077;La Caldera;NA;2;6952;2030
66;Salta;66084;La Candelaria;NA;2;3932;2030
66;Salta;66091;La Poma;NA;2;874;2030
66;Salta;66098;La Viña;NA;2;4668;2030
66;Salta;66105;Los Andes;NA;2;3749;2030
66;Salta;66112;Metán;NA;2;25532;2030
66;Salta;66119;Molinos;NA;2;2966;2030
66;Salta;66126;Orán;NA;2;84793;2030
66;Salta;66133;Rivadavia;NA;2;20669;2030
66;Salta;66147;Rosario de Lerma;NA;2;27377;2030
66;Salta;66140;Rosario de la Frontera;NA;2;17635;2030
66;Salta;66154;San Carlos;NA;2;4099;2030
66;Salta;66161;Santa Victoria;NA;2;4635;2030
66;Salta;66007;Anta;NA;2;38484;2031
66;Salta;66014;Cachi;NA;2;4811;2031
66;Salta;66021;Cafayate;NA;2;9274;2031
66;Salta;66028;Capital;NA;2;321666;2031
66;Salta;66035;Cerrillos;NA;2;31125;2031
66;Salta;66042;Chicoana;NA;2;12923;2031
66;Salta;66049;General Güemes;NA;2;29684;2031
66;Salta;66056;General José de San Martín;NA;2;92631;2031
66;Salta;66063;Guachipas;NA;2;1827;2031
66;Salta;66070;Iruya;NA;2;3030;2031
66;Salta;66077;La Caldera;NA;2;7018;2031
66;Salta;66084;La Candelaria;NA;2;3950;2031
66;Salta;66091;La Poma;NA;2;874;2031
66;Salta;66098;La Viña;NA;2;4684;2031
66;Salta;66105;Los Andes;NA;2;3759;2031
66;Salta;66112;Metán;NA;2;25629;2031
66;Salta;66119;Molinos;NA;2;2966;2031
66;Salta;66126;Orán;NA;2;85043;2031
66;Salta;66133;Rivadavia;NA;2;20761;2031
66;Salta;66147;Rosario de Lerma;NA;2;27540;2031
66;Salta;66140;Rosario de la Frontera;NA;2;17691;2031
66;Salta;66154;San Carlos;NA;2;4106;2031
66;Salta;66161;Santa Victoria;NA;2;4617;2031
66;Salta;66007;Anta;NA;2;38652;2032
66;Salta;66014;Cachi;NA;2;4830;2032
66;Salta;66021;Cafayate;NA;2;9307;2032
66;Salta;66028;Capital;NA;2;322788;2032
66;Salta;66035;Cerrillos;NA;2;31406;2032
66;Salta;66042;Chicoana;NA;2;12967;2032
66;Salta;66049;General Güemes;NA;2;29791;2032
66;Salta;66056;General José de San Martín;NA;2;92846;2032
66;Salta;66063;Guachipas;NA;2;1828;2032
66;Salta;66070;Iruya;NA;2;3028;2032
66;Salta;66077;La Caldera;NA;2;7083;2032
66;Salta;66084;La Candelaria;NA;2;3970;2032
66;Salta;66091;La Poma;NA;2;873;2032
66;Salta;66098;La Viña;NA;2;4701;2032
66;Salta;66105;Los Andes;NA;2;3769;2032
66;Salta;66112;Metán;NA;2;25727;2032
66;Salta;66119;Molinos;NA;2;2966;2032
66;Salta;66126;Orán;NA;2;85295;2032
66;Salta;66133;Rivadavia;NA;2;20853;2032
66;Salta;66147;Rosario de Lerma;NA;2;27704;2032
66;Salta;66140;Rosario de la Frontera;NA;2;17748;2032
66;Salta;66154;San Carlos;NA;2;4114;2032
66;Salta;66161;Santa Victoria;NA;2;4599;2032
66;Salta;66007;Anta;NA;2;38820;2033
66;Salta;66014;Cachi;NA;2;4850;2033
66;Salta;66021;Cafayate;NA;2;9341;2033
66;Salta;66028;Capital;NA;2;323915;2033
66;Salta;66035;Cerrillos;NA;2;31688;2033
66;Salta;66042;Chicoana;NA;2;13011;2033
66;Salta;66049;General Güemes;NA;2;29900;2033
66;Salta;66056;General José de San Martín;NA;2;93062;2033
66;Salta;66063;Guachipas;NA;2;1830;2033
66;Salta;66070;Iruya;NA;2;3026;2033
66;Salta;66077;La Caldera;NA;2;7149;2033
66;Salta;66084;La Candelaria;NA;2;3989;2033
66;Salta;66091;La Poma;NA;2;872;2033
66;Salta;66098;La Viña;NA;2;4717;2033
66;Salta;66105;Los Andes;NA;2;3779;2033
66;Salta;66112;Metán;NA;2;25825;2033
66;Salta;66119;Molinos;NA;2;2965;2033
66;Salta;66126;Orán;NA;2;85548;2033
66;Salta;66133;Rivadavia;NA;2;20945;2033
66;Salta;66147;Rosario de Lerma;NA;2;27869;2033
66;Salta;66140;Rosario de la Frontera;NA;2;17805;2033
66;Salta;66154;San Carlos;NA;2;4121;2033
66;Salta;66161;Santa Victoria;NA;2;4580;2033
66;Salta;66007;Anta;NA;2;38988;2034
66;Salta;66014;Cachi;NA;2;4870;2034
66;Salta;66021;Cafayate;NA;2;9374;2034
66;Salta;66028;Capital;NA;2;325048;2034
66;Salta;66035;Cerrillos;NA;2;31972;2034
66;Salta;66042;Chicoana;NA;2;13055;2034
66;Salta;66049;General Güemes;NA;2;30009;2034
66;Salta;66056;General José de San Martín;NA;2;93278;2034
66;Salta;66063;Guachipas;NA;2;1832;2034
66;Salta;66070;Iruya;NA;2;3024;2034
66;Salta;66077;La Caldera;NA;2;7216;2034
66;Salta;66084;La Candelaria;NA;2;4008;2034
66;Salta;66091;La Poma;NA;2;871;2034
66;Salta;66098;La Viña;NA;2;4733;2034
66;Salta;66105;Los Andes;NA;2;3789;2034
66;Salta;66112;Metán;NA;2;25924;2034
66;Salta;66119;Molinos;NA;2;2965;2034
66;Salta;66126;Orán;NA;2;85802;2034
66;Salta;66133;Rivadavia;NA;2;21038;2034
66;Salta;66147;Rosario de Lerma;NA;2;28035;2034
66;Salta;66140;Rosario de la Frontera;NA;2;17862;2034
66;Salta;66154;San Carlos;NA;2;4129;2034
66;Salta;66161;Santa Victoria;NA;2;4562;2034
66;Salta;66007;Anta;NA;2;39157;2035
66;Salta;66014;Cachi;NA;2;4889;2035
66;Salta;66021;Cafayate;NA;2;9408;2035
66;Salta;66028;Capital;NA;2;326179;2035
66;Salta;66035;Cerrillos;NA;2;32254;2035
66;Salta;66042;Chicoana;NA;2;13100;2035
66;Salta;66049;General Güemes;NA;2;30117;2035
66;Salta;66056;General José de San Martín;NA;2;93494;2035
66;Salta;66063;Guachipas;NA;2;1834;2035
66;Salta;66070;Iruya;NA;2;3023;2035
66;Salta;66077;La Caldera;NA;2;7282;2035
66;Salta;66084;La Candelaria;NA;2;4027;2035
66;Salta;66091;La Poma;NA;2;871;2035
66;Salta;66098;La Viña;NA;2;4750;2035
66;Salta;66105;Los Andes;NA;2;3799;2035
66;Salta;66112;Metán;NA;2;26022;2035
66;Salta;66119;Molinos;NA;2;2965;2035
66;Salta;66126;Orán;NA;2;86056;2035
66;Salta;66133;Rivadavia;NA;2;21130;2035
66;Salta;66147;Rosario de Lerma;NA;2;28200;2035
66;Salta;66140;Rosario de la Frontera;NA;2;17919;2035
66;Salta;66154;San Carlos;NA;2;4136;2035
66;Salta;66161;Santa Victoria;NA;2;4544;2035
66;Salta;66007;Anta;NA;1;34584;2022
66;Salta;66014;Cachi;NA;1;4487;2022
66;Salta;66021;Cafayate;NA;1;9191;2022
66;Salta;66028;Capital;NA;1;327560;2022
66;Salta;66035;Cerrillos;NA;1;28490;2022
66;Salta;66042;Chicoana;NA;1;12668;2022
66;Salta;66049;General Güemes;NA;1;28527;2022
66;Salta;66056;General José de San Martín;NA;1;90646;2022
66;Salta;66063;Guachipas;NA;1;1745;2022
66;Salta;66070;Iruya;NA;1;3180;2022
66;Salta;66077;La Caldera;NA;1;6130;2022
66;Salta;66084;La Candelaria;NA;1;3569;2022
66;Salta;66091;La Poma;NA;1;940;2022
66;Salta;66098;La Viña;NA;1;4533;2022
66;Salta;66105;Los Andes;NA;1;3648;2022
66;Salta;66112;Metán;NA;1;24424;2022
66;Salta;66119;Molinos;NA;1;2958;2022
66;Salta;66126;Orán;NA;1;80936;2022
66;Salta;66133;Rivadavia;NA;1;18904;2022
66;Salta;66147;Rosario de Lerma;NA;1;25965;2022
66;Salta;66140;Rosario de la Frontera;NA;1;17268;2022
66;Salta;66154;San Carlos;NA;1;3907;2022
66;Salta;66161;Santa Victoria;NA;1;4796;2022
66;Salta;66007;Anta;NA;1;34771;2023
66;Salta;66014;Cachi;NA;1;4512;2023
66;Salta;66021;Cafayate;NA;1;9240;2023
66;Salta;66028;Capital;NA;1;328820;2023
66;Salta;66035;Cerrillos;NA;1;28835;2023
66;Salta;66042;Chicoana;NA;1;12734;2023
66;Salta;66049;General Güemes;NA;1;28659;2023
66;Salta;66056;General José de San Martín;NA;1;90948;2023
66;Salta;66063;Guachipas;NA;1;1750;2023
66;Salta;66070;Iruya;NA;1;3178;2023
66;Salta;66077;La Caldera;NA;1;6205;2023
66;Salta;66084;La Candelaria;NA;1;3592;2023
66;Salta;66091;La Poma;NA;1;940;2023
66;Salta;66098;La Viña;NA;1;4556;2023
66;Salta;66105;Los Andes;NA;1;3669;2023
66;Salta;66112;Metán;NA;1;24536;2023
66;Salta;66119;Molinos;NA;1;2957;2023
66;Salta;66126;Orán;NA;1;81242;2023
66;Salta;66133;Rivadavia;NA;1;19032;2023
66;Salta;66147;Rosario de Lerma;NA;1;26161;2023
66;Salta;66140;Rosario de la Frontera;NA;1;17334;2023
66;Salta;66154;San Carlos;NA;1;3916;2023
66;Salta;66161;Santa Victoria;NA;1;4770;2023
66;Salta;66007;Anta;NA;1;34953;2024
66;Salta;66014;Cachi;NA;1;4536;2024
66;Salta;66021;Cafayate;NA;1;9288;2024
66;Salta;66028;Capital;NA;1;330048;2024
66;Salta;66035;Cerrillos;NA;1;29171;2024
66;Salta;66042;Chicoana;NA;1;12797;2024
66;Salta;66049;General Güemes;NA;1;28787;2024
66;Salta;66056;General José de San Martín;NA;1;91243;2024
66;Salta;66063;Guachipas;NA;1;1754;2024
66;Salta;66070;Iruya;NA;1;3177;2024
66;Salta;66077;La Caldera;NA;1;6278;2024
66;Salta;66084;La Candelaria;NA;1;3615;2024
66;Salta;66091;La Poma;NA;1;940;2024
66;Salta;66098;La Viña;NA;1;4578;2024
66;Salta;66105;Los Andes;NA;1;3689;2024
66;Salta;66112;Metán;NA;1;24645;2024
66;Salta;66119;Molinos;NA;1;2956;2024
66;Salta;66126;Orán;NA;1;81541;2024
66;Salta;66133;Rivadavia;NA;1;19157;2024
66;Salta;66147;Rosario de Lerma;NA;1;26353;2024
66;Salta;66140;Rosario de la Frontera;NA;1;17399;2024
66;Salta;66154;San Carlos;NA;1;3926;2024
66;Salta;66161;Santa Victoria;NA;1;4745;2024
66;Salta;66007;Anta;NA;1;35129;2025
66;Salta;66014;Cachi;NA;1;4560;2025
66;Salta;66021;Cafayate;NA;1;9335;2025
66;Salta;66028;Capital;NA;1;331237;2025
66;Salta;66035;Cerrillos;NA;1;29496;2025
66;Salta;66042;Chicoana;NA;1;12859;2025
66;Salta;66049;General Güemes;NA;1;28912;2025
66;Salta;66056;General José de San Martín;NA;1;91529;2025
66;Salta;66063;Guachipas;NA;1;1758;2025
66;Salta;66070;Iruya;NA;1;3175;2025
66;Salta;66077;La Caldera;NA;1;6349;2025
66;Salta;66084;La Candelaria;NA;1;3638;2025
66;Salta;66091;La Poma;NA;1;941;2025
66;Salta;66098;La Viña;NA;1;4600;2025
66;Salta;66105;Los Andes;NA;1;3708;2025
66;Salta;66112;Metán;NA;1;24751;2025
66;Salta;66119;Molinos;NA;1;2955;2025
66;Salta;66126;Orán;NA;1;81830;2025
66;Salta;66133;Rivadavia;NA;1;19277;2025
66;Salta;66147;Rosario de Lerma;NA;1;26538;2025
66;Salta;66140;Rosario de la Frontera;NA;1;17461;2025
66;Salta;66154;San Carlos;NA;1;3935;2025
66;Salta;66161;Santa Victoria;NA;1;4720;2025
66;Salta;66007;Anta;NA;1;35293;2026
66;Salta;66014;Cachi;NA;1;4582;2026
66;Salta;66021;Cafayate;NA;1;9378;2026
66;Salta;66028;Capital;NA;1;332340;2026
66;Salta;66035;Cerrillos;NA;1;29798;2026
66;Salta;66042;Chicoana;NA;1;12916;2026
66;Salta;66049;General Güemes;NA;1;29027;2026
66;Salta;66056;General José de San Martín;NA;1;91794;2026
66;Salta;66063;Guachipas;NA;1;1762;2026
66;Salta;66070;Iruya;NA;1;3174;2026
66;Salta;66077;La Caldera;NA;1;6415;2026
66;Salta;66084;La Candelaria;NA;1;3658;2026
66;Salta;66091;La Poma;NA;1;941;2026
66;Salta;66098;La Viña;NA;1;4620;2026
66;Salta;66105;Los Andes;NA;1;3726;2026
66;Salta;66112;Metán;NA;1;24849;2026
66;Salta;66119;Molinos;NA;1;2954;2026
66;Salta;66126;Orán;NA;1;82098;2026
66;Salta;66133;Rivadavia;NA;1;19389;2026
66;Salta;66147;Rosario de Lerma;NA;1;26710;2026
66;Salta;66140;Rosario de la Frontera;NA;1;17519;2026
66;Salta;66154;San Carlos;NA;1;3943;2026
66;Salta;66161;Santa Victoria;NA;1;4698;2026
66;Salta;66007;Anta;NA;1;35445;2027
66;Salta;66014;Cachi;NA;1;4602;2027
66;Salta;66021;Cafayate;NA;1;9418;2027
66;Salta;66028;Capital;NA;1;333363;2027
66;Salta;66035;Cerrillos;NA;1;30078;2027
66;Salta;66042;Chicoana;NA;1;12969;2027
66;Salta;66049;General Güemes;NA;1;29134;2027
66;Salta;66056;General José de San Martín;NA;1;92040;2027
66;Salta;66063;Guachipas;NA;1;1766;2027
66;Salta;66070;Iruya;NA;1;3172;2027
66;Salta;66077;La Caldera;NA;1;6476;2027
66;Salta;66084;La Candelaria;NA;1;3677;2027
66;Salta;66091;La Poma;NA;1;941;2027
66;Salta;66098;La Viña;NA;1;4638;2027
66;Salta;66105;Los Andes;NA;1;3743;2027
66;Salta;66112;Metán;NA;1;24941;2027
66;Salta;66119;Molinos;NA;1;2953;2027
66;Salta;66126;Orán;NA;1;82346;2027
66;Salta;66133;Rivadavia;NA;1;19493;2027
66;Salta;66147;Rosario de Lerma;NA;1;26870;2027
66;Salta;66140;Rosario de la Frontera;NA;1;17573;2027
66;Salta;66154;San Carlos;NA;1;3950;2027
66;Salta;66161;Santa Victoria;NA;1;4677;2027
66;Salta;66007;Anta;NA;1;35593;2028
66;Salta;66014;Cachi;NA;1;4622;2028
66;Salta;66021;Cafayate;NA;1;9457;2028
66;Salta;66028;Capital;NA;1;334363;2028
66;Salta;66035;Cerrillos;NA;1;30352;2028
66;Salta;66042;Chicoana;NA;1;13021;2028
66;Salta;66049;General Güemes;NA;1;29238;2028
66;Salta;66056;General José de San Martín;NA;1;92280;2028
66;Salta;66063;Guachipas;NA;1;1769;2028
66;Salta;66070;Iruya;NA;1;3171;2028
66;Salta;66077;La Caldera;NA;1;6535;2028
66;Salta;66084;La Candelaria;NA;1;3696;2028
66;Salta;66091;La Poma;NA;1;942;2028
66;Salta;66098;La Viña;NA;1;4656;2028
66;Salta;66105;Los Andes;NA;1;3759;2028
66;Salta;66112;Metán;NA;1;25030;2028
66;Salta;66119;Molinos;NA;1;2952;2028
66;Salta;66126;Orán;NA;1;82589;2028
66;Salta;66133;Rivadavia;NA;1;19594;2028
66;Salta;66147;Rosario de Lerma;NA;1;27026;2028
66;Salta;66140;Rosario de la Frontera;NA;1;17625;2028
66;Salta;66154;San Carlos;NA;1;3958;2028
66;Salta;66161;Santa Victoria;NA;1;4656;2028
66;Salta;66007;Anta;NA;1;35742;2029
66;Salta;66014;Cachi;NA;1;4643;2029
66;Salta;66021;Cafayate;NA;1;9496;2029
66;Salta;66028;Capital;NA;1;335371;2029
66;Salta;66035;Cerrillos;NA;1;30628;2029
66;Salta;66042;Chicoana;NA;1;13073;2029
66;Salta;66049;General Güemes;NA;1;29344;2029
66;Salta;66056;General José de San Martín;NA;1;92522;2029
66;Salta;66063;Guachipas;NA;1;1773;2029
66;Salta;66070;Iruya;NA;1;3170;2029
66;Salta;66077;La Caldera;NA;1;6595;2029
66;Salta;66084;La Candelaria;NA;1;3715;2029
66;Salta;66091;La Poma;NA;1;942;2029
66;Salta;66098;La Viña;NA;1;4675;2029
66;Salta;66105;Los Andes;NA;1;3776;2029
66;Salta;66112;Metán;NA;1;25119;2029
66;Salta;66119;Molinos;NA;1;2951;2029
66;Salta;66126;Orán;NA;1;82834;2029
66;Salta;66133;Rivadavia;NA;1;19696;2029
66;Salta;66147;Rosario de Lerma;NA;1;27183;2029
66;Salta;66140;Rosario de la Frontera;NA;1;17678;2029
66;Salta;66154;San Carlos;NA;1;3965;2029
66;Salta;66161;Santa Victoria;NA;1;4635;2029
66;Salta;66007;Anta;NA;1;35890;2030
66;Salta;66014;Cachi;NA;1;4662;2030
66;Salta;66021;Cafayate;NA;1;9535;2030
66;Salta;66028;Capital;NA;1;336369;2030
66;Salta;66035;Cerrillos;NA;1;30901;2030
66;Salta;66042;Chicoana;NA;1;13125;2030
66;Salta;66049;General Güemes;NA;1;29448;2030
66;Salta;66056;General José de San Martín;NA;1;92761;2030
66;Salta;66063;Guachipas;NA;1;1776;2030
66;Salta;66070;Iruya;NA;1;3169;2030
66;Salta;66077;La Caldera;NA;1;6655;2030
66;Salta;66084;La Candelaria;NA;1;3734;2030
66;Salta;66091;La Poma;NA;1;942;2030
66;Salta;66098;La Viña;NA;1;4693;2030
66;Salta;66105;Los Andes;NA;1;3792;2030
66;Salta;66112;Metán;NA;1;25208;2030
66;Salta;66119;Molinos;NA;1;2950;2030
66;Salta;66126;Orán;NA;1;83077;2030
66;Salta;66133;Rivadavia;NA;1;19797;2030
66;Salta;66147;Rosario de Lerma;NA;1;27338;2030
66;Salta;66140;Rosario de la Frontera;NA;1;17731;2030
66;Salta;66154;San Carlos;NA;1;3973;2030
66;Salta;66161;Santa Victoria;NA;1;4615;2030
66;Salta;66007;Anta;NA;1;36040;2031
66;Salta;66014;Cachi;NA;1;4683;2031
66;Salta;66021;Cafayate;NA;1;9575;2031
66;Salta;66028;Capital;NA;1;337381;2031
66;Salta;66035;Cerrillos;NA;1;31178;2031
66;Salta;66042;Chicoana;NA;1;13177;2031
66;Salta;66049;General Güemes;NA;1;29554;2031
66;Salta;66056;General José de San Martín;NA;1;93005;2031
66;Salta;66063;Guachipas;NA;1;1780;2031
66;Salta;66070;Iruya;NA;1;3168;2031
66;Salta;66077;La Caldera;NA;1;6715;2031
66;Salta;66084;La Candelaria;NA;1;3753;2031
66;Salta;66091;La Poma;NA;1;942;2031
66;Salta;66098;La Viña;NA;1;4711;2031
66;Salta;66105;Los Andes;NA;1;3809;2031
66;Salta;66112;Metán;NA;1;25298;2031
66;Salta;66119;Molinos;NA;1;2949;2031
66;Salta;66126;Orán;NA;1;83323;2031
66;Salta;66133;Rivadavia;NA;1;19900;2031
66;Salta;66147;Rosario de Lerma;NA;1;27496;2031
66;Salta;66140;Rosario de la Frontera;NA;1;17784;2031
66;Salta;66154;San Carlos;NA;1;3980;2031
66;Salta;66161;Santa Victoria;NA;1;4594;2031
66;Salta;66007;Anta;NA;1;36191;2032
66;Salta;66014;Cachi;NA;1;4703;2032
66;Salta;66021;Cafayate;NA;1;9615;2032
66;Salta;66028;Capital;NA;1;338396;2032
66;Salta;66035;Cerrillos;NA;1;31455;2032
66;Salta;66042;Chicoana;NA;1;13230;2032
66;Salta;66049;General Güemes;NA;1;29660;2032
66;Salta;66056;General José de San Martín;NA;1;93248;2032
66;Salta;66063;Guachipas;NA;1;1783;2032
66;Salta;66070;Iruya;NA;1;3166;2032
66;Salta;66077;La Caldera;NA;1;6775;2032
66;Salta;66084;La Candelaria;NA;1;3772;2032
66;Salta;66091;La Poma;NA;1;943;2032
66;Salta;66098;La Viña;NA;1;4730;2032
66;Salta;66105;Los Andes;NA;1;3825;2032
66;Salta;66112;Metán;NA;1;25389;2032
66;Salta;66119;Molinos;NA;1;2948;2032
66;Salta;66126;Orán;NA;1;83570;2032
66;Salta;66133;Rivadavia;NA;1;20003;2032
66;Salta;66147;Rosario de Lerma;NA;1;27654;2032
66;Salta;66140;Rosario de la Frontera;NA;1;17837;2032
66;Salta;66154;San Carlos;NA;1;3988;2032
66;Salta;66161;Santa Victoria;NA;1;4573;2032
66;Salta;66007;Anta;NA;1;36341;2033
66;Salta;66014;Cachi;NA;1;4723;2033
66;Salta;66021;Cafayate;NA;1;9655;2033
66;Salta;66028;Capital;NA;1;339408;2033
66;Salta;66035;Cerrillos;NA;1;31732;2033
66;Salta;66042;Chicoana;NA;1;13282;2033
66;Salta;66049;General Güemes;NA;1;29766;2033
66;Salta;66056;General José de San Martín;NA;1;93492;2033
66;Salta;66063;Guachipas;NA;1;1787;2033
66;Salta;66070;Iruya;NA;1;3165;2033
66;Salta;66077;La Caldera;NA;1;6836;2033
66;Salta;66084;La Candelaria;NA;1;3791;2033
66;Salta;66091;La Poma;NA;1;943;2033
66;Salta;66098;La Viña;NA;1;4748;2033
66;Salta;66105;Los Andes;NA;1;3842;2033
66;Salta;66112;Metán;NA;1;25479;2033
66;Salta;66119;Molinos;NA;1;2947;2033
66;Salta;66126;Orán;NA;1;83816;2033
66;Salta;66133;Rivadavia;NA;1;20106;2033
66;Salta;66147;Rosario de Lerma;NA;1;27812;2033
66;Salta;66140;Rosario de la Frontera;NA;1;17890;2033
66;Salta;66154;San Carlos;NA;1;3995;2033
66;Salta;66161;Santa Victoria;NA;1;4552;2033
66;Salta;66007;Anta;NA;1;36491;2034
66;Salta;66014;Cachi;NA;1;4743;2034
66;Salta;66021;Cafayate;NA;1;9694;2034
66;Salta;66028;Capital;NA;1;340420;2034
66;Salta;66035;Cerrillos;NA;1;32009;2034
66;Salta;66042;Chicoana;NA;1;13335;2034
66;Salta;66049;General Güemes;NA;1;29872;2034
66;Salta;66056;General José de San Martín;NA;1;93734;2034
66;Salta;66063;Guachipas;NA;1;1791;2034
66;Salta;66070;Iruya;NA;1;3164;2034
66;Salta;66077;La Caldera;NA;1;6896;2034
66;Salta;66084;La Candelaria;NA;1;3810;2034
66;Salta;66091;La Poma;NA;1;943;2034
66;Salta;66098;La Viña;NA;1;4767;2034
66;Salta;66105;Los Andes;NA;1;3858;2034
66;Salta;66112;Metán;NA;1;25569;2034
66;Salta;66119;Molinos;NA;1;2946;2034
66;Salta;66126;Orán;NA;1;84062;2034
66;Salta;66133;Rivadavia;NA;1;20208;2034
66;Salta;66147;Rosario de Lerma;NA;1;27970;2034
66;Salta;66140;Rosario de la Frontera;NA;1;17943;2034
66;Salta;66154;San Carlos;NA;1;4003;2034
66;Salta;66161;Santa Victoria;NA;1;4531;2034
66;Salta;66007;Anta;NA;1;36640;2035
66;Salta;66014;Cachi;NA;1;4763;2035
66;Salta;66021;Cafayate;NA;1;9733;2035
66;Salta;66028;Capital;NA;1;341424;2035
66;Salta;66035;Cerrillos;NA;1;32284;2035
66;Salta;66042;Chicoana;NA;1;13386;2035
66;Salta;66049;General Güemes;NA;1;29976;2035
66;Salta;66056;General José de San Martín;NA;1;93976;2035
66;Salta;66063;Guachipas;NA;1;1794;2035
66;Salta;66070;Iruya;NA;1;3163;2035
66;Salta;66077;La Caldera;NA;1;6956;2035
66;Salta;66084;La Candelaria;NA;1;3828;2035
66;Salta;66091;La Poma;NA;1;944;2035
66;Salta;66098;La Viña;NA;1;4785;2035
66;Salta;66105;Los Andes;NA;1;3875;2035
66;Salta;66112;Metán;NA;1;25658;2035
66;Salta;66119;Molinos;NA;1;2945;2035
66;Salta;66126;Orán;NA;1;84306;2035
66;Salta;66133;Rivadavia;NA;1;20310;2035
66;Salta;66147;Rosario de Lerma;NA;1;28127;2035
66;Salta;66140;Rosario de la Frontera;NA;1;17996;2035
66;Salta;66154;San Carlos;NA;1;4010;2035
66;Salta;66161;Santa Victoria;NA;1;4511;2035
70;San Juan;70126;25 de Mayo;NA;2;10815;2022
70;San Juan;70063;9 de Julio;NA;2;6417;2022
70;San Juan;70007;Albardón;NA;2;15974;2022
70;San Juan;70014;Angaco;NA;2;5265;2022
70;San Juan;70021;Calingasta;NA;2;5895;2022
70;San Juan;70028;Capital;NA;2;55729;2022
70;San Juan;70035;Caucete;NA;2;22225;2022
70;San Juan;70042;Chimbas;NA;2;54062;2022
70;San Juan;70049;Iglesia;NA;2;4598;2022
70;San Juan;70056;Jáchal;NA;2;12872;2022
70;San Juan;70070;Pocito;NA;2;36984;2022
70;San Juan;70077;Rawson;NA;2;68295;2022
70;San Juan;70084;Rivadavia;NA;2;50282;2022
70;San Juan;70091;San Martín;NA;2;7721;2022
70;San Juan;70098;Santa Lucía;NA;2;31336;2022
70;San Juan;70105;Sarmiento;NA;2;14208;2022
70;San Juan;70112;Ullum;NA;2;3373;2022
70;San Juan;70119;Valle Fértil;NA;2;4380;2022
70;San Juan;70133;Zonda;NA;2;3465;2022
70;San Juan;70126;25 de Mayo;NA;2;10866;2023
70;San Juan;70063;9 de Julio;NA;2;6471;2023
70;San Juan;70007;Albardón;NA;2;16095;2023
70;San Juan;70014;Angaco;NA;2;5297;2023
70;San Juan;70021;Calingasta;NA;2;5931;2023
70;San Juan;70028;Capital;NA;2;55751;2023
70;San Juan;70035;Caucete;NA;2;22292;2023
70;San Juan;70042;Chimbas;NA;2;54343;2023
70;San Juan;70049;Iglesia;NA;2;4536;2023
70;San Juan;70056;Jáchal;NA;2;12907;2023
70;San Juan;70070;Pocito;NA;2;37310;2023
70;San Juan;70077;Rawson;NA;2;68601;2023
70;San Juan;70084;Rivadavia;NA;2;50558;2023
70;San Juan;70091;San Martín;NA;2;7784;2023
70;San Juan;70098;Santa Lucía;NA;2;31568;2023
70;San Juan;70105;Sarmiento;NA;2;14279;2023
70;San Juan;70112;Ullum;NA;2;3398;2023
70;San Juan;70119;Valle Fértil;NA;2;4393;2023
70;San Juan;70133;Zonda;NA;2;3494;2023
70;San Juan;70126;25 de Mayo;NA;2;10922;2024
70;San Juan;70063;9 de Julio;NA;2;6529;2024
70;San Juan;70007;Albardón;NA;2;16226;2024
70;San Juan;70014;Angaco;NA;2;5331;2024
70;San Juan;70021;Calingasta;NA;2;5970;2024
70;San Juan;70028;Capital;NA;2;55775;2024
70;San Juan;70035;Caucete;NA;2;22363;2024
70;San Juan;70042;Chimbas;NA;2;54645;2024
70;San Juan;70049;Iglesia;NA;2;4470;2024
70;San Juan;70056;Jáchal;NA;2;12944;2024
70;San Juan;70070;Pocito;NA;2;37661;2024
70;San Juan;70077;Rawson;NA;2;68930;2024
70;San Juan;70084;Rivadavia;NA;2;50854;2024
70;San Juan;70091;San Martín;NA;2;7852;2024
70;San Juan;70098;Santa Lucía;NA;2;31819;2024
70;San Juan;70105;Sarmiento;NA;2;14354;2024
70;San Juan;70112;Ullum;NA;2;3425;2024
70;San Juan;70119;Valle Fértil;NA;2;4407;2024
70;San Juan;70133;Zonda;NA;2;3526;2024
70;San Juan;70126;25 de Mayo;NA;2;10974;2025
70;San Juan;70063;9 de Julio;NA;2;6584;2025
70;San Juan;70007;Albardón;NA;2;16351;2025
70;San Juan;70014;Angaco;NA;2;5364;2025
70;San Juan;70021;Calingasta;NA;2;6007;2025
70;San Juan;70028;Capital;NA;2;55798;2025
70;San Juan;70035;Caucete;NA;2;22431;2025
70;San Juan;70042;Chimbas;NA;2;54934;2025
70;San Juan;70049;Iglesia;NA;2;4406;2025
70;San Juan;70056;Jáchal;NA;2;12980;2025
70;San Juan;70070;Pocito;NA;2;37996;2025
70;San Juan;70077;Rawson;NA;2;69244;2025
70;San Juan;70084;Rivadavia;NA;2;51137;2025
70;San Juan;70091;San Martín;NA;2;7917;2025
70;San Juan;70098;Santa Lucía;NA;2;32057;2025
70;San Juan;70105;Sarmiento;NA;2;14426;2025
70;San Juan;70112;Ullum;NA;2;3452;2025
70;San Juan;70119;Valle Fértil;NA;2;4421;2025
70;San Juan;70133;Zonda;NA;2;3557;2025
70;San Juan;70126;25 de Mayo;NA;2;11023;2026
70;San Juan;70063;9 de Julio;NA;2;6636;2026
70;San Juan;70007;Albardón;NA;2;16467;2026
70;San Juan;70014;Angaco;NA;2;5395;2026
70;San Juan;70021;Calingasta;NA;2;6041;2026
70;San Juan;70028;Capital;NA;2;55819;2026
70;San Juan;70035;Caucete;NA;2;22495;2026
70;San Juan;70042;Chimbas;NA;2;55203;2026
70;San Juan;70049;Iglesia;NA;2;4347;2026
70;San Juan;70056;Jáchal;NA;2;13013;2026
70;San Juan;70070;Pocito;NA;2;38308;2026
70;San Juan;70077;Rawson;NA;2;69537;2026
70;San Juan;70084;Rivadavia;NA;2;51400;2026
70;San Juan;70091;San Martín;NA;2;7978;2026
70;San Juan;70098;Santa Lucía;NA;2;32280;2026
70;San Juan;70105;Sarmiento;NA;2;14492;2026
70;San Juan;70112;Ullum;NA;2;3476;2026
70;San Juan;70119;Valle Fértil;NA;2;4434;2026
70;San Juan;70133;Zonda;NA;2;3585;2026
70;San Juan;70126;25 de Mayo;NA;2;11069;2027
70;San Juan;70063;9 de Julio;NA;2;6684;2027
70;San Juan;70007;Albardón;NA;2;16576;2027
70;San Juan;70014;Angaco;NA;2;5424;2027
70;San Juan;70021;Calingasta;NA;2;6073;2027
70;San Juan;70028;Capital;NA;2;55838;2027
70;San Juan;70035;Caucete;NA;2;22554;2027
70;San Juan;70042;Chimbas;NA;2;55454;2027
70;San Juan;70049;Iglesia;NA;2;4292;2027
70;San Juan;70056;Jáchal;NA;2;13045;2027
70;San Juan;70070;Pocito;NA;2;38599;2027
70;San Juan;70077;Rawson;NA;2;69810;2027
70;San Juan;70084;Rivadavia;NA;2;51646;2027
70;San Juan;70091;San Martín;NA;2;8035;2027
70;San Juan;70098;Santa Lucía;NA;2;32488;2027
70;San Juan;70105;Sarmiento;NA;2;14555;2027
70;San Juan;70112;Ullum;NA;2;3499;2027
70;San Juan;70119;Valle Fértil;NA;2;4446;2027
70;San Juan;70133;Zonda;NA;2;3612;2027
70;San Juan;70126;25 de Mayo;NA;2;11114;2028
70;San Juan;70063;9 de Julio;NA;2;6732;2028
70;San Juan;70007;Albardón;NA;2;16682;2028
70;San Juan;70014;Angaco;NA;2;5452;2028
70;San Juan;70021;Calingasta;NA;2;6105;2028
70;San Juan;70028;Capital;NA;2;55858;2028
70;San Juan;70035;Caucete;NA;2;22613;2028
70;San Juan;70042;Chimbas;NA;2;55701;2028
70;San Juan;70049;Iglesia;NA;2;4238;2028
70;San Juan;70056;Jáchal;NA;2;13075;2028
70;San Juan;70070;Pocito;NA;2;38885;2028
70;San Juan;70077;Rawson;NA;2;70078;2028
70;San Juan;70084;Rivadavia;NA;2;51887;2028
70;San Juan;70091;San Martín;NA;2;8090;2028
70;San Juan;70098;Santa Lucía;NA;2;32692;2028
70;San Juan;70105;Sarmiento;NA;2;14616;2028
70;San Juan;70112;Ullum;NA;2;3521;2028
70;San Juan;70119;Valle Fértil;NA;2;4457;2028
70;San Juan;70133;Zonda;NA;2;3638;2028
70;San Juan;70126;25 de Mayo;NA;2;11160;2029
70;San Juan;70063;9 de Julio;NA;2;6779;2029
70;San Juan;70007;Albardón;NA;2;16789;2029
70;San Juan;70014;Angaco;NA;2;5480;2029
70;San Juan;70021;Calingasta;NA;2;6136;2029
70;San Juan;70028;Capital;NA;2;55877;2029
70;San Juan;70035;Caucete;NA;2;22671;2029
70;San Juan;70042;Chimbas;NA;2;55949;2029
70;San Juan;70049;Iglesia;NA;2;4184;2029
70;San Juan;70056;Jáchal;NA;2;13106;2029
70;San Juan;70070;Pocito;NA;2;39173;2029
70;San Juan;70077;Rawson;NA;2;70348;2029
70;San Juan;70084;Rivadavia;NA;2;52130;2029
70;San Juan;70091;San Martín;NA;2;8146;2029
70;San Juan;70098;Santa Lucía;NA;2;32897;2029
70;San Juan;70105;Sarmiento;NA;2;14678;2029
70;San Juan;70112;Ullum;NA;2;3543;2029
70;San Juan;70119;Valle Fértil;NA;2;4469;2029
70;San Juan;70133;Zonda;NA;2;3664;2029
70;San Juan;70126;25 de Mayo;NA;2;11205;2030
70;San Juan;70063;9 de Julio;NA;2;6827;2030
70;San Juan;70007;Albardón;NA;2;16897;2030
70;San Juan;70014;Angaco;NA;2;5508;2030
70;San Juan;70021;Calingasta;NA;2;6168;2030
70;San Juan;70028;Capital;NA;2;55897;2030
70;San Juan;70035;Caucete;NA;2;22730;2030
70;San Juan;70042;Chimbas;NA;2;56198;2030
70;San Juan;70049;Iglesia;NA;2;4129;2030
70;San Juan;70056;Jáchal;NA;2;13137;2030
70;San Juan;70070;Pocito;NA;2;39462;2030
70;San Juan;70077;Rawson;NA;2;70620;2030
70;San Juan;70084;Rivadavia;NA;2;52375;2030
70;San Juan;70091;San Martín;NA;2;8203;2030
70;San Juan;70098;Santa Lucía;NA;2;33103;2030
70;San Juan;70105;Sarmiento;NA;2;14740;2030
70;San Juan;70112;Ullum;NA;2;3566;2030
70;San Juan;70119;Valle Fértil;NA;2;4481;2030
70;San Juan;70133;Zonda;NA;2;3690;2030
70;San Juan;70126;25 de Mayo;NA;2;11251;2031
70;San Juan;70063;9 de Julio;NA;2;6875;2031
70;San Juan;70007;Albardón;NA;2;17005;2031
70;San Juan;70014;Angaco;NA;2;5537;2031
70;San Juan;70021;Calingasta;NA;2;6200;2031
70;San Juan;70028;Capital;NA;2;55917;2031
70;San Juan;70035;Caucete;NA;2;22789;2031
70;San Juan;70042;Chimbas;NA;2;56450;2031
70;San Juan;70049;Iglesia;NA;2;4074;2031
70;San Juan;70056;Jáchal;NA;2;13168;2031
70;San Juan;70070;Pocito;NA;2;39754;2031
70;San Juan;70077;Rawson;NA;2;70893;2031
70;San Juan;70084;Rivadavia;NA;2;52621;2031
70;San Juan;70091;San Martín;NA;2;8259;2031
70;San Juan;70098;Santa Lucía;NA;2;33311;2031
70;San Juan;70105;Sarmiento;NA;2;14803;2031
70;San Juan;70112;Ullum;NA;2;3588;2031
70;San Juan;70119;Valle Fértil;NA;2;4493;2031
70;San Juan;70133;Zonda;NA;2;3717;2031
70;San Juan;70126;25 de Mayo;NA;2;11297;2032
70;San Juan;70063;9 de Julio;NA;2;6924;2032
70;San Juan;70007;Albardón;NA;2;17115;2032
70;San Juan;70014;Angaco;NA;2;5566;2032
70;San Juan;70021;Calingasta;NA;2;6233;2032
70;San Juan;70028;Capital;NA;2;55936;2032
70;San Juan;70035;Caucete;NA;2;22849;2032
70;San Juan;70042;Chimbas;NA;2;56703;2032
70;San Juan;70049;Iglesia;NA;2;4018;2032
70;San Juan;70056;Jáchal;NA;2;13199;2032
70;San Juan;70070;Pocito;NA;2;40048;2032
70;San Juan;70077;Rawson;NA;2;71169;2032
70;San Juan;70084;Rivadavia;NA;2;52869;2032
70;San Juan;70091;San Martín;NA;2;8316;2032
70;San Juan;70098;Santa Lucía;NA;2;33521;2032
70;San Juan;70105;Sarmiento;NA;2;14866;2032
70;San Juan;70112;Ullum;NA;2;3611;2032
70;San Juan;70119;Valle Fértil;NA;2;4505;2032
70;San Juan;70133;Zonda;NA;2;3744;2032
70;San Juan;70126;25 de Mayo;NA;2;11344;2033
70;San Juan;70063;9 de Julio;NA;2;6973;2033
70;San Juan;70007;Albardón;NA;2;17225;2033
70;San Juan;70014;Angaco;NA;2;5595;2033
70;San Juan;70021;Calingasta;NA;2;6265;2033
70;San Juan;70028;Capital;NA;2;55956;2033
70;San Juan;70035;Caucete;NA;2;22910;2033
70;San Juan;70042;Chimbas;NA;2;56959;2033
70;San Juan;70049;Iglesia;NA;2;3962;2033
70;San Juan;70056;Jáchal;NA;2;13231;2033
70;San Juan;70070;Pocito;NA;2;40344;2033
70;San Juan;70077;Rawson;NA;2;71447;2033
70;San Juan;70084;Rivadavia;NA;2;53119;2033
70;San Juan;70091;San Martín;NA;2;8374;2033
70;San Juan;70098;Santa Lucía;NA;2;33732;2033
70;San Juan;70105;Sarmiento;NA;2;14930;2033
70;San Juan;70112;Ullum;NA;2;3634;2033
70;San Juan;70119;Valle Fértil;NA;2;4517;2033
70;San Juan;70133;Zonda;NA;2;3771;2033
70;San Juan;70126;25 de Mayo;NA;2;11390;2034
70;San Juan;70063;9 de Julio;NA;2;7022;2034
70;San Juan;70007;Albardón;NA;2;17335;2034
70;San Juan;70014;Angaco;NA;2;5624;2034
70;San Juan;70021;Calingasta;NA;2;6298;2034
70;San Juan;70028;Capital;NA;2;55977;2034
70;San Juan;70035;Caucete;NA;2;22970;2034
70;San Juan;70042;Chimbas;NA;2;57213;2034
70;San Juan;70049;Iglesia;NA;2;3907;2034
70;San Juan;70056;Jáchal;NA;2;13262;2034
70;San Juan;70070;Pocito;NA;2;40640;2034
70;San Juan;70077;Rawson;NA;2;71724;2034
70;San Juan;70084;Rivadavia;NA;2;53369;2034
70;San Juan;70091;San Martín;NA;2;8431;2034
70;San Juan;70098;Santa Lucía;NA;2;33943;2034
70;San Juan;70105;Sarmiento;NA;2;14993;2034
70;San Juan;70112;Ullum;NA;2;3657;2034
70;San Juan;70119;Valle Fértil;NA;2;4529;2034
70;San Juan;70133;Zonda;NA;2;3798;2034
70;San Juan;70126;25 de Mayo;NA;2;11437;2035
70;San Juan;70063;9 de Julio;NA;2;7072;2035
70;San Juan;70007;Albardón;NA;2;17446;2035
70;San Juan;70014;Angaco;NA;2;5653;2035
70;San Juan;70021;Calingasta;NA;2;6330;2035
70;San Juan;70028;Capital;NA;2;55997;2035
70;San Juan;70035;Caucete;NA;2;23030;2035
70;San Juan;70042;Chimbas;NA;2;57470;2035
70;San Juan;70049;Iglesia;NA;2;3850;2035
70;San Juan;70056;Jáchal;NA;2;13294;2035
70;San Juan;70070;Pocito;NA;2;40937;2035
70;San Juan;70077;Rawson;NA;2;72003;2035
70;San Juan;70084;Rivadavia;NA;2;53620;2035
70;San Juan;70091;San Martín;NA;2;8489;2035
70;San Juan;70098;Santa Lucía;NA;2;34155;2035
70;San Juan;70105;Sarmiento;NA;2;15057;2035
70;San Juan;70112;Ullum;NA;2;3680;2035
70;San Juan;70119;Valle Fértil;NA;2;4541;2035
70;San Juan;70133;Zonda;NA;2;3825;2035
70;San Juan;70126;25 de Mayo;NA;1;10383;2022
70;San Juan;70063;9 de Julio;NA;1;6320;2022
70;San Juan;70007;Albardón;NA;1;15865;2022
70;San Juan;70014;Angaco;NA;1;5093;2022
70;San Juan;70021;Calingasta;NA;1;5341;2022
70;San Juan;70028;Capital;NA;1;61572;2022
70;San Juan;70035;Caucete;NA;1;22596;2022
70;San Juan;70042;Chimbas;NA;1;53443;2022
70;San Juan;70049;Iglesia;NA;1;4407;2022
70;San Juan;70056;Jáchal;NA;1;12872;2022
70;San Juan;70070;Pocito;NA;1;37218;2022
70;San Juan;70077;Rawson;NA;1;70706;2022
70;San Juan;70084;Rivadavia;NA;1;53144;2022
70;San Juan;70091;San Martín;NA;1;7584;2022
70;San Juan;70098;Santa Lucía;NA;1;32488;2022
70;San Juan;70105;Sarmiento;NA;1;13471;2022
70;San Juan;70112;Ullum;NA;1;3198;2022
70;San Juan;70119;Valle Fértil;NA;1;4298;2022
70;San Juan;70133;Zonda;NA;1;3338;2022
70;San Juan;70126;25 de Mayo;NA;1;10437;2023
70;San Juan;70063;9 de Julio;NA;1;6372;2023
70;San Juan;70007;Albardón;NA;1;15980;2023
70;San Juan;70014;Angaco;NA;1;5122;2023
70;San Juan;70021;Calingasta;NA;1;5381;2023
70;San Juan;70028;Capital;NA;1;61503;2023
70;San Juan;70035;Caucete;NA;1;22663;2023
70;San Juan;70042;Chimbas;NA;1;53681;2023
70;San Juan;70049;Iglesia;NA;1;4437;2023
70;San Juan;70056;Jáchal;NA;1;12923;2023
70;San Juan;70070;Pocito;NA;1;37554;2023
70;San Juan;70077;Rawson;NA;1;70992;2023
70;San Juan;70084;Rivadavia;NA;1;53414;2023
70;San Juan;70091;San Martín;NA;1;7649;2023
70;San Juan;70098;Santa Lucía;NA;1;32716;2023
70;San Juan;70105;Sarmiento;NA;1;13548;2023
70;San Juan;70112;Ullum;NA;1;3222;2023
70;San Juan;70119;Valle Fértil;NA;1;4318;2023
70;San Juan;70133;Zonda;NA;1;3369;2023
70;San Juan;70126;25 de Mayo;NA;1;10490;2024
70;San Juan;70063;9 de Julio;NA;1;6422;2024
70;San Juan;70007;Albardón;NA;1;16093;2024
70;San Juan;70014;Angaco;NA;1;5151;2024
70;San Juan;70021;Calingasta;NA;1;5419;2024
70;San Juan;70028;Capital;NA;1;61435;2024
70;San Juan;70035;Caucete;NA;1;22728;2024
70;San Juan;70042;Chimbas;NA;1;53916;2024
70;San Juan;70049;Iglesia;NA;1;4468;2024
70;San Juan;70056;Jáchal;NA;1;12973;2024
70;San Juan;70070;Pocito;NA;1;37886;2024
70;San Juan;70077;Rawson;NA;1;71274;2024
70;San Juan;70084;Rivadavia;NA;1;53681;2024
70;San Juan;70091;San Martín;NA;1;7712;2024
70;San Juan;70098;Santa Lucía;NA;1;32941;2024
70;San Juan;70105;Sarmiento;NA;1;13624;2024
70;San Juan;70112;Ullum;NA;1;3247;2024
70;San Juan;70119;Valle Fértil;NA;1;4338;2024
70;San Juan;70133;Zonda;NA;1;3400;2024
70;San Juan;70126;25 de Mayo;NA;1;10542;2025
70;San Juan;70063;9 de Julio;NA;1;6472;2025
70;San Juan;70007;Albardón;NA;1;16204;2025
70;San Juan;70014;Angaco;NA;1;5179;2025
70;San Juan;70021;Calingasta;NA;1;5457;2025
70;San Juan;70028;Capital;NA;1;61368;2025
70;San Juan;70035;Caucete;NA;1;22793;2025
70;San Juan;70042;Chimbas;NA;1;54147;2025
70;San Juan;70049;Iglesia;NA;1;4497;2025
70;San Juan;70056;Jáchal;NA;1;13023;2025
70;San Juan;70070;Pocito;NA;1;38211;2025
70;San Juan;70077;Rawson;NA;1;71551;2025
70;San Juan;70084;Rivadavia;NA;1;53943;2025
70;San Juan;70091;San Martín;NA;1;7775;2025
70;San Juan;70098;Santa Lucía;NA;1;33162;2025
70;San Juan;70105;Sarmiento;NA;1;13699;2025
70;San Juan;70112;Ullum;NA;1;3271;2025
70;San Juan;70119;Valle Fértil;NA;1;4357;2025
70;San Juan;70133;Zonda;NA;1;3430;2025
70;San Juan;70126;25 de Mayo;NA;1;10591;2026
70;San Juan;70063;9 de Julio;NA;1;6518;2026
70;San Juan;70007;Albardón;NA;1;16306;2026
70;San Juan;70014;Angaco;NA;1;5205;2026
70;San Juan;70021;Calingasta;NA;1;5493;2026
70;San Juan;70028;Capital;NA;1;61306;2026
70;San Juan;70035;Caucete;NA;1;22852;2026
70;San Juan;70042;Chimbas;NA;1;54360;2026
70;San Juan;70049;Iglesia;NA;1;4525;2026
70;San Juan;70056;Jáchal;NA;1;13068;2026
70;San Juan;70070;Pocito;NA;1;38512;2026
70;San Juan;70077;Rawson;NA;1;71806;2026
70;San Juan;70084;Rivadavia;NA;1;54184;2026
70;San Juan;70091;San Martín;NA;1;7833;2026
70;San Juan;70098;Santa Lucía;NA;1;33366;2026
70;San Juan;70105;Sarmiento;NA;1;13768;2026
70;San Juan;70112;Ullum;NA;1;3293;2026
70;San Juan;70119;Valle Fértil;NA;1;4375;2026
70;San Juan;70133;Zonda;NA;1;3457;2026
70;San Juan;70126;25 de Mayo;NA;1;10634;2027
70;San Juan;70063;9 de Julio;NA;1;6559;2027
70;San Juan;70007;Albardón;NA;1;16400;2027
70;San Juan;70014;Angaco;NA;1;5228;2027
70;San Juan;70021;Calingasta;NA;1;5525;2027
70;San Juan;70028;Capital;NA;1;61250;2027
70;San Juan;70035;Caucete;NA;1;22906;2027
70;San Juan;70042;Chimbas;NA;1;54554;2027
70;San Juan;70049;Iglesia;NA;1;4550;2027
70;San Juan;70056;Jáchal;NA;1;13110;2027
70;San Juan;70070;Pocito;NA;1;38786;2027
70;San Juan;70077;Rawson;NA;1;72039;2027
70;San Juan;70084;Rivadavia;NA;1;54405;2027
70;San Juan;70091;San Martín;NA;1;7885;2027
70;San Juan;70098;Santa Lucía;NA;1;33552;2027
70;San Juan;70105;Sarmiento;NA;1;13831;2027
70;San Juan;70112;Ullum;NA;1;3313;2027
70;San Juan;70119;Valle Fértil;NA;1;4392;2027
70;San Juan;70133;Zonda;NA;1;3483;2027
70;San Juan;70126;25 de Mayo;NA;1;10677;2028
70;San Juan;70063;9 de Julio;NA;1;6600;2028
70;San Juan;70007;Albardón;NA;1;16491;2028
70;San Juan;70014;Angaco;NA;1;5252;2028
70;San Juan;70021;Calingasta;NA;1;5556;2028
70;San Juan;70028;Capital;NA;1;61195;2028
70;San Juan;70035;Caucete;NA;1;22959;2028
70;San Juan;70042;Chimbas;NA;1;54743;2028
70;San Juan;70049;Iglesia;NA;1;4574;2028
70;San Juan;70056;Jáchal;NA;1;13150;2028
70;San Juan;70070;Pocito;NA;1;39052;2028
70;San Juan;70077;Rawson;NA;1;72266;2028
70;San Juan;70084;Rivadavia;NA;1;54619;2028
70;San Juan;70091;San Martín;NA;1;7936;2028
70;San Juan;70098;Santa Lucía;NA;1;33733;2028
70;San Juan;70105;Sarmiento;NA;1;13893;2028
70;San Juan;70112;Ullum;NA;1;3333;2028
70;San Juan;70119;Valle Fértil;NA;1;4408;2028
70;San Juan;70133;Zonda;NA;1;3507;2028
70;San Juan;70126;25 de Mayo;NA;1;10720;2029
70;San Juan;70063;9 de Julio;NA;1;6641;2029
70;San Juan;70007;Albardón;NA;1;16582;2029
70;San Juan;70014;Angaco;NA;1;5275;2029
70;San Juan;70021;Calingasta;NA;1;5587;2029
70;San Juan;70028;Capital;NA;1;61140;2029
70;San Juan;70035;Caucete;NA;1;23012;2029
70;San Juan;70042;Chimbas;NA;1;54932;2029
70;San Juan;70049;Iglesia;NA;1;4598;2029
70;San Juan;70056;Jáchal;NA;1;13190;2029
70;San Juan;70070;Pocito;NA;1;39319;2029
70;San Juan;70077;Rawson;NA;1;72493;2029
70;San Juan;70084;Rivadavia;NA;1;54834;2029
70;San Juan;70091;San Martín;NA;1;7988;2029
70;San Juan;70098;Santa Lucía;NA;1;33914;2029
70;San Juan;70105;Sarmiento;NA;1;13954;2029
70;San Juan;70112;Ullum;NA;1;3352;2029
70;San Juan;70119;Valle Fértil;NA;1;4424;2029
70;San Juan;70133;Zonda;NA;1;3532;2029
70;San Juan;70126;25 de Mayo;NA;1;10762;2030
70;San Juan;70063;9 de Julio;NA;1;6681;2030
70;San Juan;70007;Albardón;NA;1;16672;2030
70;San Juan;70014;Angaco;NA;1;5297;2030
70;San Juan;70021;Calingasta;NA;1;5618;2030
70;San Juan;70028;Capital;NA;1;61086;2030
70;San Juan;70035;Caucete;NA;1;23065;2030
70;San Juan;70042;Chimbas;NA;1;55120;2030
70;San Juan;70049;Iglesia;NA;1;4623;2030
70;San Juan;70056;Jáchal;NA;1;13230;2030
70;San Juan;70070;Pocito;NA;1;39584;2030
70;San Juan;70077;Rawson;NA;1;72719;2030
70;San Juan;70084;Rivadavia;NA;1;55047;2030
70;San Juan;70091;San Martín;NA;1;8039;2030
70;San Juan;70098;Santa Lucía;NA;1;34094;2030
70;San Juan;70105;Sarmiento;NA;1;14015;2030
70;San Juan;70112;Ullum;NA;1;3372;2030
70;San Juan;70119;Valle Fértil;NA;1;4439;2030
70;San Juan;70133;Zonda;NA;1;3556;2030
70;San Juan;70126;25 de Mayo;NA;1;10805;2031
70;San Juan;70063;9 de Julio;NA;1;6722;2031
70;San Juan;70007;Albardón;NA;1;16764;2031
70;San Juan;70014;Angaco;NA;1;5320;2031
70;San Juan;70021;Calingasta;NA;1;5650;2031
70;San Juan;70028;Capital;NA;1;61031;2031
70;San Juan;70035;Caucete;NA;1;23118;2031
70;San Juan;70042;Chimbas;NA;1;55309;2031
70;San Juan;70049;Iglesia;NA;1;4647;2031
70;San Juan;70056;Jáchal;NA;1;13271;2031
70;San Juan;70070;Pocito;NA;1;39852;2031
70;San Juan;70077;Rawson;NA;1;72946;2031
70;San Juan;70084;Rivadavia;NA;1;55263;2031
70;San Juan;70091;San Martín;NA;1;8090;2031
70;San Juan;70098;Santa Lucía;NA;1;34276;2031
70;San Juan;70105;Sarmiento;NA;1;14077;2031
70;San Juan;70112;Ullum;NA;1;3391;2031
70;San Juan;70119;Valle Fértil;NA;1;4455;2031
70;San Juan;70133;Zonda;NA;1;3581;2031
70;San Juan;70126;25 de Mayo;NA;1;10848;2032
70;San Juan;70063;9 de Julio;NA;1;6763;2032
70;San Juan;70007;Albardón;NA;1;16856;2032
70;San Juan;70014;Angaco;NA;1;5344;2032
70;San Juan;70021;Calingasta;NA;1;5681;2032
70;San Juan;70028;Capital;NA;1;60975;2032
70;San Juan;70035;Caucete;NA;1;23171;2032
70;San Juan;70042;Chimbas;NA;1;55500;2032
70;San Juan;70049;Iglesia;NA;1;4672;2032
70;San Juan;70056;Jáchal;NA;1;13312;2032
70;San Juan;70070;Pocito;NA;1;40121;2032
70;San Juan;70077;Rawson;NA;1;73175;2032
70;San Juan;70084;Rivadavia;NA;1;55479;2032
70;San Juan;70091;San Martín;NA;1;8142;2032
70;San Juan;70098;Santa Lucía;NA;1;34459;2032
70;San Juan;70105;Sarmiento;NA;1;14139;2032
70;San Juan;70112;Ullum;NA;1;3411;2032
70;San Juan;70119;Valle Fértil;NA;1;4471;2032
70;San Juan;70133;Zonda;NA;1;3606;2032
70;San Juan;70126;25 de Mayo;NA;1;10891;2033
70;San Juan;70063;9 de Julio;NA;1;6804;2033
70;San Juan;70007;Albardón;NA;1;16948;2033
70;San Juan;70014;Angaco;NA;1;5367;2033
70;San Juan;70021;Calingasta;NA;1;5713;2033
70;San Juan;70028;Capital;NA;1;60920;2033
70;San Juan;70035;Caucete;NA;1;23225;2033
70;San Juan;70042;Chimbas;NA;1;55692;2033
70;San Juan;70049;Iglesia;NA;1;4696;2033
70;San Juan;70056;Jáchal;NA;1;13353;2033
70;San Juan;70070;Pocito;NA;1;40391;2033
70;San Juan;70077;Rawson;NA;1;73405;2033
70;San Juan;70084;Rivadavia;NA;1;55697;2033
70;San Juan;70091;San Martín;NA;1;8194;2033
70;San Juan;70098;Santa Lucía;NA;1;34642;2033
70;San Juan;70105;Sarmiento;NA;1;14201;2033
70;San Juan;70112;Ullum;NA;1;3431;2033
70;San Juan;70119;Valle Fértil;NA;1;4487;2033
70;San Juan;70133;Zonda;NA;1;3630;2033
70;San Juan;70126;25 de Mayo;NA;1;10935;2034
70;San Juan;70063;9 de Julio;NA;1;6845;2034
70;San Juan;70007;Albardón;NA;1;17039;2034
70;San Juan;70014;Angaco;NA;1;5390;2034
70;San Juan;70021;Calingasta;NA;1;5744;2034
70;San Juan;70028;Capital;NA;1;60864;2034
70;San Juan;70035;Caucete;NA;1;23278;2034
70;San Juan;70042;Chimbas;NA;1;55882;2034
70;San Juan;70049;Iglesia;NA;1;4721;2034
70;San Juan;70056;Jáchal;NA;1;13393;2034
70;San Juan;70070;Pocito;NA;1;40660;2034
70;San Juan;70077;Rawson;NA;1;73634;2034
70;San Juan;70084;Rivadavia;NA;1;55913;2034
70;San Juan;70091;San Martín;NA;1;8245;2034
70;San Juan;70098;Santa Lucía;NA;1;34825;2034
70;San Juan;70105;Sarmiento;NA;1;14263;2034
70;San Juan;70112;Ullum;NA;1;3451;2034
70;San Juan;70119;Valle Fértil;NA;1;4504;2034
70;San Juan;70133;Zonda;NA;1;3655;2034
70;San Juan;70126;25 de Mayo;NA;1;10977;2035
70;San Juan;70063;9 de Julio;NA;1;6886;2035
70;San Juan;70007;Albardón;NA;1;17130;2035
70;San Juan;70014;Angaco;NA;1;5413;2035
70;San Juan;70021;Calingasta;NA;1;5776;2035
70;San Juan;70028;Capital;NA;1;60810;2035
70;San Juan;70035;Caucete;NA;1;23331;2035
70;San Juan;70042;Chimbas;NA;1;56071;2035
70;San Juan;70049;Iglesia;NA;1;4745;2035
70;San Juan;70056;Jáchal;NA;1;13434;2035
70;San Juan;70070;Pocito;NA;1;40927;2035
70;San Juan;70077;Rawson;NA;1;73861;2035
70;San Juan;70084;Rivadavia;NA;1;56127;2035
70;San Juan;70091;San Martín;NA;1;8296;2035
70;San Juan;70098;Santa Lucía;NA;1;35005;2035
70;San Juan;70105;Sarmiento;NA;1;14324;2035
70;San Juan;70112;Ullum;NA;1;3470;2035
70;San Juan;70119;Valle Fértil;NA;1;4519;2035
70;San Juan;70133;Zonda;NA;1;3680;2035
74;San Luis;74007;Ayacucho;NA;2;11841;2022
74;San Luis;74014;Belgrano;NA;2;2881;2022
74;San Luis;74028;Chacabuco;NA;2;13029;2022
74;San Luis;74021;Coronel Pringles;NA;2;8045;2022
74;San Luis;74035;General Pedernera;NA;2;71837;2022
74;San Luis;74042;Gobernador Dupuy;NA;2;7296;2022
74;San Luis;74056;Juan Martín de Pueyrredón;NA;2;125507;2022
74;San Luis;74049;Junín;NA;2;19427;2022
74;San Luis;74063;Libertador General San Martín;NA;2;2462;2022
74;San Luis;74007;Ayacucho;NA;2;11913;2023
74;San Luis;74014;Belgrano;NA;2;2905;2023
74;San Luis;74028;Chacabuco;NA;2;13119;2023
74;San Luis;74021;Coronel Pringles;NA;2;8086;2023
74;San Luis;74035;General Pedernera;NA;2;72120;2023
74;San Luis;74042;Gobernador Dupuy;NA;2;7334;2023
74;San Luis;74056;Juan Martín de Pueyrredón;NA;2;126398;2023
74;San Luis;74049;Junín;NA;2;19621;2023
74;San Luis;74063;Libertador General San Martín;NA;2;2453;2023
74;San Luis;74007;Ayacucho;NA;2;11971;2024
74;San Luis;74014;Belgrano;NA;2;2924;2024
74;San Luis;74028;Chacabuco;NA;2;13191;2024
74;San Luis;74021;Coronel Pringles;NA;2;8120;2024
74;San Luis;74035;General Pedernera;NA;2;72346;2024
74;San Luis;74042;Gobernador Dupuy;NA;2;7363;2024
74;San Luis;74056;Juan Martín de Pueyrredón;NA;2;127109;2024
74;San Luis;74049;Junín;NA;2;19775;2024
74;San Luis;74063;Libertador General San Martín;NA;2;2446;2024
74;San Luis;74007;Ayacucho;NA;2;12029;2025
74;San Luis;74014;Belgrano;NA;2;2943;2025
74;San Luis;74028;Chacabuco;NA;2;13263;2025
74;San Luis;74021;Coronel Pringles;NA;2;8153;2025
74;San Luis;74035;General Pedernera;NA;2;72572;2025
74;San Luis;74042;Gobernador Dupuy;NA;2;7393;2025
74;San Luis;74056;Juan Martín de Pueyrredón;NA;2;127822;2025
74;San Luis;74049;Junín;NA;2;19930;2025
74;San Luis;74063;Libertador General San Martín;NA;2;2439;2025
74;San Luis;74007;Ayacucho;NA;2;12086;2026
74;San Luis;74014;Belgrano;NA;2;2961;2026
74;San Luis;74028;Chacabuco;NA;2;13334;2026
74;San Luis;74021;Coronel Pringles;NA;2;8186;2026
74;San Luis;74035;General Pedernera;NA;2;72796;2026
74;San Luis;74042;Gobernador Dupuy;NA;2;7423;2026
74;San Luis;74056;Juan Martín de Pueyrredón;NA;2;128526;2026
74;San Luis;74049;Junín;NA;2;20083;2026
74;San Luis;74063;Libertador General San Martín;NA;2;2432;2026
74;San Luis;74007;Ayacucho;NA;2;12142;2027
74;San Luis;74014;Belgrano;NA;2;2980;2027
74;San Luis;74028;Chacabuco;NA;2;13404;2027
74;San Luis;74021;Coronel Pringles;NA;2;8219;2027
74;San Luis;74035;General Pedernera;NA;2;73016;2027
74;San Luis;74042;Gobernador Dupuy;NA;2;7452;2027
74;San Luis;74056;Juan Martín de Pueyrredón;NA;2;129220;2027
74;San Luis;74049;Junín;NA;2;20234;2027
74;San Luis;74063;Libertador General San Martín;NA;2;2425;2027
74;San Luis;74007;Ayacucho;NA;2;12198;2028
74;San Luis;74014;Belgrano;NA;2;2998;2028
74;San Luis;74028;Chacabuco;NA;2;13473;2028
74;San Luis;74021;Coronel Pringles;NA;2;8250;2028
74;San Luis;74035;General Pedernera;NA;2;73233;2028
74;San Luis;74042;Gobernador Dupuy;NA;2;7480;2028
74;San Luis;74056;Juan Martín de Pueyrredón;NA;2;129902;2028
74;San Luis;74049;Junín;NA;2;20383;2028
74;San Luis;74063;Libertador General San Martín;NA;2;2418;2028
74;San Luis;74007;Ayacucho;NA;2;12253;2029
74;San Luis;74014;Belgrano;NA;2;3016;2029
74;San Luis;74028;Chacabuco;NA;2;13541;2029
74;San Luis;74021;Coronel Pringles;NA;2;8282;2029
74;San Luis;74035;General Pedernera;NA;2;73448;2029
74;San Luis;74042;Gobernador Dupuy;NA;2;7508;2029
74;San Luis;74056;Juan Martín de Pueyrredón;NA;2;130578;2029
74;San Luis;74049;Junín;NA;2;20530;2029
74;San Luis;74063;Libertador General San Martín;NA;2;2412;2029
74;San Luis;74007;Ayacucho;NA;2;12307;2030
74;San Luis;74014;Belgrano;NA;2;3034;2030
74;San Luis;74028;Chacabuco;NA;2;13608;2030
74;San Luis;74021;Coronel Pringles;NA;2;8313;2030
74;San Luis;74035;General Pedernera;NA;2;73659;2030
74;San Luis;74042;Gobernador Dupuy;NA;2;7536;2030
74;San Luis;74056;Juan Martín de Pueyrredón;NA;2;131244;2030
74;San Luis;74049;Junín;NA;2;20675;2030
74;San Luis;74063;Libertador General San Martín;NA;2;2405;2030
74;San Luis;74007;Ayacucho;NA;2;12361;2031
74;San Luis;74014;Belgrano;NA;2;3052;2031
74;San Luis;74028;Chacabuco;NA;2;13676;2031
74;San Luis;74021;Coronel Pringles;NA;2;8344;2031
74;San Luis;74035;General Pedernera;NA;2;73872;2031
74;San Luis;74042;Gobernador Dupuy;NA;2;7564;2031
74;San Luis;74056;Juan Martín de Pueyrredón;NA;2;131912;2031
74;San Luis;74049;Junín;NA;2;20820;2031
74;San Luis;74063;Libertador General San Martín;NA;2;2399;2031
74;San Luis;74007;Ayacucho;NA;2;12416;2032
74;San Luis;74014;Belgrano;NA;2;3069;2032
74;San Luis;74028;Chacabuco;NA;2;13743;2032
74;San Luis;74021;Coronel Pringles;NA;2;8375;2032
74;San Luis;74035;General Pedernera;NA;2;74084;2032
74;San Luis;74042;Gobernador Dupuy;NA;2;7592;2032
74;San Luis;74056;Juan Martín de Pueyrredón;NA;2;132579;2032
74;San Luis;74049;Junín;NA;2;20965;2032
74;San Luis;74063;Libertador General San Martín;NA;2;2392;2032
74;San Luis;74007;Ayacucho;NA;2;12469;2033
74;San Luis;74014;Belgrano;NA;2;3087;2033
74;San Luis;74028;Chacabuco;NA;2;13810;2033
74;San Luis;74021;Coronel Pringles;NA;2;8406;2033
74;San Luis;74035;General Pedernera;NA;2;74295;2033
74;San Luis;74042;Gobernador Dupuy;NA;2;7620;2033
74;San Luis;74056;Juan Martín de Pueyrredón;NA;2;133243;2033
74;San Luis;74049;Junín;NA;2;21109;2033
74;San Luis;74063;Libertador General San Martín;NA;2;2386;2033
74;San Luis;74007;Ayacucho;NA;2;12523;2034
74;San Luis;74014;Belgrano;NA;2;3105;2034
74;San Luis;74028;Chacabuco;NA;2;13877;2034
74;San Luis;74021;Coronel Pringles;NA;2;8438;2034
74;San Luis;74035;General Pedernera;NA;2;74506;2034
74;San Luis;74042;Gobernador Dupuy;NA;2;7648;2034
74;San Luis;74056;Juan Martín de Pueyrredón;NA;2;133908;2034
74;San Luis;74049;Junín;NA;2;21254;2034
74;San Luis;74063;Libertador General San Martín;NA;2;2379;2034
74;San Luis;74007;Ayacucho;NA;2;12577;2035
74;San Luis;74014;Belgrano;NA;2;3122;2035
74;San Luis;74028;Chacabuco;NA;2;13944;2035
74;San Luis;74021;Coronel Pringles;NA;2;8468;2035
74;San Luis;74035;General Pedernera;NA;2;74715;2035
74;San Luis;74042;Gobernador Dupuy;NA;2;7675;2035
74;San Luis;74056;Juan Martín de Pueyrredón;NA;2;134567;2035
74;San Luis;74049;Junín;NA;2;21397;2035
74;San Luis;74063;Libertador General San Martín;NA;2;2373;2035
74;San Luis;74007;Ayacucho;NA;1;11439;2022
74;San Luis;74014;Belgrano;NA;1;2558;2022
74;San Luis;74028;Chacabuco;NA;1;12821;2022
74;San Luis;74021;Coronel Pringles;NA;1;7582;2022
74;San Luis;74035;General Pedernera;NA;1;73040;2022
74;San Luis;74042;Gobernador Dupuy;NA;1;6673;2022
74;San Luis;74056;Juan Martín de Pueyrredón;NA;1;129134;2022
74;San Luis;74049;Junín;NA;1;19849;2022
74;San Luis;74063;Libertador General San Martín;NA;1;2109;2022
74;San Luis;74007;Ayacucho;NA;1;11510;2023
74;San Luis;74014;Belgrano;NA;1;2587;2023
74;San Luis;74028;Chacabuco;NA;1;12909;2023
74;San Luis;74021;Coronel Pringles;NA;1;7621;2023
74;San Luis;74035;General Pedernera;NA;1;73346;2023
74;San Luis;74042;Gobernador Dupuy;NA;1;6707;2023
74;San Luis;74056;Juan Martín de Pueyrredón;NA;1;130019;2023
74;San Luis;74049;Junín;NA;1;20040;2023
74;San Luis;74063;Libertador General San Martín;NA;1;2104;2023
74;San Luis;74007;Ayacucho;NA;1;11569;2024
74;San Luis;74014;Belgrano;NA;1;2611;2024
74;San Luis;74028;Chacabuco;NA;1;12983;2024
74;San Luis;74021;Coronel Pringles;NA;1;7654;2024
74;San Luis;74035;General Pedernera;NA;1;73603;2024
74;San Luis;74042;Gobernador Dupuy;NA;1;6735;2024
74;San Luis;74056;Juan Martín de Pueyrredón;NA;1;130764;2024
74;San Luis;74049;Junín;NA;1;20201;2024
74;San Luis;74063;Libertador General San Martín;NA;1;2100;2024
74;San Luis;74007;Ayacucho;NA;1;11630;2025
74;San Luis;74014;Belgrano;NA;1;2636;2025
74;San Luis;74028;Chacabuco;NA;1;13059;2025
74;San Luis;74021;Coronel Pringles;NA;1;7687;2025
74;San Luis;74035;General Pedernera;NA;1;73867;2025
74;San Luis;74042;Gobernador Dupuy;NA;1;6764;2025
74;San Luis;74056;Juan Martín de Pueyrredón;NA;1;131526;2025
74;San Luis;74049;Junín;NA;1;20365;2025
74;San Luis;74063;Libertador General San Martín;NA;1;2095;2025
74;San Luis;74007;Ayacucho;NA;1;11690;2026
74;San Luis;74014;Belgrano;NA;1;2661;2026
74;San Luis;74028;Chacabuco;NA;1;13133;2026
74;San Luis;74021;Coronel Pringles;NA;1;7720;2026
74;San Luis;74035;General Pedernera;NA;1;74128;2026
74;San Luis;74042;Gobernador Dupuy;NA;1;6793;2026
74;San Luis;74056;Juan Martín de Pueyrredón;NA;1;132281;2026
74;San Luis;74049;Junín;NA;1;20528;2026
74;San Luis;74063;Libertador General San Martín;NA;1;2091;2026
74;San Luis;74007;Ayacucho;NA;1;11749;2027
74;San Luis;74014;Belgrano;NA;1;2685;2027
74;San Luis;74028;Chacabuco;NA;1;13207;2027
74;San Luis;74021;Coronel Pringles;NA;1;7753;2027
74;San Luis;74035;General Pedernera;NA;1;74384;2027
74;San Luis;74042;Gobernador Dupuy;NA;1;6822;2027
74;San Luis;74056;Juan Martín de Pueyrredón;NA;1;133023;2027
74;San Luis;74049;Junín;NA;1;20688;2027
74;San Luis;74063;Libertador General San Martín;NA;1;2087;2027
74;San Luis;74007;Ayacucho;NA;1;11807;2028
74;San Luis;74014;Belgrano;NA;1;2709;2028
74;San Luis;74028;Chacabuco;NA;1;13279;2028
74;San Luis;74021;Coronel Pringles;NA;1;7785;2028
74;San Luis;74035;General Pedernera;NA;1;74637;2028
74;San Luis;74042;Gobernador Dupuy;NA;1;6850;2028
74;San Luis;74056;Juan Martín de Pueyrredón;NA;1;133752;2028
74;San Luis;74049;Junín;NA;1;20846;2028
74;San Luis;74063;Libertador General San Martín;NA;1;2082;2028
74;San Luis;74007;Ayacucho;NA;1;11865;2029
74;San Luis;74014;Belgrano;NA;1;2732;2029
74;San Luis;74028;Chacabuco;NA;1;13351;2029
74;San Luis;74021;Coronel Pringles;NA;1;7817;2029
74;San Luis;74035;General Pedernera;NA;1;74885;2029
74;San Luis;74042;Gobernador Dupuy;NA;1;6877;2029
74;San Luis;74056;Juan Martín de Pueyrredón;NA;1;134472;2029
74;San Luis;74049;Junín;NA;1;21001;2029
74;San Luis;74063;Libertador General San Martín;NA;1;2078;2029
74;San Luis;74007;Ayacucho;NA;1;11921;2030
74;San Luis;74014;Belgrano;NA;1;2756;2030
74;San Luis;74028;Chacabuco;NA;1;13421;2030
74;San Luis;74021;Coronel Pringles;NA;1;7848;2030
74;San Luis;74035;General Pedernera;NA;1;75130;2030
74;San Luis;74042;Gobernador Dupuy;NA;1;6904;2030
74;San Luis;74056;Juan Martín de Pueyrredón;NA;1;135180;2030
74;San Luis;74049;Junín;NA;1;21154;2030
74;San Luis;74063;Libertador General San Martín;NA;1;2074;2030
74;San Luis;74007;Ayacucho;NA;1;11977;2031
74;San Luis;74014;Belgrano;NA;1;2779;2031
74;San Luis;74028;Chacabuco;NA;1;13491;2031
74;San Luis;74021;Coronel Pringles;NA;1;7878;2031
74;San Luis;74035;General Pedernera;NA;1;75374;2031
74;San Luis;74042;Gobernador Dupuy;NA;1;6932;2031
74;San Luis;74056;Juan Martín de Pueyrredón;NA;1;135886;2031
74;San Luis;74049;Junín;NA;1;21306;2031
74;San Luis;74063;Libertador General San Martín;NA;1;2070;2031
74;San Luis;74007;Ayacucho;NA;1;12033;2032
74;San Luis;74014;Belgrano;NA;1;2802;2032
74;San Luis;74028;Chacabuco;NA;1;13560;2032
74;San Luis;74021;Coronel Pringles;NA;1;7909;2032
74;San Luis;74035;General Pedernera;NA;1;75616;2032
74;San Luis;74042;Gobernador Dupuy;NA;1;6959;2032
74;San Luis;74056;Juan Martín de Pueyrredón;NA;1;136587;2032
74;San Luis;74049;Junín;NA;1;21458;2032
74;San Luis;74063;Libertador General San Martín;NA;1;2066;2032
74;San Luis;74007;Ayacucho;NA;1;12089;2033
74;San Luis;74014;Belgrano;NA;1;2824;2033
74;San Luis;74028;Chacabuco;NA;1;13630;2033
74;San Luis;74021;Coronel Pringles;NA;1;7940;2033
74;San Luis;74035;General Pedernera;NA;1;75858;2033
74;San Luis;74042;Gobernador Dupuy;NA;1;6985;2033
74;San Luis;74056;Juan Martín de Pueyrredón;NA;1;137285;2033
74;San Luis;74049;Junín;NA;1;21608;2033
74;San Luis;74063;Libertador General San Martín;NA;1;2062;2033
74;San Luis;74007;Ayacucho;NA;1;12144;2034
74;San Luis;74014;Belgrano;NA;1;2847;2034
74;San Luis;74028;Chacabuco;NA;1;13698;2034
74;San Luis;74021;Coronel Pringles;NA;1;7970;2034
74;San Luis;74035;General Pedernera;NA;1;76097;2034
74;San Luis;74042;Gobernador Dupuy;NA;1;7012;2034
74;San Luis;74056;Juan Martín de Pueyrredón;NA;1;137976;2034
74;San Luis;74049;Junín;NA;1;21758;2034
74;San Luis;74063;Libertador General San Martín;NA;1;2058;2034
74;San Luis;74007;Ayacucho;NA;1;12198;2035
74;San Luis;74014;Belgrano;NA;1;2869;2035
74;San Luis;74028;Chacabuco;NA;1;13766;2035
74;San Luis;74021;Coronel Pringles;NA;1;8000;2035
74;San Luis;74035;General Pedernera;NA;1;76332;2035
74;San Luis;74042;Gobernador Dupuy;NA;1;7038;2035
74;San Luis;74056;Juan Martín de Pueyrredón;NA;1;138658;2035
74;San Luis;74049;Junín;NA;1;21905;2035
74;San Luis;74063;Libertador General San Martín;NA;1;2054;2035
82;Santa Fe;82077;9 de Julio;NA;2;16075;2022
82;Santa Fe;82007;Belgrano;NA;2;25310;2022
82;Santa Fe;82014;Caseros;NA;2;44232;2022
82;Santa Fe;82021;Castellanos;NA;2;97853;2022
82;Santa Fe;82028;Constitución;NA;2;47682;2022
82;Santa Fe;82035;Garay;NA;2;12930;2022
82;Santa Fe;82042;General López;NA;2;103089;2022
82;Santa Fe;82049;General Obligado;NA;2;101257;2022
82;Santa Fe;82056;Iriondo;NA;2;38051;2022
82;Santa Fe;82063;La Capital;NA;2;285854;2022
82;Santa Fe;82070;Las Colonias;NA;2;59561;2022
82;Santa Fe;82084;Rosario;NA;2;675228;2022
82;Santa Fe;82091;San Cristóbal;NA;2;37646;2022
82;Santa Fe;82098;San Javier;NA;2;17199;2022
82;Santa Fe;82105;San Jerónimo;NA;2;45679;2022
82;Santa Fe;82112;San Justo;NA;2;23846;2022
82;Santa Fe;82119;San Lorenzo;NA;2;99461;2022
82;Santa Fe;82126;San Martín;NA;2;34821;2022
82;Santa Fe;82133;Vera;NA;2;28926;2022
82;Santa Fe;82077;9 de Julio;NA;2;16074;2023
82;Santa Fe;82007;Belgrano;NA;2;25346;2023
82;Santa Fe;82014;Caseros;NA;2;44260;2023
82;Santa Fe;82021;Castellanos;NA;2;97923;2023
82;Santa Fe;82028;Constitución;NA;2;47722;2023
82;Santa Fe;82035;Garay;NA;2;12960;2023
82;Santa Fe;82042;General López;NA;2;103145;2023
82;Santa Fe;82049;General Obligado;NA;2;101407;2023
82;Santa Fe;82056;Iriondo;NA;2;38109;2023
82;Santa Fe;82063;La Capital;NA;2;286164;2023
82;Santa Fe;82070;Las Colonias;NA;2;59640;2023
82;Santa Fe;82084;Rosario;NA;2;676393;2023
82;Santa Fe;82091;San Cristóbal;NA;2;37667;2023
82;Santa Fe;82098;San Javier;NA;2;17210;2023
82;Santa Fe;82105;San Jerónimo;NA;2;45728;2023
82;Santa Fe;82112;San Justo;NA;2;23888;2023
82;Santa Fe;82119;San Lorenzo;NA;2;99792;2023
82;Santa Fe;82126;San Martín;NA;2;34841;2023
82;Santa Fe;82133;Vera;NA;2;28951;2023
82;Santa Fe;82077;9 de Julio;NA;2;16072;2024
82;Santa Fe;82007;Belgrano;NA;2;25391;2024
82;Santa Fe;82014;Caseros;NA;2;44295;2024
82;Santa Fe;82021;Castellanos;NA;2;98011;2024
82;Santa Fe;82028;Constitución;NA;2;47771;2024
82;Santa Fe;82035;Garay;NA;2;12998;2024
82;Santa Fe;82042;General López;NA;2;103217;2024
82;Santa Fe;82049;General Obligado;NA;2;101597;2024
82;Santa Fe;82056;Iriondo;NA;2;38183;2024
82;Santa Fe;82063;La Capital;NA;2;286555;2024
82;Santa Fe;82070;Las Colonias;NA;2;59741;2024
82;Santa Fe;82084;Rosario;NA;2;677860;2024
82;Santa Fe;82091;San Cristóbal;NA;2;37693;2024
82;Santa Fe;82098;San Javier;NA;2;17222;2024
82;Santa Fe;82105;San Jerónimo;NA;2;45790;2024
82;Santa Fe;82112;San Justo;NA;2;23942;2024
82;Santa Fe;82119;San Lorenzo;NA;2;100210;2024
82;Santa Fe;82126;San Martín;NA;2;34867;2024
82;Santa Fe;82133;Vera;NA;2;28981;2024
82;Santa Fe;82077;9 de Julio;NA;2;16069;2025
82;Santa Fe;82007;Belgrano;NA;2;25434;2025
82;Santa Fe;82014;Caseros;NA;2;44330;2025
82;Santa Fe;82021;Castellanos;NA;2;98098;2025
82;Santa Fe;82028;Constitución;NA;2;47820;2025
82;Santa Fe;82035;Garay;NA;2;13036;2025
82;Santa Fe;82042;General López;NA;2;103287;2025
82;Santa Fe;82049;General Obligado;NA;2;101783;2025
82;Santa Fe;82056;Iriondo;NA;2;38255;2025
82;Santa Fe;82063;La Capital;NA;2;286941;2025
82;Santa Fe;82070;Las Colonias;NA;2;59839;2025
82;Santa Fe;82084;Rosario;NA;2;679305;2025
82;Santa Fe;82091;San Cristóbal;NA;2;37720;2025
82;Santa Fe;82098;San Javier;NA;2;17235;2025
82;Santa Fe;82105;San Jerónimo;NA;2;45850;2025
82;Santa Fe;82112;San Justo;NA;2;23994;2025
82;Santa Fe;82119;San Lorenzo;NA;2;100620;2025
82;Santa Fe;82126;San Martín;NA;2;34893;2025
82;Santa Fe;82133;Vera;NA;2;29012;2025
82;Santa Fe;82077;9 de Julio;NA;2;16068;2026
82;Santa Fe;82007;Belgrano;NA;2;25473;2026
82;Santa Fe;82014;Caseros;NA;2;44360;2026
82;Santa Fe;82021;Castellanos;NA;2;98175;2026
82;Santa Fe;82028;Constitución;NA;2;47864;2026
82;Santa Fe;82035;Garay;NA;2;13069;2026
82;Santa Fe;82042;General López;NA;2;103348;2026
82;Santa Fe;82049;General Obligado;NA;2;101947;2026
82;Santa Fe;82056;Iriondo;NA;2;38319;2026
82;Santa Fe;82063;La Capital;NA;2;287279;2026
82;Santa Fe;82070;Las Colonias;NA;2;59925;2026
82;Santa Fe;82084;Rosario;NA;2;680572;2026
82;Santa Fe;82091;San Cristóbal;NA;2;37742;2026
82;Santa Fe;82098;San Javier;NA;2;17246;2026
82;Santa Fe;82105;San Jerónimo;NA;2;45903;2026
82;Santa Fe;82112;San Justo;NA;2;24040;2026
82;Santa Fe;82119;San Lorenzo;NA;2;100980;2026
82;Santa Fe;82126;San Martín;NA;2;34916;2026
82;Santa Fe;82133;Vera;NA;2;29038;2026
82;Santa Fe;82077;9 de Julio;NA;2;16066;2027
82;Santa Fe;82007;Belgrano;NA;2;25506;2027
82;Santa Fe;82014;Caseros;NA;2;44386;2027
82;Santa Fe;82021;Castellanos;NA;2;98240;2027
82;Santa Fe;82028;Constitución;NA;2;47900;2027
82;Santa Fe;82035;Garay;NA;2;13098;2027
82;Santa Fe;82042;General López;NA;2;103401;2027
82;Santa Fe;82049;General Obligado;NA;2;102086;2027
82;Santa Fe;82056;Iriondo;NA;2;38373;2027
82;Santa Fe;82063;La Capital;NA;2;287567;2027
82;Santa Fe;82070;Las Colonias;NA;2;59999;2027
82;Santa Fe;82084;Rosario;NA;2;681655;2027
82;Santa Fe;82091;San Cristóbal;NA;2;37762;2027
82;Santa Fe;82098;San Javier;NA;2;17256;2027
82;Santa Fe;82105;San Jerónimo;NA;2;45949;2027
82;Santa Fe;82112;San Justo;NA;2;24079;2027
82;Santa Fe;82119;San Lorenzo;NA;2;101288;2027
82;Santa Fe;82126;San Martín;NA;2;34935;2027
82;Santa Fe;82133;Vera;NA;2;29061;2027
82;Santa Fe;82077;9 de Julio;NA;2;16065;2028
82;Santa Fe;82007;Belgrano;NA;2;25537;2028
82;Santa Fe;82014;Caseros;NA;2;44410;2028
82;Santa Fe;82021;Castellanos;NA;2;98301;2028
82;Santa Fe;82028;Constitución;NA;2;47935;2028
82;Santa Fe;82035;Garay;NA;2;13124;2028
82;Santa Fe;82042;General López;NA;2;103450;2028
82;Santa Fe;82049;General Obligado;NA;2;102217;2028
82;Santa Fe;82056;Iriondo;NA;2;38424;2028
82;Santa Fe;82063;La Capital;NA;2;287837;2028
82;Santa Fe;82070;Las Colonias;NA;2;60068;2028
82;Santa Fe;82084;Rosario;NA;2;682668;2028
82;Santa Fe;82091;San Cristóbal;NA;2;37780;2028
82;Santa Fe;82098;San Javier;NA;2;17265;2028
82;Santa Fe;82105;San Jerónimo;NA;2;45991;2028
82;Santa Fe;82112;San Justo;NA;2;24115;2028
82;Santa Fe;82119;San Lorenzo;NA;2;101576;2028
82;Santa Fe;82126;San Martín;NA;2;34953;2028
82;Santa Fe;82133;Vera;NA;2;29082;2028
82;Santa Fe;82077;9 de Julio;NA;2;16063;2029
82;Santa Fe;82007;Belgrano;NA;2;25567;2029
82;Santa Fe;82014;Caseros;NA;2;44434;2029
82;Santa Fe;82021;Castellanos;NA;2;98361;2029
82;Santa Fe;82028;Constitución;NA;2;47968;2029
82;Santa Fe;82035;Garay;NA;2;13150;2029
82;Santa Fe;82042;General López;NA;2;103499;2029
82;Santa Fe;82049;General Obligado;NA;2;102346;2029
82;Santa Fe;82056;Iriondo;NA;2;38474;2029
82;Santa Fe;82063;La Capital;NA;2;288103;2029
82;Santa Fe;82070;Las Colonias;NA;2;60136;2029
82;Santa Fe;82084;Rosario;NA;2;683663;2029
82;Santa Fe;82091;San Cristóbal;NA;2;37798;2029
82;Santa Fe;82098;San Javier;NA;2;17273;2029
82;Santa Fe;82105;San Jerónimo;NA;2;46033;2029
82;Santa Fe;82112;San Justo;NA;2;24151;2029
82;Santa Fe;82119;San Lorenzo;NA;2;101859;2029
82;Santa Fe;82126;San Martín;NA;2;34971;2029
82;Santa Fe;82133;Vera;NA;2;29103;2029
82;Santa Fe;82077;9 de Julio;NA;2;16062;2030
82;Santa Fe;82007;Belgrano;NA;2;25596;2030
82;Santa Fe;82014;Caseros;NA;2;44457;2030
82;Santa Fe;82021;Castellanos;NA;2;98418;2030
82;Santa Fe;82028;Constitución;NA;2;48001;2030
82;Santa Fe;82035;Garay;NA;2;13175;2030
82;Santa Fe;82042;General López;NA;2;103545;2030
82;Santa Fe;82049;General Obligado;NA;2;102468;2030
82;Santa Fe;82056;Iriondo;NA;2;38522;2030
82;Santa Fe;82063;La Capital;NA;2;288357;2030
82;Santa Fe;82070;Las Colonias;NA;2;60201;2030
82;Santa Fe;82084;Rosario;NA;2;684616;2030
82;Santa Fe;82091;San Cristóbal;NA;2;37815;2030
82;Santa Fe;82098;San Javier;NA;2;17282;2030
82;Santa Fe;82105;San Jerónimo;NA;2;46073;2030
82;Santa Fe;82112;San Justo;NA;2;24186;2030
82;Santa Fe;82119;San Lorenzo;NA;2;102130;2030
82;Santa Fe;82126;San Martín;NA;2;34988;2030
82;Santa Fe;82133;Vera;NA;2;29123;2030
82;Santa Fe;82077;9 de Julio;NA;2;16061;2031
82;Santa Fe;82007;Belgrano;NA;2;25625;2031
82;Santa Fe;82014;Caseros;NA;2;44479;2031
82;Santa Fe;82021;Castellanos;NA;2;98475;2031
82;Santa Fe;82028;Constitución;NA;2;48033;2031
82;Santa Fe;82035;Garay;NA;2;13200;2031
82;Santa Fe;82042;General López;NA;2;103591;2031
82;Santa Fe;82049;General Obligado;NA;2;102590;2031
82;Santa Fe;82056;Iriondo;NA;2;38569;2031
82;Santa Fe;82063;La Capital;NA;2;288608;2031
82;Santa Fe;82070;Las Colonias;NA;2;60265;2031
82;Santa Fe;82084;Rosario;NA;2;685559;2031
82;Santa Fe;82091;San Cristóbal;NA;2;37832;2031
82;Santa Fe;82098;San Javier;NA;2;17290;2031
82;Santa Fe;82105;San Jerónimo;NA;2;46113;2031
82;Santa Fe;82112;San Justo;NA;2;24220;2031
82;Santa Fe;82119;San Lorenzo;NA;2;102398;2031
82;Santa Fe;82126;San Martín;NA;2;35004;2031
82;Santa Fe;82133;Vera;NA;2;29143;2031
82;Santa Fe;82077;9 de Julio;NA;2;16059;2032
82;Santa Fe;82007;Belgrano;NA;2;25653;2032
82;Santa Fe;82014;Caseros;NA;2;44502;2032
82;Santa Fe;82021;Castellanos;NA;2;98532;2032
82;Santa Fe;82028;Constitución;NA;2;48065;2032
82;Santa Fe;82035;Garay;NA;2;13224;2032
82;Santa Fe;82042;General López;NA;2;103636;2032
82;Santa Fe;82049;General Obligado;NA;2;102711;2032
82;Santa Fe;82056;Iriondo;NA;2;38616;2032
82;Santa Fe;82063;La Capital;NA;2;288859;2032
82;Santa Fe;82070;Las Colonias;NA;2;60329;2032
82;Santa Fe;82084;Rosario;NA;2;686498;2032
82;Santa Fe;82091;San Cristóbal;NA;2;37849;2032
82;Santa Fe;82098;San Javier;NA;2;17298;2032
82;Santa Fe;82105;San Jerónimo;NA;2;46152;2032
82;Santa Fe;82112;San Justo;NA;2;24254;2032
82;Santa Fe;82119;San Lorenzo;NA;2;102665;2032
82;Santa Fe;82126;San Martín;NA;2;35021;2032
82;Santa Fe;82133;Vera;NA;2;29163;2032
82;Santa Fe;82077;9 de Julio;NA;2;16058;2033
82;Santa Fe;82007;Belgrano;NA;2;25681;2033
82;Santa Fe;82014;Caseros;NA;2;44524;2033
82;Santa Fe;82021;Castellanos;NA;2;98588;2033
82;Santa Fe;82028;Constitución;NA;2;48096;2033
82;Santa Fe;82035;Garay;NA;2;13248;2033
82;Santa Fe;82042;General López;NA;2;103682;2033
82;Santa Fe;82049;General Obligado;NA;2;102831;2033
82;Santa Fe;82056;Iriondo;NA;2;38662;2033
82;Santa Fe;82063;La Capital;NA;2;289106;2033
82;Santa Fe;82070;Las Colonias;NA;2;60393;2033
82;Santa Fe;82084;Rosario;NA;2;687424;2033
82;Santa Fe;82091;San Cristóbal;NA;2;37866;2033
82;Santa Fe;82098;San Javier;NA;2;17306;2033
82;Santa Fe;82105;San Jerónimo;NA;2;46191;2033
82;Santa Fe;82112;San Justo;NA;2;24287;2033
82;Santa Fe;82119;San Lorenzo;NA;2;102928;2033
82;Santa Fe;82126;San Martín;NA;2;35038;2033
82;Santa Fe;82133;Vera;NA;2;29182;2033
82;Santa Fe;82077;9 de Julio;NA;2;16057;2034
82;Santa Fe;82007;Belgrano;NA;2;25709;2034
82;Santa Fe;82014;Caseros;NA;2;44546;2034
82;Santa Fe;82021;Castellanos;NA;2;98642;2034
82;Santa Fe;82028;Constitución;NA;2;48127;2034
82;Santa Fe;82035;Garay;NA;2;13272;2034
82;Santa Fe;82042;General López;NA;2;103725;2034
82;Santa Fe;82049;General Obligado;NA;2;102948;2034
82;Santa Fe;82056;Iriondo;NA;2;38708;2034
82;Santa Fe;82063;La Capital;NA;2;289347;2034
82;Santa Fe;82070;Las Colonias;NA;2;60454;2034
82;Santa Fe;82084;Rosario;NA;2;688329;2034
82;Santa Fe;82091;San Cristóbal;NA;2;37882;2034
82;Santa Fe;82098;San Javier;NA;2;17314;2034
82;Santa Fe;82105;San Jerónimo;NA;2;46229;2034
82;Santa Fe;82112;San Justo;NA;2;24320;2034
82;Santa Fe;82119;San Lorenzo;NA;2;103185;2034
82;Santa Fe;82126;San Martín;NA;2;35054;2034
82;Santa Fe;82133;Vera;NA;2;29201;2034
82;Santa Fe;82077;9 de Julio;NA;2;16056;2035
82;Santa Fe;82007;Belgrano;NA;2;25736;2035
82;Santa Fe;82014;Caseros;NA;2;44567;2035
82;Santa Fe;82021;Castellanos;NA;2;98696;2035
82;Santa Fe;82028;Constitución;NA;2;48157;2035
82;Santa Fe;82035;Garay;NA;2;13295;2035
82;Santa Fe;82042;General López;NA;2;103769;2035
82;Santa Fe;82049;General Obligado;NA;2;103063;2035
82;Santa Fe;82056;Iriondo;NA;2;38753;2035
82;Santa Fe;82063;La Capital;NA;2;289585;2035
82;Santa Fe;82070;Las Colonias;NA;2;60515;2035
82;Santa Fe;82084;Rosario;NA;2;689221;2035
82;Santa Fe;82091;San Cristóbal;NA;2;37898;2035
82;Santa Fe;82098;San Javier;NA;2;17322;2035
82;Santa Fe;82105;San Jerónimo;NA;2;46266;2035
82;Santa Fe;82112;San Justo;NA;2;24352;2035
82;Santa Fe;82119;San Lorenzo;NA;2;103439;2035
82;Santa Fe;82126;San Martín;NA;2;35070;2035
82;Santa Fe;82133;Vera;NA;2;29220;2035
82;Santa Fe;82077;9 de Julio;NA;1;16028;2022
82;Santa Fe;82007;Belgrano;NA;1;25214;2022
82;Santa Fe;82014;Caseros;NA;1;45767;2022
82;Santa Fe;82021;Castellanos;NA;1;99503;2022
82;Santa Fe;82028;Constitución;NA;1;49081;2022
82;Santa Fe;82035;Garay;NA;1;12889;2022
82;Santa Fe;82042;General López;NA;1;105658;2022
82;Santa Fe;82049;General Obligado;NA;1;103774;2022
82;Santa Fe;82056;Iriondo;NA;1;39103;2022
82;Santa Fe;82063;La Capital;NA;1;306485;2022
82;Santa Fe;82070;Las Colonias;NA;1;60306;2022
82;Santa Fe;82084;Rosario;NA;1;720831;2022
82;Santa Fe;82091;San Cristóbal;NA;1;37756;2022
82;Santa Fe;82098;San Javier;NA;1;17263;2022
82;Santa Fe;82105;San Jerónimo;NA;1;44761;2022
82;Santa Fe;82112;San Justo;NA;1;24479;2022
82;Santa Fe;82119;San Lorenzo;NA;1;102041;2022
82;Santa Fe;82126;San Martín;NA;1;35423;2022
82;Santa Fe;82133;Vera;NA;1;29101;2022
82;Santa Fe;82077;9 de Julio;NA;1;16033;2023
82;Santa Fe;82007;Belgrano;NA;1;25225;2023
82;Santa Fe;82014;Caseros;NA;1;45777;2023
82;Santa Fe;82021;Castellanos;NA;1;99551;2023
82;Santa Fe;82028;Constitución;NA;1;49106;2023
82;Santa Fe;82035;Garay;NA;1;12915;2023
82;Santa Fe;82042;General López;NA;1;105680;2023
82;Santa Fe;82049;General Obligado;NA;1;103892;2023
82;Santa Fe;82056;Iriondo;NA;1;39140;2023
82;Santa Fe;82063;La Capital;NA;1;306687;2023
82;Santa Fe;82070;Las Colonias;NA;1;60356;2023
82;Santa Fe;82084;Rosario;NA;1;721623;2023
82;Santa Fe;82091;San Cristóbal;NA;1;37766;2023
82;Santa Fe;82098;San Javier;NA;1;17275;2023
82;Santa Fe;82105;San Jerónimo;NA;1;44781;2023
82;Santa Fe;82112;San Justo;NA;1;24511;2023
82;Santa Fe;82119;San Lorenzo;NA;1;102263;2023
82;Santa Fe;82126;San Martín;NA;1;35436;2023
82;Santa Fe;82133;Vera;NA;1;29124;2023
82;Santa Fe;82077;9 de Julio;NA;1;16038;2024
82;Santa Fe;82007;Belgrano;NA;1;25240;2024
82;Santa Fe;82014;Caseros;NA;1;45789;2024
82;Santa Fe;82021;Castellanos;NA;1;99611;2024
82;Santa Fe;82028;Constitución;NA;1;49136;2024
82;Santa Fe;82035;Garay;NA;1;12946;2024
82;Santa Fe;82042;General López;NA;1;105707;2024
82;Santa Fe;82049;General Obligado;NA;1;104037;2024
82;Santa Fe;82056;Iriondo;NA;1;39186;2024
82;Santa Fe;82063;La Capital;NA;1;306936;2024
82;Santa Fe;82070;Las Colonias;NA;1;60419;2024
82;Santa Fe;82084;Rosario;NA;1;722595;2024
82;Santa Fe;82091;San Cristóbal;NA;1;37778;2024
82;Santa Fe;82098;San Javier;NA;1;17288;2024
82;Santa Fe;82105;San Jerónimo;NA;1;44806;2024
82;Santa Fe;82112;San Justo;NA;1;24550;2024
82;Santa Fe;82119;San Lorenzo;NA;1;102537;2024
82;Santa Fe;82126;San Martín;NA;1;35451;2024
82;Santa Fe;82133;Vera;NA;1;29151;2024
82;Santa Fe;82077;9 de Julio;NA;1;16043;2025
82;Santa Fe;82007;Belgrano;NA;1;25252;2025
82;Santa Fe;82014;Caseros;NA;1;45800;2025
82;Santa Fe;82021;Castellanos;NA;1;99664;2025
82;Santa Fe;82028;Constitución;NA;1;49162;2025
82;Santa Fe;82035;Garay;NA;1;12974;2025
82;Santa Fe;82042;General López;NA;1;105731;2025
82;Santa Fe;82049;General Obligado;NA;1;104164;2025
82;Santa Fe;82056;Iriondo;NA;1;39227;2025
82;Santa Fe;82063;La Capital;NA;1;307155;2025
82;Santa Fe;82070;Las Colonias;NA;1;60473;2025
82;Santa Fe;82084;Rosario;NA;1;723447;2025
82;Santa Fe;82091;San Cristóbal;NA;1;37788;2025
82;Santa Fe;82098;San Javier;NA;1;17300;2025
82;Santa Fe;82105;San Jerónimo;NA;1;44828;2025
82;Santa Fe;82112;San Justo;NA;1;24584;2025
82;Santa Fe;82119;San Lorenzo;NA;1;102776;2025
82;Santa Fe;82126;San Martín;NA;1;35465;2025
82;Santa Fe;82133;Vera;NA;1;29175;2025
82;Santa Fe;82077;9 de Julio;NA;1;16046;2026
82;Santa Fe;82007;Belgrano;NA;1;25262;2026
82;Santa Fe;82014;Caseros;NA;1;45808;2026
82;Santa Fe;82021;Castellanos;NA;1;99705;2026
82;Santa Fe;82028;Constitución;NA;1;49183;2026
82;Santa Fe;82035;Garay;NA;1;12996;2026
82;Santa Fe;82042;General López;NA;1;105749;2026
82;Santa Fe;82049;General Obligado;NA;1;104264;2026
82;Santa Fe;82056;Iriondo;NA;1;39258;2026
82;Santa Fe;82063;La Capital;NA;1;307325;2026
82;Santa Fe;82070;Las Colonias;NA;1;60516;2026
82;Santa Fe;82084;Rosario;NA;1;724113;2026
82;Santa Fe;82091;San Cristóbal;NA;1;37796;2026
82;Santa Fe;82098;San Javier;NA;1;17310;2026
82;Santa Fe;82105;San Jerónimo;NA;1;44845;2026
82;Santa Fe;82112;San Justo;NA;1;24611;2026
82;Santa Fe;82119;San Lorenzo;NA;1;102964;2026
82;Santa Fe;82126;San Martín;NA;1;35475;2026
82;Santa Fe;82133;Vera;NA;1;29193;2026
82;Santa Fe;82077;9 de Julio;NA;1;16049;2027
82;Santa Fe;82007;Belgrano;NA;1;25269;2027
82;Santa Fe;82014;Caseros;NA;1;45814;2027
82;Santa Fe;82021;Castellanos;NA;1;99733;2027
82;Santa Fe;82028;Constitución;NA;1;49197;2027
82;Santa Fe;82035;Garay;NA;1;13011;2027
82;Santa Fe;82042;General López;NA;1;105762;2027
82;Santa Fe;82049;General Obligado;NA;1;104332;2027
82;Santa Fe;82056;Iriondo;NA;1;39280;2027
82;Santa Fe;82063;La Capital;NA;1;307443;2027
82;Santa Fe;82070;Las Colonias;NA;1;60545;2027
82;Santa Fe;82084;Rosario;NA;1;724573;2027
82;Santa Fe;82091;San Cristóbal;NA;1;37802;2027
82;Santa Fe;82098;San Javier;NA;1;17316;2027
82;Santa Fe;82105;San Jerónimo;NA;1;44856;2027
82;Santa Fe;82112;San Justo;NA;1;24630;2027
82;Santa Fe;82119;San Lorenzo;NA;1;103093;2027
82;Santa Fe;82126;San Martín;NA;1;35483;2027
82;Santa Fe;82133;Vera;NA;1;29206;2027
82;Santa Fe;82077;9 de Julio;NA;1;16051;2028
82;Santa Fe;82007;Belgrano;NA;1;25275;2028
82;Santa Fe;82014;Caseros;NA;1;45819;2028
82;Santa Fe;82021;Castellanos;NA;1;99757;2028
82;Santa Fe;82028;Constitución;NA;1;49209;2028
82;Santa Fe;82035;Garay;NA;1;13023;2028
82;Santa Fe;82042;General López;NA;1;105773;2028
82;Santa Fe;82049;General Obligado;NA;1;104391;2028
82;Santa Fe;82056;Iriondo;NA;1;39299;2028
82;Santa Fe;82063;La Capital;NA;1;307543;2028
82;Santa Fe;82070;Las Colonias;NA;1;60570;2028
82;Santa Fe;82084;Rosario;NA;1;724964;2028
82;Santa Fe;82091;San Cristóbal;NA;1;37806;2028
82;Santa Fe;82098;San Javier;NA;1;17322;2028
82;Santa Fe;82105;San Jerónimo;NA;1;44866;2028
82;Santa Fe;82112;San Justo;NA;1;24645;2028
82;Santa Fe;82119;San Lorenzo;NA;1;103203;2028
82;Santa Fe;82126;San Martín;NA;1;35489;2028
82;Santa Fe;82133;Vera;NA;1;29217;2028
82;Santa Fe;82077;9 de Julio;NA;1;16053;2029
82;Santa Fe;82007;Belgrano;NA;1;25280;2029
82;Santa Fe;82014;Caseros;NA;1;45824;2029
82;Santa Fe;82021;Castellanos;NA;1;99780;2029
82;Santa Fe;82028;Constitución;NA;1;49221;2029
82;Santa Fe;82035;Garay;NA;1;13035;2029
82;Santa Fe;82042;General López;NA;1;105783;2029
82;Santa Fe;82049;General Obligado;NA;1;104446;2029
82;Santa Fe;82056;Iriondo;NA;1;39316;2029
82;Santa Fe;82063;La Capital;NA;1;307637;2029
82;Santa Fe;82070;Las Colonias;NA;1;60594;2029
82;Santa Fe;82084;Rosario;NA;1;725332;2029
82;Santa Fe;82091;San Cristóbal;NA;1;37811;2029
82;Santa Fe;82098;San Javier;NA;1;17327;2029
82;Santa Fe;82105;San Jerónimo;NA;1;44876;2029
82;Santa Fe;82112;San Justo;NA;1;24660;2029
82;Santa Fe;82119;San Lorenzo;NA;1;103306;2029
82;Santa Fe;82126;San Martín;NA;1;35495;2029
82;Santa Fe;82133;Vera;NA;1;29227;2029
82;Santa Fe;82077;9 de Julio;NA;1;16054;2030
82;Santa Fe;82007;Belgrano;NA;1;25285;2030
82;Santa Fe;82014;Caseros;NA;1;45828;2030
82;Santa Fe;82021;Castellanos;NA;1;99800;2030
82;Santa Fe;82028;Constitución;NA;1;49231;2030
82;Santa Fe;82035;Garay;NA;1;13046;2030
82;Santa Fe;82042;General López;NA;1;105792;2030
82;Santa Fe;82049;General Obligado;NA;1;104494;2030
82;Santa Fe;82056;Iriondo;NA;1;39332;2030
82;Santa Fe;82063;La Capital;NA;1;307720;2030
82;Santa Fe;82070;Las Colonias;NA;1;60614;2030
82;Santa Fe;82084;Rosario;NA;1;725656;2030
82;Santa Fe;82091;San Cristóbal;NA;1;37815;2030
82;Santa Fe;82098;San Javier;NA;1;17332;2030
82;Santa Fe;82105;San Jerónimo;NA;1;44884;2030
82;Santa Fe;82112;San Justo;NA;1;24673;2030
82;Santa Fe;82119;San Lorenzo;NA;1;103398;2030
82;Santa Fe;82126;San Martín;NA;1;35500;2030
82;Santa Fe;82133;Vera;NA;1;29236;2030
82;Santa Fe;82077;9 de Julio;NA;1;16056;2031
82;Santa Fe;82007;Belgrano;NA;1;25290;2031
82;Santa Fe;82014;Caseros;NA;1;45832;2031
82;Santa Fe;82021;Castellanos;NA;1;99819;2031
82;Santa Fe;82028;Constitución;NA;1;49240;2031
82;Santa Fe;82035;Garay;NA;1;13056;2031
82;Santa Fe;82042;General López;NA;1;105801;2031
82;Santa Fe;82049;General Obligado;NA;1;104542;2031
82;Santa Fe;82056;Iriondo;NA;1;39347;2031
82;Santa Fe;82063;La Capital;NA;1;307801;2031
82;Santa Fe;82070;Las Colonias;NA;1;60635;2031
82;Santa Fe;82084;Rosario;NA;1;725973;2031
82;Santa Fe;82091;San Cristóbal;NA;1;37819;2031
82;Santa Fe;82098;San Javier;NA;1;17336;2031
82;Santa Fe;82105;San Jerónimo;NA;1;44892;2031
82;Santa Fe;82112;San Justo;NA;1;24686;2031
82;Santa Fe;82119;San Lorenzo;NA;1;103486;2031
82;Santa Fe;82126;San Martín;NA;1;35505;2031
82;Santa Fe;82133;Vera;NA;1;29245;2031
82;Santa Fe;82077;9 de Julio;NA;1;16058;2032
82;Santa Fe;82007;Belgrano;NA;1;25294;2032
82;Santa Fe;82014;Caseros;NA;1;45836;2032
82;Santa Fe;82021;Castellanos;NA;1;99838;2032
82;Santa Fe;82028;Constitución;NA;1;49250;2032
82;Santa Fe;82035;Garay;NA;1;13066;2032
82;Santa Fe;82042;General López;NA;1;105810;2032
82;Santa Fe;82049;General Obligado;NA;1;104588;2032
82;Santa Fe;82056;Iriondo;NA;1;39361;2032
82;Santa Fe;82063;La Capital;NA;1;307880;2032
82;Santa Fe;82070;Las Colonias;NA;1;60654;2032
82;Santa Fe;82084;Rosario;NA;1;726281;2032
82;Santa Fe;82091;San Cristóbal;NA;1;37823;2032
82;Santa Fe;82098;San Javier;NA;1;17340;2032
82;Santa Fe;82105;San Jerónimo;NA;1;44900;2032
82;Santa Fe;82112;San Justo;NA;1;24699;2032
82;Santa Fe;82119;San Lorenzo;NA;1;103573;2032
82;Santa Fe;82126;San Martín;NA;1;35510;2032
82;Santa Fe;82133;Vera;NA;1;29253;2032
82;Santa Fe;82077;9 de Julio;NA;1;16059;2033
82;Santa Fe;82007;Belgrano;NA;1;25299;2033
82;Santa Fe;82014;Caseros;NA;1;45839;2033
82;Santa Fe;82021;Castellanos;NA;1;99856;2033
82;Santa Fe;82028;Constitución;NA;1;49259;2033
82;Santa Fe;82035;Garay;NA;1;13076;2033
82;Santa Fe;82042;General López;NA;1;105818;2033
82;Santa Fe;82049;General Obligado;NA;1;104631;2033
82;Santa Fe;82056;Iriondo;NA;1;39375;2033
82;Santa Fe;82063;La Capital;NA;1;307955;2033
82;Santa Fe;82070;Las Colonias;NA;1;60673;2033
82;Santa Fe;82084;Rosario;NA;1;726572;2033
82;Santa Fe;82091;San Cristóbal;NA;1;37826;2033
82;Santa Fe;82098;San Javier;NA;1;17344;2033
82;Santa Fe;82105;San Jerónimo;NA;1;44907;2033
82;Santa Fe;82112;San Justo;NA;1;24710;2033
82;Santa Fe;82119;San Lorenzo;NA;1;103655;2033
82;Santa Fe;82126;San Martín;NA;1;35514;2033
82;Santa Fe;82133;Vera;NA;1;29262;2033
82;Santa Fe;82077;9 de Julio;NA;1;16061;2034
82;Santa Fe;82007;Belgrano;NA;1;25303;2034
82;Santa Fe;82014;Caseros;NA;1;45843;2034
82;Santa Fe;82021;Castellanos;NA;1;99873;2034
82;Santa Fe;82028;Constitución;NA;1;49268;2034
82;Santa Fe;82035;Garay;NA;1;13085;2034
82;Santa Fe;82042;General López;NA;1;105826;2034
82;Santa Fe;82049;General Obligado;NA;1;104672;2034
82;Santa Fe;82056;Iriondo;NA;1;39388;2034
82;Santa Fe;82063;La Capital;NA;1;308026;2034
82;Santa Fe;82070;Las Colonias;NA;1;60691;2034
82;Santa Fe;82084;Rosario;NA;1;726849;2034
82;Santa Fe;82091;San Cristóbal;NA;1;37829;2034
82;Santa Fe;82098;San Javier;NA;1;17348;2034
82;Santa Fe;82105;San Jerónimo;NA;1;44914;2034
82;Santa Fe;82112;San Justo;NA;1;24721;2034
82;Santa Fe;82119;San Lorenzo;NA;1;103733;2034
82;Santa Fe;82126;San Martín;NA;1;35518;2034
82;Santa Fe;82133;Vera;NA;1;29269;2034
82;Santa Fe;82077;9 de Julio;NA;1;16062;2035
82;Santa Fe;82007;Belgrano;NA;1;25307;2035
82;Santa Fe;82014;Caseros;NA;1;45846;2035
82;Santa Fe;82021;Castellanos;NA;1;99889;2035
82;Santa Fe;82028;Constitución;NA;1;49276;2035
82;Santa Fe;82035;Garay;NA;1;13093;2035
82;Santa Fe;82042;General López;NA;1;105833;2035
82;Santa Fe;82049;General Obligado;NA;1;104711;2035
82;Santa Fe;82056;Iriondo;NA;1;39401;2035
82;Santa Fe;82063;La Capital;NA;1;308093;2035
82;Santa Fe;82070;Las Colonias;NA;1;60707;2035
82;Santa Fe;82084;Rosario;NA;1;727110;2035
82;Santa Fe;82091;San Cristóbal;NA;1;37833;2035
82;Santa Fe;82098;San Javier;NA;1;17352;2035
82;Santa Fe;82105;San Jerónimo;NA;1;44921;2035
82;Santa Fe;82112;San Justo;NA;1;24732;2035
82;Santa Fe;82119;San Lorenzo;NA;1;103806;2035
82;Santa Fe;82126;San Martín;NA;1;35523;2035
82;Santa Fe;82133;Vera;NA;1;29277;2035
86;Santiago del Estero;86007;Aguirre;NA;2;4496;2022
86;Santiago del Estero;86014;Alberdi;NA;2;10365;2022
86;Santiago del Estero;86021;Atamisqui;NA;2;7558;2022
86;Santiago del Estero;86028;Avellaneda;NA;2;12907;2022
86;Santiago del Estero;86035;Banda;NA;2;83141;2022
86;Santiago del Estero;86042;Belgrano;NA;2;5516;2022
86;Santiago del Estero;86049;Capital;NA;2;158480;2022
86;Santiago del Estero;86063;Choya;NA;2;21806;2022
86;Santiago del Estero;86056;Copo;NA;2;18313;2022
86;Santiago del Estero;86070;Figueroa;NA;2;10462;2022
86;Santiago del Estero;86077;General Taboada;NA;2;23192;2022
86;Santiago del Estero;86084;Guasayán;NA;2;4733;2022
86;Santiago del Estero;86091;Jiménez;NA;2;9398;2022
86;Santiago del Estero;86098;Juan Felipe Ibarra;NA;2;10411;2022
86;Santiago del Estero;86105;Loreto;NA;2;12026;2022
86;Santiago del Estero;86112;Mitre;NA;2;774;2022
86;Santiago del Estero;86119;Moreno;NA;2;20646;2022
86;Santiago del Estero;86126;Ojo de Agua;NA;2;7567;2022
86;Santiago del Estero;86133;Pellegrini;NA;2;13512;2022
86;Santiago del Estero;86140;Quebrachos;NA;2;6120;2022
86;Santiago del Estero;86154;Rivadavia;NA;2;2703;2022
86;Santiago del Estero;86161;Robles;NA;2;26715;2022
86;Santiago del Estero;86147;Río Hondo;NA;2;33169;2022
86;Santiago del Estero;86168;Salavina;NA;2;6655;2022
86;Santiago del Estero;86175;San Martín;NA;2;6324;2022
86;Santiago del Estero;86182;Sarmiento;NA;2;2580;2022
86;Santiago del Estero;86189;Silípica;NA;2;4965;2022
86;Santiago del Estero;86007;Aguirre;NA;2;4505;2023
86;Santiago del Estero;86014;Alberdi;NA;2;10386;2023
86;Santiago del Estero;86021;Atamisqui;NA;2;7619;2023
86;Santiago del Estero;86028;Avellaneda;NA;2;12961;2023
86;Santiago del Estero;86035;Banda;NA;2;83438;2023
86;Santiago del Estero;86042;Belgrano;NA;2;5531;2023
86;Santiago del Estero;86049;Capital;NA;2;159214;2023
86;Santiago del Estero;86063;Choya;NA;2;21921;2023
86;Santiago del Estero;86056;Copo;NA;2;18340;2023
86;Santiago del Estero;86070;Figueroa;NA;2;10468;2023
86;Santiago del Estero;86077;General Taboada;NA;2;23285;2023
86;Santiago del Estero;86084;Guasayán;NA;2;4750;2023
86;Santiago del Estero;86091;Jiménez;NA;2;9450;2023
86;Santiago del Estero;86098;Juan Felipe Ibarra;NA;2;10425;2023
86;Santiago del Estero;86105;Loreto;NA;2;12083;2023
86;Santiago del Estero;86112;Mitre;NA;2;764;2023
86;Santiago del Estero;86119;Moreno;NA;2;20748;2023
86;Santiago del Estero;86126;Ojo de Agua;NA;2;7566;2023
86;Santiago del Estero;86133;Pellegrini;NA;2;13583;2023
86;Santiago del Estero;86140;Quebrachos;NA;2;6133;2023
86;Santiago del Estero;86154;Rivadavia;NA;2;2699;2023
86;Santiago del Estero;86161;Robles;NA;2;26805;2023
86;Santiago del Estero;86147;Río Hondo;NA;2;33306;2023
86;Santiago del Estero;86168;Salavina;NA;2;6667;2023
86;Santiago del Estero;86175;San Martín;NA;2;6358;2023
86;Santiago del Estero;86182;Sarmiento;NA;2;2579;2023
86;Santiago del Estero;86189;Silípica;NA;2;4987;2023
86;Santiago del Estero;86007;Aguirre;NA;2;4513;2024
86;Santiago del Estero;86014;Alberdi;NA;2;10404;2024
86;Santiago del Estero;86021;Atamisqui;NA;2;7669;2024
86;Santiago del Estero;86028;Avellaneda;NA;2;13004;2024
86;Santiago del Estero;86035;Banda;NA;2;83680;2024
86;Santiago del Estero;86042;Belgrano;NA;2;5543;2024
86;Santiago del Estero;86049;Capital;NA;2;159810;2024
86;Santiago del Estero;86063;Choya;NA;2;22015;2024
86;Santiago del Estero;86056;Copo;NA;2;18362;2024
86;Santiago del Estero;86070;Figueroa;NA;2;10473;2024
86;Santiago del Estero;86077;General Taboada;NA;2;23360;2024
86;Santiago del Estero;86084;Guasayán;NA;2;4763;2024
86;Santiago del Estero;86091;Jiménez;NA;2;9492;2024
86;Santiago del Estero;86098;Juan Felipe Ibarra;NA;2;10437;2024
86;Santiago del Estero;86105;Loreto;NA;2;12128;2024
86;Santiago del Estero;86112;Mitre;NA;2;755;2024
86;Santiago del Estero;86119;Moreno;NA;2;20832;2024
86;Santiago del Estero;86126;Ojo de Agua;NA;2;7566;2024
86;Santiago del Estero;86133;Pellegrini;NA;2;13640;2024
86;Santiago del Estero;86140;Quebrachos;NA;2;6143;2024
86;Santiago del Estero;86154;Rivadavia;NA;2;2695;2024
86;Santiago del Estero;86161;Robles;NA;2;26879;2024
86;Santiago del Estero;86147;Río Hondo;NA;2;33418;2024
86;Santiago del Estero;86168;Salavina;NA;2;6676;2024
86;Santiago del Estero;86175;San Martín;NA;2;6384;2024
86;Santiago del Estero;86182;Sarmiento;NA;2;2578;2024
86;Santiago del Estero;86189;Silípica;NA;2;5005;2024
86;Santiago del Estero;86007;Aguirre;NA;2;4519;2025
86;Santiago del Estero;86014;Alberdi;NA;2;10418;2025
86;Santiago del Estero;86021;Atamisqui;NA;2;7709;2025
86;Santiago del Estero;86028;Avellaneda;NA;2;13040;2025
86;Santiago del Estero;86035;Banda;NA;2;83878;2025
86;Santiago del Estero;86042;Belgrano;NA;2;5552;2025
86;Santiago del Estero;86049;Capital;NA;2;160300;2025
86;Santiago del Estero;86063;Choya;NA;2;22091;2025
86;Santiago del Estero;86056;Copo;NA;2;18380;2025
86;Santiago del Estero;86070;Figueroa;NA;2;10478;2025
86;Santiago del Estero;86077;General Taboada;NA;2;23422;2025
86;Santiago del Estero;86084;Guasayán;NA;2;4775;2025
86;Santiago del Estero;86091;Jiménez;NA;2;9526;2025
86;Santiago del Estero;86098;Juan Felipe Ibarra;NA;2;10446;2025
86;Santiago del Estero;86105;Loreto;NA;2;12166;2025
86;Santiago del Estero;86112;Mitre;NA;2;747;2025
86;Santiago del Estero;86119;Moreno;NA;2;20900;2025
86;Santiago del Estero;86126;Ojo de Agua;NA;2;7566;2025
86;Santiago del Estero;86133;Pellegrini;NA;2;13688;2025
86;Santiago del Estero;86140;Quebrachos;NA;2;6152;2025
86;Santiago del Estero;86154;Rivadavia;NA;2;2693;2025
86;Santiago del Estero;86161;Robles;NA;2;26939;2025
86;Santiago del Estero;86147;Río Hondo;NA;2;33509;2025
86;Santiago del Estero;86168;Salavina;NA;2;6684;2025
86;Santiago del Estero;86175;San Martín;NA;2;6407;2025
86;Santiago del Estero;86182;Sarmiento;NA;2;2578;2025
86;Santiago del Estero;86189;Silípica;NA;2;5020;2025
86;Santiago del Estero;86007;Aguirre;NA;2;4525;2026
86;Santiago del Estero;86014;Alberdi;NA;2;10432;2026
86;Santiago del Estero;86021;Atamisqui;NA;2;7748;2026
86;Santiago del Estero;86028;Avellaneda;NA;2;13074;2026
86;Santiago del Estero;86035;Banda;NA;2;84066;2026
86;Santiago del Estero;86042;Belgrano;NA;2;5562;2026
86;Santiago del Estero;86049;Capital;NA;2;160765;2026
86;Santiago del Estero;86063;Choya;NA;2;22165;2026
86;Santiago del Estero;86056;Copo;NA;2;18396;2026
86;Santiago del Estero;86070;Figueroa;NA;2;10482;2026
86;Santiago del Estero;86077;General Taboada;NA;2;23481;2026
86;Santiago del Estero;86084;Guasayán;NA;2;4785;2026
86;Santiago del Estero;86091;Jiménez;NA;2;9559;2026
86;Santiago del Estero;86098;Juan Felipe Ibarra;NA;2;10455;2026
86;Santiago del Estero;86105;Loreto;NA;2;12201;2026
86;Santiago del Estero;86112;Mitre;NA;2;740;2026
86;Santiago del Estero;86119;Moreno;NA;2;20965;2026
86;Santiago del Estero;86126;Ojo de Agua;NA;2;7566;2026
86;Santiago del Estero;86133;Pellegrini;NA;2;13733;2026
86;Santiago del Estero;86140;Quebrachos;NA;2;6160;2026
86;Santiago del Estero;86154;Rivadavia;NA;2;2690;2026
86;Santiago del Estero;86161;Robles;NA;2;26996;2026
86;Santiago del Estero;86147;Río Hondo;NA;2;33596;2026
86;Santiago del Estero;86168;Salavina;NA;2;6691;2026
86;Santiago del Estero;86175;San Martín;NA;2;6428;2026
86;Santiago del Estero;86182;Sarmiento;NA;2;2577;2026
86;Santiago del Estero;86189;Silípica;NA;2;5034;2026
86;Santiago del Estero;86007;Aguirre;NA;2;4531;2027
86;Santiago del Estero;86014;Alberdi;NA;2;10445;2027
86;Santiago del Estero;86021;Atamisqui;NA;2;7784;2027
86;Santiago del Estero;86028;Avellaneda;NA;2;13106;2027
86;Santiago del Estero;86035;Banda;NA;2;84244;2027
86;Santiago del Estero;86042;Belgrano;NA;2;5571;2027
86;Santiago del Estero;86049;Capital;NA;2;161205;2027
86;Santiago del Estero;86063;Choya;NA;2;22234;2027
86;Santiago del Estero;86056;Copo;NA;2;18412;2027
86;Santiago del Estero;86070;Figueroa;NA;2;10485;2027
86;Santiago del Estero;86077;General Taboada;NA;2;23537;2027
86;Santiago del Estero;86084;Guasayán;NA;2;4795;2027
86;Santiago del Estero;86091;Jiménez;NA;2;9589;2027
86;Santiago del Estero;86098;Juan Felipe Ibarra;NA;2;10464;2027
86;Santiago del Estero;86105;Loreto;NA;2;12235;2027
86;Santiago del Estero;86112;Mitre;NA;2;734;2027
86;Santiago del Estero;86119;Moreno;NA;2;21026;2027
86;Santiago del Estero;86126;Ojo de Agua;NA;2;7566;2027
86;Santiago del Estero;86133;Pellegrini;NA;2;13775;2027
86;Santiago del Estero;86140;Quebrachos;NA;2;6168;2027
86;Santiago del Estero;86154;Rivadavia;NA;2;2688;2027
86;Santiago del Estero;86161;Robles;NA;2;27050;2027
86;Santiago del Estero;86147;Río Hondo;NA;2;33679;2027
86;Santiago del Estero;86168;Salavina;NA;2;6698;2027
86;Santiago del Estero;86175;San Martín;NA;2;6447;2027
86;Santiago del Estero;86182;Sarmiento;NA;2;2577;2027
86;Santiago del Estero;86189;Silípica;NA;2;5047;2027
86;Santiago del Estero;86007;Aguirre;NA;2;4536;2028
86;Santiago del Estero;86014;Alberdi;NA;2;10457;2028
86;Santiago del Estero;86021;Atamisqui;NA;2;7819;2028
86;Santiago del Estero;86028;Avellaneda;NA;2;13137;2028
86;Santiago del Estero;86035;Banda;NA;2;84415;2028
86;Santiago del Estero;86042;Belgrano;NA;2;5579;2028
86;Santiago del Estero;86049;Capital;NA;2;161627;2028
86;Santiago del Estero;86063;Choya;NA;2;22300;2028
86;Santiago del Estero;86056;Copo;NA;2;18428;2028
86;Santiago del Estero;86070;Figueroa;NA;2;10489;2028
86;Santiago del Estero;86077;General Taboada;NA;2;23591;2028
86;Santiago del Estero;86084;Guasayán;NA;2;4805;2028
86;Santiago del Estero;86091;Jiménez;NA;2;9619;2028
86;Santiago del Estero;86098;Juan Felipe Ibarra;NA;2;10472;2028
86;Santiago del Estero;86105;Loreto;NA;2;12267;2028
86;Santiago del Estero;86112;Mitre;NA;2;727;2028
86;Santiago del Estero;86119;Moreno;NA;2;21085;2028
86;Santiago del Estero;86126;Ojo de Agua;NA;2;7566;2028
86;Santiago del Estero;86133;Pellegrini;NA;2;13816;2028
86;Santiago del Estero;86140;Quebrachos;NA;2;6175;2028
86;Santiago del Estero;86154;Rivadavia;NA;2;2686;2028
86;Santiago del Estero;86161;Robles;NA;2;27102;2028
86;Santiago del Estero;86147;Río Hondo;NA;2;33758;2028
86;Santiago del Estero;86168;Salavina;NA;2;6705;2028
86;Santiago del Estero;86175;San Martín;NA;2;6466;2028
86;Santiago del Estero;86182;Sarmiento;NA;2;2576;2028
86;Santiago del Estero;86189;Silípica;NA;2;5060;2028
86;Santiago del Estero;86007;Aguirre;NA;2;4542;2029
86;Santiago del Estero;86014;Alberdi;NA;2;10470;2029
86;Santiago del Estero;86021;Atamisqui;NA;2;7854;2029
86;Santiago del Estero;86028;Avellaneda;NA;2;13167;2029
86;Santiago del Estero;86035;Banda;NA;2;84587;2029
86;Santiago del Estero;86042;Belgrano;NA;2;5588;2029
86;Santiago del Estero;86049;Capital;NA;2;162050;2029
86;Santiago del Estero;86063;Choya;NA;2;22366;2029
86;Santiago del Estero;86056;Copo;NA;2;18443;2029
86;Santiago del Estero;86070;Figueroa;NA;2;10492;2029
86;Santiago del Estero;86077;General Taboada;NA;2;23644;2029
86;Santiago del Estero;86084;Guasayán;NA;2;4814;2029
86;Santiago del Estero;86091;Jiménez;NA;2;9649;2029
86;Santiago del Estero;86098;Juan Felipe Ibarra;NA;2;10480;2029
86;Santiago del Estero;86105;Loreto;NA;2;12300;2029
86;Santiago del Estero;86112;Mitre;NA;2;721;2029
86;Santiago del Estero;86119;Moreno;NA;2;21144;2029
86;Santiago del Estero;86126;Ojo de Agua;NA;2;7565;2029
86;Santiago del Estero;86133;Pellegrini;NA;2;13857;2029
86;Santiago del Estero;86140;Quebrachos;NA;2;6182;2029
86;Santiago del Estero;86154;Rivadavia;NA;2;2683;2029
86;Santiago del Estero;86161;Robles;NA;2;27154;2029
86;Santiago del Estero;86147;Río Hondo;NA;2;33837;2029
86;Santiago del Estero;86168;Salavina;NA;2;6712;2029
86;Santiago del Estero;86175;San Martín;NA;2;6486;2029
86;Santiago del Estero;86182;Sarmiento;NA;2;2576;2029
86;Santiago del Estero;86189;Silípica;NA;2;5072;2029
86;Santiago del Estero;86007;Aguirre;NA;2;4547;2030
86;Santiago del Estero;86014;Alberdi;NA;2;10483;2030
86;Santiago del Estero;86021;Atamisqui;NA;2;7890;2030
86;Santiago del Estero;86028;Avellaneda;NA;2;13199;2030
86;Santiago del Estero;86035;Banda;NA;2;84761;2030
86;Santiago del Estero;86042;Belgrano;NA;2;5597;2030
86;Santiago del Estero;86049;Capital;NA;2;162482;2030
86;Santiago del Estero;86063;Choya;NA;2;22434;2030
86;Santiago del Estero;86056;Copo;NA;2;18459;2030
86;Santiago del Estero;86070;Figueroa;NA;2;10496;2030
86;Santiago del Estero;86077;General Taboada;NA;2;23699;2030
86;Santiago del Estero;86084;Guasayán;NA;2;4824;2030
86;Santiago del Estero;86091;Jiménez;NA;2;9679;2030
86;Santiago del Estero;86098;Juan Felipe Ibarra;NA;2;10489;2030
86;Santiago del Estero;86105;Loreto;NA;2;12333;2030
86;Santiago del Estero;86112;Mitre;NA;2;715;2030
86;Santiago del Estero;86119;Moreno;NA;2;21204;2030
86;Santiago del Estero;86126;Ojo de Agua;NA;2;7565;2030
86;Santiago del Estero;86133;Pellegrini;NA;2;13898;2030
86;Santiago del Estero;86140;Quebrachos;NA;2;6190;2030
86;Santiago del Estero;86154;Rivadavia;NA;2;2681;2030
86;Santiago del Estero;86161;Robles;NA;2;27207;2030
86;Santiago del Estero;86147;Río Hondo;NA;2;33917;2030
86;Santiago del Estero;86168;Salavina;NA;2;6718;2030
86;Santiago del Estero;86175;San Martín;NA;2;6505;2030
86;Santiago del Estero;86182;Sarmiento;NA;2;2576;2030
86;Santiago del Estero;86189;Silípica;NA;2;5085;2030
86;Santiago del Estero;86007;Aguirre;NA;2;4553;2031
86;Santiago del Estero;86014;Alberdi;NA;2;10496;2031
86;Santiago del Estero;86021;Atamisqui;NA;2;7928;2031
86;Santiago del Estero;86028;Avellaneda;NA;2;13232;2031
86;Santiago del Estero;86035;Banda;NA;2;84947;2031
86;Santiago del Estero;86042;Belgrano;NA;2;5606;2031
86;Santiago del Estero;86049;Capital;NA;2;162940;2031
86;Santiago del Estero;86063;Choya;NA;2;22506;2031
86;Santiago del Estero;86056;Copo;NA;2;18475;2031
86;Santiago del Estero;86070;Figueroa;NA;2;10500;2031
86;Santiago del Estero;86077;General Taboada;NA;2;23757;2031
86;Santiago del Estero;86084;Guasayán;NA;2;4834;2031
86;Santiago del Estero;86091;Jiménez;NA;2;9711;2031
86;Santiago del Estero;86098;Juan Felipe Ibarra;NA;2;10497;2031
86;Santiago del Estero;86105;Loreto;NA;2;12368;2031
86;Santiago del Estero;86112;Mitre;NA;2;708;2031
86;Santiago del Estero;86119;Moreno;NA;2;21268;2031
86;Santiago del Estero;86126;Ojo de Agua;NA;2;7565;2031
86;Santiago del Estero;86133;Pellegrini;NA;2;13943;2031
86;Santiago del Estero;86140;Quebrachos;NA;2;6198;2031
86;Santiago del Estero;86154;Rivadavia;NA;2;2678;2031
86;Santiago del Estero;86161;Robles;NA;2;27263;2031
86;Santiago del Estero;86147;Río Hondo;NA;2;34003;2031
86;Santiago del Estero;86168;Salavina;NA;2;6726;2031
86;Santiago del Estero;86175;San Martín;NA;2;6526;2031
86;Santiago del Estero;86182;Sarmiento;NA;2;2575;2031
86;Santiago del Estero;86189;Silípica;NA;2;5099;2031
86;Santiago del Estero;86007;Aguirre;NA;2;4559;2032
86;Santiago del Estero;86014;Alberdi;NA;2;10510;2032
86;Santiago del Estero;86021;Atamisqui;NA;2;7968;2032
86;Santiago del Estero;86028;Avellaneda;NA;2;13267;2032
86;Santiago del Estero;86035;Banda;NA;2;85140;2032
86;Santiago del Estero;86042;Belgrano;NA;2;5615;2032
86;Santiago del Estero;86049;Capital;NA;2;163417;2032
86;Santiago del Estero;86063;Choya;NA;2;22581;2032
86;Santiago del Estero;86056;Copo;NA;2;18493;2032
86;Santiago del Estero;86070;Figueroa;NA;2;10504;2032
86;Santiago del Estero;86077;General Taboada;NA;2;23818;2032
86;Santiago del Estero;86084;Guasayán;NA;2;4845;2032
86;Santiago del Estero;86091;Jiménez;NA;2;9745;2032
86;Santiago del Estero;86098;Juan Felipe Ibarra;NA;2;10507;2032
86;Santiago del Estero;86105;Loreto;NA;2;12404;2032
86;Santiago del Estero;86112;Mitre;NA;2;701;2032
86;Santiago del Estero;86119;Moreno;NA;2;21335;2032
86;Santiago del Estero;86126;Ojo de Agua;NA;2;7565;2032
86;Santiago del Estero;86133;Pellegrini;NA;2;13989;2032
86;Santiago del Estero;86140;Quebrachos;NA;2;6206;2032
86;Santiago del Estero;86154;Rivadavia;NA;2;2676;2032
86;Santiago del Estero;86161;Robles;NA;2;27322;2032
86;Santiago del Estero;86147;Río Hondo;NA;2;34092;2032
86;Santiago del Estero;86168;Salavina;NA;2;6733;2032
86;Santiago del Estero;86175;San Martín;NA;2;6547;2032
86;Santiago del Estero;86182;Sarmiento;NA;2;2574;2032
86;Santiago del Estero;86189;Silípica;NA;2;5114;2032
86;Santiago del Estero;86007;Aguirre;NA;2;4565;2033
86;Santiago del Estero;86014;Alberdi;NA;2;10525;2033
86;Santiago del Estero;86021;Atamisqui;NA;2;8008;2033
86;Santiago del Estero;86028;Avellaneda;NA;2;13302;2033
86;Santiago del Estero;86035;Banda;NA;2;85338;2033
86;Santiago del Estero;86042;Belgrano;NA;2;5625;2033
86;Santiago del Estero;86049;Capital;NA;2;163905;2033
86;Santiago del Estero;86063;Choya;NA;2;22658;2033
86;Santiago del Estero;86056;Copo;NA;2;18510;2033
86;Santiago del Estero;86070;Figueroa;NA;2;10508;2033
86;Santiago del Estero;86077;General Taboada;NA;2;23880;2033
86;Santiago del Estero;86084;Guasayán;NA;2;4857;2033
86;Santiago del Estero;86091;Jiménez;NA;2;9779;2033
86;Santiago del Estero;86098;Juan Felipe Ibarra;NA;2;10516;2033
86;Santiago del Estero;86105;Loreto;NA;2;12442;2033
86;Santiago del Estero;86112;Mitre;NA;2;693;2033
86;Santiago del Estero;86119;Moreno;NA;2;21403;2033
86;Santiago del Estero;86126;Ojo de Agua;NA;2;7565;2033
86;Santiago del Estero;86133;Pellegrini;NA;2;14036;2033
86;Santiago del Estero;86140;Quebrachos;NA;2;6215;2033
86;Santiago del Estero;86154;Rivadavia;NA;2;2673;2033
86;Santiago del Estero;86161;Robles;NA;2;27382;2033
86;Santiago del Estero;86147;Río Hondo;NA;2;34183;2033
86;Santiago del Estero;86168;Salavina;NA;2;6741;2033
86;Santiago del Estero;86175;San Martín;NA;2;6569;2033
86;Santiago del Estero;86182;Sarmiento;NA;2;2574;2033
86;Santiago del Estero;86189;Silípica;NA;2;5128;2033
86;Santiago del Estero;86007;Aguirre;NA;2;4572;2034
86;Santiago del Estero;86014;Alberdi;NA;2;10539;2034
86;Santiago del Estero;86021;Atamisqui;NA;2;8050;2034
86;Santiago del Estero;86028;Avellaneda;NA;2;13339;2034
86;Santiago del Estero;86035;Banda;NA;2;85542;2034
86;Santiago del Estero;86042;Belgrano;NA;2;5635;2034
86;Santiago del Estero;86049;Capital;NA;2;164409;2034
86;Santiago del Estero;86063;Choya;NA;2;22737;2034
86;Santiago del Estero;86056;Copo;NA;2;18529;2034
86;Santiago del Estero;86070;Figueroa;NA;2;10512;2034
86;Santiago del Estero;86077;General Taboada;NA;2;23943;2034
86;Santiago del Estero;86084;Guasayán;NA;2;4868;2034
86;Santiago del Estero;86091;Jiménez;NA;2;9814;2034
86;Santiago del Estero;86098;Juan Felipe Ibarra;NA;2;10526;2034
86;Santiago del Estero;86105;Loreto;NA;2;12480;2034
86;Santiago del Estero;86112;Mitre;NA;2;686;2034
86;Santiago del Estero;86119;Moreno;NA;2;21473;2034
86;Santiago del Estero;86126;Ojo de Agua;NA;2;7565;2034
86;Santiago del Estero;86133;Pellegrini;NA;2;14085;2034
86;Santiago del Estero;86140;Quebrachos;NA;2;6223;2034
86;Santiago del Estero;86154;Rivadavia;NA;2;2670;2034
86;Santiago del Estero;86161;Robles;NA;2;27444;2034
86;Santiago del Estero;86147;Río Hondo;NA;2;34278;2034
86;Santiago del Estero;86168;Salavina;NA;2;6749;2034
86;Santiago del Estero;86175;San Martín;NA;2;6592;2034
86;Santiago del Estero;86182;Sarmiento;NA;2;2573;2034
86;Santiago del Estero;86189;Silípica;NA;2;5143;2034
86;Santiago del Estero;86007;Aguirre;NA;2;4578;2035
86;Santiago del Estero;86014;Alberdi;NA;2;10555;2035
86;Santiago del Estero;86021;Atamisqui;NA;2;8092;2035
86;Santiago del Estero;86028;Avellaneda;NA;2;13376;2035
86;Santiago del Estero;86035;Banda;NA;2;85749;2035
86;Santiago del Estero;86042;Belgrano;NA;2;5646;2035
86;Santiago del Estero;86049;Capital;NA;2;164920;2035
86;Santiago del Estero;86063;Choya;NA;2;22817;2035
86;Santiago del Estero;86056;Copo;NA;2;18547;2035
86;Santiago del Estero;86070;Figueroa;NA;2;10517;2035
86;Santiago del Estero;86077;General Taboada;NA;2;24008;2035
86;Santiago del Estero;86084;Guasayán;NA;2;4880;2035
86;Santiago del Estero;86091;Jiménez;NA;2;9850;2035
86;Santiago del Estero;86098;Juan Felipe Ibarra;NA;2;10536;2035
86;Santiago del Estero;86105;Loreto;NA;2;12519;2035
86;Santiago del Estero;86112;Mitre;NA;2;678;2035
86;Santiago del Estero;86119;Moreno;NA;2;21544;2035
86;Santiago del Estero;86126;Ojo de Agua;NA;2;7564;2035
86;Santiago del Estero;86133;Pellegrini;NA;2;14134;2035
86;Santiago del Estero;86140;Quebrachos;NA;2;6232;2035
86;Santiago del Estero;86154;Rivadavia;NA;2;2668;2035
86;Santiago del Estero;86161;Robles;NA;2;27507;2035
86;Santiago del Estero;86147;Río Hondo;NA;2;34373;2035
86;Santiago del Estero;86168;Salavina;NA;2;6757;2035
86;Santiago del Estero;86175;San Martín;NA;2;6615;2035
86;Santiago del Estero;86182;Sarmiento;NA;2;2573;2035
86;Santiago del Estero;86189;Silípica;NA;2;5159;2035
86;Santiago del Estero;86007;Aguirre;NA;1;4345;2022
86;Santiago del Estero;86014;Alberdi;NA;1;9461;2022
86;Santiago del Estero;86021;Atamisqui;NA;1;7133;2022
86;Santiago del Estero;86028;Avellaneda;NA;1;12207;2022
86;Santiago del Estero;86035;Banda;NA;1;84929;2022
86;Santiago del Estero;86042;Belgrano;NA;1;5145;2022
86;Santiago del Estero;86049;Capital;NA;1;166569;2022
86;Santiago del Estero;86063;Choya;NA;1;21296;2022
86;Santiago del Estero;86056;Copo;NA;1;16929;2022
86;Santiago del Estero;86070;Figueroa;NA;1;9528;2022
86;Santiago del Estero;86077;General Taboada;NA;1;22641;2022
86;Santiago del Estero;86084;Guasayán;NA;1;4392;2022
86;Santiago del Estero;86091;Jiménez;NA;1;8961;2022
86;Santiago del Estero;86098;Juan Felipe Ibarra;NA;1;9885;2022
86;Santiago del Estero;86105;Loreto;NA;1;11686;2022
86;Santiago del Estero;86112;Mitre;NA;1;647;2022
86;Santiago del Estero;86119;Moreno;NA;1;19246;2022
86;Santiago del Estero;86126;Ojo de Agua;NA;1;7331;2022
86;Santiago del Estero;86133;Pellegrini;NA;1;12319;2022
86;Santiago del Estero;86140;Quebrachos;NA;1;6053;2022
86;Santiago del Estero;86154;Rivadavia;NA;1;2537;2022
86;Santiago del Estero;86161;Robles;NA;1;26507;2022
86;Santiago del Estero;86147;Río Hondo;NA;1;32618;2022
86;Santiago del Estero;86168;Salavina;NA;1;5957;2022
86;Santiago del Estero;86175;San Martín;NA;1;5368;2022
86;Santiago del Estero;86182;Sarmiento;NA;1;2388;2022
86;Santiago del Estero;86189;Silípica;NA;1;4664;2022
86;Santiago del Estero;86007;Aguirre;NA;1;4363;2023
86;Santiago del Estero;86014;Alberdi;NA;1;9495;2023
86;Santiago del Estero;86021;Atamisqui;NA;1;7188;2023
86;Santiago del Estero;86028;Avellaneda;NA;1;12267;2023
86;Santiago del Estero;86035;Banda;NA;1;85267;2023
86;Santiago del Estero;86042;Belgrano;NA;1;5163;2023
86;Santiago del Estero;86049;Capital;NA;1;167372;2023
86;Santiago del Estero;86063;Choya;NA;1;21409;2023
86;Santiago del Estero;86056;Copo;NA;1;16975;2023
86;Santiago del Estero;86070;Figueroa;NA;1;9558;2023
86;Santiago del Estero;86077;General Taboada;NA;1;22743;2023
86;Santiago del Estero;86084;Guasayán;NA;1;4413;2023
86;Santiago del Estero;86091;Jiménez;NA;1;9026;2023
86;Santiago del Estero;86098;Juan Felipe Ibarra;NA;1;9911;2023
86;Santiago del Estero;86105;Loreto;NA;1;11721;2023
86;Santiago del Estero;86112;Mitre;NA;1;635;2023
86;Santiago del Estero;86119;Moreno;NA;1;19361;2023
86;Santiago del Estero;86126;Ojo de Agua;NA;1;7330;2023
86;Santiago del Estero;86133;Pellegrini;NA;1;12397;2023
86;Santiago del Estero;86140;Quebrachos;NA;1;6071;2023
86;Santiago del Estero;86154;Rivadavia;NA;1;2537;2023
86;Santiago del Estero;86161;Robles;NA;1;26645;2023
86;Santiago del Estero;86147;Río Hondo;NA;1;32758;2023
86;Santiago del Estero;86168;Salavina;NA;1;5970;2023
86;Santiago del Estero;86175;San Martín;NA;1;5380;2023
86;Santiago del Estero;86182;Sarmiento;NA;1;2390;2023
86;Santiago del Estero;86189;Silípica;NA;1;4694;2023
86;Santiago del Estero;86007;Aguirre;NA;1;4381;2024
86;Santiago del Estero;86014;Alberdi;NA;1;9527;2024
86;Santiago del Estero;86021;Atamisqui;NA;1;7239;2024
86;Santiago del Estero;86028;Avellaneda;NA;1;12322;2024
86;Santiago del Estero;86035;Banda;NA;1;85582;2024
86;Santiago del Estero;86042;Belgrano;NA;1;5179;2024
86;Santiago del Estero;86049;Capital;NA;1;168122;2024
86;Santiago del Estero;86063;Choya;NA;1;21515;2024
86;Santiago del Estero;86056;Copo;NA;1;17018;2024
86;Santiago del Estero;86070;Figueroa;NA;1;9586;2024
86;Santiago del Estero;86077;General Taboada;NA;1;22838;2024
86;Santiago del Estero;86084;Guasayán;NA;1;4433;2024
86;Santiago del Estero;86091;Jiménez;NA;1;9087;2024
86;Santiago del Estero;86098;Juan Felipe Ibarra;NA;1;9935;2024
86;Santiago del Estero;86105;Loreto;NA;1;11754;2024
86;Santiago del Estero;86112;Mitre;NA;1;625;2024
86;Santiago del Estero;86119;Moreno;NA;1;19469;2024
86;Santiago del Estero;86126;Ojo de Agua;NA;1;7329;2024
86;Santiago del Estero;86133;Pellegrini;NA;1;12469;2024
86;Santiago del Estero;86140;Quebrachos;NA;1;6088;2024
86;Santiago del Estero;86154;Rivadavia;NA;1;2537;2024
86;Santiago del Estero;86161;Robles;NA;1;26773;2024
86;Santiago del Estero;86147;Río Hondo;NA;1;32890;2024
86;Santiago del Estero;86168;Salavina;NA;1;5982;2024
86;Santiago del Estero;86175;San Martín;NA;1;5391;2024
86;Santiago del Estero;86182;Sarmiento;NA;1;2392;2024
86;Santiago del Estero;86189;Silípica;NA;1;4722;2024
86;Santiago del Estero;86007;Aguirre;NA;1;4397;2025
86;Santiago del Estero;86014;Alberdi;NA;1;9557;2025
86;Santiago del Estero;86021;Atamisqui;NA;1;7287;2025
86;Santiago del Estero;86028;Avellaneda;NA;1;12374;2025
86;Santiago del Estero;86035;Banda;NA;1;85877;2025
86;Santiago del Estero;86042;Belgrano;NA;1;5194;2025
86;Santiago del Estero;86049;Capital;NA;1;168824;2025
86;Santiago del Estero;86063;Choya;NA;1;21614;2025
86;Santiago del Estero;86056;Copo;NA;1;17058;2025
86;Santiago del Estero;86070;Figueroa;NA;1;9612;2025
86;Santiago del Estero;86077;General Taboada;NA;1;22927;2025
86;Santiago del Estero;86084;Guasayán;NA;1;4452;2025
86;Santiago del Estero;86091;Jiménez;NA;1;9144;2025
86;Santiago del Estero;86098;Juan Felipe Ibarra;NA;1;9958;2025
86;Santiago del Estero;86105;Loreto;NA;1;11785;2025
86;Santiago del Estero;86112;Mitre;NA;1;615;2025
86;Santiago del Estero;86119;Moreno;NA;1;19570;2025
86;Santiago del Estero;86126;Ojo de Agua;NA;1;7327;2025
86;Santiago del Estero;86133;Pellegrini;NA;1;12537;2025
86;Santiago del Estero;86140;Quebrachos;NA;1;6105;2025
86;Santiago del Estero;86154;Rivadavia;NA;1;2536;2025
86;Santiago del Estero;86161;Robles;NA;1;26893;2025
86;Santiago del Estero;86147;Río Hondo;NA;1;33012;2025
86;Santiago del Estero;86168;Salavina;NA;1;5993;2025
86;Santiago del Estero;86175;San Martín;NA;1;5401;2025
86;Santiago del Estero;86182;Sarmiento;NA;1;2394;2025
86;Santiago del Estero;86189;Silípica;NA;1;4748;2025
86;Santiago del Estero;86007;Aguirre;NA;1;4412;2026
86;Santiago del Estero;86014;Alberdi;NA;1;9584;2026
86;Santiago del Estero;86021;Atamisqui;NA;1;7331;2026
86;Santiago del Estero;86028;Avellaneda;NA;1;12422;2026
86;Santiago del Estero;86035;Banda;NA;1;86151;2026
86;Santiago del Estero;86042;Belgrano;NA;1;5209;2026
86;Santiago del Estero;86049;Capital;NA;1;169476;2026
86;Santiago del Estero;86063;Choya;NA;1;21706;2026
86;Santiago del Estero;86056;Copo;NA;1;17096;2026
86;Santiago del Estero;86070;Figueroa;NA;1;9636;2026
86;Santiago del Estero;86077;General Taboada;NA;1;23010;2026
86;Santiago del Estero;86084;Guasayán;NA;1;4469;2026
86;Santiago del Estero;86091;Jiménez;NA;1;9196;2026
86;Santiago del Estero;86098;Juan Felipe Ibarra;NA;1;9979;2026
86;Santiago del Estero;86105;Loreto;NA;1;11814;2026
86;Santiago del Estero;86112;Mitre;NA;1;605;2026
86;Santiago del Estero;86119;Moreno;NA;1;19664;2026
86;Santiago del Estero;86126;Ojo de Agua;NA;1;7326;2026
86;Santiago del Estero;86133;Pellegrini;NA;1;12600;2026
86;Santiago del Estero;86140;Quebrachos;NA;1;6119;2026
86;Santiago del Estero;86154;Rivadavia;NA;1;2536;2026
86;Santiago del Estero;86161;Robles;NA;1;27005;2026
86;Santiago del Estero;86147;Río Hondo;NA;1;33126;2026
86;Santiago del Estero;86168;Salavina;NA;1;6003;2026
86;Santiago del Estero;86175;San Martín;NA;1;5411;2026
86;Santiago del Estero;86182;Sarmiento;NA;1;2396;2026
86;Santiago del Estero;86189;Silípica;NA;1;4773;2026
86;Santiago del Estero;86007;Aguirre;NA;1;4427;2027
86;Santiago del Estero;86014;Alberdi;NA;1;9610;2027
86;Santiago del Estero;86021;Atamisqui;NA;1;7373;2027
86;Santiago del Estero;86028;Avellaneda;NA;1;12468;2027
86;Santiago del Estero;86035;Banda;NA;1;86409;2027
86;Santiago del Estero;86042;Belgrano;NA;1;5222;2027
86;Santiago del Estero;86049;Capital;NA;1;170089;2027
86;Santiago del Estero;86063;Choya;NA;1;21793;2027
86;Santiago del Estero;86056;Copo;NA;1;17131;2027
86;Santiago del Estero;86070;Figueroa;NA;1;9659;2027
86;Santiago del Estero;86077;General Taboada;NA;1;23088;2027
86;Santiago del Estero;86084;Guasayán;NA;1;4485;2027
86;Santiago del Estero;86091;Jiménez;NA;1;9246;2027
86;Santiago del Estero;86098;Juan Felipe Ibarra;NA;1;9999;2027
86;Santiago del Estero;86105;Loreto;NA;1;11841;2027
86;Santiago del Estero;86112;Mitre;NA;1;597;2027
86;Santiago del Estero;86119;Moreno;NA;1;19752;2027
86;Santiago del Estero;86126;Ojo de Agua;NA;1;7325;2027
86;Santiago del Estero;86133;Pellegrini;NA;1;12659;2027
86;Santiago del Estero;86140;Quebrachos;NA;1;6133;2027
86;Santiago del Estero;86154;Rivadavia;NA;1;2535;2027
86;Santiago del Estero;86161;Robles;NA;1;27109;2027
86;Santiago del Estero;86147;Río Hondo;NA;1;33233;2027
86;Santiago del Estero;86168;Salavina;NA;1;6013;2027
86;Santiago del Estero;86175;San Martín;NA;1;5420;2027
86;Santiago del Estero;86182;Sarmiento;NA;1;2397;2027
86;Santiago del Estero;86189;Silípica;NA;1;4795;2027
86;Santiago del Estero;86007;Aguirre;NA;1;4440;2028
86;Santiago del Estero;86014;Alberdi;NA;1;9635;2028
86;Santiago del Estero;86021;Atamisqui;NA;1;7413;2028
86;Santiago del Estero;86028;Avellaneda;NA;1;12510;2028
86;Santiago del Estero;86035;Banda;NA;1;86652;2028
86;Santiago del Estero;86042;Belgrano;NA;1;5234;2028
86;Santiago del Estero;86049;Capital;NA;1;170666;2028
86;Santiago del Estero;86063;Choya;NA;1;21874;2028
86;Santiago del Estero;86056;Copo;NA;1;17164;2028
86;Santiago del Estero;86070;Figueroa;NA;1;9681;2028
86;Santiago del Estero;86077;General Taboada;NA;1;23161;2028
86;Santiago del Estero;86084;Guasayán;NA;1;4501;2028
86;Santiago del Estero;86091;Jiménez;NA;1;9293;2028
86;Santiago del Estero;86098;Juan Felipe Ibarra;NA;1;10018;2028
86;Santiago del Estero;86105;Loreto;NA;1;11866;2028
86;Santiago del Estero;86112;Mitre;NA;1;588;2028
86;Santiago del Estero;86119;Moreno;NA;1;19835;2028
86;Santiago del Estero;86126;Ojo de Agua;NA;1;7324;2028
86;Santiago del Estero;86133;Pellegrini;NA;1;12715;2028
86;Santiago del Estero;86140;Quebrachos;NA;1;6147;2028
86;Santiago del Estero;86154;Rivadavia;NA;1;2535;2028
86;Santiago del Estero;86161;Robles;NA;1;27208;2028
86;Santiago del Estero;86147;Río Hondo;NA;1;33334;2028
86;Santiago del Estero;86168;Salavina;NA;1;6022;2028
86;Santiago del Estero;86175;San Martín;NA;1;5428;2028
86;Santiago del Estero;86182;Sarmiento;NA;1;2399;2028
86;Santiago del Estero;86189;Silípica;NA;1;4817;2028
86;Santiago del Estero;86007;Aguirre;NA;1;4453;2029
86;Santiago del Estero;86014;Alberdi;NA;1;9659;2029
86;Santiago del Estero;86021;Atamisqui;NA;1;7451;2029
86;Santiago del Estero;86028;Avellaneda;NA;1;12552;2029
86;Santiago del Estero;86035;Banda;NA;1;86890;2029
86;Santiago del Estero;86042;Belgrano;NA;1;5247;2029
86;Santiago del Estero;86049;Capital;NA;1;171232;2029
86;Santiago del Estero;86063;Choya;NA;1;21954;2029
86;Santiago del Estero;86056;Copo;NA;1;17197;2029
86;Santiago del Estero;86070;Figueroa;NA;1;9702;2029
86;Santiago del Estero;86077;General Taboada;NA;1;23232;2029
86;Santiago del Estero;86084;Guasayán;NA;1;4516;2029
86;Santiago del Estero;86091;Jiménez;NA;1;9338;2029
86;Santiago del Estero;86098;Juan Felipe Ibarra;NA;1;10036;2029
86;Santiago del Estero;86105;Loreto;NA;1;11891;2029
86;Santiago del Estero;86112;Mitre;NA;1;580;2029
86;Santiago del Estero;86119;Moreno;NA;1;19916;2029
86;Santiago del Estero;86126;Ojo de Agua;NA;1;7323;2029
86;Santiago del Estero;86133;Pellegrini;NA;1;12770;2029
86;Santiago del Estero;86140;Quebrachos;NA;1;6160;2029
86;Santiago del Estero;86154;Rivadavia;NA;1;2535;2029
86;Santiago del Estero;86161;Robles;NA;1;27305;2029
86;Santiago del Estero;86147;Río Hondo;NA;1;33433;2029
86;Santiago del Estero;86168;Salavina;NA;1;6031;2029
86;Santiago del Estero;86175;San Martín;NA;1;5436;2029
86;Santiago del Estero;86182;Sarmiento;NA;1;2400;2029
86;Santiago del Estero;86189;Silípica;NA;1;4838;2029
86;Santiago del Estero;86007;Aguirre;NA;1;4466;2030
86;Santiago del Estero;86014;Alberdi;NA;1;9683;2030
86;Santiago del Estero;86021;Atamisqui;NA;1;7490;2030
86;Santiago del Estero;86028;Avellaneda;NA;1;12594;2030
86;Santiago del Estero;86035;Banda;NA;1;87128;2030
86;Santiago del Estero;86042;Belgrano;NA;1;5259;2030
86;Santiago del Estero;86049;Capital;NA;1;171797;2030
86;Santiago del Estero;86063;Choya;NA;1;22034;2030
86;Santiago del Estero;86056;Copo;NA;1;17229;2030
86;Santiago del Estero;86070;Figueroa;NA;1;9723;2030
86;Santiago del Estero;86077;General Taboada;NA;1;23304;2030
86;Santiago del Estero;86084;Guasayán;NA;1;4531;2030
86;Santiago del Estero;86091;Jiménez;NA;1;9384;2030
86;Santiago del Estero;86098;Juan Felipe Ibarra;NA;1;10054;2030
86;Santiago del Estero;86105;Loreto;NA;1;11916;2030
86;Santiago del Estero;86112;Mitre;NA;1;572;2030
86;Santiago del Estero;86119;Moreno;NA;1;19998;2030
86;Santiago del Estero;86126;Ojo de Agua;NA;1;7322;2030
86;Santiago del Estero;86133;Pellegrini;NA;1;12825;2030
86;Santiago del Estero;86140;Quebrachos;NA;1;6173;2030
86;Santiago del Estero;86154;Rivadavia;NA;1;2534;2030
86;Santiago del Estero;86161;Robles;NA;1;27402;2030
86;Santiago del Estero;86147;Río Hondo;NA;1;33532;2030
86;Santiago del Estero;86168;Salavina;NA;1;6040;2030
86;Santiago del Estero;86175;San Martín;NA;1;5444;2030
86;Santiago del Estero;86182;Sarmiento;NA;1;2402;2030
86;Santiago del Estero;86189;Silípica;NA;1;4859;2030
86;Santiago del Estero;86007;Aguirre;NA;1;4480;2031
86;Santiago del Estero;86014;Alberdi;NA;1;9707;2031
86;Santiago del Estero;86021;Atamisqui;NA;1;7529;2031
86;Santiago del Estero;86028;Avellaneda;NA;1;12637;2031
86;Santiago del Estero;86035;Banda;NA;1;87371;2031
86;Santiago del Estero;86042;Belgrano;NA;1;5272;2031
86;Santiago del Estero;86049;Capital;NA;1;172376;2031
86;Santiago del Estero;86063;Choya;NA;1;22116;2031
86;Santiago del Estero;86056;Copo;NA;1;17262;2031
86;Santiago del Estero;86070;Figueroa;NA;1;9745;2031
86;Santiago del Estero;86077;General Taboada;NA;1;23377;2031
86;Santiago del Estero;86084;Guasayán;NA;1;4546;2031
86;Santiago del Estero;86091;Jiménez;NA;1;9431;2031
86;Santiago del Estero;86098;Juan Felipe Ibarra;NA;1;10073;2031
86;Santiago del Estero;86105;Loreto;NA;1;11942;2031
86;Santiago del Estero;86112;Mitre;NA;1;564;2031
86;Santiago del Estero;86119;Moreno;NA;1;20081;2031
86;Santiago del Estero;86126;Ojo de Agua;NA;1;7321;2031
86;Santiago del Estero;86133;Pellegrini;NA;1;12881;2031
86;Santiago del Estero;86140;Quebrachos;NA;1;6186;2031
86;Santiago del Estero;86154;Rivadavia;NA;1;2534;2031
86;Santiago del Estero;86161;Robles;NA;1;27501;2031
86;Santiago del Estero;86147;Río Hondo;NA;1;33633;2031
86;Santiago del Estero;86168;Salavina;NA;1;6049;2031
86;Santiago del Estero;86175;San Martín;NA;1;5453;2031
86;Santiago del Estero;86182;Sarmiento;NA;1;2403;2031
86;Santiago del Estero;86189;Silípica;NA;1;4881;2031
86;Santiago del Estero;86007;Aguirre;NA;1;4493;2032
86;Santiago del Estero;86014;Alberdi;NA;1;9732;2032
86;Santiago del Estero;86021;Atamisqui;NA;1;7569;2032
86;Santiago del Estero;86028;Avellaneda;NA;1;12680;2032
86;Santiago del Estero;86035;Banda;NA;1;87617;2032
86;Santiago del Estero;86042;Belgrano;NA;1;5284;2032
86;Santiago del Estero;86049;Capital;NA;1;172962;2032
86;Santiago del Estero;86063;Choya;NA;1;22199;2032
86;Santiago del Estero;86056;Copo;NA;1;17296;2032
86;Santiago del Estero;86070;Figueroa;NA;1;9767;2032
86;Santiago del Estero;86077;General Taboada;NA;1;23452;2032
86;Santiago del Estero;86084;Guasayán;NA;1;4562;2032
86;Santiago del Estero;86091;Jiménez;NA;1;9478;2032
86;Santiago del Estero;86098;Juan Felipe Ibarra;NA;1;10092;2032
86;Santiago del Estero;86105;Loreto;NA;1;11968;2032
86;Santiago del Estero;86112;Mitre;NA;1;555;2032
86;Santiago del Estero;86119;Moreno;NA;1;20165;2032
86;Santiago del Estero;86126;Ojo de Agua;NA;1;7320;2032
86;Santiago del Estero;86133;Pellegrini;NA;1;12937;2032
86;Santiago del Estero;86140;Quebrachos;NA;1;6199;2032
86;Santiago del Estero;86154;Rivadavia;NA;1;2534;2032
86;Santiago del Estero;86161;Robles;NA;1;27601;2032
86;Santiago del Estero;86147;Río Hondo;NA;1;33735;2032
86;Santiago del Estero;86168;Salavina;NA;1;6058;2032
86;Santiago del Estero;86175;San Martín;NA;1;5462;2032
86;Santiago del Estero;86182;Sarmiento;NA;1;2405;2032
86;Santiago del Estero;86189;Silípica;NA;1;4903;2032
86;Santiago del Estero;86007;Aguirre;NA;1;4507;2033
86;Santiago del Estero;86014;Alberdi;NA;1;9757;2033
86;Santiago del Estero;86021;Atamisqui;NA;1;7609;2033
86;Santiago del Estero;86028;Avellaneda;NA;1;12724;2033
86;Santiago del Estero;86035;Banda;NA;1;87866;2033
86;Santiago del Estero;86042;Belgrano;NA;1;5297;2033
86;Santiago del Estero;86049;Capital;NA;1;173554;2033
86;Santiago del Estero;86063;Choya;NA;1;22283;2033
86;Santiago del Estero;86056;Copo;NA;1;17330;2033
86;Santiago del Estero;86070;Figueroa;NA;1;9789;2033
86;Santiago del Estero;86077;General Taboada;NA;1;23527;2033
86;Santiago del Estero;86084;Guasayán;NA;1;4577;2033
86;Santiago del Estero;86091;Jiménez;NA;1;9526;2033
86;Santiago del Estero;86098;Juan Felipe Ibarra;NA;1;10111;2033
86;Santiago del Estero;86105;Loreto;NA;1;11994;2033
86;Santiago del Estero;86112;Mitre;NA;1;547;2033
86;Santiago del Estero;86119;Moreno;NA;1;20250;2033
86;Santiago del Estero;86126;Ojo de Agua;NA;1;7319;2033
86;Santiago del Estero;86133;Pellegrini;NA;1;12995;2033
86;Santiago del Estero;86140;Quebrachos;NA;1;6213;2033
86;Santiago del Estero;86154;Rivadavia;NA;1;2534;2033
86;Santiago del Estero;86161;Robles;NA;1;27702;2033
86;Santiago del Estero;86147;Río Hondo;NA;1;33839;2033
86;Santiago del Estero;86168;Salavina;NA;1;6067;2033
86;Santiago del Estero;86175;San Martín;NA;1;5470;2033
86;Santiago del Estero;86182;Sarmiento;NA;1;2407;2033
86;Santiago del Estero;86189;Silípica;NA;1;4925;2033
86;Santiago del Estero;86007;Aguirre;NA;1;4521;2034
86;Santiago del Estero;86014;Alberdi;NA;1;9782;2034
86;Santiago del Estero;86021;Atamisqui;NA;1;7650;2034
86;Santiago del Estero;86028;Avellaneda;NA;1;12768;2034
86;Santiago del Estero;86035;Banda;NA;1;88117;2034
86;Santiago del Estero;86042;Belgrano;NA;1;5310;2034
86;Santiago del Estero;86049;Capital;NA;1;174149;2034
86;Santiago del Estero;86063;Choya;NA;1;22367;2034
86;Santiago del Estero;86056;Copo;NA;1;17364;2034
86;Santiago del Estero;86070;Figueroa;NA;1;9811;2034
86;Santiago del Estero;86077;General Taboada;NA;1;23602;2034
86;Santiago del Estero;86084;Guasayán;NA;1;4593;2034
86;Santiago del Estero;86091;Jiménez;NA;1;9574;2034
86;Santiago del Estero;86098;Juan Felipe Ibarra;NA;1;10131;2034
86;Santiago del Estero;86105;Loreto;NA;1;12020;2034
86;Santiago del Estero;86112;Mitre;NA;1;538;2034
86;Santiago del Estero;86119;Moreno;NA;1;20336;2034
86;Santiago del Estero;86126;Ojo de Agua;NA;1;7318;2034
86;Santiago del Estero;86133;Pellegrini;NA;1;13052;2034
86;Santiago del Estero;86140;Quebrachos;NA;1;6226;2034
86;Santiago del Estero;86154;Rivadavia;NA;1;2533;2034
86;Santiago del Estero;86161;Robles;NA;1;27804;2034
86;Santiago del Estero;86147;Río Hondo;NA;1;33943;2034
86;Santiago del Estero;86168;Salavina;NA;1;6077;2034
86;Santiago del Estero;86175;San Martín;NA;1;5479;2034
86;Santiago del Estero;86182;Sarmiento;NA;1;2408;2034
86;Santiago del Estero;86189;Silípica;NA;1;4948;2034
86;Santiago del Estero;86007;Aguirre;NA;1;4535;2035
86;Santiago del Estero;86014;Alberdi;NA;1;9808;2035
86;Santiago del Estero;86021;Atamisqui;NA;1;7691;2035
86;Santiago del Estero;86028;Avellaneda;NA;1;12813;2035
86;Santiago del Estero;86035;Banda;NA;1;88369;2035
86;Santiago del Estero;86042;Belgrano;NA;1;5323;2035
86;Santiago del Estero;86049;Capital;NA;1;174749;2035
86;Santiago del Estero;86063;Choya;NA;1;22451;2035
86;Santiago del Estero;86056;Copo;NA;1;17399;2035
86;Santiago del Estero;86070;Figueroa;NA;1;9833;2035
86;Santiago del Estero;86077;General Taboada;NA;1;23678;2035
86;Santiago del Estero;86084;Guasayán;NA;1;4609;2035
86;Santiago del Estero;86091;Jiménez;NA;1;9623;2035
86;Santiago del Estero;86098;Juan Felipe Ibarra;NA;1;10150;2035
86;Santiago del Estero;86105;Loreto;NA;1;12046;2035
86;Santiago del Estero;86112;Mitre;NA;1;530;2035
86;Santiago del Estero;86119;Moreno;NA;1;20422;2035
86;Santiago del Estero;86126;Ojo de Agua;NA;1;7317;2035
86;Santiago del Estero;86133;Pellegrini;NA;1;13110;2035
86;Santiago del Estero;86140;Quebrachos;NA;1;6240;2035
86;Santiago del Estero;86154;Rivadavia;NA;1;2533;2035
86;Santiago del Estero;86161;Robles;NA;1;27906;2035
86;Santiago del Estero;86147;Río Hondo;NA;1;34047;2035
86;Santiago del Estero;86168;Salavina;NA;1;6086;2035
86;Santiago del Estero;86175;San Martín;NA;1;5488;2035
86;Santiago del Estero;86182;Sarmiento;NA;1;2410;2035
86;Santiago del Estero;86189;Silípica;NA;1;4970;2035
90;Tucumán;90007;Burruyacú;NA;2;23672;2022
90;Tucumán;90084;Capital;NA;2;289184;2022
90;Tucumán;90021;Chicligasta;NA;2;46462;2022
90;Tucumán;90014;Cruz Alta;NA;2;115555;2022
90;Tucumán;90028;Famaillá;NA;2;21781;2022
90;Tucumán;90035;Graneros;NA;2;8122;2022
90;Tucumán;90042;Juan Bautista Alberdi;NA;2;17700;2022
90;Tucumán;90049;La Cocha;NA;2;10849;2022
90;Tucumán;90056;Leales;NA;2;34159;2022
90;Tucumán;90063;Lules;NA;2;47409;2022
90;Tucumán;90070;Monteros;NA;2;39185;2022
90;Tucumán;90077;Río Chico;NA;2;32968;2022
90;Tucumán;90091;Simoca;NA;2;19118;2022
90;Tucumán;90098;Tafí del Valle;NA;2;11480;2022
90;Tucumán;90105;Tafí Viejo;NA;2;86751;2022
90;Tucumán;90112;Trancas;NA;2;12153;2022
90;Tucumán;90119;Yerba Buena;NA;2;51248;2022
90;Tucumán;90007;Burruyacú;NA;2;23748;2023
90;Tucumán;90084;Capital;NA;2;289249;2023
90;Tucumán;90021;Chicligasta;NA;2;46542;2023
90;Tucumán;90014;Cruz Alta;NA;2;116024;2023
90;Tucumán;90028;Famaillá;NA;2;21858;2023
90;Tucumán;90035;Graneros;NA;2;8133;2023
90;Tucumán;90042;Juan Bautista Alberdi;NA;2;17735;2023
90;Tucumán;90049;La Cocha;NA;2;10858;2023
90;Tucumán;90056;Leales;NA;2;34257;2023
90;Tucumán;90063;Lules;NA;2;47681;2023
90;Tucumán;90070;Monteros;NA;2;39310;2023
90;Tucumán;90077;Río Chico;NA;2;33019;2023
90;Tucumán;90091;Simoca;NA;2;19162;2023
90;Tucumán;90098;Tafí del Valle;NA;2;11561;2023
90;Tucumán;90105;Tafí Viejo;NA;2;87320;2023
90;Tucumán;90112;Trancas;NA;2;12216;2023
90;Tucumán;90119;Yerba Buena;NA;2;51545;2023
90;Tucumán;90007;Burruyacú;NA;2;23825;2024
90;Tucumán;90084;Capital;NA;2;289315;2024
90;Tucumán;90021;Chicligasta;NA;2;46625;2024
90;Tucumán;90014;Cruz Alta;NA;2;116505;2024
90;Tucumán;90028;Famaillá;NA;2;21937;2024
90;Tucumán;90035;Graneros;NA;2;8143;2024
90;Tucumán;90042;Juan Bautista Alberdi;NA;2;17771;2024
90;Tucumán;90049;La Cocha;NA;2;10867;2024
90;Tucumán;90056;Leales;NA;2;34358;2024
90;Tucumán;90063;Lules;NA;2;47959;2024
90;Tucumán;90070;Monteros;NA;2;39438;2024
90;Tucumán;90077;Río Chico;NA;2;33071;2024
90;Tucumán;90091;Simoca;NA;2;19207;2024
90;Tucumán;90098;Tafí del Valle;NA;2;11644;2024
90;Tucumán;90105;Tafí Viejo;NA;2;87903;2024
90;Tucumán;90112;Trancas;NA;2;12281;2024
90;Tucumán;90119;Yerba Buena;NA;2;51849;2024
90;Tucumán;90007;Burruyacú;NA;2;23902;2025
90;Tucumán;90084;Capital;NA;2;289381;2025
90;Tucumán;90021;Chicligasta;NA;2;46708;2025
90;Tucumán;90014;Cruz Alta;NA;2;116982;2025
90;Tucumán;90028;Famaillá;NA;2;22016;2025
90;Tucumán;90035;Graneros;NA;2;8154;2025
90;Tucumán;90042;Juan Bautista Alberdi;NA;2;17807;2025
90;Tucumán;90049;La Cocha;NA;2;10876;2025
90;Tucumán;90056;Leales;NA;2;34458;2025
90;Tucumán;90063;Lules;NA;2;48236;2025
90;Tucumán;90070;Monteros;NA;2;39564;2025
90;Tucumán;90077;Río Chico;NA;2;33123;2025
90;Tucumán;90091;Simoca;NA;2;19252;2025
90;Tucumán;90098;Tafí del Valle;NA;2;11726;2025
90;Tucumán;90105;Tafí Viejo;NA;2;88484;2025
90;Tucumán;90112;Trancas;NA;2;12346;2025
90;Tucumán;90119;Yerba Buena;NA;2;52151;2025
90;Tucumán;90007;Burruyacú;NA;2;23976;2026
90;Tucumán;90084;Capital;NA;2;289443;2026
90;Tucumán;90021;Chicligasta;NA;2;46786;2026
90;Tucumán;90014;Cruz Alta;NA;2;117437;2026
90;Tucumán;90028;Famaillá;NA;2;22090;2026
90;Tucumán;90035;Graneros;NA;2;8164;2026
90;Tucumán;90042;Juan Bautista Alberdi;NA;2;17842;2026
90;Tucumán;90049;La Cocha;NA;2;10884;2026
90;Tucumán;90056;Leales;NA;2;34554;2026
90;Tucumán;90063;Lules;NA;2;48500;2026
90;Tucumán;90070;Monteros;NA;2;39685;2026
90;Tucumán;90077;Río Chico;NA;2;33172;2026
90;Tucumán;90091;Simoca;NA;2;19295;2026
90;Tucumán;90098;Tafí del Valle;NA;2;11805;2026
90;Tucumán;90105;Tafí Viejo;NA;2;89036;2026
90;Tucumán;90112;Trancas;NA;2;12407;2026
90;Tucumán;90119;Yerba Buena;NA;2;52439;2026
90;Tucumán;90007;Burruyacú;NA;2;24046;2027
90;Tucumán;90084;Capital;NA;2;289503;2027
90;Tucumán;90021;Chicligasta;NA;2;46860;2027
90;Tucumán;90014;Cruz Alta;NA;2;117870;2027
90;Tucumán;90028;Famaillá;NA;2;22161;2027
90;Tucumán;90035;Graneros;NA;2;8173;2027
90;Tucumán;90042;Juan Bautista Alberdi;NA;2;17874;2027
90;Tucumán;90049;La Cocha;NA;2;10892;2027
90;Tucumán;90056;Leales;NA;2;34645;2027
90;Tucumán;90063;Lules;NA;2;48750;2027
90;Tucumán;90070;Monteros;NA;2;39800;2027
90;Tucumán;90077;Río Chico;NA;2;33219;2027
90;Tucumán;90091;Simoca;NA;2;19336;2027
90;Tucumán;90098;Tafí del Valle;NA;2;11879;2027
90;Tucumán;90105;Tafí Viejo;NA;2;89562;2027
90;Tucumán;90112;Trancas;NA;2;12466;2027
90;Tucumán;90119;Yerba Buena;NA;2;52712;2027
90;Tucumán;90007;Burruyacú;NA;2;24111;2028
90;Tucumán;90084;Capital;NA;2;289559;2028
90;Tucumán;90021;Chicligasta;NA;2;46930;2028
90;Tucumán;90014;Cruz Alta;NA;2;118277;2028
90;Tucumán;90028;Famaillá;NA;2;22228;2028
90;Tucumán;90035;Graneros;NA;2;8182;2028
90;Tucumán;90042;Juan Bautista Alberdi;NA;2;17905;2028
90;Tucumán;90049;La Cocha;NA;2;10900;2028
90;Tucumán;90056;Leales;NA;2;34730;2028
90;Tucumán;90063;Lules;NA;2;48986;2028
90;Tucumán;90070;Monteros;NA;2;39908;2028
90;Tucumán;90077;Río Chico;NA;2;33263;2028
90;Tucumán;90091;Simoca;NA;2;19374;2028
90;Tucumán;90098;Tafí del Valle;NA;2;11950;2028
90;Tucumán;90105;Tafí Viejo;NA;2;90055;2028
90;Tucumán;90112;Trancas;NA;2;12521;2028
90;Tucumán;90119;Yerba Buena;NA;2;52969;2028
90;Tucumán;90007;Burruyacú;NA;2;24175;2029
90;Tucumán;90084;Capital;NA;2;289613;2029
90;Tucumán;90021;Chicligasta;NA;2;46998;2029
90;Tucumán;90014;Cruz Alta;NA;2;118669;2029
90;Tucumán;90028;Famaillá;NA;2;22292;2029
90;Tucumán;90035;Graneros;NA;2;8191;2029
90;Tucumán;90042;Juan Bautista Alberdi;NA;2;17935;2029
90;Tucumán;90049;La Cocha;NA;2;10907;2029
90;Tucumán;90056;Leales;NA;2;34812;2029
90;Tucumán;90063;Lules;NA;2;49213;2029
90;Tucumán;90070;Monteros;NA;2;40012;2029
90;Tucumán;90077;Río Chico;NA;2;33306;2029
90;Tucumán;90091;Simoca;NA;2;19411;2029
90;Tucumán;90098;Tafí del Valle;NA;2;12017;2029
90;Tucumán;90105;Tafí Viejo;NA;2;90532;2029
90;Tucumán;90112;Trancas;NA;2;12574;2029
90;Tucumán;90119;Yerba Buena;NA;2;53217;2029
90;Tucumán;90007;Burruyacú;NA;2;24238;2030
90;Tucumán;90084;Capital;NA;2;289667;2030
90;Tucumán;90021;Chicligasta;NA;2;47065;2030
90;Tucumán;90014;Cruz Alta;NA;2;119060;2030
90;Tucumán;90028;Famaillá;NA;2;22357;2030
90;Tucumán;90035;Graneros;NA;2;8199;2030
90;Tucumán;90042;Juan Bautista Alberdi;NA;2;17964;2030
90;Tucumán;90049;La Cocha;NA;2;10915;2030
90;Tucumán;90056;Leales;NA;2;34894;2030
90;Tucumán;90063;Lules;NA;2;49440;2030
90;Tucumán;90070;Monteros;NA;2;40116;2030
90;Tucumán;90077;Río Chico;NA;2;33349;2030
90;Tucumán;90091;Simoca;NA;2;19447;2030
90;Tucumán;90098;Tafí del Valle;NA;2;12085;2030
90;Tucumán;90105;Tafí Viejo;NA;2;91007;2030
90;Tucumán;90112;Trancas;NA;2;12627;2030
90;Tucumán;90119;Yerba Buena;NA;2;53465;2030
90;Tucumán;90007;Burruyacú;NA;2;24302;2031
90;Tucumán;90084;Capital;NA;2;289722;2031
90;Tucumán;90021;Chicligasta;NA;2;47134;2031
90;Tucumán;90014;Cruz Alta;NA;2;119461;2031
90;Tucumán;90028;Famaillá;NA;2;22422;2031
90;Tucumán;90035;Graneros;NA;2;8208;2031
90;Tucumán;90042;Juan Bautista Alberdi;NA;2;17994;2031
90;Tucumán;90049;La Cocha;NA;2;10922;2031
90;Tucumán;90056;Leales;NA;2;34978;2031
90;Tucumán;90063;Lules;NA;2;49672;2031
90;Tucumán;90070;Monteros;NA;2;40223;2031
90;Tucumán;90077;Río Chico;NA;2;33392;2031
90;Tucumán;90091;Simoca;NA;2;19485;2031
90;Tucumán;90098;Tafí del Valle;NA;2;12154;2031
90;Tucumán;90105;Tafí Viejo;NA;2;91493;2031
90;Tucumán;90112;Trancas;NA;2;12681;2031
90;Tucumán;90119;Yerba Buena;NA;2;53718;2031
90;Tucumán;90007;Burruyacú;NA;2;24367;2032
90;Tucumán;90084;Capital;NA;2;289777;2032
90;Tucumán;90021;Chicligasta;NA;2;47204;2032
90;Tucumán;90014;Cruz Alta;NA;2;119865;2032
90;Tucumán;90028;Famaillá;NA;2;22488;2032
90;Tucumán;90035;Graneros;NA;2;8217;2032
90;Tucumán;90042;Juan Bautista Alberdi;NA;2;18025;2032
90;Tucumán;90049;La Cocha;NA;2;10930;2032
90;Tucumán;90056;Leales;NA;2;35063;2032
90;Tucumán;90063;Lules;NA;2;49906;2032
90;Tucumán;90070;Monteros;NA;2;40330;2032
90;Tucumán;90077;Río Chico;NA;2;33436;2032
90;Tucumán;90091;Simoca;NA;2;19523;2032
90;Tucumán;90098;Tafí del Valle;NA;2;12223;2032
90;Tucumán;90105;Tafí Viejo;NA;2;91984;2032
90;Tucumán;90112;Trancas;NA;2;12736;2032
90;Tucumán;90119;Yerba Buena;NA;2;53974;2032
90;Tucumán;90007;Burruyacú;NA;2;24433;2033
90;Tucumán;90084;Capital;NA;2;289834;2033
90;Tucumán;90021;Chicligasta;NA;2;47274;2033
90;Tucumán;90014;Cruz Alta;NA;2;120274;2033
90;Tucumán;90028;Famaillá;NA;2;22556;2033
90;Tucumán;90035;Graneros;NA;2;8226;2033
90;Tucumán;90042;Juan Bautista Alberdi;NA;2;18056;2033
90;Tucumán;90049;La Cocha;NA;2;10937;2033
90;Tucumán;90056;Leales;NA;2;35148;2033
90;Tucumán;90063;Lules;NA;2;50143;2033
90;Tucumán;90070;Monteros;NA;2;40438;2033
90;Tucumán;90077;Río Chico;NA;2;33480;2033
90;Tucumán;90091;Simoca;NA;2;19562;2033
90;Tucumán;90098;Tafí del Valle;NA;2;12294;2033
90;Tucumán;90105;Tafí Viejo;NA;2;92481;2033
90;Tucumán;90112;Trancas;NA;2;12791;2033
90;Tucumán;90119;Yerba Buena;NA;2;54232;2033
90;Tucumán;90007;Burruyacú;NA;2;24500;2034
90;Tucumán;90084;Capital;NA;2;289890;2034
90;Tucumán;90021;Chicligasta;NA;2;47345;2034
90;Tucumán;90014;Cruz Alta;NA;2;120685;2034
90;Tucumán;90028;Famaillá;NA;2;22623;2034
90;Tucumán;90035;Graneros;NA;2;8235;2034
90;Tucumán;90042;Juan Bautista Alberdi;NA;2;18087;2034
90;Tucumán;90049;La Cocha;NA;2;10945;2034
90;Tucumán;90056;Leales;NA;2;35234;2034
90;Tucumán;90063;Lules;NA;2;50381;2034
90;Tucumán;90070;Monteros;NA;2;40547;2034
90;Tucumán;90077;Río Chico;NA;2;33525;2034
90;Tucumán;90091;Simoca;NA;2;19600;2034
90;Tucumán;90098;Tafí del Valle;NA;2;12365;2034
90;Tucumán;90105;Tafí Viejo;NA;2;92980;2034
90;Tucumán;90112;Trancas;NA;2;12847;2034
90;Tucumán;90119;Yerba Buena;NA;2;54492;2034
90;Tucumán;90007;Burruyacú;NA;2;24566;2035
90;Tucumán;90084;Capital;NA;2;289947;2035
90;Tucumán;90021;Chicligasta;NA;2;47416;2035
90;Tucumán;90014;Cruz Alta;NA;2;121098;2035
90;Tucumán;90028;Famaillá;NA;2;22691;2035
90;Tucumán;90035;Graneros;NA;2;8244;2035
90;Tucumán;90042;Juan Bautista Alberdi;NA;2;18118;2035
90;Tucumán;90049;La Cocha;NA;2;10953;2035
90;Tucumán;90056;Leales;NA;2;35321;2035
90;Tucumán;90063;Lules;NA;2;50620;2035
90;Tucumán;90070;Monteros;NA;2;40657;2035
90;Tucumán;90077;Río Chico;NA;2;33570;2035
90;Tucumán;90091;Simoca;NA;2;19639;2035
90;Tucumán;90098;Tafí del Valle;NA;2;12436;2035
90;Tucumán;90105;Tafí Viejo;NA;2;93482;2035
90;Tucumán;90112;Trancas;NA;2;12903;2035
90;Tucumán;90119;Yerba Buena;NA;2;54754;2035
90;Tucumán;90007;Burruyacú;NA;1;22531;2022
90;Tucumán;90084;Capital;NA;1;309905;2022
90;Tucumán;90021;Chicligasta;NA;1;47568;2022
90;Tucumán;90014;Cruz Alta;NA;1;116061;2022
90;Tucumán;90028;Famaillá;NA;1;21588;2022
90;Tucumán;90035;Graneros;NA;1;7667;2022
90;Tucumán;90042;Juan Bautista Alberdi;NA;1;17609;2022
90;Tucumán;90049;La Cocha;NA;1;10702;2022
90;Tucumán;90056;Leales;NA;1;33280;2022
90;Tucumán;90063;Lules;NA;1;47595;2022
90;Tucumán;90070;Monteros;NA;1;39565;2022
90;Tucumán;90077;Río Chico;NA;1;33004;2022
90;Tucumán;90091;Simoca;NA;1;18441;2022
90;Tucumán;90098;Tafí del Valle;NA;1;11312;2022
90;Tucumán;90105;Tafí Viejo;NA;1;88890;2022
90;Tucumán;90112;Trancas;NA;1;11714;2022
90;Tucumán;90119;Yerba Buena;NA;1;53060;2022
90;Tucumán;90007;Burruyacú;NA;1;22618;2023
90;Tucumán;90084;Capital;NA;1;309918;2023
90;Tucumán;90021;Chicligasta;NA;1;47658;2023
90;Tucumán;90014;Cruz Alta;NA;1;116543;2023
90;Tucumán;90028;Famaillá;NA;1;21668;2023
90;Tucumán;90035;Graneros;NA;1;7685;2023
90;Tucumán;90042;Juan Bautista Alberdi;NA;1;17640;2023
90;Tucumán;90049;La Cocha;NA;1;10718;2023
90;Tucumán;90056;Leales;NA;1;33387;2023
90;Tucumán;90063;Lules;NA;1;47877;2023
90;Tucumán;90070;Monteros;NA;1;39698;2023
90;Tucumán;90077;Río Chico;NA;1;33066;2023
90;Tucumán;90091;Simoca;NA;1;18503;2023
90;Tucumán;90098;Tafí del Valle;NA;1;11405;2023
90;Tucumán;90105;Tafí Viejo;NA;1;89479;2023
90;Tucumán;90112;Trancas;NA;1;11784;2023
90;Tucumán;90119;Yerba Buena;NA;1;53374;2023
90;Tucumán;90007;Burruyacú;NA;1;22708;2024
90;Tucumán;90084;Capital;NA;1;309933;2024
90;Tucumán;90021;Chicligasta;NA;1;47752;2024
90;Tucumán;90014;Cruz Alta;NA;1;117049;2024
90;Tucumán;90028;Famaillá;NA;1;21752;2024
90;Tucumán;90035;Graneros;NA;1;7703;2024
90;Tucumán;90042;Juan Bautista Alberdi;NA;1;17672;2024
90;Tucumán;90049;La Cocha;NA;1;10734;2024
90;Tucumán;90056;Leales;NA;1;33500;2024
90;Tucumán;90063;Lules;NA;1;48172;2024
90;Tucumán;90070;Monteros;NA;1;39837;2024
90;Tucumán;90077;Río Chico;NA;1;33132;2024
90;Tucumán;90091;Simoca;NA;1;18568;2024
90;Tucumán;90098;Tafí del Valle;NA;1;11502;2024
90;Tucumán;90105;Tafí Viejo;NA;1;90097;2024
90;Tucumán;90112;Trancas;NA;1;11857;2024
90;Tucumán;90119;Yerba Buena;NA;1;53702;2024
90;Tucumán;90007;Burruyacú;NA;1;22802;2025
90;Tucumán;90084;Capital;NA;1;309948;2025
90;Tucumán;90021;Chicligasta;NA;1;47849;2025
90;Tucumán;90014;Cruz Alta;NA;1;117570;2025
90;Tucumán;90028;Famaillá;NA;1;21838;2025
90;Tucumán;90035;Graneros;NA;1;7723;2025
90;Tucumán;90042;Juan Bautista Alberdi;NA;1;17705;2025
90;Tucumán;90049;La Cocha;NA;1;10751;2025
90;Tucumán;90056;Leales;NA;1;33615;2025
90;Tucumán;90063;Lules;NA;1;48477;2025
90;Tucumán;90070;Monteros;NA;1;39980;2025
90;Tucumán;90077;Río Chico;NA;1;33200;2025
90;Tucumán;90091;Simoca;NA;1;18634;2025
90;Tucumán;90098;Tafí del Valle;NA;1;11602;2025
90;Tucumán;90105;Tafí Viejo;NA;1;90734;2025
90;Tucumán;90112;Trancas;NA;1;11932;2025
90;Tucumán;90119;Yerba Buena;NA;1;54041;2025
90;Tucumán;90007;Burruyacú;NA;1;22890;2026
90;Tucumán;90084;Capital;NA;1;309962;2026
90;Tucumán;90021;Chicligasta;NA;1;47940;2026
90;Tucumán;90014;Cruz Alta;NA;1;118060;2026
90;Tucumán;90028;Famaillá;NA;1;21919;2026
90;Tucumán;90035;Graneros;NA;1;7741;2026
90;Tucumán;90042;Juan Bautista Alberdi;NA;1;17736;2026
90;Tucumán;90049;La Cocha;NA;1;10767;2026
90;Tucumán;90056;Leales;NA;1;33724;2026
90;Tucumán;90063;Lules;NA;1;48764;2026
90;Tucumán;90070;Monteros;NA;1;40114;2026
90;Tucumán;90077;Río Chico;NA;1;33263;2026
90;Tucumán;90091;Simoca;NA;1;18697;2026
90;Tucumán;90098;Tafí del Valle;NA;1;11697;2026
90;Tucumán;90105;Tafí Viejo;NA;1;91333;2026
90;Tucumán;90112;Trancas;NA;1;12003;2026
90;Tucumán;90119;Yerba Buena;NA;1;54359;2026
90;Tucumán;90007;Burruyacú;NA;1;22973;2027
90;Tucumán;90084;Capital;NA;1;309975;2027
90;Tucumán;90021;Chicligasta;NA;1;48026;2027
90;Tucumán;90014;Cruz Alta;NA;1;118522;2027
90;Tucumán;90028;Famaillá;NA;1;21996;2027
90;Tucumán;90035;Graneros;NA;1;7758;2027
90;Tucumán;90042;Juan Bautista Alberdi;NA;1;17766;2027
90;Tucumán;90049;La Cocha;NA;1;10782;2027
90;Tucumán;90056;Leales;NA;1;33827;2027
90;Tucumán;90063;Lules;NA;1;49034;2027
90;Tucumán;90070;Monteros;NA;1;40241;2027
90;Tucumán;90077;Río Chico;NA;1;33323;2027
90;Tucumán;90091;Simoca;NA;1;18756;2027
90;Tucumán;90098;Tafí del Valle;NA;1;11786;2027
90;Tucumán;90105;Tafí Viejo;NA;1;91897;2027
90;Tucumán;90112;Trancas;NA;1;12069;2027
90;Tucumán;90119;Yerba Buena;NA;1;54660;2027
90;Tucumán;90007;Burruyacú;NA;1;23051;2028
90;Tucumán;90084;Capital;NA;1;309987;2028
90;Tucumán;90021;Chicligasta;NA;1;48106;2028
90;Tucumán;90014;Cruz Alta;NA;1;118956;2028
90;Tucumán;90028;Famaillá;NA;1;22068;2028
90;Tucumán;90035;Graneros;NA;1;7774;2028
90;Tucumán;90042;Juan Bautista Alberdi;NA;1;17793;2028
90;Tucumán;90049;La Cocha;NA;1;10797;2028
90;Tucumán;90056;Leales;NA;1;33923;2028
90;Tucumán;90063;Lules;NA;1;49287;2028
90;Tucumán;90070;Monteros;NA;1;40361;2028
90;Tucumán;90077;Río Chico;NA;1;33380;2028
90;Tucumán;90091;Simoca;NA;1;18811;2028
90;Tucumán;90098;Tafí del Valle;NA;1;11869;2028
90;Tucumán;90105;Tafí Viejo;NA;1;92428;2028
90;Tucumán;90112;Trancas;NA;1;12132;2028
90;Tucumán;90119;Yerba Buena;NA;1;54942;2028
90;Tucumán;90007;Burruyacú;NA;1;23127;2029
90;Tucumán;90084;Capital;NA;1;309999;2029
90;Tucumán;90021;Chicligasta;NA;1;48184;2029
90;Tucumán;90014;Cruz Alta;NA;1;119374;2029
90;Tucumán;90028;Famaillá;NA;1;22137;2029
90;Tucumán;90035;Graneros;NA;1;7789;2029
90;Tucumán;90042;Juan Bautista Alberdi;NA;1;17820;2029
90;Tucumán;90049;La Cocha;NA;1;10810;2029
90;Tucumán;90056;Leales;NA;1;34016;2029
90;Tucumán;90063;Lules;NA;1;49532;2029
90;Tucumán;90070;Monteros;NA;1;40475;2029
90;Tucumán;90077;Río Chico;NA;1;33434;2029
90;Tucumán;90091;Simoca;NA;1;18865;2029
90;Tucumán;90098;Tafí del Valle;NA;1;11950;2029
90;Tucumán;90105;Tafí Viejo;NA;1;92938;2029
90;Tucumán;90112;Trancas;NA;1;12192;2029
90;Tucumán;90119;Yerba Buena;NA;1;55214;2029
90;Tucumán;90007;Burruyacú;NA;1;23201;2030
90;Tucumán;90084;Capital;NA;1;310011;2030
90;Tucumán;90021;Chicligasta;NA;1;48261;2030
90;Tucumán;90014;Cruz Alta;NA;1;119787;2030
90;Tucumán;90028;Famaillá;NA;1;22205;2030
90;Tucumán;90035;Graneros;NA;1;7804;2030
90;Tucumán;90042;Juan Bautista Alberdi;NA;1;17846;2030
90;Tucumán;90049;La Cocha;NA;1;10824;2030
90;Tucumán;90056;Leales;NA;1;34108;2030
90;Tucumán;90063;Lules;NA;1;49774;2030
90;Tucumán;90070;Monteros;NA;1;40589;2030
90;Tucumán;90077;Río Chico;NA;1;33488;2030
90;Tucumán;90091;Simoca;NA;1;18917;2030
90;Tucumán;90098;Tafí del Valle;NA;1;12030;2030
90;Tucumán;90105;Tafí Viejo;NA;1;93444;2030
90;Tucumán;90112;Trancas;NA;1;12252;2030
90;Tucumán;90119;Yerba Buena;NA;1;55482;2030
90;Tucumán;90007;Burruyacú;NA;1;23276;2031
90;Tucumán;90084;Capital;NA;1;310023;2031
90;Tucumán;90021;Chicligasta;NA;1;48338;2031
90;Tucumán;90014;Cruz Alta;NA;1;120204;2031
90;Tucumán;90028;Famaillá;NA;1;22274;2031
90;Tucumán;90035;Graneros;NA;1;7819;2031
90;Tucumán;90042;Juan Bautista Alberdi;NA;1;17873;2031
90;Tucumán;90049;La Cocha;NA;1;10838;2031
90;Tucumán;90056;Leales;NA;1;34200;2031
90;Tucumán;90063;Lules;NA;1;50017;2031
90;Tucumán;90070;Monteros;NA;1;40703;2031
90;Tucumán;90077;Río Chico;NA;1;33542;2031
90;Tucumán;90091;Simoca;NA;1;18971;2031
90;Tucumán;90098;Tafí del Valle;NA;1;12110;2031
90;Tucumán;90105;Tafí Viejo;NA;1;93953;2031
90;Tucumán;90112;Trancas;NA;1;12312;2031
90;Tucumán;90119;Yerba Buena;NA;1;55753;2031
90;Tucumán;90007;Burruyacú;NA;1;23351;2032
90;Tucumán;90084;Capital;NA;1;310035;2032
90;Tucumán;90021;Chicligasta;NA;1;48416;2032
90;Tucumán;90014;Cruz Alta;NA;1;120622;2032
90;Tucumán;90028;Famaillá;NA;1;22344;2032
90;Tucumán;90035;Graneros;NA;1;7835;2032
90;Tucumán;90042;Juan Bautista Alberdi;NA;1;17899;2032
90;Tucumán;90049;La Cocha;NA;1;10851;2032
90;Tucumán;90056;Leales;NA;1;34293;2032
90;Tucumán;90063;Lules;NA;1;50262;2032
90;Tucumán;90070;Monteros;NA;1;40819;2032
90;Tucumán;90077;Río Chico;NA;1;33596;2032
90;Tucumán;90091;Simoca;NA;1;19024;2032
90;Tucumán;90098;Tafí del Valle;NA;1;12191;2032
90;Tucumán;90105;Tafí Viejo;NA;1;94464;2032
90;Tucumán;90112;Trancas;NA;1;12373;2032
90;Tucumán;90119;Yerba Buena;NA;1;56025;2032
90;Tucumán;90007;Burruyacú;NA;1;23426;2033
90;Tucumán;90084;Capital;NA;1;310047;2033
90;Tucumán;90021;Chicligasta;NA;1;48494;2033
90;Tucumán;90014;Cruz Alta;NA;1;121039;2033
90;Tucumán;90028;Famaillá;NA;1;22413;2033
90;Tucumán;90035;Graneros;NA;1;7850;2033
90;Tucumán;90042;Juan Bautista Alberdi;NA;1;17926;2033
90;Tucumán;90049;La Cocha;NA;1;10865;2033
90;Tucumán;90056;Leales;NA;1;34386;2033
90;Tucumán;90063;Lules;NA;1;50506;2033
90;Tucumán;90070;Monteros;NA;1;40933;2033
90;Tucumán;90077;Río Chico;NA;1;33650;2033
90;Tucumán;90091;Simoca;NA;1;19077;2033
90;Tucumán;90098;Tafí del Valle;NA;1;12271;2033
90;Tucumán;90105;Tafí Viejo;NA;1;94974;2033
90;Tucumán;90112;Trancas;NA;1;12433;2033
90;Tucumán;90119;Yerba Buena;NA;1;56297;2033
90;Tucumán;90007;Burruyacú;NA;1;23501;2034
90;Tucumán;90084;Capital;NA;1;310059;2034
90;Tucumán;90021;Chicligasta;NA;1;48571;2034
90;Tucumán;90014;Cruz Alta;NA;1;121455;2034
90;Tucumán;90028;Famaillá;NA;1;22482;2034
90;Tucumán;90035;Graneros;NA;1;7866;2034
90;Tucumán;90042;Juan Bautista Alberdi;NA;1;17952;2034
90;Tucumán;90049;La Cocha;NA;1;10879;2034
90;Tucumán;90056;Leales;NA;1;34478;2034
90;Tucumán;90063;Lules;NA;1;50748;2034
90;Tucumán;90070;Monteros;NA;1;41047;2034
90;Tucumán;90077;Río Chico;NA;1;33704;2034
90;Tucumán;90091;Simoca;NA;1;19130;2034
90;Tucumán;90098;Tafí del Valle;NA;1;12351;2034
90;Tucumán;90105;Tafí Viejo;NA;1;95482;2034
90;Tucumán;90112;Trancas;NA;1;12493;2034
90;Tucumán;90119;Yerba Buena;NA;1;56566;2034
90;Tucumán;90007;Burruyacú;NA;1;23576;2035
90;Tucumán;90084;Capital;NA;1;310071;2035
90;Tucumán;90021;Chicligasta;NA;1;48648;2035
90;Tucumán;90014;Cruz Alta;NA;1;121869;2035
90;Tucumán;90028;Famaillá;NA;1;22550;2035
90;Tucumán;90035;Graneros;NA;1;7881;2035
90;Tucumán;90042;Juan Bautista Alberdi;NA;1;17979;2035
90;Tucumán;90049;La Cocha;NA;1;10892;2035
90;Tucumán;90056;Leales;NA;1;34570;2035
90;Tucumán;90063;Lules;NA;1;50991;2035
90;Tucumán;90070;Monteros;NA;1;41161;2035
90;Tucumán;90077;Río Chico;NA;1;33758;2035
90;Tucumán;90091;Simoca;NA;1;19183;2035
90;Tucumán;90098;Tafí del Valle;NA;1;12431;2035
90;Tucumán;90105;Tafí Viejo;NA;1;95988;2035
90;Tucumán;90112;Trancas;NA;1;12553;2035
90;Tucumán;90119;Yerba Buena;NA;1;56836;2035
18;Corrientes;18007;Bella Vista;NA;2;21929;2022
18;Corrientes;18014;Berón de Astrada;NA;2;1444;2022
18;Corrientes;18021;Capital;NA;2;210657;2022
18;Corrientes;18028;Concepción;NA;2;13195;2022
18;Corrientes;18035;Curuzú Cuatiá;NA;2;25070;2022
18;Corrientes;18042;Empedrado;NA;2;8878;2022
18;Corrientes;18049;Esquina;NA;2;19029;2022
18;Corrientes;18056;General Alvear;NA;2;4625;2022
18;Corrientes;18063;General Paz;NA;2;8458;2022
18;Corrientes;18070;Goya;NA;2;51341;2022
18;Corrientes;18077;Itatí;NA;2;5982;2022
18;Corrientes;18084;Ituzaingó;NA;2;19301;2022
18;Corrientes;18091;Lavalle;NA;2;20213;2022
18;Corrientes;18098;Mburucuyá;NA;2;5729;2022
18;Corrientes;18105;Mercedes;NA;2;24416;2022
18;Corrientes;18112;Monte Caseros;NA;2;22582;2022
18;Corrientes;18119;Paso de los Libres;NA;2;27555;2022
18;Corrientes;18126;Saladas;NA;2;14324;2022
18;Corrientes;18133;San Cosme;NA;2;9947;2022
18;Corrientes;18140;San Luis del Palmar;NA;2;10561;2022
18;Corrientes;18147;San Martín;NA;2;7406;2022
18;Corrientes;18154;San Miguel;NA;2;6354;2022
18;Corrientes;18161;San Roque;NA;2;11265;2022
18;Corrientes;18168;Santo Tomé;NA;2;35187;2022
18;Corrientes;18175;Sauce;NA;2;5132;2022
18;Corrientes;18007;Bella Vista;NA;2;21996;2023
18;Corrientes;18014;Berón de Astrada;NA;2;1447;2023
18;Corrientes;18021;Capital;NA;2;211559;2023
18;Corrientes;18028;Concepción;NA;2;13247;2023
18;Corrientes;18035;Curuzú Cuatiá;NA;2;25128;2023
18;Corrientes;18042;Empedrado;NA;2;8906;2023
18;Corrientes;18049;Esquina;NA;2;19124;2023
18;Corrientes;18056;General Alvear;NA;2;4638;2023
18;Corrientes;18063;General Paz;NA;2;8472;2023
18;Corrientes;18070;Goya;NA;2;51494;2023
18;Corrientes;18077;Itatí;NA;2;6021;2023
18;Corrientes;18084;Ituzaingó;NA;2;19383;2023
18;Corrientes;18091;Lavalle;NA;2;20371;2023
18;Corrientes;18098;Mburucuyá;NA;2;5757;2023
18;Corrientes;18105;Mercedes;NA;2;24510;2023
18;Corrientes;18112;Monte Caseros;NA;2;22687;2023
18;Corrientes;18119;Paso de los Libres;NA;2;27615;2023
18;Corrientes;18126;Saladas;NA;2;14413;2023
18;Corrientes;18133;San Cosme;NA;2;10024;2023
18;Corrientes;18140;San Luis del Palmar;NA;2;10605;2023
18;Corrientes;18147;San Martín;NA;2;7417;2023
18;Corrientes;18154;San Miguel;NA;2;6376;2023
18;Corrientes;18161;San Roque;NA;2;11316;2023
18;Corrientes;18168;Santo Tomé;NA;2;35264;2023
18;Corrientes;18175;Sauce;NA;2;5144;2023
18;Corrientes;18007;Bella Vista;NA;2;22069;2024
18;Corrientes;18014;Berón de Astrada;NA;2;1450;2024
18;Corrientes;18021;Capital;NA;2;212525;2024
18;Corrientes;18028;Concepción;NA;2;13303;2024
18;Corrientes;18035;Curuzú Cuatiá;NA;2;25191;2024
18;Corrientes;18042;Empedrado;NA;2;8935;2024
18;Corrientes;18049;Esquina;NA;2;19225;2024
18;Corrientes;18056;General Alvear;NA;2;4651;2024
18;Corrientes;18063;General Paz;NA;2;8488;2024
18;Corrientes;18070;Goya;NA;2;51659;2024
18;Corrientes;18077;Itatí;NA;2;6062;2024
18;Corrientes;18084;Ituzaingó;NA;2;19470;2024
18;Corrientes;18091;Lavalle;NA;2;20540;2024
18;Corrientes;18098;Mburucuyá;NA;2;5787;2024
18;Corrientes;18105;Mercedes;NA;2;24612;2024
18;Corrientes;18112;Monte Caseros;NA;2;22799;2024
18;Corrientes;18119;Paso de los Libres;NA;2;27680;2024
18;Corrientes;18126;Saladas;NA;2;14508;2024
18;Corrientes;18133;San Cosme;NA;2;10106;2024
18;Corrientes;18140;San Luis del Palmar;NA;2;10653;2024
18;Corrientes;18147;San Martín;NA;2;7429;2024
18;Corrientes;18154;San Miguel;NA;2;6399;2024
18;Corrientes;18161;San Roque;NA;2;11370;2024
18;Corrientes;18168;Santo Tomé;NA;2;35347;2024
18;Corrientes;18175;Sauce;NA;2;5156;2024
18;Corrientes;18007;Bella Vista;NA;2;22137;2025
18;Corrientes;18014;Berón de Astrada;NA;2;1452;2025
18;Corrientes;18021;Capital;NA;2;213442;2025
18;Corrientes;18028;Concepción;NA;2;13356;2025
18;Corrientes;18035;Curuzú Cuatiá;NA;2;25250;2025
18;Corrientes;18042;Empedrado;NA;2;8963;2025
18;Corrientes;18049;Esquina;NA;2;19321;2025
18;Corrientes;18056;General Alvear;NA;2;4664;2025
18;Corrientes;18063;General Paz;NA;2;8502;2025
18;Corrientes;18070;Goya;NA;2;51816;2025
18;Corrientes;18077;Itatí;NA;2;6101;2025
18;Corrientes;18084;Ituzaingó;NA;2;19553;2025
18;Corrientes;18091;Lavalle;NA;2;20702;2025
18;Corrientes;18098;Mburucuyá;NA;2;5816;2025
18;Corrientes;18105;Mercedes;NA;2;24708;2025
18;Corrientes;18112;Monte Caseros;NA;2;22906;2025
18;Corrientes;18119;Paso de los Libres;NA;2;27741;2025
18;Corrientes;18126;Saladas;NA;2;14599;2025
18;Corrientes;18133;San Cosme;NA;2;10184;2025
18;Corrientes;18140;San Luis del Palmar;NA;2;10698;2025
18;Corrientes;18147;San Martín;NA;2;7441;2025
18;Corrientes;18154;San Miguel;NA;2;6421;2025
18;Corrientes;18161;San Roque;NA;2;11422;2025
18;Corrientes;18168;Santo Tomé;NA;2;35425;2025
18;Corrientes;18175;Sauce;NA;2;5168;2025
18;Corrientes;18007;Bella Vista;NA;2;22202;2026
18;Corrientes;18014;Berón de Astrada;NA;2;1455;2026
18;Corrientes;18021;Capital;NA;2;214297;2026
18;Corrientes;18028;Concepción;NA;2;13405;2026
18;Corrientes;18035;Curuzú Cuatiá;NA;2;25305;2026
18;Corrientes;18042;Empedrado;NA;2;8989;2026
18;Corrientes;18049;Esquina;NA;2;19410;2026
18;Corrientes;18056;General Alvear;NA;2;4677;2026
18;Corrientes;18063;General Paz;NA;2;8516;2026
18;Corrientes;18070;Goya;NA;2;51962;2026
18;Corrientes;18077;Itatí;NA;2;6138;2026
18;Corrientes;18084;Ituzaingó;NA;2;19630;2026
18;Corrientes;18091;Lavalle;NA;2;20852;2026
18;Corrientes;18098;Mburucuyá;NA;2;5842;2026
18;Corrientes;18105;Mercedes;NA;2;24797;2026
18;Corrientes;18112;Monte Caseros;NA;2;23006;2026
18;Corrientes;18119;Paso de los Libres;NA;2;27798;2026
18;Corrientes;18126;Saladas;NA;2;14683;2026
18;Corrientes;18133;San Cosme;NA;2;10256;2026
18;Corrientes;18140;San Luis del Palmar;NA;2;10740;2026
18;Corrientes;18147;San Martín;NA;2;7452;2026
18;Corrientes;18154;San Miguel;NA;2;6442;2026
18;Corrientes;18161;San Roque;NA;2;11470;2026
18;Corrientes;18168;Santo Tomé;NA;2;35498;2026
18;Corrientes;18175;Sauce;NA;2;5179;2026
18;Corrientes;18007;Bella Vista;NA;2;22260;2027
18;Corrientes;18014;Berón de Astrada;NA;2;1458;2027
18;Corrientes;18021;Capital;NA;2;215083;2027
18;Corrientes;18028;Concepción;NA;2;13451;2027
18;Corrientes;18035;Curuzú Cuatiá;NA;2;25356;2027
18;Corrientes;18042;Empedrado;NA;2;9013;2027
18;Corrientes;18049;Esquina;NA;2;19493;2027
18;Corrientes;18056;General Alvear;NA;2;4688;2027
18;Corrientes;18063;General Paz;NA;2;8528;2027
18;Corrientes;18070;Goya;NA;2;52097;2027
18;Corrientes;18077;Itatí;NA;2;6171;2027
18;Corrientes;18084;Ituzaingó;NA;2;19701;2027
18;Corrientes;18091;Lavalle;NA;2;20990;2027
18;Corrientes;18098;Mburucuyá;NA;2;5867;2027
18;Corrientes;18105;Mercedes;NA;2;24880;2027
18;Corrientes;18112;Monte Caseros;NA;2;23097;2027
18;Corrientes;18119;Paso de los Libres;NA;2;27850;2027
18;Corrientes;18126;Saladas;NA;2;14761;2027
18;Corrientes;18133;San Cosme;NA;2;10323;2027
18;Corrientes;18140;San Luis del Palmar;NA;2;10779;2027
18;Corrientes;18147;San Martín;NA;2;7461;2027
18;Corrientes;18154;San Miguel;NA;2;6461;2027
18;Corrientes;18161;San Roque;NA;2;11514;2027
18;Corrientes;18168;Santo Tomé;NA;2;35565;2027
18;Corrientes;18175;Sauce;NA;2;5189;2027
18;Corrientes;18007;Bella Vista;NA;2;22317;2028
18;Corrientes;18014;Berón de Astrada;NA;2;1460;2028
18;Corrientes;18021;Capital;NA;2;215847;2028
18;Corrientes;18028;Concepción;NA;2;13495;2028
18;Corrientes;18035;Curuzú Cuatiá;NA;2;25405;2028
18;Corrientes;18042;Empedrado;NA;2;9037;2028
18;Corrientes;18049;Esquina;NA;2;19573;2028
18;Corrientes;18056;General Alvear;NA;2;4699;2028
18;Corrientes;18063;General Paz;NA;2;8540;2028
18;Corrientes;18070;Goya;NA;2;52227;2028
18;Corrientes;18077;Itatí;NA;2;6204;2028
18;Corrientes;18084;Ituzaingó;NA;2;19770;2028
18;Corrientes;18091;Lavalle;NA;2;21124;2028
18;Corrientes;18098;Mburucuyá;NA;2;5890;2028
18;Corrientes;18105;Mercedes;NA;2;24960;2028
18;Corrientes;18112;Monte Caseros;NA;2;23186;2028
18;Corrientes;18119;Paso de los Libres;NA;2;27901;2028
18;Corrientes;18126;Saladas;NA;2;14836;2028
18;Corrientes;18133;San Cosme;NA;2;10388;2028
18;Corrientes;18140;San Luis del Palmar;NA;2;10816;2028
18;Corrientes;18147;San Martín;NA;2;7471;2028
18;Corrientes;18154;San Miguel;NA;2;6480;2028
18;Corrientes;18161;San Roque;NA;2;11557;2028
18;Corrientes;18168;Santo Tomé;NA;2;35630;2028
18;Corrientes;18175;Sauce;NA;2;5199;2028
18;Corrientes;18007;Bella Vista;NA;2;22375;2029
18;Corrientes;18014;Berón de Astrada;NA;2;1462;2029
18;Corrientes;18021;Capital;NA;2;216615;2029
18;Corrientes;18028;Concepción;NA;2;13539;2029
18;Corrientes;18035;Curuzú Cuatiá;NA;2;25455;2029
18;Corrientes;18042;Empedrado;NA;2;9060;2029
18;Corrientes;18049;Esquina;NA;2;19653;2029
18;Corrientes;18056;General Alvear;NA;2;4710;2029
18;Corrientes;18063;General Paz;NA;2;8553;2029
18;Corrientes;18070;Goya;NA;2;52359;2029
18;Corrientes;18077;Itatí;NA;2;6237;2029
18;Corrientes;18084;Ituzaingó;NA;2;19839;2029
18;Corrientes;18091;Lavalle;NA;2;21259;2029
18;Corrientes;18098;Mburucuyá;NA;2;5914;2029
18;Corrientes;18105;Mercedes;NA;2;25040;2029
18;Corrientes;18112;Monte Caseros;NA;2;23275;2029
18;Corrientes;18119;Paso de los Libres;NA;2;27952;2029
18;Corrientes;18126;Saladas;NA;2;14912;2029
18;Corrientes;18133;San Cosme;NA;2;10453;2029
18;Corrientes;18140;San Luis del Palmar;NA;2;10854;2029
18;Corrientes;18147;San Martín;NA;2;7480;2029
18;Corrientes;18154;San Miguel;NA;2;6499;2029
18;Corrientes;18161;San Roque;NA;2;11600;2029
18;Corrientes;18168;Santo Tomé;NA;2;35696;2029
18;Corrientes;18175;Sauce;NA;2;5209;2029
18;Corrientes;18007;Bella Vista;NA;2;22432;2030
18;Corrientes;18014;Berón de Astrada;NA;2;1465;2030
18;Corrientes;18021;Capital;NA;2;217372;2030
18;Corrientes;18028;Concepción;NA;2;13583;2030
18;Corrientes;18035;Curuzú Cuatiá;NA;2;25503;2030
18;Corrientes;18042;Empedrado;NA;2;9083;2030
18;Corrientes;18049;Esquina;NA;2;19732;2030
18;Corrientes;18056;General Alvear;NA;2;4720;2030
18;Corrientes;18063;General Paz;NA;2;8565;2030
18;Corrientes;18070;Goya;NA;2;52488;2030
18;Corrientes;18077;Itatí;NA;2;6270;2030
18;Corrientes;18084;Ituzaingó;NA;2;19908;2030
18;Corrientes;18091;Lavalle;NA;2;21392;2030
18;Corrientes;18098;Mburucuyá;NA;2;5938;2030
18;Corrientes;18105;Mercedes;NA;2;25119;2030
18;Corrientes;18112;Monte Caseros;NA;2;23363;2030
18;Corrientes;18119;Paso de los Libres;NA;2;28003;2030
18;Corrientes;18126;Saladas;NA;2;14986;2030
18;Corrientes;18133;San Cosme;NA;2;10517;2030
18;Corrientes;18140;San Luis del Palmar;NA;2;10891;2030
18;Corrientes;18147;San Martín;NA;2;7490;2030
18;Corrientes;18154;San Miguel;NA;2;6517;2030
18;Corrientes;18161;San Roque;NA;2;11643;2030
18;Corrientes;18168;Santo Tomé;NA;2;35761;2030
18;Corrientes;18175;Sauce;NA;2;5218;2030
18;Corrientes;18007;Bella Vista;NA;2;22488;2031
18;Corrientes;18014;Berón de Astrada;NA;2;1467;2031
18;Corrientes;18021;Capital;NA;2;218129;2031
18;Corrientes;18028;Concepción;NA;2;13626;2031
18;Corrientes;18035;Curuzú Cuatiá;NA;2;25552;2031
18;Corrientes;18042;Empedrado;NA;2;9106;2031
18;Corrientes;18049;Esquina;NA;2;19812;2031
18;Corrientes;18056;General Alvear;NA;2;4731;2031
18;Corrientes;18063;General Paz;NA;2;8577;2031
18;Corrientes;18070;Goya;NA;2;52617;2031
18;Corrientes;18077;Itatí;NA;2;6302;2031
18;Corrientes;18084;Ituzaingó;NA;2;19976;2031
18;Corrientes;18091;Lavalle;NA;2;21525;2031
18;Corrientes;18098;Mburucuyá;NA;2;5961;2031
18;Corrientes;18105;Mercedes;NA;2;25199;2031
18;Corrientes;18112;Monte Caseros;NA;2;23452;2031
18;Corrientes;18119;Paso de los Libres;NA;2;28053;2031
18;Corrientes;18126;Saladas;NA;2;15061;2031
18;Corrientes;18133;San Cosme;NA;2;10582;2031
18;Corrientes;18140;San Luis del Palmar;NA;2;10929;2031
18;Corrientes;18147;San Martín;NA;2;7499;2031
18;Corrientes;18154;San Miguel;NA;2;6535;2031
18;Corrientes;18161;San Roque;NA;2;11686;2031
18;Corrientes;18168;Santo Tomé;NA;2;35825;2031
18;Corrientes;18175;Sauce;NA;2;5228;2031
18;Corrientes;18007;Bella Vista;NA;2;22545;2032
18;Corrientes;18014;Berón de Astrada;NA;2;1469;2032
18;Corrientes;18021;Capital;NA;2;218886;2032
18;Corrientes;18028;Concepción;NA;2;13670;2032
18;Corrientes;18035;Curuzú Cuatiá;NA;2;25601;2032
18;Corrientes;18042;Empedrado;NA;2;9129;2032
18;Corrientes;18049;Esquina;NA;2;19891;2032
18;Corrientes;18056;General Alvear;NA;2;4742;2032
18;Corrientes;18063;General Paz;NA;2;8589;2032
18;Corrientes;18070;Goya;NA;2;52747;2032
18;Corrientes;18077;Itatí;NA;2;6334;2032
18;Corrientes;18084;Ituzaingó;NA;2;20044;2032
18;Corrientes;18091;Lavalle;NA;2;21658;2032
18;Corrientes;18098;Mburucuyá;NA;2;5985;2032
18;Corrientes;18105;Mercedes;NA;2;25278;2032
18;Corrientes;18112;Monte Caseros;NA;2;23540;2032
18;Corrientes;18119;Paso de los Libres;NA;2;28104;2032
18;Corrientes;18126;Saladas;NA;2;15136;2032
18;Corrientes;18133;San Cosme;NA;2;10646;2032
18;Corrientes;18140;San Luis del Palmar;NA;2;10966;2032
18;Corrientes;18147;San Martín;NA;2;7509;2032
18;Corrientes;18154;San Miguel;NA;2;6554;2032
18;Corrientes;18161;San Roque;NA;2;11728;2032
18;Corrientes;18168;Santo Tomé;NA;2;35890;2032
18;Corrientes;18175;Sauce;NA;2;5238;2032
18;Corrientes;18007;Bella Vista;NA;2;22601;2033
18;Corrientes;18014;Berón de Astrada;NA;2;1472;2033
18;Corrientes;18021;Capital;NA;2;219640;2033
18;Corrientes;18028;Concepción;NA;2;13714;2033
18;Corrientes;18035;Curuzú Cuatiá;NA;2;25650;2033
18;Corrientes;18042;Empedrado;NA;2;9152;2033
18;Corrientes;18049;Esquina;NA;2;19970;2033
18;Corrientes;18056;General Alvear;NA;2;4753;2033
18;Corrientes;18063;General Paz;NA;2;8600;2033
18;Corrientes;18070;Goya;NA;2;52876;2033
18;Corrientes;18077;Itatí;NA;2;6366;2033
18;Corrientes;18084;Ituzaingó;NA;2;20112;2033
18;Corrientes;18091;Lavalle;NA;2;21791;2033
18;Corrientes;18098;Mburucuyá;NA;2;6008;2033
18;Corrientes;18105;Mercedes;NA;2;25357;2033
18;Corrientes;18112;Monte Caseros;NA;2;23627;2033
18;Corrientes;18119;Paso de los Libres;NA;2;28154;2033
18;Corrientes;18126;Saladas;NA;2;15210;2033
18;Corrientes;18133;San Cosme;NA;2;10710;2033
18;Corrientes;18140;San Luis del Palmar;NA;2;11003;2033
18;Corrientes;18147;San Martín;NA;2;7518;2033
18;Corrientes;18154;San Miguel;NA;2;6572;2033
18;Corrientes;18161;San Roque;NA;2;11771;2033
18;Corrientes;18168;Santo Tomé;NA;2;35954;2033
18;Corrientes;18175;Sauce;NA;2;5248;2033
18;Corrientes;18007;Bella Vista;NA;2;22657;2034
18;Corrientes;18014;Berón de Astrada;NA;2;1474;2034
18;Corrientes;18021;Capital;NA;2;220384;2034
18;Corrientes;18028;Concepción;NA;2;13757;2034
18;Corrientes;18035;Curuzú Cuatiá;NA;2;25698;2034
18;Corrientes;18042;Empedrado;NA;2;9175;2034
18;Corrientes;18049;Esquina;NA;2;20048;2034
18;Corrientes;18056;General Alvear;NA;2;4763;2034
18;Corrientes;18063;General Paz;NA;2;8612;2034
18;Corrientes;18070;Goya;NA;2;53003;2034
18;Corrientes;18077;Itatí;NA;2;6398;2034
18;Corrientes;18084;Ituzaingó;NA;2;20180;2034
18;Corrientes;18091;Lavalle;NA;2;21922;2034
18;Corrientes;18098;Mburucuyá;NA;2;6032;2034
18;Corrientes;18105;Mercedes;NA;2;25435;2034
18;Corrientes;18112;Monte Caseros;NA;2;23714;2034
18;Corrientes;18119;Paso de los Libres;NA;2;28203;2034
18;Corrientes;18126;Saladas;NA;2;15283;2034
18;Corrientes;18133;San Cosme;NA;2;10773;2034
18;Corrientes;18140;San Luis del Palmar;NA;2;11040;2034
18;Corrientes;18147;San Martín;NA;2;7527;2034
18;Corrientes;18154;San Miguel;NA;2;6590;2034
18;Corrientes;18161;San Roque;NA;2;11813;2034
18;Corrientes;18168;Santo Tomé;NA;2;36018;2034
18;Corrientes;18175;Sauce;NA;2;5257;2034
18;Corrientes;18007;Bella Vista;NA;2;22712;2035
18;Corrientes;18014;Berón de Astrada;NA;2;1476;2035
18;Corrientes;18021;Capital;NA;2;221125;2035
18;Corrientes;18028;Concepción;NA;2;13799;2035
18;Corrientes;18035;Curuzú Cuatiá;NA;2;25746;2035
18;Corrientes;18042;Empedrado;NA;2;9198;2035
18;Corrientes;18049;Esquina;NA;2;20125;2035
18;Corrientes;18056;General Alvear;NA;2;4774;2035
18;Corrientes;18063;General Paz;NA;2;8624;2035
18;Corrientes;18070;Goya;NA;2;53129;2035
18;Corrientes;18077;Itatí;NA;2;6430;2035
18;Corrientes;18084;Ituzaingó;NA;2;20247;2035
18;Corrientes;18091;Lavalle;NA;2;22052;2035
18;Corrientes;18098;Mburucuyá;NA;2;6055;2035
18;Corrientes;18105;Mercedes;NA;2;25512;2035
18;Corrientes;18112;Monte Caseros;NA;2;23800;2035
18;Corrientes;18119;Paso de los Libres;NA;2;28253;2035
18;Corrientes;18126;Saladas;NA;2;15357;2035
18;Corrientes;18133;San Cosme;NA;2;10836;2035
18;Corrientes;18140;San Luis del Palmar;NA;2;11076;2035
18;Corrientes;18147;San Martín;NA;2;7537;2035
18;Corrientes;18154;San Miguel;NA;2;6608;2035
18;Corrientes;18161;San Roque;NA;2;11854;2035
18;Corrientes;18168;Santo Tomé;NA;2;36081;2035
18;Corrientes;18175;Sauce;NA;2;5267;2035
18;Corrientes;18007;Bella Vista;NA;1;21621;2022
18;Corrientes;18014;Berón de Astrada;NA;1;1330;2022
18;Corrientes;18021;Capital;NA;1;219877;2022
18;Corrientes;18028;Concepción;NA;1;12590;2022
18;Corrientes;18035;Curuzú Cuatiá;NA;1;25457;2022
18;Corrientes;18042;Empedrado;NA;1;8745;2022
18;Corrientes;18049;Esquina;NA;1;19390;2022
18;Corrientes;18056;General Alvear;NA;1;4350;2022
18;Corrientes;18063;General Paz;NA;1;8238;2022
18;Corrientes;18070;Goya;NA;1;52936;2022
18;Corrientes;18077;Itatí;NA;1;5794;2022
18;Corrientes;18084;Ituzaingó;NA;1;18791;2022
18;Corrientes;18091;Lavalle;NA;1;19471;2022
18;Corrientes;18098;Mburucuyá;NA;1;5618;2022
18;Corrientes;18105;Mercedes;NA;1;24500;2022
18;Corrientes;18112;Monte Caseros;NA;1;22213;2022
18;Corrientes;18119;Paso de los Libres;NA;1;28313;2022
18;Corrientes;18126;Saladas;NA;1;14310;2022
18;Corrientes;18133;San Cosme;NA;1;9390;2022
18;Corrientes;18140;San Luis del Palmar;NA;1;10485;2022
18;Corrientes;18147;San Martín;NA;1;7485;2022
18;Corrientes;18154;San Miguel;NA;1;6118;2022
18;Corrientes;18161;San Roque;NA;1;11016;2022
18;Corrientes;18168;Santo Tomé;NA;1;35346;2022
18;Corrientes;18175;Sauce;NA;1;5051;2022
18;Corrientes;18007;Bella Vista;NA;1;21700;2023
18;Corrientes;18014;Berón de Astrada;NA;1;1333;2023
18;Corrientes;18021;Capital;NA;1;220829;2023
18;Corrientes;18028;Concepción;NA;1;12666;2023
18;Corrientes;18035;Curuzú Cuatiá;NA;1;25517;2023
18;Corrientes;18042;Empedrado;NA;1;8773;2023
18;Corrientes;18049;Esquina;NA;1;19507;2023
18;Corrientes;18056;General Alvear;NA;1;4355;2023
18;Corrientes;18063;General Paz;NA;1;8254;2023
18;Corrientes;18070;Goya;NA;1;53091;2023
18;Corrientes;18077;Itatí;NA;1;5831;2023
18;Corrientes;18084;Ituzaingó;NA;1;18893;2023
18;Corrientes;18091;Lavalle;NA;1;19661;2023
18;Corrientes;18098;Mburucuyá;NA;1;5646;2023
18;Corrientes;18105;Mercedes;NA;1;24615;2023
18;Corrientes;18112;Monte Caseros;NA;1;22340;2023
18;Corrientes;18119;Paso de los Libres;NA;1;28402;2023
18;Corrientes;18126;Saladas;NA;1;14408;2023
18;Corrientes;18133;San Cosme;NA;1;9467;2023
18;Corrientes;18140;San Luis del Palmar;NA;1;10527;2023
18;Corrientes;18147;San Martín;NA;1;7507;2023
18;Corrientes;18154;San Miguel;NA;1;6141;2023
18;Corrientes;18161;San Roque;NA;1;11066;2023
18;Corrientes;18168;Santo Tomé;NA;1;35469;2023
18;Corrientes;18175;Sauce;NA;1;5058;2023
18;Corrientes;18007;Bella Vista;NA;1;21780;2024
18;Corrientes;18014;Berón de Astrada;NA;1;1335;2024
18;Corrientes;18021;Capital;NA;1;221792;2024
18;Corrientes;18028;Concepción;NA;1;12742;2024
18;Corrientes;18035;Curuzú Cuatiá;NA;1;25578;2024
18;Corrientes;18042;Empedrado;NA;1;8802;2024
18;Corrientes;18049;Esquina;NA;1;19624;2024
18;Corrientes;18056;General Alvear;NA;1;4360;2024
18;Corrientes;18063;General Paz;NA;1;8271;2024
18;Corrientes;18070;Goya;NA;1;53247;2024
18;Corrientes;18077;Itatí;NA;1;5869;2024
18;Corrientes;18084;Ituzaingó;NA;1;18996;2024
18;Corrientes;18091;Lavalle;NA;1;19853;2024
18;Corrientes;18098;Mburucuyá;NA;1;5674;2024
18;Corrientes;18105;Mercedes;NA;1;24731;2024
18;Corrientes;18112;Monte Caseros;NA;1;22468;2024
18;Corrientes;18119;Paso de los Libres;NA;1;28492;2024
18;Corrientes;18126;Saladas;NA;1;14508;2024
18;Corrientes;18133;San Cosme;NA;1;9545;2024
18;Corrientes;18140;San Luis del Palmar;NA;1;10570;2024
18;Corrientes;18147;San Martín;NA;1;7529;2024
18;Corrientes;18154;San Miguel;NA;1;6163;2024
18;Corrientes;18161;San Roque;NA;1;11117;2024
18;Corrientes;18168;Santo Tomé;NA;1;35594;2024
18;Corrientes;18175;Sauce;NA;1;5066;2024
18;Corrientes;18007;Bella Vista;NA;1;21852;2025
18;Corrientes;18014;Berón de Astrada;NA;1;1338;2025
18;Corrientes;18021;Capital;NA;1;222669;2025
18;Corrientes;18028;Concepción;NA;1;12811;2025
18;Corrientes;18035;Curuzú Cuatiá;NA;1;25634;2025
18;Corrientes;18042;Empedrado;NA;1;8828;2025
18;Corrientes;18049;Esquina;NA;1;19731;2025
18;Corrientes;18056;General Alvear;NA;1;4364;2025
18;Corrientes;18063;General Paz;NA;1;8286;2025
18;Corrientes;18070;Goya;NA;1;53389;2025
18;Corrientes;18077;Itatí;NA;1;5903;2025
18;Corrientes;18084;Ituzaingó;NA;1;19090;2025
18;Corrientes;18091;Lavalle;NA;1;20027;2025
18;Corrientes;18098;Mburucuyá;NA;1;5699;2025
18;Corrientes;18105;Mercedes;NA;1;24837;2025
18;Corrientes;18112;Monte Caseros;NA;1;22585;2025
18;Corrientes;18119;Paso de los Libres;NA;1;28574;2025
18;Corrientes;18126;Saladas;NA;1;14598;2025
18;Corrientes;18133;San Cosme;NA;1;9616;2025
18;Corrientes;18140;San Luis del Palmar;NA;1;10609;2025
18;Corrientes;18147;San Martín;NA;1;7550;2025
18;Corrientes;18154;San Miguel;NA;1;6184;2025
18;Corrientes;18161;San Roque;NA;1;11163;2025
18;Corrientes;18168;Santo Tomé;NA;1;35708;2025
18;Corrientes;18175;Sauce;NA;1;5072;2025
18;Corrientes;18007;Bella Vista;NA;1;21919;2026
18;Corrientes;18014;Berón de Astrada;NA;1;1340;2026
18;Corrientes;18021;Capital;NA;1;223474;2026
18;Corrientes;18028;Concepción;NA;1;12875;2026
18;Corrientes;18035;Curuzú Cuatiá;NA;1;25685;2026
18;Corrientes;18042;Empedrado;NA;1;8852;2026
18;Corrientes;18049;Esquina;NA;1;19830;2026
18;Corrientes;18056;General Alvear;NA;1;4368;2026
18;Corrientes;18063;General Paz;NA;1;8300;2026
18;Corrientes;18070;Goya;NA;1;53520;2026
18;Corrientes;18077;Itatí;NA;1;5935;2026
18;Corrientes;18084;Ituzaingó;NA;1;19176;2026
18;Corrientes;18091;Lavalle;NA;1;20188;2026
18;Corrientes;18098;Mburucuyá;NA;1;5722;2026
18;Corrientes;18105;Mercedes;NA;1;24934;2026
18;Corrientes;18112;Monte Caseros;NA;1;22692;2026
18;Corrientes;18119;Paso de los Libres;NA;1;28650;2026
18;Corrientes;18126;Saladas;NA;1;14681;2026
18;Corrientes;18133;San Cosme;NA;1;9681;2026
18;Corrientes;18140;San Luis del Palmar;NA;1;10644;2026
18;Corrientes;18147;San Martín;NA;1;7568;2026
18;Corrientes;18154;San Miguel;NA;1;6203;2026
18;Corrientes;18161;San Roque;NA;1;11205;2026
18;Corrientes;18168;Santo Tomé;NA;1;35812;2026
18;Corrientes;18175;Sauce;NA;1;5079;2026
18;Corrientes;18007;Bella Vista;NA;1;21980;2027
18;Corrientes;18014;Berón de Astrada;NA;1;1342;2027
18;Corrientes;18021;Capital;NA;1;224208;2027
18;Corrientes;18028;Concepción;NA;1;12933;2027
18;Corrientes;18035;Curuzú Cuatiá;NA;1;25731;2027
18;Corrientes;18042;Empedrado;NA;1;8873;2027
18;Corrientes;18049;Esquina;NA;1;19919;2027
18;Corrientes;18056;General Alvear;NA;1;4372;2027
18;Corrientes;18063;General Paz;NA;1;8312;2027
18;Corrientes;18070;Goya;NA;1;53639;2027
18;Corrientes;18077;Itatí;NA;1;5964;2027
18;Corrientes;18084;Ituzaingó;NA;1;19255;2027
18;Corrientes;18091;Lavalle;NA;1;20334;2027
18;Corrientes;18098;Mburucuyá;NA;1;5743;2027
18;Corrientes;18105;Mercedes;NA;1;25023;2027
18;Corrientes;18112;Monte Caseros;NA;1;22789;2027
18;Corrientes;18119;Paso de los Libres;NA;1;28718;2027
18;Corrientes;18126;Saladas;NA;1;14757;2027
18;Corrientes;18133;San Cosme;NA;1;9741;2027
18;Corrientes;18140;San Luis del Palmar;NA;1;10677;2027
18;Corrientes;18147;San Martín;NA;1;7585;2027
18;Corrientes;18154;San Miguel;NA;1;6221;2027
18;Corrientes;18161;San Roque;NA;1;11244;2027
18;Corrientes;18168;Santo Tomé;NA;1;35907;2027
18;Corrientes;18175;Sauce;NA;1;5084;2027
18;Corrientes;18007;Bella Vista;NA;1;22039;2028
18;Corrientes;18014;Berón de Astrada;NA;1;1344;2028
18;Corrientes;18021;Capital;NA;1;224916;2028
18;Corrientes;18028;Concepción;NA;1;12990;2028
18;Corrientes;18035;Curuzú Cuatiá;NA;1;25776;2028
18;Corrientes;18042;Empedrado;NA;1;8894;2028
18;Corrientes;18049;Esquina;NA;1;20006;2028
18;Corrientes;18056;General Alvear;NA;1;4375;2028
18;Corrientes;18063;General Paz;NA;1;8324;2028
18;Corrientes;18070;Goya;NA;1;53754;2028
18;Corrientes;18077;Itatí;NA;1;5991;2028
18;Corrientes;18084;Ituzaingó;NA;1;19331;2028
18;Corrientes;18091;Lavalle;NA;1;20475;2028
18;Corrientes;18098;Mburucuyá;NA;1;5764;2028
18;Corrientes;18105;Mercedes;NA;1;25108;2028
18;Corrientes;18112;Monte Caseros;NA;1;22884;2028
18;Corrientes;18119;Paso de los Libres;NA;1;28785;2028
18;Corrientes;18126;Saladas;NA;1;14830;2028
18;Corrientes;18133;San Cosme;NA;1;9798;2028
18;Corrientes;18140;San Luis del Palmar;NA;1;10708;2028
18;Corrientes;18147;San Martín;NA;1;7601;2028
18;Corrientes;18154;San Miguel;NA;1;6238;2028
18;Corrientes;18161;San Roque;NA;1;11281;2028
18;Corrientes;18168;Santo Tomé;NA;1;35999;2028
18;Corrientes;18175;Sauce;NA;1;5089;2028
18;Corrientes;18007;Bella Vista;NA;1;22097;2029
18;Corrientes;18014;Berón de Astrada;NA;1;1346;2029
18;Corrientes;18021;Capital;NA;1;225621;2029
18;Corrientes;18028;Concepción;NA;1;13046;2029
18;Corrientes;18035;Curuzú Cuatiá;NA;1;25821;2029
18;Corrientes;18042;Empedrado;NA;1;8915;2029
18;Corrientes;18049;Esquina;NA;1;20092;2029
18;Corrientes;18056;General Alvear;NA;1;4379;2029
18;Corrientes;18063;General Paz;NA;1;8336;2029
18;Corrientes;18070;Goya;NA;1;53868;2029
18;Corrientes;18077;Itatí;NA;1;6019;2029
18;Corrientes;18084;Ituzaingó;NA;1;19406;2029
18;Corrientes;18091;Lavalle;NA;1;20616;2029
18;Corrientes;18098;Mburucuyá;NA;1;5784;2029
18;Corrientes;18105;Mercedes;NA;1;25193;2029
18;Corrientes;18112;Monte Caseros;NA;1;22978;2029
18;Corrientes;18119;Paso de los Libres;NA;1;28851;2029
18;Corrientes;18126;Saladas;NA;1;14902;2029
18;Corrientes;18133;San Cosme;NA;1;9855;2029
18;Corrientes;18140;San Luis del Palmar;NA;1;10739;2029
18;Corrientes;18147;San Martín;NA;1;7618;2029
18;Corrientes;18154;San Miguel;NA;1;6254;2029
18;Corrientes;18161;San Roque;NA;1;11318;2029
18;Corrientes;18168;Santo Tomé;NA;1;36090;2029
18;Corrientes;18175;Sauce;NA;1;5095;2029
18;Corrientes;18007;Bella Vista;NA;1;22154;2030
18;Corrientes;18014;Berón de Astrada;NA;1;1348;2030
18;Corrientes;18021;Capital;NA;1;226310;2030
18;Corrientes;18028;Concepción;NA;1;13100;2030
18;Corrientes;18035;Curuzú Cuatiá;NA;1;25864;2030
18;Corrientes;18042;Empedrado;NA;1;8936;2030
18;Corrientes;18049;Esquina;NA;1;20176;2030
18;Corrientes;18056;General Alvear;NA;1;4382;2030
18;Corrientes;18063;General Paz;NA;1;8348;2030
18;Corrientes;18070;Goya;NA;1;53980;2030
18;Corrientes;18077;Itatí;NA;1;6046;2030
18;Corrientes;18084;Ituzaingó;NA;1;19480;2030
18;Corrientes;18091;Lavalle;NA;1;20753;2030
18;Corrientes;18098;Mburucuyá;NA;1;5804;2030
18;Corrientes;18105;Mercedes;NA;1;25277;2030
18;Corrientes;18112;Monte Caseros;NA;1;23069;2030
18;Corrientes;18119;Paso de los Libres;NA;1;28915;2030
18;Corrientes;18126;Saladas;NA;1;14974;2030
18;Corrientes;18133;San Cosme;NA;1;9911;2030
18;Corrientes;18140;San Luis del Palmar;NA;1;10770;2030
18;Corrientes;18147;San Martín;NA;1;7634;2030
18;Corrientes;18154;San Miguel;NA;1;6271;2030
18;Corrientes;18161;San Roque;NA;1;11354;2030
18;Corrientes;18168;Santo Tomé;NA;1;36179;2030
18;Corrientes;18175;Sauce;NA;1;5100;2030
18;Corrientes;18007;Bella Vista;NA;1;22211;2031
18;Corrientes;18014;Berón de Astrada;NA;1;1350;2031
18;Corrientes;18021;Capital;NA;1;226995;2031
18;Corrientes;18028;Concepción;NA;1;13155;2031
18;Corrientes;18035;Curuzú Cuatiá;NA;1;25908;2031
18;Corrientes;18042;Empedrado;NA;1;8956;2031
18;Corrientes;18049;Esquina;NA;1;20260;2031
18;Corrientes;18056;General Alvear;NA;1;4386;2031
18;Corrientes;18063;General Paz;NA;1;8360;2031
18;Corrientes;18070;Goya;NA;1;54091;2031
18;Corrientes;18077;Itatí;NA;1;6073;2031
18;Corrientes;18084;Ituzaingó;NA;1;19553;2031
18;Corrientes;18091;Lavalle;NA;1;20889;2031
18;Corrientes;18098;Mburucuyá;NA;1;5824;2031
18;Corrientes;18105;Mercedes;NA;1;25359;2031
18;Corrientes;18112;Monte Caseros;NA;1;23160;2031
18;Corrientes;18119;Paso de los Libres;NA;1;28979;2031
18;Corrientes;18126;Saladas;NA;1;15044;2031
18;Corrientes;18133;San Cosme;NA;1;9966;2031
18;Corrientes;18140;San Luis del Palmar;NA;1;10800;2031
18;Corrientes;18147;San Martín;NA;1;7650;2031
18;Corrientes;18154;San Miguel;NA;1;6287;2031
18;Corrientes;18161;San Roque;NA;1;11390;2031
18;Corrientes;18168;Santo Tomé;NA;1;36268;2031
18;Corrientes;18175;Sauce;NA;1;5105;2031
18;Corrientes;18007;Bella Vista;NA;1;22268;2032
18;Corrientes;18014;Berón de Astrada;NA;1;1352;2032
18;Corrientes;18021;Capital;NA;1;227679;2032
18;Corrientes;18028;Concepción;NA;1;13209;2032
18;Corrientes;18035;Curuzú Cuatiá;NA;1;25951;2032
18;Corrientes;18042;Empedrado;NA;1;8976;2032
18;Corrientes;18049;Esquina;NA;1;20344;2032
18;Corrientes;18056;General Alvear;NA;1;4389;2032
18;Corrientes;18063;General Paz;NA;1;8372;2032
18;Corrientes;18070;Goya;NA;1;54202;2032
18;Corrientes;18077;Itatí;NA;1;6099;2032
18;Corrientes;18084;Ituzaingó;NA;1;19627;2032
18;Corrientes;18091;Lavalle;NA;1;21026;2032
18;Corrientes;18098;Mburucuyá;NA;1;5844;2032
18;Corrientes;18105;Mercedes;NA;1;25442;2032
18;Corrientes;18112;Monte Caseros;NA;1;23251;2032
18;Corrientes;18119;Paso de los Libres;NA;1;29043;2032
18;Corrientes;18126;Saladas;NA;1;15115;2032
18;Corrientes;18133;San Cosme;NA;1;10021;2032
18;Corrientes;18140;San Luis del Palmar;NA;1;10830;2032
18;Corrientes;18147;San Martín;NA;1;7665;2032
18;Corrientes;18154;San Miguel;NA;1;6303;2032
18;Corrientes;18161;San Roque;NA;1;11426;2032
18;Corrientes;18168;Santo Tomé;NA;1;36356;2032
18;Corrientes;18175;Sauce;NA;1;5111;2032
18;Corrientes;18007;Bella Vista;NA;1;22324;2033
18;Corrientes;18014;Berón de Astrada;NA;1;1354;2033
18;Corrientes;18021;Capital;NA;1;228356;2033
18;Corrientes;18028;Concepción;NA;1;13263;2033
18;Corrientes;18035;Curuzú Cuatiá;NA;1;25994;2033
18;Corrientes;18042;Empedrado;NA;1;8997;2033
18;Corrientes;18049;Esquina;NA;1;20426;2033
18;Corrientes;18056;General Alvear;NA;1;4393;2033
18;Corrientes;18063;General Paz;NA;1;8383;2033
18;Corrientes;18070;Goya;NA;1;54312;2033
18;Corrientes;18077;Itatí;NA;1;6126;2033
18;Corrientes;18084;Ituzaingó;NA;1;19699;2033
18;Corrientes;18091;Lavalle;NA;1;21160;2033
18;Corrientes;18098;Mburucuyá;NA;1;5863;2033
18;Corrientes;18105;Mercedes;NA;1;25523;2033
18;Corrientes;18112;Monte Caseros;NA;1;23342;2033
18;Corrientes;18119;Paso de los Libres;NA;1;29106;2033
18;Corrientes;18126;Saladas;NA;1;15184;2033
18;Corrientes;18133;San Cosme;NA;1;10076;2033
18;Corrientes;18140;San Luis del Palmar;NA;1;10860;2033
18;Corrientes;18147;San Martín;NA;1;7681;2033
18;Corrientes;18154;San Miguel;NA;1;6319;2033
18;Corrientes;18161;San Roque;NA;1;11462;2033
18;Corrientes;18168;Santo Tomé;NA;1;36444;2033
18;Corrientes;18175;Sauce;NA;1;5116;2033
18;Corrientes;18007;Bella Vista;NA;1;22379;2034
18;Corrientes;18014;Berón de Astrada;NA;1;1356;2034
18;Corrientes;18021;Capital;NA;1;229016;2034
18;Corrientes;18028;Concepción;NA;1;13315;2034
18;Corrientes;18035;Curuzú Cuatiá;NA;1;26036;2034
18;Corrientes;18042;Empedrado;NA;1;9016;2034
18;Corrientes;18049;Esquina;NA;1;20507;2034
18;Corrientes;18056;General Alvear;NA;1;4396;2034
18;Corrientes;18063;General Paz;NA;1;8394;2034
18;Corrientes;18070;Goya;NA;1;54419;2034
18;Corrientes;18077;Itatí;NA;1;6152;2034
18;Corrientes;18084;Ituzaingó;NA;1;19770;2034
18;Corrientes;18091;Lavalle;NA;1;21292;2034
18;Corrientes;18098;Mburucuyá;NA;1;5882;2034
18;Corrientes;18105;Mercedes;NA;1;25603;2034
18;Corrientes;18112;Monte Caseros;NA;1;23429;2034
18;Corrientes;18119;Paso de los Libres;NA;1;29168;2034
18;Corrientes;18126;Saladas;NA;1;15252;2034
18;Corrientes;18133;San Cosme;NA;1;10130;2034
18;Corrientes;18140;San Luis del Palmar;NA;1;10889;2034
18;Corrientes;18147;San Martín;NA;1;7696;2034
18;Corrientes;18154;San Miguel;NA;1;6335;2034
18;Corrientes;18161;San Roque;NA;1;11497;2034
18;Corrientes;18168;Santo Tomé;NA;1;36529;2034
18;Corrientes;18175;Sauce;NA;1;5121;2034
18;Corrientes;18007;Bella Vista;NA;1;22433;2035
18;Corrientes;18014;Berón de Astrada;NA;1;1358;2035
18;Corrientes;18021;Capital;NA;1;229671;2035
18;Corrientes;18028;Concepción;NA;1;13367;2035
18;Corrientes;18035;Curuzú Cuatiá;NA;1;26077;2035
18;Corrientes;18042;Empedrado;NA;1;9036;2035
18;Corrientes;18049;Esquina;NA;1;20587;2035
18;Corrientes;18056;General Alvear;NA;1;4399;2035
18;Corrientes;18063;General Paz;NA;1;8406;2035
18;Corrientes;18070;Goya;NA;1;54525;2035
18;Corrientes;18077;Itatí;NA;1;6177;2035
18;Corrientes;18084;Ituzaingó;NA;1;19840;2035
18;Corrientes;18091;Lavalle;NA;1;21422;2035
18;Corrientes;18098;Mburucuyá;NA;1;5901;2035
18;Corrientes;18105;Mercedes;NA;1;25682;2035
18;Corrientes;18112;Monte Caseros;NA;1;23516;2035
18;Corrientes;18119;Paso de los Libres;NA;1;29230;2035
18;Corrientes;18126;Saladas;NA;1;15320;2035
18;Corrientes;18133;San Cosme;NA;1;10183;2035
18;Corrientes;18140;San Luis del Palmar;NA;1;10919;2035
18;Corrientes;18147;San Martín;NA;1;7711;2035
18;Corrientes;18154;San Miguel;NA;1;6350;2035
18;Corrientes;18161;San Roque;NA;1;11531;2035
18;Corrientes;18168;Santo Tomé;NA;1;36614;2035
18;Corrientes;18175;Sauce;NA;1;5126;2035
22;Chaco;22036;12 de Octubre;NA;2;12372;2022
22;Chaco;22126;1º de Mayo;NA;2;7604;2022
22;Chaco;22039;2 de Abril;NA;2;4443;2022
22;Chaco;22168;25 de Mayo;NA;2;17460;2022
22;Chaco;22105;9 de Julio;NA;2;15902;2022
22;Chaco;22007;Almirante Brown;NA;2;20173;2022
22;Chaco;22014;Bermejo;NA;2;14883;2022
22;Chaco;22028;Chacabuco;NA;2;18094;2022
22;Chaco;22021;Comandante Fernández;NA;2;52792;2022
22;Chaco;22043;Fray Justo Santa María de Oro;NA;2;5711;2022
22;Chaco;22049;General Belgrano;NA;2;6812;2022
22;Chaco;22056;General Donovan;NA;2;7959;2022
22;Chaco;22063;General Güemes;NA;2;35764;2022
22;Chaco;22070;Independencia;NA;2;11410;2022
22;Chaco;22077;Libertad;NA;2;7545;2022
22;Chaco;22084;Libertador General San Martín;NA;2;34891;2022
22;Chaco;22091;Maipú;NA;2;14004;2022
22;Chaco;22098;Mayor Luis J. Fontana;NA;2;30989;2022
22;Chaco;22112;O'Higgins;NA;2;11367;2022
22;Chaco;22119;Presidencia de la Plaza;NA;2;7343;2022
22;Chaco;22133;Quitilipi;NA;2;17290;2022
22;Chaco;22140;San Fernando;NA;2;213014;2022
22;Chaco;22147;San Lorenzo;NA;2;8447;2022
22;Chaco;22154;Sargento Cabral;NA;2;9973;2022
22;Chaco;22161;Tapenagá;NA;2;2216;2022
22;Chaco;22036;12 de Octubre;NA;2;12396;2023
22;Chaco;22126;1º de Mayo;NA;2;7696;2023
22;Chaco;22039;2 de Abril;NA;2;4462;2023
22;Chaco;22168;25 de Mayo;NA;2;17544;2023
22;Chaco;22105;9 de Julio;NA;2;15946;2023
22;Chaco;22007;Almirante Brown;NA;2;20257;2023
22;Chaco;22014;Bermejo;NA;2;14954;2023
22;Chaco;22028;Chacabuco;NA;2;18195;2023
22;Chaco;22021;Comandante Fernández;NA;2;52937;2023
22;Chaco;22043;Fray Justo Santa María de Oro;NA;2;5683;2023
22;Chaco;22049;General Belgrano;NA;2;6834;2023
22;Chaco;22056;General Donovan;NA;2;7992;2023
22;Chaco;22063;General Güemes;NA;2;35764;2023
22;Chaco;22070;Independencia;NA;2;11396;2023
22;Chaco;22077;Libertad;NA;2;7594;2023
22;Chaco;22084;Libertador General San Martín;NA;2;35046;2023
22;Chaco;22091;Maipú;NA;2;14025;2023
22;Chaco;22098;Mayor Luis J. Fontana;NA;2;31105;2023
22;Chaco;22112;O'Higgins;NA;2;11403;2023
22;Chaco;22119;Presidencia de la Plaza;NA;2;7380;2023
22;Chaco;22133;Quitilipi;NA;2;17267;2023
22;Chaco;22140;San Fernando;NA;2;213650;2023
22;Chaco;22147;San Lorenzo;NA;2;8476;2023
22;Chaco;22154;Sargento Cabral;NA;2;10034;2023
22;Chaco;22161;Tapenagá;NA;2;2215;2023
22;Chaco;22036;12 de Octubre;NA;2;12436;2024
22;Chaco;22126;1º de Mayo;NA;2;7849;2024
22;Chaco;22039;2 de Abril;NA;2;4494;2024
22;Chaco;22168;25 de Mayo;NA;2;17685;2024
22;Chaco;22105;9 de Julio;NA;2;16018;2024
22;Chaco;22007;Almirante Brown;NA;2;20398;2024
22;Chaco;22014;Bermejo;NA;2;15072;2024
22;Chaco;22028;Chacabuco;NA;2;18362;2024
22;Chaco;22021;Comandante Fernández;NA;2;53179;2024
22;Chaco;22043;Fray Justo Santa María de Oro;NA;2;5636;2024
22;Chaco;22049;General Belgrano;NA;2;6870;2024
22;Chaco;22056;General Donovan;NA;2;8046;2024
22;Chaco;22063;General Güemes;NA;2;35764;2024
22;Chaco;22070;Independencia;NA;2;11373;2024
22;Chaco;22077;Libertad;NA;2;7676;2024
22;Chaco;22084;Libertador General San Martín;NA;2;35303;2024
22;Chaco;22091;Maipú;NA;2;14060;2024
22;Chaco;22098;Mayor Luis J. Fontana;NA;2;31299;2024
22;Chaco;22112;O'Higgins;NA;2;11462;2024
22;Chaco;22119;Presidencia de la Plaza;NA;2;7441;2024
22;Chaco;22133;Quitilipi;NA;2;17229;2024
22;Chaco;22140;San Fernando;NA;2;214706;2024
22;Chaco;22147;San Lorenzo;NA;2;8525;2024
22;Chaco;22154;Sargento Cabral;NA;2;10134;2024
22;Chaco;22161;Tapenagá;NA;2;2213;2024
22;Chaco;22036;12 de Octubre;NA;2;12480;2025
22;Chaco;22126;1º de Mayo;NA;2;8019;2025
22;Chaco;22039;2 de Abril;NA;2;4530;2025
22;Chaco;22168;25 de Mayo;NA;2;17840;2025
22;Chaco;22105;9 de Julio;NA;2;16099;2025
22;Chaco;22007;Almirante Brown;NA;2;20553;2025
22;Chaco;22014;Bermejo;NA;2;15204;2025
22;Chaco;22028;Chacabuco;NA;2;18547;2025
22;Chaco;22021;Comandante Fernández;NA;2;53446;2025
22;Chaco;22043;Fray Justo Santa María de Oro;NA;2;5585;2025
22;Chaco;22049;General Belgrano;NA;2;6910;2025
22;Chaco;22056;General Donovan;NA;2;8107;2025
22;Chaco;22063;General Güemes;NA;2;35765;2025
22;Chaco;22070;Independencia;NA;2;11348;2025
22;Chaco;22077;Libertad;NA;2;7766;2025
22;Chaco;22084;Libertador General San Martín;NA;2;35588;2025
22;Chaco;22091;Maipú;NA;2;14098;2025
22;Chaco;22098;Mayor Luis J. Fontana;NA;2;31514;2025
22;Chaco;22112;O'Higgins;NA;2;11528;2025
22;Chaco;22119;Presidencia de la Plaza;NA;2;7509;2025
22;Chaco;22133;Quitilipi;NA;2;17186;2025
22;Chaco;22140;San Fernando;NA;2;215880;2025
22;Chaco;22147;San Lorenzo;NA;2;8579;2025
22;Chaco;22154;Sargento Cabral;NA;2;10246;2025
22;Chaco;22161;Tapenagá;NA;2;2211;2025
22;Chaco;22036;12 de Octubre;NA;2;12524;2026
22;Chaco;22126;1º de Mayo;NA;2;8188;2026
22;Chaco;22039;2 de Abril;NA;2;4565;2026
22;Chaco;22168;25 de Mayo;NA;2;17994;2026
22;Chaco;22105;9 de Julio;NA;2;16179;2026
22;Chaco;22007;Almirante Brown;NA;2;20707;2026
22;Chaco;22014;Bermejo;NA;2;15333;2026
22;Chaco;22028;Chacabuco;NA;2;18731;2026
22;Chaco;22021;Comandante Fernández;NA;2;53712;2026
22;Chaco;22043;Fray Justo Santa María de Oro;NA;2;5534;2026
22;Chaco;22049;General Belgrano;NA;2;6949;2026
22;Chaco;22056;General Donovan;NA;2;8167;2026
22;Chaco;22063;General Güemes;NA;2;35765;2026
22;Chaco;22070;Independencia;NA;2;11322;2026
22;Chaco;22077;Libertad;NA;2;7856;2026
22;Chaco;22084;Libertador General San Martín;NA;2;35871;2026
22;Chaco;22091;Maipú;NA;2;14136;2026
22;Chaco;22098;Mayor Luis J. Fontana;NA;2;31727;2026
22;Chaco;22112;O'Higgins;NA;2;11593;2026
22;Chaco;22119;Presidencia de la Plaza;NA;2;7576;2026
22;Chaco;22133;Quitilipi;NA;2;17144;2026
22;Chaco;22140;San Fernando;NA;2;217042;2026
22;Chaco;22147;San Lorenzo;NA;2;8633;2026
22;Chaco;22154;Sargento Cabral;NA;2;10357;2026
22;Chaco;22161;Tapenagá;NA;2;2209;2026
22;Chaco;22036;12 de Octubre;NA;2;12566;2027
22;Chaco;22126;1º de Mayo;NA;2;8353;2027
22;Chaco;22039;2 de Abril;NA;2;4600;2027
22;Chaco;22168;25 de Mayo;NA;2;18146;2027
22;Chaco;22105;9 de Julio;NA;2;16257;2027
22;Chaco;22007;Almirante Brown;NA;2;20858;2027
22;Chaco;22014;Bermejo;NA;2;15461;2027
22;Chaco;22028;Chacabuco;NA;2;18911;2027
22;Chaco;22021;Comandante Fernández;NA;2;53972;2027
22;Chaco;22043;Fray Justo Santa María de Oro;NA;2;5483;2027
22;Chaco;22049;General Belgrano;NA;2;6988;2027
22;Chaco;22056;General Donovan;NA;2;8226;2027
22;Chaco;22063;General Güemes;NA;2;35766;2027
22;Chaco;22070;Independencia;NA;2;11298;2027
22;Chaco;22077;Libertad;NA;2;7944;2027
22;Chaco;22084;Libertador General San Martín;NA;2;36149;2027
22;Chaco;22091;Maipú;NA;2;14173;2027
22;Chaco;22098;Mayor Luis J. Fontana;NA;2;31936;2027
22;Chaco;22112;O'Higgins;NA;2;11656;2027
22;Chaco;22119;Presidencia de la Plaza;NA;2;7642;2027
22;Chaco;22133;Quitilipi;NA;2;17103;2027
22;Chaco;22140;San Fernando;NA;2;218181;2027
22;Chaco;22147;San Lorenzo;NA;2;8686;2027
22;Chaco;22154;Sargento Cabral;NA;2;10465;2027
22;Chaco;22161;Tapenagá;NA;2;2207;2027
22;Chaco;22036;12 de Octubre;NA;2;12609;2028
22;Chaco;22126;1º de Mayo;NA;2;8516;2028
22;Chaco;22039;2 de Abril;NA;2;4634;2028
22;Chaco;22168;25 de Mayo;NA;2;18294;2028
22;Chaco;22105;9 de Julio;NA;2;16334;2028
22;Chaco;22007;Almirante Brown;NA;2;21007;2028
22;Chaco;22014;Bermejo;NA;2;15586;2028
22;Chaco;22028;Chacabuco;NA;2;19089;2028
22;Chaco;22021;Comandante Fernández;NA;2;54228;2028
22;Chaco;22043;Fray Justo Santa María de Oro;NA;2;5434;2028
22;Chaco;22049;General Belgrano;NA;2;7026;2028
22;Chaco;22056;General Donovan;NA;2;8284;2028
22;Chaco;22063;General Güemes;NA;2;35766;2028
22;Chaco;22070;Independencia;NA;2;11273;2028
22;Chaco;22077;Libertad;NA;2;8031;2028
22;Chaco;22084;Libertador General San Martín;NA;2;36421;2028
22;Chaco;22091;Maipú;NA;2;14210;2028
22;Chaco;22098;Mayor Luis J. Fontana;NA;2;32141;2028
22;Chaco;22112;O'Higgins;NA;2;11719;2028
22;Chaco;22119;Presidencia de la Plaza;NA;2;7707;2028
22;Chaco;22133;Quitilipi;NA;2;17063;2028
22;Chaco;22140;San Fernando;NA;2;219303;2028
22;Chaco;22147;San Lorenzo;NA;2;8737;2028
22;Chaco;22154;Sargento Cabral;NA;2;10572;2028
22;Chaco;22161;Tapenagá;NA;2;2205;2028
22;Chaco;22036;12 de Octubre;NA;2;12650;2029
22;Chaco;22126;1º de Mayo;NA;2;8674;2029
22;Chaco;22039;2 de Abril;NA;2;4667;2029
22;Chaco;22168;25 de Mayo;NA;2;18439;2029
22;Chaco;22105;9 de Julio;NA;2;16409;2029
22;Chaco;22007;Almirante Brown;NA;2;21152;2029
22;Chaco;22014;Bermejo;NA;2;15708;2029
22;Chaco;22028;Chacabuco;NA;2;19262;2029
22;Chaco;22021;Comandante Fernández;NA;2;54478;2029
22;Chaco;22043;Fray Justo Santa María de Oro;NA;2;5386;2029
22;Chaco;22049;General Belgrano;NA;2;7064;2029
22;Chaco;22056;General Donovan;NA;2;8340;2029
22;Chaco;22063;General Güemes;NA;2;35766;2029
22;Chaco;22070;Independencia;NA;2;11249;2029
22;Chaco;22077;Libertad;NA;2;8115;2029
22;Chaco;22084;Libertador General San Martín;NA;2;36688;2029
22;Chaco;22091;Maipú;NA;2;14246;2029
22;Chaco;22098;Mayor Luis J. Fontana;NA;2;32342;2029
22;Chaco;22112;O'Higgins;NA;2;11780;2029
22;Chaco;22119;Presidencia de la Plaza;NA;2;7770;2029
22;Chaco;22133;Quitilipi;NA;2;17023;2029
22;Chaco;22140;San Fernando;NA;2;220396;2029
22;Chaco;22147;San Lorenzo;NA;2;8788;2029
22;Chaco;22154;Sargento Cabral;NA;2;10676;2029
22;Chaco;22161;Tapenagá;NA;2;2204;2029
22;Chaco;22036;12 de Octubre;NA;2;12689;2030
22;Chaco;22126;1º de Mayo;NA;2;8826;2030
22;Chaco;22039;2 de Abril;NA;2;4699;2030
22;Chaco;22168;25 de Mayo;NA;2;18579;2030
22;Chaco;22105;9 de Julio;NA;2;16482;2030
22;Chaco;22007;Almirante Brown;NA;2;21291;2030
22;Chaco;22014;Bermejo;NA;2;15826;2030
22;Chaco;22028;Chacabuco;NA;2;19428;2030
22;Chaco;22021;Comandante Fernández;NA;2;54717;2030
22;Chaco;22043;Fray Justo Santa María de Oro;NA;2;5340;2030
22;Chaco;22049;General Belgrano;NA;2;7099;2030
22;Chaco;22056;General Donovan;NA;2;8394;2030
22;Chaco;22063;General Güemes;NA;2;35766;2030
22;Chaco;22070;Independencia;NA;2;11227;2030
22;Chaco;22077;Libertad;NA;2;8196;2030
22;Chaco;22084;Libertador General San Martín;NA;2;36943;2030
22;Chaco;22091;Maipú;NA;2;14280;2030
22;Chaco;22098;Mayor Luis J. Fontana;NA;2;32534;2030
22;Chaco;22112;O'Higgins;NA;2;11839;2030
22;Chaco;22119;Presidencia de la Plaza;NA;2;7831;2030
22;Chaco;22133;Quitilipi;NA;2;16985;2030
22;Chaco;22140;San Fernando;NA;2;221445;2030
22;Chaco;22147;San Lorenzo;NA;2;8836;2030
22;Chaco;22154;Sargento Cabral;NA;2;10776;2030
22;Chaco;22161;Tapenagá;NA;2;2202;2030
22;Chaco;22036;12 de Octubre;NA;2;12728;2031
22;Chaco;22126;1º de Mayo;NA;2;8976;2031
22;Chaco;22039;2 de Abril;NA;2;4730;2031
22;Chaco;22168;25 de Mayo;NA;2;18716;2031
22;Chaco;22105;9 de Julio;NA;2;16553;2031
22;Chaco;22007;Almirante Brown;NA;2;21428;2031
22;Chaco;22014;Bermejo;NA;2;15941;2031
22;Chaco;22028;Chacabuco;NA;2;19591;2031
22;Chaco;22021;Comandante Fernández;NA;2;54953;2031
22;Chaco;22043;Fray Justo Santa María de Oro;NA;2;5294;2031
22;Chaco;22049;General Belgrano;NA;2;7135;2031
22;Chaco;22056;General Donovan;NA;2;8447;2031
22;Chaco;22063;General Güemes;NA;2;35767;2031
22;Chaco;22070;Independencia;NA;2;11204;2031
22;Chaco;22077;Libertad;NA;2;8276;2031
22;Chaco;22084;Libertador General San Martín;NA;2;37194;2031
22;Chaco;22091;Maipú;NA;2;14314;2031
22;Chaco;22098;Mayor Luis J. Fontana;NA;2;32723;2031
22;Chaco;22112;O'Higgins;NA;2;11897;2031
22;Chaco;22119;Presidencia de la Plaza;NA;2;7890;2031
22;Chaco;22133;Quitilipi;NA;2;16948;2031
22;Chaco;22140;San Fernando;NA;2;222478;2031
22;Chaco;22147;San Lorenzo;NA;2;8884;2031
22;Chaco;22154;Sargento Cabral;NA;2;10874;2031
22;Chaco;22161;Tapenagá;NA;2;2200;2031
22;Chaco;22036;12 de Octubre;NA;2;12766;2032
22;Chaco;22126;1º de Mayo;NA;2;9122;2032
22;Chaco;22039;2 de Abril;NA;2;4761;2032
22;Chaco;22168;25 de Mayo;NA;2;18850;2032
22;Chaco;22105;9 de Julio;NA;2;16622;2032
22;Chaco;22007;Almirante Brown;NA;2;21562;2032
22;Chaco;22014;Bermejo;NA;2;16054;2032
22;Chaco;22028;Chacabuco;NA;2;19751;2032
22;Chaco;22021;Comandante Fernández;NA;2;55184;2032
22;Chaco;22043;Fray Justo Santa María de Oro;NA;2;5250;2032
22;Chaco;22049;General Belgrano;NA;2;7169;2032
22;Chaco;22056;General Donovan;NA;2;8499;2032
22;Chaco;22063;General Güemes;NA;2;35767;2032
22;Chaco;22070;Independencia;NA;2;11182;2032
22;Chaco;22077;Libertad;NA;2;8354;2032
22;Chaco;22084;Libertador General San Martín;NA;2;37440;2032
22;Chaco;22091;Maipú;NA;2;14347;2032
22;Chaco;22098;Mayor Luis J. Fontana;NA;2;32908;2032
22;Chaco;22112;O'Higgins;NA;2;11953;2032
22;Chaco;22119;Presidencia de la Plaza;NA;2;7949;2032
22;Chaco;22133;Quitilipi;NA;2;16911;2032
22;Chaco;22140;San Fernando;NA;2;223487;2032
22;Chaco;22147;San Lorenzo;NA;2;8931;2032
22;Chaco;22154;Sargento Cabral;NA;2;10970;2032
22;Chaco;22161;Tapenagá;NA;2;2198;2032
22;Chaco;22036;12 de Octubre;NA;2;12803;2033
22;Chaco;22126;1º de Mayo;NA;2;9265;2033
22;Chaco;22039;2 de Abril;NA;2;4791;2033
22;Chaco;22168;25 de Mayo;NA;2;18980;2033
22;Chaco;22105;9 de Julio;NA;2;16690;2033
22;Chaco;22007;Almirante Brown;NA;2;21693;2033
22;Chaco;22014;Bermejo;NA;2;16164;2033
22;Chaco;22028;Chacabuco;NA;2;19906;2033
22;Chaco;22021;Comandante Fernández;NA;2;55409;2033
22;Chaco;22043;Fray Justo Santa María de Oro;NA;2;5206;2033
22;Chaco;22049;General Belgrano;NA;2;7203;2033
22;Chaco;22056;General Donovan;NA;2;8550;2033
22;Chaco;22063;General Güemes;NA;2;35767;2033
22;Chaco;22070;Independencia;NA;2;11161;2033
22;Chaco;22077;Libertad;NA;2;8430;2033
22;Chaco;22084;Libertador General San Martín;NA;2;37680;2033
22;Chaco;22091;Maipú;NA;2;14380;2033
22;Chaco;22098;Mayor Luis J. Fontana;NA;2;33089;2033
22;Chaco;22112;O'Higgins;NA;2;12009;2033
22;Chaco;22119;Presidencia de la Plaza;NA;2;8006;2033
22;Chaco;22133;Quitilipi;NA;2;16875;2033
22;Chaco;22140;San Fernando;NA;2;224473;2033
22;Chaco;22147;San Lorenzo;NA;2;8976;2033
22;Chaco;22154;Sargento Cabral;NA;2;11064;2033
22;Chaco;22161;Tapenagá;NA;2;2197;2033
22;Chaco;22036;12 de Octubre;NA;2;12840;2034
22;Chaco;22126;1º de Mayo;NA;2;9405;2034
22;Chaco;22039;2 de Abril;NA;2;4820;2034
22;Chaco;22168;25 de Mayo;NA;2;19109;2034
22;Chaco;22105;9 de Julio;NA;2;16756;2034
22;Chaco;22007;Almirante Brown;NA;2;21822;2034
22;Chaco;22014;Bermejo;NA;2;16273;2034
22;Chaco;22028;Chacabuco;NA;2;20060;2034
22;Chaco;22021;Comandante Fernández;NA;2;55630;2034
22;Chaco;22043;Fray Justo Santa María de Oro;NA;2;5164;2034
22;Chaco;22049;General Belgrano;NA;2;7236;2034
22;Chaco;22056;General Donovan;NA;2;8600;2034
22;Chaco;22063;General Güemes;NA;2;35768;2034
22;Chaco;22070;Independencia;NA;2;11140;2034
22;Chaco;22077;Libertad;NA;2;8505;2034
22;Chaco;22084;Libertador General San Martín;NA;2;37915;2034
22;Chaco;22091;Maipú;NA;2;14411;2034
22;Chaco;22098;Mayor Luis J. Fontana;NA;2;33266;2034
22;Chaco;22112;O'Higgins;NA;2;12063;2034
22;Chaco;22119;Presidencia de la Plaza;NA;2;8062;2034
22;Chaco;22133;Quitilipi;NA;2;16840;2034
22;Chaco;22140;San Fernando;NA;2;225442;2034
22;Chaco;22147;San Lorenzo;NA;2;9021;2034
22;Chaco;22154;Sargento Cabral;NA;2;11156;2034
22;Chaco;22161;Tapenagá;NA;2;2195;2034
22;Chaco;22036;12 de Octubre;NA;2;12875;2035
22;Chaco;22126;1º de Mayo;NA;2;9543;2035
22;Chaco;22039;2 de Abril;NA;2;4849;2035
22;Chaco;22168;25 de Mayo;NA;2;19235;2035
22;Chaco;22105;9 de Julio;NA;2;16821;2035
22;Chaco;22007;Almirante Brown;NA;2;21947;2035
22;Chaco;22014;Bermejo;NA;2;16379;2035
22;Chaco;22028;Chacabuco;NA;2;20210;2035
22;Chaco;22021;Comandante Fernández;NA;2;55847;2035
22;Chaco;22043;Fray Justo Santa María de Oro;NA;2;5122;2035
22;Chaco;22049;General Belgrano;NA;2;7268;2035
22;Chaco;22056;General Donovan;NA;2;8649;2035
22;Chaco;22063;General Güemes;NA;2;35768;2035
22;Chaco;22070;Independencia;NA;2;11119;2035
22;Chaco;22077;Libertad;NA;2;8578;2035
22;Chaco;22084;Libertador General San Martín;NA;2;38146;2035
22;Chaco;22091;Maipú;NA;2;14443;2035
22;Chaco;22098;Mayor Luis J. Fontana;NA;2;33440;2035
22;Chaco;22112;O'Higgins;NA;2;12116;2035
22;Chaco;22119;Presidencia de la Plaza;NA;2;8117;2035
22;Chaco;22133;Quitilipi;NA;2;16806;2035
22;Chaco;22140;San Fernando;NA;2;226390;2035
22;Chaco;22147;San Lorenzo;NA;2;9065;2035
22;Chaco;22154;Sargento Cabral;NA;2;11247;2035
22;Chaco;22161;Tapenagá;NA;2;2193;2035
22;Chaco;22036;12 de Octubre;NA;1;12120;2022
22;Chaco;22126;1º de Mayo;NA;1;7455;2022
22;Chaco;22039;2 de Abril;NA;1;4331;2022
22;Chaco;22168;25 de Mayo;NA;1;17125;2022
22;Chaco;22105;9 de Julio;NA;1;16002;2022
22;Chaco;22007;Almirante Brown;NA;1;19747;2022
22;Chaco;22014;Bermejo;NA;1;14795;2022
22;Chaco;22028;Chacabuco;NA;1;18382;2022
22;Chaco;22021;Comandante Fernández;NA;1;55625;2022
22;Chaco;22043;Fray Justo Santa María de Oro;NA;1;5522;2022
22;Chaco;22049;General Belgrano;NA;1;6694;2022
22;Chaco;22056;General Donovan;NA;1;7823;2022
22;Chaco;22063;General Güemes;NA;1;34994;2022
22;Chaco;22070;Independencia;NA;1;11777;2022
22;Chaco;22077;Libertad;NA;1;7532;2022
22;Chaco;22084;Libertador General San Martín;NA;1;34321;2022
22;Chaco;22091;Maipú;NA;1;13844;2022
22;Chaco;22098;Mayor Luis J. Fontana;NA;1;31845;2022
22;Chaco;22112;O'Higgins;NA;1;11387;2022
22;Chaco;22119;Presidencia de la Plaza;NA;1;7372;2022
22;Chaco;22133;Quitilipi;NA;1;17672;2022
22;Chaco;22140;San Fernando;NA;1;225522;2022
22;Chaco;22147;San Lorenzo;NA;1;8489;2022
22;Chaco;22154;Sargento Cabral;NA;1;9846;2022
22;Chaco;22161;Tapenagá;NA;1;2067;2022
22;Chaco;22036;12 de Octubre;NA;1;12151;2023
22;Chaco;22126;1º de Mayo;NA;1;7547;2023
22;Chaco;22039;2 de Abril;NA;1;4353;2023
22;Chaco;22168;25 de Mayo;NA;1;17215;2023
22;Chaco;22105;9 de Julio;NA;1;16049;2023
22;Chaco;22007;Almirante Brown;NA;1;19856;2023
22;Chaco;22014;Bermejo;NA;1;14875;2023
22;Chaco;22028;Chacabuco;NA;1;18479;2023
22;Chaco;22021;Comandante Fernández;NA;1;55801;2023
22;Chaco;22043;Fray Justo Santa María de Oro;NA;1;5505;2023
22;Chaco;22049;General Belgrano;NA;1;6717;2023
22;Chaco;22056;General Donovan;NA;1;7862;2023
22;Chaco;22063;General Güemes;NA;1;35029;2023
22;Chaco;22070;Independencia;NA;1;11785;2023
22;Chaco;22077;Libertad;NA;1;7586;2023
22;Chaco;22084;Libertador General San Martín;NA;1;34491;2023
22;Chaco;22091;Maipú;NA;1;13884;2023
22;Chaco;22098;Mayor Luis J. Fontana;NA;1;31956;2023
22;Chaco;22112;O'Higgins;NA;1;11425;2023
22;Chaco;22119;Presidencia de la Plaza;NA;1;7406;2023
22;Chaco;22133;Quitilipi;NA;1;17672;2023
22;Chaco;22140;San Fernando;NA;1;226217;2023
22;Chaco;22147;San Lorenzo;NA;1;8527;2023
22;Chaco;22154;Sargento Cabral;NA;1;9924;2023
22;Chaco;22161;Tapenagá;NA;1;2068;2023
22;Chaco;22036;12 de Octubre;NA;1;12200;2024
22;Chaco;22126;1º de Mayo;NA;1;7689;2024
22;Chaco;22039;2 de Abril;NA;1;4387;2024
22;Chaco;22168;25 de Mayo;NA;1;17356;2024
22;Chaco;22105;9 de Julio;NA;1;16123;2024
22;Chaco;22007;Almirante Brown;NA;1;20025;2024
22;Chaco;22014;Bermejo;NA;1;14998;2024
22;Chaco;22028;Chacabuco;NA;1;18629;2024
22;Chaco;22021;Comandante Fernández;NA;1;56073;2024
22;Chaco;22043;Fray Justo Santa María de Oro;NA;1;5478;2024
22;Chaco;22049;General Belgrano;NA;1;6752;2024
22;Chaco;22056;General Donovan;NA;1;7923;2024
22;Chaco;22063;General Güemes;NA;1;35083;2024
22;Chaco;22070;Independencia;NA;1;11796;2024
22;Chaco;22077;Libertad;NA;1;7671;2024
22;Chaco;22084;Libertador General San Martín;NA;1;34753;2024
22;Chaco;22091;Maipú;NA;1;13946;2024
22;Chaco;22098;Mayor Luis J. Fontana;NA;1;32128;2024
22;Chaco;22112;O'Higgins;NA;1;11485;2024
22;Chaco;22119;Presidencia de la Plaza;NA;1;7459;2024
22;Chaco;22133;Quitilipi;NA;1;17671;2024
22;Chaco;22140;San Fernando;NA;1;227293;2024
22;Chaco;22147;San Lorenzo;NA;1;8587;2024
22;Chaco;22154;Sargento Cabral;NA;1;10045;2024
22;Chaco;22161;Tapenagá;NA;1;2069;2024
22;Chaco;22036;12 de Octubre;NA;1;12252;2025
22;Chaco;22126;1º de Mayo;NA;1;7841;2025
22;Chaco;22039;2 de Abril;NA;1;4423;2025
22;Chaco;22168;25 de Mayo;NA;1;17505;2025
22;Chaco;22105;9 de Julio;NA;1;16201;2025
22;Chaco;22007;Almirante Brown;NA;1;20204;2025
22;Chaco;22014;Bermejo;NA;1;15130;2025
22;Chaco;22028;Chacabuco;NA;1;18788;2025
22;Chaco;22021;Comandante Fernández;NA;1;56363;2025
22;Chaco;22043;Fray Justo Santa María de Oro;NA;1;5450;2025
22;Chaco;22049;General Belgrano;NA;1;6790;2025
22;Chaco;22056;General Donovan;NA;1;7987;2025
22;Chaco;22063;General Güemes;NA;1;35141;2025
22;Chaco;22070;Independencia;NA;1;11809;2025
22;Chaco;22077;Libertad;NA;1;7761;2025
22;Chaco;22084;Libertador General San Martín;NA;1;35033;2025
22;Chaco;22091;Maipú;NA;1;14013;2025
22;Chaco;22098;Mayor Luis J. Fontana;NA;1;32312;2025
22;Chaco;22112;O'Higgins;NA;1;11548;2025
22;Chaco;22119;Presidencia de la Plaza;NA;1;7515;2025
22;Chaco;22133;Quitilipi;NA;1;17670;2025
22;Chaco;22140;San Fernando;NA;1;228439;2025
22;Chaco;22147;San Lorenzo;NA;1;8650;2025
22;Chaco;22154;Sargento Cabral;NA;1;10174;2025
22;Chaco;22161;Tapenagá;NA;1;2071;2025
22;Chaco;22036;12 de Octubre;NA;1;12303;2026
22;Chaco;22126;1º de Mayo;NA;1;7991;2026
22;Chaco;22039;2 de Abril;NA;1;4458;2026
22;Chaco;22168;25 de Mayo;NA;1;17652;2026
22;Chaco;22105;9 de Julio;NA;1;16277;2026
22;Chaco;22007;Almirante Brown;NA;1;20381;2026
22;Chaco;22014;Bermejo;NA;1;15259;2026
22;Chaco;22028;Chacabuco;NA;1;18945;2026
22;Chaco;22021;Comandante Fernández;NA;1;56648;2026
22;Chaco;22043;Fray Justo Santa María de Oro;NA;1;5422;2026
22;Chaco;22049;General Belgrano;NA;1;6827;2026
22;Chaco;22056;General Donovan;NA;1;8051;2026
22;Chaco;22063;General Güemes;NA;1;35198;2026
22;Chaco;22070;Independencia;NA;1;11821;2026
22;Chaco;22077;Libertad;NA;1;7850;2026
22;Chaco;22084;Libertador General San Martín;NA;1;35308;2026
22;Chaco;22091;Maipú;NA;1;14078;2026
22;Chaco;22098;Mayor Luis J. Fontana;NA;1;32492;2026
22;Chaco;22112;O'Higgins;NA;1;11611;2026
22;Chaco;22119;Presidencia de la Plaza;NA;1;7571;2026
22;Chaco;22133;Quitilipi;NA;1;17669;2026
22;Chaco;22140;San Fernando;NA;1;229568;2026
22;Chaco;22147;San Lorenzo;NA;1;8713;2026
22;Chaco;22154;Sargento Cabral;NA;1;10301;2026
22;Chaco;22161;Tapenagá;NA;1;2072;2026
22;Chaco;22036;12 de Octubre;NA;1;12353;2027
22;Chaco;22126;1º de Mayo;NA;1;8137;2027
22;Chaco;22039;2 de Abril;NA;1;4492;2027
22;Chaco;22168;25 de Mayo;NA;1;17795;2027
22;Chaco;22105;9 de Julio;NA;1;16352;2027
22;Chaco;22007;Almirante Brown;NA;1;20554;2027
22;Chaco;22014;Bermejo;NA;1;15385;2027
22;Chaco;22028;Chacabuco;NA;1;19099;2027
22;Chaco;22021;Comandante Fernández;NA;1;56927;2027
22;Chaco;22043;Fray Justo Santa María de Oro;NA;1;5394;2027
22;Chaco;22049;General Belgrano;NA;1;6863;2027
22;Chaco;22056;General Donovan;NA;1;8113;2027
22;Chaco;22063;General Güemes;NA;1;35254;2027
22;Chaco;22070;Independencia;NA;1;11833;2027
22;Chaco;22077;Libertad;NA;1;7936;2027
22;Chaco;22084;Libertador General San Martín;NA;1;35577;2027
22;Chaco;22091;Maipú;NA;1;14142;2027
22;Chaco;22098;Mayor Luis J. Fontana;NA;1;32669;2027
22;Chaco;22112;O'Higgins;NA;1;11671;2027
22;Chaco;22119;Presidencia de la Plaza;NA;1;7625;2027
22;Chaco;22133;Quitilipi;NA;1;17669;2027
22;Chaco;22140;San Fernando;NA;1;230670;2027
22;Chaco;22147;San Lorenzo;NA;1;8774;2027
22;Chaco;22154;Sargento Cabral;NA;1;10425;2027
22;Chaco;22161;Tapenagá;NA;1;2074;2027
22;Chaco;22036;12 de Octubre;NA;1;12402;2028
22;Chaco;22126;1º de Mayo;NA;1;8280;2028
22;Chaco;22039;2 de Abril;NA;1;4527;2028
22;Chaco;22168;25 de Mayo;NA;1;17936;2028
22;Chaco;22105;9 de Julio;NA;1;16426;2028
22;Chaco;22007;Almirante Brown;NA;1;20724;2028
22;Chaco;22014;Bermejo;NA;1;15510;2028
22;Chaco;22028;Chacabuco;NA;1;19250;2028
22;Chaco;22021;Comandante Fernández;NA;1;57201;2028
22;Chaco;22043;Fray Justo Santa María de Oro;NA;1;5368;2028
22;Chaco;22049;General Belgrano;NA;1;6899;2028
22;Chaco;22056;General Donovan;NA;1;8174;2028
22;Chaco;22063;General Güemes;NA;1;35309;2028
22;Chaco;22070;Independencia;NA;1;11845;2028
22;Chaco;22077;Libertad;NA;1;8021;2028
22;Chaco;22084;Libertador General San Martín;NA;1;35842;2028
22;Chaco;22091;Maipú;NA;1;14204;2028
22;Chaco;22098;Mayor Luis J. Fontana;NA;1;32842;2028
22;Chaco;22112;O'Higgins;NA;1;11731;2028
22;Chaco;22119;Presidencia de la Plaza;NA;1;7678;2028
22;Chaco;22133;Quitilipi;NA;1;17668;2028
22;Chaco;22140;San Fernando;NA;1;231754;2028
22;Chaco;22147;San Lorenzo;NA;1;8834;2028
22;Chaco;22154;Sargento Cabral;NA;1;10547;2028
22;Chaco;22161;Tapenagá;NA;1;2075;2028
22;Chaco;22036;12 de Octubre;NA;1;12450;2029
22;Chaco;22126;1º de Mayo;NA;1;8419;2029
22;Chaco;22039;2 de Abril;NA;1;4559;2029
22;Chaco;22168;25 de Mayo;NA;1;18073;2029
22;Chaco;22105;9 de Julio;NA;1;16497;2029
22;Chaco;22007;Almirante Brown;NA;1;20888;2029
22;Chaco;22014;Bermejo;NA;1;15630;2029
22;Chaco;22028;Chacabuco;NA;1;19395;2029
22;Chaco;22021;Comandante Fernández;NA;1;57467;2029
22;Chaco;22043;Fray Justo Santa María de Oro;NA;1;5342;2029
22;Chaco;22049;General Belgrano;NA;1;6933;2029
22;Chaco;22056;General Donovan;NA;1;8233;2029
22;Chaco;22063;General Güemes;NA;1;35362;2029
22;Chaco;22070;Independencia;NA;1;11857;2029
22;Chaco;22077;Libertad;NA;1;8103;2029
22;Chaco;22084;Libertador General San Martín;NA;1;36098;2029
22;Chaco;22091;Maipú;NA;1;14265;2029
22;Chaco;22098;Mayor Luis J. Fontana;NA;1;33010;2029
22;Chaco;22112;O'Higgins;NA;1;11789;2029
22;Chaco;22119;Presidencia de la Plaza;NA;1;7729;2029
22;Chaco;22133;Quitilipi;NA;1;17667;2029
22;Chaco;22140;San Fernando;NA;1;232802;2029
22;Chaco;22147;San Lorenzo;NA;1;8892;2029
22;Chaco;22154;Sargento Cabral;NA;1;10665;2029
22;Chaco;22161;Tapenagá;NA;1;2077;2029
22;Chaco;22036;12 de Octubre;NA;1;12495;2030
22;Chaco;22126;1º de Mayo;NA;1;8552;2030
22;Chaco;22039;2 de Abril;NA;1;4591;2030
22;Chaco;22168;25 de Mayo;NA;1;18204;2030
22;Chaco;22105;9 de Julio;NA;1;16566;2030
22;Chaco;22007;Almirante Brown;NA;1;21046;2030
22;Chaco;22014;Bermejo;NA;1;15745;2030
22;Chaco;22028;Chacabuco;NA;1;19536;2030
22;Chaco;22021;Comandante Fernández;NA;1;57721;2030
22;Chaco;22043;Fray Justo Santa María de Oro;NA;1;5317;2030
22;Chaco;22049;General Belgrano;NA;1;6966;2030
22;Chaco;22056;General Donovan;NA;1;8290;2030
22;Chaco;22063;General Güemes;NA;1;35412;2030
22;Chaco;22070;Independencia;NA;1;11868;2030
22;Chaco;22077;Libertad;NA;1;8182;2030
22;Chaco;22084;Libertador General San Martín;NA;1;36343;2030
22;Chaco;22091;Maipú;NA;1;14323;2030
22;Chaco;22098;Mayor Luis J. Fontana;NA;1;33171;2030
22;Chaco;22112;O'Higgins;NA;1;11845;2030
22;Chaco;22119;Presidencia de la Plaza;NA;1;7779;2030
22;Chaco;22133;Quitilipi;NA;1;17666;2030
22;Chaco;22140;San Fernando;NA;1;233808;2030
22;Chaco;22147;San Lorenzo;NA;1;8948;2030
22;Chaco;22154;Sargento Cabral;NA;1;10778;2030
22;Chaco;22161;Tapenagá;NA;1;2078;2030
22;Chaco;22036;12 de Octubre;NA;1;12540;2031
22;Chaco;22126;1º de Mayo;NA;1;8683;2031
22;Chaco;22039;2 de Abril;NA;1;4622;2031
22;Chaco;22168;25 de Mayo;NA;1;18332;2031
22;Chaco;22105;9 de Julio;NA;1;16633;2031
22;Chaco;22007;Almirante Brown;NA;1;21200;2031
22;Chaco;22014;Bermejo;NA;1;15858;2031
22;Chaco;22028;Chacabuco;NA;1;19673;2031
22;Chaco;22021;Comandante Fernández;NA;1;57970;2031
22;Chaco;22043;Fray Justo Santa María de Oro;NA;1;5292;2031
22;Chaco;22049;General Belgrano;NA;1;6999;2031
22;Chaco;22056;General Donovan;NA;1;8346;2031
22;Chaco;22063;General Güemes;NA;1;35462;2031
22;Chaco;22070;Independencia;NA;1;11878;2031
22;Chaco;22077;Libertad;NA;1;8260;2031
22;Chaco;22084;Libertador General San Martín;NA;1;36583;2031
22;Chaco;22091;Maipú;NA;1;14380;2031
22;Chaco;22098;Mayor Luis J. Fontana;NA;1;33328;2031
22;Chaco;22112;O'Higgins;NA;1;11899;2031
22;Chaco;22119;Presidencia de la Plaza;NA;1;7827;2031
22;Chaco;22133;Quitilipi;NA;1;17666;2031
22;Chaco;22140;San Fernando;NA;1;234793;2031
22;Chaco;22147;San Lorenzo;NA;1;9002;2031
22;Chaco;22154;Sargento Cabral;NA;1;10889;2031
22;Chaco;22161;Tapenagá;NA;1;2079;2031
22;Chaco;22036;12 de Octubre;NA;1;12583;2032
22;Chaco;22126;1º de Mayo;NA;1;8810;2032
22;Chaco;22039;2 de Abril;NA;1;4652;2032
22;Chaco;22168;25 de Mayo;NA;1;18458;2032
22;Chaco;22105;9 de Julio;NA;1;16698;2032
22;Chaco;22007;Almirante Brown;NA;1;21351;2032
22;Chaco;22014;Bermejo;NA;1;15969;2032
22;Chaco;22028;Chacabuco;NA;1;19807;2032
22;Chaco;22021;Comandante Fernández;NA;1;58214;2032
22;Chaco;22043;Fray Justo Santa María de Oro;NA;1;5268;2032
22;Chaco;22049;General Belgrano;NA;1;7030;2032
22;Chaco;22056;General Donovan;NA;1;8400;2032
22;Chaco;22063;General Güemes;NA;1;35511;2032
22;Chaco;22070;Independencia;NA;1;11889;2032
22;Chaco;22077;Libertad;NA;1;8335;2032
22;Chaco;22084;Libertador General San Martín;NA;1;36819;2032
22;Chaco;22091;Maipú;NA;1;14436;2032
22;Chaco;22098;Mayor Luis J. Fontana;NA;1;33482;2032
22;Chaco;22112;O'Higgins;NA;1;11952;2032
22;Chaco;22119;Presidencia de la Plaza;NA;1;7874;2032
22;Chaco;22133;Quitilipi;NA;1;17665;2032
22;Chaco;22140;San Fernando;NA;1;235755;2032
22;Chaco;22147;San Lorenzo;NA;1;9055;2032
22;Chaco;22154;Sargento Cabral;NA;1;10997;2032
22;Chaco;22161;Tapenagá;NA;1;2081;2032
22;Chaco;22036;12 de Octubre;NA;1;12625;2033
22;Chaco;22126;1º de Mayo;NA;1;8933;2033
22;Chaco;22039;2 de Abril;NA;1;4681;2033
22;Chaco;22168;25 de Mayo;NA;1;18579;2033
22;Chaco;22105;9 de Julio;NA;1;16762;2033
22;Chaco;22007;Almirante Brown;NA;1;21497;2033
22;Chaco;22014;Bermejo;NA;1;16075;2033
22;Chaco;22028;Chacabuco;NA;1;19936;2033
22;Chaco;22021;Comandante Fernández;NA;1;58449;2033
22;Chaco;22043;Fray Justo Santa María de Oro;NA;1;5245;2033
22;Chaco;22049;General Belgrano;NA;1;7061;2033
22;Chaco;22056;General Donovan;NA;1;8452;2033
22;Chaco;22063;General Güemes;NA;1;35558;2033
22;Chaco;22070;Independencia;NA;1;11899;2033
22;Chaco;22077;Libertad;NA;1;8408;2033
22;Chaco;22084;Libertador General San Martín;NA;1;37046;2033
22;Chaco;22091;Maipú;NA;1;14490;2033
22;Chaco;22098;Mayor Luis J. Fontana;NA;1;33631;2033
22;Chaco;22112;O'Higgins;NA;1;12004;2033
22;Chaco;22119;Presidencia de la Plaza;NA;1;7920;2033
22;Chaco;22133;Quitilipi;NA;1;17665;2033
22;Chaco;22140;San Fernando;NA;1;236687;2033
22;Chaco;22147;San Lorenzo;NA;1;9107;2033
22;Chaco;22154;Sargento Cabral;NA;1;11102;2033
22;Chaco;22161;Tapenagá;NA;1;2082;2033
22;Chaco;22036;12 de Octubre;NA;1;12666;2034
22;Chaco;22126;1º de Mayo;NA;1;9054;2034
22;Chaco;22039;2 de Abril;NA;1;4710;2034
22;Chaco;22168;25 de Mayo;NA;1;18697;2034
22;Chaco;22105;9 de Julio;NA;1;16823;2034
22;Chaco;22007;Almirante Brown;NA;1;21640;2034
22;Chaco;22014;Bermejo;NA;1;16179;2034
22;Chaco;22028;Chacabuco;NA;1;20063;2034
22;Chaco;22021;Comandante Fernández;NA;1;58679;2034
22;Chaco;22043;Fray Justo Santa María de Oro;NA;1;5223;2034
22;Chaco;22049;General Belgrano;NA;1;7091;2034
22;Chaco;22056;General Donovan;NA;1;8504;2034
22;Chaco;22063;General Güemes;NA;1;35603;2034
22;Chaco;22070;Independencia;NA;1;11909;2034
22;Chaco;22077;Libertad;NA;1;8480;2034
22;Chaco;22084;Libertador General San Martín;NA;1;37267;2034
22;Chaco;22091;Maipú;NA;1;14542;2034
22;Chaco;22098;Mayor Luis J. Fontana;NA;1;33777;2034
22;Chaco;22112;O'Higgins;NA;1;12054;2034
22;Chaco;22119;Presidencia de la Plaza;NA;1;7964;2034
22;Chaco;22133;Quitilipi;NA;1;17664;2034
22;Chaco;22140;San Fernando;NA;1;237594;2034
22;Chaco;22147;San Lorenzo;NA;1;9157;2034
22;Chaco;22154;Sargento Cabral;NA;1;11204;2034
22;Chaco;22161;Tapenagá;NA;1;2083;2034
22;Chaco;22036;12 de Octubre;NA;1;12707;2035
22;Chaco;22126;1º de Mayo;NA;1;9171;2035
22;Chaco;22039;2 de Abril;NA;1;4738;2035
22;Chaco;22168;25 de Mayo;NA;1;18812;2035
22;Chaco;22105;9 de Julio;NA;1;16884;2035
22;Chaco;22007;Almirante Brown;NA;1;21779;2035
22;Chaco;22014;Bermejo;NA;1;16281;2035
22;Chaco;22028;Chacabuco;NA;1;20186;2035
22;Chaco;22021;Comandante Fernández;NA;1;58903;2035
22;Chaco;22043;Fray Justo Santa María de Oro;NA;1;5201;2035
22;Chaco;22049;General Belgrano;NA;1;7120;2035
22;Chaco;22056;General Donovan;NA;1;8554;2035
22;Chaco;22063;General Güemes;NA;1;35648;2035
22;Chaco;22070;Independencia;NA;1;11919;2035
22;Chaco;22077;Libertad;NA;1;8549;2035
22;Chaco;22084;Libertador General San Martín;NA;1;37484;2035
22;Chaco;22091;Maipú;NA;1;14593;2035
22;Chaco;22098;Mayor Luis J. Fontana;NA;1;33918;2035
22;Chaco;22112;O'Higgins;NA;1;12103;2035
22;Chaco;22119;Presidencia de la Plaza;NA;1;8008;2035
22;Chaco;22133;Quitilipi;NA;1;17663;2035
22;Chaco;22140;San Fernando;NA;1;238482;2035
22;Chaco;22147;San Lorenzo;NA;1;9206;2035
22;Chaco;22154;Sargento Cabral;NA;1;11304;2035
22;Chaco;22161;Tapenagá;NA;1;2084;2035
78;Santa Cruz;78007;Corpen Aike;NA;2;7687;2022
78;Santa Cruz;78014;Deseado;NA;2;64636;2022
78;Santa Cruz;78021;Güer Aike;NA;2;69305;2022
78;Santa Cruz;78028;Lago Argentino;NA;2;13013;2022
78;Santa Cruz;78035;Lago Buenos Aires;NA;2;6507;2022
78;Santa Cruz;78042;Magallanes;NA;2;6628;2022
78;Santa Cruz;78049;Río Chico;NA;2;3182;2022
78;Santa Cruz;78007;Corpen Aike;NA;2;7676;2023
78;Santa Cruz;78014;Deseado;NA;2;64589;2023
78;Santa Cruz;78021;Güer Aike;NA;2;69243;2023
78;Santa Cruz;78028;Lago Argentino;NA;2;12995;2023
78;Santa Cruz;78035;Lago Buenos Aires;NA;2;6498;2023
78;Santa Cruz;78042;Magallanes;NA;2;6619;2023
78;Santa Cruz;78049;Río Chico;NA;2;3181;2023
78;Santa Cruz;78007;Corpen Aike;NA;2;7681;2024
78;Santa Cruz;78014;Deseado;NA;2;64609;2024
78;Santa Cruz;78021;Güer Aike;NA;2;69269;2024
78;Santa Cruz;78028;Lago Argentino;NA;2;13003;2024
78;Santa Cruz;78035;Lago Buenos Aires;NA;2;6502;2024
78;Santa Cruz;78042;Magallanes;NA;2;6623;2024
78;Santa Cruz;78049;Río Chico;NA;2;3181;2024
78;Santa Cruz;78007;Corpen Aike;NA;2;7684;2025
78;Santa Cruz;78014;Deseado;NA;2;64622;2025
78;Santa Cruz;78021;Güer Aike;NA;2;69286;2025
78;Santa Cruz;78028;Lago Argentino;NA;2;13008;2025
78;Santa Cruz;78035;Lago Buenos Aires;NA;2;6504;2025
78;Santa Cruz;78042;Magallanes;NA;2;6625;2025
78;Santa Cruz;78049;Río Chico;NA;2;3181;2025
78;Santa Cruz;78007;Corpen Aike;NA;2;7684;2026
78;Santa Cruz;78014;Deseado;NA;2;64622;2026
78;Santa Cruz;78021;Güer Aike;NA;2;69287;2026
78;Santa Cruz;78028;Lago Argentino;NA;2;13008;2026
78;Santa Cruz;78035;Lago Buenos Aires;NA;2;6504;2026
78;Santa Cruz;78042;Magallanes;NA;2;6626;2026
78;Santa Cruz;78049;Río Chico;NA;2;3181;2026
78;Santa Cruz;78007;Corpen Aike;NA;2;7682;2027
78;Santa Cruz;78014;Deseado;NA;2;64615;2027
78;Santa Cruz;78021;Güer Aike;NA;2;69277;2027
78;Santa Cruz;78028;Lago Argentino;NA;2;13005;2027
78;Santa Cruz;78035;Lago Buenos Aires;NA;2;6503;2027
78;Santa Cruz;78042;Magallanes;NA;2;6624;2027
78;Santa Cruz;78049;Río Chico;NA;2;3181;2027
78;Santa Cruz;78007;Corpen Aike;NA;2;7680;2028
78;Santa Cruz;78014;Deseado;NA;2;64604;2028
78;Santa Cruz;78021;Güer Aike;NA;2;69264;2028
78;Santa Cruz;78028;Lago Argentino;NA;2;13001;2028
78;Santa Cruz;78035;Lago Buenos Aires;NA;2;6501;2028
78;Santa Cruz;78042;Magallanes;NA;2;6622;2028
78;Santa Cruz;78049;Río Chico;NA;2;3181;2028
78;Santa Cruz;78007;Corpen Aike;NA;2;7676;2029
78;Santa Cruz;78014;Deseado;NA;2;64589;2029
78;Santa Cruz;78021;Güer Aike;NA;2;69244;2029
78;Santa Cruz;78028;Lago Argentino;NA;2;12995;2029
78;Santa Cruz;78035;Lago Buenos Aires;NA;2;6498;2029
78;Santa Cruz;78042;Magallanes;NA;2;6619;2029
78;Santa Cruz;78049;Río Chico;NA;2;3181;2029
78;Santa Cruz;78007;Corpen Aike;NA;2;7672;2030
78;Santa Cruz;78014;Deseado;NA;2;64570;2030
78;Santa Cruz;78021;Güer Aike;NA;2;69219;2030
78;Santa Cruz;78028;Lago Argentino;NA;2;12988;2030
78;Santa Cruz;78035;Lago Buenos Aires;NA;2;6495;2030
78;Santa Cruz;78042;Magallanes;NA;2;6615;2030
78;Santa Cruz;78049;Río Chico;NA;2;3180;2030
78;Santa Cruz;78007;Corpen Aike;NA;2;7669;2031
78;Santa Cruz;78014;Deseado;NA;2;64555;2031
78;Santa Cruz;78021;Güer Aike;NA;2;69199;2031
78;Santa Cruz;78028;Lago Argentino;NA;2;12983;2031
78;Santa Cruz;78035;Lago Buenos Aires;NA;2;6492;2031
78;Santa Cruz;78042;Magallanes;NA;2;6611;2031
78;Santa Cruz;78049;Río Chico;NA;2;3180;2031
78;Santa Cruz;78007;Corpen Aike;NA;2;7666;2032
78;Santa Cruz;78014;Deseado;NA;2;64538;2032
78;Santa Cruz;78021;Güer Aike;NA;2;69177;2032
78;Santa Cruz;78028;Lago Argentino;NA;2;12976;2032
78;Santa Cruz;78035;Lago Buenos Aires;NA;2;6489;2032
78;Santa Cruz;78042;Magallanes;NA;2;6608;2032
78;Santa Cruz;78049;Río Chico;NA;2;3179;2032
78;Santa Cruz;78007;Corpen Aike;NA;2;7663;2033
78;Santa Cruz;78014;Deseado;NA;2;64524;2033
78;Santa Cruz;78021;Güer Aike;NA;2;69159;2033
78;Santa Cruz;78028;Lago Argentino;NA;2;12971;2033
78;Santa Cruz;78035;Lago Buenos Aires;NA;2;6487;2033
78;Santa Cruz;78042;Magallanes;NA;2;6605;2033
78;Santa Cruz;78049;Río Chico;NA;2;3179;2033
78;Santa Cruz;78007;Corpen Aike;NA;2;7660;2034
78;Santa Cruz;78014;Deseado;NA;2;64510;2034
78;Santa Cruz;78021;Güer Aike;NA;2;69141;2034
78;Santa Cruz;78028;Lago Argentino;NA;2;12966;2034
78;Santa Cruz;78035;Lago Buenos Aires;NA;2;6484;2034
78;Santa Cruz;78042;Magallanes;NA;2;6602;2034
78;Santa Cruz;78049;Río Chico;NA;2;3179;2034
78;Santa Cruz;78007;Corpen Aike;NA;2;7657;2035
78;Santa Cruz;78014;Deseado;NA;2;64500;2035
78;Santa Cruz;78021;Güer Aike;NA;2;69128;2035
78;Santa Cruz;78028;Lago Argentino;NA;2;12962;2035
78;Santa Cruz;78035;Lago Buenos Aires;NA;2;6482;2035
78;Santa Cruz;78042;Magallanes;NA;2;6600;2035
78;Santa Cruz;78049;Río Chico;NA;2;3179;2035
78;Santa Cruz;78007;Corpen Aike;NA;1;7361;2022
78;Santa Cruz;78014;Deseado;NA;1;61087;2022
78;Santa Cruz;78021;Güer Aike;NA;1;67367;2022
78;Santa Cruz;78028;Lago Argentino;NA;1;12367;2022
78;Santa Cruz;78035;Lago Buenos Aires;NA;1;6004;2022
78;Santa Cruz;78042;Magallanes;NA;1;6182;2022
78;Santa Cruz;78049;Río Chico;NA;1;3071;2022
78;Santa Cruz;78007;Corpen Aike;NA;1;7380;2023
78;Santa Cruz;78014;Deseado;NA;1;61176;2023
78;Santa Cruz;78021;Güer Aike;NA;1;67481;2023
78;Santa Cruz;78028;Lago Argentino;NA;1;12399;2023
78;Santa Cruz;78035;Lago Buenos Aires;NA;1;6025;2023
78;Santa Cruz;78042;Magallanes;NA;1;6200;2023
78;Santa Cruz;78049;Río Chico;NA;1;3079;2023
78;Santa Cruz;78007;Corpen Aike;NA;1;7390;2024
78;Santa Cruz;78014;Deseado;NA;1;61219;2024
78;Santa Cruz;78021;Güer Aike;NA;1;67535;2024
78;Santa Cruz;78028;Lago Argentino;NA;1;12414;2024
78;Santa Cruz;78035;Lago Buenos Aires;NA;1;6034;2024
78;Santa Cruz;78042;Magallanes;NA;1;6208;2024
78;Santa Cruz;78049;Río Chico;NA;1;3084;2024
78;Santa Cruz;78007;Corpen Aike;NA;1;7400;2025
78;Santa Cruz;78014;Deseado;NA;1;61267;2025
78;Santa Cruz;78021;Güer Aike;NA;1;67595;2025
78;Santa Cruz;78028;Lago Argentino;NA;1;12430;2025
78;Santa Cruz;78035;Lago Buenos Aires;NA;1;6046;2025
78;Santa Cruz;78042;Magallanes;NA;1;6217;2025
78;Santa Cruz;78049;Río Chico;NA;1;3088;2025
78;Santa Cruz;78007;Corpen Aike;NA;1;7410;2026
78;Santa Cruz;78014;Deseado;NA;1;61309;2026
78;Santa Cruz;78021;Güer Aike;NA;1;67648;2026
78;Santa Cruz;78028;Lago Argentino;NA;1;12445;2026
78;Santa Cruz;78035;Lago Buenos Aires;NA;1;6055;2026
78;Santa Cruz;78042;Magallanes;NA;1;6225;2026
78;Santa Cruz;78049;Río Chico;NA;1;3092;2026
78;Santa Cruz;78007;Corpen Aike;NA;1;7417;2027
78;Santa Cruz;78014;Deseado;NA;1;61343;2027
78;Santa Cruz;78021;Güer Aike;NA;1;67692;2027
78;Santa Cruz;78028;Lago Argentino;NA;1;12457;2027
78;Santa Cruz;78035;Lago Buenos Aires;NA;1;6063;2027
78;Santa Cruz;78042;Magallanes;NA;1;6232;2027
78;Santa Cruz;78049;Río Chico;NA;1;3095;2027
78;Santa Cruz;78007;Corpen Aike;NA;1;7424;2028
78;Santa Cruz;78014;Deseado;NA;1;61375;2028
78;Santa Cruz;78021;Güer Aike;NA;1;67733;2028
78;Santa Cruz;78028;Lago Argentino;NA;1;12469;2028
78;Santa Cruz;78035;Lago Buenos Aires;NA;1;6070;2028
78;Santa Cruz;78042;Magallanes;NA;1;6238;2028
78;Santa Cruz;78049;Río Chico;NA;1;3098;2028
78;Santa Cruz;78007;Corpen Aike;NA;1;7430;2029
78;Santa Cruz;78014;Deseado;NA;1;61403;2029
78;Santa Cruz;78021;Güer Aike;NA;1;67768;2029
78;Santa Cruz;78028;Lago Argentino;NA;1;12478;2029
78;Santa Cruz;78035;Lago Buenos Aires;NA;1;6077;2029
78;Santa Cruz;78042;Magallanes;NA;1;6243;2029
78;Santa Cruz;78049;Río Chico;NA;1;3101;2029
78;Santa Cruz;78007;Corpen Aike;NA;1;7436;2030
78;Santa Cruz;78014;Deseado;NA;1;61426;2030
78;Santa Cruz;78021;Güer Aike;NA;1;67797;2030
78;Santa Cruz;78028;Lago Argentino;NA;1;12486;2030
78;Santa Cruz;78035;Lago Buenos Aires;NA;1;6082;2030
78;Santa Cruz;78042;Magallanes;NA;1;6248;2030
78;Santa Cruz;78049;Río Chico;NA;1;3103;2030
78;Santa Cruz;78007;Corpen Aike;NA;1;7441;2031
78;Santa Cruz;78014;Deseado;NA;1;61451;2031
78;Santa Cruz;78021;Güer Aike;NA;1;67829;2031
78;Santa Cruz;78028;Lago Argentino;NA;1;12495;2031
78;Santa Cruz;78035;Lago Buenos Aires;NA;1;6088;2031
78;Santa Cruz;78042;Magallanes;NA;1;6253;2031
78;Santa Cruz;78049;Río Chico;NA;1;3105;2031
78;Santa Cruz;78007;Corpen Aike;NA;1;7446;2032
78;Santa Cruz;78014;Deseado;NA;1;61476;2032
78;Santa Cruz;78021;Güer Aike;NA;1;67860;2032
78;Santa Cruz;78028;Lago Argentino;NA;1;12504;2032
78;Santa Cruz;78035;Lago Buenos Aires;NA;1;6094;2032
78;Santa Cruz;78042;Magallanes;NA;1;6257;2032
78;Santa Cruz;78049;Río Chico;NA;1;3108;2032
78;Santa Cruz;78007;Corpen Aike;NA;1;7452;2033
78;Santa Cruz;78014;Deseado;NA;1;61500;2033
78;Santa Cruz;78021;Güer Aike;NA;1;67891;2033
78;Santa Cruz;78028;Lago Argentino;NA;1;12513;2033
78;Santa Cruz;78035;Lago Buenos Aires;NA;1;6099;2033
78;Santa Cruz;78042;Magallanes;NA;1;6262;2033
78;Santa Cruz;78049;Río Chico;NA;1;3110;2033
78;Santa Cruz;78007;Corpen Aike;NA;1;7457;2034
78;Santa Cruz;78014;Deseado;NA;1;61524;2034
78;Santa Cruz;78021;Güer Aike;NA;1;67921;2034
78;Santa Cruz;78028;Lago Argentino;NA;1;12521;2034
78;Santa Cruz;78035;Lago Buenos Aires;NA;1;6105;2034
78;Santa Cruz;78042;Magallanes;NA;1;6267;2034
78;Santa Cruz;78049;Río Chico;NA;1;3112;2034
78;Santa Cruz;78007;Corpen Aike;NA;1;7463;2035
78;Santa Cruz;78014;Deseado;NA;1;61553;2035
78;Santa Cruz;78021;Güer Aike;NA;1;67958;2035
78;Santa Cruz;78028;Lago Argentino;NA;1;12531;2035
78;Santa Cruz;78035;Lago Buenos Aires;NA;1;6111;2035
78;Santa Cruz;78042;Magallanes;NA;1;6272;2035
78;Santa Cruz;78049;Río Chico;NA;1;3115;2035
26;Chubut;26007;Biedma;NA;2;52290;2022
26;Chubut;26014;Cushamen;NA;2;14340;2022
26;Chubut;26021;Escalante;NA;2;109000;2022
26;Chubut;26028;Florentino Ameghino;NA;2;953;2022
26;Chubut;26035;Futaleufú;NA;2;24859;2022
26;Chubut;26042;Gaiman;NA;2;6445;2022
26;Chubut;26049;Gastre;NA;2;694;2022
26;Chubut;26056;Languiñeo;NA;2;1547;2022
26;Chubut;26063;Mártires;NA;2;447;2022
26;Chubut;26070;Paso de Indios;NA;2;1046;2022
26;Chubut;26077;Rawson;NA;2;72632;2022
26;Chubut;26084;Río Senguer;NA;2;3390;2022
26;Chubut;26091;Sarmiento;NA;2;7635;2022
26;Chubut;26098;Tehuelches;NA;2;3190;2022
26;Chubut;26105;Telsen;NA;2;899;2022
26;Chubut;26007;Biedma;NA;2;52467;2023
26;Chubut;26014;Cushamen;NA;2;14400;2023
26;Chubut;26021;Escalante;NA;2;109225;2023
26;Chubut;26028;Florentino Ameghino;NA;2;953;2023
26;Chubut;26035;Futaleufú;NA;2;24915;2023
26;Chubut;26042;Gaiman;NA;2;6454;2023
26;Chubut;26049;Gastre;NA;2;691;2023
26;Chubut;26056;Languiñeo;NA;2;1543;2023
26;Chubut;26063;Mártires;NA;2;447;2023
26;Chubut;26070;Paso de Indios;NA;2;1045;2023
26;Chubut;26077;Rawson;NA;2;72743;2023
26;Chubut;26084;Río Senguer;NA;2;3390;2023
26;Chubut;26091;Sarmiento;NA;2;7663;2023
26;Chubut;26098;Tehuelches;NA;2;3194;2023
26;Chubut;26105;Telsen;NA;2;899;2023
26;Chubut;26007;Biedma;NA;2;52661;2024
26;Chubut;26014;Cushamen;NA;2;14466;2024
26;Chubut;26021;Escalante;NA;2;109473;2024
26;Chubut;26028;Florentino Ameghino;NA;2;953;2024
26;Chubut;26035;Futaleufú;NA;2;24976;2024
26;Chubut;26042;Gaiman;NA;2;6464;2024
26;Chubut;26049;Gastre;NA;2;689;2024
26;Chubut;26056;Languiñeo;NA;2;1540;2024
26;Chubut;26063;Mártires;NA;2;446;2024
26;Chubut;26070;Paso de Indios;NA;2;1044;2024
26;Chubut;26077;Rawson;NA;2;72866;2024
26;Chubut;26084;Río Senguer;NA;2;3390;2024
26;Chubut;26091;Sarmiento;NA;2;7693;2024
26;Chubut;26098;Tehuelches;NA;2;3199;2024
26;Chubut;26105;Telsen;NA;2;899;2024
26;Chubut;26007;Biedma;NA;2;52835;2025
26;Chubut;26014;Cushamen;NA;2;14525;2025
26;Chubut;26021;Escalante;NA;2;109695;2025
26;Chubut;26028;Florentino Ameghino;NA;2;953;2025
26;Chubut;26035;Futaleufú;NA;2;25031;2025
26;Chubut;26042;Gaiman;NA;2;6473;2025
26;Chubut;26049;Gastre;NA;2;686;2025
26;Chubut;26056;Languiñeo;NA;2;1536;2025
26;Chubut;26063;Mártires;NA;2;445;2025
26;Chubut;26070;Paso de Indios;NA;2;1043;2025
26;Chubut;26077;Rawson;NA;2;72976;2025
26;Chubut;26084;Río Senguer;NA;2;3390;2025
26;Chubut;26091;Sarmiento;NA;2;7720;2025
26;Chubut;26098;Tehuelches;NA;2;3204;2025
26;Chubut;26105;Telsen;NA;2;899;2025
26;Chubut;26007;Biedma;NA;2;52996;2026
26;Chubut;26014;Cushamen;NA;2;14579;2026
26;Chubut;26021;Escalante;NA;2;109900;2026
26;Chubut;26028;Florentino Ameghino;NA;2;953;2026
26;Chubut;26035;Futaleufú;NA;2;25082;2026
26;Chubut;26042;Gaiman;NA;2;6481;2026
26;Chubut;26049;Gastre;NA;2;684;2026
26;Chubut;26056;Languiñeo;NA;2;1533;2026
26;Chubut;26063;Mártires;NA;2;445;2026
26;Chubut;26070;Paso de Indios;NA;2;1043;2026
26;Chubut;26077;Rawson;NA;2;73077;2026
26;Chubut;26084;Río Senguer;NA;2;3390;2026
26;Chubut;26091;Sarmiento;NA;2;7745;2026
26;Chubut;26098;Tehuelches;NA;2;3208;2026
26;Chubut;26105;Telsen;NA;2;898;2026
26;Chubut;26007;Biedma;NA;2;53149;2027
26;Chubut;26014;Cushamen;NA;2;14631;2027
26;Chubut;26021;Escalante;NA;2;110096;2027
26;Chubut;26028;Florentino Ameghino;NA;2;953;2027
26;Chubut;26035;Futaleufú;NA;2;25130;2027
26;Chubut;26042;Gaiman;NA;2;6489;2027
26;Chubut;26049;Gastre;NA;2;681;2027
26;Chubut;26056;Languiñeo;NA;2;1530;2027
26;Chubut;26063;Mártires;NA;2;445;2027
26;Chubut;26070;Paso de Indios;NA;2;1042;2027
26;Chubut;26077;Rawson;NA;2;73174;2027
26;Chubut;26084;Río Senguer;NA;2;3390;2027
26;Chubut;26091;Sarmiento;NA;2;7769;2027
26;Chubut;26098;Tehuelches;NA;2;3212;2027
26;Chubut;26105;Telsen;NA;2;898;2027
26;Chubut;26007;Biedma;NA;2;53298;2028
26;Chubut;26014;Cushamen;NA;2;14682;2028
26;Chubut;26021;Escalante;NA;2;110285;2028
26;Chubut;26028;Florentino Ameghino;NA;2;953;2028
26;Chubut;26035;Futaleufú;NA;2;25178;2028
26;Chubut;26042;Gaiman;NA;2;6496;2028
26;Chubut;26049;Gastre;NA;2;679;2028
26;Chubut;26056;Languiñeo;NA;2;1527;2028
26;Chubut;26063;Mártires;NA;2;444;2028
26;Chubut;26070;Paso de Indios;NA;2;1041;2028
26;Chubut;26077;Rawson;NA;2;73268;2028
26;Chubut;26084;Río Senguer;NA;2;3390;2028
26;Chubut;26091;Sarmiento;NA;2;7792;2028
26;Chubut;26098;Tehuelches;NA;2;3215;2028
26;Chubut;26105;Telsen;NA;2;898;2028
26;Chubut;26007;Biedma;NA;2;53439;2029
26;Chubut;26014;Cushamen;NA;2;14730;2029
26;Chubut;26021;Escalante;NA;2;110466;2029
26;Chubut;26028;Florentino Ameghino;NA;2;953;2029
26;Chubut;26035;Futaleufú;NA;2;25222;2029
26;Chubut;26042;Gaiman;NA;2;6504;2029
26;Chubut;26049;Gastre;NA;2;677;2029
26;Chubut;26056;Languiñeo;NA;2;1524;2029
26;Chubut;26063;Mártires;NA;2;444;2029
26;Chubut;26070;Paso de Indios;NA;2;1041;2029
26;Chubut;26077;Rawson;NA;2;73357;2029
26;Chubut;26084;Río Senguer;NA;2;3390;2029
26;Chubut;26091;Sarmiento;NA;2;7814;2029
26;Chubut;26098;Tehuelches;NA;2;3219;2029
26;Chubut;26105;Telsen;NA;2;898;2029
26;Chubut;26007;Biedma;NA;2;53578;2030
26;Chubut;26014;Cushamen;NA;2;14777;2030
26;Chubut;26021;Escalante;NA;2;110643;2030
26;Chubut;26028;Florentino Ameghino;NA;2;953;2030
26;Chubut;26035;Futaleufú;NA;2;25266;2030
26;Chubut;26042;Gaiman;NA;2;6511;2030
26;Chubut;26049;Gastre;NA;2;675;2030
26;Chubut;26056;Languiñeo;NA;2;1521;2030
26;Chubut;26063;Mártires;NA;2;443;2030
26;Chubut;26070;Paso de Indios;NA;2;1040;2030
26;Chubut;26077;Rawson;NA;2;73445;2030
26;Chubut;26084;Río Senguer;NA;2;3390;2030
26;Chubut;26091;Sarmiento;NA;2;7836;2030
26;Chubut;26098;Tehuelches;NA;2;3222;2030
26;Chubut;26105;Telsen;NA;2;898;2030
26;Chubut;26007;Biedma;NA;2;53719;2031
26;Chubut;26014;Cushamen;NA;2;14825;2031
26;Chubut;26021;Escalante;NA;2;110823;2031
26;Chubut;26028;Florentino Ameghino;NA;2;953;2031
26;Chubut;26035;Futaleufú;NA;2;25311;2031
26;Chubut;26042;Gaiman;NA;2;6518;2031
26;Chubut;26049;Gastre;NA;2;673;2031
26;Chubut;26056;Languiñeo;NA;2;1518;2031
26;Chubut;26063;Mártires;NA;2;443;2031
26;Chubut;26070;Paso de Indios;NA;2;1039;2031
26;Chubut;26077;Rawson;NA;2;73534;2031
26;Chubut;26084;Río Senguer;NA;2;3389;2031
26;Chubut;26091;Sarmiento;NA;2;7858;2031
26;Chubut;26098;Tehuelches;NA;2;3226;2031
26;Chubut;26105;Telsen;NA;2;898;2031
26;Chubut;26007;Biedma;NA;2;53861;2032
26;Chubut;26014;Cushamen;NA;2;14873;2032
26;Chubut;26021;Escalante;NA;2;111004;2032
26;Chubut;26028;Florentino Ameghino;NA;2;954;2032
26;Chubut;26035;Futaleufú;NA;2;25356;2032
26;Chubut;26042;Gaiman;NA;2;6525;2032
26;Chubut;26049;Gastre;NA;2;671;2032
26;Chubut;26056;Languiñeo;NA;2;1515;2032
26;Chubut;26063;Mártires;NA;2;443;2032
26;Chubut;26070;Paso de Indios;NA;2;1038;2032
26;Chubut;26077;Rawson;NA;2;73624;2032
26;Chubut;26084;Río Senguer;NA;2;3390;2032
26;Chubut;26091;Sarmiento;NA;2;7880;2032
26;Chubut;26098;Tehuelches;NA;2;3229;2032
26;Chubut;26105;Telsen;NA;2;898;2032
26;Chubut;26007;Biedma;NA;2;54007;2033
26;Chubut;26014;Cushamen;NA;2;14922;2033
26;Chubut;26021;Escalante;NA;2;111190;2033
26;Chubut;26028;Florentino Ameghino;NA;2;954;2033
26;Chubut;26035;Futaleufú;NA;2;25402;2033
26;Chubut;26042;Gaiman;NA;2;6532;2033
26;Chubut;26049;Gastre;NA;2;668;2033
26;Chubut;26056;Languiñeo;NA;2;1512;2033
26;Chubut;26063;Mártires;NA;2;442;2033
26;Chubut;26070;Paso de Indios;NA;2;1038;2033
26;Chubut;26077;Rawson;NA;2;73716;2033
26;Chubut;26084;Río Senguer;NA;2;3389;2033
26;Chubut;26091;Sarmiento;NA;2;7903;2033
26;Chubut;26098;Tehuelches;NA;2;3233;2033
26;Chubut;26105;Telsen;NA;2;898;2033
26;Chubut;26007;Biedma;NA;2;54149;2034
26;Chubut;26014;Cushamen;NA;2;14971;2034
26;Chubut;26021;Escalante;NA;2;111372;2034
26;Chubut;26028;Florentino Ameghino;NA;2;954;2034
26;Chubut;26035;Futaleufú;NA;2;25447;2034
26;Chubut;26042;Gaiman;NA;2;6540;2034
26;Chubut;26049;Gastre;NA;2;666;2034
26;Chubut;26056;Languiñeo;NA;2;1509;2034
26;Chubut;26063;Mártires;NA;2;442;2034
26;Chubut;26070;Paso de Indios;NA;2;1037;2034
26;Chubut;26077;Rawson;NA;2;73805;2034
26;Chubut;26084;Río Senguer;NA;2;3389;2034
26;Chubut;26091;Sarmiento;NA;2;7925;2034
26;Chubut;26098;Tehuelches;NA;2;3237;2034
26;Chubut;26105;Telsen;NA;2;897;2034
26;Chubut;26007;Biedma;NA;2;54300;2035
26;Chubut;26014;Cushamen;NA;2;15022;2035
26;Chubut;26021;Escalante;NA;2;111564;2035
26;Chubut;26028;Florentino Ameghino;NA;2;954;2035
26;Chubut;26035;Futaleufú;NA;2;25494;2035
26;Chubut;26042;Gaiman;NA;2;6547;2035
26;Chubut;26049;Gastre;NA;2;664;2035
26;Chubut;26056;Languiñeo;NA;2;1506;2035
26;Chubut;26063;Mártires;NA;2;441;2035
26;Chubut;26070;Paso de Indios;NA;2;1036;2035
26;Chubut;26077;Rawson;NA;2;73901;2035
26;Chubut;26084;Río Senguer;NA;2;3389;2035
26;Chubut;26091;Sarmiento;NA;2;7949;2035
26;Chubut;26098;Tehuelches;NA;2;3241;2035
26;Chubut;26105;Telsen;NA;2;897;2035
26;Chubut;26007;Biedma;NA;1;51680;2022
26;Chubut;26014;Cushamen;NA;1;14100;2022
26;Chubut;26021;Escalante;NA;1;108201;2022
26;Chubut;26028;Florentino Ameghino;NA;1;849;2022
26;Chubut;26035;Futaleufú;NA;1;25843;2022
26;Chubut;26042;Gaiman;NA;1;6298;2022
26;Chubut;26049;Gastre;NA;1;514;2022
26;Chubut;26056;Languiñeo;NA;1;1363;2022
26;Chubut;26063;Mártires;NA;1;316;2022
26;Chubut;26070;Paso de Indios;NA;1;859;2022
26;Chubut;26077;Rawson;NA;1;74271;2022
26;Chubut;26084;Río Senguer;NA;1;3034;2022
26;Chubut;26091;Sarmiento;NA;1;7089;2022
26;Chubut;26098;Tehuelches;NA;1;2842;2022
26;Chubut;26105;Telsen;NA;1;740;2022
26;Chubut;26007;Biedma;NA;1;51901;2023
26;Chubut;26014;Cushamen;NA;1;14182;2023
26;Chubut;26021;Escalante;NA;1;108526;2023
26;Chubut;26028;Florentino Ameghino;NA;1;852;2023
26;Chubut;26035;Futaleufú;NA;1;25923;2023
26;Chubut;26042;Gaiman;NA;1;6317;2023
26;Chubut;26049;Gastre;NA;1;512;2023
26;Chubut;26056;Languiñeo;NA;1;1362;2023
26;Chubut;26063;Mártires;NA;1;316;2023
26;Chubut;26070;Paso de Indios;NA;1;860;2023
26;Chubut;26077;Rawson;NA;1;74414;2023
26;Chubut;26084;Río Senguer;NA;1;3041;2023
26;Chubut;26091;Sarmiento;NA;1;7124;2023
26;Chubut;26098;Tehuelches;NA;1;2848;2023
26;Chubut;26105;Telsen;NA;1;739;2023
26;Chubut;26007;Biedma;NA;1;52141;2024
26;Chubut;26014;Cushamen;NA;1;14272;2024
26;Chubut;26021;Escalante;NA;1;108881;2024
26;Chubut;26028;Florentino Ameghino;NA;1;855;2024
26;Chubut;26035;Futaleufú;NA;1;26009;2024
26;Chubut;26042;Gaiman;NA;1;6339;2024
26;Chubut;26049;Gastre;NA;1;509;2024
26;Chubut;26056;Languiñeo;NA;1;1361;2024
26;Chubut;26063;Mártires;NA;1;316;2024
26;Chubut;26070;Paso de Indios;NA;1;861;2024
26;Chubut;26077;Rawson;NA;1;74569;2024
26;Chubut;26084;Río Senguer;NA;1;3048;2024
26;Chubut;26091;Sarmiento;NA;1;7162;2024
26;Chubut;26098;Tehuelches;NA;1;2854;2024
26;Chubut;26105;Telsen;NA;1;738;2024
26;Chubut;26007;Biedma;NA;1;52387;2025
26;Chubut;26014;Cushamen;NA;1;14364;2025
26;Chubut;26021;Escalante;NA;1;109244;2025
26;Chubut;26028;Florentino Ameghino;NA;1;859;2025
26;Chubut;26035;Futaleufú;NA;1;26098;2025
26;Chubut;26042;Gaiman;NA;1;6360;2025
26;Chubut;26049;Gastre;NA;1;506;2025
26;Chubut;26056;Languiñeo;NA;1;1360;2025
26;Chubut;26063;Mártires;NA;1;315;2025
26;Chubut;26070;Paso de Indios;NA;1;862;2025
26;Chubut;26077;Rawson;NA;1;74728;2025
26;Chubut;26084;Río Senguer;NA;1;3055;2025
26;Chubut;26091;Sarmiento;NA;1;7202;2025
26;Chubut;26098;Tehuelches;NA;1;2860;2025
26;Chubut;26105;Telsen;NA;1;737;2025
26;Chubut;26007;Biedma;NA;1;52622;2026
26;Chubut;26014;Cushamen;NA;1;14452;2026
26;Chubut;26021;Escalante;NA;1;109592;2026
26;Chubut;26028;Florentino Ameghino;NA;1;862;2026
26;Chubut;26035;Futaleufú;NA;1;26182;2026
26;Chubut;26042;Gaiman;NA;1;6381;2026
26;Chubut;26049;Gastre;NA;1;504;2026
26;Chubut;26056;Languiñeo;NA;1;1359;2026
26;Chubut;26063;Mártires;NA;1;315;2026
26;Chubut;26070;Paso de Indios;NA;1;863;2026
26;Chubut;26077;Rawson;NA;1;74881;2026
26;Chubut;26084;Río Senguer;NA;1;3063;2026
26;Chubut;26091;Sarmiento;NA;1;7239;2026
26;Chubut;26098;Tehuelches;NA;1;2866;2026
26;Chubut;26105;Telsen;NA;1;735;2026
26;Chubut;26007;Biedma;NA;1;52851;2027
26;Chubut;26014;Cushamen;NA;1;14537;2027
26;Chubut;26021;Escalante;NA;1;109928;2027
26;Chubut;26028;Florentino Ameghino;NA;1;865;2027
26;Chubut;26035;Futaleufú;NA;1;26264;2027
26;Chubut;26042;Gaiman;NA;1;6401;2027
26;Chubut;26049;Gastre;NA;1;501;2027
26;Chubut;26056;Languiñeo;NA;1;1358;2027
26;Chubut;26063;Mártires;NA;1;315;2027
26;Chubut;26070;Paso de Indios;NA;1;864;2027
26;Chubut;26077;Rawson;NA;1;75029;2027
26;Chubut;26084;Río Senguer;NA;1;3070;2027
26;Chubut;26091;Sarmiento;NA;1;7275;2027
26;Chubut;26098;Tehuelches;NA;1;2872;2027
26;Chubut;26105;Telsen;NA;1;734;2027
26;Chubut;26007;Biedma;NA;1;53069;2028
26;Chubut;26014;Cushamen;NA;1;14619;2028
26;Chubut;26021;Escalante;NA;1;110251;2028
26;Chubut;26028;Florentino Ameghino;NA;1;868;2028
26;Chubut;26035;Futaleufú;NA;1;26343;2028
26;Chubut;26042;Gaiman;NA;1;6421;2028
26;Chubut;26049;Gastre;NA;1;499;2028
26;Chubut;26056;Languiñeo;NA;1;1357;2028
26;Chubut;26063;Mártires;NA;1;314;2028
26;Chubut;26070;Paso de Indios;NA;1;864;2028
26;Chubut;26077;Rawson;NA;1;75170;2028
26;Chubut;26084;Río Senguer;NA;1;3076;2028
26;Chubut;26091;Sarmiento;NA;1;7310;2028
26;Chubut;26098;Tehuelches;NA;1;2878;2028
26;Chubut;26105;Telsen;NA;1;733;2028
26;Chubut;26007;Biedma;NA;1;53282;2029
26;Chubut;26014;Cushamen;NA;1;14698;2029
26;Chubut;26021;Escalante;NA;1;110565;2029
26;Chubut;26028;Florentino Ameghino;NA;1;871;2029
26;Chubut;26035;Futaleufú;NA;1;26420;2029
26;Chubut;26042;Gaiman;NA;1;6439;2029
26;Chubut;26049;Gastre;NA;1;496;2029
26;Chubut;26056;Languiñeo;NA;1;1356;2029
26;Chubut;26063;Mártires;NA;1;314;2029
26;Chubut;26070;Paso de Indios;NA;1;865;2029
26;Chubut;26077;Rawson;NA;1;75307;2029
26;Chubut;26084;Río Senguer;NA;1;3083;2029
26;Chubut;26091;Sarmiento;NA;1;7344;2029
26;Chubut;26098;Tehuelches;NA;1;2884;2029
26;Chubut;26105;Telsen;NA;1;732;2029
26;Chubut;26007;Biedma;NA;1;53490;2030
26;Chubut;26014;Cushamen;NA;1;14776;2030
26;Chubut;26021;Escalante;NA;1;110874;2030
26;Chubut;26028;Florentino Ameghino;NA;1;874;2030
26;Chubut;26035;Futaleufú;NA;1;26495;2030
26;Chubut;26042;Gaiman;NA;1;6458;2030
26;Chubut;26049;Gastre;NA;1;494;2030
26;Chubut;26056;Languiñeo;NA;1;1355;2030
26;Chubut;26063;Mártires;NA;1;314;2030
26;Chubut;26070;Paso de Indios;NA;1;866;2030
26;Chubut;26077;Rawson;NA;1;75443;2030
26;Chubut;26084;Río Senguer;NA;1;3089;2030
26;Chubut;26091;Sarmiento;NA;1;7377;2030
26;Chubut;26098;Tehuelches;NA;1;2889;2030
26;Chubut;26105;Telsen;NA;1;731;2030
26;Chubut;26007;Biedma;NA;1;53696;2031
26;Chubut;26014;Cushamen;NA;1;14853;2031
26;Chubut;26021;Escalante;NA;1;111178;2031
26;Chubut;26028;Florentino Ameghino;NA;1;877;2031
26;Chubut;26035;Futaleufú;NA;1;26569;2031
26;Chubut;26042;Gaiman;NA;1;6476;2031
26;Chubut;26049;Gastre;NA;1;492;2031
26;Chubut;26056;Languiñeo;NA;1;1354;2031
26;Chubut;26063;Mártires;NA;1;314;2031
26;Chubut;26070;Paso de Indios;NA;1;867;2031
26;Chubut;26077;Rawson;NA;1;75576;2031
26;Chubut;26084;Río Senguer;NA;1;3095;2031
26;Chubut;26091;Sarmiento;NA;1;7410;2031
26;Chubut;26098;Tehuelches;NA;1;2894;2031
26;Chubut;26105;Telsen;NA;1;730;2031
26;Chubut;26007;Biedma;NA;1;53901;2032
26;Chubut;26014;Cushamen;NA;1;14929;2032
26;Chubut;26021;Escalante;NA;1;111480;2032
26;Chubut;26028;Florentino Ameghino;NA;1;880;2032
26;Chubut;26035;Futaleufú;NA;1;26643;2032
26;Chubut;26042;Gaiman;NA;1;6494;2032
26;Chubut;26049;Gastre;NA;1;489;2032
26;Chubut;26056;Languiñeo;NA;1;1353;2032
26;Chubut;26063;Mártires;NA;1;314;2032
26;Chubut;26070;Paso de Indios;NA;1;868;2032
26;Chubut;26077;Rawson;NA;1;75708;2032
26;Chubut;26084;Río Senguer;NA;1;3101;2032
26;Chubut;26091;Sarmiento;NA;1;7443;2032
26;Chubut;26098;Tehuelches;NA;1;2899;2032
26;Chubut;26105;Telsen;NA;1;729;2032
26;Chubut;26007;Biedma;NA;1;54103;2033
26;Chubut;26014;Cushamen;NA;1;15005;2033
26;Chubut;26021;Escalante;NA;1;111778;2033
26;Chubut;26028;Florentino Ameghino;NA;1;883;2033
26;Chubut;26035;Futaleufú;NA;1;26715;2033
26;Chubut;26042;Gaiman;NA;1;6512;2033
26;Chubut;26049;Gastre;NA;1;487;2033
26;Chubut;26056;Languiñeo;NA;1;1353;2033
26;Chubut;26063;Mártires;NA;1;313;2033
26;Chubut;26070;Paso de Indios;NA;1;869;2033
26;Chubut;26077;Rawson;NA;1;75839;2033
26;Chubut;26084;Río Senguer;NA;1;3107;2033
26;Chubut;26091;Sarmiento;NA;1;7475;2033
26;Chubut;26098;Tehuelches;NA;1;2905;2033
26;Chubut;26105;Telsen;NA;1;728;2033
26;Chubut;26007;Biedma;NA;1;54305;2034
26;Chubut;26014;Cushamen;NA;1;15080;2034
26;Chubut;26021;Escalante;NA;1;112076;2034
26;Chubut;26028;Florentino Ameghino;NA;1;886;2034
26;Chubut;26035;Futaleufú;NA;1;26788;2034
26;Chubut;26042;Gaiman;NA;1;6530;2034
26;Chubut;26049;Gastre;NA;1;485;2034
26;Chubut;26056;Languiñeo;NA;1;1352;2034
26;Chubut;26063;Mártires;NA;1;313;2034
26;Chubut;26070;Paso de Indios;NA;1;869;2034
26;Chubut;26077;Rawson;NA;1;75969;2034
26;Chubut;26084;Río Senguer;NA;1;3113;2034
26;Chubut;26091;Sarmiento;NA;1;7507;2034
26;Chubut;26098;Tehuelches;NA;1;2910;2034
26;Chubut;26105;Telsen;NA;1;727;2034
26;Chubut;26007;Biedma;NA;1;54504;2035
26;Chubut;26014;Cushamen;NA;1;15154;2035
26;Chubut;26021;Escalante;NA;1;112370;2035
26;Chubut;26028;Florentino Ameghino;NA;1;888;2035
26;Chubut;26035;Futaleufú;NA;1;26860;2035
26;Chubut;26042;Gaiman;NA;1;6547;2035
26;Chubut;26049;Gastre;NA;1;483;2035
26;Chubut;26056;Languiñeo;NA;1;1351;2035
26;Chubut;26063;Mártires;NA;1;313;2035
26;Chubut;26070;Paso de Indios;NA;1;870;2035
26;Chubut;26077;Rawson;NA;1;76098;2035
26;Chubut;26084;Río Senguer;NA;1;3120;2035
26;Chubut;26091;Sarmiento;NA;1;7539;2035
26;Chubut;26098;Tehuelches;NA;1;2915;2035
26;Chubut;26105;Telsen;NA;1;726;2035
58;Neuquén;58007;Aluminé;NA;2;4996;2022
58;Neuquén;58014;Añelo;NA;2;9179;2022
58;Neuquén;58021;Catán Lil;NA;2;1369;2022
58;Neuquén;58042;Chos Malal;NA;2;8742;2022
58;Neuquén;58028;Collón Curá;NA;2;2356;2022
58;Neuquén;58035;Confluencia;NA;2;223621;2022
58;Neuquén;58049;Huiliches;NA;2;10165;2022
58;Neuquén;58063;Loncopué;NA;2;3764;2022
58;Neuquén;58070;Los Lagos;NA;2;7599;2022
58;Neuquén;58056;Lácar;NA;2;18834;2022
58;Neuquén;58077;Minas;NA;2;4646;2022
58;Neuquén;58091;Pehuenches;NA;2;14836;2022
58;Neuquén;58105;Picunches;NA;2;4108;2022
58;Neuquén;58098;Picún Leufú;NA;2;2564;2022
58;Neuquén;58112;Zapala;NA;2;21798;2022
58;Neuquén;58084;Ñorquín;NA;2;2807;2022
58;Neuquén;58007;Aluminé;NA;2;5017;2023
58;Neuquén;58014;Añelo;NA;2;9319;2023
58;Neuquén;58021;Catán Lil;NA;2;1363;2023
58;Neuquén;58042;Chos Malal;NA;2;8771;2023
58;Neuquén;58028;Collón Curá;NA;2;2352;2023
58;Neuquén;58035;Confluencia;NA;2;225154;2023
58;Neuquén;58049;Huiliches;NA;2;10268;2023
58;Neuquén;58063;Loncopué;NA;2;3766;2023
58;Neuquén;58070;Los Lagos;NA;2;7651;2023
58;Neuquén;58056;Lácar;NA;2;18972;2023
58;Neuquén;58077;Minas;NA;2;4673;2023
58;Neuquén;58091;Pehuenches;NA;2;14916;2023
58;Neuquén;58105;Picunches;NA;2;4118;2023
58;Neuquén;58098;Picún Leufú;NA;2;2565;2023
58;Neuquén;58112;Zapala;NA;2;21915;2023
58;Neuquén;58084;Ñorquín;NA;2;2796;2023
58;Neuquén;58007;Aluminé;NA;2;5037;2024
58;Neuquén;58014;Añelo;NA;2;9447;2024
58;Neuquén;58021;Catán Lil;NA;2;1358;2024
58;Neuquén;58042;Chos Malal;NA;2;8797;2024
58;Neuquén;58028;Collón Curá;NA;2;2348;2024
58;Neuquén;58035;Confluencia;NA;2;226565;2024
58;Neuquén;58049;Huiliches;NA;2;10362;2024
58;Neuquén;58063;Loncopué;NA;2;3768;2024
58;Neuquén;58070;Los Lagos;NA;2;7699;2024
58;Neuquén;58056;Lácar;NA;2;19099;2024
58;Neuquén;58077;Minas;NA;2;4698;2024
58;Neuquén;58091;Pehuenches;NA;2;14989;2024
58;Neuquén;58105;Picunches;NA;2;4129;2024
58;Neuquén;58098;Picún Leufú;NA;2;2566;2024
58;Neuquén;58112;Zapala;NA;2;22023;2024
58;Neuquén;58084;Ñorquín;NA;2;2786;2024
58;Neuquén;58007;Aluminé;NA;2;5056;2025
58;Neuquén;58014;Añelo;NA;2;9575;2025
58;Neuquén;58021;Catán Lil;NA;2;1353;2025
58;Neuquén;58042;Chos Malal;NA;2;8823;2025
58;Neuquén;58028;Collón Curá;NA;2;2344;2025
58;Neuquén;58035;Confluencia;NA;2;227967;2025
58;Neuquén;58049;Huiliches;NA;2;10456;2025
58;Neuquén;58063;Loncopué;NA;2;3770;2025
58;Neuquén;58070;Los Lagos;NA;2;7747;2025
58;Neuquén;58056;Lácar;NA;2;19225;2025
58;Neuquén;58077;Minas;NA;2;4723;2025
58;Neuquén;58091;Pehuenches;NA;2;15062;2025
58;Neuquén;58105;Picunches;NA;2;4139;2025
58;Neuquén;58098;Picún Leufú;NA;2;2566;2025
58;Neuquén;58112;Zapala;NA;2;22130;2025
58;Neuquén;58084;Ñorquín;NA;2;2777;2025
58;Neuquén;58007;Aluminé;NA;2;5075;2026
58;Neuquén;58014;Añelo;NA;2;9698;2026
58;Neuquén;58021;Catán Lil;NA;2;1348;2026
58;Neuquén;58042;Chos Malal;NA;2;8849;2026
58;Neuquén;58028;Collón Curá;NA;2;2340;2026
58;Neuquén;58035;Confluencia;NA;2;229326;2026
58;Neuquén;58049;Huiliches;NA;2;10548;2026
58;Neuquén;58063;Loncopué;NA;2;3771;2026
58;Neuquén;58070;Los Lagos;NA;2;7793;2026
58;Neuquén;58056;Lácar;NA;2;19347;2026
58;Neuquén;58077;Minas;NA;2;4746;2026
58;Neuquén;58091;Pehuenches;NA;2;15133;2026
58;Neuquén;58105;Picunches;NA;2;4149;2026
58;Neuquén;58098;Picún Leufú;NA;2;2567;2026
58;Neuquén;58112;Zapala;NA;2;22234;2026
58;Neuquén;58084;Ñorquín;NA;2;2767;2026
58;Neuquén;58007;Aluminé;NA;2;5093;2027
58;Neuquén;58014;Añelo;NA;2;9817;2027
58;Neuquén;58021;Catán Lil;NA;2;1343;2027
58;Neuquén;58042;Chos Malal;NA;2;8873;2027
58;Neuquén;58028;Collón Curá;NA;2;2337;2027
58;Neuquén;58035;Confluencia;NA;2;230629;2027
58;Neuquén;58049;Huiliches;NA;2;10635;2027
58;Neuquén;58063;Loncopué;NA;2;3773;2027
58;Neuquén;58070;Los Lagos;NA;2;7837;2027
58;Neuquén;58056;Lácar;NA;2;19464;2027
58;Neuquén;58077;Minas;NA;2;4769;2027
58;Neuquén;58091;Pehuenches;NA;2;15201;2027
58;Neuquén;58105;Picunches;NA;2;4158;2027
58;Neuquén;58098;Picún Leufú;NA;2;2568;2027
58;Neuquén;58112;Zapala;NA;2;22333;2027
58;Neuquén;58084;Ñorquín;NA;2;2758;2027
58;Neuquén;58007;Aluminé;NA;2;5110;2028
58;Neuquén;58014;Añelo;NA;2;9932;2028
58;Neuquén;58021;Catán Lil;NA;2;1338;2028
58;Neuquén;58042;Chos Malal;NA;2;8897;2028
58;Neuquén;58028;Collón Curá;NA;2;2333;2028
58;Neuquén;58035;Confluencia;NA;2;231892;2028
58;Neuquén;58049;Huiliches;NA;2;10719;2028
58;Neuquén;58063;Loncopué;NA;2;3775;2028
58;Neuquén;58070;Los Lagos;NA;2;7880;2028
58;Neuquén;58056;Lácar;NA;2;19578;2028
58;Neuquén;58077;Minas;NA;2;4791;2028
58;Neuquén;58091;Pehuenches;NA;2;15267;2028
58;Neuquén;58105;Picunches;NA;2;4168;2028
58;Neuquén;58098;Picún Leufú;NA;2;2568;2028
58;Neuquén;58112;Zapala;NA;2;22430;2028
58;Neuquén;58084;Ñorquín;NA;2;2750;2028
58;Neuquén;58007;Aluminé;NA;2;5127;2029
58;Neuquén;58014;Añelo;NA;2;10044;2029
58;Neuquén;58021;Catán Lil;NA;2;1334;2029
58;Neuquén;58042;Chos Malal;NA;2;8920;2029
58;Neuquén;58028;Collón Curá;NA;2;2330;2029
58;Neuquén;58035;Confluencia;NA;2;233128;2029
58;Neuquén;58049;Huiliches;NA;2;10802;2029
58;Neuquén;58063;Loncopué;NA;2;3776;2029
58;Neuquén;58070;Los Lagos;NA;2;7923;2029
58;Neuquén;58056;Lácar;NA;2;19689;2029
58;Neuquén;58077;Minas;NA;2;4813;2029
58;Neuquén;58091;Pehuenches;NA;2;15331;2029
58;Neuquén;58105;Picunches;NA;2;4177;2029
58;Neuquén;58098;Picún Leufú;NA;2;2569;2029
58;Neuquén;58112;Zapala;NA;2;22524;2029
58;Neuquén;58084;Ñorquín;NA;2;2741;2029
58;Neuquén;58007;Aluminé;NA;2;5144;2030
58;Neuquén;58014;Añelo;NA;2;10155;2030
58;Neuquén;58021;Catán Lil;NA;2;1329;2030
58;Neuquén;58042;Chos Malal;NA;2;8943;2030
58;Neuquén;58028;Collón Curá;NA;2;2327;2030
58;Neuquén;58035;Confluencia;NA;2;234342;2030
58;Neuquén;58049;Huiliches;NA;2;10884;2030
58;Neuquén;58063;Loncopué;NA;2;3777;2030
58;Neuquén;58070;Los Lagos;NA;2;7964;2030
58;Neuquén;58056;Lácar;NA;2;19798;2030
58;Neuquén;58077;Minas;NA;2;4834;2030
58;Neuquén;58091;Pehuenches;NA;2;15394;2030
58;Neuquén;58105;Picunches;NA;2;4185;2030
58;Neuquén;58098;Picún Leufú;NA;2;2569;2030
58;Neuquén;58112;Zapala;NA;2;22617;2030
58;Neuquén;58084;Ñorquín;NA;2;2733;2030
58;Neuquén;58007;Aluminé;NA;2;5160;2031
58;Neuquén;58014;Añelo;NA;2;10264;2031
58;Neuquén;58021;Catán Lil;NA;2;1325;2031
58;Neuquén;58042;Chos Malal;NA;2;8965;2031
58;Neuquén;58028;Collón Curá;NA;2;2323;2031
58;Neuquén;58035;Confluencia;NA;2;235547;2031
58;Neuquén;58049;Huiliches;NA;2;10965;2031
58;Neuquén;58063;Loncopué;NA;2;3779;2031
58;Neuquén;58070;Los Lagos;NA;2;8005;2031
58;Neuquén;58056;Lácar;NA;2;19907;2031
58;Neuquén;58077;Minas;NA;2;4855;2031
58;Neuquén;58091;Pehuenches;NA;2;15457;2031
58;Neuquén;58105;Picunches;NA;2;4194;2031
58;Neuquén;58098;Picún Leufú;NA;2;2570;2031
58;Neuquén;58112;Zapala;NA;2;22709;2031
58;Neuquén;58084;Ñorquín;NA;2;2725;2031
58;Neuquén;58007;Aluminé;NA;2;5177;2032
58;Neuquén;58014;Añelo;NA;2;10373;2032
58;Neuquén;58021;Catán Lil;NA;2;1320;2032
58;Neuquén;58042;Chos Malal;NA;2;8988;2032
58;Neuquén;58028;Collón Curá;NA;2;2320;2032
58;Neuquén;58035;Confluencia;NA;2;236740;2032
58;Neuquén;58049;Huiliches;NA;2;11044;2032
58;Neuquén;58063;Loncopué;NA;2;3781;2032
58;Neuquén;58070;Los Lagos;NA;2;8046;2032
58;Neuquén;58056;Lácar;NA;2;20014;2032
58;Neuquén;58077;Minas;NA;2;4876;2032
58;Neuquén;58091;Pehuenches;NA;2;15519;2032
58;Neuquén;58105;Picunches;NA;2;4203;2032
58;Neuquén;58098;Picún Leufú;NA;2;2570;2032
58;Neuquén;58112;Zapala;NA;2;22800;2032
58;Neuquén;58084;Ñorquín;NA;2;2716;2032
58;Neuquén;58007;Aluminé;NA;2;5193;2033
58;Neuquén;58014;Añelo;NA;2;10481;2033
58;Neuquén;58021;Catán Lil;NA;2;1316;2033
58;Neuquén;58042;Chos Malal;NA;2;9010;2033
58;Neuquén;58028;Collón Curá;NA;2;2317;2033
58;Neuquén;58035;Confluencia;NA;2;237928;2033
58;Neuquén;58049;Huiliches;NA;2;11124;2033
58;Neuquén;58063;Loncopué;NA;2;3782;2033
58;Neuquén;58070;Los Lagos;NA;2;8086;2033
58;Neuquén;58056;Lácar;NA;2;20121;2033
58;Neuquén;58077;Minas;NA;2;4897;2033
58;Neuquén;58091;Pehuenches;NA;2;15581;2033
58;Neuquén;58105;Picunches;NA;2;4211;2033
58;Neuquén;58098;Picún Leufú;NA;2;2571;2033
58;Neuquén;58112;Zapala;NA;2;22891;2033
58;Neuquén;58084;Ñorquín;NA;2;2708;2033
58;Neuquén;58007;Aluminé;NA;2;5209;2034
58;Neuquén;58014;Añelo;NA;2;10588;2034
58;Neuquén;58021;Catán Lil;NA;2;1311;2034
58;Neuquén;58042;Chos Malal;NA;2;9032;2034
58;Neuquén;58028;Collón Curá;NA;2;2314;2034
58;Neuquén;58035;Confluencia;NA;2;239106;2034
58;Neuquén;58049;Huiliches;NA;2;11203;2034
58;Neuquén;58063;Loncopué;NA;2;3784;2034
58;Neuquén;58070;Los Lagos;NA;2;8126;2034
58;Neuquén;58056;Lácar;NA;2;20227;2034
58;Neuquén;58077;Minas;NA;2;4918;2034
58;Neuquén;58091;Pehuenches;NA;2;15642;2034
58;Neuquén;58105;Picunches;NA;2;4220;2034
58;Neuquén;58098;Picún Leufú;NA;2;2571;2034
58;Neuquén;58112;Zapala;NA;2;22981;2034
58;Neuquén;58084;Ñorquín;NA;2;2700;2034
58;Neuquén;58007;Aluminé;NA;2;5226;2035
58;Neuquén;58014;Añelo;NA;2;10695;2035
58;Neuquén;58021;Catán Lil;NA;2;1307;2035
58;Neuquén;58042;Chos Malal;NA;2;9054;2035
58;Neuquén;58028;Collón Curá;NA;2;2311;2035
58;Neuquén;58035;Confluencia;NA;2;240280;2035
58;Neuquén;58049;Huiliches;NA;2;11282;2035
58;Neuquén;58063;Loncopué;NA;2;3785;2035
58;Neuquén;58070;Los Lagos;NA;2;8166;2035
58;Neuquén;58056;Lácar;NA;2;20333;2035
58;Neuquén;58077;Minas;NA;2;4938;2035
58;Neuquén;58091;Pehuenches;NA;2;15703;2035
58;Neuquén;58105;Picunches;NA;2;4228;2035
58;Neuquén;58098;Picún Leufú;NA;2;2572;2035
58;Neuquén;58112;Zapala;NA;2;23070;2035
58;Neuquén;58084;Ñorquín;NA;2;2692;2035
58;Neuquén;58007;Aluminé;NA;1;4938;2022
58;Neuquén;58014;Añelo;NA;1;8443;2022
58;Neuquén;58021;Catán Lil;NA;1;1227;2022
58;Neuquén;58042;Chos Malal;NA;1;9067;2022
58;Neuquén;58028;Collón Curá;NA;1;2333;2022
58;Neuquén;58035;Confluencia;NA;1;230903;2022
58;Neuquén;58049;Huiliches;NA;1;10173;2022
58;Neuquén;58063;Loncopué;NA;1;3701;2022
58;Neuquén;58070;Los Lagos;NA;1;7486;2022
58;Neuquén;58056;Lácar;NA;1;19557;2022
58;Neuquén;58077;Minas;NA;1;4343;2022
58;Neuquén;58091;Pehuenches;NA;1;14023;2022
58;Neuquén;58105;Picunches;NA;1;4130;2022
58;Neuquén;58098;Picún Leufú;NA;1;2370;2022
58;Neuquén;58112;Zapala;NA;1;22510;2022
58;Neuquén;58084;Ñorquín;NA;1;2634;2022
58;Neuquén;58007;Aluminé;NA;1;4970;2023
58;Neuquén;58014;Añelo;NA;1;8583;2023
58;Neuquén;58021;Catán Lil;NA;1;1226;2023
58;Neuquén;58042;Chos Malal;NA;1;9111;2023
58;Neuquén;58028;Collón Curá;NA;1;2332;2023
58;Neuquén;58035;Confluencia;NA;1;232509;2023
58;Neuquén;58049;Huiliches;NA;1;10282;2023
58;Neuquén;58063;Loncopué;NA;1;3705;2023
58;Neuquén;58070;Los Lagos;NA;1;7547;2023
58;Neuquén;58056;Lácar;NA;1;19729;2023
58;Neuquén;58077;Minas;NA;1;4370;2023
58;Neuquén;58091;Pehuenches;NA;1;14158;2023
58;Neuquén;58105;Picunches;NA;1;4155;2023
58;Neuquén;58098;Picún Leufú;NA;1;2373;2023
58;Neuquén;58112;Zapala;NA;1;22639;2023
58;Neuquén;58084;Ñorquín;NA;1;2630;2023
58;Neuquén;58007;Aluminé;NA;1;5000;2024
58;Neuquén;58014;Añelo;NA;1;8720;2024
58;Neuquén;58021;Catán Lil;NA;1;1225;2024
58;Neuquén;58042;Chos Malal;NA;1;9155;2024
58;Neuquén;58028;Collón Curá;NA;1;2330;2024
58;Neuquén;58035;Confluencia;NA;1;234076;2024
58;Neuquén;58049;Huiliches;NA;1;10389;2024
58;Neuquén;58063;Loncopué;NA;1;3708;2024
58;Neuquén;58070;Los Lagos;NA;1;7607;2024
58;Neuquén;58056;Lácar;NA;1;19897;2024
58;Neuquén;58077;Minas;NA;1;4396;2024
58;Neuquén;58091;Pehuenches;NA;1;14290;2024
58;Neuquén;58105;Picunches;NA;1;4179;2024
58;Neuquén;58098;Picún Leufú;NA;1;2376;2024
58;Neuquén;58112;Zapala;NA;1;22765;2024
58;Neuquén;58084;Ñorquín;NA;1;2626;2024
58;Neuquén;58007;Aluminé;NA;1;5030;2025
58;Neuquén;58014;Añelo;NA;1;8854;2025
58;Neuquén;58021;Catán Lil;NA;1;1224;2025
58;Neuquén;58042;Chos Malal;NA;1;9197;2025
58;Neuquén;58028;Collón Curá;NA;1;2329;2025
58;Neuquén;58035;Confluencia;NA;1;235606;2025
58;Neuquén;58049;Huiliches;NA;1;10493;2025
58;Neuquén;58063;Loncopué;NA;1;3712;2025
58;Neuquén;58070;Los Lagos;NA;1;7666;2025
58;Neuquén;58056;Lácar;NA;1;20061;2025
58;Neuquén;58077;Minas;NA;1;4422;2025
58;Neuquén;58091;Pehuenches;NA;1;14418;2025
58;Neuquén;58105;Picunches;NA;1;4202;2025
58;Neuquén;58098;Picún Leufú;NA;1;2379;2025
58;Neuquén;58112;Zapala;NA;1;22887;2025
58;Neuquén;58084;Ñorquín;NA;1;2623;2025
58;Neuquén;58007;Aluminé;NA;1;5060;2026
58;Neuquén;58014;Añelo;NA;1;8984;2026
58;Neuquén;58021;Catán Lil;NA;1;1223;2026
58;Neuquén;58042;Chos Malal;NA;1;9238;2026
58;Neuquén;58028;Collón Curá;NA;1;2328;2026
58;Neuquén;58035;Confluencia;NA;1;237094;2026
58;Neuquén;58049;Huiliches;NA;1;10594;2026
58;Neuquén;58063;Loncopué;NA;1;3715;2026
58;Neuquén;58070;Los Lagos;NA;1;7722;2026
58;Neuquén;58056;Lácar;NA;1;20221;2026
58;Neuquén;58077;Minas;NA;1;4448;2026
58;Neuquén;58091;Pehuenches;NA;1;14543;2026
58;Neuquén;58105;Picunches;NA;1;4225;2026
58;Neuquén;58098;Picún Leufú;NA;1;2381;2026
58;Neuquén;58112;Zapala;NA;1;23006;2026
58;Neuquén;58084;Ñorquín;NA;1;2619;2026
58;Neuquén;58007;Aluminé;NA;1;5088;2027
58;Neuquén;58014;Añelo;NA;1;9110;2027
58;Neuquén;58021;Catán Lil;NA;1;1222;2027
58;Neuquén;58042;Chos Malal;NA;1;9278;2027
58;Neuquén;58028;Collón Curá;NA;1;2326;2027
58;Neuquén;58035;Confluencia;NA;1;238536;2027
58;Neuquén;58049;Huiliches;NA;1;10692;2027
58;Neuquén;58063;Loncopué;NA;1;3718;2027
58;Neuquén;58070;Los Lagos;NA;1;7777;2027
58;Neuquén;58056;Lácar;NA;1;20376;2027
58;Neuquén;58077;Minas;NA;1;4472;2027
58;Neuquén;58091;Pehuenches;NA;1;14665;2027
58;Neuquén;58105;Picunches;NA;1;4247;2027
58;Neuquén;58098;Picún Leufú;NA;1;2384;2027
58;Neuquén;58112;Zapala;NA;1;23122;2027
58;Neuquén;58084;Ñorquín;NA;1;2616;2027
58;Neuquén;58007;Aluminé;NA;1;5116;2028
58;Neuquén;58014;Añelo;NA;1;9233;2028
58;Neuquén;58021;Catán Lil;NA;1;1221;2028
58;Neuquén;58042;Chos Malal;NA;1;9316;2028
58;Neuquén;58028;Collón Curá;NA;1;2325;2028
58;Neuquén;58035;Confluencia;NA;1;239938;2028
58;Neuquén;58049;Huiliches;NA;1;10787;2028
58;Neuquén;58063;Loncopué;NA;1;3721;2028
58;Neuquén;58070;Los Lagos;NA;1;7831;2028
58;Neuquén;58056;Lácar;NA;1;20526;2028
58;Neuquén;58077;Minas;NA;1;4496;2028
58;Neuquén;58091;Pehuenches;NA;1;14782;2028
58;Neuquén;58105;Picunches;NA;1;4268;2028
58;Neuquén;58098;Picún Leufú;NA;1;2387;2028
58;Neuquén;58112;Zapala;NA;1;23234;2028
58;Neuquén;58084;Ñorquín;NA;1;2613;2028
58;Neuquén;58007;Aluminé;NA;1;5142;2029
58;Neuquén;58014;Añelo;NA;1;9352;2029
58;Neuquén;58021;Catán Lil;NA;1;1220;2029
58;Neuquén;58042;Chos Malal;NA;1;9354;2029
58;Neuquén;58028;Collón Curá;NA;1;2324;2029
58;Neuquén;58035;Confluencia;NA;1;241297;2029
58;Neuquén;58049;Huiliches;NA;1;10880;2029
58;Neuquén;58063;Loncopué;NA;1;3724;2029
58;Neuquén;58070;Los Lagos;NA;1;7883;2029
58;Neuquén;58056;Lácar;NA;1;20672;2029
58;Neuquén;58077;Minas;NA;1;4519;2029
58;Neuquén;58091;Pehuenches;NA;1;14896;2029
58;Neuquén;58105;Picunches;NA;1;4289;2029
58;Neuquén;58098;Picún Leufú;NA;1;2389;2029
58;Neuquén;58112;Zapala;NA;1;23343;2029
58;Neuquén;58084;Ñorquín;NA;1;2609;2029
58;Neuquén;58007;Aluminé;NA;1;5169;2030
58;Neuquén;58014;Añelo;NA;1;9469;2030
58;Neuquén;58021;Catán Lil;NA;1;1219;2030
58;Neuquén;58042;Chos Malal;NA;1;9391;2030
58;Neuquén;58028;Collón Curá;NA;1;2323;2030
58;Neuquén;58035;Confluencia;NA;1;242635;2030
58;Neuquén;58049;Huiliches;NA;1;10971;2030
58;Neuquén;58063;Loncopué;NA;1;3727;2030
58;Neuquén;58070;Los Lagos;NA;1;7934;2030
58;Neuquén;58056;Lácar;NA;1;20815;2030
58;Neuquén;58077;Minas;NA;1;4541;2030
58;Neuquén;58091;Pehuenches;NA;1;15009;2030
58;Neuquén;58105;Picunches;NA;1;4309;2030
58;Neuquén;58098;Picún Leufú;NA;1;2391;2030
58;Neuquén;58112;Zapala;NA;1;23451;2030
58;Neuquén;58084;Ñorquín;NA;1;2606;2030
58;Neuquén;58007;Aluminé;NA;1;5195;2031
58;Neuquén;58014;Añelo;NA;1;9585;2031
58;Neuquén;58021;Catán Lil;NA;1;1218;2031
58;Neuquén;58042;Chos Malal;NA;1;9427;2031
58;Neuquén;58028;Collón Curá;NA;1;2322;2031
58;Neuquén;58035;Confluencia;NA;1;243959;2031
58;Neuquén;58049;Huiliches;NA;1;11061;2031
58;Neuquén;58063;Loncopué;NA;1;3730;2031
58;Neuquén;58070;Los Lagos;NA;1;7984;2031
58;Neuquén;58056;Lácar;NA;1;20957;2031
58;Neuquén;58077;Minas;NA;1;4564;2031
58;Neuquén;58091;Pehuenches;NA;1;15120;2031
58;Neuquén;58105;Picunches;NA;1;4330;2031
58;Neuquén;58098;Picún Leufú;NA;1;2394;2031
58;Neuquén;58112;Zapala;NA;1;23557;2031
58;Neuquén;58084;Ñorquín;NA;1;2603;2031
58;Neuquén;58007;Aluminé;NA;1;5220;2032
58;Neuquén;58014;Añelo;NA;1;9699;2032
58;Neuquén;58021;Catán Lil;NA;1;1218;2032
58;Neuquén;58042;Chos Malal;NA;1;9463;2032
58;Neuquén;58028;Collón Curá;NA;1;2321;2032
58;Neuquén;58035;Confluencia;NA;1;245262;2032
58;Neuquén;58049;Huiliches;NA;1;11150;2032
58;Neuquén;58063;Loncopué;NA;1;3733;2032
58;Neuquén;58070;Los Lagos;NA;1;8034;2032
58;Neuquén;58056;Lácar;NA;1;21097;2032
58;Neuquén;58077;Minas;NA;1;4586;2032
58;Neuquén;58091;Pehuenches;NA;1;15230;2032
58;Neuquén;58105;Picunches;NA;1;4349;2032
58;Neuquén;58098;Picún Leufú;NA;1;2396;2032
58;Neuquén;58112;Zapala;NA;1;23661;2032
58;Neuquén;58084;Ñorquín;NA;1;2600;2032
58;Neuquén;58007;Aluminé;NA;1;5246;2033
58;Neuquén;58014;Añelo;NA;1;9811;2033
58;Neuquén;58021;Catán Lil;NA;1;1217;2033
58;Neuquén;58042;Chos Malal;NA;1;9499;2033
58;Neuquén;58028;Collón Curá;NA;1;2319;2033
58;Neuquén;58035;Confluencia;NA;1;246552;2033
58;Neuquén;58049;Huiliches;NA;1;11238;2033
58;Neuquén;58063;Loncopué;NA;1;3735;2033
58;Neuquén;58070;Los Lagos;NA;1;8083;2033
58;Neuquén;58056;Lácar;NA;1;21235;2033
58;Neuquén;58077;Minas;NA;1;4608;2033
58;Neuquén;58091;Pehuenches;NA;1;15338;2033
58;Neuquén;58105;Picunches;NA;1;4369;2033
58;Neuquén;58098;Picún Leufú;NA;1;2399;2033
58;Neuquén;58112;Zapala;NA;1;23765;2033
58;Neuquén;58084;Ñorquín;NA;1;2597;2033
58;Neuquén;58007;Aluminé;NA;1;5271;2034
58;Neuquén;58014;Añelo;NA;1;9922;2034
58;Neuquén;58021;Catán Lil;NA;1;1216;2034
58;Neuquén;58042;Chos Malal;NA;1;9534;2034
58;Neuquén;58028;Collón Curá;NA;1;2318;2034
58;Neuquén;58035;Confluencia;NA;1;247818;2034
58;Neuquén;58049;Huiliches;NA;1;11324;2034
58;Neuquén;58063;Loncopué;NA;1;3738;2034
58;Neuquén;58070;Los Lagos;NA;1;8131;2034
58;Neuquén;58056;Lácar;NA;1;21371;2034
58;Neuquén;58077;Minas;NA;1;4630;2034
58;Neuquén;58091;Pehuenches;NA;1;15444;2034
58;Neuquén;58105;Picunches;NA;1;4389;2034
58;Neuquén;58098;Picún Leufú;NA;1;2401;2034
58;Neuquén;58112;Zapala;NA;1;23866;2034
58;Neuquén;58084;Ñorquín;NA;1;2594;2034
58;Neuquén;58007;Aluminé;NA;1;5295;2035
58;Neuquén;58014;Añelo;NA;1;10032;2035
58;Neuquén;58021;Catán Lil;NA;1;1215;2035
58;Neuquén;58042;Chos Malal;NA;1;9568;2035
58;Neuquén;58028;Collón Curá;NA;1;2318;2035
58;Neuquén;58035;Confluencia;NA;1;249076;2035
58;Neuquén;58049;Huiliches;NA;1;11409;2035
58;Neuquén;58063;Loncopué;NA;1;3741;2035
58;Neuquén;58070;Los Lagos;NA;1;8180;2035
58;Neuquén;58056;Lácar;NA;1;21506;2035
58;Neuquén;58077;Minas;NA;1;4651;2035
58;Neuquén;58091;Pehuenches;NA;1;15550;2035
58;Neuquén;58105;Picunches;NA;1;4408;2035
58;Neuquén;58098;Picún Leufú;NA;1;2403;2035
58;Neuquén;58112;Zapala;NA;1;23967;2035
58;Neuquén;58084;Ñorquín;NA;1;2591;2035
94;Tierra del Fuego;94028;Antártida Argentina;NA;2;61;2022
94;Tierra del Fuego;94008;Río Grande;NA;2;48548;2022
94;Tierra del Fuego;94011;Tolhuin;NA;2;3035;2022
94;Tierra del Fuego;94015;Ushuaia;NA;2;38981;2022
94;Tierra del Fuego;94028;Antártida Argentina;NA;2;61;2023
94;Tierra del Fuego;94008;Río Grande;NA;2;48754;2023
94;Tierra del Fuego;94011;Tolhuin;NA;2;3056;2023
94;Tierra del Fuego;94015;Ushuaia;NA;2;39116;2023
94;Tierra del Fuego;94028;Antártida Argentina;NA;2;61;2024
94;Tierra del Fuego;94008;Río Grande;NA;2;48884;2024
94;Tierra del Fuego;94011;Tolhuin;NA;2;3069;2024
94;Tierra del Fuego;94015;Ushuaia;NA;2;39201;2024
94;Tierra del Fuego;94028;Antártida Argentina;NA;2;61;2025
94;Tierra del Fuego;94008;Río Grande;NA;2;49019;2025
94;Tierra del Fuego;94011;Tolhuin;NA;2;3082;2025
94;Tierra del Fuego;94015;Ushuaia;NA;2;39289;2025
94;Tierra del Fuego;94028;Antártida Argentina;NA;2;61;2026
94;Tierra del Fuego;94008;Río Grande;NA;2;49159;2026
94;Tierra del Fuego;94011;Tolhuin;NA;2;3096;2026
94;Tierra del Fuego;94015;Ushuaia;NA;2;39381;2026
94;Tierra del Fuego;94028;Antártida Argentina;NA;2;61;2027
94;Tierra del Fuego;94008;Río Grande;NA;2;49302;2027
94;Tierra del Fuego;94011;Tolhuin;NA;2;3110;2027
94;Tierra del Fuego;94015;Ushuaia;NA;2;39474;2027
94;Tierra del Fuego;94028;Antártida Argentina;NA;2;61;2028
94;Tierra del Fuego;94008;Río Grande;NA;2;49445;2028
94;Tierra del Fuego;94011;Tolhuin;NA;2;3125;2028
94;Tierra del Fuego;94015;Ushuaia;NA;2;39567;2028
94;Tierra del Fuego;94028;Antártida Argentina;NA;2;61;2029
94;Tierra del Fuego;94008;Río Grande;NA;2;49592;2029
94;Tierra del Fuego;94011;Tolhuin;NA;2;3140;2029
94;Tierra del Fuego;94015;Ushuaia;NA;2;39663;2029
94;Tierra del Fuego;94028;Antártida Argentina;NA;2;61;2030
94;Tierra del Fuego;94008;Río Grande;NA;2;49739;2030
94;Tierra del Fuego;94011;Tolhuin;NA;2;3154;2030
94;Tierra del Fuego;94015;Ushuaia;NA;2;39759;2030
94;Tierra del Fuego;94028;Antártida Argentina;NA;2;61;2031
94;Tierra del Fuego;94008;Río Grande;NA;2;49891;2031
94;Tierra del Fuego;94011;Tolhuin;NA;2;3170;2031
94;Tierra del Fuego;94015;Ushuaia;NA;2;39859;2031
94;Tierra del Fuego;94028;Antártida Argentina;NA;2;61;2032
94;Tierra del Fuego;94008;Río Grande;NA;2;50054;2032
94;Tierra del Fuego;94011;Tolhuin;NA;2;3186;2032
94;Tierra del Fuego;94015;Ushuaia;NA;2;39966;2032
94;Tierra del Fuego;94028;Antártida Argentina;NA;2;61;2033
94;Tierra del Fuego;94008;Río Grande;NA;2;50231;2033
94;Tierra del Fuego;94011;Tolhuin;NA;2;3204;2033
94;Tierra del Fuego;94015;Ushuaia;NA;2;40081;2033
94;Tierra del Fuego;94028;Antártida Argentina;NA;2;61;2034
94;Tierra del Fuego;94008;Río Grande;NA;2;50419;2034
94;Tierra del Fuego;94011;Tolhuin;NA;2;3223;2034
94;Tierra del Fuego;94015;Ushuaia;NA;2;40204;2034
94;Tierra del Fuego;94028;Antártida Argentina;NA;2;61;2035
94;Tierra del Fuego;94008;Río Grande;NA;2;50617;2035
94;Tierra del Fuego;94011;Tolhuin;NA;2;3242;2035
94;Tierra del Fuego;94015;Ushuaia;NA;2;40334;2035
94;Tierra del Fuego;94028;Antártida Argentina;NA;1;20;2022
94;Tierra del Fuego;94008;Río Grande;NA;1;47247;2022
94;Tierra del Fuego;94011;Tolhuin;NA;1;3004;2022
94;Tierra del Fuego;94015;Ushuaia;NA;1;38749;2022
94;Tierra del Fuego;94028;Antártida Argentina;NA;1;20;2023
94;Tierra del Fuego;94008;Río Grande;NA;1;47545;2023
94;Tierra del Fuego;94011;Tolhuin;NA;1;3039;2023
94;Tierra del Fuego;94015;Ushuaia;NA;1;38964;2023
94;Tierra del Fuego;94028;Antártida Argentina;NA;1;20;2024
94;Tierra del Fuego;94008;Río Grande;NA;1;47806;2024
94;Tierra del Fuego;94011;Tolhuin;NA;1;3070;2024
94;Tierra del Fuego;94015;Ushuaia;NA;1;39152;2024
94;Tierra del Fuego;94028;Antártida Argentina;NA;1;20;2025
94;Tierra del Fuego;94008;Río Grande;NA;1;48079;2025
94;Tierra del Fuego;94011;Tolhuin;NA;1;3103;2025
94;Tierra del Fuego;94015;Ushuaia;NA;1;39350;2025
94;Tierra del Fuego;94028;Antártida Argentina;NA;1;20;2026
94;Tierra del Fuego;94008;Río Grande;NA;1;48348;2026
94;Tierra del Fuego;94011;Tolhuin;NA;1;3134;2026
94;Tierra del Fuego;94015;Ushuaia;NA;1;39545;2026
94;Tierra del Fuego;94028;Antártida Argentina;NA;1;20;2027
94;Tierra del Fuego;94008;Río Grande;NA;1;48616;2027
94;Tierra del Fuego;94011;Tolhuin;NA;1;3166;2027
94;Tierra del Fuego;94015;Ushuaia;NA;1;39739;2027
94;Tierra del Fuego;94028;Antártida Argentina;NA;1;20;2028
94;Tierra del Fuego;94008;Río Grande;NA;1;48886;2028
94;Tierra del Fuego;94011;Tolhuin;NA;1;3198;2028
94;Tierra del Fuego;94015;Ushuaia;NA;1;39934;2028
94;Tierra del Fuego;94028;Antártida Argentina;NA;1;20;2029
94;Tierra del Fuego;94008;Río Grande;NA;1;49153;2029
94;Tierra del Fuego;94011;Tolhuin;NA;1;3230;2029
94;Tierra del Fuego;94015;Ushuaia;NA;1;40127;2029
94;Tierra del Fuego;94028;Antártida Argentina;NA;1;20;2030
94;Tierra del Fuego;94008;Río Grande;NA;1;49426;2030
94;Tierra del Fuego;94011;Tolhuin;NA;1;3262;2030
94;Tierra del Fuego;94015;Ushuaia;NA;1;40325;2030
94;Tierra del Fuego;94028;Antártida Argentina;NA;1;20;2031
94;Tierra del Fuego;94008;Río Grande;NA;1;49698;2031
94;Tierra del Fuego;94011;Tolhuin;NA;1;3295;2031
94;Tierra del Fuego;94015;Ushuaia;NA;1;40521;2031
94;Tierra del Fuego;94028;Antártida Argentina;NA;1;20;2032
94;Tierra del Fuego;94008;Río Grande;NA;1;49978;2032
94;Tierra del Fuego;94011;Tolhuin;NA;1;3328;2032
94;Tierra del Fuego;94015;Ushuaia;NA;1;40724;2032
94;Tierra del Fuego;94028;Antártida Argentina;NA;1;20;2033
94;Tierra del Fuego;94008;Río Grande;NA;1;50263;2033
94;Tierra del Fuego;94011;Tolhuin;NA;1;3361;2033
94;Tierra del Fuego;94015;Ushuaia;NA;1;40930;2033
94;Tierra del Fuego;94028;Antártida Argentina;NA;1;20;2034
94;Tierra del Fuego;94008;Río Grande;NA;1;50568;2034
94;Tierra del Fuego;94011;Tolhuin;NA;1;3398;2034
94;Tierra del Fuego;94015;Ushuaia;NA;1;41151;2034
94;Tierra del Fuego;94028;Antártida Argentina;NA;1;20;2035
94;Tierra del Fuego;94008;Río Grande;NA;1;50874;2035
94;Tierra del Fuego;94011;Tolhuin;NA;1;3434;2035
94;Tierra del Fuego;94015;Ushuaia;NA;1;41371;2035
62;Río Negro;62091;25 de Mayo;NA;2;8721;2022
62;Río Negro;62049;9 de Julio;NA;2;2013;2022
62;Río Negro;62007;Adolfo Alsina;NA;2;32980;2022
62;Río Negro;62014;Avellaneda;NA;2;21463;2022
62;Río Negro;62021;Bariloche;NA;2;82678;2022
62;Río Negro;62028;Conesa;NA;2;3920;2022
62;Río Negro;62035;El Cuy;NA;2;3880;2022
62;Río Negro;62042;General Roca;NA;2;193944;2022
62;Río Negro;62063;Pichi Mahuida;NA;2;8496;2022
62;Río Negro;62070;Pilcaniyeu;NA;2;4920;2022
62;Río Negro;62077;San Antonio;NA;2;18427;2022
62;Río Negro;62084;Valcheta;NA;2;2273;2022
62;Río Negro;62056;Ñorquinco;NA;2;853;2022
62;Río Negro;62091;25 de Mayo;NA;2;8729;2023
62;Río Negro;62049;9 de Julio;NA;2;2014;2023
62;Río Negro;62007;Adolfo Alsina;NA;2;33093;2023
62;Río Negro;62014;Avellaneda;NA;2;21556;2023
62;Río Negro;62021;Bariloche;NA;2;83182;2023
62;Río Negro;62028;Conesa;NA;2;3927;2023
62;Río Negro;62035;El Cuy;NA;2;3912;2023
62;Río Negro;62042;General Roca;NA;2;194937;2023
62;Río Negro;62063;Pichi Mahuida;NA;2;8539;2023
62;Río Negro;62070;Pilcaniyeu;NA;2;4957;2023
62;Río Negro;62077;San Antonio;NA;2;18536;2023
62;Río Negro;62084;Valcheta;NA;2;2268;2023
62;Río Negro;62056;Ñorquinco;NA;2;845;2023
62;Río Negro;62091;25 de Mayo;NA;2;8738;2024
62;Río Negro;62049;9 de Julio;NA;2;2015;2024
62;Río Negro;62007;Adolfo Alsina;NA;2;33205;2024
62;Río Negro;62014;Avellaneda;NA;2;21650;2024
62;Río Negro;62021;Bariloche;NA;2;83686;2024
62;Río Negro;62028;Conesa;NA;2;3933;2024
62;Río Negro;62035;El Cuy;NA;2;3944;2024
62;Río Negro;62042;General Roca;NA;2;195930;2024
62;Río Negro;62063;Pichi Mahuida;NA;2;8583;2024
62;Río Negro;62070;Pilcaniyeu;NA;2;4993;2024
62;Río Negro;62077;San Antonio;NA;2;18644;2024
62;Río Negro;62084;Valcheta;NA;2;2263;2024
62;Río Negro;62056;Ñorquinco;NA;2;837;2024
62;Río Negro;62091;25 de Mayo;NA;2;8746;2025
62;Río Negro;62049;9 de Julio;NA;2;2017;2025
62;Río Negro;62007;Adolfo Alsina;NA;2;33320;2025
62;Río Negro;62014;Avellaneda;NA;2;21744;2025
62;Río Negro;62021;Bariloche;NA;2;84195;2025
62;Río Negro;62028;Conesa;NA;2;3940;2025
62;Río Negro;62035;El Cuy;NA;2;3977;2025
62;Río Negro;62042;General Roca;NA;2;196933;2025
62;Río Negro;62063;Pichi Mahuida;NA;2;8627;2025
62;Río Negro;62070;Pilcaniyeu;NA;2;5030;2025
62;Río Negro;62077;San Antonio;NA;2;18753;2025
62;Río Negro;62084;Valcheta;NA;2;2257;2025
62;Río Negro;62056;Ñorquinco;NA;2;829;2025
62;Río Negro;62091;25 de Mayo;NA;2;8755;2026
62;Río Negro;62049;9 de Julio;NA;2;2018;2026
62;Río Negro;62007;Adolfo Alsina;NA;2;33429;2026
62;Río Negro;62014;Avellaneda;NA;2;21836;2026
62;Río Negro;62021;Bariloche;NA;2;84685;2026
62;Río Negro;62028;Conesa;NA;2;3946;2026
62;Río Negro;62035;El Cuy;NA;2;4008;2026
62;Río Negro;62042;General Roca;NA;2;197899;2026
62;Río Negro;62063;Pichi Mahuida;NA;2;8670;2026
62;Río Negro;62070;Pilcaniyeu;NA;2;5065;2026
62;Río Negro;62077;San Antonio;NA;2;18858;2026
62;Río Negro;62084;Valcheta;NA;2;2252;2026
62;Río Negro;62056;Ñorquinco;NA;2;821;2026
62;Río Negro;62091;25 de Mayo;NA;2;8763;2027
62;Río Negro;62049;9 de Julio;NA;2;2019;2027
62;Río Negro;62007;Adolfo Alsina;NA;2;33535;2027
62;Río Negro;62014;Avellaneda;NA;2;21924;2027
62;Río Negro;62021;Bariloche;NA;2;85159;2027
62;Río Negro;62028;Conesa;NA;2;3952;2027
62;Río Negro;62035;El Cuy;NA;2;4039;2027
62;Río Negro;62042;General Roca;NA;2;198834;2027
62;Río Negro;62063;Pichi Mahuida;NA;2;8711;2027
62;Río Negro;62070;Pilcaniyeu;NA;2;5099;2027
62;Río Negro;62077;San Antonio;NA;2;18960;2027
62;Río Negro;62084;Valcheta;NA;2;2247;2027
62;Río Negro;62056;Ñorquinco;NA;2;813;2027
62;Río Negro;62091;25 de Mayo;NA;2;8771;2028
62;Río Negro;62049;9 de Julio;NA;2;2020;2028
62;Río Negro;62007;Adolfo Alsina;NA;2;33638;2028
62;Río Negro;62014;Avellaneda;NA;2;22009;2028
62;Río Negro;62021;Bariloche;NA;2;85617;2028
62;Río Negro;62028;Conesa;NA;2;3958;2028
62;Río Negro;62035;El Cuy;NA;2;4068;2028
62;Río Negro;62042;General Roca;NA;2;199737;2028
62;Río Negro;62063;Pichi Mahuida;NA;2;8750;2028
62;Río Negro;62070;Pilcaniyeu;NA;2;5132;2028
62;Río Negro;62077;San Antonio;NA;2;19059;2028
62;Río Negro;62084;Valcheta;NA;2;2242;2028
62;Río Negro;62056;Ñorquinco;NA;2;805;2028
62;Río Negro;62091;25 de Mayo;NA;2;8778;2029
62;Río Negro;62049;9 de Julio;NA;2;2022;2029
62;Río Negro;62007;Adolfo Alsina;NA;2;33738;2029
62;Río Negro;62014;Avellaneda;NA;2;22092;2029
62;Río Negro;62021;Bariloche;NA;2;86063;2029
62;Río Negro;62028;Conesa;NA;2;3964;2029
62;Río Negro;62035;El Cuy;NA;2;4096;2029
62;Río Negro;62042;General Roca;NA;2;200615;2029
62;Río Negro;62063;Pichi Mahuida;NA;2;8789;2029
62;Río Negro;62070;Pilcaniyeu;NA;2;5164;2029
62;Río Negro;62077;San Antonio;NA;2;19154;2029
62;Río Negro;62084;Valcheta;NA;2;2238;2029
62;Río Negro;62056;Ñorquinco;NA;2;798;2029
62;Río Negro;62091;25 de Mayo;NA;2;8785;2030
62;Río Negro;62049;9 de Julio;NA;2;2022;2030
62;Río Negro;62007;Adolfo Alsina;NA;2;33836;2030
62;Río Negro;62014;Avellaneda;NA;2;22173;2030
62;Río Negro;62021;Bariloche;NA;2;86499;2030
62;Río Negro;62028;Conesa;NA;2;3970;2030
62;Río Negro;62035;El Cuy;NA;2;4124;2030
62;Río Negro;62042;General Roca;NA;2;201474;2030
62;Río Negro;62063;Pichi Mahuida;NA;2;8827;2030
62;Río Negro;62070;Pilcaniyeu;NA;2;5195;2030
62;Río Negro;62077;San Antonio;NA;2;19248;2030
62;Río Negro;62084;Valcheta;NA;2;2233;2030
62;Río Negro;62056;Ñorquinco;NA;2;791;2030
62;Río Negro;62091;25 de Mayo;NA;2;8793;2031
62;Río Negro;62049;9 de Julio;NA;2;2024;2031
62;Río Negro;62007;Adolfo Alsina;NA;2;33933;2031
62;Río Negro;62014;Avellaneda;NA;2;22253;2031
62;Río Negro;62021;Bariloche;NA;2;86933;2031
62;Río Negro;62028;Conesa;NA;2;3975;2031
62;Río Negro;62035;El Cuy;NA;2;4152;2031
62;Río Negro;62042;General Roca;NA;2;202329;2031
62;Río Negro;62063;Pichi Mahuida;NA;2;8865;2031
62;Río Negro;62070;Pilcaniyeu;NA;2;5227;2031
62;Río Negro;62077;San Antonio;NA;2;19341;2031
62;Río Negro;62084;Valcheta;NA;2;2228;2031
62;Río Negro;62056;Ñorquinco;NA;2;783;2031
62;Río Negro;62091;25 de Mayo;NA;2;8800;2032
62;Río Negro;62049;9 de Julio;NA;2;2025;2032
62;Río Negro;62007;Adolfo Alsina;NA;2;34029;2032
62;Río Negro;62014;Avellaneda;NA;2;22333;2032
62;Río Negro;62021;Bariloche;NA;2;87362;2032
62;Río Negro;62028;Conesa;NA;2;3981;2032
62;Río Negro;62035;El Cuy;NA;2;4179;2032
62;Río Negro;62042;General Roca;NA;2;203175;2032
62;Río Negro;62063;Pichi Mahuida;NA;2;8902;2032
62;Río Negro;62070;Pilcaniyeu;NA;2;5258;2032
62;Río Negro;62077;San Antonio;NA;2;19433;2032
62;Río Negro;62084;Valcheta;NA;2;2223;2032
62;Río Negro;62056;Ñorquinco;NA;2;776;2032
62;Río Negro;62091;25 de Mayo;NA;2;8807;2033
62;Río Negro;62049;9 de Julio;NA;2;2026;2033
62;Río Negro;62007;Adolfo Alsina;NA;2;34125;2033
62;Río Negro;62014;Avellaneda;NA;2;22412;2033
62;Río Negro;62021;Bariloche;NA;2;87789;2033
62;Río Negro;62028;Conesa;NA;2;3986;2033
62;Río Negro;62035;El Cuy;NA;2;4207;2033
62;Río Negro;62042;General Roca;NA;2;204016;2033
62;Río Negro;62063;Pichi Mahuida;NA;2;8939;2033
62;Río Negro;62070;Pilcaniyeu;NA;2;5288;2033
62;Río Negro;62077;San Antonio;NA;2;19525;2033
62;Río Negro;62084;Valcheta;NA;2;2219;2033
62;Río Negro;62056;Ñorquinco;NA;2;769;2033
62;Río Negro;62091;25 de Mayo;NA;2;8814;2034
62;Río Negro;62049;9 de Julio;NA;2;2027;2034
62;Río Negro;62007;Adolfo Alsina;NA;2;34220;2034
62;Río Negro;62014;Avellaneda;NA;2;22491;2034
62;Río Negro;62021;Bariloche;NA;2;88211;2034
62;Río Negro;62028;Conesa;NA;2;3992;2034
62;Río Negro;62035;El Cuy;NA;2;4233;2034
62;Río Negro;62042;General Roca;NA;2;204850;2034
62;Río Negro;62063;Pichi Mahuida;NA;2;8975;2034
62;Río Negro;62070;Pilcaniyeu;NA;2;5319;2034
62;Río Negro;62077;San Antonio;NA;2;19616;2034
62;Río Negro;62084;Valcheta;NA;2;2214;2034
62;Río Negro;62056;Ñorquinco;NA;2;762;2034
62;Río Negro;62091;25 de Mayo;NA;2;8821;2035
62;Río Negro;62049;9 de Julio;NA;2;2028;2035
62;Río Negro;62007;Adolfo Alsina;NA;2;34314;2035
62;Río Negro;62014;Avellaneda;NA;2;22569;2035
62;Río Negro;62021;Bariloche;NA;2;88630;2035
62;Río Negro;62028;Conesa;NA;2;3997;2035
62;Río Negro;62035;El Cuy;NA;2;4260;2035
62;Río Negro;62042;General Roca;NA;2;205676;2035
62;Río Negro;62063;Pichi Mahuida;NA;2;9012;2035
62;Río Negro;62070;Pilcaniyeu;NA;2;5349;2035
62;Río Negro;62077;San Antonio;NA;2;19706;2035
62;Río Negro;62084;Valcheta;NA;2;2209;2035
62;Río Negro;62056;Ñorquinco;NA;2;756;2035
62;Río Negro;62091;25 de Mayo;NA;1;8574;2022
62;Río Negro;62049;9 de Julio;NA;1;1836;2022
62;Río Negro;62007;Adolfo Alsina;NA;1;33708;2022
62;Río Negro;62014;Avellaneda;NA;1;21312;2022
62;Río Negro;62021;Bariloche;NA;1;84916;2022
62;Río Negro;62028;Conesa;NA;1;3766;2022
62;Río Negro;62035;El Cuy;NA;1;3326;2022
62;Río Negro;62042;General Roca;NA;1;199575;2022
62;Río Negro;62063;Pichi Mahuida;NA;1;8623;2022
62;Río Negro;62070;Pilcaniyeu;NA;1;4748;2022
62;Río Negro;62077;San Antonio;NA;1;18590;2022
62;Río Negro;62084;Valcheta;NA;1;2196;2022
62;Río Negro;62056;Ñorquinco;NA;1;651;2022
62;Río Negro;62091;25 de Mayo;NA;1;8594;2023
62;Río Negro;62049;9 de Julio;NA;1;1842;2023
62;Río Negro;62007;Adolfo Alsina;NA;1;33829;2023
62;Río Negro;62014;Avellaneda;NA;1;21440;2023
62;Río Negro;62021;Bariloche;NA;1;85493;2023
62;Río Negro;62028;Conesa;NA;1;3769;2023
62;Río Negro;62035;El Cuy;NA;1;3360;2023
62;Río Negro;62042;General Roca;NA;1;200674;2023
62;Río Negro;62063;Pichi Mahuida;NA;1;8666;2023
62;Río Negro;62070;Pilcaniyeu;NA;1;4786;2023
62;Río Negro;62077;San Antonio;NA;1;18731;2023
62;Río Negro;62084;Valcheta;NA;1;2191;2023
62;Río Negro;62056;Ñorquinco;NA;1;646;2023
62;Río Negro;62091;25 de Mayo;NA;1;8614;2024
62;Río Negro;62049;9 de Julio;NA;1;1847;2024
62;Río Negro;62007;Adolfo Alsina;NA;1;33947;2024
62;Río Negro;62014;Avellaneda;NA;1;21565;2024
62;Río Negro;62021;Bariloche;NA;1;86057;2024
62;Río Negro;62028;Conesa;NA;1;3772;2024
62;Río Negro;62035;El Cuy;NA;1;3393;2024
62;Río Negro;62042;General Roca;NA;1;201748;2024
62;Río Negro;62063;Pichi Mahuida;NA;1;8709;2024
62;Río Negro;62070;Pilcaniyeu;NA;1;4822;2024
62;Río Negro;62077;San Antonio;NA;1;18868;2024
62;Río Negro;62084;Valcheta;NA;1;2187;2024
62;Río Negro;62056;Ñorquinco;NA;1;641;2024
62;Río Negro;62091;25 de Mayo;NA;1;8634;2025
62;Río Negro;62049;9 de Julio;NA;1;1852;2025
62;Río Negro;62007;Adolfo Alsina;NA;1;34063;2025
62;Río Negro;62014;Avellaneda;NA;1;21688;2025
62;Río Negro;62021;Bariloche;NA;1;86613;2025
62;Río Negro;62028;Conesa;NA;1;3774;2025
62;Río Negro;62035;El Cuy;NA;1;3426;2025
62;Río Negro;62042;General Roca;NA;1;202807;2025
62;Río Negro;62063;Pichi Mahuida;NA;1;8752;2025
62;Río Negro;62070;Pilcaniyeu;NA;1;4859;2025
62;Río Negro;62077;San Antonio;NA;1;19003;2025
62;Río Negro;62084;Valcheta;NA;1;2183;2025
62;Río Negro;62056;Ñorquinco;NA;1;636;2025
62;Río Negro;62091;25 de Mayo;NA;1;8653;2026
62;Río Negro;62049;9 de Julio;NA;1;1858;2026
62;Río Negro;62007;Adolfo Alsina;NA;1;34176;2026
62;Río Negro;62014;Avellaneda;NA;1;21807;2026
62;Río Negro;62021;Bariloche;NA;1;87152;2026
62;Río Negro;62028;Conesa;NA;1;3777;2026
62;Río Negro;62035;El Cuy;NA;1;3457;2026
62;Río Negro;62042;General Roca;NA;1;203833;2026
62;Río Negro;62063;Pichi Mahuida;NA;1;8793;2026
62;Río Negro;62070;Pilcaniyeu;NA;1;4894;2026
62;Río Negro;62077;San Antonio;NA;1;19135;2026
62;Río Negro;62084;Valcheta;NA;1;2179;2026
62;Río Negro;62056;Ñorquinco;NA;1;631;2026
62;Río Negro;62091;25 de Mayo;NA;1;8672;2027
62;Río Negro;62049;9 de Julio;NA;1;1863;2027
62;Río Negro;62007;Adolfo Alsina;NA;1;34285;2027
62;Río Negro;62014;Avellaneda;NA;1;21922;2027
62;Río Negro;62021;Bariloche;NA;1;87671;2027
62;Río Negro;62028;Conesa;NA;1;3779;2027
62;Río Negro;62035;El Cuy;NA;1;3487;2027
62;Río Negro;62042;General Roca;NA;1;204822;2027
62;Río Negro;62063;Pichi Mahuida;NA;1;8832;2027
62;Río Negro;62070;Pilcaniyeu;NA;1;4928;2027
62;Río Negro;62077;San Antonio;NA;1;19261;2027
62;Río Negro;62084;Valcheta;NA;1;2175;2027
62;Río Negro;62056;Ñorquinco;NA;1;626;2027
62;Río Negro;62091;25 de Mayo;NA;1;8690;2028
62;Río Negro;62049;9 de Julio;NA;1;1867;2028
62;Río Negro;62007;Adolfo Alsina;NA;1;34390;2028
62;Río Negro;62014;Avellaneda;NA;1;22033;2028
62;Río Negro;62021;Bariloche;NA;1;88173;2028
62;Río Negro;62028;Conesa;NA;1;3782;2028
62;Río Negro;62035;El Cuy;NA;1;3517;2028
62;Río Negro;62042;General Roca;NA;1;205777;2028
62;Río Negro;62063;Pichi Mahuida;NA;1;8871;2028
62;Río Negro;62070;Pilcaniyeu;NA;1;4960;2028
62;Río Negro;62077;San Antonio;NA;1;19383;2028
62;Río Negro;62084;Valcheta;NA;1;2172;2028
62;Río Negro;62056;Ñorquinco;NA;1;621;2028
62;Río Negro;62091;25 de Mayo;NA;1;8707;2029
62;Río Negro;62049;9 de Julio;NA;1;1872;2029
62;Río Negro;62007;Adolfo Alsina;NA;1;34492;2029
62;Río Negro;62014;Avellaneda;NA;1;22140;2029
62;Río Negro;62021;Bariloche;NA;1;88658;2029
62;Río Negro;62028;Conesa;NA;1;3784;2029
62;Río Negro;62035;El Cuy;NA;1;3545;2029
62;Río Negro;62042;General Roca;NA;1;206701;2029
62;Río Negro;62063;Pichi Mahuida;NA;1;8908;2029
62;Río Negro;62070;Pilcaniyeu;NA;1;4992;2029
62;Río Negro;62077;San Antonio;NA;1;19501;2029
62;Río Negro;62084;Valcheta;NA;1;2168;2029
62;Río Negro;62056;Ñorquinco;NA;1;617;2029
62;Río Negro;62091;25 de Mayo;NA;1;8724;2030
62;Río Negro;62049;9 de Julio;NA;1;1876;2030
62;Río Negro;62007;Adolfo Alsina;NA;1;34591;2030
62;Río Negro;62014;Avellaneda;NA;1;22245;2030
62;Río Negro;62021;Bariloche;NA;1;89133;2030
62;Río Negro;62028;Conesa;NA;1;3786;2030
62;Río Negro;62035;El Cuy;NA;1;3573;2030
62;Río Negro;62042;General Roca;NA;1;207606;2030
62;Río Negro;62063;Pichi Mahuida;NA;1;8944;2030
62;Río Negro;62070;Pilcaniyeu;NA;1;5023;2030
62;Río Negro;62077;San Antonio;NA;1;19617;2030
62;Río Negro;62084;Valcheta;NA;1;2164;2030
62;Río Negro;62056;Ñorquinco;NA;1;613;2030
62;Río Negro;62091;25 de Mayo;NA;1;8740;2031
62;Río Negro;62049;9 de Julio;NA;1;1881;2031
62;Río Negro;62007;Adolfo Alsina;NA;1;34689;2031
62;Río Negro;62014;Avellaneda;NA;1;22348;2031
62;Río Negro;62021;Bariloche;NA;1;89600;2031
62;Río Negro;62028;Conesa;NA;1;3789;2031
62;Río Negro;62035;El Cuy;NA;1;3600;2031
62;Río Negro;62042;General Roca;NA;1;208494;2031
62;Río Negro;62063;Pichi Mahuida;NA;1;8979;2031
62;Río Negro;62070;Pilcaniyeu;NA;1;5053;2031
62;Río Negro;62077;San Antonio;NA;1;19731;2031
62;Río Negro;62084;Valcheta;NA;1;2161;2031
62;Río Negro;62056;Ñorquinco;NA;1;608;2031
62;Río Negro;62091;25 de Mayo;NA;1;8757;2032
62;Río Negro;62049;9 de Julio;NA;1;1886;2032
62;Río Negro;62007;Adolfo Alsina;NA;1;34785;2032
62;Río Negro;62014;Avellaneda;NA;1;22450;2032
62;Río Negro;62021;Bariloche;NA;1;90061;2032
62;Río Negro;62028;Conesa;NA;1;3791;2032
62;Río Negro;62035;El Cuy;NA;1;3627;2032
62;Río Negro;62042;General Roca;NA;1;209372;2032
62;Río Negro;62063;Pichi Mahuida;NA;1;9014;2032
62;Río Negro;62070;Pilcaniyeu;NA;1;5083;2032
62;Río Negro;62077;San Antonio;NA;1;19843;2032
62;Río Negro;62084;Valcheta;NA;1;2157;2032
62;Río Negro;62056;Ñorquinco;NA;1;604;2032
62;Río Negro;62091;25 de Mayo;NA;1;8773;2033
62;Río Negro;62049;9 de Julio;NA;1;1890;2033
62;Río Negro;62007;Adolfo Alsina;NA;1;34880;2033
62;Río Negro;62014;Avellaneda;NA;1;22550;2033
62;Río Negro;62021;Bariloche;NA;1;90512;2033
62;Río Negro;62028;Conesa;NA;1;3793;2033
62;Río Negro;62035;El Cuy;NA;1;3654;2033
62;Río Negro;62042;General Roca;NA;1;210232;2033
62;Río Negro;62063;Pichi Mahuida;NA;1;9049;2033
62;Río Negro;62070;Pilcaniyeu;NA;1;5112;2033
62;Río Negro;62077;San Antonio;NA;1;19953;2033
62;Río Negro;62084;Valcheta;NA;1;2154;2033
62;Río Negro;62056;Ñorquinco;NA;1;600;2033
62;Río Negro;62091;25 de Mayo;NA;1;8789;2034
62;Río Negro;62049;9 de Julio;NA;1;1894;2034
62;Río Negro;62007;Adolfo Alsina;NA;1;34973;2034
62;Río Negro;62014;Avellaneda;NA;1;22649;2034
62;Río Negro;62021;Bariloche;NA;1;90959;2034
62;Río Negro;62028;Conesa;NA;1;3795;2034
62;Río Negro;62035;El Cuy;NA;1;3680;2034
62;Río Negro;62042;General Roca;NA;1;211083;2034
62;Río Negro;62063;Pichi Mahuida;NA;1;9083;2034
62;Río Negro;62070;Pilcaniyeu;NA;1;5142;2034
62;Río Negro;62077;San Antonio;NA;1;20062;2034
62;Río Negro;62084;Valcheta;NA;1;2150;2034
62;Río Negro;62056;Ñorquinco;NA;1;596;2034
62;Río Negro;62091;25 de Mayo;NA;1;8805;2035
62;Río Negro;62049;9 de Julio;NA;1;1898;2035
62;Río Negro;62007;Adolfo Alsina;NA;1;35065;2035
62;Río Negro;62014;Avellaneda;NA;1;22746;2035
62;Río Negro;62021;Bariloche;NA;1;91398;2035
62;Río Negro;62028;Conesa;NA;1;3797;2035
62;Río Negro;62035;El Cuy;NA;1;3706;2035
62;Río Negro;62042;General Roca;NA;1;211920;2035
62;Río Negro;62063;Pichi Mahuida;NA;1;9116;2035
62;Río Negro;62070;Pilcaniyeu;NA;1;5170;2035
62;Río Negro;62077;San Antonio;NA;1;20169;2035
62;Río Negro;62084;Valcheta;NA;1;2147;2035
62;Río Negro;62056;Ñorquinco;NA;1;592;2035
06;Buenos Aires;06028;Almirante Brown;1;2;285832;2022
06;Buenos Aires;06035;Avellaneda;1;2;176473;2022
06;Buenos Aires;06091;Berazategui;1;2;175628;2022
06;Buenos Aires;06098;Berisso;1;2;49839;2022
06;Buenos Aires;06119;Brandsen;1;2;16302;2022
06;Buenos Aires;06126;Campana;1;2;55449;2022
06;Buenos Aires;06134;Cañuelas;1;2;35767;2022
06;Buenos Aires;06245;Ensenada;1;2;31934;2022
06;Buenos Aires;06252;Escobar;1;2;128361;2022
06;Buenos Aires;06260;Esteban Echeverría;1;2;166167;2022
06;Buenos Aires;06266;Exaltación de la Cruz;1;2;20182;2022
06;Buenos Aires;06270;Ezeiza;1;2;100562;2022
06;Buenos Aires;06274;Florencio Varela;1;2;249890;2022
06;Buenos Aires;06364;General Rodríguez;1;2;71722;2022
06;Buenos Aires;06371;General San Martín;1;2;216563;2022
06;Buenos Aires;06408;Hurlingham;1;2;90406;2022
06;Buenos Aires;06410;Ituzaingó;1;2;86678;2022
06;Buenos Aires;06412;José C. Paz;1;2;162052;2022
06;Buenos Aires;06427;La Matanza;1;2;899059;2022
06;Buenos Aires;06434;Lanús;1;2;221892;2022
06;Buenos Aires;06441;La Plata;1;2;371403;2022
06;Buenos Aires;06490;Lomas de Zamora;1;2;337516;2022
06;Buenos Aires;06497;Luján;1;2;54447;2022
06;Buenos Aires;06515;Malvinas Argentinas;1;2;172668;2022
06;Buenos Aires;06525;Marcos Paz;1;2;34419;2022
06;Buenos Aires;06539;Merlo;1;2;286042;2022
06;Buenos Aires;06560;Moreno;1;2;285654;2022
06;Buenos Aires;06568;Morón;1;2;159444;2022
06;Buenos Aires;06638;Pilar;1;2;196297;2022
06;Buenos Aires;06648;Presidente Perón;1;2;51546;2022
06;Buenos Aires;06658;Quilmes;1;2;308927;2022
06;Buenos Aires;06749;San Fernando;1;2;82925;2022
06;Buenos Aires;06756;San Isidro;1;2;142084;2022
06;Buenos Aires;06760;San Miguel;1;2;161070;2022
06;Buenos Aires;06778;San Vicente;1;2;49638;2022
06;Buenos Aires;06805;Tigre;1;2;220279;2022
06;Buenos Aires;06840;Tres de Febrero;1;2;175882;2022
06;Buenos Aires;06861;Vicente López;1;2;133780;2022
06;Buenos Aires;06882;Zárate;1;2;65450;2022
06;Buenos Aires;06007;Adolfo Alsina;0;2;8794;2022
06;Buenos Aires;06014;Adolfo Gonzales Chaves;0;2;6410;2022
06;Buenos Aires;06021;Alberti;0;2;6355;2022
06;Buenos Aires;06042;Ayacucho;0;2;10868;2022
06;Buenos Aires;06049;Azul;0;2;37264;2022
06;Buenos Aires;06056;Bahía Blanca;0;2;163901;2022
06;Buenos Aires;06063;Balcarce;0;2;24087;2022
06;Buenos Aires;06070;Baradero;0;2;19589;2022
06;Buenos Aires;06077;Arrecifes;0;2;15671;2022
06;Buenos Aires;06084;Benito Juárez;0;2;11538;2022
06;Buenos Aires;06105;Bolívar;0;2;18073;2022
06;Buenos Aires;06112;Bragado;0;2;22811;2022
06;Buenos Aires;06140;Capitán Sarmiento;0;2;7804;2022
06;Buenos Aires;06147;Carlos Casares;0;2;11261;2022
06;Buenos Aires;06154;Carlos Tejedor;0;2;7107;2022
06;Buenos Aires;06161;Carmen de Areco;0;2;8802;2022
06;Buenos Aires;06168;Castelli;0;2;4765;2022
06;Buenos Aires;06175;Colón;0;2;13528;2022
06;Buenos Aires;06182;Coronel de Marina Leonardo Rosales;0;2;32732;2022
06;Buenos Aires;06189;Coronel Dorrego;0;2;7853;2022
06;Buenos Aires;06196;Coronel Pringles;0;2;11810;2022
06;Buenos Aires;06203;Coronel Suárez;0;2;20763;2022
06;Buenos Aires;06210;Chacabuco;0;2;25835;2022
06;Buenos Aires;06218;Chascomús;0;2;20869;2022
06;Buenos Aires;06224;Chivilcoy;0;2;34259;2022
06;Buenos Aires;06231;Daireaux;0;2;9158;2022
06;Buenos Aires;06238;Dolores;0;2;15875;2022
06;Buenos Aires;06277;Florentino Ameghino;0;2;5397;2022
06;Buenos Aires;06280;General Alvarado;0;2;22501;2022
06;Buenos Aires;06287;General Alvear;0;2;7646;2022
06;Buenos Aires;06294;General Arenales;0;2;8067;2022
06;Buenos Aires;06301;General Belgrano;0;2;10028;2022
06;Buenos Aires;06308;General Guido;0;2;1602;2022
06;Buenos Aires;06315;General Juan Madariaga;0;2;10965;2022
06;Buenos Aires;06322;General La Madrid;0;2;5741;2022
06;Buenos Aires;06329;General Las Heras;0;2;8875;2022
06;Buenos Aires;06336;General Lavalle;0;2;2430;2022
06;Buenos Aires;06343;General Paz;0;2;6979;2022
06;Buenos Aires;06351;General Pinto;0;2;6445;2022
06;Buenos Aires;06357;General Pueyrredón;0;2;319693;2022
06;Buenos Aires;06385;General Viamonte;0;2;11068;2022
06;Buenos Aires;06392;General Villegas;0;2;17683;2022
06;Buenos Aires;06399;Guaminí;0;2;5883;2022
06;Buenos Aires;06406;Hipólito Yrigoyen;0;2;5315;2022
06;Buenos Aires;06413;Junín;0;2;51228;2022
06;Buenos Aires;06420;La Costa;0;2;49872;2022
06;Buenos Aires;06448;Laprida;0;2;5686;2022
06;Buenos Aires;06455;Las Flores;0;2;13091;2022
06;Buenos Aires;06462;Leandro N. Alem;0;2;8538;2022
06;Buenos Aires;06466;Lezama;0;2;3045;2022
06;Buenos Aires;06469;Lincoln;0;2;22434;2022
06;Buenos Aires;06476;Lobería;0;2;9151;2022
06;Buenos Aires;06483;Lobos;0;2;20087;2022
06;Buenos Aires;06505;Magdalena;0;2;15214;2022
06;Buenos Aires;06511;Maipú;0;2;5485;2022
06;Buenos Aires;06518;Mar Chiquita;0;2;16756;2022
06;Buenos Aires;06532;Mercedes;0;2;36118;2022
06;Buenos Aires;06547;Monte;0;2;12134;2022
06;Buenos Aires;06553;Monte Hermoso;0;2;4282;2022
06;Buenos Aires;06574;Navarro;0;2;9795;2022
06;Buenos Aires;06581;Necochea;0;2;49466;2022
06;Buenos Aires;06588;9 de Julio;0;2;25320;2022
06;Buenos Aires;06595;Olavarría;0;2;62959;2022
06;Buenos Aires;06602;Patagones;0;2;18905;2022
06;Buenos Aires;06609;Pehuajó;0;2;21837;2022
06;Buenos Aires;06616;Pellegrini;0;2;3551;2022
06;Buenos Aires;06623;Pergamino;0;2;55871;2022
06;Buenos Aires;06630;Pila;0;2;2315;2022
06;Buenos Aires;06644;Pinamar;0;2;19910;2022
06;Buenos Aires;06651;Puán;0;2;8232;2022
06;Buenos Aires;06655;Punta Indio;0;2;6129;2022
06;Buenos Aires;06665;Ramallo;0;2;19906;2022
06;Buenos Aires;06672;Rauch;0;2;8334;2022
06;Buenos Aires;06679;Rivadavia;0;2;9979;2022
06;Buenos Aires;06686;Rojas;0;2;12571;2022
06;Buenos Aires;06693;Roque Pérez;0;2;6806;2022
06;Buenos Aires;06700;Saavedra;0;2;11199;2022
06;Buenos Aires;06707;Saladillo;0;2;17353;2022
06;Buenos Aires;06714;Salto;0;2;19530;2022
06;Buenos Aires;06721;Salliqueló;0;2;4683;2022
06;Buenos Aires;06728;San Andrés de Giles;0;2;13316;2022
06;Buenos Aires;06735;San Antonio de Areco;0;2;13217;2022
06;Buenos Aires;06742;San Cayetano;0;2;4474;2022
06;Buenos Aires;06763;San Nicolás;0;2;82529;2022
06;Buenos Aires;06770;San Pedro;0;2;34094;2022
06;Buenos Aires;06784;Suipacha;0;2;5832;2022
06;Buenos Aires;06791;Tandil;0;2;70806;2022
06;Buenos Aires;06798;Tapalqué;0;2;5308;2022
06;Buenos Aires;06812;Tordillo;0;2;1334;2022
06;Buenos Aires;06819;Tornquist;0;2;7357;2022
06;Buenos Aires;06826;Trenque Lauquen;0;2;24567;2022
06;Buenos Aires;06833;Tres Arroyos;0;2;30729;2022
06;Buenos Aires;06847;Tres Lomas;0;2;4611;2022
06;Buenos Aires;06854;25 de Mayo;0;2;17255;2022
06;Buenos Aires;06868;Villa Gesell;0;2;18496;2022
06;Buenos Aires;06875;Villarino;0;2;16741;2022
06;Buenos Aires;06028;Almirante Brown;1;2;285902;2023
06;Buenos Aires;06035;Avellaneda;1;2;176555;2023
06;Buenos Aires;06091;Berazategui;1;2;175739;2023
06;Buenos Aires;06098;Berisso;1;2;49888;2023
06;Buenos Aires;06119;Brandsen;1;2;16326;2023
06;Buenos Aires;06126;Campana;1;2;55508;2023
06;Buenos Aires;06134;Cañuelas;1;2;35845;2023
06;Buenos Aires;06245;Ensenada;1;2;31963;2023
06;Buenos Aires;06252;Escobar;1;2;128529;2023
06;Buenos Aires;06260;Esteban Echeverría;1;2;166299;2023
06;Buenos Aires;06266;Exaltación de la Cruz;1;2;20224;2023
06;Buenos Aires;06270;Ezeiza;1;2;100709;2023
06;Buenos Aires;06274;Florencio Varela;1;2;250167;2023
06;Buenos Aires;06364;General Rodríguez;1;2;71956;2023
06;Buenos Aires;06371;General San Martín;1;2;216671;2023
06;Buenos Aires;06408;Hurlingham;1;2;90424;2023
06;Buenos Aires;06410;Ituzaingó;1;2;86706;2023
06;Buenos Aires;06412;José C. Paz;1;2;162286;2023
06;Buenos Aires;06427;La Matanza;1;2;899652;2023
06;Buenos Aires;06434;Lanús;1;2;221892;2023
06;Buenos Aires;06441;La Plata;1;2;371802;2023
06;Buenos Aires;06490;Lomas de Zamora;1;2;337789;2023
06;Buenos Aires;06497;Luján;1;2;54455;2023
06;Buenos Aires;06515;Malvinas Argentinas;1;2;172747;2023
06;Buenos Aires;06525;Marcos Paz;1;2;34470;2023
06;Buenos Aires;06539;Merlo;1;2;286179;2023
06;Buenos Aires;06560;Moreno;1;2;285813;2023
06;Buenos Aires;06568;Morón;1;2;159460;2023
06;Buenos Aires;06638;Pilar;1;2;196677;2023
06;Buenos Aires;06648;Presidente Perón;1;2;51635;2023
06;Buenos Aires;06658;Quilmes;1;2;309096;2023
06;Buenos Aires;06749;San Fernando;1;2;82943;2023
06;Buenos Aires;06756;San Isidro;1;2;142098;2023
06;Buenos Aires;06760;San Miguel;1;2;161265;2023
06;Buenos Aires;06778;San Vicente;1;2;49805;2023
06;Buenos Aires;06805;Tigre;1;2;220550;2023
06;Buenos Aires;06840;Tres de Febrero;1;2;175961;2023
06;Buenos Aires;06861;Vicente López;1;2;133815;2023
06;Buenos Aires;06882;Zárate;1;2;65510;2023
06;Buenos Aires;06007;Adolfo Alsina;0;2;8796;2023
06;Buenos Aires;06014;Adolfo Gonzales Chaves;0;2;6412;2023
06;Buenos Aires;06021;Alberti;0;2;6364;2023
06;Buenos Aires;06042;Ayacucho;0;2;10873;2023
06;Buenos Aires;06049;Azul;0;2;37304;2023
06;Buenos Aires;06056;Bahía Blanca;0;2;164029;2023
06;Buenos Aires;06063;Balcarce;0;2;24103;2023
06;Buenos Aires;06070;Baradero;0;2;19615;2023
06;Buenos Aires;06077;Arrecifes;0;2;15682;2023
06;Buenos Aires;06084;Benito Juárez;0;2;11546;2023
06;Buenos Aires;06105;Bolívar;0;2;18079;2023
06;Buenos Aires;06112;Bragado;0;2;22830;2023
06;Buenos Aires;06140;Capitán Sarmiento;0;2;7809;2023
06;Buenos Aires;06147;Carlos Casares;0;2;11262;2023
06;Buenos Aires;06154;Carlos Tejedor;0;2;7117;2023
06;Buenos Aires;06161;Carmen de Areco;0;2;8813;2023
06;Buenos Aires;06168;Castelli;0;2;4771;2023
06;Buenos Aires;06175;Colón;0;2;13538;2023
06;Buenos Aires;06182;Coronel de Marina Leonardo Rosales;0;2;32745;2023
06;Buenos Aires;06189;Coronel Dorrego;0;2;7853;2023
06;Buenos Aires;06196;Coronel Pringles;0;2;11813;2023
06;Buenos Aires;06203;Coronel Suárez;0;2;20776;2023
06;Buenos Aires;06210;Chacabuco;0;2;25848;2023
06;Buenos Aires;06218;Chascomús;0;2;20890;2023
06;Buenos Aires;06224;Chivilcoy;0;2;34282;2023
06;Buenos Aires;06231;Daireaux;0;2;9162;2023
06;Buenos Aires;06238;Dolores;0;2;15896;2023
06;Buenos Aires;06277;Florentino Ameghino;0;2;5404;2023
06;Buenos Aires;06280;General Alvarado;0;2;22523;2023
06;Buenos Aires;06287;General Alvear;0;2;7656;2023
06;Buenos Aires;06294;General Arenales;0;2;8072;2023
06;Buenos Aires;06301;General Belgrano;0;2;10039;2023
06;Buenos Aires;06308;General Guido;0;2;1603;2023
06;Buenos Aires;06315;General Juan Madariaga;0;2;10975;2023
06;Buenos Aires;06322;General La Madrid;0;2;5743;2023
06;Buenos Aires;06329;General Las Heras;0;2;8887;2023
06;Buenos Aires;06336;General Lavalle;0;2;2435;2023
06;Buenos Aires;06343;General Paz;0;2;6990;2023
06;Buenos Aires;06351;General Pinto;0;2;6450;2023
06;Buenos Aires;06357;General Pueyrredón;0;2;319831;2023
06;Buenos Aires;06385;General Viamonte;0;2;11084;2023
06;Buenos Aires;06392;General Villegas;0;2;17698;2023
06;Buenos Aires;06399;Guaminí;0;2;5881;2023
06;Buenos Aires;06406;Hipólito Yrigoyen;0;2;5319;2023
06;Buenos Aires;06413;Junín;0;2;51282;2023
06;Buenos Aires;06420;La Costa;0;2;49997;2023
06;Buenos Aires;06448;Laprida;0;2;5691;2023
06;Buenos Aires;06455;Las Flores;0;2;13101;2023
06;Buenos Aires;06462;Leandro N. Alem;0;2;8538;2023
06;Buenos Aires;06466;Lezama;0;2;3047;2023
06;Buenos Aires;06469;Lincoln;0;2;22446;2023
06;Buenos Aires;06476;Lobería;0;2;9152;2023
06;Buenos Aires;06483;Lobos;0;2;20105;2023
06;Buenos Aires;06505;Magdalena;0;2;15250;2023
06;Buenos Aires;06511;Maipú;0;2;5489;2023
06;Buenos Aires;06518;Mar Chiquita;0;2;16806;2023
06;Buenos Aires;06532;Mercedes;0;2;36154;2023
06;Buenos Aires;06547;Monte;0;2;12147;2023
06;Buenos Aires;06553;Monte Hermoso;0;2;4290;2023
06;Buenos Aires;06574;Navarro;0;2;9804;2023
06;Buenos Aires;06581;Necochea;0;2;49498;2023
06;Buenos Aires;06588;9 de Julio;0;2;25333;2023
06;Buenos Aires;06595;Olavarría;0;2;63012;2023
06;Buenos Aires;06602;Patagones;0;2;18934;2023
06;Buenos Aires;06609;Pehuajó;0;2;21854;2023
06;Buenos Aires;06616;Pellegrini;0;2;3556;2023
06;Buenos Aires;06623;Pergamino;0;2;55916;2023
06;Buenos Aires;06630;Pila;0;2;2319;2023
06;Buenos Aires;06644;Pinamar;0;2;19967;2023
06;Buenos Aires;06651;Puán;0;2;8235;2023
06;Buenos Aires;06655;Punta Indio;0;2;6138;2023
06;Buenos Aires;06665;Ramallo;0;2;19933;2023
06;Buenos Aires;06672;Rauch;0;2;8339;2023
06;Buenos Aires;06679;Rivadavia;0;2;9993;2023
06;Buenos Aires;06686;Rojas;0;2;12579;2023
06;Buenos Aires;06693;Roque Pérez;0;2;6811;2023
06;Buenos Aires;06700;Saavedra;0;2;11203;2023
06;Buenos Aires;06707;Saladillo;0;2;17364;2023
06;Buenos Aires;06714;Salto;0;2;19557;2023
06;Buenos Aires;06721;Salliqueló;0;2;4686;2023
06;Buenos Aires;06728;San Andrés de Giles;0;2;13328;2023
06;Buenos Aires;06735;San Antonio de Areco;0;2;13230;2023
06;Buenos Aires;06742;San Cayetano;0;2;4476;2023
06;Buenos Aires;06763;San Nicolás;0;2;82609;2023
06;Buenos Aires;06770;San Pedro;0;2;34130;2023
06;Buenos Aires;06784;Suipacha;0;2;5839;2023
06;Buenos Aires;06791;Tandil;0;2;70886;2023
06;Buenos Aires;06798;Tapalqué;0;2;5314;2023
06;Buenos Aires;06812;Tordillo;0;2;1337;2023
06;Buenos Aires;06819;Tornquist;0;2;7364;2023
06;Buenos Aires;06826;Trenque Lauquen;0;2;24592;2023
06;Buenos Aires;06833;Tres Arroyos;0;2;30748;2023
06;Buenos Aires;06847;Tres Lomas;0;2;4614;2023
06;Buenos Aires;06854;25 de Mayo;0;2;17250;2023
06;Buenos Aires;06868;Villa Gesell;0;2;18515;2023
06;Buenos Aires;06875;Villarino;0;2;16746;2023
06;Buenos Aires;06028;Almirante Brown;1;2;285999;2024
06;Buenos Aires;06035;Avellaneda;1;2;176667;2024
06;Buenos Aires;06091;Berazategui;1;2;175891;2024
06;Buenos Aires;06098;Berisso;1;2;49954;2024
06;Buenos Aires;06119;Brandsen;1;2;16361;2024
06;Buenos Aires;06126;Campana;1;2;55590;2024
06;Buenos Aires;06134;Cañuelas;1;2;35954;2024
06;Buenos Aires;06245;Ensenada;1;2;32003;2024
06;Buenos Aires;06252;Escobar;1;2;128761;2024
06;Buenos Aires;06260;Esteban Echeverría;1;2;166480;2024
06;Buenos Aires;06266;Exaltación de la Cruz;1;2;20282;2024
06;Buenos Aires;06270;Ezeiza;1;2;100912;2024
06;Buenos Aires;06274;Florencio Varela;1;2;250548;2024
06;Buenos Aires;06364;General Rodríguez;1;2;72280;2024
06;Buenos Aires;06371;General San Martín;1;2;216820;2024
06;Buenos Aires;06408;Hurlingham;1;2;90449;2024
06;Buenos Aires;06410;Ituzaingó;1;2;86745;2024
06;Buenos Aires;06412;José C. Paz;1;2;162609;2024
06;Buenos Aires;06427;La Matanza;1;2;900470;2024
06;Buenos Aires;06434;Lanús;1;2;221893;2024
06;Buenos Aires;06441;La Plata;1;2;372352;2024
06;Buenos Aires;06490;Lomas de Zamora;1;2;338165;2024
06;Buenos Aires;06497;Luján;1;2;54466;2024
06;Buenos Aires;06515;Malvinas Argentinas;1;2;172858;2024
06;Buenos Aires;06525;Marcos Paz;1;2;34540;2024
06;Buenos Aires;06539;Merlo;1;2;286366;2024
06;Buenos Aires;06560;Moreno;1;2;286031;2024
06;Buenos Aires;06568;Morón;1;2;159481;2024
06;Buenos Aires;06638;Pilar;1;2;197201;2024
06;Buenos Aires;06648;Presidente Perón;1;2;51759;2024
06;Buenos Aires;06658;Quilmes;1;2;309328;2024
06;Buenos Aires;06749;San Fernando;1;2;82968;2024
06;Buenos Aires;06756;San Isidro;1;2;142117;2024
06;Buenos Aires;06760;San Miguel;1;2;161534;2024
06;Buenos Aires;06778;San Vicente;1;2;50037;2024
06;Buenos Aires;06805;Tigre;1;2;220924;2024
06;Buenos Aires;06840;Tres de Febrero;1;2;176070;2024
06;Buenos Aires;06861;Vicente López;1;2;133863;2024
06;Buenos Aires;06882;Zárate;1;2;65593;2024
06;Buenos Aires;06007;Adolfo Alsina;0;2;8797;2024
06;Buenos Aires;06014;Adolfo Gonzales Chaves;0;2;6416;2024
06;Buenos Aires;06021;Alberti;0;2;6376;2024
06;Buenos Aires;06042;Ayacucho;0;2;10880;2024
06;Buenos Aires;06049;Azul;0;2;37359;2024
06;Buenos Aires;06056;Bahía Blanca;0;2;164207;2024
06;Buenos Aires;06063;Balcarce;0;2;24126;2024
06;Buenos Aires;06070;Baradero;0;2;19650;2024
06;Buenos Aires;06077;Arrecifes;0;2;15697;2024
06;Buenos Aires;06084;Benito Juárez;0;2;11558;2024
06;Buenos Aires;06105;Bolívar;0;2;18089;2024
06;Buenos Aires;06112;Bragado;0;2;22856;2024
06;Buenos Aires;06140;Capitán Sarmiento;0;2;7816;2024
06;Buenos Aires;06147;Carlos Casares;0;2;11263;2024
06;Buenos Aires;06154;Carlos Tejedor;0;2;7130;2024
06;Buenos Aires;06161;Carmen de Areco;0;2;8828;2024
06;Buenos Aires;06168;Castelli;0;2;4778;2024
06;Buenos Aires;06175;Colón;0;2;13551;2024
06;Buenos Aires;06182;Coronel de Marina Leonardo Rosales;0;2;32761;2024
06;Buenos Aires;06189;Coronel Dorrego;0;2;7854;2024
06;Buenos Aires;06196;Coronel Pringles;0;2;11817;2024
06;Buenos Aires;06203;Coronel Suárez;0;2;20793;2024
06;Buenos Aires;06210;Chacabuco;0;2;25865;2024
06;Buenos Aires;06218;Chascomús;0;2;20918;2024
06;Buenos Aires;06224;Chivilcoy;0;2;34313;2024
06;Buenos Aires;06231;Daireaux;0;2;9169;2024
06;Buenos Aires;06238;Dolores;0;2;15925;2024
06;Buenos Aires;06277;Florentino Ameghino;0;2;5414;2024
06;Buenos Aires;06280;General Alvarado;0;2;22553;2024
06;Buenos Aires;06287;General Alvear;0;2;7670;2024
06;Buenos Aires;06294;General Arenales;0;2;8079;2024
06;Buenos Aires;06301;General Belgrano;0;2;10055;2024
06;Buenos Aires;06308;General Guido;0;2;1605;2024
06;Buenos Aires;06315;General Juan Madariaga;0;2;10989;2024
06;Buenos Aires;06322;General La Madrid;0;2;5746;2024
06;Buenos Aires;06329;General Las Heras;0;2;8903;2024
06;Buenos Aires;06336;General Lavalle;0;2;2440;2024
06;Buenos Aires;06343;General Paz;0;2;7005;2024
06;Buenos Aires;06351;General Pinto;0;2;6458;2024
06;Buenos Aires;06357;General Pueyrredón;0;2;320022;2024
06;Buenos Aires;06385;General Viamonte;0;2;11107;2024
06;Buenos Aires;06392;General Villegas;0;2;17718;2024
06;Buenos Aires;06399;Guaminí;0;2;5879;2024
06;Buenos Aires;06406;Hipólito Yrigoyen;0;2;5324;2024
06;Buenos Aires;06413;Junín;0;2;51358;2024
06;Buenos Aires;06420;La Costa;0;2;50170;2024
06;Buenos Aires;06448;Laprida;0;2;5698;2024
06;Buenos Aires;06455;Las Flores;0;2;13116;2024
06;Buenos Aires;06462;Leandro N. Alem;0;2;8540;2024
06;Buenos Aires;06466;Lezama;0;2;3049;2024
06;Buenos Aires;06469;Lincoln;0;2;22461;2024
06;Buenos Aires;06476;Lobería;0;2;9153;2024
06;Buenos Aires;06483;Lobos;0;2;20131;2024
06;Buenos Aires;06505;Magdalena;0;2;15300;2024
06;Buenos Aires;06511;Maipú;0;2;5495;2024
06;Buenos Aires;06518;Mar Chiquita;0;2;16875;2024
06;Buenos Aires;06532;Mercedes;0;2;36203;2024
06;Buenos Aires;06547;Monte;0;2;12165;2024
06;Buenos Aires;06553;Monte Hermoso;0;2;4300;2024
06;Buenos Aires;06574;Navarro;0;2;9817;2024
06;Buenos Aires;06581;Necochea;0;2;49542;2024
06;Buenos Aires;06588;9 de Julio;0;2;25351;2024
06;Buenos Aires;06595;Olavarría;0;2;63084;2024
06;Buenos Aires;06602;Patagones;0;2;18975;2024
06;Buenos Aires;06609;Pehuajó;0;2;21878;2024
06;Buenos Aires;06616;Pellegrini;0;2;3563;2024
06;Buenos Aires;06623;Pergamino;0;2;55977;2024
06;Buenos Aires;06630;Pila;0;2;2324;2024
06;Buenos Aires;06644;Pinamar;0;2;20047;2024
06;Buenos Aires;06651;Puán;0;2;8239;2024
06;Buenos Aires;06655;Punta Indio;0;2;6151;2024
06;Buenos Aires;06665;Ramallo;0;2;19971;2024
06;Buenos Aires;06672;Rauch;0;2;8347;2024
06;Buenos Aires;06679;Rivadavia;0;2;10011;2024
06;Buenos Aires;06686;Rojas;0;2;12589;2024
06;Buenos Aires;06693;Roque Pérez;0;2;6817;2024
06;Buenos Aires;06700;Saavedra;0;2;11207;2024
06;Buenos Aires;06707;Saladillo;0;2;17379;2024
06;Buenos Aires;06714;Salto;0;2;19594;2024
06;Buenos Aires;06721;Salliqueló;0;2;4690;2024
06;Buenos Aires;06728;San Andrés de Giles;0;2;13346;2024
06;Buenos Aires;06735;San Antonio de Areco;0;2;13249;2024
06;Buenos Aires;06742;San Cayetano;0;2;4478;2024
06;Buenos Aires;06763;San Nicolás;0;2;82720;2024
06;Buenos Aires;06770;San Pedro;0;2;34180;2024
06;Buenos Aires;06784;Suipacha;0;2;5847;2024
06;Buenos Aires;06791;Tandil;0;2;70995;2024
06;Buenos Aires;06798;Tapalqué;0;2;5322;2024
06;Buenos Aires;06812;Tordillo;0;2;1342;2024
06;Buenos Aires;06819;Tornquist;0;2;7374;2024
06;Buenos Aires;06826;Trenque Lauquen;0;2;24627;2024
06;Buenos Aires;06833;Tres Arroyos;0;2;30775;2024
06;Buenos Aires;06847;Tres Lomas;0;2;4619;2024
06;Buenos Aires;06854;25 de Mayo;0;2;17243;2024
06;Buenos Aires;06868;Villa Gesell;0;2;18541;2024
06;Buenos Aires;06875;Villarino;0;2;16754;2024
06;Buenos Aires;06028;Almirante Brown;1;2;286097;2025
06;Buenos Aires;06035;Avellaneda;1;2;176779;2025
06;Buenos Aires;06091;Berazategui;1;2;176045;2025
06;Buenos Aires;06098;Berisso;1;2;50021;2025
06;Buenos Aires;06119;Brandsen;1;2;16395;2025
06;Buenos Aires;06126;Campana;1;2;55672;2025
06;Buenos Aires;06134;Cañuelas;1;2;36063;2025
06;Buenos Aires;06245;Ensenada;1;2;32043;2025
06;Buenos Aires;06252;Escobar;1;2;128995;2025
06;Buenos Aires;06260;Esteban Echeverría;1;2;166662;2025
06;Buenos Aires;06266;Exaltación de la Cruz;1;2;20340;2025
06;Buenos Aires;06270;Ezeiza;1;2;101116;2025
06;Buenos Aires;06274;Florencio Varela;1;2;250932;2025
06;Buenos Aires;06364;General Rodríguez;1;2;72605;2025
06;Buenos Aires;06371;General San Martín;1;2;216970;2025
06;Buenos Aires;06408;Hurlingham;1;2;90473;2025
06;Buenos Aires;06410;Ituzaingó;1;2;86785;2025
06;Buenos Aires;06412;José C. Paz;1;2;162934;2025
06;Buenos Aires;06427;La Matanza;1;2;901295;2025
06;Buenos Aires;06434;Lanús;1;2;221894;2025
06;Buenos Aires;06441;La Plata;1;2;372907;2025
06;Buenos Aires;06490;Lomas de Zamora;1;2;338544;2025
06;Buenos Aires;06497;Luján;1;2;54477;2025
06;Buenos Aires;06515;Malvinas Argentinas;1;2;172969;2025
06;Buenos Aires;06525;Marcos Paz;1;2;34611;2025
06;Buenos Aires;06539;Merlo;1;2;286556;2025
06;Buenos Aires;06560;Moreno;1;2;286251;2025
06;Buenos Aires;06568;Morón;1;2;159502;2025
06;Buenos Aires;06638;Pilar;1;2;197729;2025
06;Buenos Aires;06648;Presidente Perón;1;2;51883;2025
06;Buenos Aires;06658;Quilmes;1;2;309562;2025
06;Buenos Aires;06749;San Fernando;1;2;82994;2025
06;Buenos Aires;06756;San Isidro;1;2;142137;2025
06;Buenos Aires;06760;San Miguel;1;2;161805;2025
06;Buenos Aires;06778;San Vicente;1;2;50270;2025
06;Buenos Aires;06805;Tigre;1;2;221301;2025
06;Buenos Aires;06840;Tres de Febrero;1;2;176180;2025
06;Buenos Aires;06861;Vicente López;1;2;133912;2025
06;Buenos Aires;06882;Zárate;1;2;65676;2025
06;Buenos Aires;06007;Adolfo Alsina;0;2;8799;2025
06;Buenos Aires;06014;Adolfo Gonzales Chaves;0;2;6420;2025
06;Buenos Aires;06021;Alberti;0;2;6388;2025
06;Buenos Aires;06042;Ayacucho;0;2;10887;2025
06;Buenos Aires;06049;Azul;0;2;37415;2025
06;Buenos Aires;06056;Bahía Blanca;0;2;164385;2025
06;Buenos Aires;06063;Balcarce;0;2;24149;2025
06;Buenos Aires;06070;Baradero;0;2;19685;2025
06;Buenos Aires;06077;Arrecifes;0;2;15713;2025
06;Buenos Aires;06084;Benito Juárez;0;2;11570;2025
06;Buenos Aires;06105;Bolívar;0;2;18098;2025
06;Buenos Aires;06112;Bragado;0;2;22882;2025
06;Buenos Aires;06140;Capitán Sarmiento;0;2;7823;2025
06;Buenos Aires;06147;Carlos Casares;0;2;11265;2025
06;Buenos Aires;06154;Carlos Tejedor;0;2;7143;2025
06;Buenos Aires;06161;Carmen de Areco;0;2;8843;2025
06;Buenos Aires;06168;Castelli;0;2;4786;2025
06;Buenos Aires;06175;Colón;0;2;13564;2025
06;Buenos Aires;06182;Coronel de Marina Leonardo Rosales;0;2;32778;2025
06;Buenos Aires;06189;Coronel Dorrego;0;2;7854;2025
06;Buenos Aires;06196;Coronel Pringles;0;2;11821;2025
06;Buenos Aires;06203;Coronel Suárez;0;2;20811;2025
06;Buenos Aires;06210;Chacabuco;0;2;25883;2025
06;Buenos Aires;06218;Chascomús;0;2;20947;2025
06;Buenos Aires;06224;Chivilcoy;0;2;34345;2025
06;Buenos Aires;06231;Daireaux;0;2;9175;2025
06;Buenos Aires;06238;Dolores;0;2;15954;2025
06;Buenos Aires;06277;Florentino Ameghino;0;2;5424;2025
06;Buenos Aires;06280;General Alvarado;0;2;22584;2025
06;Buenos Aires;06287;General Alvear;0;2;7684;2025
06;Buenos Aires;06294;General Arenales;0;2;8086;2025
06;Buenos Aires;06301;General Belgrano;0;2;10070;2025
06;Buenos Aires;06308;General Guido;0;2;1606;2025
06;Buenos Aires;06315;General Juan Madariaga;0;2;11003;2025
06;Buenos Aires;06322;General La Madrid;0;2;5749;2025
06;Buenos Aires;06329;General Las Heras;0;2;8920;2025
06;Buenos Aires;06336;General Lavalle;0;2;2446;2025
06;Buenos Aires;06343;General Paz;0;2;7019;2025
06;Buenos Aires;06351;General Pinto;0;2;6465;2025
06;Buenos Aires;06357;General Pueyrredón;0;2;320215;2025
06;Buenos Aires;06385;General Viamonte;0;2;11129;2025
06;Buenos Aires;06392;General Villegas;0;2;17738;2025
06;Buenos Aires;06399;Guaminí;0;2;5876;2025
06;Buenos Aires;06406;Hipólito Yrigoyen;0;2;5329;2025
06;Buenos Aires;06413;Junín;0;2;51435;2025
06;Buenos Aires;06420;La Costa;0;2;50344;2025
06;Buenos Aires;06448;Laprida;0;2;5705;2025
06;Buenos Aires;06455;Las Flores;0;2;13131;2025
06;Buenos Aires;06462;Leandro N. Alem;0;2;8541;2025
06;Buenos Aires;06466;Lezama;0;2;3052;2025
06;Buenos Aires;06469;Lincoln;0;2;22477;2025
06;Buenos Aires;06476;Lobería;0;2;9155;2025
06;Buenos Aires;06483;Lobos;0;2;20156;2025
06;Buenos Aires;06505;Magdalena;0;2;15351;2025
06;Buenos Aires;06511;Maipú;0;2;5501;2025
06;Buenos Aires;06518;Mar Chiquita;0;2;16945;2025
06;Buenos Aires;06532;Mercedes;0;2;36253;2025
06;Buenos Aires;06547;Monte;0;2;12183;2025
06;Buenos Aires;06553;Monte Hermoso;0;2;4310;2025
06;Buenos Aires;06574;Navarro;0;2;9830;2025
06;Buenos Aires;06581;Necochea;0;2;49587;2025
06;Buenos Aires;06588;9 de Julio;0;2;25368;2025
06;Buenos Aires;06595;Olavarría;0;2;63157;2025
06;Buenos Aires;06602;Patagones;0;2;19016;2025
06;Buenos Aires;06609;Pehuajó;0;2;21902;2025
06;Buenos Aires;06616;Pellegrini;0;2;3570;2025
06;Buenos Aires;06623;Pergamino;0;2;56038;2025
06;Buenos Aires;06630;Pila;0;2;2329;2025
06;Buenos Aires;06644;Pinamar;0;2;20127;2025
06;Buenos Aires;06651;Puán;0;2;8242;2025
06;Buenos Aires;06655;Punta Indio;0;2;6163;2025
06;Buenos Aires;06665;Ramallo;0;2;20008;2025
06;Buenos Aires;06672;Rauch;0;2;8356;2025
06;Buenos Aires;06679;Rivadavia;0;2;10030;2025
06;Buenos Aires;06686;Rojas;0;2;12599;2025
06;Buenos Aires;06693;Roque Pérez;0;2;6823;2025
06;Buenos Aires;06700;Saavedra;0;2;11212;2025
06;Buenos Aires;06707;Saladillo;0;2;17394;2025
06;Buenos Aires;06714;Salto;0;2;19631;2025
06;Buenos Aires;06721;Salliqueló;0;2;4694;2025
06;Buenos Aires;06728;San Andrés de Giles;0;2;13364;2025
06;Buenos Aires;06735;San Antonio de Areco;0;2;13267;2025
06;Buenos Aires;06742;San Cayetano;0;2;4481;2025
06;Buenos Aires;06763;San Nicolás;0;2;82831;2025
06;Buenos Aires;06770;San Pedro;0;2;34230;2025
06;Buenos Aires;06784;Suipacha;0;2;5856;2025
06;Buenos Aires;06791;Tandil;0;2;71106;2025
06;Buenos Aires;06798;Tapalqué;0;2;5329;2025
06;Buenos Aires;06812;Tordillo;0;2;1346;2025
06;Buenos Aires;06819;Tornquist;0;2;7384;2025
06;Buenos Aires;06826;Trenque Lauquen;0;2;24662;2025
06;Buenos Aires;06833;Tres Arroyos;0;2;30802;2025
06;Buenos Aires;06847;Tres Lomas;0;2;4623;2025
06;Buenos Aires;06854;25 de Mayo;0;2;17237;2025
06;Buenos Aires;06868;Villa Gesell;0;2;18568;2025
06;Buenos Aires;06875;Villarino;0;2;16762;2025
06;Buenos Aires;06028;Almirante Brown;1;2;286184;2026
06;Buenos Aires;06035;Avellaneda;1;2;176879;2026
06;Buenos Aires;06091;Berazategui;1;2;176180;2026
06;Buenos Aires;06098;Berisso;1;2;50081;2026
06;Buenos Aires;06119;Brandsen;1;2;16426;2026
06;Buenos Aires;06126;Campana;1;2;55745;2026
06;Buenos Aires;06134;Cañuelas;1;2;36160;2026
06;Buenos Aires;06245;Ensenada;1;2;32078;2026
06;Buenos Aires;06252;Escobar;1;2;129201;2026
06;Buenos Aires;06260;Esteban Echeverría;1;2;166823;2026
06;Buenos Aires;06266;Exaltación de la Cruz;1;2;20391;2026
06;Buenos Aires;06270;Ezeiza;1;2;101297;2026
06;Buenos Aires;06274;Florencio Varela;1;2;251271;2026
06;Buenos Aires;06364;General Rodríguez;1;2;72892;2026
06;Buenos Aires;06371;General San Martín;1;2;217103;2026
06;Buenos Aires;06408;Hurlingham;1;2;90495;2026
06;Buenos Aires;06410;Ituzaingó;1;2;86819;2026
06;Buenos Aires;06412;José C. Paz;1;2;163221;2026
06;Buenos Aires;06427;La Matanza;1;2;902024;2026
06;Buenos Aires;06434;Lanús;1;2;221895;2026
06;Buenos Aires;06441;La Plata;1;2;373396;2026
06;Buenos Aires;06490;Lomas de Zamora;1;2;338879;2026
06;Buenos Aires;06497;Luján;1;2;54487;2026
06;Buenos Aires;06515;Malvinas Argentinas;1;2;173066;2026
06;Buenos Aires;06525;Marcos Paz;1;2;34673;2026
06;Buenos Aires;06539;Merlo;1;2;286723;2026
06;Buenos Aires;06560;Moreno;1;2;286445;2026
06;Buenos Aires;06568;Morón;1;2;159521;2026
06;Buenos Aires;06638;Pilar;1;2;198194;2026
06;Buenos Aires;06648;Presidente Perón;1;2;51992;2026
06;Buenos Aires;06658;Quilmes;1;2;309769;2026
06;Buenos Aires;06749;San Fernando;1;2;83017;2026
06;Buenos Aires;06756;San Isidro;1;2;142154;2026
06;Buenos Aires;06760;San Miguel;1;2;162044;2026
06;Buenos Aires;06778;San Vicente;1;2;50476;2026
06;Buenos Aires;06805;Tigre;1;2;221633;2026
06;Buenos Aires;06840;Tres de Febrero;1;2;176277;2026
06;Buenos Aires;06861;Vicente López;1;2;133955;2026
06;Buenos Aires;06882;Zárate;1;2;65749;2026
06;Buenos Aires;06007;Adolfo Alsina;0;2;8801;2026
06;Buenos Aires;06014;Adolfo Gonzales Chaves;0;2;6424;2026
06;Buenos Aires;06021;Alberti;0;2;6398;2026
06;Buenos Aires;06042;Ayacucho;0;2;10894;2026
06;Buenos Aires;06049;Azul;0;2;37464;2026
06;Buenos Aires;06056;Bahía Blanca;0;2;164543;2026
06;Buenos Aires;06063;Balcarce;0;2;24170;2026
06;Buenos Aires;06070;Baradero;0;2;19716;2026
06;Buenos Aires;06077;Arrecifes;0;2;15727;2026
06;Buenos Aires;06084;Benito Juárez;0;2;11580;2026
06;Buenos Aires;06105;Bolívar;0;2;18106;2026
06;Buenos Aires;06112;Bragado;0;2;22905;2026
06;Buenos Aires;06140;Capitán Sarmiento;0;2;7829;2026
06;Buenos Aires;06147;Carlos Casares;0;2;11266;2026
06;Buenos Aires;06154;Carlos Tejedor;0;2;7155;2026
06;Buenos Aires;06161;Carmen de Areco;0;2;8856;2026
06;Buenos Aires;06168;Castelli;0;2;4793;2026
06;Buenos Aires;06175;Colón;0;2;13575;2026
06;Buenos Aires;06182;Coronel de Marina Leonardo Rosales;0;2;32793;2026
06;Buenos Aires;06189;Coronel Dorrego;0;2;7854;2026
06;Buenos Aires;06196;Coronel Pringles;0;2;11825;2026
06;Buenos Aires;06203;Coronel Suárez;0;2;20826;2026
06;Buenos Aires;06210;Chacabuco;0;2;25899;2026
06;Buenos Aires;06218;Chascomús;0;2;20973;2026
06;Buenos Aires;06224;Chivilcoy;0;2;34373;2026
06;Buenos Aires;06231;Daireaux;0;2;9180;2026
06;Buenos Aires;06238;Dolores;0;2;15979;2026
06;Buenos Aires;06277;Florentino Ameghino;0;2;5433;2026
06;Buenos Aires;06280;General Alvarado;0;2;22611;2026
06;Buenos Aires;06287;General Alvear;0;2;7696;2026
06;Buenos Aires;06294;General Arenales;0;2;8092;2026
06;Buenos Aires;06301;General Belgrano;0;2;10084;2026
06;Buenos Aires;06308;General Guido;0;2;1607;2026
06;Buenos Aires;06315;General Juan Madariaga;0;2;11015;2026
06;Buenos Aires;06322;General La Madrid;0;2;5752;2026
06;Buenos Aires;06329;General Las Heras;0;2;8935;2026
06;Buenos Aires;06336;General Lavalle;0;2;2451;2026
06;Buenos Aires;06343;General Paz;0;2;7033;2026
06;Buenos Aires;06351;General Pinto;0;2;6472;2026
06;Buenos Aires;06357;General Pueyrredón;0;2;320384;2026
06;Buenos Aires;06385;General Viamonte;0;2;11149;2026
06;Buenos Aires;06392;General Villegas;0;2;17756;2026
06;Buenos Aires;06399;Guaminí;0;2;5874;2026
06;Buenos Aires;06406;Hipólito Yrigoyen;0;2;5334;2026
06;Buenos Aires;06413;Junín;0;2;51502;2026
06;Buenos Aires;06420;La Costa;0;2;50498;2026
06;Buenos Aires;06448;Laprida;0;2;5712;2026
06;Buenos Aires;06455;Las Flores;0;2;13143;2026
06;Buenos Aires;06462;Leandro N. Alem;0;2;8542;2026
06;Buenos Aires;06466;Lezama;0;2;3054;2026
06;Buenos Aires;06469;Lincoln;0;2;22491;2026
06;Buenos Aires;06476;Lobería;0;2;9156;2026
06;Buenos Aires;06483;Lobos;0;2;20178;2026
06;Buenos Aires;06505;Magdalena;0;2;15396;2026
06;Buenos Aires;06511;Maipú;0;2;5506;2026
06;Buenos Aires;06518;Mar Chiquita;0;2;17006;2026
06;Buenos Aires;06532;Mercedes;0;2;36297;2026
06;Buenos Aires;06547;Monte;0;2;12199;2026
06;Buenos Aires;06553;Monte Hermoso;0;2;4319;2026
06;Buenos Aires;06574;Navarro;0;2;9841;2026
06;Buenos Aires;06581;Necochea;0;2;49626;2026
06;Buenos Aires;06588;9 de Julio;0;2;25384;2026
06;Buenos Aires;06595;Olavarría;0;2;63222;2026
06;Buenos Aires;06602;Patagones;0;2;19053;2026
06;Buenos Aires;06609;Pehuajó;0;2;21924;2026
06;Buenos Aires;06616;Pellegrini;0;2;3576;2026
06;Buenos Aires;06623;Pergamino;0;2;56092;2026
06;Buenos Aires;06630;Pila;0;2;2334;2026
06;Buenos Aires;06644;Pinamar;0;2;20198;2026
06;Buenos Aires;06651;Puán;0;2;8246;2026
06;Buenos Aires;06655;Punta Indio;0;2;6174;2026
06;Buenos Aires;06665;Ramallo;0;2;20041;2026
06;Buenos Aires;06672;Rauch;0;2;8363;2026
06;Buenos Aires;06679;Rivadavia;0;2;10047;2026
06;Buenos Aires;06686;Rojas;0;2;12608;2026
06;Buenos Aires;06693;Roque Pérez;0;2;6829;2026
06;Buenos Aires;06700;Saavedra;0;2;11216;2026
06;Buenos Aires;06707;Saladillo;0;2;17407;2026
06;Buenos Aires;06714;Salto;0;2;19664;2026
06;Buenos Aires;06721;Salliqueló;0;2;4698;2026
06;Buenos Aires;06728;San Andrés de Giles;0;2;13380;2026
06;Buenos Aires;06735;San Antonio de Areco;0;2;13284;2026
06;Buenos Aires;06742;San Cayetano;0;2;4482;2026
06;Buenos Aires;06763;San Nicolás;0;2;82929;2026
06;Buenos Aires;06770;San Pedro;0;2;34274;2026
06;Buenos Aires;06784;Suipacha;0;2;5863;2026
06;Buenos Aires;06791;Tandil;0;2;71203;2026
06;Buenos Aires;06798;Tapalqué;0;2;5336;2026
06;Buenos Aires;06812;Tordillo;0;2;1350;2026
06;Buenos Aires;06819;Tornquist;0;2;7393;2026
06;Buenos Aires;06826;Trenque Lauquen;0;2;24692;2026
06;Buenos Aires;06833;Tres Arroyos;0;2;30826;2026
06;Buenos Aires;06847;Tres Lomas;0;2;4626;2026
06;Buenos Aires;06854;25 de Mayo;0;2;17231;2026
06;Buenos Aires;06868;Villa Gesell;0;2;18591;2026
06;Buenos Aires;06875;Villarino;0;2;16769;2026
06;Buenos Aires;06028;Almirante Brown;1;2;286260;2027
06;Buenos Aires;06035;Avellaneda;1;2;176967;2027
06;Buenos Aires;06091;Berazategui;1;2;176300;2027
06;Buenos Aires;06098;Berisso;1;2;50133;2027
06;Buenos Aires;06119;Brandsen;1;2;16453;2027
06;Buenos Aires;06126;Campana;1;2;55809;2027
06;Buenos Aires;06134;Cañuelas;1;2;36244;2027
06;Buenos Aires;06245;Ensenada;1;2;32110;2027
06;Buenos Aires;06252;Escobar;1;2;129383;2027
06;Buenos Aires;06260;Esteban Echeverría;1;2;166965;2027
06;Buenos Aires;06266;Exaltación de la Cruz;1;2;20436;2027
06;Buenos Aires;06270;Ezeiza;1;2;101456;2027
06;Buenos Aires;06274;Florencio Varela;1;2;251570;2027
06;Buenos Aires;06364;General Rodríguez;1;2;73144;2027
06;Buenos Aires;06371;General San Martín;1;2;217219;2027
06;Buenos Aires;06408;Hurlingham;1;2;90514;2027
06;Buenos Aires;06410;Ituzaingó;1;2;86850;2027
06;Buenos Aires;06412;José C. Paz;1;2;163474;2027
06;Buenos Aires;06427;La Matanza;1;2;902664;2027
06;Buenos Aires;06434;Lanús;1;2;221896;2027
06;Buenos Aires;06441;La Plata;1;2;373826;2027
06;Buenos Aires;06490;Lomas de Zamora;1;2;339173;2027
06;Buenos Aires;06497;Luján;1;2;54496;2027
06;Buenos Aires;06515;Malvinas Argentinas;1;2;173153;2027
06;Buenos Aires;06525;Marcos Paz;1;2;34728;2027
06;Buenos Aires;06539;Merlo;1;2;286869;2027
06;Buenos Aires;06560;Moreno;1;2;286615;2027
06;Buenos Aires;06568;Morón;1;2;159537;2027
06;Buenos Aires;06638;Pilar;1;2;198604;2027
06;Buenos Aires;06648;Presidente Perón;1;2;52088;2027
06;Buenos Aires;06658;Quilmes;1;2;309950;2027
06;Buenos Aires;06749;San Fernando;1;2;83036;2027
06;Buenos Aires;06756;San Isidro;1;2;142169;2027
06;Buenos Aires;06760;San Miguel;1;2;162254;2027
06;Buenos Aires;06778;San Vicente;1;2;50657;2027
06;Buenos Aires;06805;Tigre;1;2;221926;2027
06;Buenos Aires;06840;Tres de Febrero;1;2;176363;2027
06;Buenos Aires;06861;Vicente López;1;2;133992;2027
06;Buenos Aires;06882;Zárate;1;2;65814;2027
06;Buenos Aires;06007;Adolfo Alsina;0;2;8802;2027
06;Buenos Aires;06014;Adolfo Gonzales Chaves;0;2;6426;2027
06;Buenos Aires;06021;Alberti;0;2;6408;2027
06;Buenos Aires;06042;Ayacucho;0;2;10899;2027
06;Buenos Aires;06049;Azul;0;2;37508;2027
06;Buenos Aires;06056;Bahía Blanca;0;2;164682;2027
06;Buenos Aires;06063;Balcarce;0;2;24188;2027
06;Buenos Aires;06070;Baradero;0;2;19743;2027
06;Buenos Aires;06077;Arrecifes;0;2;15739;2027
06;Buenos Aires;06084;Benito Juárez;0;2;11589;2027
06;Buenos Aires;06105;Bolívar;0;2;18113;2027
06;Buenos Aires;06112;Bragado;0;2;22925;2027
06;Buenos Aires;06140;Capitán Sarmiento;0;2;7834;2027
06;Buenos Aires;06147;Carlos Casares;0;2;11267;2027
06;Buenos Aires;06154;Carlos Tejedor;0;2;7165;2027
06;Buenos Aires;06161;Carmen de Areco;0;2;8867;2027
06;Buenos Aires;06168;Castelli;0;2;4799;2027
06;Buenos Aires;06175;Colón;0;2;13585;2027
06;Buenos Aires;06182;Coronel de Marina Leonardo Rosales;0;2;32806;2027
06;Buenos Aires;06189;Coronel Dorrego;0;2;7855;2027
06;Buenos Aires;06196;Coronel Pringles;0;2;11828;2027
06;Buenos Aires;06203;Coronel Suárez;0;2;20840;2027
06;Buenos Aires;06210;Chacabuco;0;2;25913;2027
06;Buenos Aires;06218;Chascomús;0;2;20995;2027
06;Buenos Aires;06224;Chivilcoy;0;2;34397;2027
06;Buenos Aires;06231;Daireaux;0;2;9185;2027
06;Buenos Aires;06238;Dolores;0;2;16002;2027
06;Buenos Aires;06277;Florentino Ameghino;0;2;5441;2027
06;Buenos Aires;06280;General Alvarado;0;2;22635;2027
06;Buenos Aires;06287;General Alvear;0;2;7707;2027
06;Buenos Aires;06294;General Arenales;0;2;8097;2027
06;Buenos Aires;06301;General Belgrano;0;2;10096;2027
06;Buenos Aires;06308;General Guido;0;2;1608;2027
06;Buenos Aires;06315;General Juan Madariaga;0;2;11026;2027
06;Buenos Aires;06322;General La Madrid;0;2;5754;2027
06;Buenos Aires;06329;General Las Heras;0;2;8948;2027
06;Buenos Aires;06336;General Lavalle;0;2;2456;2027
06;Buenos Aires;06343;General Paz;0;2;7044;2027
06;Buenos Aires;06351;General Pinto;0;2;6478;2027
06;Buenos Aires;06357;General Pueyrredón;0;2;320534;2027
06;Buenos Aires;06385;General Viamonte;0;2;11167;2027
06;Buenos Aires;06392;General Villegas;0;2;17772;2027
06;Buenos Aires;06399;Guaminí;0;2;5872;2027
06;Buenos Aires;06406;Hipólito Yrigoyen;0;2;5338;2027
06;Buenos Aires;06413;Junín;0;2;51561;2027
06;Buenos Aires;06420;La Costa;0;2;50633;2027
06;Buenos Aires;06448;Laprida;0;2;5717;2027
06;Buenos Aires;06455;Las Flores;0;2;13155;2027
06;Buenos Aires;06462;Leandro N. Alem;0;2;8543;2027
06;Buenos Aires;06466;Lezama;0;2;3056;2027
06;Buenos Aires;06469;Lincoln;0;2;22503;2027
06;Buenos Aires;06476;Lobería;0;2;9157;2027
06;Buenos Aires;06483;Lobos;0;2;20198;2027
06;Buenos Aires;06505;Magdalena;0;2;15435;2027
06;Buenos Aires;06511;Maipú;0;2;5511;2027
06;Buenos Aires;06518;Mar Chiquita;0;2;17060;2027
06;Buenos Aires;06532;Mercedes;0;2;36336;2027
06;Buenos Aires;06547;Monte;0;2;12213;2027
06;Buenos Aires;06553;Monte Hermoso;0;2;4327;2027
06;Buenos Aires;06574;Navarro;0;2;9851;2027
06;Buenos Aires;06581;Necochea;0;2;49661;2027
06;Buenos Aires;06588;9 de Julio;0;2;25398;2027
06;Buenos Aires;06595;Olavarría;0;2;63279;2027
06;Buenos Aires;06602;Patagones;0;2;19085;2027
06;Buenos Aires;06609;Pehuajó;0;2;21942;2027
06;Buenos Aires;06616;Pellegrini;0;2;3581;2027
06;Buenos Aires;06623;Pergamino;0;2;56140;2027
06;Buenos Aires;06630;Pila;0;2;2338;2027
06;Buenos Aires;06644;Pinamar;0;2;20261;2027
06;Buenos Aires;06651;Puán;0;2;8249;2027
06;Buenos Aires;06655;Punta Indio;0;2;6184;2027
06;Buenos Aires;06665;Ramallo;0;2;20070;2027
06;Buenos Aires;06672;Rauch;0;2;8369;2027
06;Buenos Aires;06679;Rivadavia;0;2;10061;2027
06;Buenos Aires;06686;Rojas;0;2;12616;2027
06;Buenos Aires;06693;Roque Pérez;0;2;6834;2027
06;Buenos Aires;06700;Saavedra;0;2;11220;2027
06;Buenos Aires;06707;Saladillo;0;2;17418;2027
06;Buenos Aires;06714;Salto;0;2;19693;2027
06;Buenos Aires;06721;Salliqueló;0;2;4701;2027
06;Buenos Aires;06728;San Andrés de Giles;0;2;13394;2027
06;Buenos Aires;06735;San Antonio de Areco;0;2;13298;2027
06;Buenos Aires;06742;San Cayetano;0;2;4484;2027
06;Buenos Aires;06763;San Nicolás;0;2;83015;2027
06;Buenos Aires;06770;San Pedro;0;2;34313;2027
06;Buenos Aires;06784;Suipacha;0;2;5870;2027
06;Buenos Aires;06791;Tandil;0;2;71289;2027
06;Buenos Aires;06798;Tapalqué;0;2;5342;2027
06;Buenos Aires;06812;Tordillo;0;2;1353;2027
06;Buenos Aires;06819;Tornquist;0;2;7400;2027
06;Buenos Aires;06826;Trenque Lauquen;0;2;24719;2027
06;Buenos Aires;06833;Tres Arroyos;0;2;30847;2027
06;Buenos Aires;06847;Tres Lomas;0;2;4629;2027
06;Buenos Aires;06854;25 de Mayo;0;2;17225;2027
06;Buenos Aires;06868;Villa Gesell;0;2;18611;2027
06;Buenos Aires;06875;Villarino;0;2;16776;2027
06;Buenos Aires;06028;Almirante Brown;1;2;286329;2028
06;Buenos Aires;06035;Avellaneda;1;2;177046;2028
06;Buenos Aires;06091;Berazategui;1;2;176408;2028
06;Buenos Aires;06098;Berisso;1;2;50180;2028
06;Buenos Aires;06119;Brandsen;1;2;16477;2028
06;Buenos Aires;06126;Campana;1;2;55867;2028
06;Buenos Aires;06134;Cañuelas;1;2;36321;2028
06;Buenos Aires;06245;Ensenada;1;2;32138;2028
06;Buenos Aires;06252;Escobar;1;2;129548;2028
06;Buenos Aires;06260;Esteban Echeverría;1;2;167093;2028
06;Buenos Aires;06266;Exaltación de la Cruz;1;2;20477;2028
06;Buenos Aires;06270;Ezeiza;1;2;101600;2028
06;Buenos Aires;06274;Florencio Varela;1;2;251840;2028
06;Buenos Aires;06364;General Rodríguez;1;2;73374;2028
06;Buenos Aires;06371;General San Martín;1;2;217325;2028
06;Buenos Aires;06408;Hurlingham;1;2;90532;2028
06;Buenos Aires;06410;Ituzaingó;1;2;86877;2028
06;Buenos Aires;06412;José C. Paz;1;2;163703;2028
06;Buenos Aires;06427;La Matanza;1;2;903246;2028
06;Buenos Aires;06434;Lanús;1;2;221896;2028
06;Buenos Aires;06441;La Plata;1;2;374217;2028
06;Buenos Aires;06490;Lomas de Zamora;1;2;339440;2028
06;Buenos Aires;06497;Luján;1;2;54504;2028
06;Buenos Aires;06515;Malvinas Argentinas;1;2;173231;2028
06;Buenos Aires;06525;Marcos Paz;1;2;34778;2028
06;Buenos Aires;06539;Merlo;1;2;287003;2028
06;Buenos Aires;06560;Moreno;1;2;286769;2028
06;Buenos Aires;06568;Morón;1;2;159552;2028
06;Buenos Aires;06638;Pilar;1;2;198976;2028
06;Buenos Aires;06648;Presidente Perón;1;2;52176;2028
06;Buenos Aires;06658;Quilmes;1;2;310115;2028
06;Buenos Aires;06749;San Fernando;1;2;83054;2028
06;Buenos Aires;06756;San Isidro;1;2;142183;2028
06;Buenos Aires;06760;San Miguel;1;2;162445;2028
06;Buenos Aires;06778;San Vicente;1;2;50821;2028
06;Buenos Aires;06805;Tigre;1;2;222191;2028
06;Buenos Aires;06840;Tres de Febrero;1;2;176441;2028
06;Buenos Aires;06861;Vicente López;1;2;134027;2028
06;Buenos Aires;06882;Zárate;1;2;65873;2028
06;Buenos Aires;06007;Adolfo Alsina;0;2;8803;2028
06;Buenos Aires;06014;Adolfo Gonzales Chaves;0;2;6429;2028
06;Buenos Aires;06021;Alberti;0;2;6416;2028
06;Buenos Aires;06042;Ayacucho;0;2;10904;2028
06;Buenos Aires;06049;Azul;0;2;37547;2028
06;Buenos Aires;06056;Bahía Blanca;0;2;164808;2028
06;Buenos Aires;06063;Balcarce;0;2;24204;2028
06;Buenos Aires;06070;Baradero;0;2;19768;2028
06;Buenos Aires;06077;Arrecifes;0;2;15750;2028
06;Buenos Aires;06084;Benito Juárez;0;2;11598;2028
06;Buenos Aires;06105;Bolívar;0;2;18119;2028
06;Buenos Aires;06112;Bragado;0;2;22943;2028
06;Buenos Aires;06140;Capitán Sarmiento;0;2;7839;2028
06;Buenos Aires;06147;Carlos Casares;0;2;11268;2028
06;Buenos Aires;06154;Carlos Tejedor;0;2;7175;2028
06;Buenos Aires;06161;Carmen de Areco;0;2;8878;2028
06;Buenos Aires;06168;Castelli;0;2;4804;2028
06;Buenos Aires;06175;Colón;0;2;13594;2028
06;Buenos Aires;06182;Coronel de Marina Leonardo Rosales;0;2;32818;2028
06;Buenos Aires;06189;Coronel Dorrego;0;2;7855;2028
06;Buenos Aires;06196;Coronel Pringles;0;2;11831;2028
06;Buenos Aires;06203;Coronel Suárez;0;2;20852;2028
06;Buenos Aires;06210;Chacabuco;0;2;25925;2028
06;Buenos Aires;06218;Chascomús;0;2;21016;2028
06;Buenos Aires;06224;Chivilcoy;0;2;34420;2028
06;Buenos Aires;06231;Daireaux;0;2;9190;2028
06;Buenos Aires;06238;Dolores;0;2;16022;2028
06;Buenos Aires;06277;Florentino Ameghino;0;2;5448;2028
06;Buenos Aires;06280;General Alvarado;0;2;22656;2028
06;Buenos Aires;06287;General Alvear;0;2;7717;2028
06;Buenos Aires;06294;General Arenales;0;2;8102;2028
06;Buenos Aires;06301;General Belgrano;0;2;10107;2028
06;Buenos Aires;06308;General Guido;0;2;1609;2028
06;Buenos Aires;06315;General Juan Madariaga;0;2;11036;2028
06;Buenos Aires;06322;General La Madrid;0;2;5756;2028
06;Buenos Aires;06329;General Las Heras;0;2;8960;2028
06;Buenos Aires;06336;General Lavalle;0;2;2460;2028
06;Buenos Aires;06343;General Paz;0;2;7055;2028
06;Buenos Aires;06351;General Pinto;0;2;6483;2028
06;Buenos Aires;06357;General Pueyrredón;0;2;320669;2028
06;Buenos Aires;06385;General Viamonte;0;2;11183;2028
06;Buenos Aires;06392;General Villegas;0;2;17786;2028
06;Buenos Aires;06399;Guaminí;0;2;5871;2028
06;Buenos Aires;06406;Hipólito Yrigoyen;0;2;5342;2028
06;Buenos Aires;06413;Junín;0;2;51615;2028
06;Buenos Aires;06420;La Costa;0;2;50756;2028
06;Buenos Aires;06448;Laprida;0;2;5722;2028
06;Buenos Aires;06455;Las Flores;0;2;13165;2028
06;Buenos Aires;06462;Leandro N. Alem;0;2;8543;2028
06;Buenos Aires;06466;Lezama;0;2;3058;2028
06;Buenos Aires;06469;Lincoln;0;2;22514;2028
06;Buenos Aires;06476;Lobería;0;2;9158;2028
06;Buenos Aires;06483;Lobos;0;2;20215;2028
06;Buenos Aires;06505;Magdalena;0;2;15470;2028
06;Buenos Aires;06511;Maipú;0;2;5515;2028
06;Buenos Aires;06518;Mar Chiquita;0;2;17109;2028
06;Buenos Aires;06532;Mercedes;0;2;36371;2028
06;Buenos Aires;06547;Monte;0;2;12226;2028
06;Buenos Aires;06553;Monte Hermoso;0;2;4335;2028
06;Buenos Aires;06574;Navarro;0;2;9861;2028
06;Buenos Aires;06581;Necochea;0;2;49692;2028
06;Buenos Aires;06588;9 de Julio;0;2;25411;2028
06;Buenos Aires;06595;Olavarría;0;2;63330;2028
06;Buenos Aires;06602;Patagones;0;2;19114;2028
06;Buenos Aires;06609;Pehuajó;0;2;21959;2028
06;Buenos Aires;06616;Pellegrini;0;2;3586;2028
06;Buenos Aires;06623;Pergamino;0;2;56183;2028
06;Buenos Aires;06630;Pila;0;2;2341;2028
06;Buenos Aires;06644;Pinamar;0;2;20317;2028
06;Buenos Aires;06651;Puán;0;2;8251;2028
06;Buenos Aires;06655;Punta Indio;0;2;6193;2028
06;Buenos Aires;06665;Ramallo;0;2;20097;2028
06;Buenos Aires;06672;Rauch;0;2;8374;2028
06;Buenos Aires;06679;Rivadavia;0;2;10075;2028
06;Buenos Aires;06686;Rojas;0;2;12624;2028
06;Buenos Aires;06693;Roque Pérez;0;2;6838;2028
06;Buenos Aires;06700;Saavedra;0;2;11224;2028
06;Buenos Aires;06707;Saladillo;0;2;17429;2028
06;Buenos Aires;06714;Salto;0;2;19719;2028
06;Buenos Aires;06721;Salliqueló;0;2;4704;2028
06;Buenos Aires;06728;San Andrés de Giles;0;2;13406;2028
06;Buenos Aires;06735;San Antonio de Areco;0;2;13311;2028
06;Buenos Aires;06742;San Cayetano;0;2;4486;2028
06;Buenos Aires;06763;San Nicolás;0;2;83094;2028
06;Buenos Aires;06770;San Pedro;0;2;34348;2028
06;Buenos Aires;06784;Suipacha;0;2;5876;2028
06;Buenos Aires;06791;Tandil;0;2;71367;2028
06;Buenos Aires;06798;Tapalqué;0;2;5348;2028
06;Buenos Aires;06812;Tordillo;0;2;1357;2028
06;Buenos Aires;06819;Tornquist;0;2;7407;2028
06;Buenos Aires;06826;Trenque Lauquen;0;2;24744;2028
06;Buenos Aires;06833;Tres Arroyos;0;2;30866;2028
06;Buenos Aires;06847;Tres Lomas;0;2;4632;2028
06;Buenos Aires;06854;25 de Mayo;0;2;17221;2028
06;Buenos Aires;06868;Villa Gesell;0;2;18630;2028
06;Buenos Aires;06875;Villarino;0;2;16781;2028
06;Buenos Aires;06028;Almirante Brown;1;2;286396;2029
06;Buenos Aires;06035;Avellaneda;1;2;177124;2029
06;Buenos Aires;06091;Berazategui;1;2;176514;2029
06;Buenos Aires;06098;Berisso;1;2;50226;2029
06;Buenos Aires;06119;Brandsen;1;2;16501;2029
06;Buenos Aires;06126;Campana;1;2;55924;2029
06;Buenos Aires;06134;Cañuelas;1;2;36396;2029
06;Buenos Aires;06245;Ensenada;1;2;32166;2029
06;Buenos Aires;06252;Escobar;1;2;129708;2029
06;Buenos Aires;06260;Esteban Echeverría;1;2;167218;2029
06;Buenos Aires;06266;Exaltación de la Cruz;1;2;20517;2029
06;Buenos Aires;06270;Ezeiza;1;2;101740;2029
06;Buenos Aires;06274;Florencio Varela;1;2;252104;2029
06;Buenos Aires;06364;General Rodríguez;1;2;73597;2029
06;Buenos Aires;06371;General San Martín;1;2;217428;2029
06;Buenos Aires;06408;Hurlingham;1;2;90549;2029
06;Buenos Aires;06410;Ituzaingó;1;2;86904;2029
06;Buenos Aires;06412;José C. Paz;1;2;163926;2029
06;Buenos Aires;06427;La Matanza;1;2;903813;2029
06;Buenos Aires;06434;Lanús;1;2;221897;2029
06;Buenos Aires;06441;La Plata;1;2;374598;2029
06;Buenos Aires;06490;Lomas de Zamora;1;2;339700;2029
06;Buenos Aires;06497;Luján;1;2;54511;2029
06;Buenos Aires;06515;Malvinas Argentinas;1;2;173307;2029
06;Buenos Aires;06525;Marcos Paz;1;2;34827;2029
06;Buenos Aires;06539;Merlo;1;2;287132;2029
06;Buenos Aires;06560;Moreno;1;2;286919;2029
06;Buenos Aires;06568;Morón;1;2;159567;2029
06;Buenos Aires;06638;Pilar;1;2;199339;2029
06;Buenos Aires;06648;Presidente Perón;1;2;52261;2029
06;Buenos Aires;06658;Quilmes;1;2;310276;2029
06;Buenos Aires;06749;San Fernando;1;2;83072;2029
06;Buenos Aires;06756;San Isidro;1;2;142197;2029
06;Buenos Aires;06760;San Miguel;1;2;162631;2029
06;Buenos Aires;06778;San Vicente;1;2;50981;2029
06;Buenos Aires;06805;Tigre;1;2;222450;2029
06;Buenos Aires;06840;Tres de Febrero;1;2;176516;2029
06;Buenos Aires;06861;Vicente López;1;2;134060;2029
06;Buenos Aires;06882;Zárate;1;2;65930;2029
06;Buenos Aires;06007;Adolfo Alsina;0;2;8804;2029
06;Buenos Aires;06014;Adolfo Gonzales Chaves;0;2;6432;2029
06;Buenos Aires;06021;Alberti;0;2;6425;2029
06;Buenos Aires;06042;Ayacucho;0;2;10909;2029
06;Buenos Aires;06049;Azul;0;2;37585;2029
06;Buenos Aires;06056;Bahía Blanca;0;2;164930;2029
06;Buenos Aires;06063;Balcarce;0;2;24220;2029
06;Buenos Aires;06070;Baradero;0;2;19792;2029
06;Buenos Aires;06077;Arrecifes;0;2;15760;2029
06;Buenos Aires;06084;Benito Juárez;0;2;11606;2029
06;Buenos Aires;06105;Bolívar;0;2;18126;2029
06;Buenos Aires;06112;Bragado;0;2;22961;2029
06;Buenos Aires;06140;Capitán Sarmiento;0;2;7843;2029
06;Buenos Aires;06147;Carlos Casares;0;2;11269;2029
06;Buenos Aires;06154;Carlos Tejedor;0;2;7184;2029
06;Buenos Aires;06161;Carmen de Areco;0;2;8888;2029
06;Buenos Aires;06168;Castelli;0;2;4810;2029
06;Buenos Aires;06175;Colón;0;2;13603;2029
06;Buenos Aires;06182;Coronel de Marina Leonardo Rosales;0;2;32830;2029
06;Buenos Aires;06189;Coronel Dorrego;0;2;7855;2029
06;Buenos Aires;06196;Coronel Pringles;0;2;11834;2029
06;Buenos Aires;06203;Coronel Suárez;0;2;20864;2029
06;Buenos Aires;06210;Chacabuco;0;2;25938;2029
06;Buenos Aires;06218;Chascomús;0;2;21035;2029
06;Buenos Aires;06224;Chivilcoy;0;2;34441;2029
06;Buenos Aires;06231;Daireaux;0;2;9194;2029
06;Buenos Aires;06238;Dolores;0;2;16042;2029
06;Buenos Aires;06277;Florentino Ameghino;0;2;5455;2029
06;Buenos Aires;06280;General Alvarado;0;2;22677;2029
06;Buenos Aires;06287;General Alvear;0;2;7727;2029
06;Buenos Aires;06294;General Arenales;0;2;8107;2029
06;Buenos Aires;06301;General Belgrano;0;2;10118;2029
06;Buenos Aires;06308;General Guido;0;2;1610;2029
06;Buenos Aires;06315;General Juan Madariaga;0;2;11046;2029
06;Buenos Aires;06322;General La Madrid;0;2;5758;2029
06;Buenos Aires;06329;General Las Heras;0;2;8972;2029
06;Buenos Aires;06336;General Lavalle;0;2;2464;2029
06;Buenos Aires;06343;General Paz;0;2;7065;2029
06;Buenos Aires;06351;General Pinto;0;2;6489;2029
06;Buenos Aires;06357;General Pueyrredón;0;2;320801;2029
06;Buenos Aires;06385;General Viamonte;0;2;11199;2029
06;Buenos Aires;06392;General Villegas;0;2;17800;2029
06;Buenos Aires;06399;Guaminí;0;2;5869;2029
06;Buenos Aires;06406;Hipólito Yrigoyen;0;2;5345;2029
06;Buenos Aires;06413;Junín;0;2;51667;2029
06;Buenos Aires;06420;La Costa;0;2;50876;2029
06;Buenos Aires;06448;Laprida;0;2;5727;2029
06;Buenos Aires;06455;Las Flores;0;2;13175;2029
06;Buenos Aires;06462;Leandro N. Alem;0;2;8544;2029
06;Buenos Aires;06466;Lezama;0;2;3060;2029
06;Buenos Aires;06469;Lincoln;0;2;22525;2029
06;Buenos Aires;06476;Lobería;0;2;9159;2029
06;Buenos Aires;06483;Lobos;0;2;20233;2029
06;Buenos Aires;06505;Magdalena;0;2;15505;2029
06;Buenos Aires;06511;Maipú;0;2;5519;2029
06;Buenos Aires;06518;Mar Chiquita;0;2;17157;2029
06;Buenos Aires;06532;Mercedes;0;2;36405;2029
06;Buenos Aires;06547;Monte;0;2;12238;2029
06;Buenos Aires;06553;Monte Hermoso;0;2;4342;2029
06;Buenos Aires;06574;Navarro;0;2;9869;2029
06;Buenos Aires;06581;Necochea;0;2;49723;2029
06;Buenos Aires;06588;9 de Julio;0;2;25423;2029
06;Buenos Aires;06595;Olavarría;0;2;63380;2029
06;Buenos Aires;06602;Patagones;0;2;19142;2029
06;Buenos Aires;06609;Pehuajó;0;2;21976;2029
06;Buenos Aires;06616;Pellegrini;0;2;3590;2029
06;Buenos Aires;06623;Pergamino;0;2;56225;2029
06;Buenos Aires;06630;Pila;0;2;2345;2029
06;Buenos Aires;06644;Pinamar;0;2;20372;2029
06;Buenos Aires;06651;Puán;0;2;8254;2029
06;Buenos Aires;06655;Punta Indio;0;2;6201;2029
06;Buenos Aires;06665;Ramallo;0;2;20122;2029
06;Buenos Aires;06672;Rauch;0;2;8380;2029
06;Buenos Aires;06679;Rivadavia;0;2;10087;2029
06;Buenos Aires;06686;Rojas;0;2;12631;2029
06;Buenos Aires;06693;Roque Pérez;0;2;6843;2029
06;Buenos Aires;06700;Saavedra;0;2;11227;2029
06;Buenos Aires;06707;Saladillo;0;2;17439;2029
06;Buenos Aires;06714;Salto;0;2;19745;2029
06;Buenos Aires;06721;Salliqueló;0;2;4707;2029
06;Buenos Aires;06728;San Andrés de Giles;0;2;13418;2029
06;Buenos Aires;06735;San Antonio de Areco;0;2;13324;2029
06;Buenos Aires;06742;San Cayetano;0;2;4487;2029
06;Buenos Aires;06763;San Nicolás;0;2;83170;2029
06;Buenos Aires;06770;San Pedro;0;2;34382;2029
06;Buenos Aires;06784;Suipacha;0;2;5882;2029
06;Buenos Aires;06791;Tandil;0;2;71442;2029
06;Buenos Aires;06798;Tapalqué;0;2;5353;2029
06;Buenos Aires;06812;Tordillo;0;2;1360;2029
06;Buenos Aires;06819;Tornquist;0;2;7414;2029
06;Buenos Aires;06826;Trenque Lauquen;0;2;24768;2029
06;Buenos Aires;06833;Tres Arroyos;0;2;30884;2029
06;Buenos Aires;06847;Tres Lomas;0;2;4635;2029
06;Buenos Aires;06854;25 de Mayo;0;2;17216;2029
06;Buenos Aires;06868;Villa Gesell;0;2;18648;2029
06;Buenos Aires;06875;Villarino;0;2;16787;2029
06;Buenos Aires;06028;Almirante Brown;1;2;286468;2030
06;Buenos Aires;06035;Avellaneda;1;2;177207;2030
06;Buenos Aires;06091;Berazategui;1;2;176627;2030
06;Buenos Aires;06098;Berisso;1;2;50276;2030
06;Buenos Aires;06119;Brandsen;1;2;16526;2030
06;Buenos Aires;06126;Campana;1;2;55985;2030
06;Buenos Aires;06134;Cañuelas;1;2;36477;2030
06;Buenos Aires;06245;Ensenada;1;2;32195;2030
06;Buenos Aires;06252;Escobar;1;2;129881;2030
06;Buenos Aires;06260;Esteban Echeverría;1;2;167353;2030
06;Buenos Aires;06266;Exaltación de la Cruz;1;2;20560;2030
06;Buenos Aires;06270;Ezeiza;1;2;101892;2030
06;Buenos Aires;06274;Florencio Varela;1;2;252388;2030
06;Buenos Aires;06364;General Rodríguez;1;2;73838;2030
06;Buenos Aires;06371;General San Martín;1;2;217539;2030
06;Buenos Aires;06408;Hurlingham;1;2;90567;2030
06;Buenos Aires;06410;Ituzaingó;1;2;86933;2030
06;Buenos Aires;06412;José C. Paz;1;2;164167;2030
06;Buenos Aires;06427;La Matanza;1;2;904425;2030
06;Buenos Aires;06434;Lanús;1;2;221898;2030
06;Buenos Aires;06441;La Plata;1;2;375008;2030
06;Buenos Aires;06490;Lomas de Zamora;1;2;339981;2030
06;Buenos Aires;06497;Luján;1;2;54520;2030
06;Buenos Aires;06515;Malvinas Argentinas;1;2;173389;2030
06;Buenos Aires;06525;Marcos Paz;1;2;34879;2030
06;Buenos Aires;06539;Merlo;1;2;287272;2030
06;Buenos Aires;06560;Moreno;1;2;287081;2030
06;Buenos Aires;06568;Morón;1;2;159583;2030
06;Buenos Aires;06638;Pilar;1;2;199729;2030
06;Buenos Aires;06648;Presidente Perón;1;2;52353;2030
06;Buenos Aires;06658;Quilmes;1;2;310449;2030
06;Buenos Aires;06749;San Fernando;1;2;83091;2030
06;Buenos Aires;06756;San Isidro;1;2;142211;2030
06;Buenos Aires;06760;San Miguel;1;2;162831;2030
06;Buenos Aires;06778;San Vicente;1;2;51154;2030
06;Buenos Aires;06805;Tigre;1;2;222729;2030
06;Buenos Aires;06840;Tres de Febrero;1;2;176598;2030
06;Buenos Aires;06861;Vicente López;1;2;134096;2030
06;Buenos Aires;06882;Zárate;1;2;65991;2030
06;Buenos Aires;06007;Adolfo Alsina;0;2;8806;2030
06;Buenos Aires;06014;Adolfo Gonzales Chaves;0;2;6435;2030
06;Buenos Aires;06021;Alberti;0;2;6434;2030
06;Buenos Aires;06042;Ayacucho;0;2;10915;2030
06;Buenos Aires;06049;Azul;0;2;37626;2030
06;Buenos Aires;06056;Bahía Blanca;0;2;165062;2030
06;Buenos Aires;06063;Balcarce;0;2;24237;2030
06;Buenos Aires;06070;Baradero;0;2;19818;2030
06;Buenos Aires;06077;Arrecifes;0;2;15772;2030
06;Buenos Aires;06084;Benito Juárez;0;2;11615;2030
06;Buenos Aires;06105;Bolívar;0;2;18133;2030
06;Buenos Aires;06112;Bragado;0;2;22980;2030
06;Buenos Aires;06140;Capitán Sarmiento;0;2;7848;2030
06;Buenos Aires;06147;Carlos Casares;0;2;11269;2030
06;Buenos Aires;06154;Carlos Tejedor;0;2;7194;2030
06;Buenos Aires;06161;Carmen de Areco;0;2;8899;2030
06;Buenos Aires;06168;Castelli;0;2;4815;2030
06;Buenos Aires;06175;Colón;0;2;13613;2030
06;Buenos Aires;06182;Coronel de Marina Leonardo Rosales;0;2;32842;2030
06;Buenos Aires;06189;Coronel Dorrego;0;2;7855;2030
06;Buenos Aires;06196;Coronel Pringles;0;2;11837;2030
06;Buenos Aires;06203;Coronel Suárez;0;2;20877;2030
06;Buenos Aires;06210;Chacabuco;0;2;25951;2030
06;Buenos Aires;06218;Chascomús;0;2;21057;2030
06;Buenos Aires;06224;Chivilcoy;0;2;34465;2030
06;Buenos Aires;06231;Daireaux;0;2;9199;2030
06;Buenos Aires;06238;Dolores;0;2;16063;2030
06;Buenos Aires;06277;Florentino Ameghino;0;2;5463;2030
06;Buenos Aires;06280;General Alvarado;0;2;22700;2030
06;Buenos Aires;06287;General Alvear;0;2;7737;2030
06;Buenos Aires;06294;General Arenales;0;2;8112;2030
06;Buenos Aires;06301;General Belgrano;0;2;10130;2030
06;Buenos Aires;06308;General Guido;0;2;1611;2030
06;Buenos Aires;06315;General Juan Madariaga;0;2;11056;2030
06;Buenos Aires;06322;General La Madrid;0;2;5760;2030
06;Buenos Aires;06329;General Las Heras;0;2;8984;2030
06;Buenos Aires;06336;General Lavalle;0;2;2468;2030
06;Buenos Aires;06343;General Paz;0;2;7076;2030
06;Buenos Aires;06351;General Pinto;0;2;6494;2030
06;Buenos Aires;06357;General Pueyrredón;0;2;320944;2030
06;Buenos Aires;06385;General Viamonte;0;2;11216;2030
06;Buenos Aires;06392;General Villegas;0;2;17815;2030
06;Buenos Aires;06399;Guaminí;0;2;5867;2030
06;Buenos Aires;06406;Hipólito Yrigoyen;0;2;5349;2030
06;Buenos Aires;06413;Junín;0;2;51724;2030
06;Buenos Aires;06420;La Costa;0;2;51004;2030
06;Buenos Aires;06448;Laprida;0;2;5733;2030
06;Buenos Aires;06455;Las Flores;0;2;13186;2030
06;Buenos Aires;06462;Leandro N. Alem;0;2;8545;2030
06;Buenos Aires;06466;Lezama;0;2;3062;2030
06;Buenos Aires;06469;Lincoln;0;2;22536;2030
06;Buenos Aires;06476;Lobería;0;2;9160;2030
06;Buenos Aires;06483;Lobos;0;2;20251;2030
06;Buenos Aires;06505;Magdalena;0;2;15542;2030
06;Buenos Aires;06511;Maipú;0;2;5524;2030
06;Buenos Aires;06518;Mar Chiquita;0;2;17209;2030
06;Buenos Aires;06532;Mercedes;0;2;36442;2030
06;Buenos Aires;06547;Monte;0;2;12252;2030
06;Buenos Aires;06553;Monte Hermoso;0;2;4349;2030
06;Buenos Aires;06574;Navarro;0;2;9879;2030
06;Buenos Aires;06581;Necochea;0;2;49756;2030
06;Buenos Aires;06588;9 de Julio;0;2;25436;2030
06;Buenos Aires;06595;Olavarría;0;2;63434;2030
06;Buenos Aires;06602;Patagones;0;2;19172;2030
06;Buenos Aires;06609;Pehuajó;0;2;21994;2030
06;Buenos Aires;06616;Pellegrini;0;2;3595;2030
06;Buenos Aires;06623;Pergamino;0;2;56271;2030
06;Buenos Aires;06630;Pila;0;2;2348;2030
06;Buenos Aires;06644;Pinamar;0;2;20432;2030
06;Buenos Aires;06651;Puán;0;2;8257;2030
06;Buenos Aires;06655;Punta Indio;0;2;6210;2030
06;Buenos Aires;06665;Ramallo;0;2;20150;2030
06;Buenos Aires;06672;Rauch;0;2;8386;2030
06;Buenos Aires;06679;Rivadavia;0;2;10101;2030
06;Buenos Aires;06686;Rojas;0;2;12638;2030
06;Buenos Aires;06693;Roque Pérez;0;2;6848;2030
06;Buenos Aires;06700;Saavedra;0;2;11230;2030
06;Buenos Aires;06707;Saladillo;0;2;17450;2030
06;Buenos Aires;06714;Salto;0;2;19772;2030
06;Buenos Aires;06721;Salliqueló;0;2;4710;2030
06;Buenos Aires;06728;San Andrés de Giles;0;2;13432;2030
06;Buenos Aires;06735;San Antonio de Areco;0;2;13337;2030
06;Buenos Aires;06742;San Cayetano;0;2;4489;2030
06;Buenos Aires;06763;San Nicolás;0;2;83252;2030
06;Buenos Aires;06770;San Pedro;0;2;34419;2030
06;Buenos Aires;06784;Suipacha;0;2;5888;2030
06;Buenos Aires;06791;Tandil;0;2;71524;2030
06;Buenos Aires;06798;Tapalqué;0;2;5359;2030
06;Buenos Aires;06812;Tordillo;0;2;1363;2030
06;Buenos Aires;06819;Tornquist;0;2;7421;2030
06;Buenos Aires;06826;Trenque Lauquen;0;2;24793;2030
06;Buenos Aires;06833;Tres Arroyos;0;2;30904;2030
06;Buenos Aires;06847;Tres Lomas;0;2;4638;2030
06;Buenos Aires;06854;25 de Mayo;0;2;17211;2030
06;Buenos Aires;06868;Villa Gesell;0;2;18667;2030
06;Buenos Aires;06875;Villarino;0;2;16793;2030
06;Buenos Aires;06028;Almirante Brown;1;2;286551;2031
06;Buenos Aires;06035;Avellaneda;1;2;177302;2031
06;Buenos Aires;06091;Berazategui;1;2;176757;2031
06;Buenos Aires;06098;Berisso;1;2;50333;2031
06;Buenos Aires;06119;Brandsen;1;2;16555;2031
06;Buenos Aires;06126;Campana;1;2;56054;2031
06;Buenos Aires;06134;Cañuelas;1;2;36569;2031
06;Buenos Aires;06245;Ensenada;1;2;32229;2031
06;Buenos Aires;06252;Escobar;1;2;130077;2031
06;Buenos Aires;06260;Esteban Echeverría;1;2;167507;2031
06;Buenos Aires;06266;Exaltación de la Cruz;1;2;20609;2031
06;Buenos Aires;06270;Ezeiza;1;2;102064;2031
06;Buenos Aires;06274;Florencio Varela;1;2;252712;2031
06;Buenos Aires;06364;General Rodríguez;1;2;74111;2031
06;Buenos Aires;06371;General San Martín;1;2;217665;2031
06;Buenos Aires;06408;Hurlingham;1;2;90588;2031
06;Buenos Aires;06410;Ituzaingó;1;2;86966;2031
06;Buenos Aires;06412;José C. Paz;1;2;164440;2031
06;Buenos Aires;06427;La Matanza;1;2;905120;2031
06;Buenos Aires;06434;Lanús;1;2;221898;2031
06;Buenos Aires;06441;La Plata;1;2;375474;2031
06;Buenos Aires;06490;Lomas de Zamora;1;2;340299;2031
06;Buenos Aires;06497;Luján;1;2;54529;2031
06;Buenos Aires;06515;Malvinas Argentinas;1;2;173482;2031
06;Buenos Aires;06525;Marcos Paz;1;2;34939;2031
06;Buenos Aires;06539;Merlo;1;2;287431;2031
06;Buenos Aires;06560;Moreno;1;2;287264;2031
06;Buenos Aires;06568;Morón;1;2;159600;2031
06;Buenos Aires;06638;Pilar;1;2;200173;2031
06;Buenos Aires;06648;Presidente Perón;1;2;52457;2031
06;Buenos Aires;06658;Quilmes;1;2;310646;2031
06;Buenos Aires;06749;San Fernando;1;2;83112;2031
06;Buenos Aires;06756;San Isidro;1;2;142228;2031
06;Buenos Aires;06760;San Miguel;1;2;163059;2031
06;Buenos Aires;06778;San Vicente;1;2;51350;2031
06;Buenos Aires;06805;Tigre;1;2;223046;2031
06;Buenos Aires;06840;Tres de Febrero;1;2;176690;2031
06;Buenos Aires;06861;Vicente López;1;2;134137;2031
06;Buenos Aires;06882;Zárate;1;2;66061;2031
06;Buenos Aires;06007;Adolfo Alsina;0;2;8807;2031
06;Buenos Aires;06014;Adolfo Gonzales Chaves;0;2;6438;2031
06;Buenos Aires;06021;Alberti;0;2;6444;2031
06;Buenos Aires;06042;Ayacucho;0;2;10921;2031
06;Buenos Aires;06049;Azul;0;2;37673;2031
06;Buenos Aires;06056;Bahía Blanca;0;2;165213;2031
06;Buenos Aires;06063;Balcarce;0;2;24257;2031
06;Buenos Aires;06070;Baradero;0;2;19848;2031
06;Buenos Aires;06077;Arrecifes;0;2;15785;2031
06;Buenos Aires;06084;Benito Juárez;0;2;11625;2031
06;Buenos Aires;06105;Bolívar;0;2;18140;2031
06;Buenos Aires;06112;Bragado;0;2;23002;2031
06;Buenos Aires;06140;Capitán Sarmiento;0;2;7854;2031
06;Buenos Aires;06147;Carlos Casares;0;2;11271;2031
06;Buenos Aires;06154;Carlos Tejedor;0;2;7205;2031
06;Buenos Aires;06161;Carmen de Areco;0;2;8912;2031
06;Buenos Aires;06168;Castelli;0;2;4822;2031
06;Buenos Aires;06175;Colón;0;2;13624;2031
06;Buenos Aires;06182;Coronel de Marina Leonardo Rosales;0;2;32857;2031
06;Buenos Aires;06189;Coronel Dorrego;0;2;7856;2031
06;Buenos Aires;06196;Coronel Pringles;0;2;11840;2031
06;Buenos Aires;06203;Coronel Suárez;0;2;20892;2031
06;Buenos Aires;06210;Chacabuco;0;2;25966;2031
06;Buenos Aires;06218;Chascomús;0;2;21081;2031
06;Buenos Aires;06224;Chivilcoy;0;2;34491;2031
06;Buenos Aires;06231;Daireaux;0;2;9204;2031
06;Buenos Aires;06238;Dolores;0;2;16088;2031
06;Buenos Aires;06277;Florentino Ameghino;0;2;5471;2031
06;Buenos Aires;06280;General Alvarado;0;2;22726;2031
06;Buenos Aires;06287;General Alvear;0;2;7748;2031
06;Buenos Aires;06294;General Arenales;0;2;8118;2031
06;Buenos Aires;06301;General Belgrano;0;2;10143;2031
06;Buenos Aires;06308;General Guido;0;2;1612;2031
06;Buenos Aires;06315;General Juan Madariaga;0;2;11068;2031
06;Buenos Aires;06322;General La Madrid;0;2;5763;2031
06;Buenos Aires;06329;General Las Heras;0;2;8998;2031
06;Buenos Aires;06336;General Lavalle;0;2;2473;2031
06;Buenos Aires;06343;General Paz;0;2;7088;2031
06;Buenos Aires;06351;General Pinto;0;2;6500;2031
06;Buenos Aires;06357;General Pueyrredón;0;2;321105;2031
06;Buenos Aires;06385;General Viamonte;0;2;11235;2031
06;Buenos Aires;06392;General Villegas;0;2;17832;2031
06;Buenos Aires;06399;Guaminí;0;2;5865;2031
06;Buenos Aires;06406;Hipólito Yrigoyen;0;2;5354;2031
06;Buenos Aires;06413;Junín;0;2;51788;2031
06;Buenos Aires;06420;La Costa;0;2;51151;2031
06;Buenos Aires;06448;Laprida;0;2;5739;2031
06;Buenos Aires;06455;Las Flores;0;2;13198;2031
06;Buenos Aires;06462;Leandro N. Alem;0;2;8546;2031
06;Buenos Aires;06466;Lezama;0;2;3064;2031
06;Buenos Aires;06469;Lincoln;0;2;22550;2031
06;Buenos Aires;06476;Lobería;0;2;9161;2031
06;Buenos Aires;06483;Lobos;0;2;20272;2031
06;Buenos Aires;06505;Magdalena;0;2;15585;2031
06;Buenos Aires;06511;Maipú;0;2;5529;2031
06;Buenos Aires;06518;Mar Chiquita;0;2;17267;2031
06;Buenos Aires;06532;Mercedes;0;2;36484;2031
06;Buenos Aires;06547;Monte;0;2;12267;2031
06;Buenos Aires;06553;Monte Hermoso;0;2;4358;2031
06;Buenos Aires;06574;Navarro;0;2;9890;2031
06;Buenos Aires;06581;Necochea;0;2;49793;2031
06;Buenos Aires;06588;9 de Julio;0;2;25451;2031
06;Buenos Aires;06595;Olavarría;0;2;63496;2031
06;Buenos Aires;06602;Patagones;0;2;19207;2031
06;Buenos Aires;06609;Pehuajó;0;2;22014;2031
06;Buenos Aires;06616;Pellegrini;0;2;3601;2031
06;Buenos Aires;06623;Pergamino;0;2;56323;2031
06;Buenos Aires;06630;Pila;0;2;2353;2031
06;Buenos Aires;06644;Pinamar;0;2;20499;2031
06;Buenos Aires;06651;Puán;0;2;8260;2031
06;Buenos Aires;06655;Punta Indio;0;2;6221;2031
06;Buenos Aires;06665;Ramallo;0;2;20182;2031
06;Buenos Aires;06672;Rauch;0;2;8393;2031
06;Buenos Aires;06679;Rivadavia;0;2;10117;2031
06;Buenos Aires;06686;Rojas;0;2;12647;2031
06;Buenos Aires;06693;Roque Pérez;0;2;6853;2031
06;Buenos Aires;06700;Saavedra;0;2;11234;2031
06;Buenos Aires;06707;Saladillo;0;2;17463;2031
06;Buenos Aires;06714;Salto;0;2;19803;2031
06;Buenos Aires;06721;Salliqueló;0;2;4713;2031
06;Buenos Aires;06728;San Andrés de Giles;0;2;13447;2031
06;Buenos Aires;06735;San Antonio de Areco;0;2;13353;2031
06;Buenos Aires;06742;San Cayetano;0;2;4491;2031
06;Buenos Aires;06763;San Nicolás;0;2;83346;2031
06;Buenos Aires;06770;San Pedro;0;2;34461;2031
06;Buenos Aires;06784;Suipacha;0;2;5896;2031
06;Buenos Aires;06791;Tandil;0;2;71617;2031
06;Buenos Aires;06798;Tapalqué;0;2;5365;2031
06;Buenos Aires;06812;Tordillo;0;2;1367;2031
06;Buenos Aires;06819;Tornquist;0;2;7430;2031
06;Buenos Aires;06826;Trenque Lauquen;0;2;24823;2031
06;Buenos Aires;06833;Tres Arroyos;0;2;30926;2031
06;Buenos Aires;06847;Tres Lomas;0;2;4642;2031
06;Buenos Aires;06854;25 de Mayo;0;2;17205;2031
06;Buenos Aires;06868;Villa Gesell;0;2;18689;2031
06;Buenos Aires;06875;Villarino;0;2;16800;2031
06;Buenos Aires;06028;Almirante Brown;1;2;286643;2032
06;Buenos Aires;06035;Avellaneda;1;2;177408;2032
06;Buenos Aires;06091;Berazategui;1;2;176901;2032
06;Buenos Aires;06098;Berisso;1;2;50396;2032
06;Buenos Aires;06119;Brandsen;1;2;16588;2032
06;Buenos Aires;06126;Campana;1;2;56132;2032
06;Buenos Aires;06134;Cañuelas;1;2;36672;2032
06;Buenos Aires;06245;Ensenada;1;2;32267;2032
06;Buenos Aires;06252;Escobar;1;2;130298;2032
06;Buenos Aires;06260;Esteban Echeverría;1;2;167679;2032
06;Buenos Aires;06266;Exaltación de la Cruz;1;2;20664;2032
06;Buenos Aires;06270;Ezeiza;1;2;102256;2032
06;Buenos Aires;06274;Florencio Varela;1;2;253074;2032
06;Buenos Aires;06364;General Rodríguez;1;2;74418;2032
06;Buenos Aires;06371;General San Martín;1;2;217807;2032
06;Buenos Aires;06408;Hurlingham;1;2;90611;2032
06;Buenos Aires;06410;Ituzaingó;1;2;87003;2032
06;Buenos Aires;06412;José C. Paz;1;2;164747;2032
06;Buenos Aires;06427;La Matanza;1;2;905900;2032
06;Buenos Aires;06434;Lanús;1;2;221899;2032
06;Buenos Aires;06441;La Plata;1;2;375997;2032
06;Buenos Aires;06490;Lomas de Zamora;1;2;340657;2032
06;Buenos Aires;06497;Luján;1;2;54539;2032
06;Buenos Aires;06515;Malvinas Argentinas;1;2;173587;2032
06;Buenos Aires;06525;Marcos Paz;1;2;35005;2032
06;Buenos Aires;06539;Merlo;1;2;287609;2032
06;Buenos Aires;06560;Moreno;1;2;287470;2032
06;Buenos Aires;06568;Morón;1;2;159620;2032
06;Buenos Aires;06638;Pilar;1;2;200671;2032
06;Buenos Aires;06648;Presidente Perón;1;2;52574;2032
06;Buenos Aires;06658;Quilmes;1;2;310867;2032
06;Buenos Aires;06749;San Fernando;1;2;83136;2032
06;Buenos Aires;06756;San Isidro;1;2;142246;2032
06;Buenos Aires;06760;San Miguel;1;2;163314;2032
06;Buenos Aires;06778;San Vicente;1;2;51569;2032
06;Buenos Aires;06805;Tigre;1;2;223401;2032
06;Buenos Aires;06840;Tres de Febrero;1;2;176794;2032
06;Buenos Aires;06861;Vicente López;1;2;134183;2032
06;Buenos Aires;06882;Zárate;1;2;66140;2032
06;Buenos Aires;06007;Adolfo Alsina;0;2;8809;2032
06;Buenos Aires;06014;Adolfo Gonzales Chaves;0;2;6441;2032
06;Buenos Aires;06021;Alberti;0;2;6455;2032
06;Buenos Aires;06042;Ayacucho;0;2;10927;2032
06;Buenos Aires;06049;Azul;0;2;37726;2032
06;Buenos Aires;06056;Bahía Blanca;0;2;165381;2032
06;Buenos Aires;06063;Balcarce;0;2;24279;2032
06;Buenos Aires;06070;Baradero;0;2;19881;2032
06;Buenos Aires;06077;Arrecifes;0;2;15800;2032
06;Buenos Aires;06084;Benito Juárez;0;2;11636;2032
06;Buenos Aires;06105;Bolívar;0;2;18149;2032
06;Buenos Aires;06112;Bragado;0;2;23027;2032
06;Buenos Aires;06140;Capitán Sarmiento;0;2;7860;2032
06;Buenos Aires;06147;Carlos Casares;0;2;11272;2032
06;Buenos Aires;06154;Carlos Tejedor;0;2;7218;2032
06;Buenos Aires;06161;Carmen de Areco;0;2;8926;2032
06;Buenos Aires;06168;Castelli;0;2;4829;2032
06;Buenos Aires;06175;Colón;0;2;13636;2032
06;Buenos Aires;06182;Coronel de Marina Leonardo Rosales;0;2;32873;2032
06;Buenos Aires;06189;Coronel Dorrego;0;2;7856;2032
06;Buenos Aires;06196;Coronel Pringles;0;2;11844;2032
06;Buenos Aires;06203;Coronel Suárez;0;2;20909;2032
06;Buenos Aires;06210;Chacabuco;0;2;25983;2032
06;Buenos Aires;06218;Chascomús;0;2;21108;2032
06;Buenos Aires;06224;Chivilcoy;0;2;34521;2032
06;Buenos Aires;06231;Daireaux;0;2;9210;2032
06;Buenos Aires;06238;Dolores;0;2;16115;2032
06;Buenos Aires;06277;Florentino Ameghino;0;2;5481;2032
06;Buenos Aires;06280;General Alvarado;0;2;22755;2032
06;Buenos Aires;06287;General Alvear;0;2;7762;2032
06;Buenos Aires;06294;General Arenales;0;2;8124;2032
06;Buenos Aires;06301;General Belgrano;0;2;10158;2032
06;Buenos Aires;06308;General Guido;0;2;1614;2032
06;Buenos Aires;06315;General Juan Madariaga;0;2;11081;2032
06;Buenos Aires;06322;General La Madrid;0;2;5766;2032
06;Buenos Aires;06329;General Las Heras;0;2;9014;2032
06;Buenos Aires;06336;General Lavalle;0;2;2479;2032
06;Buenos Aires;06343;General Paz;0;2;7102;2032
06;Buenos Aires;06351;General Pinto;0;2;6508;2032
06;Buenos Aires;06357;General Pueyrredón;0;2;321287;2032
06;Buenos Aires;06385;General Viamonte;0;2;11256;2032
06;Buenos Aires;06392;General Villegas;0;2;17851;2032
06;Buenos Aires;06399;Guaminí;0;2;5863;2032
06;Buenos Aires;06406;Hipólito Yrigoyen;0;2;5359;2032
06;Buenos Aires;06413;Junín;0;2;51860;2032
06;Buenos Aires;06420;La Costa;0;2;51315;2032
06;Buenos Aires;06448;Laprida;0;2;5745;2032
06;Buenos Aires;06455;Las Flores;0;2;13212;2032
06;Buenos Aires;06462;Leandro N. Alem;0;2;8547;2032
06;Buenos Aires;06466;Lezama;0;2;3066;2032
06;Buenos Aires;06469;Lincoln;0;2;22564;2032
06;Buenos Aires;06476;Lobería;0;2;9163;2032
06;Buenos Aires;06483;Lobos;0;2;20296;2032
06;Buenos Aires;06505;Magdalena;0;2;15632;2032
06;Buenos Aires;06511;Maipú;0;2;5535;2032
06;Buenos Aires;06518;Mar Chiquita;0;2;17333;2032
06;Buenos Aires;06532;Mercedes;0;2;36531;2032
06;Buenos Aires;06547;Monte;0;2;12284;2032
06;Buenos Aires;06553;Monte Hermoso;0;2;4368;2032
06;Buenos Aires;06574;Navarro;0;2;9902;2032
06;Buenos Aires;06581;Necochea;0;2;49835;2032
06;Buenos Aires;06588;9 de Julio;0;2;25468;2032
06;Buenos Aires;06595;Olavarría;0;2;63564;2032
06;Buenos Aires;06602;Patagones;0;2;19246;2032
06;Buenos Aires;06609;Pehuajó;0;2;22036;2032
06;Buenos Aires;06616;Pellegrini;0;2;3607;2032
06;Buenos Aires;06623;Pergamino;0;2;56380;2032
06;Buenos Aires;06630;Pila;0;2;2357;2032
06;Buenos Aires;06644;Pinamar;0;2;20575;2032
06;Buenos Aires;06651;Puán;0;2;8263;2032
06;Buenos Aires;06655;Punta Indio;0;2;6233;2032
06;Buenos Aires;06665;Ramallo;0;2;20217;2032
06;Buenos Aires;06672;Rauch;0;2;8400;2032
06;Buenos Aires;06679;Rivadavia;0;2;10135;2032
06;Buenos Aires;06686;Rojas;0;2;12657;2032
06;Buenos Aires;06693;Roque Pérez;0;2;6859;2032
06;Buenos Aires;06700;Saavedra;0;2;11239;2032
06;Buenos Aires;06707;Saladillo;0;2;17477;2032
06;Buenos Aires;06714;Salto;0;2;19838;2032
06;Buenos Aires;06721;Salliqueló;0;2;4717;2032
06;Buenos Aires;06728;San Andrés de Giles;0;2;13463;2032
06;Buenos Aires;06735;San Antonio de Areco;0;2;13370;2032
06;Buenos Aires;06742;San Cayetano;0;2;4493;2032
06;Buenos Aires;06763;San Nicolás;0;2;83451;2032
06;Buenos Aires;06770;San Pedro;0;2;34509;2032
06;Buenos Aires;06784;Suipacha;0;2;5904;2032
06;Buenos Aires;06791;Tandil;0;2;71721;2032
06;Buenos Aires;06798;Tapalqué;0;2;5372;2032
06;Buenos Aires;06812;Tordillo;0;2;1371;2032
06;Buenos Aires;06819;Tornquist;0;2;7439;2032
06;Buenos Aires;06826;Trenque Lauquen;0;2;24855;2032
06;Buenos Aires;06833;Tres Arroyos;0;2;30952;2032
06;Buenos Aires;06847;Tres Lomas;0;2;4646;2032
06;Buenos Aires;06854;25 de Mayo;0;2;17199;2032
06;Buenos Aires;06868;Villa Gesell;0;2;18714;2032
06;Buenos Aires;06875;Villarino;0;2;16807;2032
06;Buenos Aires;06028;Almirante Brown;1;2;286745;2033
06;Buenos Aires;06035;Avellaneda;1;2;177525;2033
06;Buenos Aires;06091;Berazategui;1;2;177061;2033
06;Buenos Aires;06098;Berisso;1;2;50466;2033
06;Buenos Aires;06119;Brandsen;1;2;16624;2033
06;Buenos Aires;06126;Campana;1;2;56217;2033
06;Buenos Aires;06134;Cañuelas;1;2;36786;2033
06;Buenos Aires;06245;Ensenada;1;2;32309;2033
06;Buenos Aires;06252;Escobar;1;2;130540;2033
06;Buenos Aires;06260;Esteban Echeverría;1;2;167868;2033
06;Buenos Aires;06266;Exaltación de la Cruz;1;2;20724;2033
06;Buenos Aires;06270;Ezeiza;1;2;102469;2033
06;Buenos Aires;06274;Florencio Varela;1;2;253472;2033
06;Buenos Aires;06364;General Rodríguez;1;2;74756;2033
06;Buenos Aires;06371;General San Martín;1;2;217963;2033
06;Buenos Aires;06408;Hurlingham;1;2;90637;2033
06;Buenos Aires;06410;Ituzaingó;1;2;87044;2033
06;Buenos Aires;06412;José C. Paz;1;2;165084;2033
06;Buenos Aires;06427;La Matanza;1;2;906758;2033
06;Buenos Aires;06434;Lanús;1;2;221900;2033
06;Buenos Aires;06441;La Plata;1;2;376572;2033
06;Buenos Aires;06490;Lomas de Zamora;1;2;341050;2033
06;Buenos Aires;06497;Luján;1;2;54551;2033
06;Buenos Aires;06515;Malvinas Argentinas;1;2;173702;2033
06;Buenos Aires;06525;Marcos Paz;1;2;35079;2033
06;Buenos Aires;06539;Merlo;1;2;287805;2033
06;Buenos Aires;06560;Moreno;1;2;287696;2033
06;Buenos Aires;06568;Morón;1;2;159642;2033
06;Buenos Aires;06638;Pilar;1;2;201218;2033
06;Buenos Aires;06648;Presidente Perón;1;2;52703;2033
06;Buenos Aires;06658;Quilmes;1;2;311110;2033
06;Buenos Aires;06749;San Fernando;1;2;83163;2033
06;Buenos Aires;06756;San Isidro;1;2;142267;2033
06;Buenos Aires;06760;San Miguel;1;2;163596;2033
06;Buenos Aires;06778;San Vicente;1;2;51811;2033
06;Buenos Aires;06805;Tigre;1;2;223791;2033
06;Buenos Aires;06840;Tres de Febrero;1;2;176908;2033
06;Buenos Aires;06861;Vicente López;1;2;134233;2033
06;Buenos Aires;06882;Zárate;1;2;66226;2033
06;Buenos Aires;06007;Adolfo Alsina;0;2;8811;2033
06;Buenos Aires;06014;Adolfo Gonzales Chaves;0;2;6445;2033
06;Buenos Aires;06021;Alberti;0;2;6468;2033
06;Buenos Aires;06042;Ayacucho;0;2;10935;2033
06;Buenos Aires;06049;Azul;0;2;37784;2033
06;Buenos Aires;06056;Bahía Blanca;0;2;165566;2033
06;Buenos Aires;06063;Balcarce;0;2;24303;2033
06;Buenos Aires;06070;Baradero;0;2;19917;2033
06;Buenos Aires;06077;Arrecifes;0;2;15816;2033
06;Buenos Aires;06084;Benito Juárez;0;2;11648;2033
06;Buenos Aires;06105;Bolívar;0;2;18159;2033
06;Buenos Aires;06112;Bragado;0;2;23054;2033
06;Buenos Aires;06140;Capitán Sarmiento;0;2;7867;2033
06;Buenos Aires;06147;Carlos Casares;0;2;11273;2033
06;Buenos Aires;06154;Carlos Tejedor;0;2;7231;2033
06;Buenos Aires;06161;Carmen de Areco;0;2;8942;2033
06;Buenos Aires;06168;Castelli;0;2;4837;2033
06;Buenos Aires;06175;Colón;0;2;13649;2033
06;Buenos Aires;06182;Coronel de Marina Leonardo Rosales;0;2;32890;2033
06;Buenos Aires;06189;Coronel Dorrego;0;2;7857;2033
06;Buenos Aires;06196;Coronel Pringles;0;2;11849;2033
06;Buenos Aires;06203;Coronel Suárez;0;2;20927;2033
06;Buenos Aires;06210;Chacabuco;0;2;26001;2033
06;Buenos Aires;06218;Chascomús;0;2;21138;2033
06;Buenos Aires;06224;Chivilcoy;0;2;34554;2033
06;Buenos Aires;06231;Daireaux;0;2;9216;2033
06;Buenos Aires;06238;Dolores;0;2;16145;2033
06;Buenos Aires;06277;Florentino Ameghino;0;2;5491;2033
06;Buenos Aires;06280;General Alvarado;0;2;22786;2033
06;Buenos Aires;06287;General Alvear;0;2;7776;2033
06;Buenos Aires;06294;General Arenales;0;2;8131;2033
06;Buenos Aires;06301;General Belgrano;0;2;10174;2033
06;Buenos Aires;06308;General Guido;0;2;1615;2033
06;Buenos Aires;06315;General Juan Madariaga;0;2;11096;2033
06;Buenos Aires;06322;General La Madrid;0;2;5769;2033
06;Buenos Aires;06329;General Las Heras;0;2;9031;2033
06;Buenos Aires;06336;General Lavalle;0;2;2485;2033
06;Buenos Aires;06343;General Paz;0;2;7118;2033
06;Buenos Aires;06351;General Pinto;0;2;6516;2033
06;Buenos Aires;06357;General Pueyrredón;0;2;321486;2033
06;Buenos Aires;06385;General Viamonte;0;2;11280;2033
06;Buenos Aires;06392;General Villegas;0;2;17872;2033
06;Buenos Aires;06399;Guaminí;0;2;5860;2033
06;Buenos Aires;06406;Hipólito Yrigoyen;0;2;5364;2033
06;Buenos Aires;06413;Junín;0;2;51939;2033
06;Buenos Aires;06420;La Costa;0;2;51496;2033
06;Buenos Aires;06448;Laprida;0;2;5753;2033
06;Buenos Aires;06455;Las Flores;0;2;13227;2033
06;Buenos Aires;06462;Leandro N. Alem;0;2;8548;2033
06;Buenos Aires;06466;Lezama;0;2;3069;2033
06;Buenos Aires;06469;Lincoln;0;2;22581;2033
06;Buenos Aires;06476;Lobería;0;2;9164;2033
06;Buenos Aires;06483;Lobos;0;2;20322;2033
06;Buenos Aires;06505;Magdalena;0;2;15685;2033
06;Buenos Aires;06511;Maipú;0;2;5541;2033
06;Buenos Aires;06518;Mar Chiquita;0;2;17405;2033
06;Buenos Aires;06532;Mercedes;0;2;36583;2033
06;Buenos Aires;06547;Monte;0;2;12303;2033
06;Buenos Aires;06553;Monte Hermoso;0;2;4379;2033
06;Buenos Aires;06574;Navarro;0;2;9915;2033
06;Buenos Aires;06581;Necochea;0;2;49882;2033
06;Buenos Aires;06588;9 de Julio;0;2;25487;2033
06;Buenos Aires;06595;Olavarría;0;2;63640;2033
06;Buenos Aires;06602;Patagones;0;2;19289;2033
06;Buenos Aires;06609;Pehuajó;0;2;22061;2033
06;Buenos Aires;06616;Pellegrini;0;2;3614;2033
06;Buenos Aires;06623;Pergamino;0;2;56444;2033
06;Buenos Aires;06630;Pila;0;2;2363;2033
06;Buenos Aires;06644;Pinamar;0;2;20658;2033
06;Buenos Aires;06651;Puán;0;2;8267;2033
06;Buenos Aires;06655;Punta Indio;0;2;6246;2033
06;Buenos Aires;06665;Ramallo;0;2;20256;2033
06;Buenos Aires;06672;Rauch;0;2;8409;2033
06;Buenos Aires;06679;Rivadavia;0;2;10154;2033
06;Buenos Aires;06686;Rojas;0;2;12668;2033
06;Buenos Aires;06693;Roque Pérez;0;2;6865;2033
06;Buenos Aires;06700;Saavedra;0;2;11244;2033
06;Buenos Aires;06707;Saladillo;0;2;17492;2033
06;Buenos Aires;06714;Salto;0;2;19877;2033
06;Buenos Aires;06721;Salliqueló;0;2;4722;2033
06;Buenos Aires;06728;San Andrés de Giles;0;2;13482;2033
06;Buenos Aires;06735;San Antonio de Areco;0;2;13389;2033
06;Buenos Aires;06742;San Cayetano;0;2;4495;2033
06;Buenos Aires;06763;San Nicolás;0;2;83566;2033
06;Buenos Aires;06770;San Pedro;0;2;34560;2033
06;Buenos Aires;06784;Suipacha;0;2;5913;2033
06;Buenos Aires;06791;Tandil;0;2;71835;2033
06;Buenos Aires;06798;Tapalqué;0;2;5380;2033
06;Buenos Aires;06812;Tordillo;0;2;1376;2033
06;Buenos Aires;06819;Tornquist;0;2;7449;2033
06;Buenos Aires;06826;Trenque Lauquen;0;2;24892;2033
06;Buenos Aires;06833;Tres Arroyos;0;2;30980;2033
06;Buenos Aires;06847;Tres Lomas;0;2;4650;2033
06;Buenos Aires;06854;25 de Mayo;0;2;17192;2033
06;Buenos Aires;06868;Villa Gesell;0;2;18741;2033
06;Buenos Aires;06875;Villarino;0;2;16816;2033
06;Buenos Aires;06028;Almirante Brown;1;2;286855;2034
06;Buenos Aires;06035;Avellaneda;1;2;177653;2034
06;Buenos Aires;06091;Berazategui;1;2;177234;2034
06;Buenos Aires;06098;Berisso;1;2;50542;2034
06;Buenos Aires;06119;Brandsen;1;2;16663;2034
06;Buenos Aires;06126;Campana;1;2;56310;2034
06;Buenos Aires;06134;Cañuelas;1;2;36909;2034
06;Buenos Aires;06245;Ensenada;1;2;32354;2034
06;Buenos Aires;06252;Escobar;1;2;130804;2034
06;Buenos Aires;06260;Esteban Echeverría;1;2;168074;2034
06;Buenos Aires;06266;Exaltación de la Cruz;1;2;20790;2034
06;Buenos Aires;06270;Ezeiza;1;2;102700;2034
06;Buenos Aires;06274;Florencio Varela;1;2;253906;2034
06;Buenos Aires;06364;General Rodríguez;1;2;75123;2034
06;Buenos Aires;06371;General San Martín;1;2;218132;2034
06;Buenos Aires;06408;Hurlingham;1;2;90665;2034
06;Buenos Aires;06410;Ituzaingó;1;2;87089;2034
06;Buenos Aires;06412;José C. Paz;1;2;165451;2034
06;Buenos Aires;06427;La Matanza;1;2;907692;2034
06;Buenos Aires;06434;Lanús;1;2;221901;2034
06;Buenos Aires;06441;La Plata;1;2;377198;2034
06;Buenos Aires;06490;Lomas de Zamora;1;2;341478;2034
06;Buenos Aires;06497;Luján;1;2;54564;2034
06;Buenos Aires;06515;Malvinas Argentinas;1;2;173827;2034
06;Buenos Aires;06525;Marcos Paz;1;2;35159;2034
06;Buenos Aires;06539;Merlo;1;2;288019;2034
06;Buenos Aires;06560;Moreno;1;2;287941;2034
06;Buenos Aires;06568;Morón;1;2;159666;2034
06;Buenos Aires;06638;Pilar;1;2;201814;2034
06;Buenos Aires;06648;Presidente Perón;1;2;52843;2034
06;Buenos Aires;06658;Quilmes;1;2;311374;2034
06;Buenos Aires;06749;San Fernando;1;2;83192;2034
06;Buenos Aires;06756;San Isidro;1;2;142289;2034
06;Buenos Aires;06760;San Miguel;1;2;163901;2034
06;Buenos Aires;06778;San Vicente;1;2;52074;2034
06;Buenos Aires;06805;Tigre;1;2;224217;2034
06;Buenos Aires;06840;Tres de Febrero;1;2;177033;2034
06;Buenos Aires;06861;Vicente López;1;2;134288;2034
06;Buenos Aires;06882;Zárate;1;2;66320;2034
06;Buenos Aires;06007;Adolfo Alsina;0;2;8813;2034
06;Buenos Aires;06014;Adolfo Gonzales Chaves;0;2;6450;2034
06;Buenos Aires;06021;Alberti;0;2;6481;2034
06;Buenos Aires;06042;Ayacucho;0;2;10943;2034
06;Buenos Aires;06049;Azul;0;2;37846;2034
06;Buenos Aires;06056;Bahía Blanca;0;2;165768;2034
06;Buenos Aires;06063;Balcarce;0;2;24329;2034
06;Buenos Aires;06070;Baradero;0;2;19957;2034
06;Buenos Aires;06077;Arrecifes;0;2;15833;2034
06;Buenos Aires;06084;Benito Juárez;0;2;11661;2034
06;Buenos Aires;06105;Bolívar;0;2;18169;2034
06;Buenos Aires;06112;Bragado;0;2;23083;2034
06;Buenos Aires;06140;Capitán Sarmiento;0;2;7875;2034
06;Buenos Aires;06147;Carlos Casares;0;2;11275;2034
06;Buenos Aires;06154;Carlos Tejedor;0;2;7246;2034
06;Buenos Aires;06161;Carmen de Areco;0;2;8959;2034
06;Buenos Aires;06168;Castelli;0;2;4846;2034
06;Buenos Aires;06175;Colón;0;2;13664;2034
06;Buenos Aires;06182;Coronel de Marina Leonardo Rosales;0;2;32909;2034
06;Buenos Aires;06189;Coronel Dorrego;0;2;7857;2034
06;Buenos Aires;06196;Coronel Pringles;0;2;11853;2034
06;Buenos Aires;06203;Coronel Suárez;0;2;20947;2034
06;Buenos Aires;06210;Chacabuco;0;2;26021;2034
06;Buenos Aires;06218;Chascomús;0;2;21171;2034
06;Buenos Aires;06224;Chivilcoy;0;2;34590;2034
06;Buenos Aires;06231;Daireaux;0;2;9223;2034
06;Buenos Aires;06238;Dolores;0;2;16178;2034
06;Buenos Aires;06277;Florentino Ameghino;0;2;5503;2034
06;Buenos Aires;06280;General Alvarado;0;2;22821;2034
06;Buenos Aires;06287;General Alvear;0;2;7792;2034
06;Buenos Aires;06294;General Arenales;0;2;8139;2034
06;Buenos Aires;06301;General Belgrano;0;2;10192;2034
06;Buenos Aires;06308;General Guido;0;2;1617;2034
06;Buenos Aires;06315;General Juan Madariaga;0;2;11111;2034
06;Buenos Aires;06322;General La Madrid;0;2;5772;2034
06;Buenos Aires;06329;General Las Heras;0;2;9050;2034
06;Buenos Aires;06336;General Lavalle;0;2;2491;2034
06;Buenos Aires;06343;General Paz;0;2;7135;2034
06;Buenos Aires;06351;General Pinto;0;2;6524;2034
06;Buenos Aires;06357;General Pueyrredón;0;2;321703;2034
06;Buenos Aires;06385;General Viamonte;0;2;11305;2034
06;Buenos Aires;06392;General Villegas;0;2;17895;2034
06;Buenos Aires;06399;Guaminí;0;2;5857;2034
06;Buenos Aires;06406;Hipólito Yrigoyen;0;2;5370;2034
06;Buenos Aires;06413;Junín;0;2;52025;2034
06;Buenos Aires;06420;La Costa;0;2;51692;2034
06;Buenos Aires;06448;Laprida;0;2;5761;2034
06;Buenos Aires;06455;Las Flores;0;2;13244;2034
06;Buenos Aires;06462;Leandro N. Alem;0;2;8549;2034
06;Buenos Aires;06466;Lezama;0;2;3072;2034
06;Buenos Aires;06469;Lincoln;0;2;22598;2034
06;Buenos Aires;06476;Lobería;0;2;9166;2034
06;Buenos Aires;06483;Lobos;0;2;20351;2034
06;Buenos Aires;06505;Magdalena;0;2;15742;2034
06;Buenos Aires;06511;Maipú;0;2;5548;2034
06;Buenos Aires;06518;Mar Chiquita;0;2;17484;2034
06;Buenos Aires;06532;Mercedes;0;2;36639;2034
06;Buenos Aires;06547;Monte;0;2;12323;2034
06;Buenos Aires;06553;Monte Hermoso;0;2;4390;2034
06;Buenos Aires;06574;Navarro;0;2;9930;2034
06;Buenos Aires;06581;Necochea;0;2;49932;2034
06;Buenos Aires;06588;9 de Julio;0;2;25507;2034
06;Buenos Aires;06595;Olavarría;0;2;63723;2034
06;Buenos Aires;06602;Patagones;0;2;19335;2034
06;Buenos Aires;06609;Pehuajó;0;2;22089;2034
06;Buenos Aires;06616;Pellegrini;0;2;3622;2034
06;Buenos Aires;06623;Pergamino;0;2;56514;2034
06;Buenos Aires;06630;Pila;0;2;2368;2034
06;Buenos Aires;06644;Pinamar;0;2;20749;2034
06;Buenos Aires;06651;Puán;0;2;8271;2034
06;Buenos Aires;06655;Punta Indio;0;2;6260;2034
06;Buenos Aires;06665;Ramallo;0;2;20298;2034
06;Buenos Aires;06672;Rauch;0;2;8418;2034
06;Buenos Aires;06679;Rivadavia;0;2;10175;2034
06;Buenos Aires;06686;Rojas;0;2;12679;2034
06;Buenos Aires;06693;Roque Pérez;0;2;6873;2034
06;Buenos Aires;06700;Saavedra;0;2;11249;2034
06;Buenos Aires;06707;Saladillo;0;2;17509;2034
06;Buenos Aires;06714;Salto;0;2;19919;2034
06;Buenos Aires;06721;Salliqueló;0;2;4726;2034
06;Buenos Aires;06728;San Andrés de Giles;0;2;13502;2034
06;Buenos Aires;06735;San Antonio de Areco;0;2;13410;2034
06;Buenos Aires;06742;San Cayetano;0;2;4498;2034
06;Buenos Aires;06763;San Nicolás;0;2;83692;2034
06;Buenos Aires;06770;San Pedro;0;2;34617;2034
06;Buenos Aires;06784;Suipacha;0;2;5923;2034
06;Buenos Aires;06791;Tandil;0;2;71960;2034
06;Buenos Aires;06798;Tapalqué;0;2;5389;2034
06;Buenos Aires;06812;Tordillo;0;2;1381;2034
06;Buenos Aires;06819;Tornquist;0;2;7460;2034
06;Buenos Aires;06826;Trenque Lauquen;0;2;24931;2034
06;Buenos Aires;06833;Tres Arroyos;0;2;31010;2034
06;Buenos Aires;06847;Tres Lomas;0;2;4655;2034
06;Buenos Aires;06854;25 de Mayo;0;2;17184;2034
06;Buenos Aires;06868;Villa Gesell;0;2;18771;2034
06;Buenos Aires;06875;Villarino;0;2;16825;2034
06;Buenos Aires;06028;Almirante Brown;1;2;286975;2035
06;Buenos Aires;06035;Avellaneda;1;2;177791;2035
06;Buenos Aires;06091;Berazategui;1;2;177423;2035
06;Buenos Aires;06098;Berisso;1;2;50624;2035
06;Buenos Aires;06119;Brandsen;1;2;16705;2035
06;Buenos Aires;06126;Campana;1;2;56411;2035
06;Buenos Aires;06134;Cañuelas;1;2;37043;2035
06;Buenos Aires;06245;Ensenada;1;2;32404;2035
06;Buenos Aires;06252;Escobar;1;2;131090;2035
06;Buenos Aires;06260;Esteban Echeverría;1;2;168297;2035
06;Buenos Aires;06266;Exaltación de la Cruz;1;2;20861;2035
06;Buenos Aires;06270;Ezeiza;1;2;102950;2035
06;Buenos Aires;06274;Florencio Varela;1;2;254377;2035
06;Buenos Aires;06364;General Rodríguez;1;2;75521;2035
06;Buenos Aires;06371;General San Martín;1;2;218316;2035
06;Buenos Aires;06408;Hurlingham;1;2;90696;2035
06;Buenos Aires;06410;Ituzaingó;1;2;87137;2035
06;Buenos Aires;06412;José C. Paz;1;2;165849;2035
06;Buenos Aires;06427;La Matanza;1;2;908707;2035
06;Buenos Aires;06434;Lanús;1;2;221902;2035
06;Buenos Aires;06441;La Plata;1;2;377877;2035
06;Buenos Aires;06490;Lomas de Zamora;1;2;341942;2035
06;Buenos Aires;06497;Luján;1;2;54577;2035
06;Buenos Aires;06515;Malvinas Argentinas;1;2;173963;2035
06;Buenos Aires;06525;Marcos Paz;1;2;35246;2035
06;Buenos Aires;06539;Merlo;1;2;288250;2035
06;Buenos Aires;06560;Moreno;1;2;288206;2035
06;Buenos Aires;06568;Morón;1;2;159692;2035
06;Buenos Aires;06638;Pilar;1;2;202461;2035
06;Buenos Aires;06648;Presidente Perón;1;2;52995;2035
06;Buenos Aires;06658;Quilmes;1;2;311661;2035
06;Buenos Aires;06749;San Fernando;1;2;83223;2035
06;Buenos Aires;06756;San Isidro;1;2;142313;2035
06;Buenos Aires;06760;San Miguel;1;2;164233;2035
06;Buenos Aires;06778;San Vicente;1;2;52360;2035
06;Buenos Aires;06805;Tigre;1;2;224678;2035
06;Buenos Aires;06840;Tres de Febrero;1;2;177167;2035
06;Buenos Aires;06861;Vicente López;1;2;134348;2035
06;Buenos Aires;06882;Zárate;1;2;66422;2035
06;Buenos Aires;06007;Adolfo Alsina;0;2;8815;2035
06;Buenos Aires;06014;Adolfo Gonzales Chaves;0;2;6455;2035
06;Buenos Aires;06021;Alberti;0;2;6496;2035
06;Buenos Aires;06042;Ayacucho;0;2;10951;2035
06;Buenos Aires;06049;Azul;0;2;37915;2035
06;Buenos Aires;06056;Bahía Blanca;0;2;165987;2035
06;Buenos Aires;06063;Balcarce;0;2;24357;2035
06;Buenos Aires;06070;Baradero;0;2;20000;2035
06;Buenos Aires;06077;Arrecifes;0;2;15852;2035
06;Buenos Aires;06084;Benito Juárez;0;2;11676;2035
06;Buenos Aires;06105;Bolívar;0;2;18180;2035
06;Buenos Aires;06112;Bragado;0;2;23115;2035
06;Buenos Aires;06140;Capitán Sarmiento;0;2;7883;2035
06;Buenos Aires;06147;Carlos Casares;0;2;11276;2035
06;Buenos Aires;06154;Carlos Tejedor;0;2;7263;2035
06;Buenos Aires;06161;Carmen de Areco;0;2;8977;2035
06;Buenos Aires;06168;Castelli;0;2;4855;2035
06;Buenos Aires;06175;Colón;0;2;13680;2035
06;Buenos Aires;06182;Coronel de Marina Leonardo Rosales;0;2;32930;2035
06;Buenos Aires;06189;Coronel Dorrego;0;2;7858;2035
06;Buenos Aires;06196;Coronel Pringles;0;2;11858;2035
06;Buenos Aires;06203;Coronel Suárez;0;2;20968;2035
06;Buenos Aires;06210;Chacabuco;0;2;26043;2035
06;Buenos Aires;06218;Chascomús;0;2;21206;2035
06;Buenos Aires;06224;Chivilcoy;0;2;34629;2035
06;Buenos Aires;06231;Daireaux;0;2;9231;2035
06;Buenos Aires;06238;Dolores;0;2;16213;2035
06;Buenos Aires;06277;Florentino Ameghino;0;2;5515;2035
06;Buenos Aires;06280;General Alvarado;0;2;22859;2035
06;Buenos Aires;06287;General Alvear;0;2;7809;2035
06;Buenos Aires;06294;General Arenales;0;2;8148;2035
06;Buenos Aires;06301;General Belgrano;0;2;10211;2035
06;Buenos Aires;06308;General Guido;0;2;1618;2035
06;Buenos Aires;06315;General Juan Madariaga;0;2;11128;2035
06;Buenos Aires;06322;General La Madrid;0;2;5776;2035
06;Buenos Aires;06329;General Las Heras;0;2;9071;2035
06;Buenos Aires;06336;General Lavalle;0;2;2498;2035
06;Buenos Aires;06343;General Paz;0;2;7153;2035
06;Buenos Aires;06351;General Pinto;0;2;6533;2035
06;Buenos Aires;06357;General Pueyrredón;0;2;321939;2035
06;Buenos Aires;06385;General Viamonte;0;2;11333;2035
06;Buenos Aires;06392;General Villegas;0;2;17920;2035
06;Buenos Aires;06399;Guaminí;0;2;5854;2035
06;Buenos Aires;06406;Hipólito Yrigoyen;0;2;5377;2035
06;Buenos Aires;06413;Junín;0;2;52119;2035
06;Buenos Aires;06420;La Costa;0;2;51905;2035
06;Buenos Aires;06448;Laprida;0;2;5770;2035
06;Buenos Aires;06455;Las Flores;0;2;13261;2035
06;Buenos Aires;06462;Leandro N. Alem;0;2;8551;2035
06;Buenos Aires;06466;Lezama;0;2;3075;2035
06;Buenos Aires;06469;Lincoln;0;2;22618;2035
06;Buenos Aires;06476;Lobería;0;2;9167;2035
06;Buenos Aires;06483;Lobos;0;2;20382;2035
06;Buenos Aires;06505;Magdalena;0;2;15804;2035
06;Buenos Aires;06511;Maipú;0;2;5555;2035
06;Buenos Aires;06518;Mar Chiquita;0;2;17569;2035
06;Buenos Aires;06532;Mercedes;0;2;36700;2035
06;Buenos Aires;06547;Monte;0;2;12346;2035
06;Buenos Aires;06553;Monte Hermoso;0;2;4403;2035
06;Buenos Aires;06574;Navarro;0;2;9946;2035
06;Buenos Aires;06581;Necochea;0;2;49987;2035
06;Buenos Aires;06588;9 de Julio;0;2;25529;2035
06;Buenos Aires;06595;Olavarría;0;2;63812;2035
06;Buenos Aires;06602;Patagones;0;2;19385;2035
06;Buenos Aires;06609;Pehuajó;0;2;22118;2035
06;Buenos Aires;06616;Pellegrini;0;2;3630;2035
06;Buenos Aires;06623;Pergamino;0;2;56589;2035
06;Buenos Aires;06630;Pila;0;2;2375;2035
06;Buenos Aires;06644;Pinamar;0;2;20847;2035
06;Buenos Aires;06651;Puán;0;2;8276;2035
06;Buenos Aires;06655;Punta Indio;0;2;6275;2035
06;Buenos Aires;06665;Ramallo;0;2;20344;2035
06;Buenos Aires;06672;Rauch;0;2;8428;2035
06;Buenos Aires;06679;Rivadavia;0;2;10198;2035
06;Buenos Aires;06686;Rojas;0;2;12692;2035
06;Buenos Aires;06693;Roque Pérez;0;2;6880;2035
06;Buenos Aires;06700;Saavedra;0;2;11255;2035
06;Buenos Aires;06707;Saladillo;0;2;17527;2035
06;Buenos Aires;06714;Salto;0;2;19965;2035
06;Buenos Aires;06721;Salliqueló;0;2;4731;2035
06;Buenos Aires;06728;San Andrés de Giles;0;2;13524;2035
06;Buenos Aires;06735;San Antonio de Areco;0;2;13433;2035
06;Buenos Aires;06742;San Cayetano;0;2;4501;2035
06;Buenos Aires;06763;San Nicolás;0;2;83828;2035
06;Buenos Aires;06770;San Pedro;0;2;34678;2035
06;Buenos Aires;06784;Suipacha;0;2;5933;2035
06;Buenos Aires;06791;Tandil;0;2;72095;2035
06;Buenos Aires;06798;Tapalqué;0;2;5399;2035
06;Buenos Aires;06812;Tordillo;0;2;1386;2035
06;Buenos Aires;06819;Tornquist;0;2;7472;2035
06;Buenos Aires;06826;Trenque Lauquen;0;2;24973;2035
06;Buenos Aires;06833;Tres Arroyos;0;2;31043;2035
06;Buenos Aires;06847;Tres Lomas;0;2;4660;2035
06;Buenos Aires;06854;25 de Mayo;0;2;17176;2035
06;Buenos Aires;06868;Villa Gesell;0;2;18803;2035
06;Buenos Aires;06875;Villarino;0;2;16834;2035
06;Buenos Aires;06028;Almirante Brown;1;1;294975;2022
06;Buenos Aires;06035;Avellaneda;1;1;188489;2022
06;Buenos Aires;06091;Berazategui;1;1;180770;2022
06;Buenos Aires;06098;Berisso;1;1;51328;2022
06;Buenos Aires;06119;Brandsen;1;1;16242;2022
06;Buenos Aires;06126;Campana;1;1;53840;2022
06;Buenos Aires;06134;Cañuelas;1;1;35287;2022
06;Buenos Aires;06245;Ensenada;1;1;32361;2022
06;Buenos Aires;06252;Escobar;1;1;127493;2022
06;Buenos Aires;06260;Esteban Echeverría;1;1;170204;2022
06;Buenos Aires;06266;Exaltación de la Cruz;1;1;19826;2022
06;Buenos Aires;06270;Ezeiza;1;1;99938;2022
06;Buenos Aires;06274;Florencio Varela;1;1;243843;2022
06;Buenos Aires;06364;General Rodríguez;1;1;70741;2022
06;Buenos Aires;06371;General San Martín;1;1;228204;2022
06;Buenos Aires;06408;Hurlingham;1;1;94116;2022
06;Buenos Aires;06410;Ituzaingó;1;1;90769;2022
06;Buenos Aires;06412;José C. Paz;1;1;163890;2022
06;Buenos Aires;06427;La Matanza;1;1;930330;2022
06;Buenos Aires;06434;Lanús;1;1;235851;2022
06;Buenos Aires;06441;La Plata;1;1;388221;2022
06;Buenos Aires;06490;Lomas de Zamora;1;1;348239;2022
06;Buenos Aires;06497;Luján;1;1;55811;2022
06;Buenos Aires;06515;Malvinas Argentinas;1;1;175650;2022
06;Buenos Aires;06525;Marcos Paz;1;1;32287;2022
06;Buenos Aires;06539;Merlo;1;1;292168;2022
06;Buenos Aires;06560;Moreno;1;1;287519;2022
06;Buenos Aires;06568;Morón;1;1;170076;2022
06;Buenos Aires;06638;Pilar;1;1;196810;2022
06;Buenos Aires;06648;Presidente Perón;1;1;51097;2022
06;Buenos Aires;06658;Quilmes;1;1;320165;2022
06;Buenos Aires;06749;San Fernando;1;1;87506;2022
06;Buenos Aires;06756;San Isidro;1;1;153652;2022
06;Buenos Aires;06760;San Miguel;1;1;165812;2022
06;Buenos Aires;06778;San Vicente;1;1;49151;2022
06;Buenos Aires;06805;Tigre;1;1;225010;2022
06;Buenos Aires;06840;Tres de Febrero;1;1;186604;2022
06;Buenos Aires;06861;Vicente López;1;1;146721;2022
06;Buenos Aires;06882;Zárate;1;1;65776;2022
06;Buenos Aires;06007;Adolfo Alsina;0;1;8537;2022
06;Buenos Aires;06014;Adolfo Gonzales Chaves;0;1;6459;2022
06;Buenos Aires;06021;Alberti;0;1;6547;2022
06;Buenos Aires;06042;Ayacucho;0;1;10968;2022
06;Buenos Aires;06049;Azul;0;1;38201;2022
06;Buenos Aires;06056;Bahía Blanca;0;1;171412;2022
06;Buenos Aires;06063;Balcarce;0;1;24522;2022
06;Buenos Aires;06070;Baradero;0;1;19702;2022
06;Buenos Aires;06077;Arrecifes;0;1;16311;2022
06;Buenos Aires;06084;Benito Juárez;0;1;10623;2022
06;Buenos Aires;06105;Bolívar;0;1;18813;2022
06;Buenos Aires;06112;Bragado;0;1;23370;2022
06;Buenos Aires;06140;Capitán Sarmiento;0;1;8045;2022
06;Buenos Aires;06147;Carlos Casares;0;1;11406;2022
06;Buenos Aires;06154;Carlos Tejedor;0;1;6919;2022
06;Buenos Aires;06161;Carmen de Areco;0;1;8594;2022
06;Buenos Aires;06168;Castelli;0;1;4772;2022
06;Buenos Aires;06175;Colón;0;1;13781;2022
06;Buenos Aires;06182;Coronel de Marina Leonardo Rosales;0;1;33550;2022
06;Buenos Aires;06189;Coronel Dorrego;0;1;7947;2022
06;Buenos Aires;06196;Coronel Pringles;0;1;12326;2022
06;Buenos Aires;06203;Coronel Suárez;0;1;21050;2022
06;Buenos Aires;06210;Chacabuco;0;1;26508;2022
06;Buenos Aires;06218;Chascomús;0;1;21310;2022
06;Buenos Aires;06224;Chivilcoy;0;1;36056;2022
06;Buenos Aires;06231;Daireaux;0;1;9168;2022
06;Buenos Aires;06238;Dolores;0;1;15961;2022
06;Buenos Aires;06277;Florentino Ameghino;0;1;5375;2022
06;Buenos Aires;06280;General Alvarado;0;1;22914;2022
06;Buenos Aires;06287;General Alvear;0;1;5154;2022
06;Buenos Aires;06294;General Arenales;0;1;8167;2022
06;Buenos Aires;06301;General Belgrano;0;1;10389;2022
06;Buenos Aires;06308;General Guido;0;1;1552;2022
06;Buenos Aires;06315;General Juan Madariaga;0;1;11509;2022
06;Buenos Aires;06322;General La Madrid;0;1;5802;2022
06;Buenos Aires;06329;General Las Heras;0;1;9052;2022
06;Buenos Aires;06336;General Lavalle;0;1;2417;2022
06;Buenos Aires;06343;General Paz;0;1;6984;2022
06;Buenos Aires;06351;General Pinto;0;1;6403;2022
06;Buenos Aires;06357;General Pueyrredón;0;1;341573;2022
06;Buenos Aires;06385;General Viamonte;0;1;11448;2022
06;Buenos Aires;06392;General Villegas;0;1;17390;2022
06;Buenos Aires;06399;Guaminí;0;1;5766;2022
06;Buenos Aires;06406;Hipólito Yrigoyen;0;1;5267;2022
06;Buenos Aires;06413;Junín;0;1;51873;2022
06;Buenos Aires;06420;La Costa;0;1;51009;2022
06;Buenos Aires;06448;Laprida;0;1;5888;2022
06;Buenos Aires;06455;Las Flores;0;1;13642;2022
06;Buenos Aires;06462;Leandro N. Alem;0;1;8601;2022
06;Buenos Aires;06466;Lezama;0;1;3133;2022
06;Buenos Aires;06469;Lincoln;0;1;22742;2022
06;Buenos Aires;06476;Lobería;0;1;8984;2022
06;Buenos Aires;06483;Lobos;0;1;20900;2022
06;Buenos Aires;06505;Magdalena;0;1;11512;2022
06;Buenos Aires;06511;Maipú;0;1;5760;2022
06;Buenos Aires;06518;Mar Chiquita;0;1;16415;2022
06;Buenos Aires;06532;Mercedes;0;1;36386;2022
06;Buenos Aires;06547;Monte;0;1;12291;2022
06;Buenos Aires;06553;Monte Hermoso;0;1;4196;2022
06;Buenos Aires;06574;Navarro;0;1;9747;2022
06;Buenos Aires;06581;Necochea;0;1;52173;2022
06;Buenos Aires;06588;9 de Julio;0;1;26292;2022
06;Buenos Aires;06595;Olavarría;0;1;62032;2022
06;Buenos Aires;06602;Patagones;0;1;18749;2022
06;Buenos Aires;06609;Pehuajó;0;1;22750;2022
06;Buenos Aires;06616;Pellegrini;0;1;3567;2022
06;Buenos Aires;06623;Pergamino;0;1;58617;2022
06;Buenos Aires;06630;Pila;0;1;2303;2022
06;Buenos Aires;06644;Pinamar;0;1;19540;2022
06;Buenos Aires;06651;Puán;0;1;8218;2022
06;Buenos Aires;06655;Punta Indio;0;1;6103;2022
06;Buenos Aires;06665;Ramallo;0;1;19826;2022
06;Buenos Aires;06672;Rauch;0;1;8201;2022
06;Buenos Aires;06679;Rivadavia;0;1;9770;2022
06;Buenos Aires;06686;Rojas;0;1;12870;2022
06;Buenos Aires;06693;Roque Pérez;0;1;6910;2022
06;Buenos Aires;06700;Saavedra;0;1;10788;2022
06;Buenos Aires;06707;Saladillo;0;1;17636;2022
06;Buenos Aires;06714;Salto;0;1;19657;2022
06;Buenos Aires;06721;Salliqueló;0;1;4660;2022
06;Buenos Aires;06728;San Andrés de Giles;0;1;13028;2022
06;Buenos Aires;06735;San Antonio de Areco;0;1;13503;2022
06;Buenos Aires;06742;San Cayetano;0;1;4459;2022
06;Buenos Aires;06763;San Nicolás;0;1;84345;2022
06;Buenos Aires;06770;San Pedro;0;1;34366;2022
06;Buenos Aires;06784;Suipacha;0;1;5878;2022
06;Buenos Aires;06791;Tandil;0;1;73929;2022
06;Buenos Aires;06798;Tapalqué;0;1;5282;2022
06;Buenos Aires;06812;Tordillo;0;1;1201;2022
06;Buenos Aires;06819;Tornquist;0;1;7303;2022
06;Buenos Aires;06826;Trenque Lauquen;0;1;24582;2022
06;Buenos Aires;06833;Tres Arroyos;0;1;31265;2022
06;Buenos Aires;06847;Tres Lomas;0;1;4476;2022
06;Buenos Aires;06854;25 de Mayo;0;1;17629;2022
06;Buenos Aires;06868;Villa Gesell;0;1;18928;2022
06;Buenos Aires;06875;Villarino;0;1;15902;2022
06;Buenos Aires;06028;Almirante Brown;1;1;295005;2023
06;Buenos Aires;06035;Avellaneda;1;1;188507;2023
06;Buenos Aires;06091;Berazategui;1;1;180813;2023
06;Buenos Aires;06098;Berisso;1;1;51345;2023
06;Buenos Aires;06119;Brandsen;1;1;16251;2023
06;Buenos Aires;06126;Campana;1;1;53860;2023
06;Buenos Aires;06134;Cañuelas;1;1;35316;2023
06;Buenos Aires;06245;Ensenada;1;1;32371;2023
06;Buenos Aires;06252;Escobar;1;1;127552;2023
06;Buenos Aires;06260;Esteban Echeverría;1;1;170257;2023
06;Buenos Aires;06266;Exaltación de la Cruz;1;1;19842;2023
06;Buenos Aires;06270;Ezeiza;1;1;99995;2023
06;Buenos Aires;06274;Florencio Varela;1;1;243937;2023
06;Buenos Aires;06364;General Rodríguez;1;1;70826;2023
06;Buenos Aires;06371;General San Martín;1;1;228233;2023
06;Buenos Aires;06408;Hurlingham;1;1;94116;2023
06;Buenos Aires;06410;Ituzaingó;1;1;90779;2023
06;Buenos Aires;06412;José C. Paz;1;1;163979;2023
06;Buenos Aires;06427;La Matanza;1;1;930540;2023
06;Buenos Aires;06434;Lanús;1;1;235832;2023
06;Buenos Aires;06441;La Plata;1;1;388367;2023
06;Buenos Aires;06490;Lomas de Zamora;1;1;348319;2023
06;Buenos Aires;06497;Luján;1;1;55815;2023
06;Buenos Aires;06515;Malvinas Argentinas;1;1;175685;2023
06;Buenos Aires;06525;Marcos Paz;1;1;32305;2023
06;Buenos Aires;06539;Merlo;1;1;292221;2023
06;Buenos Aires;06560;Moreno;1;1;287580;2023
06;Buenos Aires;06568;Morón;1;1;170076;2023
06;Buenos Aires;06638;Pilar;1;1;196955;2023
06;Buenos Aires;06648;Presidente Perón;1;1;51129;2023
06;Buenos Aires;06658;Quilmes;1;1;320216;2023
06;Buenos Aires;06749;San Fernando;1;1;87513;2023
06;Buenos Aires;06756;San Isidro;1;1;153646;2023
06;Buenos Aires;06760;San Miguel;1;1;165885;2023
06;Buenos Aires;06778;San Vicente;1;1;49211;2023
06;Buenos Aires;06805;Tigre;1;1;225113;2023
06;Buenos Aires;06840;Tres de Febrero;1;1;186623;2023
06;Buenos Aires;06861;Vicente López;1;1;146724;2023
06;Buenos Aires;06882;Zárate;1;1;65801;2023
06;Buenos Aires;06007;Adolfo Alsina;0;1;8536;2023
06;Buenos Aires;06014;Adolfo Gonzales Chaves;0;1;6460;2023
06;Buenos Aires;06021;Alberti;0;1;6550;2023
06;Buenos Aires;06042;Ayacucho;0;1;10969;2023
06;Buenos Aires;06049;Azul;0;1;38214;2023
06;Buenos Aires;06056;Bahía Blanca;0;1;171452;2023
06;Buenos Aires;06063;Balcarce;0;1;24529;2023
06;Buenos Aires;06070;Baradero;0;1;19712;2023
06;Buenos Aires;06077;Arrecifes;0;1;16314;2023
06;Buenos Aires;06084;Benito Juárez;0;1;10625;2023
06;Buenos Aires;06105;Bolívar;0;1;18817;2023
06;Buenos Aires;06112;Bragado;0;1;23376;2023
06;Buenos Aires;06140;Capitán Sarmiento;0;1;8047;2023
06;Buenos Aires;06147;Carlos Casares;0;1;11406;2023
06;Buenos Aires;06154;Carlos Tejedor;0;1;6922;2023
06;Buenos Aires;06161;Carmen de Areco;0;1;8598;2023
06;Buenos Aires;06168;Castelli;0;1;4773;2023
06;Buenos Aires;06175;Colón;0;1;13784;2023
06;Buenos Aires;06182;Coronel de Marina Leonardo Rosales;0;1;33555;2023
06;Buenos Aires;06189;Coronel Dorrego;0;1;7946;2023
06;Buenos Aires;06196;Coronel Pringles;0;1;12327;2023
06;Buenos Aires;06203;Coronel Suárez;0;1;21054;2023
06;Buenos Aires;06210;Chacabuco;0;1;26512;2023
06;Buenos Aires;06218;Chascomús;0;1;21317;2023
06;Buenos Aires;06224;Chivilcoy;0;1;36063;2023
06;Buenos Aires;06231;Daireaux;0;1;9170;2023
06;Buenos Aires;06238;Dolores;0;1;15967;2023
06;Buenos Aires;06277;Florentino Ameghino;0;1;5378;2023
06;Buenos Aires;06280;General Alvarado;0;1;22922;2023
06;Buenos Aires;06287;General Alvear;0;1;5155;2023
06;Buenos Aires;06294;General Arenales;0;1;8168;2023
06;Buenos Aires;06301;General Belgrano;0;1;10394;2023
06;Buenos Aires;06308;General Guido;0;1;1553;2023
06;Buenos Aires;06315;General Juan Madariaga;0;1;11512;2023
06;Buenos Aires;06322;General La Madrid;0;1;5803;2023
06;Buenos Aires;06329;General Las Heras;0;1;9056;2023
06;Buenos Aires;06336;General Lavalle;0;1;2419;2023
06;Buenos Aires;06343;General Paz;0;1;6988;2023
06;Buenos Aires;06351;General Pinto;0;1;6405;2023
06;Buenos Aires;06357;General Pueyrredón;0;1;341616;2023
06;Buenos Aires;06385;General Viamonte;0;1;11454;2023
06;Buenos Aires;06392;General Villegas;0;1;17396;2023
06;Buenos Aires;06399;Guaminí;0;1;5765;2023
06;Buenos Aires;06406;Hipólito Yrigoyen;0;1;5268;2023
06;Buenos Aires;06413;Junín;0;1;51887;2023
06;Buenos Aires;06420;La Costa;0;1;51058;2023
06;Buenos Aires;06448;Laprida;0;1;5890;2023
06;Buenos Aires;06455;Las Flores;0;1;13645;2023
06;Buenos Aires;06462;Leandro N. Alem;0;1;8600;2023
06;Buenos Aires;06466;Lezama;0;1;3134;2023
06;Buenos Aires;06469;Lincoln;0;1;22746;2023
06;Buenos Aires;06476;Lobería;0;1;8984;2023
06;Buenos Aires;06483;Lobos;0;1;20906;2023
06;Buenos Aires;06505;Magdalena;0;1;11522;2023
06;Buenos Aires;06511;Maipú;0;1;5761;2023
06;Buenos Aires;06518;Mar Chiquita;0;1;16433;2023
06;Buenos Aires;06532;Mercedes;0;1;36398;2023
06;Buenos Aires;06547;Monte;0;1;12296;2023
06;Buenos Aires;06553;Monte Hermoso;0;1;4200;2023
06;Buenos Aires;06574;Navarro;0;1;9750;2023
06;Buenos Aires;06581;Necochea;0;1;52183;2023
06;Buenos Aires;06588;9 de Julio;0;1;26296;2023
06;Buenos Aires;06595;Olavarría;0;1;62047;2023
06;Buenos Aires;06602;Patagones;0;1;18760;2023
06;Buenos Aires;06609;Pehuajó;0;1;22757;2023
06;Buenos Aires;06616;Pellegrini;0;1;3569;2023
06;Buenos Aires;06623;Pergamino;0;1;58626;2023
06;Buenos Aires;06630;Pila;0;1;2305;2023
06;Buenos Aires;06644;Pinamar;0;1;19561;2023
06;Buenos Aires;06651;Puán;0;1;8218;2023
06;Buenos Aires;06655;Punta Indio;0;1;6106;2023
06;Buenos Aires;06665;Ramallo;0;1;19836;2023
06;Buenos Aires;06672;Rauch;0;1;8202;2023
06;Buenos Aires;06679;Rivadavia;0;1;9775;2023
06;Buenos Aires;06686;Rojas;0;1;12872;2023
06;Buenos Aires;06693;Roque Pérez;0;1;6913;2023
06;Buenos Aires;06700;Saavedra;0;1;10789;2023
06;Buenos Aires;06707;Saladillo;0;1;17639;2023
06;Buenos Aires;06714;Salto;0;1;19666;2023
06;Buenos Aires;06721;Salliqueló;0;1;4661;2023
06;Buenos Aires;06728;San Andrés de Giles;0;1;13033;2023
06;Buenos Aires;06735;San Antonio de Areco;0;1;13508;2023
06;Buenos Aires;06742;San Cayetano;0;1;4459;2023
06;Buenos Aires;06763;San Nicolás;0;1;84373;2023
06;Buenos Aires;06770;San Pedro;0;1;34379;2023
06;Buenos Aires;06784;Suipacha;0;1;5881;2023
06;Buenos Aires;06791;Tandil;0;1;73959;2023
06;Buenos Aires;06798;Tapalqué;0;1;5283;2023
06;Buenos Aires;06812;Tordillo;0;1;1202;2023
06;Buenos Aires;06819;Tornquist;0;1;7306;2023
06;Buenos Aires;06826;Trenque Lauquen;0;1;24590;2023
06;Buenos Aires;06833;Tres Arroyos;0;1;31270;2023
06;Buenos Aires;06847;Tres Lomas;0;1;4477;2023
06;Buenos Aires;06854;25 de Mayo;0;1;17625;2023
06;Buenos Aires;06868;Villa Gesell;0;1;18937;2023
06;Buenos Aires;06875;Villarino;0;1;15904;2023
06;Buenos Aires;06028;Almirante Brown;1;1;295047;2024
06;Buenos Aires;06035;Avellaneda;1;1;188534;2024
06;Buenos Aires;06091;Berazategui;1;1;180876;2024
06;Buenos Aires;06098;Berisso;1;1;51370;2024
06;Buenos Aires;06119;Brandsen;1;1;16264;2024
06;Buenos Aires;06126;Campana;1;1;53889;2024
06;Buenos Aires;06134;Cañuelas;1;1;35359;2024
06;Buenos Aires;06245;Ensenada;1;1;32386;2024
06;Buenos Aires;06252;Escobar;1;1;127637;2024
06;Buenos Aires;06260;Esteban Echeverría;1;1;170334;2024
06;Buenos Aires;06266;Exaltación de la Cruz;1;1;19864;2024
06;Buenos Aires;06270;Ezeiza;1;1;100078;2024
06;Buenos Aires;06274;Florencio Varela;1;1;244074;2024
06;Buenos Aires;06364;General Rodríguez;1;1;70949;2024
06;Buenos Aires;06371;General San Martín;1;1;228277;2024
06;Buenos Aires;06408;Hurlingham;1;1;94115;2024
06;Buenos Aires;06410;Ituzaingó;1;1;90794;2024
06;Buenos Aires;06412;José C. Paz;1;1;164109;2024
06;Buenos Aires;06427;La Matanza;1;1;930844;2024
06;Buenos Aires;06434;Lanús;1;1;235805;2024
06;Buenos Aires;06441;La Plata;1;1;388578;2024
06;Buenos Aires;06490;Lomas de Zamora;1;1;348436;2024
06;Buenos Aires;06497;Luján;1;1;55820;2024
06;Buenos Aires;06515;Malvinas Argentinas;1;1;175735;2024
06;Buenos Aires;06525;Marcos Paz;1;1;32331;2024
06;Buenos Aires;06539;Merlo;1;1;292297;2024
06;Buenos Aires;06560;Moreno;1;1;287669;2024
06;Buenos Aires;06568;Morón;1;1;170075;2024
06;Buenos Aires;06638;Pilar;1;1;197165;2024
06;Buenos Aires;06648;Presidente Perón;1;1;51176;2024
06;Buenos Aires;06658;Quilmes;1;1;320291;2024
06;Buenos Aires;06749;San Fernando;1;1;87522;2024
06;Buenos Aires;06756;San Isidro;1;1;153637;2024
06;Buenos Aires;06760;San Miguel;1;1;165990;2024
06;Buenos Aires;06778;San Vicente;1;1;49298;2024
06;Buenos Aires;06805;Tigre;1;1;225264;2024
06;Buenos Aires;06840;Tres de Febrero;1;1;186651;2024
06;Buenos Aires;06861;Vicente López;1;1;146729;2024
06;Buenos Aires;06882;Zárate;1;1;65837;2024
06;Buenos Aires;06007;Adolfo Alsina;0;1;8535;2024
06;Buenos Aires;06014;Adolfo Gonzales Chaves;0;1;6461;2024
06;Buenos Aires;06021;Alberti;0;1;6555;2024
06;Buenos Aires;06042;Ayacucho;0;1;10971;2024
06;Buenos Aires;06049;Azul;0;1;38233;2024
06;Buenos Aires;06056;Bahía Blanca;0;1;171510;2024
06;Buenos Aires;06063;Balcarce;0;1;24538;2024
06;Buenos Aires;06070;Baradero;0;1;19726;2024
06;Buenos Aires;06077;Arrecifes;0;1;16319;2024
06;Buenos Aires;06084;Benito Juárez;0;1;10627;2024
06;Buenos Aires;06105;Bolívar;0;1;18823;2024
06;Buenos Aires;06112;Bragado;0;1;23384;2024
06;Buenos Aires;06140;Capitán Sarmiento;0;1;8049;2024
06;Buenos Aires;06147;Carlos Casares;0;1;11406;2024
06;Buenos Aires;06154;Carlos Tejedor;0;1;6927;2024
06;Buenos Aires;06161;Carmen de Areco;0;1;8603;2024
06;Buenos Aires;06168;Castelli;0;1;4776;2024
06;Buenos Aires;06175;Colón;0;1;13788;2024
06;Buenos Aires;06182;Coronel de Marina Leonardo Rosales;0;1;33562;2024
06;Buenos Aires;06189;Coronel Dorrego;0;1;7945;2024
06;Buenos Aires;06196;Coronel Pringles;0;1;12329;2024
06;Buenos Aires;06203;Coronel Suárez;0;1;21060;2024
06;Buenos Aires;06210;Chacabuco;0;1;26518;2024
06;Buenos Aires;06218;Chascomús;0;1;21328;2024
06;Buenos Aires;06224;Chivilcoy;0;1;36073;2024
06;Buenos Aires;06231;Daireaux;0;1;9172;2024
06;Buenos Aires;06238;Dolores;0;1;15975;2024
06;Buenos Aires;06277;Florentino Ameghino;0;1;5382;2024
06;Buenos Aires;06280;General Alvarado;0;1;22934;2024
06;Buenos Aires;06287;General Alvear;0;1;5156;2024
06;Buenos Aires;06294;General Arenales;0;1;8170;2024
06;Buenos Aires;06301;General Belgrano;0;1;10400;2024
06;Buenos Aires;06308;General Guido;0;1;1554;2024
06;Buenos Aires;06315;General Juan Madariaga;0;1;11518;2024
06;Buenos Aires;06322;General La Madrid;0;1;5804;2024
06;Buenos Aires;06329;General Las Heras;0;1;9063;2024
06;Buenos Aires;06336;General Lavalle;0;1;2421;2024
06;Buenos Aires;06343;General Paz;0;1;6994;2024
06;Buenos Aires;06351;General Pinto;0;1;6409;2024
06;Buenos Aires;06357;General Pueyrredón;0;1;341679;2024
06;Buenos Aires;06385;General Viamonte;0;1;11464;2024
06;Buenos Aires;06392;General Villegas;0;1;17405;2024
06;Buenos Aires;06399;Guaminí;0;1;5764;2024
06;Buenos Aires;06406;Hipólito Yrigoyen;0;1;5270;2024
06;Buenos Aires;06413;Junín;0;1;51907;2024
06;Buenos Aires;06420;La Costa;0;1;51128;2024
06;Buenos Aires;06448;Laprida;0;1;5893;2024
06;Buenos Aires;06455;Las Flores;0;1;13651;2024
06;Buenos Aires;06462;Leandro N. Alem;0;1;8600;2024
06;Buenos Aires;06466;Lezama;0;1;3135;2024
06;Buenos Aires;06469;Lincoln;0;1;22752;2024
06;Buenos Aires;06476;Lobería;0;1;8985;2024
06;Buenos Aires;06483;Lobos;0;1;20916;2024
06;Buenos Aires;06505;Magdalena;0;1;11537;2024
06;Buenos Aires;06511;Maipú;0;1;5762;2024
06;Buenos Aires;06518;Mar Chiquita;0;1;16459;2024
06;Buenos Aires;06532;Mercedes;0;1;36415;2024
06;Buenos Aires;06547;Monte;0;1;12303;2024
06;Buenos Aires;06553;Monte Hermoso;0;1;4204;2024
06;Buenos Aires;06574;Navarro;0;1;9755;2024
06;Buenos Aires;06581;Necochea;0;1;52197;2024
06;Buenos Aires;06588;9 de Julio;0;1;26302;2024
06;Buenos Aires;06595;Olavarría;0;1;62071;2024
06;Buenos Aires;06602;Patagones;0;1;18775;2024
06;Buenos Aires;06609;Pehuajó;0;1;22766;2024
06;Buenos Aires;06616;Pellegrini;0;1;3572;2024
06;Buenos Aires;06623;Pergamino;0;1;58638;2024
06;Buenos Aires;06630;Pila;0;1;2307;2024
06;Buenos Aires;06644;Pinamar;0;1;19591;2024
06;Buenos Aires;06651;Puán;0;1;8219;2024
06;Buenos Aires;06655;Punta Indio;0;1;6111;2024
06;Buenos Aires;06665;Ramallo;0;1;19850;2024
06;Buenos Aires;06672;Rauch;0;1;8204;2024
06;Buenos Aires;06679;Rivadavia;0;1;9783;2024
06;Buenos Aires;06686;Rojas;0;1;12875;2024
06;Buenos Aires;06693;Roque Pérez;0;1;6916;2024
06;Buenos Aires;06700;Saavedra;0;1;10791;2024
06;Buenos Aires;06707;Saladillo;0;1;17644;2024
06;Buenos Aires;06714;Salto;0;1;19679;2024
06;Buenos Aires;06721;Salliqueló;0;1;4662;2024
06;Buenos Aires;06728;San Andrés de Giles;0;1;13039;2024
06;Buenos Aires;06735;San Antonio de Areco;0;1;13515;2024
06;Buenos Aires;06742;San Cayetano;0;1;4460;2024
06;Buenos Aires;06763;San Nicolás;0;1;84414;2024
06;Buenos Aires;06770;San Pedro;0;1;34398;2024
06;Buenos Aires;06784;Suipacha;0;1;5884;2024
06;Buenos Aires;06791;Tandil;0;1;74002;2024
06;Buenos Aires;06798;Tapalqué;0;1;5286;2024
06;Buenos Aires;06812;Tordillo;0;1;1204;2024
06;Buenos Aires;06819;Tornquist;0;1;7310;2024
06;Buenos Aires;06826;Trenque Lauquen;0;1;24601;2024
06;Buenos Aires;06833;Tres Arroyos;0;1;31278;2024
06;Buenos Aires;06847;Tres Lomas;0;1;4478;2024
06;Buenos Aires;06854;25 de Mayo;0;1;17620;2024
06;Buenos Aires;06868;Villa Gesell;0;1;18951;2024
06;Buenos Aires;06875;Villarino;0;1;15906;2024
06;Buenos Aires;06028;Almirante Brown;1;1;295077;2025
06;Buenos Aires;06035;Avellaneda;1;1;188553;2025
06;Buenos Aires;06091;Berazategui;1;1;180920;2025
06;Buenos Aires;06098;Berisso;1;1;51387;2025
06;Buenos Aires;06119;Brandsen;1;1;16274;2025
06;Buenos Aires;06126;Campana;1;1;53909;2025
06;Buenos Aires;06134;Cañuelas;1;1;35389;2025
06;Buenos Aires;06245;Ensenada;1;1;32396;2025
06;Buenos Aires;06252;Escobar;1;1;127697;2025
06;Buenos Aires;06260;Esteban Echeverría;1;1;170389;2025
06;Buenos Aires;06266;Exaltación de la Cruz;1;1;19880;2025
06;Buenos Aires;06270;Ezeiza;1;1;100137;2025
06;Buenos Aires;06274;Florencio Varela;1;1;244170;2025
06;Buenos Aires;06364;General Rodríguez;1;1;71035;2025
06;Buenos Aires;06371;General San Martín;1;1;228307;2025
06;Buenos Aires;06408;Hurlingham;1;1;94114;2025
06;Buenos Aires;06410;Ituzaingó;1;1;90804;2025
06;Buenos Aires;06412;José C. Paz;1;1;164201;2025
06;Buenos Aires;06427;La Matanza;1;1;931059;2025
06;Buenos Aires;06434;Lanús;1;1;235785;2025
06;Buenos Aires;06441;La Plata;1;1;388727;2025
06;Buenos Aires;06490;Lomas de Zamora;1;1;348518;2025
06;Buenos Aires;06497;Luján;1;1;55824;2025
06;Buenos Aires;06515;Malvinas Argentinas;1;1;175771;2025
06;Buenos Aires;06525;Marcos Paz;1;1;32350;2025
06;Buenos Aires;06539;Merlo;1;1;292350;2025
06;Buenos Aires;06560;Moreno;1;1;287731;2025
06;Buenos Aires;06568;Morón;1;1;170074;2025
06;Buenos Aires;06638;Pilar;1;1;197313;2025
06;Buenos Aires;06648;Presidente Perón;1;1;51208;2025
06;Buenos Aires;06658;Quilmes;1;1;320344;2025
06;Buenos Aires;06749;San Fernando;1;1;87528;2025
06;Buenos Aires;06756;San Isidro;1;1;153631;2025
06;Buenos Aires;06760;San Miguel;1;1;166064;2025
06;Buenos Aires;06778;San Vicente;1;1;49360;2025
06;Buenos Aires;06805;Tigre;1;1;225371;2025
06;Buenos Aires;06840;Tres de Febrero;1;1;186670;2025
06;Buenos Aires;06861;Vicente López;1;1;146732;2025
06;Buenos Aires;06882;Zárate;1;1;65863;2025
06;Buenos Aires;06007;Adolfo Alsina;0;1;8534;2025
06;Buenos Aires;06014;Adolfo Gonzales Chaves;0;1;6462;2025
06;Buenos Aires;06021;Alberti;0;1;6558;2025
06;Buenos Aires;06042;Ayacucho;0;1;10973;2025
06;Buenos Aires;06049;Azul;0;1;38247;2025
06;Buenos Aires;06056;Bahía Blanca;0;1;171551;2025
06;Buenos Aires;06063;Balcarce;0;1;24544;2025
06;Buenos Aires;06070;Baradero;0;1;19735;2025
06;Buenos Aires;06077;Arrecifes;0;1;16323;2025
06;Buenos Aires;06084;Benito Juárez;0;1;10629;2025
06;Buenos Aires;06105;Bolívar;0;1;18827;2025
06;Buenos Aires;06112;Bragado;0;1;23390;2025
06;Buenos Aires;06140;Capitán Sarmiento;0;1;8051;2025
06;Buenos Aires;06147;Carlos Casares;0;1;11405;2025
06;Buenos Aires;06154;Carlos Tejedor;0;1;6931;2025
06;Buenos Aires;06161;Carmen de Areco;0;1;8607;2025
06;Buenos Aires;06168;Castelli;0;1;4777;2025
06;Buenos Aires;06175;Colón;0;1;13790;2025
06;Buenos Aires;06182;Coronel de Marina Leonardo Rosales;0;1;33566;2025
06;Buenos Aires;06189;Coronel Dorrego;0;1;7944;2025
06;Buenos Aires;06196;Coronel Pringles;0;1;12330;2025
06;Buenos Aires;06203;Coronel Suárez;0;1;21064;2025
06;Buenos Aires;06210;Chacabuco;0;1;26522;2025
06;Buenos Aires;06218;Chascomús;0;1;21336;2025
06;Buenos Aires;06224;Chivilcoy;0;1;36081;2025
06;Buenos Aires;06231;Daireaux;0;1;9174;2025
06;Buenos Aires;06238;Dolores;0;1;15981;2025
06;Buenos Aires;06277;Florentino Ameghino;0;1;5385;2025
06;Buenos Aires;06280;General Alvarado;0;1;22942;2025
06;Buenos Aires;06287;General Alvear;0;1;5157;2025
06;Buenos Aires;06294;General Arenales;0;1;8172;2025
06;Buenos Aires;06301;General Belgrano;0;1;10405;2025
06;Buenos Aires;06308;General Guido;0;1;1554;2025
06;Buenos Aires;06315;General Juan Madariaga;0;1;11522;2025
06;Buenos Aires;06322;General La Madrid;0;1;5805;2025
06;Buenos Aires;06329;General Las Heras;0;1;9067;2025
06;Buenos Aires;06336;General Lavalle;0;1;2423;2025
06;Buenos Aires;06343;General Paz;0;1;6998;2025
06;Buenos Aires;06351;General Pinto;0;1;6411;2025
06;Buenos Aires;06357;General Pueyrredón;0;1;341723;2025
06;Buenos Aires;06385;General Viamonte;0;1;11471;2025
06;Buenos Aires;06392;General Villegas;0;1;17411;2025
06;Buenos Aires;06399;Guaminí;0;1;5764;2025
06;Buenos Aires;06406;Hipólito Yrigoyen;0;1;5271;2025
06;Buenos Aires;06413;Junín;0;1;51922;2025
06;Buenos Aires;06420;La Costa;0;1;51178;2025
06;Buenos Aires;06448;Laprida;0;1;5895;2025
06;Buenos Aires;06455;Las Flores;0;1;13654;2025
06;Buenos Aires;06462;Leandro N. Alem;0;1;8600;2025
06;Buenos Aires;06466;Lezama;0;1;3136;2025
06;Buenos Aires;06469;Lincoln;0;1;22755;2025
06;Buenos Aires;06476;Lobería;0;1;8985;2025
06;Buenos Aires;06483;Lobos;0;1;20923;2025
06;Buenos Aires;06505;Magdalena;0;1;11548;2025
06;Buenos Aires;06511;Maipú;0;1;5764;2025
06;Buenos Aires;06518;Mar Chiquita;0;1;16477;2025
06;Buenos Aires;06532;Mercedes;0;1;36428;2025
06;Buenos Aires;06547;Monte;0;1;12308;2025
06;Buenos Aires;06553;Monte Hermoso;0;1;4207;2025
06;Buenos Aires;06574;Navarro;0;1;9759;2025
06;Buenos Aires;06581;Necochea;0;1;52207;2025
06;Buenos Aires;06588;9 de Julio;0;1;26307;2025
06;Buenos Aires;06595;Olavarría;0;1;62087;2025
06;Buenos Aires;06602;Patagones;0;1;18786;2025
06;Buenos Aires;06609;Pehuajó;0;1;22772;2025
06;Buenos Aires;06616;Pellegrini;0;1;3574;2025
06;Buenos Aires;06623;Pergamino;0;1;58647;2025
06;Buenos Aires;06630;Pila;0;1;2308;2025
06;Buenos Aires;06644;Pinamar;0;1;19613;2025
06;Buenos Aires;06651;Puán;0;1;8219;2025
06;Buenos Aires;06655;Punta Indio;0;1;6115;2025
06;Buenos Aires;06665;Ramallo;0;1;19859;2025
06;Buenos Aires;06672;Rauch;0;1;8205;2025
06;Buenos Aires;06679;Rivadavia;0;1;9788;2025
06;Buenos Aires;06686;Rojas;0;1;12878;2025
06;Buenos Aires;06693;Roque Pérez;0;1;6918;2025
06;Buenos Aires;06700;Saavedra;0;1;10793;2025
06;Buenos Aires;06707;Saladillo;0;1;17648;2025
06;Buenos Aires;06714;Salto;0;1;19688;2025
06;Buenos Aires;06721;Salliqueló;0;1;4662;2025
06;Buenos Aires;06728;San Andrés de Giles;0;1;13044;2025
06;Buenos Aires;06735;San Antonio de Areco;0;1;13521;2025
06;Buenos Aires;06742;San Cayetano;0;1;4461;2025
06;Buenos Aires;06763;San Nicolás;0;1;84443;2025
06;Buenos Aires;06770;San Pedro;0;1;34412;2025
06;Buenos Aires;06784;Suipacha;0;1;5887;2025
06;Buenos Aires;06791;Tandil;0;1;74033;2025
06;Buenos Aires;06798;Tapalqué;0;1;5288;2025
06;Buenos Aires;06812;Tordillo;0;1;1205;2025
06;Buenos Aires;06819;Tornquist;0;1;7313;2025
06;Buenos Aires;06826;Trenque Lauquen;0;1;24609;2025
06;Buenos Aires;06833;Tres Arroyos;0;1;31283;2025
06;Buenos Aires;06847;Tres Lomas;0;1;4479;2025
06;Buenos Aires;06854;25 de Mayo;0;1;17617;2025
06;Buenos Aires;06868;Villa Gesell;0;1;18961;2025
06;Buenos Aires;06875;Villarino;0;1;15907;2025
06;Buenos Aires;06028;Almirante Brown;1;1;295093;2026
06;Buenos Aires;06035;Avellaneda;1;1;188563;2026
06;Buenos Aires;06091;Berazategui;1;1;180943;2026
06;Buenos Aires;06098;Berisso;1;1;51397;2026
06;Buenos Aires;06119;Brandsen;1;1;16279;2026
06;Buenos Aires;06126;Campana;1;1;53919;2026
06;Buenos Aires;06134;Cañuelas;1;1;35404;2026
06;Buenos Aires;06245;Ensenada;1;1;32401;2026
06;Buenos Aires;06252;Escobar;1;1;127728;2026
06;Buenos Aires;06260;Esteban Echeverría;1;1;170418;2026
06;Buenos Aires;06266;Exaltación de la Cruz;1;1;19889;2026
06;Buenos Aires;06270;Ezeiza;1;1;100168;2026
06;Buenos Aires;06274;Florencio Varela;1;1;244221;2026
06;Buenos Aires;06364;General Rodríguez;1;1;71081;2026
06;Buenos Aires;06371;General San Martín;1;1;228323;2026
06;Buenos Aires;06408;Hurlingham;1;1;94114;2026
06;Buenos Aires;06410;Ituzaingó;1;1;90810;2026
06;Buenos Aires;06412;José C. Paz;1;1;164249;2026
06;Buenos Aires;06427;La Matanza;1;1;931173;2026
06;Buenos Aires;06434;Lanús;1;1;235775;2026
06;Buenos Aires;06441;La Plata;1;1;388805;2026
06;Buenos Aires;06490;Lomas de Zamora;1;1;348561;2026
06;Buenos Aires;06497;Luján;1;1;55827;2026
06;Buenos Aires;06515;Malvinas Argentinas;1;1;175789;2026
06;Buenos Aires;06525;Marcos Paz;1;1;32360;2026
06;Buenos Aires;06539;Merlo;1;1;292378;2026
06;Buenos Aires;06560;Moreno;1;1;287764;2026
06;Buenos Aires;06568;Morón;1;1;170074;2026
06;Buenos Aires;06638;Pilar;1;1;197391;2026
06;Buenos Aires;06648;Presidente Perón;1;1;51226;2026
06;Buenos Aires;06658;Quilmes;1;1;320372;2026
06;Buenos Aires;06749;San Fernando;1;1;87532;2026
06;Buenos Aires;06756;San Isidro;1;1;153628;2026
06;Buenos Aires;06760;San Miguel;1;1;166103;2026
06;Buenos Aires;06778;San Vicente;1;1;49392;2026
06;Buenos Aires;06805;Tigre;1;1;225426;2026
06;Buenos Aires;06840;Tres de Febrero;1;1;186681;2026
06;Buenos Aires;06861;Vicente López;1;1;146733;2026
06;Buenos Aires;06882;Zárate;1;1;65877;2026
06;Buenos Aires;06007;Adolfo Alsina;0;1;8534;2026
06;Buenos Aires;06014;Adolfo Gonzales Chaves;0;1;6462;2026
06;Buenos Aires;06021;Alberti;0;1;6560;2026
06;Buenos Aires;06042;Ayacucho;0;1;10974;2026
06;Buenos Aires;06049;Azul;0;1;38254;2026
06;Buenos Aires;06056;Bahía Blanca;0;1;171572;2026
06;Buenos Aires;06063;Balcarce;0;1;24547;2026
06;Buenos Aires;06070;Baradero;0;1;19740;2026
06;Buenos Aires;06077;Arrecifes;0;1;16325;2026
06;Buenos Aires;06084;Benito Juárez;0;1;10630;2026
06;Buenos Aires;06105;Bolívar;0;1;18829;2026
06;Buenos Aires;06112;Bragado;0;1;23393;2026
06;Buenos Aires;06140;Capitán Sarmiento;0;1;8052;2026
06;Buenos Aires;06147;Carlos Casares;0;1;11405;2026
06;Buenos Aires;06154;Carlos Tejedor;0;1;6933;2026
06;Buenos Aires;06161;Carmen de Areco;0;1;8609;2026
06;Buenos Aires;06168;Castelli;0;1;4778;2026
06;Buenos Aires;06175;Colón;0;1;13792;2026
06;Buenos Aires;06182;Coronel de Marina Leonardo Rosales;0;1;33569;2026
06;Buenos Aires;06189;Coronel Dorrego;0;1;7944;2026
06;Buenos Aires;06196;Coronel Pringles;0;1;12331;2026
06;Buenos Aires;06203;Coronel Suárez;0;1;21066;2026
06;Buenos Aires;06210;Chacabuco;0;1;26524;2026
06;Buenos Aires;06218;Chascomús;0;1;21340;2026
06;Buenos Aires;06224;Chivilcoy;0;1;36084;2026
06;Buenos Aires;06231;Daireaux;0;1;9175;2026
06;Buenos Aires;06238;Dolores;0;1;15985;2026
06;Buenos Aires;06277;Florentino Ameghino;0;1;5386;2026
06;Buenos Aires;06280;General Alvarado;0;1;22946;2026
06;Buenos Aires;06287;General Alvear;0;1;5157;2026
06;Buenos Aires;06294;General Arenales;0;1;8173;2026
06;Buenos Aires;06301;General Belgrano;0;1;10407;2026
06;Buenos Aires;06308;General Guido;0;1;1554;2026
06;Buenos Aires;06315;General Juan Madariaga;0;1;11524;2026
06;Buenos Aires;06322;General La Madrid;0;1;5806;2026
06;Buenos Aires;06329;General Las Heras;0;1;9070;2026
06;Buenos Aires;06336;General Lavalle;0;1;2424;2026
06;Buenos Aires;06343;General Paz;0;1;7000;2026
06;Buenos Aires;06351;General Pinto;0;1;6412;2026
06;Buenos Aires;06357;General Pueyrredón;0;1;341746;2026
06;Buenos Aires;06385;General Viamonte;0;1;11475;2026
06;Buenos Aires;06392;General Villegas;0;1;17414;2026
06;Buenos Aires;06399;Guaminí;0;1;5763;2026
06;Buenos Aires;06406;Hipólito Yrigoyen;0;1;5272;2026
06;Buenos Aires;06413;Junín;0;1;51929;2026
06;Buenos Aires;06420;La Costa;0;1;51205;2026
06;Buenos Aires;06448;Laprida;0;1;5896;2026
06;Buenos Aires;06455;Las Flores;0;1;13656;2026
06;Buenos Aires;06462;Leandro N. Alem;0;1;8600;2026
06;Buenos Aires;06466;Lezama;0;1;3136;2026
06;Buenos Aires;06469;Lincoln;0;1;22757;2026
06;Buenos Aires;06476;Lobería;0;1;8985;2026
06;Buenos Aires;06483;Lobos;0;1;20926;2026
06;Buenos Aires;06505;Magdalena;0;1;11554;2026
06;Buenos Aires;06511;Maipú;0;1;5764;2026
06;Buenos Aires;06518;Mar Chiquita;0;1;16487;2026
06;Buenos Aires;06532;Mercedes;0;1;36434;2026
06;Buenos Aires;06547;Monte;0;1;12311;2026
06;Buenos Aires;06553;Monte Hermoso;0;1;4209;2026
06;Buenos Aires;06574;Navarro;0;1;9761;2026
06;Buenos Aires;06581;Necochea;0;1;52213;2026
06;Buenos Aires;06588;9 de Julio;0;1;26309;2026
06;Buenos Aires;06595;Olavarría;0;1;62095;2026
06;Buenos Aires;06602;Patagones;0;1;18792;2026
06;Buenos Aires;06609;Pehuajó;0;1;22776;2026
06;Buenos Aires;06616;Pellegrini;0;1;3575;2026
06;Buenos Aires;06623;Pergamino;0;1;58652;2026
06;Buenos Aires;06630;Pila;0;1;2309;2026
06;Buenos Aires;06644;Pinamar;0;1;19624;2026
06;Buenos Aires;06651;Puán;0;1;8219;2026
06;Buenos Aires;06655;Punta Indio;0;1;6117;2026
06;Buenos Aires;06665;Ramallo;0;1;19864;2026
06;Buenos Aires;06672;Rauch;0;1;8206;2026
06;Buenos Aires;06679;Rivadavia;0;1;9791;2026
06;Buenos Aires;06686;Rojas;0;1;12879;2026
06;Buenos Aires;06693;Roque Pérez;0;1;6919;2026
06;Buenos Aires;06700;Saavedra;0;1;10793;2026
06;Buenos Aires;06707;Saladillo;0;1;17649;2026
06;Buenos Aires;06714;Salto;0;1;19693;2026
06;Buenos Aires;06721;Salliqueló;0;1;4663;2026
06;Buenos Aires;06728;San Andrés de Giles;0;1;13046;2026
06;Buenos Aires;06735;San Antonio de Areco;0;1;13523;2026
06;Buenos Aires;06742;San Cayetano;0;1;4461;2026
06;Buenos Aires;06763;San Nicolás;0;1;84458;2026
06;Buenos Aires;06770;San Pedro;0;1;34419;2026
06;Buenos Aires;06784;Suipacha;0;1;5888;2026
06;Buenos Aires;06791;Tandil;0;1;74049;2026
06;Buenos Aires;06798;Tapalqué;0;1;5289;2026
06;Buenos Aires;06812;Tordillo;0;1;1206;2026
06;Buenos Aires;06819;Tornquist;0;1;7314;2026
06;Buenos Aires;06826;Trenque Lauquen;0;1;24613;2026
06;Buenos Aires;06833;Tres Arroyos;0;1;31286;2026
06;Buenos Aires;06847;Tres Lomas;0;1;4479;2026
06;Buenos Aires;06854;25 de Mayo;0;1;17615;2026
06;Buenos Aires;06868;Villa Gesell;0;1;18966;2026
06;Buenos Aires;06875;Villarino;0;1;15908;2026
06;Buenos Aires;06028;Almirante Brown;1;1;295096;2027
06;Buenos Aires;06035;Avellaneda;1;1;188565;2027
06;Buenos Aires;06091;Berazategui;1;1;180948;2027
06;Buenos Aires;06098;Berisso;1;1;51399;2027
06;Buenos Aires;06119;Brandsen;1;1;16280;2027
06;Buenos Aires;06126;Campana;1;1;53922;2027
06;Buenos Aires;06134;Cañuelas;1;1;35407;2027
06;Buenos Aires;06245;Ensenada;1;1;32402;2027
06;Buenos Aires;06252;Escobar;1;1;127735;2027
06;Buenos Aires;06260;Esteban Echeverría;1;1;170424;2027
06;Buenos Aires;06266;Exaltación de la Cruz;1;1;19890;2027
06;Buenos Aires;06270;Ezeiza;1;1;100175;2027
06;Buenos Aires;06274;Florencio Varela;1;1;244231;2027
06;Buenos Aires;06364;General Rodríguez;1;1;71091;2027
06;Buenos Aires;06371;General San Martín;1;1;228326;2027
06;Buenos Aires;06408;Hurlingham;1;1;94114;2027
06;Buenos Aires;06410;Ituzaingó;1;1;90811;2027
06;Buenos Aires;06412;José C. Paz;1;1;164259;2027
06;Buenos Aires;06427;La Matanza;1;1;931196;2027
06;Buenos Aires;06434;Lanús;1;1;235773;2027
06;Buenos Aires;06441;La Plata;1;1;388822;2027
06;Buenos Aires;06490;Lomas de Zamora;1;1;348570;2027
06;Buenos Aires;06497;Luján;1;1;55827;2027
06;Buenos Aires;06515;Malvinas Argentinas;1;1;175793;2027
06;Buenos Aires;06525;Marcos Paz;1;1;32362;2027
06;Buenos Aires;06539;Merlo;1;1;292384;2027
06;Buenos Aires;06560;Moreno;1;1;287771;2027
06;Buenos Aires;06568;Morón;1;1;170074;2027
06;Buenos Aires;06638;Pilar;1;1;197408;2027
06;Buenos Aires;06648;Presidente Perón;1;1;51229;2027
06;Buenos Aires;06658;Quilmes;1;1;320378;2027
06;Buenos Aires;06749;San Fernando;1;1;87532;2027
06;Buenos Aires;06756;San Isidro;1;1;153628;2027
06;Buenos Aires;06760;San Miguel;1;1;166111;2027
06;Buenos Aires;06778;San Vicente;1;1;49399;2027
06;Buenos Aires;06805;Tigre;1;1;225438;2027
06;Buenos Aires;06840;Tres de Febrero;1;1;186683;2027
06;Buenos Aires;06861;Vicente López;1;1;146734;2027
06;Buenos Aires;06882;Zárate;1;1;65879;2027
06;Buenos Aires;06007;Adolfo Alsina;0;1;8534;2027
06;Buenos Aires;06014;Adolfo Gonzales Chaves;0;1;6462;2027
06;Buenos Aires;06021;Alberti;0;1;6560;2027
06;Buenos Aires;06042;Ayacucho;0;1;10974;2027
06;Buenos Aires;06049;Azul;0;1;38255;2027
06;Buenos Aires;06056;Bahía Blanca;0;1;171577;2027
06;Buenos Aires;06063;Balcarce;0;1;24548;2027
06;Buenos Aires;06070;Baradero;0;1;19741;2027
06;Buenos Aires;06077;Arrecifes;0;1;16325;2027
06;Buenos Aires;06084;Benito Juárez;0;1;10630;2027
06;Buenos Aires;06105;Bolívar;0;1;18830;2027
06;Buenos Aires;06112;Bragado;0;1;23393;2027
06;Buenos Aires;06140;Capitán Sarmiento;0;1;8052;2027
06;Buenos Aires;06147;Carlos Casares;0;1;11405;2027
06;Buenos Aires;06154;Carlos Tejedor;0;1;6933;2027
06;Buenos Aires;06161;Carmen de Areco;0;1;8609;2027
06;Buenos Aires;06168;Castelli;0;1;4778;2027
06;Buenos Aires;06175;Colón;0;1;13792;2027
06;Buenos Aires;06182;Coronel de Marina Leonardo Rosales;0;1;33569;2027
06;Buenos Aires;06189;Coronel Dorrego;0;1;7944;2027
06;Buenos Aires;06196;Coronel Pringles;0;1;12331;2027
06;Buenos Aires;06203;Coronel Suárez;0;1;21067;2027
06;Buenos Aires;06210;Chacabuco;0;1;26524;2027
06;Buenos Aires;06218;Chascomús;0;1;21341;2027
06;Buenos Aires;06224;Chivilcoy;0;1;36085;2027
06;Buenos Aires;06231;Daireaux;0;1;9176;2027
06;Buenos Aires;06238;Dolores;0;1;15985;2027
06;Buenos Aires;06277;Florentino Ameghino;0;1;5386;2027
06;Buenos Aires;06280;General Alvarado;0;1;22947;2027
06;Buenos Aires;06287;General Alvear;0;1;5157;2027
06;Buenos Aires;06294;General Arenales;0;1;8173;2027
06;Buenos Aires;06301;General Belgrano;0;1;10408;2027
06;Buenos Aires;06308;General Guido;0;1;1555;2027
06;Buenos Aires;06315;General Juan Madariaga;0;1;11524;2027
06;Buenos Aires;06322;General La Madrid;0;1;5806;2027
06;Buenos Aires;06329;General Las Heras;0;1;9070;2027
06;Buenos Aires;06336;General Lavalle;0;1;2425;2027
06;Buenos Aires;06343;General Paz;0;1;7001;2027
06;Buenos Aires;06351;General Pinto;0;1;6412;2027
06;Buenos Aires;06357;General Pueyrredón;0;1;341751;2027
06;Buenos Aires;06385;General Viamonte;0;1;11476;2027
06;Buenos Aires;06392;General Villegas;0;1;17415;2027
06;Buenos Aires;06399;Guaminí;0;1;5763;2027
06;Buenos Aires;06406;Hipólito Yrigoyen;0;1;5272;2027
06;Buenos Aires;06413;Junín;0;1;51931;2027
06;Buenos Aires;06420;La Costa;0;1;51210;2027
06;Buenos Aires;06448;Laprida;0;1;5896;2027
06;Buenos Aires;06455;Las Flores;0;1;13657;2027
06;Buenos Aires;06462;Leandro N. Alem;0;1;8600;2027
06;Buenos Aires;06466;Lezama;0;1;3137;2027
06;Buenos Aires;06469;Lincoln;0;1;22758;2027
06;Buenos Aires;06476;Lobería;0;1;8985;2027
06;Buenos Aires;06483;Lobos;0;1;20927;2027
06;Buenos Aires;06505;Magdalena;0;1;11555;2027
06;Buenos Aires;06511;Maipú;0;1;5764;2027
06;Buenos Aires;06518;Mar Chiquita;0;1;16489;2027
06;Buenos Aires;06532;Mercedes;0;1;36436;2027
06;Buenos Aires;06547;Monte;0;1;12311;2027
06;Buenos Aires;06553;Monte Hermoso;0;1;4210;2027
06;Buenos Aires;06574;Navarro;0;1;9761;2027
06;Buenos Aires;06581;Necochea;0;1;52214;2027
06;Buenos Aires;06588;9 de Julio;0;1;26310;2027
06;Buenos Aires;06595;Olavarría;0;1;62097;2027
06;Buenos Aires;06602;Patagones;0;1;18793;2027
06;Buenos Aires;06609;Pehuajó;0;1;22776;2027
06;Buenos Aires;06616;Pellegrini;0;1;3575;2027
06;Buenos Aires;06623;Pergamino;0;1;58652;2027
06;Buenos Aires;06630;Pila;0;1;2309;2027
06;Buenos Aires;06644;Pinamar;0;1;19626;2027
06;Buenos Aires;06651;Puán;0;1;8219;2027
06;Buenos Aires;06655;Punta Indio;0;1;6117;2027
06;Buenos Aires;06665;Ramallo;0;1;19865;2027
06;Buenos Aires;06672;Rauch;0;1;8206;2027
06;Buenos Aires;06679;Rivadavia;0;1;9791;2027
06;Buenos Aires;06686;Rojas;0;1;12879;2027
06;Buenos Aires;06693;Roque Pérez;0;1;6919;2027
06;Buenos Aires;06700;Saavedra;0;1;10794;2027
06;Buenos Aires;06707;Saladillo;0;1;17650;2027
06;Buenos Aires;06714;Salto;0;1;19694;2027
06;Buenos Aires;06721;Salliqueló;0;1;4663;2027
06;Buenos Aires;06728;San Andrés de Giles;0;1;13047;2027
06;Buenos Aires;06735;San Antonio de Areco;0;1;13524;2027
06;Buenos Aires;06742;San Cayetano;0;1;4461;2027
06;Buenos Aires;06763;San Nicolás;0;1;84461;2027
06;Buenos Aires;06770;San Pedro;0;1;34420;2027
06;Buenos Aires;06784;Suipacha;0;1;5888;2027
06;Buenos Aires;06791;Tandil;0;1;74052;2027
06;Buenos Aires;06798;Tapalqué;0;1;5289;2027
06;Buenos Aires;06812;Tordillo;0;1;1206;2027
06;Buenos Aires;06819;Tornquist;0;1;7314;2027
06;Buenos Aires;06826;Trenque Lauquen;0;1;24614;2027
06;Buenos Aires;06833;Tres Arroyos;0;1;31286;2027
06;Buenos Aires;06847;Tres Lomas;0;1;4479;2027
06;Buenos Aires;06854;25 de Mayo;0;1;17615;2027
06;Buenos Aires;06868;Villa Gesell;0;1;18967;2027
06;Buenos Aires;06875;Villarino;0;1;15908;2027
06;Buenos Aires;06028;Almirante Brown;1;1;295091;2028
06;Buenos Aires;06035;Avellaneda;1;1;188561;2028
06;Buenos Aires;06091;Berazategui;1;1;180940;2028
06;Buenos Aires;06098;Berisso;1;1;51396;2028
06;Buenos Aires;06119;Brandsen;1;1;16278;2028
06;Buenos Aires;06126;Campana;1;1;53918;2028
06;Buenos Aires;06134;Cañuelas;1;1;35402;2028
06;Buenos Aires;06245;Ensenada;1;1;32400;2028
06;Buenos Aires;06252;Escobar;1;1;127724;2028
06;Buenos Aires;06260;Esteban Echeverría;1;1;170414;2028
06;Buenos Aires;06266;Exaltación de la Cruz;1;1;19887;2028
06;Buenos Aires;06270;Ezeiza;1;1;100164;2028
06;Buenos Aires;06274;Florencio Varela;1;1;244214;2028
06;Buenos Aires;06364;General Rodríguez;1;1;71075;2028
06;Buenos Aires;06371;General San Martín;1;1;228321;2028
06;Buenos Aires;06408;Hurlingham;1;1;94114;2028
06;Buenos Aires;06410;Ituzaingó;1;1;90809;2028
06;Buenos Aires;06412;José C. Paz;1;1;164243;2028
06;Buenos Aires;06427;La Matanza;1;1;931166;2028
06;Buenos Aires;06434;Lanús;1;1;235777;2028
06;Buenos Aires;06441;La Plata;1;1;388795;2028
06;Buenos Aires;06490;Lomas de Zamora;1;1;348555;2028
06;Buenos Aires;06497;Luján;1;1;55826;2028
06;Buenos Aires;06515;Malvinas Argentinas;1;1;175787;2028
06;Buenos Aires;06525;Marcos Paz;1;1;32359;2028
06;Buenos Aires;06539;Merlo;1;1;292372;2028
06;Buenos Aires;06560;Moreno;1;1;287754;2028
06;Buenos Aires;06568;Morón;1;1;170074;2028
06;Buenos Aires;06638;Pilar;1;1;197381;2028
06;Buenos Aires;06648;Presidente Perón;1;1;51223;2028
06;Buenos Aires;06658;Quilmes;1;1;320368;2028
06;Buenos Aires;06749;San Fernando;1;1;87531;2028
06;Buenos Aires;06756;San Isidro;1;1;153629;2028
06;Buenos Aires;06760;San Miguel;1;1;166098;2028
06;Buenos Aires;06778;San Vicente;1;1;49388;2028
06;Buenos Aires;06805;Tigre;1;1;225419;2028
06;Buenos Aires;06840;Tres de Febrero;1;1;186679;2028
06;Buenos Aires;06861;Vicente López;1;1;146733;2028
06;Buenos Aires;06882;Zárate;1;1;65875;2028
06;Buenos Aires;06007;Adolfo Alsina;0;1;8534;2028
06;Buenos Aires;06014;Adolfo Gonzales Chaves;0;1;6462;2028
06;Buenos Aires;06021;Alberti;0;1;6560;2028
06;Buenos Aires;06042;Ayacucho;0;1;10974;2028
06;Buenos Aires;06049;Azul;0;1;38253;2028
06;Buenos Aires;06056;Bahía Blanca;0;1;171569;2028
06;Buenos Aires;06063;Balcarce;0;1;24547;2028
06;Buenos Aires;06070;Baradero;0;1;19740;2028
06;Buenos Aires;06077;Arrecifes;0;1;16324;2028
06;Buenos Aires;06084;Benito Juárez;0;1;10630;2028
06;Buenos Aires;06105;Bolívar;0;1;18829;2028
06;Buenos Aires;06112;Bragado;0;1;23392;2028
06;Buenos Aires;06140;Capitán Sarmiento;0;1;8052;2028
06;Buenos Aires;06147;Carlos Casares;0;1;11405;2028
06;Buenos Aires;06154;Carlos Tejedor;0;1;6932;2028
06;Buenos Aires;06161;Carmen de Areco;0;1;8608;2028
06;Buenos Aires;06168;Castelli;0;1;4778;2028
06;Buenos Aires;06175;Colón;0;1;13792;2028
06;Buenos Aires;06182;Coronel de Marina Leonardo Rosales;0;1;33568;2028
06;Buenos Aires;06189;Coronel Dorrego;0;1;7944;2028
06;Buenos Aires;06196;Coronel Pringles;0;1;12331;2028
06;Buenos Aires;06203;Coronel Suárez;0;1;21066;2028
06;Buenos Aires;06210;Chacabuco;0;1;26523;2028
06;Buenos Aires;06218;Chascomús;0;1;21339;2028
06;Buenos Aires;06224;Chivilcoy;0;1;36084;2028
06;Buenos Aires;06231;Daireaux;0;1;9175;2028
06;Buenos Aires;06238;Dolores;0;1;15984;2028
06;Buenos Aires;06277;Florentino Ameghino;0;1;5386;2028
06;Buenos Aires;06280;General Alvarado;0;1;22946;2028
06;Buenos Aires;06287;General Alvear;0;1;5157;2028
06;Buenos Aires;06294;General Arenales;0;1;8173;2028
06;Buenos Aires;06301;General Belgrano;0;1;10407;2028
06;Buenos Aires;06308;General Guido;0;1;1554;2028
06;Buenos Aires;06315;General Juan Madariaga;0;1;11524;2028
06;Buenos Aires;06322;General La Madrid;0;1;5806;2028
06;Buenos Aires;06329;General Las Heras;0;1;9069;2028
06;Buenos Aires;06336;General Lavalle;0;1;2424;2028
06;Buenos Aires;06343;General Paz;0;1;7000;2028
06;Buenos Aires;06351;General Pinto;0;1;6412;2028
06;Buenos Aires;06357;General Pueyrredón;0;1;341743;2028
06;Buenos Aires;06385;General Viamonte;0;1;11475;2028
06;Buenos Aires;06392;General Villegas;0;1;17414;2028
06;Buenos Aires;06399;Guaminí;0;1;5763;2028
06;Buenos Aires;06406;Hipólito Yrigoyen;0;1;5272;2028
06;Buenos Aires;06413;Junín;0;1;51928;2028
06;Buenos Aires;06420;La Costa;0;1;51201;2028
06;Buenos Aires;06448;Laprida;0;1;5895;2028
06;Buenos Aires;06455;Las Flores;0;1;13656;2028
06;Buenos Aires;06462;Leandro N. Alem;0;1;8600;2028
06;Buenos Aires;06466;Lezama;0;1;3136;2028
06;Buenos Aires;06469;Lincoln;0;1;22757;2028
06;Buenos Aires;06476;Lobería;0;1;8985;2028
06;Buenos Aires;06483;Lobos;0;1;20926;2028
06;Buenos Aires;06505;Magdalena;0;1;11553;2028
06;Buenos Aires;06511;Maipú;0;1;5764;2028
06;Buenos Aires;06518;Mar Chiquita;0;1;16486;2028
06;Buenos Aires;06532;Mercedes;0;1;36433;2028
06;Buenos Aires;06547;Monte;0;1;12311;2028
06;Buenos Aires;06553;Monte Hermoso;0;1;4209;2028
06;Buenos Aires;06574;Navarro;0;1;9760;2028
06;Buenos Aires;06581;Necochea;0;1;52212;2028
06;Buenos Aires;06588;9 de Julio;0;1;26309;2028
06;Buenos Aires;06595;Olavarría;0;1;62094;2028
06;Buenos Aires;06602;Patagones;0;1;18791;2028
06;Buenos Aires;06609;Pehuajó;0;1;22775;2028
06;Buenos Aires;06616;Pellegrini;0;1;3575;2028
06;Buenos Aires;06623;Pergamino;0;1;58651;2028
06;Buenos Aires;06630;Pila;0;1;2309;2028
06;Buenos Aires;06644;Pinamar;0;1;19623;2028
06;Buenos Aires;06651;Puán;0;1;8219;2028
06;Buenos Aires;06655;Punta Indio;0;1;6116;2028
06;Buenos Aires;06665;Ramallo;0;1;19864;2028
06;Buenos Aires;06672;Rauch;0;1;8205;2028
06;Buenos Aires;06679;Rivadavia;0;1;9791;2028
06;Buenos Aires;06686;Rojas;0;1;12879;2028
06;Buenos Aires;06693;Roque Pérez;0;1;6919;2028
06;Buenos Aires;06700;Saavedra;0;1;10793;2028
06;Buenos Aires;06707;Saladillo;0;1;17649;2028
06;Buenos Aires;06714;Salto;0;1;19693;2028
06;Buenos Aires;06721;Salliqueló;0;1;4663;2028
06;Buenos Aires;06728;San Andrés de Giles;0;1;13046;2028
06;Buenos Aires;06735;San Antonio de Areco;0;1;13523;2028
06;Buenos Aires;06742;San Cayetano;0;1;4461;2028
06;Buenos Aires;06763;San Nicolás;0;1;84456;2028
06;Buenos Aires;06770;San Pedro;0;1;34418;2028
06;Buenos Aires;06784;Suipacha;0;1;5888;2028
06;Buenos Aires;06791;Tandil;0;1;74047;2028
06;Buenos Aires;06798;Tapalqué;0;1;5289;2028
06;Buenos Aires;06812;Tordillo;0;1;1205;2028
06;Buenos Aires;06819;Tornquist;0;1;7314;2028
06;Buenos Aires;06826;Trenque Lauquen;0;1;24612;2028
06;Buenos Aires;06833;Tres Arroyos;0;1;31285;2028
06;Buenos Aires;06847;Tres Lomas;0;1;4479;2028
06;Buenos Aires;06854;25 de Mayo;0;1;17615;2028
06;Buenos Aires;06868;Villa Gesell;0;1;18966;2028
06;Buenos Aires;06875;Villarino;0;1;15908;2028
06;Buenos Aires;06028;Almirante Brown;1;1;295083;2029
06;Buenos Aires;06035;Avellaneda;1;1;188556;2029
06;Buenos Aires;06091;Berazategui;1;1;180928;2029
06;Buenos Aires;06098;Berisso;1;1;51391;2029
06;Buenos Aires;06119;Brandsen;1;1;16276;2029
06;Buenos Aires;06126;Campana;1;1;53913;2029
06;Buenos Aires;06134;Cañuelas;1;1;35394;2029
06;Buenos Aires;06245;Ensenada;1;1;32398;2029
06;Buenos Aires;06252;Escobar;1;1;127708;2029
06;Buenos Aires;06260;Esteban Echeverría;1;1;170399;2029
06;Buenos Aires;06266;Exaltación de la Cruz;1;1;19883;2029
06;Buenos Aires;06270;Ezeiza;1;1;100148;2029
06;Buenos Aires;06274;Florencio Varela;1;1;244188;2029
06;Buenos Aires;06364;General Rodríguez;1;1;71052;2029
06;Buenos Aires;06371;General San Martín;1;1;228313;2029
06;Buenos Aires;06408;Hurlingham;1;1;94114;2029
06;Buenos Aires;06410;Ituzaingó;1;1;90806;2029
06;Buenos Aires;06412;José C. Paz;1;1;164218;2029
06;Buenos Aires;06427;La Matanza;1;1;931120;2029
06;Buenos Aires;06434;Lanús;1;1;235782;2029
06;Buenos Aires;06441;La Plata;1;1;388755;2029
06;Buenos Aires;06490;Lomas de Zamora;1;1;348533;2029
06;Buenos Aires;06497;Luján;1;1;55825;2029
06;Buenos Aires;06515;Malvinas Argentinas;1;1;175777;2029
06;Buenos Aires;06525;Marcos Paz;1;1;32354;2029
06;Buenos Aires;06539;Merlo;1;1;292354;2029
06;Buenos Aires;06560;Moreno;1;1;287729;2029
06;Buenos Aires;06568;Morón;1;1;170074;2029
06;Buenos Aires;06638;Pilar;1;1;197341;2029
06;Buenos Aires;06648;Presidente Perón;1;1;51215;2029
06;Buenos Aires;06658;Quilmes;1;1;320354;2029
06;Buenos Aires;06749;San Fernando;1;1;87530;2029
06;Buenos Aires;06756;San Isidro;1;1;153630;2029
06;Buenos Aires;06760;San Miguel;1;1;166078;2029
06;Buenos Aires;06778;San Vicente;1;1;49371;2029
06;Buenos Aires;06805;Tigre;1;1;225391;2029
06;Buenos Aires;06840;Tres de Febrero;1;1;186674;2029
06;Buenos Aires;06861;Vicente López;1;1;146732;2029
06;Buenos Aires;06882;Zárate;1;1;65868;2029
06;Buenos Aires;06007;Adolfo Alsina;0;1;8534;2029
06;Buenos Aires;06014;Adolfo Gonzales Chaves;0;1;6462;2029
06;Buenos Aires;06021;Alberti;0;1;6559;2029
06;Buenos Aires;06042;Ayacucho;0;1;10973;2029
06;Buenos Aires;06049;Azul;0;1;38249;2029
06;Buenos Aires;06056;Bahía Blanca;0;1;171559;2029
06;Buenos Aires;06063;Balcarce;0;1;24545;2029
06;Buenos Aires;06070;Baradero;0;1;19737;2029
06;Buenos Aires;06077;Arrecifes;0;1;16324;2029
06;Buenos Aires;06084;Benito Juárez;0;1;10629;2029
06;Buenos Aires;06105;Bolívar;0;1;18828;2029
06;Buenos Aires;06112;Bragado;0;1;23391;2029
06;Buenos Aires;06140;Capitán Sarmiento;0;1;8052;2029
06;Buenos Aires;06147;Carlos Casares;0;1;11405;2029
06;Buenos Aires;06154;Carlos Tejedor;0;1;6931;2029
06;Buenos Aires;06161;Carmen de Areco;0;1;8607;2029
06;Buenos Aires;06168;Castelli;0;1;4778;2029
06;Buenos Aires;06175;Colón;0;1;13791;2029
06;Buenos Aires;06182;Coronel de Marina Leonardo Rosales;0;1;33567;2029
06;Buenos Aires;06189;Coronel Dorrego;0;1;7944;2029
06;Buenos Aires;06196;Coronel Pringles;0;1;12330;2029
06;Buenos Aires;06203;Coronel Suárez;0;1;21065;2029
06;Buenos Aires;06210;Chacabuco;0;1;26522;2029
06;Buenos Aires;06218;Chascomús;0;1;21337;2029
06;Buenos Aires;06224;Chivilcoy;0;1;36082;2029
06;Buenos Aires;06231;Daireaux;0;1;9175;2029
06;Buenos Aires;06238;Dolores;0;1;15983;2029
06;Buenos Aires;06277;Florentino Ameghino;0;1;5385;2029
06;Buenos Aires;06280;General Alvarado;0;1;22943;2029
06;Buenos Aires;06287;General Alvear;0;1;5157;2029
06;Buenos Aires;06294;General Arenales;0;1;8172;2029
06;Buenos Aires;06301;General Belgrano;0;1;10406;2029
06;Buenos Aires;06308;General Guido;0;1;1554;2029
06;Buenos Aires;06315;General Juan Madariaga;0;1;11523;2029
06;Buenos Aires;06322;General La Madrid;0;1;5806;2029
06;Buenos Aires;06329;General Las Heras;0;1;9068;2029
06;Buenos Aires;06336;General Lavalle;0;1;2424;2029
06;Buenos Aires;06343;General Paz;0;1;6999;2029
06;Buenos Aires;06351;General Pinto;0;1;6411;2029
06;Buenos Aires;06357;General Pueyrredón;0;1;341731;2029
06;Buenos Aires;06385;General Viamonte;0;1;11473;2029
06;Buenos Aires;06392;General Villegas;0;1;17412;2029
06;Buenos Aires;06399;Guaminí;0;1;5764;2029
06;Buenos Aires;06406;Hipólito Yrigoyen;0;1;5271;2029
06;Buenos Aires;06413;Junín;0;1;51925;2029
06;Buenos Aires;06420;La Costa;0;1;51188;2029
06;Buenos Aires;06448;Laprida;0;1;5895;2029
06;Buenos Aires;06455;Las Flores;0;1;13655;2029
06;Buenos Aires;06462;Leandro N. Alem;0;1;8600;2029
06;Buenos Aires;06466;Lezama;0;1;3136;2029
06;Buenos Aires;06469;Lincoln;0;1;22756;2029
06;Buenos Aires;06476;Lobería;0;1;8985;2029
06;Buenos Aires;06483;Lobos;0;1;20924;2029
06;Buenos Aires;06505;Magdalena;0;1;11550;2029
06;Buenos Aires;06511;Maipú;0;1;5764;2029
06;Buenos Aires;06518;Mar Chiquita;0;1;16481;2029
06;Buenos Aires;06532;Mercedes;0;1;36430;2029
06;Buenos Aires;06547;Monte;0;1;12309;2029
06;Buenos Aires;06553;Monte Hermoso;0;1;4208;2029
06;Buenos Aires;06574;Navarro;0;1;9759;2029
06;Buenos Aires;06581;Necochea;0;1;52209;2029
06;Buenos Aires;06588;9 de Julio;0;1;26308;2029
06;Buenos Aires;06595;Olavarría;0;1;62090;2029
06;Buenos Aires;06602;Patagones;0;1;18788;2029
06;Buenos Aires;06609;Pehuajó;0;1;22774;2029
06;Buenos Aires;06616;Pellegrini;0;1;3574;2029
06;Buenos Aires;06623;Pergamino;0;1;58649;2029
06;Buenos Aires;06630;Pila;0;1;2309;2029
06;Buenos Aires;06644;Pinamar;0;1;19617;2029
06;Buenos Aires;06651;Puán;0;1;8219;2029
06;Buenos Aires;06655;Punta Indio;0;1;6115;2029
06;Buenos Aires;06665;Ramallo;0;1;19861;2029
06;Buenos Aires;06672;Rauch;0;1;8205;2029
06;Buenos Aires;06679;Rivadavia;0;1;9789;2029
06;Buenos Aires;06686;Rojas;0;1;12878;2029
06;Buenos Aires;06693;Roque Pérez;0;1;6918;2029
06;Buenos Aires;06700;Saavedra;0;1;10793;2029
06;Buenos Aires;06707;Saladillo;0;1;17648;2029
06;Buenos Aires;06714;Salto;0;1;19690;2029
06;Buenos Aires;06721;Salliqueló;0;1;4663;2029
06;Buenos Aires;06728;San Andrés de Giles;0;1;13045;2029
06;Buenos Aires;06735;San Antonio de Areco;0;1;13522;2029
06;Buenos Aires;06742;San Cayetano;0;1;4461;2029
06;Buenos Aires;06763;San Nicolás;0;1;84448;2029
06;Buenos Aires;06770;San Pedro;0;1;34414;2029
06;Buenos Aires;06784;Suipacha;0;1;5887;2029
06;Buenos Aires;06791;Tandil;0;1;74038;2029
06;Buenos Aires;06798;Tapalqué;0;1;5289;2029
06;Buenos Aires;06812;Tordillo;0;1;1205;2029
06;Buenos Aires;06819;Tornquist;0;1;7313;2029
06;Buenos Aires;06826;Trenque Lauquen;0;1;24610;2029
06;Buenos Aires;06833;Tres Arroyos;0;1;31284;2029
06;Buenos Aires;06847;Tres Lomas;0;1;4479;2029
06;Buenos Aires;06854;25 de Mayo;0;1;17616;2029
06;Buenos Aires;06868;Villa Gesell;0;1;18963;2029
06;Buenos Aires;06875;Villarino;0;1;15907;2029
06;Buenos Aires;06028;Almirante Brown;1;1;295080;2030
06;Buenos Aires;06035;Avellaneda;1;1;188555;2030
06;Buenos Aires;06091;Berazategui;1;1;180925;2030
06;Buenos Aires;06098;Berisso;1;1;51389;2030
06;Buenos Aires;06119;Brandsen;1;1;16275;2030
06;Buenos Aires;06126;Campana;1;1;53911;2030
06;Buenos Aires;06134;Cañuelas;1;1;35392;2030
06;Buenos Aires;06245;Ensenada;1;1;32397;2030
06;Buenos Aires;06252;Escobar;1;1;127703;2030
06;Buenos Aires;06260;Esteban Echeverría;1;1;170394;2030
06;Buenos Aires;06266;Exaltación de la Cruz;1;1;19882;2030
06;Buenos Aires;06270;Ezeiza;1;1;100143;2030
06;Buenos Aires;06274;Florencio Varela;1;1;244180;2030
06;Buenos Aires;06364;General Rodríguez;1;1;71044;2030
06;Buenos Aires;06371;General San Martín;1;1;228310;2030
06;Buenos Aires;06408;Hurlingham;1;1;94114;2030
06;Buenos Aires;06410;Ituzaingó;1;1;90805;2030
06;Buenos Aires;06412;José C. Paz;1;1;164210;2030
06;Buenos Aires;06427;La Matanza;1;1;931105;2030
06;Buenos Aires;06434;Lanús;1;1;235784;2030
06;Buenos Aires;06441;La Plata;1;1;388742;2030
06;Buenos Aires;06490;Lomas de Zamora;1;1;348526;2030
06;Buenos Aires;06497;Luján;1;1;55825;2030
06;Buenos Aires;06515;Malvinas Argentinas;1;1;175774;2030
06;Buenos Aires;06525;Marcos Paz;1;1;32352;2030
06;Buenos Aires;06539;Merlo;1;1;292349;2030
06;Buenos Aires;06560;Moreno;1;1;287721;2030
06;Buenos Aires;06568;Morón;1;1;170074;2030
06;Buenos Aires;06638;Pilar;1;1;197329;2030
06;Buenos Aires;06648;Presidente Perón;1;1;51212;2030
06;Buenos Aires;06658;Quilmes;1;1;320349;2030
06;Buenos Aires;06749;San Fernando;1;1;87529;2030
06;Buenos Aires;06756;San Isidro;1;1;153631;2030
06;Buenos Aires;06760;San Miguel;1;1;166072;2030
06;Buenos Aires;06778;San Vicente;1;1;49366;2030
06;Buenos Aires;06805;Tigre;1;1;225381;2030
06;Buenos Aires;06840;Tres de Febrero;1;1;186672;2030
06;Buenos Aires;06861;Vicente López;1;1;146732;2030
06;Buenos Aires;06882;Zárate;1;1;65866;2030
06;Buenos Aires;06007;Adolfo Alsina;0;1;8534;2030
06;Buenos Aires;06014;Adolfo Gonzales Chaves;0;1;6462;2030
06;Buenos Aires;06021;Alberti;0;1;6559;2030
06;Buenos Aires;06042;Ayacucho;0;1;10973;2030
06;Buenos Aires;06049;Azul;0;1;38248;2030
06;Buenos Aires;06056;Bahía Blanca;0;1;171555;2030
06;Buenos Aires;06063;Balcarce;0;1;24545;2030
06;Buenos Aires;06070;Baradero;0;1;19736;2030
06;Buenos Aires;06077;Arrecifes;0;1;16323;2030
06;Buenos Aires;06084;Benito Juárez;0;1;10629;2030
06;Buenos Aires;06105;Bolívar;0;1;18828;2030
06;Buenos Aires;06112;Bragado;0;1;23390;2030
06;Buenos Aires;06140;Capitán Sarmiento;0;1;8051;2030
06;Buenos Aires;06147;Carlos Casares;0;1;11405;2030
06;Buenos Aires;06154;Carlos Tejedor;0;1;6931;2030
06;Buenos Aires;06161;Carmen de Areco;0;1;8607;2030
06;Buenos Aires;06168;Castelli;0;1;4778;2030
06;Buenos Aires;06175;Colón;0;1;13791;2030
06;Buenos Aires;06182;Coronel de Marina Leonardo Rosales;0;1;33567;2030
06;Buenos Aires;06189;Coronel Dorrego;0;1;7944;2030
06;Buenos Aires;06196;Coronel Pringles;0;1;12330;2030
06;Buenos Aires;06203;Coronel Suárez;0;1;21064;2030
06;Buenos Aires;06210;Chacabuco;0;1;26522;2030
06;Buenos Aires;06218;Chascomús;0;1;21337;2030
06;Buenos Aires;06224;Chivilcoy;0;1;36081;2030
06;Buenos Aires;06231;Daireaux;0;1;9175;2030
06;Buenos Aires;06238;Dolores;0;1;15982;2030
06;Buenos Aires;06277;Florentino Ameghino;0;1;5385;2030
06;Buenos Aires;06280;General Alvarado;0;1;22943;2030
06;Buenos Aires;06287;General Alvear;0;1;5157;2030
06;Buenos Aires;06294;General Arenales;0;1;8172;2030
06;Buenos Aires;06301;General Belgrano;0;1;10405;2030
06;Buenos Aires;06308;General Guido;0;1;1554;2030
06;Buenos Aires;06315;General Juan Madariaga;0;1;11522;2030
06;Buenos Aires;06322;General La Madrid;0;1;5805;2030
06;Buenos Aires;06329;General Las Heras;0;1;9068;2030
06;Buenos Aires;06336;General Lavalle;0;1;2424;2030
06;Buenos Aires;06343;General Paz;0;1;6999;2030
06;Buenos Aires;06351;General Pinto;0;1;6411;2030
06;Buenos Aires;06357;General Pueyrredón;0;1;341728;2030
06;Buenos Aires;06385;General Viamonte;0;1;11472;2030
06;Buenos Aires;06392;General Villegas;0;1;17411;2030
06;Buenos Aires;06399;Guaminí;0;1;5764;2030
06;Buenos Aires;06406;Hipólito Yrigoyen;0;1;5271;2030
06;Buenos Aires;06413;Junín;0;1;51923;2030
06;Buenos Aires;06420;La Costa;0;1;51183;2030
06;Buenos Aires;06448;Laprida;0;1;5895;2030
06;Buenos Aires;06455;Las Flores;0;1;13655;2030
06;Buenos Aires;06462;Leandro N. Alem;0;1;8600;2030
06;Buenos Aires;06466;Lezama;0;1;3136;2030
06;Buenos Aires;06469;Lincoln;0;1;22756;2030
06;Buenos Aires;06476;Lobería;0;1;8985;2030
06;Buenos Aires;06483;Lobos;0;1;20923;2030
06;Buenos Aires;06505;Magdalena;0;1;11549;2030
06;Buenos Aires;06511;Maipú;0;1;5764;2030
06;Buenos Aires;06518;Mar Chiquita;0;1;16479;2030
06;Buenos Aires;06532;Mercedes;0;1;36429;2030
06;Buenos Aires;06547;Monte;0;1;12309;2030
06;Buenos Aires;06553;Monte Hermoso;0;1;4208;2030
06;Buenos Aires;06574;Navarro;0;1;9759;2030
06;Buenos Aires;06581;Necochea;0;1;52208;2030
06;Buenos Aires;06588;9 de Julio;0;1;26308;2030
06;Buenos Aires;06595;Olavarría;0;1;62088;2030
06;Buenos Aires;06602;Patagones;0;1;18787;2030
06;Buenos Aires;06609;Pehuajó;0;1;22773;2030
06;Buenos Aires;06616;Pellegrini;0;1;3574;2030
06;Buenos Aires;06623;Pergamino;0;1;58648;2030
06;Buenos Aires;06630;Pila;0;1;2309;2030
06;Buenos Aires;06644;Pinamar;0;1;19615;2030
06;Buenos Aires;06651;Puán;0;1;8219;2030
06;Buenos Aires;06655;Punta Indio;0;1;6115;2030
06;Buenos Aires;06665;Ramallo;0;1;19860;2030
06;Buenos Aires;06672;Rauch;0;1;8205;2030
06;Buenos Aires;06679;Rivadavia;0;1;9789;2030
06;Buenos Aires;06686;Rojas;0;1;12878;2030
06;Buenos Aires;06693;Roque Pérez;0;1;6918;2030
06;Buenos Aires;06700;Saavedra;0;1;10793;2030
06;Buenos Aires;06707;Saladillo;0;1;17648;2030
06;Buenos Aires;06714;Salto;0;1;19689;2030
06;Buenos Aires;06721;Salliqueló;0;1;4663;2030
06;Buenos Aires;06728;San Andrés de Giles;0;1;13044;2030
06;Buenos Aires;06735;San Antonio de Areco;0;1;13521;2030
06;Buenos Aires;06742;San Cayetano;0;1;4461;2030
06;Buenos Aires;06763;San Nicolás;0;1;84446;2030
06;Buenos Aires;06770;San Pedro;0;1;34413;2030
06;Buenos Aires;06784;Suipacha;0;1;5887;2030
06;Buenos Aires;06791;Tandil;0;1;74036;2030
06;Buenos Aires;06798;Tapalqué;0;1;5288;2030
06;Buenos Aires;06812;Tordillo;0;1;1205;2030
06;Buenos Aires;06819;Tornquist;0;1;7313;2030
06;Buenos Aires;06826;Trenque Lauquen;0;1;24610;2030
06;Buenos Aires;06833;Tres Arroyos;0;1;31283;2030
06;Buenos Aires;06847;Tres Lomas;0;1;4479;2030
06;Buenos Aires;06854;25 de Mayo;0;1;17616;2030
06;Buenos Aires;06868;Villa Gesell;0;1;18962;2030
06;Buenos Aires;06875;Villarino;0;1;15907;2030
06;Buenos Aires;06028;Almirante Brown;1;1;295088;2031
06;Buenos Aires;06035;Avellaneda;1;1;188560;2031
06;Buenos Aires;06091;Berazategui;1;1;180936;2031
06;Buenos Aires;06098;Berisso;1;1;51394;2031
06;Buenos Aires;06119;Brandsen;1;1;16277;2031
06;Buenos Aires;06126;Campana;1;1;53916;2031
06;Buenos Aires;06134;Cañuelas;1;1;35399;2031
06;Buenos Aires;06245;Ensenada;1;1;32399;2031
06;Buenos Aires;06252;Escobar;1;1;127718;2031
06;Buenos Aires;06260;Esteban Echeverría;1;1;170409;2031
06;Buenos Aires;06266;Exaltación de la Cruz;1;1;19886;2031
06;Buenos Aires;06270;Ezeiza;1;1;100159;2031
06;Buenos Aires;06274;Florencio Varela;1;1;244205;2031
06;Buenos Aires;06364;General Rodríguez;1;1;71067;2031
06;Buenos Aires;06371;General San Martín;1;1;228318;2031
06;Buenos Aires;06408;Hurlingham;1;1;94114;2031
06;Buenos Aires;06410;Ituzaingó;1;1;90808;2031
06;Buenos Aires;06412;José C. Paz;1;1;164234;2031
06;Buenos Aires;06427;La Matanza;1;1;931162;2031
06;Buenos Aires;06434;Lanús;1;1;235778;2031
06;Buenos Aires;06441;La Plata;1;1;388781;2031
06;Buenos Aires;06490;Lomas de Zamora;1;1;348548;2031
06;Buenos Aires;06497;Luján;1;1;55826;2031
06;Buenos Aires;06515;Malvinas Argentinas;1;1;175784;2031
06;Buenos Aires;06525;Marcos Paz;1;1;32357;2031
06;Buenos Aires;06539;Merlo;1;1;292363;2031
06;Buenos Aires;06560;Moreno;1;1;287737;2031
06;Buenos Aires;06568;Morón;1;1;170074;2031
06;Buenos Aires;06638;Pilar;1;1;197367;2031
06;Buenos Aires;06648;Presidente Perón;1;1;51220;2031
06;Buenos Aires;06658;Quilmes;1;1;320363;2031
06;Buenos Aires;06749;San Fernando;1;1;87531;2031
06;Buenos Aires;06756;San Isidro;1;1;153629;2031
06;Buenos Aires;06760;San Miguel;1;1;166091;2031
06;Buenos Aires;06778;San Vicente;1;1;49382;2031
06;Buenos Aires;06805;Tigre;1;1;225409;2031
06;Buenos Aires;06840;Tres de Febrero;1;1;186677;2031
06;Buenos Aires;06861;Vicente López;1;1;146733;2031
06;Buenos Aires;06882;Zárate;1;1;65872;2031
06;Buenos Aires;06007;Adolfo Alsina;0;1;8534;2031
06;Buenos Aires;06014;Adolfo Gonzales Chaves;0;1;6462;2031
06;Buenos Aires;06021;Alberti;0;1;6560;2031
06;Buenos Aires;06042;Ayacucho;0;1;10974;2031
06;Buenos Aires;06049;Azul;0;1;38252;2031
06;Buenos Aires;06056;Bahía Blanca;0;1;171566;2031
06;Buenos Aires;06063;Balcarce;0;1;24546;2031
06;Buenos Aires;06070;Baradero;0;1;19739;2031
06;Buenos Aires;06077;Arrecifes;0;1;16324;2031
06;Buenos Aires;06084;Benito Juárez;0;1;10630;2031
06;Buenos Aires;06105;Bolívar;0;1;18829;2031
06;Buenos Aires;06112;Bragado;0;1;23392;2031
06;Buenos Aires;06140;Capitán Sarmiento;0;1;8052;2031
06;Buenos Aires;06147;Carlos Casares;0;1;11405;2031
06;Buenos Aires;06154;Carlos Tejedor;0;1;6932;2031
06;Buenos Aires;06161;Carmen de Areco;0;1;8608;2031
06;Buenos Aires;06168;Castelli;0;1;4778;2031
06;Buenos Aires;06175;Colón;0;1;13791;2031
06;Buenos Aires;06182;Coronel de Marina Leonardo Rosales;0;1;33568;2031
06;Buenos Aires;06189;Coronel Dorrego;0;1;7944;2031
06;Buenos Aires;06196;Coronel Pringles;0;1;12330;2031
06;Buenos Aires;06203;Coronel Suárez;0;1;21065;2031
06;Buenos Aires;06210;Chacabuco;0;1;26523;2031
06;Buenos Aires;06218;Chascomús;0;1;21339;2031
06;Buenos Aires;06224;Chivilcoy;0;1;36083;2031
06;Buenos Aires;06231;Daireaux;0;1;9175;2031
06;Buenos Aires;06238;Dolores;0;1;15984;2031
06;Buenos Aires;06277;Florentino Ameghino;0;1;5386;2031
06;Buenos Aires;06280;General Alvarado;0;1;22945;2031
06;Buenos Aires;06287;General Alvear;0;1;5157;2031
06;Buenos Aires;06294;General Arenales;0;1;8172;2031
06;Buenos Aires;06301;General Belgrano;0;1;10407;2031
06;Buenos Aires;06308;General Guido;0;1;1554;2031
06;Buenos Aires;06315;General Juan Madariaga;0;1;11523;2031
06;Buenos Aires;06322;General La Madrid;0;1;5806;2031
06;Buenos Aires;06329;General Las Heras;0;1;9069;2031
06;Buenos Aires;06336;General Lavalle;0;1;2424;2031
06;Buenos Aires;06343;General Paz;0;1;7000;2031
06;Buenos Aires;06351;General Pinto;0;1;6412;2031
06;Buenos Aires;06357;General Pueyrredón;0;1;341739;2031
06;Buenos Aires;06385;General Viamonte;0;1;11474;2031
06;Buenos Aires;06392;General Villegas;0;1;17413;2031
06;Buenos Aires;06399;Guaminí;0;1;5763;2031
06;Buenos Aires;06406;Hipólito Yrigoyen;0;1;5272;2031
06;Buenos Aires;06413;Junín;0;1;51927;2031
06;Buenos Aires;06420;La Costa;0;1;51197;2031
06;Buenos Aires;06448;Laprida;0;1;5895;2031
06;Buenos Aires;06455;Las Flores;0;1;13656;2031
06;Buenos Aires;06462;Leandro N. Alem;0;1;8600;2031
06;Buenos Aires;06466;Lezama;0;1;3136;2031
06;Buenos Aires;06469;Lincoln;0;1;22757;2031
06;Buenos Aires;06476;Lobería;0;1;8985;2031
06;Buenos Aires;06483;Lobos;0;1;20925;2031
06;Buenos Aires;06505;Magdalena;0;1;11552;2031
06;Buenos Aires;06511;Maipú;0;1;5764;2031
06;Buenos Aires;06518;Mar Chiquita;0;1;16484;2031
06;Buenos Aires;06532;Mercedes;0;1;36432;2031
06;Buenos Aires;06547;Monte;0;1;12310;2031
06;Buenos Aires;06553;Monte Hermoso;0;1;4209;2031
06;Buenos Aires;06574;Navarro;0;1;9760;2031
06;Buenos Aires;06581;Necochea;0;1;52211;2031
06;Buenos Aires;06588;9 de Julio;0;1;26309;2031
06;Buenos Aires;06595;Olavarría;0;1;62093;2031
06;Buenos Aires;06602;Patagones;0;1;18790;2031
06;Buenos Aires;06609;Pehuajó;0;1;22775;2031
06;Buenos Aires;06616;Pellegrini;0;1;3574;2031
06;Buenos Aires;06623;Pergamino;0;1;58650;2031
06;Buenos Aires;06630;Pila;0;1;2309;2031
06;Buenos Aires;06644;Pinamar;0;1;19621;2031
06;Buenos Aires;06651;Puán;0;1;8219;2031
06;Buenos Aires;06655;Punta Indio;0;1;6116;2031
06;Buenos Aires;06665;Ramallo;0;1;19863;2031
06;Buenos Aires;06672;Rauch;0;1;8205;2031
06;Buenos Aires;06679;Rivadavia;0;1;9790;2031
06;Buenos Aires;06686;Rojas;0;1;12878;2031
06;Buenos Aires;06693;Roque Pérez;0;1;6919;2031
06;Buenos Aires;06700;Saavedra;0;1;10793;2031
06;Buenos Aires;06707;Saladillo;0;1;17649;2031
06;Buenos Aires;06714;Salto;0;1;19692;2031
06;Buenos Aires;06721;Salliqueló;0;1;4663;2031
06;Buenos Aires;06728;San Andrés de Giles;0;1;13045;2031
06;Buenos Aires;06735;San Antonio de Areco;0;1;13523;2031
06;Buenos Aires;06742;San Cayetano;0;1;4461;2031
06;Buenos Aires;06763;San Nicolás;0;1;84453;2031
06;Buenos Aires;06770;San Pedro;0;1;34416;2031
06;Buenos Aires;06784;Suipacha;0;1;5887;2031
06;Buenos Aires;06791;Tandil;0;1;74044;2031
06;Buenos Aires;06798;Tapalqué;0;1;5289;2031
06;Buenos Aires;06812;Tordillo;0;1;1205;2031
06;Buenos Aires;06819;Tornquist;0;1;7314;2031
06;Buenos Aires;06826;Trenque Lauquen;0;1;24612;2031
06;Buenos Aires;06833;Tres Arroyos;0;1;31285;2031
06;Buenos Aires;06847;Tres Lomas;0;1;4479;2031
06;Buenos Aires;06854;25 de Mayo;0;1;17615;2031
06;Buenos Aires;06868;Villa Gesell;0;1;18965;2031
06;Buenos Aires;06875;Villarino;0;1;15908;2031
06;Buenos Aires;06028;Almirante Brown;1;1;295106;2032
06;Buenos Aires;06035;Avellaneda;1;1;188571;2032
06;Buenos Aires;06091;Berazategui;1;1;180963;2032
06;Buenos Aires;06098;Berisso;1;1;51405;2032
06;Buenos Aires;06119;Brandsen;1;1;16283;2032
06;Buenos Aires;06126;Campana;1;1;53928;2032
06;Buenos Aires;06134;Cañuelas;1;1;35418;2032
06;Buenos Aires;06245;Ensenada;1;1;32406;2032
06;Buenos Aires;06252;Escobar;1;1;127755;2032
06;Buenos Aires;06260;Esteban Echeverría;1;1;170442;2032
06;Buenos Aires;06266;Exaltación de la Cruz;1;1;19896;2032
06;Buenos Aires;06270;Ezeiza;1;1;100195;2032
06;Buenos Aires;06274;Florencio Varela;1;1;244264;2032
06;Buenos Aires;06364;General Rodríguez;1;1;71120;2032
06;Buenos Aires;06371;General San Martín;1;1;228337;2032
06;Buenos Aires;06408;Hurlingham;1;1;94114;2032
06;Buenos Aires;06410;Ituzaingó;1;1;90814;2032
06;Buenos Aires;06412;José C. Paz;1;1;164290;2032
06;Buenos Aires;06427;La Matanza;1;1;931293;2032
06;Buenos Aires;06434;Lanús;1;1;235767;2032
06;Buenos Aires;06441;La Plata;1;1;388872;2032
06;Buenos Aires;06490;Lomas de Zamora;1;1;348598;2032
06;Buenos Aires;06497;Luján;1;1;55828;2032
06;Buenos Aires;06515;Malvinas Argentinas;1;1;175805;2032
06;Buenos Aires;06525;Marcos Paz;1;1;32368;2032
06;Buenos Aires;06539;Merlo;1;1;292395;2032
06;Buenos Aires;06560;Moreno;1;1;287776;2032
06;Buenos Aires;06568;Morón;1;1;170074;2032
06;Buenos Aires;06638;Pilar;1;1;197458;2032
06;Buenos Aires;06648;Presidente Perón;1;1;51240;2032
06;Buenos Aires;06658;Quilmes;1;1;320396;2032
06;Buenos Aires;06749;San Fernando;1;1;87535;2032
06;Buenos Aires;06756;San Isidro;1;1;153626;2032
06;Buenos Aires;06760;San Miguel;1;1;166137;2032
06;Buenos Aires;06778;San Vicente;1;1;49420;2032
06;Buenos Aires;06805;Tigre;1;1;225474;2032
06;Buenos Aires;06840;Tres de Febrero;1;1;186689;2032
06;Buenos Aires;06861;Vicente López;1;1;146735;2032
06;Buenos Aires;06882;Zárate;1;1;65888;2032
06;Buenos Aires;06007;Adolfo Alsina;0;1;8533;2032
06;Buenos Aires;06014;Adolfo Gonzales Chaves;0;1;6462;2032
06;Buenos Aires;06021;Alberti;0;1;6562;2032
06;Buenos Aires;06042;Ayacucho;0;1;10975;2032
06;Buenos Aires;06049;Azul;0;1;38260;2032
06;Buenos Aires;06056;Bahía Blanca;0;1;171591;2032
06;Buenos Aires;06063;Balcarce;0;1;24550;2032
06;Buenos Aires;06070;Baradero;0;1;19745;2032
06;Buenos Aires;06077;Arrecifes;0;1;16326;2032
06;Buenos Aires;06084;Benito Juárez;0;1;10631;2032
06;Buenos Aires;06105;Bolívar;0;1;18831;2032
06;Buenos Aires;06112;Bragado;0;1;23396;2032
06;Buenos Aires;06140;Capitán Sarmiento;0;1;8053;2032
06;Buenos Aires;06147;Carlos Casares;0;1;11405;2032
06;Buenos Aires;06154;Carlos Tejedor;0;1;6934;2032
06;Buenos Aires;06161;Carmen de Areco;0;1;8610;2032
06;Buenos Aires;06168;Castelli;0;1;4779;2032
06;Buenos Aires;06175;Colón;0;1;13793;2032
06;Buenos Aires;06182;Coronel de Marina Leonardo Rosales;0;1;33571;2032
06;Buenos Aires;06189;Coronel Dorrego;0;1;7944;2032
06;Buenos Aires;06196;Coronel Pringles;0;1;12331;2032
06;Buenos Aires;06203;Coronel Suárez;0;1;21068;2032
06;Buenos Aires;06210;Chacabuco;0;1;26525;2032
06;Buenos Aires;06218;Chascomús;0;1;21343;2032
06;Buenos Aires;06224;Chivilcoy;0;1;36088;2032
06;Buenos Aires;06231;Daireaux;0;1;9176;2032
06;Buenos Aires;06238;Dolores;0;1;15987;2032
06;Buenos Aires;06277;Florentino Ameghino;0;1;5387;2032
06;Buenos Aires;06280;General Alvarado;0;1;22950;2032
06;Buenos Aires;06287;General Alvear;0;1;5158;2032
06;Buenos Aires;06294;General Arenales;0;1;8173;2032
06;Buenos Aires;06301;General Belgrano;0;1;10409;2032
06;Buenos Aires;06308;General Guido;0;1;1555;2032
06;Buenos Aires;06315;General Juan Madariaga;0;1;11526;2032
06;Buenos Aires;06322;General La Madrid;0;1;5806;2032
06;Buenos Aires;06329;General Las Heras;0;1;9072;2032
06;Buenos Aires;06336;General Lavalle;0;1;2425;2032
06;Buenos Aires;06343;General Paz;0;1;7002;2032
06;Buenos Aires;06351;General Pinto;0;1;6413;2032
06;Buenos Aires;06357;General Pueyrredón;0;1;341766;2032
06;Buenos Aires;06385;General Viamonte;0;1;11478;2032
06;Buenos Aires;06392;General Villegas;0;1;17417;2032
06;Buenos Aires;06399;Guaminí;0;1;5763;2032
06;Buenos Aires;06406;Hipólito Yrigoyen;0;1;5272;2032
06;Buenos Aires;06413;Junín;0;1;51936;2032
06;Buenos Aires;06420;La Costa;0;1;51227;2032
06;Buenos Aires;06448;Laprida;0;1;5896;2032
06;Buenos Aires;06455;Las Flores;0;1;13658;2032
06;Buenos Aires;06462;Leandro N. Alem;0;1;8599;2032
06;Buenos Aires;06466;Lezama;0;1;3137;2032
06;Buenos Aires;06469;Lincoln;0;1;22759;2032
06;Buenos Aires;06476;Lobería;0;1;8986;2032
06;Buenos Aires;06483;Lobos;0;1;20929;2032
06;Buenos Aires;06505;Magdalena;0;1;11558;2032
06;Buenos Aires;06511;Maipú;0;1;5765;2032
06;Buenos Aires;06518;Mar Chiquita;0;1;16495;2032
06;Buenos Aires;06532;Mercedes;0;1;36440;2032
06;Buenos Aires;06547;Monte;0;1;12313;2032
06;Buenos Aires;06553;Monte Hermoso;0;1;4211;2032
06;Buenos Aires;06574;Navarro;0;1;9762;2032
06;Buenos Aires;06581;Necochea;0;1;52217;2032
06;Buenos Aires;06588;9 de Julio;0;1;26312;2032
06;Buenos Aires;06595;Olavarría;0;1;62103;2032
06;Buenos Aires;06602;Patagones;0;1;18797;2032
06;Buenos Aires;06609;Pehuajó;0;1;22779;2032
06;Buenos Aires;06616;Pellegrini;0;1;3576;2032
06;Buenos Aires;06623;Pergamino;0;1;58655;2032
06;Buenos Aires;06630;Pila;0;1;2310;2032
06;Buenos Aires;06644;Pinamar;0;1;19634;2032
06;Buenos Aires;06651;Puán;0;1;8219;2032
06;Buenos Aires;06655;Punta Indio;0;1;6118;2032
06;Buenos Aires;06665;Ramallo;0;1;19869;2032
06;Buenos Aires;06672;Rauch;0;1;8206;2032
06;Buenos Aires;06679;Rivadavia;0;1;9793;2032
06;Buenos Aires;06686;Rojas;0;1;12880;2032
06;Buenos Aires;06693;Roque Pérez;0;1;6920;2032
06;Buenos Aires;06700;Saavedra;0;1;10794;2032
06;Buenos Aires;06707;Saladillo;0;1;17651;2032
06;Buenos Aires;06714;Salto;0;1;19697;2032
06;Buenos Aires;06721;Salliqueló;0;1;4663;2032
06;Buenos Aires;06728;San Andrés de Giles;0;1;13048;2032
06;Buenos Aires;06735;San Antonio de Areco;0;1;13526;2032
06;Buenos Aires;06742;San Cayetano;0;1;4461;2032
06;Buenos Aires;06763;San Nicolás;0;1;84471;2032
06;Buenos Aires;06770;San Pedro;0;1;34425;2032
06;Buenos Aires;06784;Suipacha;0;1;5889;2032
06;Buenos Aires;06791;Tandil;0;1;74062;2032
06;Buenos Aires;06798;Tapalqué;0;1;5290;2032
06;Buenos Aires;06812;Tordillo;0;1;1206;2032
06;Buenos Aires;06819;Tornquist;0;1;7315;2032
06;Buenos Aires;06826;Trenque Lauquen;0;1;24616;2032
06;Buenos Aires;06833;Tres Arroyos;0;1;31288;2032
06;Buenos Aires;06847;Tres Lomas;0;1;4479;2032
06;Buenos Aires;06854;25 de Mayo;0;1;17613;2032
06;Buenos Aires;06868;Villa Gesell;0;1;18971;2032
06;Buenos Aires;06875;Villarino;0;1;15908;2032
06;Buenos Aires;06028;Almirante Brown;1;1;295135;2033
06;Buenos Aires;06035;Avellaneda;1;1;188589;2033
06;Buenos Aires;06091;Berazategui;1;1;181005;2033
06;Buenos Aires;06098;Berisso;1;1;51421;2033
06;Buenos Aires;06119;Brandsen;1;1;16291;2033
06;Buenos Aires;06126;Campana;1;1;53947;2033
06;Buenos Aires;06134;Cañuelas;1;1;35445;2033
06;Buenos Aires;06245;Ensenada;1;1;32415;2033
06;Buenos Aires;06252;Escobar;1;1;127811;2033
06;Buenos Aires;06260;Esteban Echeverría;1;1;170493;2033
06;Buenos Aires;06266;Exaltación de la Cruz;1;1;19910;2033
06;Buenos Aires;06270;Ezeiza;1;1;100250;2033
06;Buenos Aires;06274;Florencio Varela;1;1;244354;2033
06;Buenos Aires;06364;General Rodríguez;1;1;71201;2033
06;Buenos Aires;06371;General San Martín;1;1;228365;2033
06;Buenos Aires;06408;Hurlingham;1;1;94113;2033
06;Buenos Aires;06410;Ituzaingó;1;1;90824;2033
06;Buenos Aires;06412;José C. Paz;1;1;164376;2033
06;Buenos Aires;06427;La Matanza;1;1;931494;2033
06;Buenos Aires;06434;Lanús;1;1;235749;2033
06;Buenos Aires;06441;La Plata;1;1;389012;2033
06;Buenos Aires;06490;Lomas de Zamora;1;1;348675;2033
06;Buenos Aires;06497;Luján;1;1;55832;2033
06;Buenos Aires;06515;Malvinas Argentinas;1;1;175838;2033
06;Buenos Aires;06525;Marcos Paz;1;1;32386;2033
06;Buenos Aires;06539;Merlo;1;1;292446;2033
06;Buenos Aires;06560;Moreno;1;1;287834;2033
06;Buenos Aires;06568;Morón;1;1;170073;2033
06;Buenos Aires;06638;Pilar;1;1;197597;2033
06;Buenos Aires;06648;Presidente Perón;1;1;51271;2033
06;Buenos Aires;06658;Quilmes;1;1;320445;2033
06;Buenos Aires;06749;San Fernando;1;1;87541;2033
06;Buenos Aires;06756;San Isidro;1;1;153620;2033
06;Buenos Aires;06760;San Miguel;1;1;166206;2033
06;Buenos Aires;06778;San Vicente;1;1;49477;2033
06;Buenos Aires;06805;Tigre;1;1;225574;2033
06;Buenos Aires;06840;Tres de Febrero;1;1;186707;2033
06;Buenos Aires;06861;Vicente López;1;1;146738;2033
06;Buenos Aires;06882;Zárate;1;1;65912;2033
06;Buenos Aires;06007;Adolfo Alsina;0;1;8533;2033
06;Buenos Aires;06014;Adolfo Gonzales Chaves;0;1;6463;2033
06;Buenos Aires;06021;Alberti;0;1;6565;2033
06;Buenos Aires;06042;Ayacucho;0;1;10976;2033
06;Buenos Aires;06049;Azul;0;1;38273;2033
06;Buenos Aires;06056;Bahía Blanca;0;1;171629;2033
06;Buenos Aires;06063;Balcarce;0;1;24556;2033
06;Buenos Aires;06070;Baradero;0;1;19754;2033
06;Buenos Aires;06077;Arrecifes;0;1;16330;2033
06;Buenos Aires;06084;Benito Juárez;0;1;10632;2033
06;Buenos Aires;06105;Bolívar;0;1;18835;2033
06;Buenos Aires;06112;Bragado;0;1;23401;2033
06;Buenos Aires;06140;Capitán Sarmiento;0;1;8055;2033
06;Buenos Aires;06147;Carlos Casares;0;1;11405;2033
06;Buenos Aires;06154;Carlos Tejedor;0;1;6937;2033
06;Buenos Aires;06161;Carmen de Areco;0;1;8614;2033
06;Buenos Aires;06168;Castelli;0;1;4781;2033
06;Buenos Aires;06175;Colón;0;1;13796;2033
06;Buenos Aires;06182;Coronel de Marina Leonardo Rosales;0;1;33575;2033
06;Buenos Aires;06189;Coronel Dorrego;0;1;7943;2033
06;Buenos Aires;06196;Coronel Pringles;0;1;12332;2033
06;Buenos Aires;06203;Coronel Suárez;0;1;21072;2033
06;Buenos Aires;06210;Chacabuco;0;1;26529;2033
06;Buenos Aires;06218;Chascomús;0;1;21350;2033
06;Buenos Aires;06224;Chivilcoy;0;1;36095;2033
06;Buenos Aires;06231;Daireaux;0;1;9178;2033
06;Buenos Aires;06238;Dolores;0;1;15993;2033
06;Buenos Aires;06277;Florentino Ameghino;0;1;5390;2033
06;Buenos Aires;06280;General Alvarado;0;1;22958;2033
06;Buenos Aires;06287;General Alvear;0;1;5158;2033
06;Buenos Aires;06294;General Arenales;0;1;8175;2033
06;Buenos Aires;06301;General Belgrano;0;1;10414;2033
06;Buenos Aires;06308;General Guido;0;1;1555;2033
06;Buenos Aires;06315;General Juan Madariaga;0;1;11529;2033
06;Buenos Aires;06322;General La Madrid;0;1;5807;2033
06;Buenos Aires;06329;General Las Heras;0;1;9076;2033
06;Buenos Aires;06336;General Lavalle;0;1;2427;2033
06;Buenos Aires;06343;General Paz;0;1;7006;2033
06;Buenos Aires;06351;General Pinto;0;1;6415;2033
06;Buenos Aires;06357;General Pueyrredón;0;1;341808;2033
06;Buenos Aires;06385;General Viamonte;0;1;11485;2033
06;Buenos Aires;06392;General Villegas;0;1;17423;2033
06;Buenos Aires;06399;Guaminí;0;1;5762;2033
06;Buenos Aires;06406;Hipólito Yrigoyen;0;1;5273;2033
06;Buenos Aires;06413;Junín;0;1;51949;2033
06;Buenos Aires;06420;La Costa;0;1;51274;2033
06;Buenos Aires;06448;Laprida;0;1;5898;2033
06;Buenos Aires;06455;Las Flores;0;1;13661;2033
06;Buenos Aires;06462;Leandro N. Alem;0;1;8599;2033
06;Buenos Aires;06466;Lezama;0;1;3138;2033
06;Buenos Aires;06469;Lincoln;0;1;22763;2033
06;Buenos Aires;06476;Lobería;0;1;8986;2033
06;Buenos Aires;06483;Lobos;0;1;20935;2033
06;Buenos Aires;06505;Magdalena;0;1;11569;2033
06;Buenos Aires;06511;Maipú;0;1;5766;2033
06;Buenos Aires;06518;Mar Chiquita;0;1;16513;2033
06;Buenos Aires;06532;Mercedes;0;1;36451;2033
06;Buenos Aires;06547;Monte;0;1;12318;2033
06;Buenos Aires;06553;Monte Hermoso;0;1;4214;2033
06;Buenos Aires;06574;Navarro;0;1;9765;2033
06;Buenos Aires;06581;Necochea;0;1;52227;2033
06;Buenos Aires;06588;9 de Julio;0;1;26316;2033
06;Buenos Aires;06595;Olavarría;0;1;62118;2033
06;Buenos Aires;06602;Patagones;0;1;18807;2033
06;Buenos Aires;06609;Pehuajó;0;1;22785;2033
06;Buenos Aires;06616;Pellegrini;0;1;3577;2033
06;Buenos Aires;06623;Pergamino;0;1;58664;2033
06;Buenos Aires;06630;Pila;0;1;2311;2033
06;Buenos Aires;06644;Pinamar;0;1;19654;2033
06;Buenos Aires;06651;Puán;0;1;8219;2033
06;Buenos Aires;06655;Punta Indio;0;1;6121;2033
06;Buenos Aires;06665;Ramallo;0;1;19878;2033
06;Buenos Aires;06672;Rauch;0;1;8207;2033
06;Buenos Aires;06679;Rivadavia;0;1;9798;2033
06;Buenos Aires;06686;Rojas;0;1;12882;2033
06;Buenos Aires;06693;Roque Pérez;0;1;6922;2033
06;Buenos Aires;06700;Saavedra;0;1;10795;2033
06;Buenos Aires;06707;Saladillo;0;1;17654;2033
06;Buenos Aires;06714;Salto;0;1;19706;2033
06;Buenos Aires;06721;Salliqueló;0;1;4664;2033
06;Buenos Aires;06728;San Andrés de Giles;0;1;13052;2033
06;Buenos Aires;06735;San Antonio de Areco;0;1;13531;2033
06;Buenos Aires;06742;San Cayetano;0;1;4462;2033
06;Buenos Aires;06763;San Nicolás;0;1;84498;2033
06;Buenos Aires;06770;San Pedro;0;1;34437;2033
06;Buenos Aires;06784;Suipacha;0;1;5891;2033
06;Buenos Aires;06791;Tandil;0;1;74091;2033
06;Buenos Aires;06798;Tapalqué;0;1;5292;2033
06;Buenos Aires;06812;Tordillo;0;1;1207;2033
06;Buenos Aires;06819;Tornquist;0;1;7318;2033
06;Buenos Aires;06826;Trenque Lauquen;0;1;24624;2033
06;Buenos Aires;06833;Tres Arroyos;0;1;31293;2033
06;Buenos Aires;06847;Tres Lomas;0;1;4480;2033
06;Buenos Aires;06854;25 de Mayo;0;1;17610;2033
06;Buenos Aires;06868;Villa Gesell;0;1;18980;2033
06;Buenos Aires;06875;Villarino;0;1;15910;2033
06;Buenos Aires;06028;Almirante Brown;1;1;295172;2034
06;Buenos Aires;06035;Avellaneda;1;1;188612;2034
06;Buenos Aires;06091;Berazategui;1;1;181060;2034
06;Buenos Aires;06098;Berisso;1;1;51443;2034
06;Buenos Aires;06119;Brandsen;1;1;16303;2034
06;Buenos Aires;06126;Campana;1;1;53972;2034
06;Buenos Aires;06134;Cañuelas;1;1;35482;2034
06;Buenos Aires;06245;Ensenada;1;1;32428;2034
06;Buenos Aires;06252;Escobar;1;1;127885;2034
06;Buenos Aires;06260;Esteban Echeverría;1;1;170561;2034
06;Buenos Aires;06266;Exaltación de la Cruz;1;1;19930;2034
06;Buenos Aires;06270;Ezeiza;1;1;100323;2034
06;Buenos Aires;06274;Florencio Varela;1;1;244474;2034
06;Buenos Aires;06364;General Rodríguez;1;1;71308;2034
06;Buenos Aires;06371;General San Martín;1;1;228403;2034
06;Buenos Aires;06408;Hurlingham;1;1;94112;2034
06;Buenos Aires;06410;Ituzaingó;1;1;90837;2034
06;Buenos Aires;06412;José C. Paz;1;1;164490;2034
06;Buenos Aires;06427;La Matanza;1;1;931761;2034
06;Buenos Aires;06434;Lanús;1;1;235725;2034
06;Buenos Aires;06441;La Plata;1;1;389196;2034
06;Buenos Aires;06490;Lomas de Zamora;1;1;348777;2034
06;Buenos Aires;06497;Luján;1;1;55837;2034
06;Buenos Aires;06515;Malvinas Argentinas;1;1;175883;2034
06;Buenos Aires;06525;Marcos Paz;1;1;32409;2034
06;Buenos Aires;06539;Merlo;1;1;292512;2034
06;Buenos Aires;06560;Moreno;1;1;287911;2034
06;Buenos Aires;06568;Morón;1;1;170072;2034
06;Buenos Aires;06638;Pilar;1;1;197780;2034
06;Buenos Aires;06648;Presidente Perón;1;1;51311;2034
06;Buenos Aires;06658;Quilmes;1;1;320511;2034
06;Buenos Aires;06749;San Fernando;1;1;87549;2034
06;Buenos Aires;06756;San Isidro;1;1;153613;2034
06;Buenos Aires;06760;San Miguel;1;1;166298;2034
06;Buenos Aires;06778;San Vicente;1;1;49553;2034
06;Buenos Aires;06805;Tigre;1;1;225705;2034
06;Buenos Aires;06840;Tres de Febrero;1;1;186732;2034
06;Buenos Aires;06861;Vicente López;1;1;146742;2034
06;Buenos Aires;06882;Zárate;1;1;65944;2034
06;Buenos Aires;06007;Adolfo Alsina;0;1;8532;2034
06;Buenos Aires;06014;Adolfo Gonzales Chaves;0;1;6464;2034
06;Buenos Aires;06021;Alberti;0;1;6569;2034
06;Buenos Aires;06042;Ayacucho;0;1;10978;2034
06;Buenos Aires;06049;Azul;0;1;38289;2034
06;Buenos Aires;06056;Bahía Blanca;0;1;171680;2034
06;Buenos Aires;06063;Balcarce;0;1;24564;2034
06;Buenos Aires;06070;Baradero;0;1;19766;2034
06;Buenos Aires;06077;Arrecifes;0;1;16334;2034
06;Buenos Aires;06084;Benito Juárez;0;1;10634;2034
06;Buenos Aires;06105;Bolívar;0;1;18840;2034
06;Buenos Aires;06112;Bragado;0;1;23408;2034
06;Buenos Aires;06140;Capitán Sarmiento;0;1;8057;2034
06;Buenos Aires;06147;Carlos Casares;0;1;11404;2034
06;Buenos Aires;06154;Carlos Tejedor;0;1;6942;2034
06;Buenos Aires;06161;Carmen de Areco;0;1;8619;2034
06;Buenos Aires;06168;Castelli;0;1;4783;2034
06;Buenos Aires;06175;Colón;0;1;13799;2034
06;Buenos Aires;06182;Coronel de Marina Leonardo Rosales;0;1;33581;2034
06;Buenos Aires;06189;Coronel Dorrego;0;1;7942;2034
06;Buenos Aires;06196;Coronel Pringles;0;1;12334;2034
06;Buenos Aires;06203;Coronel Suárez;0;1;21077;2034
06;Buenos Aires;06210;Chacabuco;0;1;26534;2034
06;Buenos Aires;06218;Chascomús;0;1;21360;2034
06;Buenos Aires;06224;Chivilcoy;0;1;36104;2034
06;Buenos Aires;06231;Daireaux;0;1;9180;2034
06;Buenos Aires;06238;Dolores;0;1;16000;2034
06;Buenos Aires;06277;Florentino Ameghino;0;1;5394;2034
06;Buenos Aires;06280;General Alvarado;0;1;22968;2034
06;Buenos Aires;06287;General Alvear;0;1;5159;2034
06;Buenos Aires;06294;General Arenales;0;1;8176;2034
06;Buenos Aires;06301;General Belgrano;0;1;10419;2034
06;Buenos Aires;06308;General Guido;0;1;1556;2034
06;Buenos Aires;06315;General Juan Madariaga;0;1;11534;2034
06;Buenos Aires;06322;General La Madrid;0;1;5808;2034
06;Buenos Aires;06329;General Las Heras;0;1;9081;2034
06;Buenos Aires;06336;General Lavalle;0;1;2430;2034
06;Buenos Aires;06343;General Paz;0;1;7011;2034
06;Buenos Aires;06351;General Pinto;0;1;6418;2034
06;Buenos Aires;06357;General Pueyrredón;0;1;341863;2034
06;Buenos Aires;06385;General Viamonte;0;1;11493;2034
06;Buenos Aires;06392;General Villegas;0;1;17430;2034
06;Buenos Aires;06399;Guaminí;0;1;5762;2034
06;Buenos Aires;06406;Hipólito Yrigoyen;0;1;5275;2034
06;Buenos Aires;06413;Junín;0;1;51967;2034
06;Buenos Aires;06420;La Costa;0;1;51336;2034
06;Buenos Aires;06448;Laprida;0;1;5900;2034
06;Buenos Aires;06455;Las Flores;0;1;13666;2034
06;Buenos Aires;06462;Leandro N. Alem;0;1;8599;2034
06;Buenos Aires;06466;Lezama;0;1;3139;2034
06;Buenos Aires;06469;Lincoln;0;1;22767;2034
06;Buenos Aires;06476;Lobería;0;1;8987;2034
06;Buenos Aires;06483;Lobos;0;1;20943;2034
06;Buenos Aires;06505;Magdalena;0;1;11582;2034
06;Buenos Aires;06511;Maipú;0;1;5767;2034
06;Buenos Aires;06518;Mar Chiquita;0;1;16536;2034
06;Buenos Aires;06532;Mercedes;0;1;36467;2034
06;Buenos Aires;06547;Monte;0;1;12324;2034
06;Buenos Aires;06553;Monte Hermoso;0;1;4218;2034
06;Buenos Aires;06574;Navarro;0;1;9770;2034
06;Buenos Aires;06581;Necochea;0;1;52239;2034
06;Buenos Aires;06588;9 de Julio;0;1;26321;2034
06;Buenos Aires;06595;Olavarría;0;1;62138;2034
06;Buenos Aires;06602;Patagones;0;1;18821;2034
06;Buenos Aires;06609;Pehuajó;0;1;22793;2034
06;Buenos Aires;06616;Pellegrini;0;1;3580;2034
06;Buenos Aires;06623;Pergamino;0;1;58674;2034
06;Buenos Aires;06630;Pila;0;1;2313;2034
06;Buenos Aires;06644;Pinamar;0;1;19680;2034
06;Buenos Aires;06651;Puán;0;1;8220;2034
06;Buenos Aires;06655;Punta Indio;0;1;6126;2034
06;Buenos Aires;06665;Ramallo;0;1;19890;2034
06;Buenos Aires;06672;Rauch;0;1;8209;2034
06;Buenos Aires;06679;Rivadavia;0;1;9805;2034
06;Buenos Aires;06686;Rojas;0;1;12885;2034
06;Buenos Aires;06693;Roque Pérez;0;1;6925;2034
06;Buenos Aires;06700;Saavedra;0;1;10797;2034
06;Buenos Aires;06707;Saladillo;0;1;17658;2034
06;Buenos Aires;06714;Salto;0;1;19717;2034
06;Buenos Aires;06721;Salliqueló;0;1;4664;2034
06;Buenos Aires;06728;San Andrés de Giles;0;1;13058;2034
06;Buenos Aires;06735;San Antonio de Areco;0;1;13537;2034
06;Buenos Aires;06742;San Cayetano;0;1;4462;2034
06;Buenos Aires;06763;San Nicolás;0;1;84533;2034
06;Buenos Aires;06770;San Pedro;0;1;34454;2034
06;Buenos Aires;06784;Suipacha;0;1;5894;2034
06;Buenos Aires;06791;Tandil;0;1;74129;2034
06;Buenos Aires;06798;Tapalqué;0;1;5294;2034
06;Buenos Aires;06812;Tordillo;0;1;1209;2034
06;Buenos Aires;06819;Tornquist;0;1;7321;2034
06;Buenos Aires;06826;Trenque Lauquen;0;1;24633;2034
06;Buenos Aires;06833;Tres Arroyos;0;1;31299;2034
06;Buenos Aires;06847;Tres Lomas;0;1;4481;2034
06;Buenos Aires;06854;25 de Mayo;0;1;17606;2034
06;Buenos Aires;06868;Villa Gesell;0;1;18992;2034
06;Buenos Aires;06875;Villarino;0;1;15912;2034
06;Buenos Aires;06028;Almirante Brown;1;1;295219;2035
06;Buenos Aires;06035;Avellaneda;1;1;188642;2035
06;Buenos Aires;06091;Berazategui;1;1;181129;2035
06;Buenos Aires;06098;Berisso;1;1;51470;2035
06;Buenos Aires;06119;Brandsen;1;1;16317;2035
06;Buenos Aires;06126;Campana;1;1;54004;2035
06;Buenos Aires;06134;Cañuelas;1;1;35529;2035
06;Buenos Aires;06245;Ensenada;1;1;32444;2035
06;Buenos Aires;06252;Escobar;1;1;127979;2035
06;Buenos Aires;06260;Esteban Echeverría;1;1;170646;2035
06;Buenos Aires;06266;Exaltación de la Cruz;1;1;19955;2035
06;Buenos Aires;06270;Ezeiza;1;1;100414;2035
06;Buenos Aires;06274;Florencio Varela;1;1;244625;2035
06;Buenos Aires;06364;General Rodríguez;1;1;71444;2035
06;Buenos Aires;06371;General San Martín;1;1;228451;2035
06;Buenos Aires;06408;Hurlingham;1;1;94111;2035
06;Buenos Aires;06410;Ituzaingó;1;1;90853;2035
06;Buenos Aires;06412;José C. Paz;1;1;164633;2035
06;Buenos Aires;06427;La Matanza;1;1;932096;2035
06;Buenos Aires;06434;Lanús;1;1;235695;2035
06;Buenos Aires;06441;La Plata;1;1;389428;2035
06;Buenos Aires;06490;Lomas de Zamora;1;1;348905;2035
06;Buenos Aires;06497;Luján;1;1;55843;2035
06;Buenos Aires;06515;Malvinas Argentinas;1;1;175938;2035
06;Buenos Aires;06525;Marcos Paz;1;1;32438;2035
06;Buenos Aires;06539;Merlo;1;1;292596;2035
06;Buenos Aires;06560;Moreno;1;1;288009;2035
06;Buenos Aires;06568;Morón;1;1;170071;2035
06;Buenos Aires;06638;Pilar;1;1;198012;2035
06;Buenos Aires;06648;Presidente Perón;1;1;51363;2035
06;Buenos Aires;06658;Quilmes;1;1;320593;2035
06;Buenos Aires;06749;San Fernando;1;1;87559;2035
06;Buenos Aires;06756;San Isidro;1;1;153603;2035
06;Buenos Aires;06760;San Miguel;1;1;166414;2035
06;Buenos Aires;06778;San Vicente;1;1;49649;2035
06;Buenos Aires;06805;Tigre;1;1;225871;2035
06;Buenos Aires;06840;Tres de Febrero;1;1;186762;2035
06;Buenos Aires;06861;Vicente López;1;1;146746;2035
06;Buenos Aires;06882;Zárate;1;1;65985;2035
06;Buenos Aires;06007;Adolfo Alsina;0;1;8531;2035
06;Buenos Aires;06014;Adolfo Gonzales Chaves;0;1;6465;2035
06;Buenos Aires;06021;Alberti;0;1;6574;2035
06;Buenos Aires;06042;Ayacucho;0;1;10981;2035
06;Buenos Aires;06049;Azul;0;1;38311;2035
06;Buenos Aires;06056;Bahía Blanca;0;1;171744;2035
06;Buenos Aires;06063;Balcarce;0;1;24574;2035
06;Buenos Aires;06070;Baradero;0;1;19781;2035
06;Buenos Aires;06077;Arrecifes;0;1;16339;2035
06;Buenos Aires;06084;Benito Juárez;0;1;10637;2035
06;Buenos Aires;06105;Bolívar;0;1;18847;2035
06;Buenos Aires;06112;Bragado;0;1;23417;2035
06;Buenos Aires;06140;Capitán Sarmiento;0;1;8059;2035
06;Buenos Aires;06147;Carlos Casares;0;1;11404;2035
06;Buenos Aires;06154;Carlos Tejedor;0;1;6947;2035
06;Buenos Aires;06161;Carmen de Areco;0;1;8624;2035
06;Buenos Aires;06168;Castelli;0;1;4785;2035
06;Buenos Aires;06175;Colón;0;1;13804;2035
06;Buenos Aires;06182;Coronel de Marina Leonardo Rosales;0;1;33588;2035
06;Buenos Aires;06189;Coronel Dorrego;0;1;7941;2035
06;Buenos Aires;06196;Coronel Pringles;0;1;12335;2035
06;Buenos Aires;06203;Coronel Suárez;0;1;21083;2035
06;Buenos Aires;06210;Chacabuco;0;1;26540;2035
06;Buenos Aires;06218;Chascomús;0;1;21372;2035
06;Buenos Aires;06224;Chivilcoy;0;1;36115;2035
06;Buenos Aires;06231;Daireaux;0;1;9183;2035
06;Buenos Aires;06238;Dolores;0;1;16009;2035
06;Buenos Aires;06277;Florentino Ameghino;0;1;5398;2035
06;Buenos Aires;06280;General Alvarado;0;1;22981;2035
06;Buenos Aires;06287;General Alvear;0;1;5161;2035
06;Buenos Aires;06294;General Arenales;0;1;8179;2035
06;Buenos Aires;06301;General Belgrano;0;1;10427;2035
06;Buenos Aires;06308;General Guido;0;1;1557;2035
06;Buenos Aires;06315;General Juan Madariaga;0;1;11540;2035
06;Buenos Aires;06322;General La Madrid;0;1;5810;2035
06;Buenos Aires;06329;General Las Heras;0;1;9088;2035
06;Buenos Aires;06336;General Lavalle;0;1;2433;2035
06;Buenos Aires;06343;General Paz;0;1;7018;2035
06;Buenos Aires;06351;General Pinto;0;1;6422;2035
06;Buenos Aires;06357;General Pueyrredón;0;1;341932;2035
06;Buenos Aires;06385;General Viamonte;0;1;11504;2035
06;Buenos Aires;06392;General Villegas;0;1;17440;2035
06;Buenos Aires;06399;Guaminí;0;1;5761;2035
06;Buenos Aires;06406;Hipólito Yrigoyen;0;1;5277;2035
06;Buenos Aires;06413;Junín;0;1;51990;2035
06;Buenos Aires;06420;La Costa;0;1;51413;2035
06;Buenos Aires;06448;Laprida;0;1;5903;2035
06;Buenos Aires;06455;Las Flores;0;1;13672;2035
06;Buenos Aires;06462;Leandro N. Alem;0;1;8598;2035
06;Buenos Aires;06466;Lezama;0;1;3141;2035
06;Buenos Aires;06469;Lincoln;0;1;22773;2035
06;Buenos Aires;06476;Lobería;0;1;8987;2035
06;Buenos Aires;06483;Lobos;0;1;20954;2035
06;Buenos Aires;06505;Magdalena;0;1;11599;2035
06;Buenos Aires;06511;Maipú;0;1;5769;2035
06;Buenos Aires;06518;Mar Chiquita;0;1;16564;2035
06;Buenos Aires;06532;Mercedes;0;1;36486;2035
06;Buenos Aires;06547;Monte;0;1;12332;2035
06;Buenos Aires;06553;Monte Hermoso;0;1;4223;2035
06;Buenos Aires;06574;Navarro;0;1;9775;2035
06;Buenos Aires;06581;Necochea;0;1;52255;2035
06;Buenos Aires;06588;9 de Julio;0;1;26329;2035
06;Buenos Aires;06595;Olavarría;0;1;62163;2035
06;Buenos Aires;06602;Patagones;0;1;18838;2035
06;Buenos Aires;06609;Pehuajó;0;1;22803;2035
06;Buenos Aires;06616;Pellegrini;0;1;3582;2035
06;Buenos Aires;06623;Pergamino;0;1;58688;2035
06;Buenos Aires;06630;Pila;0;1;2316;2035
06;Buenos Aires;06644;Pinamar;0;1;19713;2035
06;Buenos Aires;06651;Puán;0;1;8220;2035
06;Buenos Aires;06655;Punta Indio;0;1;6132;2035
06;Buenos Aires;06665;Ramallo;0;1;19905;2035
06;Buenos Aires;06672;Rauch;0;1;8211;2035
06;Buenos Aires;06679;Rivadavia;0;1;9813;2035
06;Buenos Aires;06686;Rojas;0;1;12888;2035
06;Buenos Aires;06693;Roque Pérez;0;1;6928;2035
06;Buenos Aires;06700;Saavedra;0;1;10799;2035
06;Buenos Aires;06707;Saladillo;0;1;17664;2035
06;Buenos Aires;06714;Salto;0;1;19732;2035
06;Buenos Aires;06721;Salliqueló;0;1;4665;2035
06;Buenos Aires;06728;San Andrés de Giles;0;1;13065;2035
06;Buenos Aires;06735;San Antonio de Areco;0;1;13545;2035
06;Buenos Aires;06742;San Cayetano;0;1;4463;2035
06;Buenos Aires;06763;San Nicolás;0;1;84578;2035
06;Buenos Aires;06770;San Pedro;0;1;34474;2035
06;Buenos Aires;06784;Suipacha;0;1;5898;2035
06;Buenos Aires;06791;Tandil;0;1;74176;2035
06;Buenos Aires;06798;Tapalqué;0;1;5297;2035
06;Buenos Aires;06812;Tordillo;0;1;1210;2035
06;Buenos Aires;06819;Tornquist;0;1;7326;2035
06;Buenos Aires;06826;Trenque Lauquen;0;1;24646;2035
06;Buenos Aires;06833;Tres Arroyos;0;1;31307;2035
06;Buenos Aires;06847;Tres Lomas;0;1;4482;2035
06;Buenos Aires;06854;25 de Mayo;0;1;17600;2035
06;Buenos Aires;06868;Villa Gesell;0;1;19007;2035
06;Buenos Aires;06875;Villarino;0;1;15914;2035
02;CABA;02007;Comuna 1;1;2;118999;2022
02;CABA;02014;Comuna 2;1;2;67101;2022
02;CABA;02021;Comuna 3;1;2;88846;2022
02;CABA;02028;Comuna 4;1;2;114404;2022
02;CABA;02035;Comuna 5;1;2;85992;2022
02;CABA;02042;Comuna 6;1;2;83833;2022
02;CABA;02049;Comuna 7;1;2;115606;2022
02;CABA;02056;Comuna 8;1;2;109211;2022
02;CABA;02063;Comuna 9;1;2;79741;2022
02;CABA;02070;Comuna 10;1;2;79585;2022
02;CABA;02077;Comuna 11;1;2;91581;2022
02;CABA;02084;Comuna 12;1;2;101560;2022
02;CABA;02091;Comuna 13;1;2;110768;2022
02;CABA;02098;Comuna 14;1;2;105131;2022
02;CABA;02105;Comuna 15;1;2;88477;2022
02;CABA;02007;Comuna 1;1;2;119056;2023
02;CABA;02014;Comuna 2;1;2;66632;2023
02;CABA;02021;Comuna 3;1;2;88182;2023
02;CABA;02028;Comuna 4;1;2;113923;2023
02;CABA;02035;Comuna 5;1;2;85542;2023
02;CABA;02042;Comuna 6;1;2;83352;2023
02;CABA;02049;Comuna 7;1;2;115273;2023
02;CABA;02056;Comuna 8;1;2;109328;2023
02;CABA;02063;Comuna 9;1;2;79109;2023
02;CABA;02070;Comuna 10;1;2;79089;2023
02;CABA;02077;Comuna 11;1;2;91155;2023
02;CABA;02084;Comuna 12;1;2;101193;2023
02;CABA;02091;Comuna 13;1;2;110367;2023
02;CABA;02098;Comuna 14;1;2;105199;2023
02;CABA;02105;Comuna 15;1;2;88161;2023
02;CABA;02007;Comuna 1;1;2;119113;2024
02;CABA;02014;Comuna 2;1;2;66169;2024
02;CABA;02021;Comuna 3;1;2;87528;2024
02;CABA;02028;Comuna 4;1;2;113451;2024
02;CABA;02035;Comuna 5;1;2;85099;2024
02;CABA;02042;Comuna 6;1;2;82879;2024
02;CABA;02049;Comuna 7;1;2;114945;2024
02;CABA;02056;Comuna 8;1;2;109448;2024
02;CABA;02063;Comuna 9;1;2;78485;2024
02;CABA;02070;Comuna 10;1;2;78600;2024
02;CABA;02077;Comuna 11;1;2;90737;2024
02;CABA;02084;Comuna 12;1;2;100833;2024
02;CABA;02091;Comuna 13;1;2;109975;2024
02;CABA;02098;Comuna 14;1;2;105267;2024
02;CABA;02105;Comuna 15;1;2;87850;2024
02;CABA;02007;Comuna 1;1;2;119169;2025
02;CABA;02014;Comuna 2;1;2;65718;2025
02;CABA;02021;Comuna 3;1;2;86889;2025
02;CABA;02028;Comuna 4;1;2;112998;2025
02;CABA;02035;Comuna 5;1;2;84671;2025
02;CABA;02042;Comuna 6;1;2;82420;2025
02;CABA;02049;Comuna 7;1;2;114629;2025
02;CABA;02056;Comuna 8;1;2;109567;2025
02;CABA;02063;Comuna 9;1;2;77878;2025
02;CABA;02070;Comuna 10;1;2;78124;2025
02;CABA;02077;Comuna 11;1;2;90334;2025
02;CABA;02084;Comuna 12;1;2;100487;2025
02;CABA;02091;Comuna 13;1;2;109598;2025
02;CABA;02098;Comuna 14;1;2;105332;2025
02;CABA;02105;Comuna 15;1;2;87552;2025
02;CABA;02007;Comuna 1;1;2;119224;2026
02;CABA;02014;Comuna 2;1;2;65275;2026
02;CABA;02021;Comuna 3;1;2;86263;2026
02;CABA;02028;Comuna 4;1;2;112557;2026
02;CABA;02035;Comuna 5;1;2;84253;2026
02;CABA;02042;Comuna 6;1;2;81971;2026
02;CABA;02049;Comuna 7;1;2;114320;2026
02;CABA;02056;Comuna 8;1;2;109687;2026
02;CABA;02063;Comuna 9;1;2;77282;2026
02;CABA;02070;Comuna 10;1;2;77658;2026
02;CABA;02077;Comuna 11;1;2;89942;2026
02;CABA;02084;Comuna 12;1;2;100151;2026
02;CABA;02091;Comuna 13;1;2;109231;2026
02;CABA;02098;Comuna 14;1;2;105396;2026
02;CABA;02105;Comuna 15;1;2;87263;2026
02;CABA;02007;Comuna 1;1;2;119280;2027
02;CABA;02014;Comuna 2;1;2;64832;2027
02;CABA;02021;Comuna 3;1;2;85637;2027
02;CABA;02028;Comuna 4;1;2;112112;2027
02;CABA;02035;Comuna 5;1;2;83833;2027
02;CABA;02042;Comuna 6;1;2;81520;2027
02;CABA;02049;Comuna 7;1;2;114001;2027
02;CABA;02056;Comuna 8;1;2;109820;2027
02;CABA;02063;Comuna 9;1;2;76688;2027
02;CABA;02070;Comuna 10;1;2;77191;2027
02;CABA;02077;Comuna 11;1;2;89547;2027
02;CABA;02084;Comuna 12;1;2;99809;2027
02;CABA;02091;Comuna 13;1;2;108859;2027
02;CABA;02098;Comuna 14;1;2;105460;2027
02;CABA;02105;Comuna 15;1;2;86968;2027
02;CABA;02007;Comuna 1;1;2;119335;2028
02;CABA;02014;Comuna 2;1;2;64394;2028
02;CABA;02021;Comuna 3;1;2;85019;2028
02;CABA;02028;Comuna 4;1;2;111673;2028
02;CABA;02035;Comuna 5;1;2;83418;2028
02;CABA;02042;Comuna 6;1;2;81073;2028
02;CABA;02049;Comuna 7;1;2;113682;2028
02;CABA;02056;Comuna 8;1;2;109957;2028
02;CABA;02063;Comuna 9;1;2;76102;2028
02;CABA;02070;Comuna 10;1;2;76728;2028
02;CABA;02077;Comuna 11;1;2;89157;2028
02;CABA;02084;Comuna 12;1;2;99471;2028
02;CABA;02091;Comuna 13;1;2;108490;2028
02;CABA;02098;Comuna 14;1;2;105525;2028
02;CABA;02105;Comuna 15;1;2;86676;2028
02;CABA;02007;Comuna 1;1;2;119390;2029
02;CABA;02014;Comuna 2;1;2;63963;2029
02;CABA;02021;Comuna 3;1;2;84412;2029
02;CABA;02028;Comuna 4;1;2;111242;2029
02;CABA;02035;Comuna 5;1;2;83010;2029
02;CABA;02042;Comuna 6;1;2;80634;2029
02;CABA;02049;Comuna 7;1;2;113366;2029
02;CABA;02056;Comuna 8;1;2;110099;2029
02;CABA;02063;Comuna 9;1;2;75527;2029
02;CABA;02070;Comuna 10;1;2;76273;2029
02;CABA;02077;Comuna 11;1;2;88774;2029
02;CABA;02084;Comuna 12;1;2;99139;2029
02;CABA;02091;Comuna 13;1;2;108128;2029
02;CABA;02098;Comuna 14;1;2;105588;2029
02;CABA;02105;Comuna 15;1;2;86390;2029
02;CABA;02007;Comuna 1;1;2;119444;2030
02;CABA;02014;Comuna 2;1;2;63543;2030
02;CABA;02021;Comuna 3;1;2;83820;2030
02;CABA;02028;Comuna 4;1;2;110826;2030
02;CABA;02035;Comuna 5;1;2;82614;2030
02;CABA;02042;Comuna 6;1;2;80207;2030
02;CABA;02049;Comuna 7;1;2;113059;2030
02;CABA;02056;Comuna 8;1;2;110240;2030
02;CABA;02063;Comuna 9;1;2;74968;2030
02;CABA;02070;Comuna 10;1;2;75828;2030
02;CABA;02077;Comuna 11;1;2;88404;2030
02;CABA;02084;Comuna 12;1;2;98819;2030
02;CABA;02091;Comuna 13;1;2;107779;2030
02;CABA;02098;Comuna 14;1;2;105649;2030
02;CABA;02105;Comuna 15;1;2;86114;2030
02;CABA;02007;Comuna 1;1;2;119495;2031
02;CABA;02014;Comuna 2;1;2;63144;2031
02;CABA;02021;Comuna 3;1;2;83258;2031
02;CABA;02028;Comuna 4;1;2;110444;2031
02;CABA;02035;Comuna 5;1;2;82244;2031
02;CABA;02042;Comuna 6;1;2;79805;2031
02;CABA;02049;Comuna 7;1;2;112782;2031
02;CABA;02056;Comuna 8;1;2;110369;2031
02;CABA;02063;Comuna 9;1;2;74438;2031
02;CABA;02070;Comuna 10;1;2;75409;2031
02;CABA;02077;Comuna 11;1;2;88062;2031
02;CABA;02084;Comuna 12;1;2;98527;2031
02;CABA;02091;Comuna 13;1;2;107461;2031
02;CABA;02098;Comuna 14;1;2;105705;2031
02;CABA;02105;Comuna 15;1;2;85862;2031
02;CABA;02007;Comuna 1;1;2;119543;2032
02;CABA;02014;Comuna 2;1;2;62777;2032
02;CABA;02021;Comuna 3;1;2;82740;2032
02;CABA;02028;Comuna 4;1;2;110113;2032
02;CABA;02035;Comuna 5;1;2;81912;2032
02;CABA;02042;Comuna 6;1;2;79441;2032
02;CABA;02049;Comuna 7;1;2;112551;2032
02;CABA;02056;Comuna 8;1;2;110474;2032
02;CABA;02063;Comuna 9;1;2;73949;2032
02;CABA;02070;Comuna 10;1;2;75025;2032
02;CABA;02077;Comuna 11;1;2;87760;2032
02;CABA;02084;Comuna 12;1;2;98279;2032
02;CABA;02091;Comuna 13;1;2;107191;2032
02;CABA;02098;Comuna 14;1;2;105755;2032
02;CABA;02105;Comuna 15;1;2;85648;2032
02;CABA;02007;Comuna 1;1;2;119585;2033
02;CABA;02014;Comuna 2;1;2;62450;2033
02;CABA;02021;Comuna 3;1;2;82277;2033
02;CABA;02028;Comuna 4;1;2;109849;2033
02;CABA;02035;Comuna 5;1;2;81631;2033
02;CABA;02042;Comuna 6;1;2;79126;2033
02;CABA;02049;Comuna 7;1;2;112384;2033
02;CABA;02056;Comuna 8;1;2;110545;2033
02;CABA;02063;Comuna 9;1;2;73510;2033
02;CABA;02070;Comuna 10;1;2;74689;2033
02;CABA;02077;Comuna 11;1;2;87513;2033
02;CABA;02084;Comuna 12;1;2;98089;2033
02;CABA;02091;Comuna 13;1;2;106984;2033
02;CABA;02098;Comuna 14;1;2;105796;2033
02;CABA;02105;Comuna 15;1;2;85486;2033
02;CABA;02007;Comuna 1;1;2;119622;2034
02;CABA;02014;Comuna 2;1;2;62169;2034
02;CABA;02021;Comuna 3;1;2;81876;2034
02;CABA;02028;Comuna 4;1;2;109661;2034
02;CABA;02035;Comuna 5;1;2;81407;2034
02;CABA;02042;Comuna 6;1;2;78866;2034
02;CABA;02049;Comuna 7;1;2;112289;2034
02;CABA;02056;Comuna 8;1;2;110576;2034
02;CABA;02063;Comuna 9;1;2;73129;2034
02;CABA;02070;Comuna 10;1;2;74405;2034
02;CABA;02077;Comuna 11;1;2;87326;2034
02;CABA;02084;Comuna 12;1;2;97967;2034
02;CABA;02091;Comuna 13;1;2;106850;2034
02;CABA;02098;Comuna 14;1;2;105827;2034
02;CABA;02105;Comuna 15;1;2;85381;2034
02;CABA;02007;Comuna 1;1;2;119656;2035
02;CABA;02014;Comuna 2;1;2;61912;2035
02;CABA;02021;Comuna 3;1;2;81507;2035
02;CABA;02028;Comuna 4;1;2;109510;2035
02;CABA;02035;Comuna 5;1;2;81211;2035
02;CABA;02042;Comuna 6;1;2;78634;2035
02;CABA;02049;Comuna 7;1;2;112228;2035
02;CABA;02056;Comuna 8;1;2;110590;2035
02;CABA;02063;Comuna 9;1;2;72779;2035
02;CABA;02070;Comuna 10;1;2;74147;2035
02;CABA;02077;Comuna 11;1;2;87170;2035
02;CABA;02084;Comuna 12;1;2;97875;2035
02;CABA;02091;Comuna 13;1;2;106751;2035
02;CABA;02098;Comuna 14;1;2;105853;2035
02;CABA;02105;Comuna 15;1;2;85304;2035
02;CABA;02007;Comuna 1;1;1;131491;2022
02;CABA;02014;Comuna 2;1;1;87022;2022
02;CABA;02021;Comuna 3;1;1;101450;2022
02;CABA;02028;Comuna 4;1;1;129673;2022
02;CABA;02035;Comuna 5;1;1;103222;2022
02;CABA;02042;Comuna 6;1;1;102206;2022
02;CABA;02049;Comuna 7;1;1;134228;2022
02;CABA;02056;Comuna 8;1;1;123712;2022
02;CABA;02063;Comuna 9;1;1;88094;2022
02;CABA;02070;Comuna 10;1;1;90452;2022
02;CABA;02077;Comuna 11;1;1;103728;2022
02;CABA;02084;Comuna 12;1;1;118663;2022
02;CABA;02091;Comuna 13;1;1;134692;2022
02;CABA;02098;Comuna 14;1;1;129569;2022
02;CABA;02105;Comuna 15;1;1;102152;2022
02;CABA;02007;Comuna 1;1;1;131548;2023
02;CABA;02014;Comuna 2;1;1;86522;2023
02;CABA;02021;Comuna 3;1;1;100449;2023
02;CABA;02028;Comuna 4;1;1;128970;2023
02;CABA;02035;Comuna 5;1;1;102476;2023
02;CABA;02042;Comuna 6;1;1;101430;2023
02;CABA;02049;Comuna 7;1;1;133613;2023
02;CABA;02056;Comuna 8;1;1;124059;2023
02;CABA;02063;Comuna 9;1;1;87267;2023
02;CABA;02070;Comuna 10;1;1;89611;2023
02;CABA;02077;Comuna 11;1;1;103061;2023
02;CABA;02084;Comuna 12;1;1;118009;2023
02;CABA;02091;Comuna 13;1;1;134001;2023
02;CABA;02098;Comuna 14;1;1;129682;2023
02;CABA;02105;Comuna 15;1;1;101635;2023
02;CABA;02007;Comuna 1;1;1;131613;2024
02;CABA;02014;Comuna 2;1;1;85951;2024
02;CABA;02021;Comuna 3;1;1;99371;2024
02;CABA;02028;Comuna 4;1;1;128161;2024
02;CABA;02035;Comuna 5;1;1;101647;2024
02;CABA;02042;Comuna 6;1;1;100572;2024
02;CABA;02049;Comuna 7;1;1;132884;2024
02;CABA;02056;Comuna 8;1;1;124477;2024
02;CABA;02063;Comuna 9;1;1;86371;2024
02;CABA;02070;Comuna 10;1;1;88700;2024
02;CABA;02077;Comuna 11;1;1;102311;2024
02;CABA;02084;Comuna 12;1;1;117257;2024
02;CABA;02091;Comuna 13;1;1;133198;2024
02;CABA;02098;Comuna 14;1;1;129810;2024
02;CABA;02105;Comuna 15;1;1;101033;2024
02;CABA;02007;Comuna 1;1;1;131679;2025
02;CABA;02014;Comuna 2;1;1;85374;2025
02;CABA;02021;Comuna 3;1;1;98291;2025
02;CABA;02028;Comuna 4;1;1;127341;2025
02;CABA;02035;Comuna 5;1;1;100813;2025
02;CABA;02042;Comuna 6;1;1;99708;2025
02;CABA;02049;Comuna 7;1;1;132139;2025
02;CABA;02056;Comuna 8;1;1;124910;2025
02;CABA;02063;Comuna 9;1;1;85474;2025
02;CABA;02070;Comuna 10;1;1;87785;2025
02;CABA;02077;Comuna 11;1;1;101554;2025
02;CABA;02084;Comuna 12;1;1;116496;2025
02;CABA;02091;Comuna 13;1;1;132383;2025
02;CABA;02098;Comuna 14;1;1;129940;2025
02;CABA;02105;Comuna 15;1;1;100421;2025
02;CABA;02007;Comuna 1;1;1;131744;2026
02;CABA;02014;Comuna 2;1;1;84815;2026
02;CABA;02021;Comuna 3;1;1;97239;2026
02;CABA;02028;Comuna 4;1;1;126547;2026
02;CABA;02035;Comuna 5;1;1;100000;2026
02;CABA;02042;Comuna 6;1;1;98867;2026
02;CABA;02049;Comuna 7;1;1;131416;2026
02;CABA;02056;Comuna 8;1;1;125334;2026
02;CABA;02063;Comuna 9;1;1;84598;2026
02;CABA;02070;Comuna 10;1;1;86893;2026
02;CABA;02077;Comuna 11;1;1;100819;2026
02;CABA;02084;Comuna 12;1;1;115759;2026
02;CABA;02091;Comuna 13;1;1;131592;2026
02;CABA;02098;Comuna 14;1;1;130067;2026
02;CABA;02105;Comuna 15;1;1;99828;2026
02;CABA;02007;Comuna 1;1;1;131808;2027
02;CABA;02014;Comuna 2;1;1;84266;2027
02;CABA;02021;Comuna 3;1;1;96205;2027
02;CABA;02028;Comuna 4;1;1;125766;2027
02;CABA;02035;Comuna 5;1;1;99200;2027
02;CABA;02042;Comuna 6;1;1;98038;2027
02;CABA;02049;Comuna 7;1;1;130701;2027
02;CABA;02056;Comuna 8;1;1;125756;2027
02;CABA;02063;Comuna 9;1;1;83736;2027
02;CABA;02070;Comuna 10;1;1;86016;2027
02;CABA;02077;Comuna 11;1;1;100097;2027
02;CABA;02084;Comuna 12;1;1;115034;2027
02;CABA;02091;Comuna 13;1;1;130815;2027
02;CABA;02098;Comuna 14;1;1;130193;2027
02;CABA;02105;Comuna 15;1;1;99244;2027
02;CABA;02007;Comuna 1;1;1;131871;2028
02;CABA;02014;Comuna 2;1;1;83720;2028
02;CABA;02021;Comuna 3;1;1;95183;2028
02;CABA;02028;Comuna 4;1;1;124989;2028
02;CABA;02035;Comuna 5;1;1;98406;2028
02;CABA;02042;Comuna 6;1;1;97215;2028
02;CABA;02049;Comuna 7;1;1;129987;2028
02;CABA;02056;Comuna 8;1;1;126184;2028
02;CABA;02063;Comuna 9;1;1;82883;2028
02;CABA;02070;Comuna 10;1;1;85147;2028
02;CABA;02077;Comuna 11;1;1;99379;2028
02;CABA;02084;Comuna 12;1;1;114313;2028
02;CABA;02091;Comuna 13;1;1;130040;2028
02;CABA;02098;Comuna 14;1;1;130319;2028
02;CABA;02105;Comuna 15;1;1;98662;2028
02;CABA;02007;Comuna 1;1;1;131935;2029
02;CABA;02014;Comuna 2;1;1;83180;2029
02;CABA;02021;Comuna 3;1;1;94179;2029
02;CABA;02028;Comuna 4;1;1;124220;2029
02;CABA;02035;Comuna 5;1;1;97620;2029
02;CABA;02042;Comuna 6;1;1;96401;2029
02;CABA;02049;Comuna 7;1;1;129277;2029
02;CABA;02056;Comuna 8;1;1;126612;2029
02;CABA;02063;Comuna 9;1;1;82043;2029
02;CABA;02070;Comuna 10;1;1;84290;2029
02;CABA;02077;Comuna 11;1;1;98671;2029
02;CABA;02084;Comuna 12;1;1;113600;2029
02;CABA;02091;Comuna 13;1;1;129273;2029
02;CABA;02098;Comuna 14;1;1;130443;2029
02;CABA;02105;Comuna 15;1;1;98086;2029
02;CABA;02007;Comuna 1;1;1;131997;2030
02;CABA;02014;Comuna 2;1;1;82650;2030
02;CABA;02021;Comuna 3;1;1;93195;2030
02;CABA;02028;Comuna 4;1;1;123465;2030
02;CABA;02035;Comuna 5;1;1;96847;2030
02;CABA;02042;Comuna 6;1;1;95600;2030
02;CABA;02049;Comuna 7;1;1;128575;2030
02;CABA;02056;Comuna 8;1;1;127039;2030
02;CABA;02063;Comuna 9;1;1;81218;2030
02;CABA;02070;Comuna 10;1;1;83449;2030
02;CABA;02077;Comuna 11;1;1;97974;2030
02;CABA;02084;Comuna 12;1;1;112900;2030
02;CABA;02091;Comuna 13;1;1;128518;2030
02;CABA;02098;Comuna 14;1;1;130567;2030
02;CABA;02105;Comuna 15;1;1;97518;2030
02;CABA;02007;Comuna 1;1;1;132058;2031
02;CABA;02014;Comuna 2;1;1;82141;2031
02;CABA;02021;Comuna 3;1;1;92245;2031
02;CABA;02028;Comuna 4;1;1;122739;2031
02;CABA;02035;Comuna 5;1;1;96100;2031
02;CABA;02042;Comuna 6;1;1;94825;2031
02;CABA;02049;Comuna 7;1;1;127901;2031
02;CABA;02056;Comuna 8;1;1;127453;2031
02;CABA;02063;Comuna 9;1;1;80421;2031
02;CABA;02070;Comuna 10;1;1;82636;2031
02;CABA;02077;Comuna 11;1;1;97302;2031
02;CABA;02084;Comuna 12;1;1;112227;2031
02;CABA;02091;Comuna 13;1;1;127793;2031
02;CABA;02098;Comuna 14;1;1;130686;2031
02;CABA;02105;Comuna 15;1;1;96973;2031
02;CABA;02007;Comuna 1;1;1;132115;2032
02;CABA;02014;Comuna 2;1;1;81662;2032
02;CABA;02021;Comuna 3;1;1;91342;2032
02;CABA;02028;Comuna 4;1;1;122060;2032
02;CABA;02035;Comuna 5;1;1;95391;2032
02;CABA;02042;Comuna 6;1;1;94087;2032
02;CABA;02049;Comuna 7;1;1;127269;2032
02;CABA;02056;Comuna 8;1;1;127844;2032
02;CABA;02063;Comuna 9;1;1;79662;2032
02;CABA;02070;Comuna 10;1;1;81861;2032
02;CABA;02077;Comuna 11;1;1;96669;2032
02;CABA;02084;Comuna 12;1;1;111596;2032
02;CABA;02091;Comuna 13;1;1;127114;2032
02;CABA;02098;Comuna 14;1;1;130798;2032
02;CABA;02105;Comuna 15;1;1;96463;2032
02;CABA;02007;Comuna 1;1;1;132167;2033
02;CABA;02014;Comuna 2;1;1;81226;2033
02;CABA;02021;Comuna 3;1;1;90498;2033
02;CABA;02028;Comuna 4;1;1;121442;2033
02;CABA;02035;Comuna 5;1;1;94733;2033
02;CABA;02042;Comuna 6;1;1;93401;2033
02;CABA;02049;Comuna 7;1;1;126699;2033
02;CABA;02056;Comuna 8;1;1;128199;2033
02;CABA;02063;Comuna 9;1;1;78951;2033
02;CABA;02070;Comuna 10;1;1;81137;2033
02;CABA;02077;Comuna 11;1;1;96087;2033
02;CABA;02084;Comuna 12;1;1;111023;2033
02;CABA;02091;Comuna 13;1;1;126500;2033
02;CABA;02098;Comuna 14;1;1;130902;2033
02;CABA;02105;Comuna 15;1;1;96001;2033
02;CABA;02007;Comuna 1;1;1;132214;2034
02;CABA;02014;Comuna 2;1;1;80839;2034
02;CABA;02021;Comuna 3;1;1;89721;2034
02;CABA;02028;Comuna 4;1;1;120896;2034
02;CABA;02035;Comuna 5;1;1;94133;2034
02;CABA;02042;Comuna 6;1;1;92772;2034
02;CABA;02049;Comuna 7;1;1;126198;2034
02;CABA;02056;Comuna 8;1;1;128513;2034
02;CABA;02063;Comuna 9;1;1;78296;2034
02;CABA;02070;Comuna 10;1;1;80468;2034
02;CABA;02077;Comuna 11;1;1;95563;2034
02;CABA;02084;Comuna 12;1;1;110515;2034
02;CABA;02091;Comuna 13;1;1;125958;2034
02;CABA;02098;Comuna 14;1;1;130995;2034
02;CABA;02105;Comuna 15;1;1;95594;2034
02;CABA;02007;Comuna 1;1;1;132259;2035
02;CABA;02014;Comuna 2;1;1;80475;2035
02;CABA;02021;Comuna 3;1;1;88982;2035
02;CABA;02028;Comuna 4;1;1;120384;2035
02;CABA;02035;Comuna 5;1;1;93561;2035
02;CABA;02042;Comuna 6;1;1;92172;2035
02;CABA;02049;Comuna 7;1;1;125728;2035
02;CABA;02056;Comuna 8;1;1;128809;2035
02;CABA;02063;Comuna 9;1;1;77671;2035
02;CABA;02070;Comuna 10;1;1;79830;2035
02;CABA;02077;Comuna 11;1;1;95067;2035
02;CABA;02084;Comuna 12;1;1;110038;2035
02;CABA;02091;Comuna 13;1;1;125450;2035
02;CABA;02098;Comuna 14;1;1;131083;2035
02;CABA;02105;Comuna 15;1;1;95214;2035
42;La Pampa;42007;Atreucó;NA;2;5827;2022
42;La Pampa;42014;Caleu Caleu;NA;2;1374;2022
42;La Pampa;42021;Capital;NA;2;60202;2022
42;La Pampa;42028;Catriló;NA;2;4325;2022
42;La Pampa;42049;Chalileo;NA;2;1490;2022
42;La Pampa;42056;Chapaleufú;NA;2;6479;2022
42;La Pampa;42063;Chical Co;NA;2;786;2022
42;La Pampa;42035;Conhelo;NA;2;7899;2022
42;La Pampa;42042;Curacó;NA;2;625;2022
42;La Pampa;42070;Guatraché;NA;2;5004;2022
42;La Pampa;42077;Hucal;NA;2;4076;2022
42;La Pampa;42084;Lihuel Calel;NA;2;265;2022
42;La Pampa;42091;Limay Mahuida;NA;2;233;2022
42;La Pampa;42098;Loventué;NA;2;4894;2022
42;La Pampa;42105;Maracó;NA;2;35233;2022
42;La Pampa;42112;Puelén;NA;2;6131;2022
42;La Pampa;42119;Quemú Quemú;NA;2;4484;2022
42;La Pampa;42126;Rancul;NA;2;5902;2022
42;La Pampa;42133;Realicó;NA;2;9063;2022
42;La Pampa;42140;Toay;NA;2;9441;2022
42;La Pampa;42147;Trenel;NA;2;2986;2022
42;La Pampa;42154;Utracán;NA;2;9315;2022
42;La Pampa;42007;Atreucó;NA;2;5836;2023
42;La Pampa;42014;Caleu Caleu;NA;2;1377;2023
42;La Pampa;42021;Capital;NA;2;60371;2023
42;La Pampa;42028;Catriló;NA;2;4335;2023
42;La Pampa;42049;Chalileo;NA;2;1484;2023
42;La Pampa;42056;Chapaleufú;NA;2;6484;2023
42;La Pampa;42063;Chical Co;NA;2;783;2023
42;La Pampa;42035;Conhelo;NA;2;7908;2023
42;La Pampa;42042;Curacó;NA;2;624;2023
42;La Pampa;42070;Guatraché;NA;2;5009;2023
42;La Pampa;42077;Hucal;NA;2;4074;2023
42;La Pampa;42084;Lihuel Calel;NA;2;264;2023
42;La Pampa;42091;Limay Mahuida;NA;2;231;2023
42;La Pampa;42098;Loventué;NA;2;4900;2023
42;La Pampa;42105;Maracó;NA;2;35361;2023
42;La Pampa;42112;Puelén;NA;2;6157;2023
42;La Pampa;42119;Quemú Quemú;NA;2;4477;2023
42;La Pampa;42126;Rancul;NA;2;5904;2023
42;La Pampa;42133;Realicó;NA;2;9073;2023
42;La Pampa;42140;Toay;NA;2;9526;2023
42;La Pampa;42147;Trenel;NA;2;2986;2023
42;La Pampa;42154;Utracán;NA;2;9358;2023
42;La Pampa;42007;Atreucó;NA;2;5844;2024
42;La Pampa;42014;Caleu Caleu;NA;2;1380;2024
42;La Pampa;42021;Capital;NA;2;60522;2024
42;La Pampa;42028;Catriló;NA;2;4344;2024
42;La Pampa;42049;Chalileo;NA;2;1479;2024
42;La Pampa;42056;Chapaleufú;NA;2;6489;2024
42;La Pampa;42063;Chical Co;NA;2;781;2024
42;La Pampa;42035;Conhelo;NA;2;7916;2024
42;La Pampa;42042;Curacó;NA;2;624;2024
42;La Pampa;42070;Guatraché;NA;2;5014;2024
42;La Pampa;42077;Hucal;NA;2;4071;2024
42;La Pampa;42084;Lihuel Calel;NA;2;263;2024
42;La Pampa;42091;Limay Mahuida;NA;2;228;2024
42;La Pampa;42098;Loventué;NA;2;4906;2024
42;La Pampa;42105;Maracó;NA;2;35475;2024
42;La Pampa;42112;Puelén;NA;2;6180;2024
42;La Pampa;42119;Quemú Quemú;NA;2;4471;2024
42;La Pampa;42126;Rancul;NA;2;5906;2024
42;La Pampa;42133;Realicó;NA;2;9081;2024
42;La Pampa;42140;Toay;NA;2;9602;2024
42;La Pampa;42147;Trenel;NA;2;2985;2024
42;La Pampa;42154;Utracán;NA;2;9397;2024
42;La Pampa;42007;Atreucó;NA;2;5852;2025
42;La Pampa;42014;Caleu Caleu;NA;2;1383;2025
42;La Pampa;42021;Capital;NA;2;60672;2025
42;La Pampa;42028;Catriló;NA;2;4353;2025
42;La Pampa;42049;Chalileo;NA;2;1474;2025
42;La Pampa;42056;Chapaleufú;NA;2;6493;2025
42;La Pampa;42063;Chical Co;NA;2;779;2025
42;La Pampa;42035;Conhelo;NA;2;7923;2025
42;La Pampa;42042;Curacó;NA;2;623;2025
42;La Pampa;42070;Guatraché;NA;2;5019;2025
42;La Pampa;42077;Hucal;NA;2;4068;2025
42;La Pampa;42084;Lihuel Calel;NA;2;262;2025
42;La Pampa;42091;Limay Mahuida;NA;2;226;2025
42;La Pampa;42098;Loventué;NA;2;4911;2025
42;La Pampa;42105;Maracó;NA;2;35587;2025
42;La Pampa;42112;Puelén;NA;2;6204;2025
42;La Pampa;42119;Quemú Quemú;NA;2;4465;2025
42;La Pampa;42126;Rancul;NA;2;5909;2025
42;La Pampa;42133;Realicó;NA;2;9090;2025
42;La Pampa;42140;Toay;NA;2;9677;2025
42;La Pampa;42147;Trenel;NA;2;2984;2025
42;La Pampa;42154;Utracán;NA;2;9435;2025
42;La Pampa;42007;Atreucó;NA;2;5860;2026
42;La Pampa;42014;Caleu Caleu;NA;2;1385;2026
42;La Pampa;42021;Capital;NA;2;60810;2026
42;La Pampa;42028;Catriló;NA;2;4361;2026
42;La Pampa;42049;Chalileo;NA;2;1470;2026
42;La Pampa;42056;Chapaleufú;NA;2;6497;2026
42;La Pampa;42063;Chical Co;NA;2;777;2026
42;La Pampa;42035;Conhelo;NA;2;7930;2026
42;La Pampa;42042;Curacó;NA;2;623;2026
42;La Pampa;42070;Guatraché;NA;2;5023;2026
42;La Pampa;42077;Hucal;NA;2;4066;2026
42;La Pampa;42084;Lihuel Calel;NA;2;261;2026
42;La Pampa;42091;Limay Mahuida;NA;2;223;2026
42;La Pampa;42098;Loventué;NA;2;4916;2026
42;La Pampa;42105;Maracó;NA;2;35692;2026
42;La Pampa;42112;Puelén;NA;2;6225;2026
42;La Pampa;42119;Quemú Quemú;NA;2;4459;2026
42;La Pampa;42126;Rancul;NA;2;5911;2026
42;La Pampa;42133;Realicó;NA;2;9098;2026
42;La Pampa;42140;Toay;NA;2;9747;2026
42;La Pampa;42147;Trenel;NA;2;2984;2026
42;La Pampa;42154;Utracán;NA;2;9471;2026
42;La Pampa;42007;Atreucó;NA;2;5867;2027
42;La Pampa;42014;Caleu Caleu;NA;2;1387;2027
42;La Pampa;42021;Capital;NA;2;60946;2027
42;La Pampa;42028;Catriló;NA;2;4369;2027
42;La Pampa;42049;Chalileo;NA;2;1466;2027
42;La Pampa;42056;Chapaleufú;NA;2;6501;2027
42;La Pampa;42063;Chical Co;NA;2;775;2027
42;La Pampa;42035;Conhelo;NA;2;7937;2027
42;La Pampa;42042;Curacó;NA;2;623;2027
42;La Pampa;42070;Guatraché;NA;2;5027;2027
42;La Pampa;42077;Hucal;NA;2;4064;2027
42;La Pampa;42084;Lihuel Calel;NA;2;260;2027
42;La Pampa;42091;Limay Mahuida;NA;2;221;2027
42;La Pampa;42098;Loventué;NA;2;4921;2027
42;La Pampa;42105;Maracó;NA;2;35795;2027
42;La Pampa;42112;Puelén;NA;2;6246;2027
42;La Pampa;42119;Quemú Quemú;NA;2;4454;2027
42;La Pampa;42126;Rancul;NA;2;5913;2027
42;La Pampa;42133;Realicó;NA;2;9106;2027
42;La Pampa;42140;Toay;NA;2;9816;2027
42;La Pampa;42147;Trenel;NA;2;2983;2027
42;La Pampa;42154;Utracán;NA;2;9506;2027
42;La Pampa;42007;Atreucó;NA;2;5873;2028
42;La Pampa;42014;Caleu Caleu;NA;2;1389;2028
42;La Pampa;42021;Capital;NA;2;61071;2028
42;La Pampa;42028;Catriló;NA;2;4377;2028
42;La Pampa;42049;Chalileo;NA;2;1462;2028
42;La Pampa;42056;Chapaleufú;NA;2;6505;2028
42;La Pampa;42063;Chical Co;NA;2;773;2028
42;La Pampa;42035;Conhelo;NA;2;7943;2028
42;La Pampa;42042;Curacó;NA;2;622;2028
42;La Pampa;42070;Guatraché;NA;2;5031;2028
42;La Pampa;42077;Hucal;NA;2;4062;2028
42;La Pampa;42084;Lihuel Calel;NA;2;260;2028
42;La Pampa;42091;Limay Mahuida;NA;2;219;2028
42;La Pampa;42098;Loventué;NA;2;4925;2028
42;La Pampa;42105;Maracó;NA;2;35889;2028
42;La Pampa;42112;Puelén;NA;2;6266;2028
42;La Pampa;42119;Quemú Quemú;NA;2;4449;2028
42;La Pampa;42126;Rancul;NA;2;5915;2028
42;La Pampa;42133;Realicó;NA;2;9114;2028
42;La Pampa;42140;Toay;NA;2;9878;2028
42;La Pampa;42147;Trenel;NA;2;2982;2028
42;La Pampa;42154;Utracán;NA;2;9538;2028
42;La Pampa;42007;Atreucó;NA;2;5880;2029
42;La Pampa;42014;Caleu Caleu;NA;2;1391;2029
42;La Pampa;42021;Capital;NA;2;61190;2029
42;La Pampa;42028;Catriló;NA;2;4384;2029
42;La Pampa;42049;Chalileo;NA;2;1458;2029
42;La Pampa;42056;Chapaleufú;NA;2;6508;2029
42;La Pampa;42063;Chical Co;NA;2;771;2029
42;La Pampa;42035;Conhelo;NA;2;7949;2029
42;La Pampa;42042;Curacó;NA;2;622;2029
42;La Pampa;42070;Guatraché;NA;2;5035;2029
42;La Pampa;42077;Hucal;NA;2;4060;2029
42;La Pampa;42084;Lihuel Calel;NA;2;259;2029
42;La Pampa;42091;Limay Mahuida;NA;2;217;2029
42;La Pampa;42098;Loventué;NA;2;4929;2029
42;La Pampa;42105;Maracó;NA;2;35979;2029
42;La Pampa;42112;Puelén;NA;2;6285;2029
42;La Pampa;42119;Quemú Quemú;NA;2;4444;2029
42;La Pampa;42126;Rancul;NA;2;5916;2029
42;La Pampa;42133;Realicó;NA;2;9121;2029
42;La Pampa;42140;Toay;NA;2;9938;2029
42;La Pampa;42147;Trenel;NA;2;2982;2029
42;La Pampa;42154;Utracán;NA;2;9568;2029
42;La Pampa;42007;Atreucó;NA;2;5886;2030
42;La Pampa;42014;Caleu Caleu;NA;2;1393;2030
42;La Pampa;42021;Capital;NA;2;61305;2030
42;La Pampa;42028;Catriló;NA;2;4391;2030
42;La Pampa;42049;Chalileo;NA;2;1454;2030
42;La Pampa;42056;Chapaleufú;NA;2;6512;2030
42;La Pampa;42063;Chical Co;NA;2;770;2030
42;La Pampa;42035;Conhelo;NA;2;7955;2030
42;La Pampa;42042;Curacó;NA;2;622;2030
42;La Pampa;42070;Guatraché;NA;2;5039;2030
42;La Pampa;42077;Hucal;NA;2;4058;2030
42;La Pampa;42084;Lihuel Calel;NA;2;258;2030
42;La Pampa;42091;Limay Mahuida;NA;2;216;2030
42;La Pampa;42098;Loventué;NA;2;4934;2030
42;La Pampa;42105;Maracó;NA;2;36066;2030
42;La Pampa;42112;Puelén;NA;2;6302;2030
42;La Pampa;42119;Quemú Quemú;NA;2;4439;2030
42;La Pampa;42126;Rancul;NA;2;5918;2030
42;La Pampa;42133;Realicó;NA;2;9127;2030
42;La Pampa;42140;Toay;NA;2;9996;2030
42;La Pampa;42147;Trenel;NA;2;2981;2030
42;La Pampa;42154;Utracán;NA;2;9598;2030
42;La Pampa;42007;Atreucó;NA;2;5892;2031
42;La Pampa;42014;Caleu Caleu;NA;2;1395;2031
42;La Pampa;42021;Capital;NA;2;61419;2031
42;La Pampa;42028;Catriló;NA;2;4397;2031
42;La Pampa;42049;Chalileo;NA;2;1450;2031
42;La Pampa;42056;Chapaleufú;NA;2;6515;2031
42;La Pampa;42063;Chical Co;NA;2;768;2031
42;La Pampa;42035;Conhelo;NA;2;7961;2031
42;La Pampa;42042;Curacó;NA;2;622;2031
42;La Pampa;42070;Guatraché;NA;2;5043;2031
42;La Pampa;42077;Hucal;NA;2;4056;2031
42;La Pampa;42084;Lihuel Calel;NA;2;257;2031
42;La Pampa;42091;Limay Mahuida;NA;2;214;2031
42;La Pampa;42098;Loventué;NA;2;4938;2031
42;La Pampa;42105;Maracó;NA;2;36151;2031
42;La Pampa;42112;Puelén;NA;2;6320;2031
42;La Pampa;42119;Quemú Quemú;NA;2;4435;2031
42;La Pampa;42126;Rancul;NA;2;5920;2031
42;La Pampa;42133;Realicó;NA;2;9134;2031
42;La Pampa;42140;Toay;NA;2;10053;2031
42;La Pampa;42147;Trenel;NA;2;2981;2031
42;La Pampa;42154;Utracán;NA;2;9627;2031
42;La Pampa;42007;Atreucó;NA;2;5898;2032
42;La Pampa;42014;Caleu Caleu;NA;2;1397;2032
42;La Pampa;42021;Capital;NA;2;61532;2032
42;La Pampa;42028;Catriló;NA;2;4404;2032
42;La Pampa;42049;Chalileo;NA;2;1447;2032
42;La Pampa;42056;Chapaleufú;NA;2;6519;2032
42;La Pampa;42063;Chical Co;NA;2;766;2032
42;La Pampa;42035;Conhelo;NA;2;7966;2032
42;La Pampa;42042;Curacó;NA;2;621;2032
42;La Pampa;42070;Guatraché;NA;2;5046;2032
42;La Pampa;42077;Hucal;NA;2;4054;2032
42;La Pampa;42084;Lihuel Calel;NA;2;257;2032
42;La Pampa;42091;Limay Mahuida;NA;2;212;2032
42;La Pampa;42098;Loventué;NA;2;4942;2032
42;La Pampa;42105;Maracó;NA;2;36236;2032
42;La Pampa;42112;Puelén;NA;2;6338;2032
42;La Pampa;42119;Quemú Quemú;NA;2;4430;2032
42;La Pampa;42126;Rancul;NA;2;5921;2032
42;La Pampa;42133;Realicó;NA;2;9141;2032
42;La Pampa;42140;Toay;NA;2;10110;2032
42;La Pampa;42147;Trenel;NA;2;2980;2032
42;La Pampa;42154;Utracán;NA;2;9656;2032
42;La Pampa;42007;Atreucó;NA;2;5904;2033
42;La Pampa;42014;Caleu Caleu;NA;2;1399;2033
42;La Pampa;42021;Capital;NA;2;61638;2033
42;La Pampa;42028;Catriló;NA;2;4411;2033
42;La Pampa;42049;Chalileo;NA;2;1443;2033
42;La Pampa;42056;Chapaleufú;NA;2;6522;2033
42;La Pampa;42063;Chical Co;NA;2;765;2033
42;La Pampa;42035;Conhelo;NA;2;7972;2033
42;La Pampa;42042;Curacó;NA;2;621;2033
42;La Pampa;42070;Guatraché;NA;2;5049;2033
42;La Pampa;42077;Hucal;NA;2;4052;2033
42;La Pampa;42084;Lihuel Calel;NA;2;256;2033
42;La Pampa;42091;Limay Mahuida;NA;2;210;2033
42;La Pampa;42098;Loventué;NA;2;4945;2033
42;La Pampa;42105;Maracó;NA;2;36316;2033
42;La Pampa;42112;Puelén;NA;2;6354;2033
42;La Pampa;42119;Quemú Quemú;NA;2;4426;2033
42;La Pampa;42126;Rancul;NA;2;5923;2033
42;La Pampa;42133;Realicó;NA;2;9147;2033
42;La Pampa;42140;Toay;NA;2;10163;2033
42;La Pampa;42147;Trenel;NA;2;2980;2033
42;La Pampa;42154;Utracán;NA;2;9683;2033
42;La Pampa;42007;Atreucó;NA;2;5909;2034
42;La Pampa;42014;Caleu Caleu;NA;2;1401;2034
42;La Pampa;42021;Capital;NA;2;61744;2034
42;La Pampa;42028;Catriló;NA;2;4417;2034
42;La Pampa;42049;Chalileo;NA;2;1440;2034
42;La Pampa;42056;Chapaleufú;NA;2;6525;2034
42;La Pampa;42063;Chical Co;NA;2;763;2034
42;La Pampa;42035;Conhelo;NA;2;7977;2034
42;La Pampa;42042;Curacó;NA;2;621;2034
42;La Pampa;42070;Guatraché;NA;2;5053;2034
42;La Pampa;42077;Hucal;NA;2;4050;2034
42;La Pampa;42084;Lihuel Calel;NA;2;256;2034
42;La Pampa;42091;Limay Mahuida;NA;2;209;2034
42;La Pampa;42098;Loventué;NA;2;4949;2034
42;La Pampa;42105;Maracó;NA;2;36397;2034
42;La Pampa;42112;Puelén;NA;2;6371;2034
42;La Pampa;42119;Quemú Quemú;NA;2;4421;2034
42;La Pampa;42126;Rancul;NA;2;5925;2034
42;La Pampa;42133;Realicó;NA;2;9153;2034
42;La Pampa;42140;Toay;NA;2;10217;2034
42;La Pampa;42147;Trenel;NA;2;2979;2034
42;La Pampa;42154;Utracán;NA;2;9710;2034
42;La Pampa;42007;Atreucó;NA;2;5915;2035
42;La Pampa;42014;Caleu Caleu;NA;2;1403;2035
42;La Pampa;42021;Capital;NA;2;61845;2035
42;La Pampa;42028;Catriló;NA;2;4423;2035
42;La Pampa;42049;Chalileo;NA;2;1437;2035
42;La Pampa;42056;Chapaleufú;NA;2;6528;2035
42;La Pampa;42063;Chical Co;NA;2;762;2035
42;La Pampa;42035;Conhelo;NA;2;7982;2035
42;La Pampa;42042;Curacó;NA;2;620;2035
42;La Pampa;42070;Guatraché;NA;2;5056;2035
42;La Pampa;42077;Hucal;NA;2;4049;2035
42;La Pampa;42084;Lihuel Calel;NA;2;255;2035
42;La Pampa;42091;Limay Mahuida;NA;2;207;2035
42;La Pampa;42098;Loventué;NA;2;4953;2035
42;La Pampa;42105;Maracó;NA;2;36473;2035
42;La Pampa;42112;Puelén;NA;2;6387;2035
42;La Pampa;42119;Quemú Quemú;NA;2;4417;2035
42;La Pampa;42126;Rancul;NA;2;5926;2035
42;La Pampa;42133;Realicó;NA;2;9159;2035
42;La Pampa;42140;Toay;NA;2;10268;2035
42;La Pampa;42147;Trenel;NA;2;2979;2035
42;La Pampa;42154;Utracán;NA;2;9736;2035
42;La Pampa;42007;Atreucó;NA;1;5686;2022
42;La Pampa;42014;Caleu Caleu;NA;1;1325;2022
42;La Pampa;42021;Capital;NA;1;63398;2022
42;La Pampa;42028;Catriló;NA;1;4188;2022
42;La Pampa;42049;Chalileo;NA;1;1492;2022
42;La Pampa;42056;Chapaleufú;NA;1;6272;2022
42;La Pampa;42063;Chical Co;NA;1;730;2022
42;La Pampa;42035;Conhelo;NA;1;7798;2022
42;La Pampa;42042;Curacó;NA;1;530;2022
42;La Pampa;42070;Guatraché;NA;1;4835;2022
42;La Pampa;42077;Hucal;NA;1;3973;2022
42;La Pampa;42084;Lihuel Calel;NA;1;194;2022
42;La Pampa;42091;Limay Mahuida;NA;1;204;2022
42;La Pampa;42098;Loventué;NA;1;4743;2022
42;La Pampa;42105;Maracó;NA;1;36598;2022
42;La Pampa;42112;Puelén;NA;1;5917;2022
42;La Pampa;42119;Quemú Quemú;NA;1;4263;2022
42;La Pampa;42126;Rancul;NA;1;5609;2022
42;La Pampa;42133;Realicó;NA;1;8995;2022
42;La Pampa;42140;Toay;NA;1;9196;2022
42;La Pampa;42147;Trenel;NA;1;2908;2022
42;La Pampa;42154;Utracán;NA;1;9088;2022
42;La Pampa;42007;Atreucó;NA;1;5695;2023
42;La Pampa;42014;Caleu Caleu;NA;1;1329;2023
42;La Pampa;42021;Capital;NA;1;63555;2023
42;La Pampa;42028;Catriló;NA;1;4199;2023
42;La Pampa;42049;Chalileo;NA;1;1491;2023
42;La Pampa;42056;Chapaleufú;NA;1;6275;2023
42;La Pampa;42063;Chical Co;NA;1;730;2023
42;La Pampa;42035;Conhelo;NA;1;7805;2023
42;La Pampa;42042;Curacó;NA;1;532;2023
42;La Pampa;42070;Guatraché;NA;1;4839;2023
42;La Pampa;42077;Hucal;NA;1;3973;2023
42;La Pampa;42084;Lihuel Calel;NA;1;194;2023
42;La Pampa;42091;Limay Mahuida;NA;1;204;2023
42;La Pampa;42098;Loventué;NA;1;4748;2023
42;La Pampa;42105;Maracó;NA;1;36732;2023
42;La Pampa;42112;Puelén;NA;1;5950;2023
42;La Pampa;42119;Quemú Quemú;NA;1;4252;2023
42;La Pampa;42126;Rancul;NA;1;5607;2023
42;La Pampa;42133;Realicó;NA;1;9004;2023
42;La Pampa;42140;Toay;NA;1;9279;2023
42;La Pampa;42147;Trenel;NA;1;2910;2023
42;La Pampa;42154;Utracán;NA;1;9120;2023
42;La Pampa;42007;Atreucó;NA;1;5704;2024
42;La Pampa;42014;Caleu Caleu;NA;1;1333;2024
42;La Pampa;42021;Capital;NA;1;63716;2024
42;La Pampa;42028;Catriló;NA;1;4210;2024
42;La Pampa;42049;Chalileo;NA;1;1490;2024
42;La Pampa;42056;Chapaleufú;NA;1;6278;2024
42;La Pampa;42063;Chical Co;NA;1;729;2024
42;La Pampa;42035;Conhelo;NA;1;7813;2024
42;La Pampa;42042;Curacó;NA;1;533;2024
42;La Pampa;42070;Guatraché;NA;1;4844;2024
42;La Pampa;42077;Hucal;NA;1;3973;2024
42;La Pampa;42084;Lihuel Calel;NA;1;195;2024
42;La Pampa;42091;Limay Mahuida;NA;1;203;2024
42;La Pampa;42098;Loventué;NA;1;4753;2024
42;La Pampa;42105;Maracó;NA;1;36870;2024
42;La Pampa;42112;Puelén;NA;1;5984;2024
42;La Pampa;42119;Quemú Quemú;NA;1;4240;2024
42;La Pampa;42126;Rancul;NA;1;5605;2024
42;La Pampa;42133;Realicó;NA;1;9014;2024
42;La Pampa;42140;Toay;NA;1;9363;2024
42;La Pampa;42147;Trenel;NA;1;2912;2024
42;La Pampa;42154;Utracán;NA;1;9153;2024
42;La Pampa;42007;Atreucó;NA;1;5714;2025
42;La Pampa;42014;Caleu Caleu;NA;1;1336;2025
42;La Pampa;42021;Capital;NA;1;63876;2025
42;La Pampa;42028;Catriló;NA;1;4221;2025
42;La Pampa;42049;Chalileo;NA;1;1488;2025
42;La Pampa;42056;Chapaleufú;NA;1;6282;2025
42;La Pampa;42063;Chical Co;NA;1;728;2025
42;La Pampa;42035;Conhelo;NA;1;7821;2025
42;La Pampa;42042;Curacó;NA;1;535;2025
42;La Pampa;42070;Guatraché;NA;1;4848;2025
42;La Pampa;42077;Hucal;NA;1;3974;2025
42;La Pampa;42084;Lihuel Calel;NA;1;195;2025
42;La Pampa;42091;Limay Mahuida;NA;1;203;2025
42;La Pampa;42098;Loventué;NA;1;4758;2025
42;La Pampa;42105;Maracó;NA;1;37006;2025
42;La Pampa;42112;Puelén;NA;1;6017;2025
42;La Pampa;42119;Quemú Quemú;NA;1;4229;2025
42;La Pampa;42126;Rancul;NA;1;5603;2025
42;La Pampa;42133;Realicó;NA;1;9023;2025
42;La Pampa;42140;Toay;NA;1;9447;2025
42;La Pampa;42147;Trenel;NA;1;2914;2025
42;La Pampa;42154;Utracán;NA;1;9187;2025
42;La Pampa;42007;Atreucó;NA;1;5722;2026
42;La Pampa;42014;Caleu Caleu;NA;1;1340;2026
42;La Pampa;42021;Capital;NA;1;64030;2026
42;La Pampa;42028;Catriló;NA;1;4231;2026
42;La Pampa;42049;Chalileo;NA;1;1487;2026
42;La Pampa;42056;Chapaleufú;NA;1;6285;2026
42;La Pampa;42063;Chical Co;NA;1;727;2026
42;La Pampa;42035;Conhelo;NA;1;7828;2026
42;La Pampa;42042;Curacó;NA;1;536;2026
42;La Pampa;42070;Guatraché;NA;1;4853;2026
42;La Pampa;42077;Hucal;NA;1;3974;2026
42;La Pampa;42084;Lihuel Calel;NA;1;196;2026
42;La Pampa;42091;Limay Mahuida;NA;1;202;2026
42;La Pampa;42098;Loventué;NA;1;4763;2026
42;La Pampa;42105;Maracó;NA;1;37137;2026
42;La Pampa;42112;Puelén;NA;1;6049;2026
42;La Pampa;42119;Quemú Quemú;NA;1;4219;2026
42;La Pampa;42126;Rancul;NA;1;5602;2026
42;La Pampa;42133;Realicó;NA;1;9032;2026
42;La Pampa;42140;Toay;NA;1;9527;2026
42;La Pampa;42147;Trenel;NA;1;2916;2026
42;La Pampa;42154;Utracán;NA;1;9218;2026
42;La Pampa;42007;Atreucó;NA;1;5730;2027
42;La Pampa;42014;Caleu Caleu;NA;1;1344;2027
42;La Pampa;42021;Capital;NA;1;64168;2027
42;La Pampa;42028;Catriló;NA;1;4241;2027
42;La Pampa;42049;Chalileo;NA;1;1486;2027
42;La Pampa;42056;Chapaleufú;NA;1;6288;2027
42;La Pampa;42063;Chical Co;NA;1;726;2027
42;La Pampa;42035;Conhelo;NA;1;7835;2027
42;La Pampa;42042;Curacó;NA;1;537;2027
42;La Pampa;42070;Guatraché;NA;1;4857;2027
42;La Pampa;42077;Hucal;NA;1;3974;2027
42;La Pampa;42084;Lihuel Calel;NA;1;196;2027
42;La Pampa;42091;Limay Mahuida;NA;1;202;2027
42;La Pampa;42098;Loventué;NA;1;4768;2027
42;La Pampa;42105;Maracó;NA;1;37255;2027
42;La Pampa;42112;Puelén;NA;1;6078;2027
42;La Pampa;42119;Quemú Quemú;NA;1;4209;2027
42;La Pampa;42126;Rancul;NA;1;5600;2027
42;La Pampa;42133;Realicó;NA;1;9040;2027
42;La Pampa;42140;Toay;NA;1;9600;2027
42;La Pampa;42147;Trenel;NA;1;2917;2027
42;La Pampa;42154;Utracán;NA;1;9247;2027
42;La Pampa;42007;Atreucó;NA;1;5738;2028
42;La Pampa;42014;Caleu Caleu;NA;1;1347;2028
42;La Pampa;42021;Capital;NA;1;64305;2028
42;La Pampa;42028;Catriló;NA;1;4250;2028
42;La Pampa;42049;Chalileo;NA;1;1485;2028
42;La Pampa;42056;Chapaleufú;NA;1;6291;2028
42;La Pampa;42063;Chical Co;NA;1;726;2028
42;La Pampa;42035;Conhelo;NA;1;7841;2028
42;La Pampa;42042;Curacó;NA;1;539;2028
42;La Pampa;42070;Guatraché;NA;1;4860;2028
42;La Pampa;42077;Hucal;NA;1;3974;2028
42;La Pampa;42084;Lihuel Calel;NA;1;196;2028
42;La Pampa;42091;Limay Mahuida;NA;1;201;2028
42;La Pampa;42098;Loventué;NA;1;4772;2028
42;La Pampa;42105;Maracó;NA;1;37372;2028
42;La Pampa;42112;Puelén;NA;1;6107;2028
42;La Pampa;42119;Quemú Quemú;NA;1;4200;2028
42;La Pampa;42126;Rancul;NA;1;5599;2028
42;La Pampa;42133;Realicó;NA;1;9048;2028
42;La Pampa;42140;Toay;NA;1;9672;2028
42;La Pampa;42147;Trenel;NA;1;2919;2028
42;La Pampa;42154;Utracán;NA;1;9275;2028
42;La Pampa;42007;Atreucó;NA;1;5745;2029
42;La Pampa;42014;Caleu Caleu;NA;1;1350;2029
42;La Pampa;42021;Capital;NA;1;64429;2029
42;La Pampa;42028;Catriló;NA;1;4259;2029
42;La Pampa;42049;Chalileo;NA;1;1484;2029
42;La Pampa;42056;Chapaleufú;NA;1;6293;2029
42;La Pampa;42063;Chical Co;NA;1;725;2029
42;La Pampa;42035;Conhelo;NA;1;7847;2029
42;La Pampa;42042;Curacó;NA;1;540;2029
42;La Pampa;42070;Guatraché;NA;1;4864;2029
42;La Pampa;42077;Hucal;NA;1;3974;2029
42;La Pampa;42084;Lihuel Calel;NA;1;196;2029
42;La Pampa;42091;Limay Mahuida;NA;1;201;2029
42;La Pampa;42098;Loventué;NA;1;4776;2029
42;La Pampa;42105;Maracó;NA;1;37477;2029
42;La Pampa;42112;Puelén;NA;1;6133;2029
42;La Pampa;42119;Quemú Quemú;NA;1;4191;2029
42;La Pampa;42126;Rancul;NA;1;5597;2029
42;La Pampa;42133;Realicó;NA;1;9056;2029
42;La Pampa;42140;Toay;NA;1;9737;2029
42;La Pampa;42147;Trenel;NA;1;2920;2029
42;La Pampa;42154;Utracán;NA;1;9301;2029
42;La Pampa;42007;Atreucó;NA;1;5752;2030
42;La Pampa;42014;Caleu Caleu;NA;1;1353;2030
42;La Pampa;42021;Capital;NA;1;64549;2030
42;La Pampa;42028;Catriló;NA;1;4267;2030
42;La Pampa;42049;Chalileo;NA;1;1483;2030
42;La Pampa;42056;Chapaleufú;NA;1;6296;2030
42;La Pampa;42063;Chical Co;NA;1;724;2030
42;La Pampa;42035;Conhelo;NA;1;7853;2030
42;La Pampa;42042;Curacó;NA;1;541;2030
42;La Pampa;42070;Guatraché;NA;1;4867;2030
42;La Pampa;42077;Hucal;NA;1;3974;2030
42;La Pampa;42084;Lihuel Calel;NA;1;197;2030
42;La Pampa;42091;Limay Mahuida;NA;1;200;2030
42;La Pampa;42098;Loventué;NA;1;4780;2030
42;La Pampa;42105;Maracó;NA;1;37579;2030
42;La Pampa;42112;Puelén;NA;1;6158;2030
42;La Pampa;42119;Quemú Quemú;NA;1;4183;2030
42;La Pampa;42126;Rancul;NA;1;5596;2030
42;La Pampa;42133;Realicó;NA;1;9063;2030
42;La Pampa;42140;Toay;NA;1;9799;2030
42;La Pampa;42147;Trenel;NA;1;2922;2030
42;La Pampa;42154;Utracán;NA;1;9325;2030
42;La Pampa;42007;Atreucó;NA;1;5758;2031
42;La Pampa;42014;Caleu Caleu;NA;1;1356;2031
42;La Pampa;42021;Capital;NA;1;64662;2031
42;La Pampa;42028;Catriló;NA;1;4275;2031
42;La Pampa;42049;Chalileo;NA;1;1482;2031
42;La Pampa;42056;Chapaleufú;NA;1;6298;2031
42;La Pampa;42063;Chical Co;NA;1;724;2031
42;La Pampa;42035;Conhelo;NA;1;7859;2031
42;La Pampa;42042;Curacó;NA;1;542;2031
42;La Pampa;42070;Guatraché;NA;1;4871;2031
42;La Pampa;42077;Hucal;NA;1;3974;2031
42;La Pampa;42084;Lihuel Calel;NA;1;197;2031
42;La Pampa;42091;Limay Mahuida;NA;1;200;2031
42;La Pampa;42098;Loventué;NA;1;4784;2031
42;La Pampa;42105;Maracó;NA;1;37676;2031
42;La Pampa;42112;Puelén;NA;1;6181;2031
42;La Pampa;42119;Quemú Quemú;NA;1;4175;2031
42;La Pampa;42126;Rancul;NA;1;5595;2031
42;La Pampa;42133;Realicó;NA;1;9069;2031
42;La Pampa;42140;Toay;NA;1;9859;2031
42;La Pampa;42147;Trenel;NA;1;2923;2031
42;La Pampa;42154;Utracán;NA;1;9349;2031
42;La Pampa;42007;Atreucó;NA;1;5764;2032
42;La Pampa;42014;Caleu Caleu;NA;1;1358;2032
42;La Pampa;42021;Capital;NA;1;64773;2032
42;La Pampa;42028;Catriló;NA;1;4283;2032
42;La Pampa;42049;Chalileo;NA;1;1481;2032
42;La Pampa;42056;Chapaleufú;NA;1;6301;2032
42;La Pampa;42063;Chical Co;NA;1;723;2032
42;La Pampa;42035;Conhelo;NA;1;7864;2032
42;La Pampa;42042;Curacó;NA;1;543;2032
42;La Pampa;42070;Guatraché;NA;1;4874;2032
42;La Pampa;42077;Hucal;NA;1;3974;2032
42;La Pampa;42084;Lihuel Calel;NA;1;197;2032
42;La Pampa;42091;Limay Mahuida;NA;1;200;2032
42;La Pampa;42098;Loventué;NA;1;4788;2032
42;La Pampa;42105;Maracó;NA;1;37771;2032
42;La Pampa;42112;Puelén;NA;1;6205;2032
42;La Pampa;42119;Quemú Quemú;NA;1;4167;2032
42;La Pampa;42126;Rancul;NA;1;5594;2032
42;La Pampa;42133;Realicó;NA;1;9076;2032
42;La Pampa;42140;Toay;NA;1;9917;2032
42;La Pampa;42147;Trenel;NA;1;2924;2032
42;La Pampa;42154;Utracán;NA;1;9372;2032
42;La Pampa;42007;Atreucó;NA;1;5771;2033
42;La Pampa;42014;Caleu Caleu;NA;1;1361;2033
42;La Pampa;42021;Capital;NA;1;64882;2033
42;La Pampa;42028;Catriló;NA;1;4290;2033
42;La Pampa;42049;Chalileo;NA;1;1480;2033
42;La Pampa;42056;Chapaleufú;NA;1;6303;2033
42;La Pampa;42063;Chical Co;NA;1;723;2033
42;La Pampa;42035;Conhelo;NA;1;7869;2033
42;La Pampa;42042;Curacó;NA;1;544;2033
42;La Pampa;42070;Guatraché;NA;1;4877;2033
42;La Pampa;42077;Hucal;NA;1;3974;2033
42;La Pampa;42084;Lihuel Calel;NA;1;197;2033
42;La Pampa;42091;Limay Mahuida;NA;1;199;2033
42;La Pampa;42098;Loventué;NA;1;4791;2033
42;La Pampa;42105;Maracó;NA;1;37863;2033
42;La Pampa;42112;Puelén;NA;1;6227;2033
42;La Pampa;42119;Quemú Quemú;NA;1;4160;2033
42;La Pampa;42126;Rancul;NA;1;5593;2033
42;La Pampa;42133;Realicó;NA;1;9082;2033
42;La Pampa;42140;Toay;NA;1;9974;2033
42;La Pampa;42147;Trenel;NA;1;2926;2033
42;La Pampa;42154;Utracán;NA;1;9394;2033
42;La Pampa;42007;Atreucó;NA;1;5776;2034
42;La Pampa;42014;Caleu Caleu;NA;1;1364;2034
42;La Pampa;42021;Capital;NA;1;64981;2034
42;La Pampa;42028;Catriló;NA;1;4297;2034
42;La Pampa;42049;Chalileo;NA;1;1479;2034
42;La Pampa;42056;Chapaleufú;NA;1;6305;2034
42;La Pampa;42063;Chical Co;NA;1;722;2034
42;La Pampa;42035;Conhelo;NA;1;7874;2034
42;La Pampa;42042;Curacó;NA;1;545;2034
42;La Pampa;42070;Guatraché;NA;1;4880;2034
42;La Pampa;42077;Hucal;NA;1;3974;2034
42;La Pampa;42084;Lihuel Calel;NA;1;197;2034
42;La Pampa;42091;Limay Mahuida;NA;1;199;2034
42;La Pampa;42098;Loventué;NA;1;4795;2034
42;La Pampa;42105;Maracó;NA;1;37948;2034
42;La Pampa;42112;Puelén;NA;1;6248;2034
42;La Pampa;42119;Quemú Quemú;NA;1;4153;2034
42;La Pampa;42126;Rancul;NA;1;5591;2034
42;La Pampa;42133;Realicó;NA;1;9088;2034
42;La Pampa;42140;Toay;NA;1;10027;2034
42;La Pampa;42147;Trenel;NA;1;2927;2034
42;La Pampa;42154;Utracán;NA;1;9415;2034
42;La Pampa;42007;Atreucó;NA;1;5782;2035
42;La Pampa;42014;Caleu Caleu;NA;1;1366;2035
42;La Pampa;42021;Capital;NA;1;65081;2035
42;La Pampa;42028;Catriló;NA;1;4304;2035
42;La Pampa;42049;Chalileo;NA;1;1478;2035
42;La Pampa;42056;Chapaleufú;NA;1;6307;2035
42;La Pampa;42063;Chical Co;NA;1;721;2035
42;La Pampa;42035;Conhelo;NA;1;7879;2035
42;La Pampa;42042;Curacó;NA;1;546;2035
42;La Pampa;42070;Guatraché;NA;1;4883;2035
42;La Pampa;42077;Hucal;NA;1;3974;2035
42;La Pampa;42084;Lihuel Calel;NA;1;198;2035
42;La Pampa;42091;Limay Mahuida;NA;1;199;2035
42;La Pampa;42098;Loventué;NA;1;4798;2035
42;La Pampa;42105;Maracó;NA;1;38033;2035
42;La Pampa;42112;Puelén;NA;1;6269;2035
42;La Pampa;42119;Quemú Quemú;NA;1;4146;2035
42;La Pampa;42126;Rancul;NA;1;5590;2035
42;La Pampa;42133;Realicó;NA;1;9094;2035
42;La Pampa;42140;Toay;NA;1;10079;2035
42;La Pampa;42147;Trenel;NA;1;2928;2035
42;La Pampa;42154;Utracán;NA;1;9436;2035
50;Mendoza;50007;Capital;NA;2;60900;2022
50;Mendoza;50014;General Alvear;NA;2;25459;2022
50;Mendoza;50021;Godoy Cruz;NA;2;92881;2022
50;Mendoza;50028;Guaymallén;NA;2;156524;2022
50;Mendoza;50035;Junín;NA;2;22965;2022
50;Mendoza;50042;La Paz;NA;2;6024;2022
50;Mendoza;50049;Las Heras;NA;2;114358;2022
50;Mendoza;50056;Lavalle;NA;2;23713;2022
50;Mendoza;50063;Luján de Cuyo;NA;2;87417;2022
50;Mendoza;50070;Maipú;NA;2;107595;2022
50;Mendoza;50077;Malargüe;NA;2;16324;2022
50;Mendoza;50084;Rivadavia;NA;2;31301;2022
50;Mendoza;50091;San Carlos;NA;2;19850;2022
50;Mendoza;50098;San Martín;NA;2;68356;2022
50;Mendoza;50105;San Rafael;NA;2;104957;2022
50;Mendoza;50112;Santa Rosa;NA;2;9854;2022
50;Mendoza;50119;Tunuyán;NA;2;29325;2022
50;Mendoza;50126;Tupungato;NA;2;20845;2022
50;Mendoza;50007;Capital;NA;2;60977;2023
50;Mendoza;50014;General Alvear;NA;2;25493;2023
50;Mendoza;50021;Godoy Cruz;NA;2;92862;2023
50;Mendoza;50028;Guaymallén;NA;2;156776;2023
50;Mendoza;50035;Junín;NA;2;23036;2023
50;Mendoza;50042;La Paz;NA;2;6041;2023
50;Mendoza;50049;Las Heras;NA;2;114563;2023
50;Mendoza;50056;Lavalle;NA;2;23803;2023
50;Mendoza;50063;Luján de Cuyo;NA;2;87980;2023
50;Mendoza;50070;Maipú;NA;2;107993;2023
50;Mendoza;50077;Malargüe;NA;2;16356;2023
50;Mendoza;50084;Rivadavia;NA;2;31343;2023
50;Mendoza;50091;San Carlos;NA;2;19909;2023
50;Mendoza;50098;San Martín;NA;2;68514;2023
50;Mendoza;50105;San Rafael;NA;2;105146;2023
50;Mendoza;50112;Santa Rosa;NA;2;9876;2023
50;Mendoza;50119;Tunuyán;NA;2;29404;2023
50;Mendoza;50126;Tupungato;NA;2;20920;2023
50;Mendoza;50007;Capital;NA;2;61065;2024
50;Mendoza;50014;General Alvear;NA;2;25532;2024
50;Mendoza;50021;Godoy Cruz;NA;2;92840;2024
50;Mendoza;50028;Guaymallén;NA;2;157063;2024
50;Mendoza;50035;Junín;NA;2;23118;2024
50;Mendoza;50042;La Paz;NA;2;6060;2024
50;Mendoza;50049;Las Heras;NA;2;114799;2024
50;Mendoza;50056;Lavalle;NA;2;23907;2024
50;Mendoza;50063;Luján de Cuyo;NA;2;88622;2024
50;Mendoza;50070;Maipú;NA;2;108448;2024
50;Mendoza;50077;Malargüe;NA;2;16392;2024
50;Mendoza;50084;Rivadavia;NA;2;31391;2024
50;Mendoza;50091;San Carlos;NA;2;19975;2024
50;Mendoza;50098;San Martín;NA;2;68694;2024
50;Mendoza;50105;San Rafael;NA;2;105362;2024
50;Mendoza;50112;Santa Rosa;NA;2;9903;2024
50;Mendoza;50119;Tunuyán;NA;2;29494;2024
50;Mendoza;50126;Tupungato;NA;2;21006;2024
50;Mendoza;50007;Capital;NA;2;61152;2025
50;Mendoza;50014;General Alvear;NA;2;25570;2025
50;Mendoza;50021;Godoy Cruz;NA;2;92819;2025
50;Mendoza;50028;Guaymallén;NA;2;157346;2025
50;Mendoza;50035;Junín;NA;2;23199;2025
50;Mendoza;50042;La Paz;NA;2;6078;2025
50;Mendoza;50049;Las Heras;NA;2;115030;2025
50;Mendoza;50056;Lavalle;NA;2;24008;2025
50;Mendoza;50063;Luján de Cuyo;NA;2;89255;2025
50;Mendoza;50070;Maipú;NA;2;108895;2025
50;Mendoza;50077;Malargüe;NA;2;16428;2025
50;Mendoza;50084;Rivadavia;NA;2;31438;2025
50;Mendoza;50091;San Carlos;NA;2;20041;2025
50;Mendoza;50098;San Martín;NA;2;68871;2025
50;Mendoza;50105;San Rafael;NA;2;105575;2025
50;Mendoza;50112;Santa Rosa;NA;2;9929;2025
50;Mendoza;50119;Tunuyán;NA;2;29583;2025
50;Mendoza;50126;Tupungato;NA;2;21091;2025
50;Mendoza;50007;Capital;NA;2;61237;2026
50;Mendoza;50014;General Alvear;NA;2;25607;2026
50;Mendoza;50021;Godoy Cruz;NA;2;92798;2026
50;Mendoza;50028;Guaymallén;NA;2;157620;2026
50;Mendoza;50035;Junín;NA;2;23277;2026
50;Mendoza;50042;La Paz;NA;2;6096;2026
50;Mendoza;50049;Las Heras;NA;2;115255;2026
50;Mendoza;50056;Lavalle;NA;2;24107;2026
50;Mendoza;50063;Luján de Cuyo;NA;2;89869;2026
50;Mendoza;50070;Maipú;NA;2;109330;2026
50;Mendoza;50077;Malargüe;NA;2;16463;2026
50;Mendoza;50084;Rivadavia;NA;2;31484;2026
50;Mendoza;50091;San Carlos;NA;2;20104;2026
50;Mendoza;50098;San Martín;NA;2;69043;2026
50;Mendoza;50105;San Rafael;NA;2;105781;2026
50;Mendoza;50112;Santa Rosa;NA;2;9954;2026
50;Mendoza;50119;Tunuyán;NA;2;29669;2026
50;Mendoza;50126;Tupungato;NA;2;21173;2026
50;Mendoza;50007;Capital;NA;2;61317;2027
50;Mendoza;50014;General Alvear;NA;2;25643;2027
50;Mendoza;50021;Godoy Cruz;NA;2;92779;2027
50;Mendoza;50028;Guaymallén;NA;2;157881;2027
50;Mendoza;50035;Junín;NA;2;23351;2027
50;Mendoza;50042;La Paz;NA;2;6113;2027
50;Mendoza;50049;Las Heras;NA;2;115469;2027
50;Mendoza;50056;Lavalle;NA;2;24201;2027
50;Mendoza;50063;Luján de Cuyo;NA;2;90454;2027
50;Mendoza;50070;Maipú;NA;2;109743;2027
50;Mendoza;50077;Malargüe;NA;2;16496;2027
50;Mendoza;50084;Rivadavia;NA;2;31528;2027
50;Mendoza;50091;San Carlos;NA;2;20165;2027
50;Mendoza;50098;San Martín;NA;2;69207;2027
50;Mendoza;50105;San Rafael;NA;2;105977;2027
50;Mendoza;50112;Santa Rosa;NA;2;9978;2027
50;Mendoza;50119;Tunuyán;NA;2;29751;2027
50;Mendoza;50126;Tupungato;NA;2;21251;2027
50;Mendoza;50007;Capital;NA;2;61393;2028
50;Mendoza;50014;General Alvear;NA;2;25676;2028
50;Mendoza;50021;Godoy Cruz;NA;2;92760;2028
50;Mendoza;50028;Guaymallén;NA;2;158127;2028
50;Mendoza;50035;Junín;NA;2;23422;2028
50;Mendoza;50042;La Paz;NA;2;6130;2028
50;Mendoza;50049;Las Heras;NA;2;115670;2028
50;Mendoza;50056;Lavalle;NA;2;24290;2028
50;Mendoza;50063;Luján de Cuyo;NA;2;91005;2028
50;Mendoza;50070;Maipú;NA;2;110133;2028
50;Mendoza;50077;Malargüe;NA;2;16527;2028
50;Mendoza;50084;Rivadavia;NA;2;31569;2028
50;Mendoza;50091;San Carlos;NA;2;20222;2028
50;Mendoza;50098;San Martín;NA;2;69361;2028
50;Mendoza;50105;San Rafael;NA;2;106162;2028
50;Mendoza;50112;Santa Rosa;NA;2;10000;2028
50;Mendoza;50119;Tunuyán;NA;2;29828;2028
50;Mendoza;50126;Tupungato;NA;2;21325;2028
50;Mendoza;50007;Capital;NA;2;61466;2029
50;Mendoza;50014;General Alvear;NA;2;25708;2029
50;Mendoza;50021;Godoy Cruz;NA;2;92743;2029
50;Mendoza;50028;Guaymallén;NA;2;158365;2029
50;Mendoza;50035;Junín;NA;2;23489;2029
50;Mendoza;50042;La Paz;NA;2;6145;2029
50;Mendoza;50049;Las Heras;NA;2;115865;2029
50;Mendoza;50056;Lavalle;NA;2;24375;2029
50;Mendoza;50063;Luján de Cuyo;NA;2;91536;2029
50;Mendoza;50070;Maipú;NA;2;110509;2029
50;Mendoza;50077;Malargüe;NA;2;16557;2029
50;Mendoza;50084;Rivadavia;NA;2;31609;2029
50;Mendoza;50091;San Carlos;NA;2;20277;2029
50;Mendoza;50098;San Martín;NA;2;69510;2029
50;Mendoza;50105;San Rafael;NA;2;106341;2029
50;Mendoza;50112;Santa Rosa;NA;2;10022;2029
50;Mendoza;50119;Tunuyán;NA;2;29903;2029
50;Mendoza;50126;Tupungato;NA;2;21397;2029
50;Mendoza;50007;Capital;NA;2;61540;2030
50;Mendoza;50014;General Alvear;NA;2;25740;2030
50;Mendoza;50021;Godoy Cruz;NA;2;92725;2030
50;Mendoza;50028;Guaymallén;NA;2;158603;2030
50;Mendoza;50035;Junín;NA;2;23557;2030
50;Mendoza;50042;La Paz;NA;2;6161;2030
50;Mendoza;50049;Las Heras;NA;2;116060;2030
50;Mendoza;50056;Lavalle;NA;2;24461;2030
50;Mendoza;50063;Luján de Cuyo;NA;2;92069;2030
50;Mendoza;50070;Maipú;NA;2;110886;2030
50;Mendoza;50077;Malargüe;NA;2;16588;2030
50;Mendoza;50084;Rivadavia;NA;2;31649;2030
50;Mendoza;50091;San Carlos;NA;2;20332;2030
50;Mendoza;50098;San Martín;NA;2;69659;2030
50;Mendoza;50105;San Rafael;NA;2;106519;2030
50;Mendoza;50112;Santa Rosa;NA;2;10044;2030
50;Mendoza;50119;Tunuyán;NA;2;29977;2030
50;Mendoza;50126;Tupungato;NA;2;21468;2030
50;Mendoza;50007;Capital;NA;2;61614;2031
50;Mendoza;50014;General Alvear;NA;2;25773;2031
50;Mendoza;50021;Godoy Cruz;NA;2;92706;2031
50;Mendoza;50028;Guaymallén;NA;2;158846;2031
50;Mendoza;50035;Junín;NA;2;23626;2031
50;Mendoza;50042;La Paz;NA;2;6177;2031
50;Mendoza;50049;Las Heras;NA;2;116259;2031
50;Mendoza;50056;Lavalle;NA;2;24548;2031
50;Mendoza;50063;Luján de Cuyo;NA;2;92614;2031
50;Mendoza;50070;Maipú;NA;2;111272;2031
50;Mendoza;50077;Malargüe;NA;2;16619;2031
50;Mendoza;50084;Rivadavia;NA;2;31690;2031
50;Mendoza;50091;San Carlos;NA;2;20388;2031
50;Mendoza;50098;San Martín;NA;2;69812;2031
50;Mendoza;50105;San Rafael;NA;2;106702;2031
50;Mendoza;50112;Santa Rosa;NA;2;10066;2031
50;Mendoza;50119;Tunuyán;NA;2;30054;2031
50;Mendoza;50126;Tupungato;NA;2;21541;2031
50;Mendoza;50007;Capital;NA;2;61691;2032
50;Mendoza;50014;General Alvear;NA;2;25807;2032
50;Mendoza;50021;Godoy Cruz;NA;2;92688;2032
50;Mendoza;50028;Guaymallén;NA;2;159095;2032
50;Mendoza;50035;Junín;NA;2;23697;2032
50;Mendoza;50042;La Paz;NA;2;6193;2032
50;Mendoza;50049;Las Heras;NA;2;116462;2032
50;Mendoza;50056;Lavalle;NA;2;24638;2032
50;Mendoza;50063;Luján de Cuyo;NA;2;93171;2032
50;Mendoza;50070;Maipú;NA;2;111666;2032
50;Mendoza;50077;Malargüe;NA;2;16650;2032
50;Mendoza;50084;Rivadavia;NA;2;31732;2032
50;Mendoza;50091;San Carlos;NA;2;20446;2032
50;Mendoza;50098;San Martín;NA;2;69968;2032
50;Mendoza;50105;San Rafael;NA;2;106889;2032
50;Mendoza;50112;Santa Rosa;NA;2;10089;2032
50;Mendoza;50119;Tunuyán;NA;2;30131;2032
50;Mendoza;50126;Tupungato;NA;2;21616;2032
50;Mendoza;50007;Capital;NA;2;61770;2033
50;Mendoza;50014;General Alvear;NA;2;25841;2033
50;Mendoza;50021;Godoy Cruz;NA;2;92669;2033
50;Mendoza;50028;Guaymallén;NA;2;159350;2033
50;Mendoza;50035;Junín;NA;2;23770;2033
50;Mendoza;50042;La Paz;NA;2;6210;2033
50;Mendoza;50049;Las Heras;NA;2;116671;2033
50;Mendoza;50056;Lavalle;NA;2;24730;2033
50;Mendoza;50063;Luján de Cuyo;NA;2;93742;2033
50;Mendoza;50070;Maipú;NA;2;112070;2033
50;Mendoza;50077;Malargüe;NA;2;16682;2033
50;Mendoza;50084;Rivadavia;NA;2;31774;2033
50;Mendoza;50091;San Carlos;NA;2;20505;2033
50;Mendoza;50098;San Martín;NA;2;70128;2033
50;Mendoza;50105;San Rafael;NA;2;107081;2033
50;Mendoza;50112;Santa Rosa;NA;2;10112;2033
50;Mendoza;50119;Tunuyán;NA;2;30212;2033
50;Mendoza;50126;Tupungato;NA;2;21692;2033
50;Mendoza;50007;Capital;NA;2;61850;2034
50;Mendoza;50014;General Alvear;NA;2;25877;2034
50;Mendoza;50021;Godoy Cruz;NA;2;92649;2034
50;Mendoza;50028;Guaymallén;NA;2;159610;2034
50;Mendoza;50035;Junín;NA;2;23844;2034
50;Mendoza;50042;La Paz;NA;2;6227;2034
50;Mendoza;50049;Las Heras;NA;2;116884;2034
50;Mendoza;50056;Lavalle;NA;2;24823;2034
50;Mendoza;50063;Luján de Cuyo;NA;2;94323;2034
50;Mendoza;50070;Maipú;NA;2;112481;2034
50;Mendoza;50077;Malargüe;NA;2;16715;2034
50;Mendoza;50084;Rivadavia;NA;2;31818;2034
50;Mendoza;50091;San Carlos;NA;2;20565;2034
50;Mendoza;50098;San Martín;NA;2;70291;2034
50;Mendoza;50105;San Rafael;NA;2;107276;2034
50;Mendoza;50112;Santa Rosa;NA;2;10136;2034
50;Mendoza;50119;Tunuyán;NA;2;30293;2034
50;Mendoza;50126;Tupungato;NA;2;21770;2034
50;Mendoza;50007;Capital;NA;2;61931;2035
50;Mendoza;50014;General Alvear;NA;2;25913;2035
50;Mendoza;50021;Godoy Cruz;NA;2;92629;2035
50;Mendoza;50028;Guaymallén;NA;2;159876;2035
50;Mendoza;50035;Junín;NA;2;23920;2035
50;Mendoza;50042;La Paz;NA;2;6245;2035
50;Mendoza;50049;Las Heras;NA;2;117102;2035
50;Mendoza;50056;Lavalle;NA;2;24919;2035
50;Mendoza;50063;Luján de Cuyo;NA;2;94919;2035
50;Mendoza;50070;Maipú;NA;2;112903;2035
50;Mendoza;50077;Malargüe;NA;2;16749;2035
50;Mendoza;50084;Rivadavia;NA;2;31863;2035
50;Mendoza;50091;San Carlos;NA;2;20627;2035
50;Mendoza;50098;San Martín;NA;2;70457;2035
50;Mendoza;50105;San Rafael;NA;2;107476;2035
50;Mendoza;50112;Santa Rosa;NA;2;10160;2035
50;Mendoza;50119;Tunuyán;NA;2;30376;2035
50;Mendoza;50126;Tupungato;NA;2;21850;2035
50;Mendoza;50007;Capital;NA;1;65417;2022
50;Mendoza;50014;General Alvear;NA;1;26789;2022
50;Mendoza;50021;Godoy Cruz;NA;1;103129;2022
50;Mendoza;50028;Guaymallén;NA;1;163366;2022
50;Mendoza;50035;Junín;NA;1;23353;2022
50;Mendoza;50042;La Paz;NA;1;5990;2022
50;Mendoza;50049;Las Heras;NA;1;118514;2022
50;Mendoza;50056;Lavalle;NA;1;23179;2022
50;Mendoza;50063;Luján de Cuyo;NA;1;86598;2022
50;Mendoza;50070;Maipú;NA;1;110447;2022
50;Mendoza;50077;Malargüe;NA;1;16198;2022
50;Mendoza;50084;Rivadavia;NA;1;32030;2022
50;Mendoza;50091;San Carlos;NA;1;19768;2022
50;Mendoza;50098;San Martín;NA;1;70563;2022
50;Mendoza;50105;San Rafael;NA;1;108715;2022
50;Mendoza;50112;Santa Rosa;NA;1;9419;2022
50;Mendoza;50119;Tunuyán;NA;1;30466;2022
50;Mendoza;50126;Tupungato;NA;1;20194;2022
50;Mendoza;50007;Capital;NA;1;65445;2023
50;Mendoza;50014;General Alvear;NA;1;26825;2023
50;Mendoza;50021;Godoy Cruz;NA;1;103142;2023
50;Mendoza;50028;Guaymallén;NA;1;163570;2023
50;Mendoza;50035;Junín;NA;1;23419;2023
50;Mendoza;50042;La Paz;NA;1;6004;2023
50;Mendoza;50049;Las Heras;NA;1;118703;2023
50;Mendoza;50056;Lavalle;NA;1;23265;2023
50;Mendoza;50063;Luján de Cuyo;NA;1;87066;2023
50;Mendoza;50070;Maipú;NA;1;110833;2023
50;Mendoza;50077;Malargüe;NA;1;16240;2023
50;Mendoza;50084;Rivadavia;NA;1;32071;2023
50;Mendoza;50091;San Carlos;NA;1;19823;2023
50;Mendoza;50098;San Martín;NA;1;70713;2023
50;Mendoza;50105;San Rafael;NA;1;108860;2023
50;Mendoza;50112;Santa Rosa;NA;1;9438;2023
50;Mendoza;50119;Tunuyán;NA;1;30554;2023
50;Mendoza;50126;Tupungato;NA;1;20265;2023
50;Mendoza;50007;Capital;NA;1;65476;2024
50;Mendoza;50014;General Alvear;NA;1;26864;2024
50;Mendoza;50021;Godoy Cruz;NA;1;103156;2024
50;Mendoza;50028;Guaymallén;NA;1;163795;2024
50;Mendoza;50035;Junín;NA;1;23493;2024
50;Mendoza;50042;La Paz;NA;1;6020;2024
50;Mendoza;50049;Las Heras;NA;1;118912;2024
50;Mendoza;50056;Lavalle;NA;1;23361;2024
50;Mendoza;50063;Luján de Cuyo;NA;1;87586;2024
50;Mendoza;50070;Maipú;NA;1;111262;2024
50;Mendoza;50077;Malargüe;NA;1;16287;2024
50;Mendoza;50084;Rivadavia;NA;1;32117;2024
50;Mendoza;50091;San Carlos;NA;1;19884;2024
50;Mendoza;50098;San Martín;NA;1;70880;2024
50;Mendoza;50105;San Rafael;NA;1;109022;2024
50;Mendoza;50112;Santa Rosa;NA;1;9460;2024
50;Mendoza;50119;Tunuyán;NA;1;30651;2024
50;Mendoza;50126;Tupungato;NA;1;20344;2024
50;Mendoza;50007;Capital;NA;1;65506;2025
50;Mendoza;50014;General Alvear;NA;1;26904;2025
50;Mendoza;50021;Godoy Cruz;NA;1;103170;2025
50;Mendoza;50028;Guaymallén;NA;1;164018;2025
50;Mendoza;50035;Junín;NA;1;23565;2025
50;Mendoza;50042;La Paz;NA;1;6036;2025
50;Mendoza;50049;Las Heras;NA;1;119118;2025
50;Mendoza;50056;Lavalle;NA;1;23455;2025
50;Mendoza;50063;Luján de Cuyo;NA;1;88099;2025
50;Mendoza;50070;Maipú;NA;1;111685;2025
50;Mendoza;50077;Malargüe;NA;1;16332;2025
50;Mendoza;50084;Rivadavia;NA;1;32163;2025
50;Mendoza;50091;San Carlos;NA;1;19945;2025
50;Mendoza;50098;San Martín;NA;1;71045;2025
50;Mendoza;50105;San Rafael;NA;1;109182;2025
50;Mendoza;50112;Santa Rosa;NA;1;9482;2025
50;Mendoza;50119;Tunuyán;NA;1;30747;2025
50;Mendoza;50126;Tupungato;NA;1;20421;2025
50;Mendoza;50007;Capital;NA;1;65534;2026
50;Mendoza;50014;General Alvear;NA;1;26940;2026
50;Mendoza;50021;Godoy Cruz;NA;1;103184;2026
50;Mendoza;50028;Guaymallén;NA;1;164228;2026
50;Mendoza;50035;Junín;NA;1;23634;2026
50;Mendoza;50042;La Paz;NA;1;6051;2026
50;Mendoza;50049;Las Heras;NA;1;119313;2026
50;Mendoza;50056;Lavalle;NA;1;23544;2026
50;Mendoza;50063;Luján de Cuyo;NA;1;88583;2026
50;Mendoza;50070;Maipú;NA;1;112084;2026
50;Mendoza;50077;Malargüe;NA;1;16375;2026
50;Mendoza;50084;Rivadavia;NA;1;32205;2026
50;Mendoza;50091;San Carlos;NA;1;20002;2026
50;Mendoza;50098;San Martín;NA;1;71200;2026
50;Mendoza;50105;San Rafael;NA;1;109333;2026
50;Mendoza;50112;Santa Rosa;NA;1;9502;2026
50;Mendoza;50119;Tunuyán;NA;1;30838;2026
50;Mendoza;50126;Tupungato;NA;1;20495;2026
50;Mendoza;50007;Capital;NA;1;65560;2027
50;Mendoza;50014;General Alvear;NA;1;26974;2027
50;Mendoza;50021;Godoy Cruz;NA;1;103196;2027
50;Mendoza;50028;Guaymallén;NA;1;164419;2027
50;Mendoza;50035;Junín;NA;1;23696;2027
50;Mendoza;50042;La Paz;NA;1;6065;2027
50;Mendoza;50049;Las Heras;NA;1;119490;2027
50;Mendoza;50056;Lavalle;NA;1;23625;2027
50;Mendoza;50063;Luján de Cuyo;NA;1;89023;2027
50;Mendoza;50070;Maipú;NA;1;112447;2027
50;Mendoza;50077;Malargüe;NA;1;16414;2027
50;Mendoza;50084;Rivadavia;NA;1;32244;2027
50;Mendoza;50091;San Carlos;NA;1;20054;2027
50;Mendoza;50098;San Martín;NA;1;71341;2027
50;Mendoza;50105;San Rafael;NA;1;109469;2027
50;Mendoza;50112;Santa Rosa;NA;1;9521;2027
50;Mendoza;50119;Tunuyán;NA;1;30920;2027
50;Mendoza;50126;Tupungato;NA;1;20561;2027
50;Mendoza;50007;Capital;NA;1;65584;2028
50;Mendoza;50014;General Alvear;NA;1;27005;2028
50;Mendoza;50021;Godoy Cruz;NA;1;103207;2028
50;Mendoza;50028;Guaymallén;NA;1;164596;2028
50;Mendoza;50035;Junín;NA;1;23753;2028
50;Mendoza;50042;La Paz;NA;1;6078;2028
50;Mendoza;50049;Las Heras;NA;1;119654;2028
50;Mendoza;50056;Lavalle;NA;1;23701;2028
50;Mendoza;50063;Luján de Cuyo;NA;1;89430;2028
50;Mendoza;50070;Maipú;NA;1;112783;2028
50;Mendoza;50077;Malargüe;NA;1;16451;2028
50;Mendoza;50084;Rivadavia;NA;1;32280;2028
50;Mendoza;50091;San Carlos;NA;1;20102;2028
50;Mendoza;50098;San Martín;NA;1;71472;2028
50;Mendoza;50105;San Rafael;NA;1;109596;2028
50;Mendoza;50112;Santa Rosa;NA;1;9538;2028
50;Mendoza;50119;Tunuyán;NA;1;30996;2028
50;Mendoza;50126;Tupungato;NA;1;20623;2028
50;Mendoza;50007;Capital;NA;1;65607;2029
50;Mendoza;50014;General Alvear;NA;1;27034;2029
50;Mendoza;50021;Godoy Cruz;NA;1;103218;2029
50;Mendoza;50028;Guaymallén;NA;1;164764;2029
50;Mendoza;50035;Junín;NA;1;23808;2029
50;Mendoza;50042;La Paz;NA;1;6089;2029
50;Mendoza;50049;Las Heras;NA;1;119810;2029
50;Mendoza;50056;Lavalle;NA;1;23772;2029
50;Mendoza;50063;Luján de Cuyo;NA;1;89817;2029
50;Mendoza;50070;Maipú;NA;1;113102;2029
50;Mendoza;50077;Malargüe;NA;1;16485;2029
50;Mendoza;50084;Rivadavia;NA;1;32314;2029
50;Mendoza;50091;San Carlos;NA;1;20148;2029
50;Mendoza;50098;San Martín;NA;1;71595;2029
50;Mendoza;50105;San Rafael;NA;1;109717;2029
50;Mendoza;50112;Santa Rosa;NA;1;9554;2029
50;Mendoza;50119;Tunuyán;NA;1;31069;2029
50;Mendoza;50126;Tupungato;NA;1;20681;2029
50;Mendoza;50007;Capital;NA;1;65629;2030
50;Mendoza;50014;General Alvear;NA;1;27063;2030
50;Mendoza;50021;Godoy Cruz;NA;1;103228;2030
50;Mendoza;50028;Guaymallén;NA;1;164929;2030
50;Mendoza;50035;Junín;NA;1;23862;2030
50;Mendoza;50042;La Paz;NA;1;6101;2030
50;Mendoza;50049;Las Heras;NA;1;119963;2030
50;Mendoza;50056;Lavalle;NA;1;23842;2030
50;Mendoza;50063;Luján de Cuyo;NA;1;90197;2030
50;Mendoza;50070;Maipú;NA;1;113415;2030
50;Mendoza;50077;Malargüe;NA;1;16519;2030
50;Mendoza;50084;Rivadavia;NA;1;32348;2030
50;Mendoza;50091;San Carlos;NA;1;20193;2030
50;Mendoza;50098;San Martín;NA;1;71717;2030
50;Mendoza;50105;San Rafael;NA;1;109835;2030
50;Mendoza;50112;Santa Rosa;NA;1;9570;2030
50;Mendoza;50119;Tunuyán;NA;1;31140;2030
50;Mendoza;50126;Tupungato;NA;1;20739;2030
50;Mendoza;50007;Capital;NA;1;65652;2031
50;Mendoza;50014;General Alvear;NA;1;27093;2031
50;Mendoza;50021;Godoy Cruz;NA;1;103239;2031
50;Mendoza;50028;Guaymallén;NA;1;165098;2031
50;Mendoza;50035;Junín;NA;1;23916;2031
50;Mendoza;50042;La Paz;NA;1;6113;2031
50;Mendoza;50049;Las Heras;NA;1;120119;2031
50;Mendoza;50056;Lavalle;NA;1;23913;2031
50;Mendoza;50063;Luján de Cuyo;NA;1;90585;2031
50;Mendoza;50070;Maipú;NA;1;113736;2031
50;Mendoza;50077;Malargüe;NA;1;16554;2031
50;Mendoza;50084;Rivadavia;NA;1;32382;2031
50;Mendoza;50091;San Carlos;NA;1;20238;2031
50;Mendoza;50098;San Martín;NA;1;71842;2031
50;Mendoza;50105;San Rafael;NA;1;109956;2031
50;Mendoza;50112;Santa Rosa;NA;1;9587;2031
50;Mendoza;50119;Tunuyán;NA;1;31213;2031
50;Mendoza;50126;Tupungato;NA;1;20797;2031
50;Mendoza;50007;Capital;NA;1;65675;2032
50;Mendoza;50014;General Alvear;NA;1;27123;2032
50;Mendoza;50021;Godoy Cruz;NA;1;103250;2032
50;Mendoza;50028;Guaymallén;NA;1;165269;2032
50;Mendoza;50035;Junín;NA;1;23972;2032
50;Mendoza;50042;La Paz;NA;1;6126;2032
50;Mendoza;50049;Las Heras;NA;1;120278;2032
50;Mendoza;50056;Lavalle;NA;1;23986;2032
50;Mendoza;50063;Luján de Cuyo;NA;1;90980;2032
50;Mendoza;50070;Maipú;NA;1;114061;2032
50;Mendoza;50077;Malargüe;NA;1;16589;2032
50;Mendoza;50084;Rivadavia;NA;1;32417;2032
50;Mendoza;50091;San Carlos;NA;1;20285;2032
50;Mendoza;50098;San Martín;NA;1;71968;2032
50;Mendoza;50105;San Rafael;NA;1;110079;2032
50;Mendoza;50112;Santa Rosa;NA;1;9603;2032
50;Mendoza;50119;Tunuyán;NA;1;31286;2032
50;Mendoza;50126;Tupungato;NA;1;20857;2032
50;Mendoza;50007;Capital;NA;1;65699;2033
50;Mendoza;50014;General Alvear;NA;1;27154;2033
50;Mendoza;50021;Godoy Cruz;NA;1;103261;2033
50;Mendoza;50028;Guaymallén;NA;1;165445;2033
50;Mendoza;50035;Junín;NA;1;24029;2033
50;Mendoza;50042;La Paz;NA;1;6138;2033
50;Mendoza;50049;Las Heras;NA;1;120440;2033
50;Mendoza;50056;Lavalle;NA;1;24060;2033
50;Mendoza;50063;Luján de Cuyo;NA;1;91383;2033
50;Mendoza;50070;Maipú;NA;1;114394;2033
50;Mendoza;50077;Malargüe;NA;1;16625;2033
50;Mendoza;50084;Rivadavia;NA;1;32453;2033
50;Mendoza;50091;San Carlos;NA;1;20333;2033
50;Mendoza;50098;San Martín;NA;1;72098;2033
50;Mendoza;50105;San Rafael;NA;1;110204;2033
50;Mendoza;50112;Santa Rosa;NA;1;9620;2033
50;Mendoza;50119;Tunuyán;NA;1;31362;2033
50;Mendoza;50126;Tupungato;NA;1;20918;2033
50;Mendoza;50007;Capital;NA;1;65723;2034
50;Mendoza;50014;General Alvear;NA;1;27185;2034
50;Mendoza;50021;Godoy Cruz;NA;1;103272;2034
50;Mendoza;50028;Guaymallén;NA;1;165623;2034
50;Mendoza;50035;Junín;NA;1;24087;2034
50;Mendoza;50042;La Paz;NA;1;6151;2034
50;Mendoza;50049;Las Heras;NA;1;120606;2034
50;Mendoza;50056;Lavalle;NA;1;24136;2034
50;Mendoza;50063;Luján de Cuyo;NA;1;91794;2034
50;Mendoza;50070;Maipú;NA;1;114733;2034
50;Mendoza;50077;Malargüe;NA;1;16662;2034
50;Mendoza;50084;Rivadavia;NA;1;32490;2034
50;Mendoza;50091;San Carlos;NA;1;20381;2034
50;Mendoza;50098;San Martín;NA;1;72230;2034
50;Mendoza;50105;San Rafael;NA;1;110332;2034
50;Mendoza;50112;Santa Rosa;NA;1;9638;2034
50;Mendoza;50119;Tunuyán;NA;1;31439;2034
50;Mendoza;50126;Tupungato;NA;1;20980;2034
50;Mendoza;50007;Capital;NA;1;65748;2035
50;Mendoza;50014;General Alvear;NA;1;27217;2035
50;Mendoza;50021;Godoy Cruz;NA;1;103284;2035
50;Mendoza;50028;Guaymallén;NA;1;165805;2035
50;Mendoza;50035;Junín;NA;1;24146;2035
50;Mendoza;50042;La Paz;NA;1;6164;2035
50;Mendoza;50049;Las Heras;NA;1;120774;2035
50;Mendoza;50056;Lavalle;NA;1;24213;2035
50;Mendoza;50063;Luján de Cuyo;NA;1;92212;2035
50;Mendoza;50070;Maipú;NA;1;115078;2035
50;Mendoza;50077;Malargüe;NA;1;16699;2035
50;Mendoza;50084;Rivadavia;NA;1;32526;2035
50;Mendoza;50091;San Carlos;NA;1;20431;2035
50;Mendoza;50098;San Martín;NA;1;72364;2035
50;Mendoza;50105;San Rafael;NA;1;110463;2035
50;Mendoza;50112;Santa Rosa;NA;1;9655;2035
50;Mendoza;50119;Tunuyán;NA;1;31517;2035
50;Mendoza;50126;Tupungato;NA;1;21043;2035
