anio,provincia_nombre,provincia_id,departamento_nombre,departemento_id,nacimientos
2012,Buenos Aires,6,Buenos Aires,06854,575
2012,Buenos Aires,6,Buenos Aires,06588,721
2012,Buenos Aires,6,Buenos Aires,06007,221
2012,Buenos Aires,6,Buenos Aires,06014,163
2012,Buenos Aires,6,Buenos Aires,06021,128
2012,Buenos Aires,6,Buenos Aires,06028,10874
2012,Buenos Aires,6,Buenos Aires,06077,510
2012,Buenos Aires,6,Buenos Aires,06035,6147
2012,Buenos Aires,6,Buenos Aires,06042,347
2012,Buenos Aires,6,Buenos Aires,06049,1056
2012,Buenos Aires,6,Buenos Aires,06056,4881
2012,Buenos Aires,6,Buenos Aires,06063,688
2012,Buenos Aires,6,Buenos Aires,06070,608
2012,Buenos Aires,6,Buenos Aires,06084,277
2012,Buenos Aires,6,Buenos Aires,06091,6400
2012,Buenos Aires,6,Buenos Aires,06098,1614
2012,Buenos Aires,6,Buenos Aires,06105,497
2012,Buenos Aires,6,Buenos Aires,06112,659
2012,Buenos Aires,6,Buenos Aires,06119,542
2012,Buenos Aires,6,Buenos Aires,06126,1964
2012,Buenos Aires,6,Buenos Aires,06140,237
2012,Buenos Aires,6,Buenos Aires,06147,360
2012,Buenos Aires,6,Buenos Aires,06154,148
2012,Buenos Aires,6,Buenos Aires,06161,245
2012,Buenos Aires,6,Buenos Aires,06168,139
2012,Buenos Aires,6,Buenos Aires,06134,1219
2012,Buenos Aires,6,Buenos Aires,06210,760
2012,Buenos Aires,6,Buenos Aires,06218,714
2012,Buenos Aires,6,Buenos Aires,06224,995
2012,Buenos Aires,6,Buenos Aires,06175,401
2012,Buenos Aires,6,Buenos Aires,06182,1043
2012,Buenos Aires,6,Buenos Aires,06189,199
2012,Buenos Aires,6,Buenos Aires,06196,397
2012,Buenos Aires,6,Buenos Aires,06203,599
2012,Buenos Aires,6,Buenos Aires,06231,269
2012,Buenos Aires,6,Buenos Aires,06238,447
2012,Buenos Aires,6,Buenos Aires,06245,1147
2012,Buenos Aires,6,Buenos Aires,06252,4962
2012,Buenos Aires,6,Buenos Aires,06260,6393
2012,Buenos Aires,6,Buenos Aires,06266,617
2012,Buenos Aires,6,Buenos Aires,06270,3884
2012,Buenos Aires,6,Buenos Aires,06274,9981
2012,Buenos Aires,6,Buenos Aires,06277,169
2012,Buenos Aires,6,Buenos Aires,06280,579
2012,Buenos Aires,6,Buenos Aires,06287,145
2012,Buenos Aires,6,Buenos Aires,06294,214
2012,Buenos Aires,6,Buenos Aires,06301,272
2012,Buenos Aires,6,Buenos Aires,06308,47
2012,Buenos Aires,6,Buenos Aires,06315,374
2012,Buenos Aires,6,Buenos Aires,06322,173
2012,Buenos Aires,6,Buenos Aires,06329,237
2012,Buenos Aires,6,Buenos Aires,06336,76
2012,Buenos Aires,6,Buenos Aires,06343,228
2012,Buenos Aires,6,Buenos Aires,06351,172
2012,Buenos Aires,6,Buenos Aires,06357,9925
2012,Buenos Aires,6,Buenos Aires,06364,2372
2012,Buenos Aires,6,Buenos Aires,06371,7155
2012,Buenos Aires,6,Buenos Aires,06385,259
2012,Buenos Aires,6,Buenos Aires,06392,505
2012,Buenos Aires,6,Buenos Aires,06399,136
2012,Buenos Aires,6,Buenos Aires,06406,154
2012,Buenos Aires,6,Buenos Aires,06408,3055
2012,Buenos Aires,6,Buenos Aires,06410,2533
2012,Buenos Aires,6,Buenos Aires,06412,6459
2012,Buenos Aires,6,Buenos Aires,06413,1504
2012,Buenos Aires,6,Buenos Aires,06420,1290
2012,Buenos Aires,6,Buenos Aires,06427,29229
2012,Buenos Aires,6,Buenos Aires,06441,13090
2012,Buenos Aires,6,Buenos Aires,06434,7613
2012,Buenos Aires,6,Buenos Aires,06448,171
2012,Buenos Aires,6,Buenos Aires,06455,370
2012,Buenos Aires,6,Buenos Aires,06462,263
2012,Buenos Aires,6,Buenos Aires,06466,48
2012,Buenos Aires,6,Buenos Aires,06469,616
2012,Buenos Aires,6,Buenos Aires,06476,227
2012,Buenos Aires,6,Buenos Aires,06483,627
2012,Buenos Aires,6,Buenos Aires,06490,13022
2012,Buenos Aires,6,Buenos Aires,06497,1903
2012,Buenos Aires,6,Buenos Aires,06505,333
2012,Buenos Aires,6,Buenos Aires,06511,168
2012,Buenos Aires,6,Buenos Aires,06515,6772
2012,Buenos Aires,6,Buenos Aires,06518,328
2012,Buenos Aires,6,Buenos Aires,06525,1270
2012,Buenos Aires,6,Buenos Aires,06532,1126
2012,Buenos Aires,6,Buenos Aires,06539,10918
2012,Buenos Aires,6,Buenos Aires,06547,411
2012,Buenos Aires,6,Buenos Aires,06553,113
2012,Buenos Aires,6,Buenos Aires,06560,10572
2012,Buenos Aires,6,Buenos Aires,06568,4624
2012,Buenos Aires,6,Buenos Aires,06574,304
2012,Buenos Aires,6,Buenos Aires,06581,1453
2012,Buenos Aires,6,Buenos Aires,06595,1744
2012,Buenos Aires,6,Buenos Aires,06602,583
2012,Buenos Aires,6,Buenos Aires,06609,641
2012,Buenos Aires,6,Buenos Aires,06616,107
2012,Buenos Aires,6,Buenos Aires,06623,1712
2012,Buenos Aires,6,Buenos Aires,06630,63
2012,Buenos Aires,6,Buenos Aires,06638,6980
2012,Buenos Aires,6,Buenos Aires,06644,606
2012,Buenos Aires,6,Buenos Aires,06648,2160
2012,Buenos Aires,6,Buenos Aires,06651,171
2012,Buenos Aires,6,Buenos Aires,06655,162
2012,Buenos Aires,6,Buenos Aires,06658,11262
2012,Buenos Aires,6,Buenos Aires,06665,648
2012,Buenos Aires,6,Buenos Aires,06672,223
2012,Buenos Aires,6,Buenos Aires,06679,274
2012,Buenos Aires,6,Buenos Aires,06686,389
2012,Buenos Aires,6,Buenos Aires,06693,203
2012,Buenos Aires,6,Buenos Aires,06700,285
2012,Buenos Aires,6,Buenos Aires,06707,491
2012,Buenos Aires,6,Buenos Aires,06721,117
2012,Buenos Aires,6,Buenos Aires,06714,625
2012,Buenos Aires,6,Buenos Aires,06728,395
2012,Buenos Aires,6,Buenos Aires,06735,398
2012,Buenos Aires,6,Buenos Aires,06742,90
2012,Buenos Aires,6,Buenos Aires,06749,2990
2012,Buenos Aires,6,Buenos Aires,06756,4943
2012,Buenos Aires,6,Buenos Aires,06760,5925
2012,Buenos Aires,6,Buenos Aires,06763,2559
2012,Buenos Aires,6,Buenos Aires,06770,1232
2012,Buenos Aires,6,Buenos Aires,06778,1586
2012,Buenos Aires,6,Buenos Aires,06784,186
2012,Buenos Aires,6,Buenos Aires,06791,1986
2012,Buenos Aires,6,Buenos Aires,06798,132
2012,Buenos Aires,6,Buenos Aires,06805,7908
2012,Buenos Aires,6,Buenos Aires,06812,33
2012,Buenos Aires,6,Buenos Aires,06819,187
2012,Buenos Aires,6,Buenos Aires,06826,754
2012,Buenos Aires,6,Buenos Aires,06833,844
2012,Buenos Aires,6,Buenos Aires,06840,5551
2012,Buenos Aires,6,Buenos Aires,06847,98
2012,Buenos Aires,6,Buenos Aires,06861,3537
2012,Buenos Aires,6,Buenos Aires,06868,639
2012,Buenos Aires,6,Buenos Aires,06875,587
2012,Buenos Aires,6,Buenos Aires,06882,2281
2012,Catamarca,10,Catamarca,10007,56
2012,Catamarca,10,Catamarca,10014,45
2012,Catamarca,10,Catamarca,10021,271
2012,Catamarca,10,Catamarca,10028,25
2012,Catamarca,10,Catamarca,10035,501
2012,Catamarca,10,Catamarca,10042,310
2012,Catamarca,10,Catamarca,10049,2859
2012,Catamarca,10,Catamarca,10056,69
2012,Catamarca,10,Catamarca,10063,216
2012,Catamarca,10,Catamarca,10070,403
2012,Catamarca,10,Catamarca,10077,79
2012,Catamarca,10,Catamarca,10084,189
2012,Catamarca,10,Catamarca,10091,398
2012,Catamarca,10,Catamarca,10098,227
2012,Catamarca,10,Catamarca,10105,363
2012,Catamarca,10,Catamarca,10112,488
2012,Chaco,22,Chaco,22036,471
2012,Chaco,22,Chaco,22126,210
2012,Chaco,22,Chaco,22039,109
2012,Chaco,22,Chaco,22168,753
2012,Chaco,22,Chaco,22105,570
2012,Chaco,22,Chaco,22007,839
2012,Chaco,22,Chaco,22014,504
2012,Chaco,22,Chaco,22028,603
2012,Chaco,22,Chaco,22021,2303
2012,Chaco,22,Chaco,22043,232
2012,Chaco,22,Chaco,22049,292
2012,Chaco,22,Chaco,22056,271
2012,Chaco,22,Chaco,22063,1985
2012,Chaco,22,Chaco,22070,553
2012,Chaco,22,Chaco,22077,232
2012,Chaco,22,Chaco,22084,1348
2012,Chaco,22,Chaco,22091,576
2012,Chaco,22,Chaco,22098,1363
2012,Chaco,22,Chaco,22112,484
2012,Chaco,22,Chaco,22119,276
2012,Chaco,22,Chaco,22133,687
2012,Chaco,22,Chaco,22140,7895
2012,Chaco,22,Chaco,22147,270
2012,Chaco,22,Chaco,22154,344
2012,Chaco,22,Chaco,22161,77
2012,Chubut,26,Chubut,26007,1630
2012,Chubut,26,Chubut,26014,399
2012,Chubut,26,Chubut,26021,3872
2012,Chubut,26,Chubut,26028,23
2012,Chubut,26,Chubut,26035,829
2012,Chubut,26,Chubut,26042,181
2012,Chubut,26,Chubut,26049,11
2012,Chubut,26,Chubut,26056,33
2012,Chubut,26,Chubut,26063,10
2012,Chubut,26,Chubut,26070,16
2012,Chubut,26,Chubut,26077,2295
2012,Chubut,26,Chubut,26084,106
2012,Chubut,26,Chubut,26091,254
2012,Chubut,26,Chubut,26098,97
2012,Chubut,26,Chubut,26105,26
2012,Córdoba,14,Córdoba,14007,922
2012,Córdoba,14,Córdoba,14014,24173
2012,Córdoba,14,Córdoba,14021,4536
2012,Córdoba,14,Córdoba,14028,967
2012,Córdoba,14,Córdoba,14035,501
2012,Córdoba,14,Córdoba,14042,2341
2012,Córdoba,14,Córdoba,14049,568
2012,Córdoba,14,Córdoba,14056,954
2012,Córdoba,14,Córdoba,14063,1454
2012,Córdoba,14,Córdoba,14070,64
2012,Córdoba,14,Córdoba,14077,52
2012,Córdoba,14,Córdoba,14084,578
2012,Córdoba,14,Córdoba,14091,3014
2012,Córdoba,14,Córdoba,14098,4256
2012,Córdoba,14,Córdoba,14105,880
2012,Córdoba,14,Córdoba,14112,243
2012,Córdoba,14,Córdoba,14119,1657
2012,Córdoba,14,Córdoba,14126,600
2012,Córdoba,14,Córdoba,14133,1019
2012,Córdoba,14,Córdoba,14140,3464
2012,Córdoba,14,Córdoba,14147,1839
2012,Córdoba,14,Córdoba,14154,63
2012,Córdoba,14,Córdoba,14161,1856
2012,Córdoba,14,Córdoba,14168,322
2012,Córdoba,14,Córdoba,14175,186
2012,Córdoba,14,Córdoba,14182,1588
2012,Corrientes,18,Corrientes,18007,734
2012,Corrientes,18,Corrientes,18014,35
2012,Corrientes,18,Corrientes,18021,6946
2012,Corrientes,18,Corrientes,18028,461
2012,Corrientes,18,Corrientes,18035,928
2012,Corrientes,18,Corrientes,18042,266
2012,Corrientes,18,Corrientes,18049,689
2012,Corrientes,18,Corrientes,18056,130
2012,Corrientes,18,Corrientes,18063,244
2012,Corrientes,18,Corrientes,18070,1701
2012,Corrientes,18,Corrientes,18077,192
2012,Corrientes,18,Corrientes,18084,648
2012,Corrientes,18,Corrientes,18091,656
2012,Corrientes,18,Corrientes,18098,174
2012,Corrientes,18,Corrientes,18105,864
2012,Corrientes,18,Corrientes,18112,683
2012,Corrientes,18,Corrientes,18119,1151
2012,Corrientes,18,Corrientes,18126,443
2012,Corrientes,18,Corrientes,18133,259
2012,Corrientes,18,Corrientes,18140,317
2012,Corrientes,18,Corrientes,18147,245
2012,Corrientes,18,Corrientes,18154,219
2012,Corrientes,18,Corrientes,18161,340
2012,Corrientes,18,Corrientes,18168,1462
2012,Corrientes,18,Corrientes,18175,184
2012,Entre Ríos,30,Entre Ríos,30008,983
2012,Entre Ríos,30,Entre Ríos,30015,3648
2012,Entre Ríos,30,Entre Ríos,30021,734
2012,Entre Ríos,30,Entre Ríos,30028,1262
2012,Entre Ríos,30,Entre Ríos,30035,473
2012,Entre Ríos,30,Entre Ríos,30042,281
2012,Entre Ríos,30,Entre Ríos,30049,959
2012,Entre Ríos,30,Entre Ríos,30056,1850
2012,Entre Ríos,30,Entre Ríos,30063,204
2012,Entre Ríos,30,Entre Ríos,30070,1353
2012,Entre Ríos,30,Entre Ríos,30077,634
2012,Entre Ríos,30,Entre Ríos,30084,6014
2012,Entre Ríos,30,Entre Ríos,30088,399
2012,Entre Ríos,30,Entre Ríos,30091,428
2012,Entre Ríos,30,Entre Ríos,30098,1763
2012,Entre Ríos,30,Entre Ríos,30105,591
2012,Entre Ríos,30,Entre Ríos,30113,919
2012,Formosa,34,Formosa,34007,431
2012,Formosa,34,Formosa,34014,4958
2012,Formosa,34,Formosa,34021,356
2012,Formosa,34,Formosa,34028,441
2012,Formosa,34,Formosa,34035,1789
2012,Formosa,34,Formosa,34042,369
2012,Formosa,34,Formosa,34049,1872
2012,Formosa,34,Formosa,34056,1302
2012,Formosa,34,Formosa,34063,531
2012,Jujuy,38,Jujuy,38007,270
2012,Jujuy,38,Jujuy,38021,4875
2012,Jujuy,38,Jujuy,38014,2099
2012,Jujuy,38,Jujuy,38028,353
2012,Jujuy,38,Jujuy,38035,1543
2012,Jujuy,38,Jujuy,38042,954
2012,Jujuy,38,Jujuy,38049,47
2012,Jujuy,38,Jujuy,38056,101
2012,Jujuy,38,Jujuy,38063,1474
2012,Jujuy,38,Jujuy,38070,343
2012,Jujuy,38,Jujuy,38077,67
2012,Jujuy,38,Jujuy,38084,90
2012,Jujuy,38,Jujuy,38094,265
2012,Jujuy,38,Jujuy,38098,75
2012,Jujuy,38,Jujuy,38105,43
2012,Jujuy,38,Jujuy,38112,517
2012,La Pampa,42,La Pampa,42007,116
2012,La Pampa,42,La Pampa,42014,5
2012,La Pampa,42,La Pampa,42021,1960
2012,La Pampa,42,La Pampa,42028,126
2012,La Pampa,42,La Pampa,42049,50
2012,La Pampa,42,La Pampa,42056,172
2012,La Pampa,42,La Pampa,42063,18
2012,La Pampa,42,La Pampa,42035,173
2012,La Pampa,42,La Pampa,42042,8
2012,La Pampa,42,La Pampa,42070,139
2012,La Pampa,42,La Pampa,42077,89
2012,La Pampa,42,La Pampa,42084,6
2012,La Pampa,42,La Pampa,42091,8
2012,La Pampa,42,La Pampa,42098,140
2012,La Pampa,42,La Pampa,42105,1070
2012,La Pampa,42,La Pampa,42112,208
2012,La Pampa,42,La Pampa,42119,101
2012,La Pampa,42,La Pampa,42126,174
2012,La Pampa,42,La Pampa,42133,272
2012,La Pampa,42,La Pampa,42140,242
2012,La Pampa,42,La Pampa,42147,69
2012,La Pampa,42,La Pampa,42154,277
2012,La Rioja,46,La Rioja,46007,302
2012,La Rioja,46,La Rioja,46014,3722
2012,La Rioja,46,La Rioja,46021,68
2012,La Rioja,46,La Rioja,46035,211
2012,La Rioja,46,La Rioja,46042,1035
2012,La Rioja,46,La Rioja,46028,159
2012,La Rioja,46,La Rioja,46049,93
2012,La Rioja,46,La Rioja,46056,42
2012,La Rioja,46,La Rioja,46063,105
2012,La Rioja,46,La Rioja,46070,55
2012,La Rioja,46,La Rioja,46077,23
2012,La Rioja,46,La Rioja,46084,89
2012,La Rioja,46,La Rioja,46091,80
2012,La Rioja,46,La Rioja,46105,40
2012,La Rioja,46,La Rioja,46112,277
2012,La Rioja,46,La Rioja,46119,74
2012,La Rioja,46,La Rioja,46126,49
2012,La Rioja,46,La Rioja,46098,46
2012,Mendoza,50,Mendoza,50007,1878
2012,Mendoza,50,Mendoza,50014,883
2012,Mendoza,50,Mendoza,50021,3355
2012,Mendoza,50,Mendoza,50028,5323
2012,Mendoza,50,Mendoza,50035,675
2012,Mendoza,50,Mendoza,50042,178
2012,Mendoza,50,Mendoza,50049,3894
2012,Mendoza,50,Mendoza,50056,959
2012,Mendoza,50,Mendoza,50063,2422
2012,Mendoza,50,Mendoza,50070,3411
2012,Mendoza,50,Mendoza,50077,638
2012,Mendoza,50,Mendoza,50084,1087
2012,Mendoza,50,Mendoza,50091,671
2012,Mendoza,50,Mendoza,50098,2473
2012,Mendoza,50,Mendoza,50105,3406
2012,Mendoza,50,Mendoza,50112,333
2012,Mendoza,50,Mendoza,50119,1178
2012,Mendoza,50,Mendoza,50126,801
2012,Misiones,54,Misiones,54119,615
2012,Misiones,54,Misiones,54007,951
2012,Misiones,54,Misiones,54014,1307
2012,Misiones,54,Misiones,54021,616
2012,Misiones,54,Misiones,54028,7513
2012,Misiones,54,Misiones,54035,197
2012,Misiones,54,Misiones,54042,1912
2012,Misiones,54,Misiones,54049,1066
2012,Misiones,54,Misiones,54056,1726
2012,Misiones,54,Misiones,54063,2366
2012,Misiones,54,Misiones,54070,981
2012,Misiones,54,Misiones,54077,1073
2012,Misiones,54,Misiones,54084,911
2012,Misiones,54,Misiones,54091,2510
2012,Misiones,54,Misiones,54098,1315
2012,Misiones,54,Misiones,54105,436
2012,Misiones,54,Misiones,54112,853
2012,Neuquén,58,Neuquén,58007,131
2012,Neuquén,58,Neuquén,58014,279
2012,Neuquén,58,Neuquén,58021,34
2012,Neuquén,58,Neuquén,58042,286
2012,Neuquén,58,Neuquén,58028,74
2012,Neuquén,58,Neuquén,58035,7771
2012,Neuquén,58,Neuquén,58049,306
2012,Neuquén,58,Neuquén,58056,561
2012,Neuquén,58,Neuquén,58063,138
2012,Neuquén,58,Neuquén,58070,197
2012,Neuquén,58,Neuquén,58077,122
2012,Neuquén,58,Neuquén,58091,530
2012,Neuquén,58,Neuquén,58098,95
2012,Neuquén,58,Neuquén,58105,151
2012,Neuquén,58,Neuquén,58112,785
2012,Neuquén,58,Neuquén,58084,70
2012,Río Negro,62,Río Negro,62091,230
2012,Río Negro,62,Río Negro,62049,38
2012,Río Negro,62,Río Negro,62007,1143
2012,Río Negro,62,Río Negro,62014,670
2012,Río Negro,62,Río Negro,62021,2502
2012,Río Negro,62,Río Negro,62028,123
2012,Río Negro,62,Río Negro,62035,65
2012,Río Negro,62,Río Negro,62042,6170
2012,Río Negro,62,Río Negro,62063,297
2012,Río Negro,62,Río Negro,62070,125
2012,Río Negro,62,Río Negro,62077,589
2012,Río Negro,62,Río Negro,62084,72
2012,Río Negro,62,Río Negro,62056,10
2012,Salta,66,Salta,66007,1291
2012,Salta,66,Salta,66014,169
2012,Salta,66,Salta,66021,306
2012,Salta,66,Salta,66028,11218
2012,Salta,66,Salta,66035,809
2012,Salta,66,Salta,66042,371
2012,Salta,66,Salta,66049,1009
2012,Salta,66,Salta,66056,4281
2012,Salta,66,Salta,66063,57
2012,Salta,66,Salta,66070,134
2012,Salta,66,Salta,66077,178
2012,Salta,66,Salta,66084,98
2012,Salta,66,Salta,66091,34
2012,Salta,66,Salta,66098,149
2012,Salta,66,Salta,66105,168
2012,Salta,66,Salta,66112,774
2012,Salta,66,Salta,66119,125
2012,Salta,66,Salta,66126,3519
2012,Salta,66,Salta,66133,1061
2012,Salta,66,Salta,66140,601
2012,Salta,66,Salta,66147,805
2012,Salta,66,Salta,66154,153
2012,Salta,66,Salta,66161,255
2012,San Juan,70,San Juan,70126,428
2012,San Juan,70,San Juan,70063,209
2012,San Juan,70,San Juan,70007,587
2012,San Juan,70,San Juan,70014,219
2012,San Juan,70,San Juan,70021,194
2012,San Juan,70,San Juan,70028,1875
2012,San Juan,70,San Juan,70035,829
2012,San Juan,70,San Juan,70042,1908
2012,San Juan,70,San Juan,70049,132
2012,San Juan,70,San Juan,70056,393
2012,San Juan,70,San Juan,70070,1298
2012,San Juan,70,San Juan,70077,2545
2012,San Juan,70,San Juan,70084,1614
2012,San Juan,70,San Juan,70091,306
2012,San Juan,70,San Juan,70098,1111
2012,San Juan,70,San Juan,70105,585
2012,San Juan,70,San Juan,70112,96
2012,San Juan,70,San Juan,70119,120
2012,San Juan,70,San Juan,70133,108
2012,San Luis,74,San Luis,74007,329
2012,San Luis,74,San Luis,74014,56
2012,San Luis,74,San Luis,74028,303
2012,San Luis,74,San Luis,74021,202
2012,San Luis,74,San Luis,74035,2441
2012,San Luis,74,San Luis,74042,179
2012,San Luis,74,San Luis,74056,3778
2012,San Luis,74,San Luis,74049,439
2012,San Luis,74,San Luis,74063,65
2012,Santa Cruz,78,Santa Cruz,78007,254
2012,Santa Cruz,78,Santa Cruz,78014,2424
2012,Santa Cruz,78,Santa Cruz,78021,2348
2012,Santa Cruz,78,Santa Cruz,78028,400
2012,Santa Cruz,78,Santa Cruz,78035,184
2012,Santa Cruz,78,Santa Cruz,78042,235
2012,Santa Cruz,78,Santa Cruz,78049,94
2012,Santa Fe,82,Santa Fe,82077,568
2012,Santa Fe,82,Santa Fe,82007,709
2012,Santa Fe,82,Santa Fe,82014,1100
2012,Santa Fe,82,Santa Fe,82021,2970
2012,Santa Fe,82,Santa Fe,82028,1286
2012,Santa Fe,82,Santa Fe,82035,400
2012,Santa Fe,82,Santa Fe,82042,2832
2012,Santa Fe,82,Santa Fe,82049,3223
2012,Santa Fe,82,Santa Fe,82056,1012
2012,Santa Fe,82,Santa Fe,82063,9133
2012,Santa Fe,82,Santa Fe,82070,1541
2012,Santa Fe,82,Santa Fe,82084,21161
2012,Santa Fe,82,Santa Fe,82091,1091
2012,Santa Fe,82,Santa Fe,82098,573
2012,Santa Fe,82,Santa Fe,82105,1268
2012,Santa Fe,82,Santa Fe,82112,650
2012,Santa Fe,82,Santa Fe,82119,3097
2012,Santa Fe,82,Santa Fe,82126,987
2012,Santa Fe,82,Santa Fe,82133,974
2012,Santiago del Estero,86,Santiago del Estero,86007,156
2012,Santiago del Estero,86,Santiago del Estero,86014,396
2012,Santiago del Estero,86,Santiago del Estero,86021,286
2012,Santiago del Estero,86,Santiago del Estero,86028,510
2012,Santiago del Estero,86,Santiago del Estero,86035,3110
2012,Santiago del Estero,86,Santiago del Estero,86042,185
2012,Santiago del Estero,86,Santiago del Estero,86049,5328
2012,Santiago del Estero,86,Santiago del Estero,86063,749
2012,Santiago del Estero,86,Santiago del Estero,86056,723
2012,Santiago del Estero,86,Santiago del Estero,86070,362
2012,Santiago del Estero,86,Santiago del Estero,86077,1012
2012,Santiago del Estero,86,Santiago del Estero,86084,119
2012,Santiago del Estero,86,Santiago del Estero,86091,270
2012,Santiago del Estero,86,Santiago del Estero,86098,417
2012,Santiago del Estero,86,Santiago del Estero,86105,418
2012,Santiago del Estero,86,Santiago del Estero,86112,23
2012,Santiago del Estero,86,Santiago del Estero,86119,803
2012,Santiago del Estero,86,Santiago del Estero,86126,248
2012,Santiago del Estero,86,Santiago del Estero,86133,429
2012,Santiago del Estero,86,Santiago del Estero,86140,198
2012,Santiago del Estero,86,Santiago del Estero,86147,1210
2012,Santiago del Estero,86,Santiago del Estero,86154,99
2012,Santiago del Estero,86,Santiago del Estero,86161,957
2012,Santiago del Estero,86,Santiago del Estero,86168,267
2012,Santiago del Estero,86,Santiago del Estero,86175,216
2012,Santiago del Estero,86,Santiago del Estero,86182,106
2012,Santiago del Estero,86,Santiago del Estero,86189,142
2012,Tierra del Fuego,94,Tierra del Fuego,94008,1622
2012,Tierra del Fuego,94,Tierra del Fuego,94015,1170
2012,Tucumán,90,Tucumán,90007,842
2012,Tucumán,90,Tucumán,90084,10900
2012,Tucumán,90,Tucumán,90021,1521
2012,Tucumán,90,Tucumán,90014,4057
2012,Tucumán,90,Tucumán,90028,762
2012,Tucumán,90,Tucumán,90035,255
2012,Tucumán,90,Tucumán,90042,579
2012,Tucumán,90,Tucumán,90049,397
2012,Tucumán,90,Tucumán,90056,1009
2012,Tucumán,90,Tucumán,90063,1326
2012,Tucumán,90,Tucumán,90070,1178
2012,Tucumán,90,Tucumán,90077,1103
2012,Tucumán,90,Tucumán,90091,553
2012,Tucumán,90,Tucumán,90098,266
2012,Tucumán,90,Tucumán,90105,2652
2012,Tucumán,90,Tucumán,90112,367
2012,Tucumán,90,Tucumán,90119,1415
2013,Buenos Aires,6,Buenos Aires,06854,516
2013,Buenos Aires,6,Buenos Aires,06588,762
2013,Buenos Aires,6,Buenos Aires,06007,221
2013,Buenos Aires,6,Buenos Aires,06014,191
2013,Buenos Aires,6,Buenos Aires,06021,153
2013,Buenos Aires,6,Buenos Aires,06028,10823
2013,Buenos Aires,6,Buenos Aires,06077,475
2013,Buenos Aires,6,Buenos Aires,06035,6064
2013,Buenos Aires,6,Buenos Aires,06042,305
2013,Buenos Aires,6,Buenos Aires,06049,1108
2013,Buenos Aires,6,Buenos Aires,06056,4911
2013,Buenos Aires,6,Buenos Aires,06063,728
2013,Buenos Aires,6,Buenos Aires,06070,555
2013,Buenos Aires,6,Buenos Aires,06084,290
2013,Buenos Aires,6,Buenos Aires,06091,6312
2013,Buenos Aires,6,Buenos Aires,06098,1692
2013,Buenos Aires,6,Buenos Aires,06105,509
2013,Buenos Aires,6,Buenos Aires,06112,586
2013,Buenos Aires,6,Buenos Aires,06119,509
2013,Buenos Aires,6,Buenos Aires,06126,1913
2013,Buenos Aires,6,Buenos Aires,06140,218
2013,Buenos Aires,6,Buenos Aires,06147,357
2013,Buenos Aires,6,Buenos Aires,06154,155
2013,Buenos Aires,6,Buenos Aires,06161,246
2013,Buenos Aires,6,Buenos Aires,06168,120
2013,Buenos Aires,6,Buenos Aires,06134,1133
2013,Buenos Aires,6,Buenos Aires,06210,750
2013,Buenos Aires,6,Buenos Aires,06218,683
2013,Buenos Aires,6,Buenos Aires,06224,1011
2013,Buenos Aires,6,Buenos Aires,06175,413
2013,Buenos Aires,6,Buenos Aires,06182,997
2013,Buenos Aires,6,Buenos Aires,06189,223
2013,Buenos Aires,6,Buenos Aires,06196,382
2013,Buenos Aires,6,Buenos Aires,06203,623
2013,Buenos Aires,6,Buenos Aires,06231,261
2013,Buenos Aires,6,Buenos Aires,06238,499
2013,Buenos Aires,6,Buenos Aires,06245,1113
2013,Buenos Aires,6,Buenos Aires,06252,4894
2013,Buenos Aires,6,Buenos Aires,06260,6635
2013,Buenos Aires,6,Buenos Aires,06266,634
2013,Buenos Aires,6,Buenos Aires,06270,4028
2013,Buenos Aires,6,Buenos Aires,06274,9734
2013,Buenos Aires,6,Buenos Aires,06277,163
2013,Buenos Aires,6,Buenos Aires,06280,666
2013,Buenos Aires,6,Buenos Aires,06287,147
2013,Buenos Aires,6,Buenos Aires,06294,212
2013,Buenos Aires,6,Buenos Aires,06301,312
2013,Buenos Aires,6,Buenos Aires,06308,22
2013,Buenos Aires,6,Buenos Aires,06315,337
2013,Buenos Aires,6,Buenos Aires,06322,166
2013,Buenos Aires,6,Buenos Aires,06329,230
2013,Buenos Aires,6,Buenos Aires,06336,86
2013,Buenos Aires,6,Buenos Aires,06343,205
2013,Buenos Aires,6,Buenos Aires,06351,152
2013,Buenos Aires,6,Buenos Aires,06357,9715
2013,Buenos Aires,6,Buenos Aires,06364,2553
2013,Buenos Aires,6,Buenos Aires,06371,7071
2013,Buenos Aires,6,Buenos Aires,06385,278
2013,Buenos Aires,6,Buenos Aires,06392,520
2013,Buenos Aires,6,Buenos Aires,06399,157
2013,Buenos Aires,6,Buenos Aires,06406,132
2013,Buenos Aires,6,Buenos Aires,06408,3005
2013,Buenos Aires,6,Buenos Aires,06410,2605
2013,Buenos Aires,6,Buenos Aires,06412,6669
2013,Buenos Aires,6,Buenos Aires,06413,1496
2013,Buenos Aires,6,Buenos Aires,06420,1391
2013,Buenos Aires,6,Buenos Aires,06427,29030
2013,Buenos Aires,6,Buenos Aires,06441,13209
2013,Buenos Aires,6,Buenos Aires,06434,7503
2013,Buenos Aires,6,Buenos Aires,06448,193
2013,Buenos Aires,6,Buenos Aires,06455,386
2013,Buenos Aires,6,Buenos Aires,06462,301
2013,Buenos Aires,6,Buenos Aires,06466,84
2013,Buenos Aires,6,Buenos Aires,06469,633
2013,Buenos Aires,6,Buenos Aires,06476,235
2013,Buenos Aires,6,Buenos Aires,06483,652
2013,Buenos Aires,6,Buenos Aires,06490,13081
2013,Buenos Aires,6,Buenos Aires,06497,1918
2013,Buenos Aires,6,Buenos Aires,06505,308
2013,Buenos Aires,6,Buenos Aires,06511,182
2013,Buenos Aires,6,Buenos Aires,06515,6765
2013,Buenos Aires,6,Buenos Aires,06518,327
2013,Buenos Aires,6,Buenos Aires,06525,1244
2013,Buenos Aires,6,Buenos Aires,06532,1065
2013,Buenos Aires,6,Buenos Aires,06539,10923
2013,Buenos Aires,6,Buenos Aires,06547,403
2013,Buenos Aires,6,Buenos Aires,06553,109
2013,Buenos Aires,6,Buenos Aires,06560,10597
2013,Buenos Aires,6,Buenos Aires,06568,4848
2013,Buenos Aires,6,Buenos Aires,06574,317
2013,Buenos Aires,6,Buenos Aires,06581,1534
2013,Buenos Aires,6,Buenos Aires,06595,1799
2013,Buenos Aires,6,Buenos Aires,06602,526
2013,Buenos Aires,6,Buenos Aires,06609,669
2013,Buenos Aires,6,Buenos Aires,06616,118
2013,Buenos Aires,6,Buenos Aires,06623,1739
2013,Buenos Aires,6,Buenos Aires,06630,48
2013,Buenos Aires,6,Buenos Aires,06638,6963
2013,Buenos Aires,6,Buenos Aires,06644,627
2013,Buenos Aires,6,Buenos Aires,06648,2096
2013,Buenos Aires,6,Buenos Aires,06651,179
2013,Buenos Aires,6,Buenos Aires,06655,163
2013,Buenos Aires,6,Buenos Aires,06658,11178
2013,Buenos Aires,6,Buenos Aires,06665,671
2013,Buenos Aires,6,Buenos Aires,06672,239
2013,Buenos Aires,6,Buenos Aires,06679,282
2013,Buenos Aires,6,Buenos Aires,06686,374
2013,Buenos Aires,6,Buenos Aires,06693,246
2013,Buenos Aires,6,Buenos Aires,06700,248
2013,Buenos Aires,6,Buenos Aires,06707,532
2013,Buenos Aires,6,Buenos Aires,06721,128
2013,Buenos Aires,6,Buenos Aires,06714,539
2013,Buenos Aires,6,Buenos Aires,06728,384
2013,Buenos Aires,6,Buenos Aires,06735,411
2013,Buenos Aires,6,Buenos Aires,06742,100
2013,Buenos Aires,6,Buenos Aires,06749,2999
2013,Buenos Aires,6,Buenos Aires,06756,4872
2013,Buenos Aires,6,Buenos Aires,06760,6031
2013,Buenos Aires,6,Buenos Aires,06763,2624
2013,Buenos Aires,6,Buenos Aires,06770,1216
2013,Buenos Aires,6,Buenos Aires,06778,1653
2013,Buenos Aires,6,Buenos Aires,06784,188
2013,Buenos Aires,6,Buenos Aires,06791,1943
2013,Buenos Aires,6,Buenos Aires,06798,109
2013,Buenos Aires,6,Buenos Aires,06805,7965
2013,Buenos Aires,6,Buenos Aires,06812,39
2013,Buenos Aires,6,Buenos Aires,06819,218
2013,Buenos Aires,6,Buenos Aires,06826,763
2013,Buenos Aires,6,Buenos Aires,06833,957
2013,Buenos Aires,6,Buenos Aires,06840,5475
2013,Buenos Aires,6,Buenos Aires,06847,100
2013,Buenos Aires,6,Buenos Aires,06861,3603
2013,Buenos Aires,6,Buenos Aires,06868,651
2013,Buenos Aires,6,Buenos Aires,06875,560
2013,Buenos Aires,6,Buenos Aires,06882,2271
2013,Catamarca,10,Catamarca,10007,60
2013,Catamarca,10,Catamarca,10014,51
2013,Catamarca,10,Catamarca,10021,295
2013,Catamarca,10,Catamarca,10028,29
2013,Catamarca,10,Catamarca,10035,482
2013,Catamarca,10,Catamarca,10042,304
2013,Catamarca,10,Catamarca,10049,3004
2013,Catamarca,10,Catamarca,10056,52
2013,Catamarca,10,Catamarca,10063,200
2013,Catamarca,10,Catamarca,10070,433
2013,Catamarca,10,Catamarca,10077,57
2013,Catamarca,10,Catamarca,10084,187
2013,Catamarca,10,Catamarca,10091,390
2013,Catamarca,10,Catamarca,10098,208
2013,Catamarca,10,Catamarca,10105,400
2013,Catamarca,10,Catamarca,10112,512
2013,Chaco,22,Chaco,22036,441
2013,Chaco,22,Chaco,22126,194
2013,Chaco,22,Chaco,22039,118
2013,Chaco,22,Chaco,22168,742
2013,Chaco,22,Chaco,22105,597
2013,Chaco,22,Chaco,22007,770
2013,Chaco,22,Chaco,22014,513
2013,Chaco,22,Chaco,22028,630
2013,Chaco,22,Chaco,22021,2173
2013,Chaco,22,Chaco,22043,210
2013,Chaco,22,Chaco,22049,270
2013,Chaco,22,Chaco,22056,268
2013,Chaco,22,Chaco,22063,2074
2013,Chaco,22,Chaco,22070,500
2013,Chaco,22,Chaco,22077,232
2013,Chaco,22,Chaco,22084,1361
2013,Chaco,22,Chaco,22091,560
2013,Chaco,22,Chaco,22098,1306
2013,Chaco,22,Chaco,22112,423
2013,Chaco,22,Chaco,22119,256
2013,Chaco,22,Chaco,22133,720
2013,Chaco,22,Chaco,22140,8025
2013,Chaco,22,Chaco,22147,306
2013,Chaco,22,Chaco,22154,346
2013,Chaco,22,Chaco,22161,57
2013,Chubut,26,Chubut,26007,1690
2013,Chubut,26,Chubut,26014,448
2013,Chubut,26,Chubut,26021,3995
2013,Chubut,26,Chubut,26028,28
2013,Chubut,26,Chubut,26035,822
2013,Chubut,26,Chubut,26042,185
2013,Chubut,26,Chubut,26049,27
2013,Chubut,26,Chubut,26056,38
2013,Chubut,26,Chubut,26063,11
2013,Chubut,26,Chubut,26070,29
2013,Chubut,26,Chubut,26077,2334
2013,Chubut,26,Chubut,26084,83
2013,Chubut,26,Chubut,26091,285
2013,Chubut,26,Chubut,26098,99
2013,Chubut,26,Chubut,26105,27
2013,Córdoba,14,Córdoba,14007,935
2013,Córdoba,14,Córdoba,14014,24129
2013,Córdoba,14,Córdoba,14021,4617
2013,Córdoba,14,Córdoba,14028,1046
2013,Córdoba,14,Córdoba,14035,528
2013,Córdoba,14,Córdoba,14042,2407
2013,Córdoba,14,Córdoba,14049,578
2013,Córdoba,14,Córdoba,14056,1058
2013,Córdoba,14,Córdoba,14063,1485
2013,Córdoba,14,Córdoba,14070,73
2013,Córdoba,14,Córdoba,14077,52
2013,Córdoba,14,Córdoba,14084,583
2013,Córdoba,14,Córdoba,14091,2988
2013,Córdoba,14,Córdoba,14098,4342
2013,Córdoba,14,Córdoba,14105,976
2013,Córdoba,14,Córdoba,14112,265
2013,Córdoba,14,Córdoba,14119,1801
2013,Córdoba,14,Córdoba,14126,652
2013,Córdoba,14,Córdoba,14133,959
2013,Córdoba,14,Córdoba,14140,3465
2013,Córdoba,14,Córdoba,14147,1916
2013,Córdoba,14,Córdoba,14154,74
2013,Córdoba,14,Córdoba,14161,1791
2013,Córdoba,14,Córdoba,14168,323
2013,Córdoba,14,Córdoba,14175,153
2013,Córdoba,14,Córdoba,14182,1558
2013,Corrientes,18,Corrientes,18007,824
2013,Corrientes,18,Corrientes,18014,45
2013,Corrientes,18,Corrientes,18021,6792
2013,Corrientes,18,Corrientes,18028,498
2013,Corrientes,18,Corrientes,18035,866
2013,Corrientes,18,Corrientes,18042,256
2013,Corrientes,18,Corrientes,18049,658
2013,Corrientes,18,Corrientes,18056,157
2013,Corrientes,18,Corrientes,18063,213
2013,Corrientes,18,Corrientes,18070,1754
2013,Corrientes,18,Corrientes,18077,200
2013,Corrientes,18,Corrientes,18084,620
2013,Corrientes,18,Corrientes,18091,709
2013,Corrientes,18,Corrientes,18098,160
2013,Corrientes,18,Corrientes,18105,867
2013,Corrientes,18,Corrientes,18112,687
2013,Corrientes,18,Corrientes,18119,1024
2013,Corrientes,18,Corrientes,18126,448
2013,Corrientes,18,Corrientes,18133,273
2013,Corrientes,18,Corrientes,18140,306
2013,Corrientes,18,Corrientes,18147,291
2013,Corrientes,18,Corrientes,18154,238
2013,Corrientes,18,Corrientes,18161,327
2013,Corrientes,18,Corrientes,18168,1430
2013,Corrientes,18,Corrientes,18175,163
2013,Entre Ríos,30,Entre Ríos,30008,1083
2013,Entre Ríos,30,Entre Ríos,30015,3599
2013,Entre Ríos,30,Entre Ríos,30021,738
2013,Entre Ríos,30,Entre Ríos,30028,1355
2013,Entre Ríos,30,Entre Ríos,30035,487
2013,Entre Ríos,30,Entre Ríos,30042,278
2013,Entre Ríos,30,Entre Ríos,30049,944
2013,Entre Ríos,30,Entre Ríos,30056,1921
2013,Entre Ríos,30,Entre Ríos,30063,227
2013,Entre Ríos,30,Entre Ríos,30070,1389
2013,Entre Ríos,30,Entre Ríos,30077,638
2013,Entre Ríos,30,Entre Ríos,30084,6078
2013,Entre Ríos,30,Entre Ríos,30088,332
2013,Entre Ríos,30,Entre Ríos,30091,459
2013,Entre Ríos,30,Entre Ríos,30098,1631
2013,Entre Ríos,30,Entre Ríos,30105,599
2013,Entre Ríos,30,Entre Ríos,30113,829
2013,Formosa,34,Formosa,34007,324
2013,Formosa,34,Formosa,34014,5062
2013,Formosa,34,Formosa,34021,335
2013,Formosa,34,Formosa,34028,439
2013,Formosa,34,Formosa,34035,1607
2013,Formosa,34,Formosa,34042,337
2013,Formosa,34,Formosa,34049,1872
2013,Formosa,34,Formosa,34056,1325
2013,Formosa,34,Formosa,34063,486
2013,Jujuy,38,Jujuy,38007,266
2013,Jujuy,38,Jujuy,38021,4941
2013,Jujuy,38,Jujuy,38014,2005
2013,Jujuy,38,Jujuy,38028,345
2013,Jujuy,38,Jujuy,38035,1573
2013,Jujuy,38,Jujuy,38042,975
2013,Jujuy,38,Jujuy,38049,28
2013,Jujuy,38,Jujuy,38056,83
2013,Jujuy,38,Jujuy,38063,1431
2013,Jujuy,38,Jujuy,38070,337
2013,Jujuy,38,Jujuy,38077,76
2013,Jujuy,38,Jujuy,38084,96
2013,Jujuy,38,Jujuy,38094,238
2013,Jujuy,38,Jujuy,38098,92
2013,Jujuy,38,Jujuy,38105,37
2013,Jujuy,38,Jujuy,38112,454
2013,La Pampa,42,La Pampa,42007,131
2013,La Pampa,42,La Pampa,42014,24
2013,La Pampa,42,La Pampa,42021,2045
2013,La Pampa,42,La Pampa,42028,139
2013,La Pampa,42,La Pampa,42049,45
2013,La Pampa,42,La Pampa,42056,184
2013,La Pampa,42,La Pampa,42063,20
2013,La Pampa,42,La Pampa,42035,200
2013,La Pampa,42,La Pampa,42042,14
2013,La Pampa,42,La Pampa,42070,131
2013,La Pampa,42,La Pampa,42077,82
2013,La Pampa,42,La Pampa,42084,2
2013,La Pampa,42,La Pampa,42091,11
2013,La Pampa,42,La Pampa,42098,143
2013,La Pampa,42,La Pampa,42105,1114
2013,La Pampa,42,La Pampa,42112,208
2013,La Pampa,42,La Pampa,42119,103
2013,La Pampa,42,La Pampa,42126,172
2013,La Pampa,42,La Pampa,42133,280
2013,La Pampa,42,La Pampa,42140,268
2013,La Pampa,42,La Pampa,42147,86
2013,La Pampa,42,La Pampa,42154,264
2013,La Rioja,46,La Rioja,46007,303
2013,La Rioja,46,La Rioja,46014,3728
2013,La Rioja,46,La Rioja,46021,60
2013,La Rioja,46,La Rioja,46035,220
2013,La Rioja,46,La Rioja,46042,1046
2013,La Rioja,46,La Rioja,46028,162
2013,La Rioja,46,La Rioja,46049,99
2013,La Rioja,46,La Rioja,46056,57
2013,La Rioja,46,La Rioja,46063,95
2013,La Rioja,46,La Rioja,46070,50
2013,La Rioja,46,La Rioja,46077,29
2013,La Rioja,46,La Rioja,46084,107
2013,La Rioja,46,La Rioja,46091,95
2013,La Rioja,46,La Rioja,46105,54
2013,La Rioja,46,La Rioja,46112,314
2013,La Rioja,46,La Rioja,46119,68
2013,La Rioja,46,La Rioja,46126,56
2013,La Rioja,46,La Rioja,46098,47
2013,Mendoza,50,Mendoza,50007,2055
2013,Mendoza,50,Mendoza,50014,900
2013,Mendoza,50,Mendoza,50021,3525
2013,Mendoza,50,Mendoza,50028,5317
2013,Mendoza,50,Mendoza,50035,652
2013,Mendoza,50,Mendoza,50042,182
2013,Mendoza,50,Mendoza,50049,4028
2013,Mendoza,50,Mendoza,50056,895
2013,Mendoza,50,Mendoza,50063,2453
2013,Mendoza,50,Mendoza,50070,3441
2013,Mendoza,50,Mendoza,50077,634
2013,Mendoza,50,Mendoza,50084,1029
2013,Mendoza,50,Mendoza,50091,713
2013,Mendoza,50,Mendoza,50098,2424
2013,Mendoza,50,Mendoza,50105,3494
2013,Mendoza,50,Mendoza,50112,312
2013,Mendoza,50,Mendoza,50119,1124
2013,Mendoza,50,Mendoza,50126,790
2013,Misiones,54,Misiones,54119,611
2013,Misiones,54,Misiones,54007,1011
2013,Misiones,54,Misiones,54014,1315
2013,Misiones,54,Misiones,54021,598
2013,Misiones,54,Misiones,54028,7401
2013,Misiones,54,Misiones,54035,198
2013,Misiones,54,Misiones,54042,1962
2013,Misiones,54,Misiones,54049,1111
2013,Misiones,54,Misiones,54056,1693
2013,Misiones,54,Misiones,54063,2263
2013,Misiones,54,Misiones,54070,973
2013,Misiones,54,Misiones,54077,1078
2013,Misiones,54,Misiones,54084,920
2013,Misiones,54,Misiones,54091,2461
2013,Misiones,54,Misiones,54098,1376
2013,Misiones,54,Misiones,54105,465
2013,Misiones,54,Misiones,54112,746
2013,Neuquén,58,Neuquén,58007,166
2013,Neuquén,58,Neuquén,58014,295
2013,Neuquén,58,Neuquén,58021,35
2013,Neuquén,58,Neuquén,58042,283
2013,Neuquén,58,Neuquén,58028,65
2013,Neuquén,58,Neuquén,58035,7761
2013,Neuquén,58,Neuquén,58049,295
2013,Neuquén,58,Neuquén,58056,575
2013,Neuquén,58,Neuquén,58063,139
2013,Neuquén,58,Neuquén,58070,226
2013,Neuquén,58,Neuquén,58077,121
2013,Neuquén,58,Neuquén,58091,504
2013,Neuquén,58,Neuquén,58098,79
2013,Neuquén,58,Neuquén,58105,152
2013,Neuquén,58,Neuquén,58112,771
2013,Neuquén,58,Neuquén,58084,88
2013,Río Negro,62,Río Negro,62091,201
2013,Río Negro,62,Río Negro,62049,63
2013,Río Negro,62,Río Negro,62007,1187
2013,Río Negro,62,Río Negro,62014,683
2013,Río Negro,62,Río Negro,62021,2445
2013,Río Negro,62,Río Negro,62028,128
2013,Río Negro,62,Río Negro,62035,57
2013,Río Negro,62,Río Negro,62042,6196
2013,Río Negro,62,Río Negro,62063,277
2013,Río Negro,62,Río Negro,62070,119
2013,Río Negro,62,Río Negro,62077,624
2013,Río Negro,62,Río Negro,62084,83
2013,Río Negro,62,Río Negro,62056,11
2013,Salta,66,Salta,66007,1319
2013,Salta,66,Salta,66014,152
2013,Salta,66,Salta,66021,385
2013,Salta,66,Salta,66028,10972
2013,Salta,66,Salta,66035,828
2013,Salta,66,Salta,66042,409
2013,Salta,66,Salta,66049,1047
2013,Salta,66,Salta,66056,4311
2013,Salta,66,Salta,66063,53
2013,Salta,66,Salta,66070,120
2013,Salta,66,Salta,66077,175
2013,Salta,66,Salta,66084,88
2013,Salta,66,Salta,66091,31
2013,Salta,66,Salta,66098,130
2013,Salta,66,Salta,66105,179
2013,Salta,66,Salta,66112,784
2013,Salta,66,Salta,66119,96
2013,Salta,66,Salta,66126,3668
2013,Salta,66,Salta,66133,1052
2013,Salta,66,Salta,66140,583
2013,Salta,66,Salta,66147,851
2013,Salta,66,Salta,66154,163
2013,Salta,66,Salta,66161,222
2013,San Juan,70,San Juan,70126,462
2013,San Juan,70,San Juan,70063,248
2013,San Juan,70,San Juan,70007,638
2013,San Juan,70,San Juan,70014,204
2013,San Juan,70,San Juan,70021,202
2013,San Juan,70,San Juan,70028,1955
2013,San Juan,70,San Juan,70035,824
2013,San Juan,70,San Juan,70042,1959
2013,San Juan,70,San Juan,70049,162
2013,San Juan,70,San Juan,70056,365
2013,San Juan,70,San Juan,70070,1389
2013,San Juan,70,San Juan,70077,2535
2013,San Juan,70,San Juan,70084,1681
2013,San Juan,70,San Juan,70091,300
2013,San Juan,70,San Juan,70098,1136
2013,San Juan,70,San Juan,70105,576
2013,San Juan,70,San Juan,70112,122
2013,San Juan,70,San Juan,70119,113
2013,San Juan,70,San Juan,70133,106
2013,San Luis,74,San Luis,74007,331
2013,San Luis,74,San Luis,74014,48
2013,San Luis,74,San Luis,74028,264
2013,San Luis,74,San Luis,74021,244
2013,San Luis,74,San Luis,74035,2353
2013,San Luis,74,San Luis,74042,180
2013,San Luis,74,San Luis,74056,3963
2013,San Luis,74,San Luis,74049,467
2013,San Luis,74,San Luis,74063,58
2013,Santa Cruz,78,Santa Cruz,78007,249
2013,Santa Cruz,78,Santa Cruz,78014,2475
2013,Santa Cruz,78,Santa Cruz,78021,2388
2013,Santa Cruz,78,Santa Cruz,78028,446
2013,Santa Cruz,78,Santa Cruz,78035,168
2013,Santa Cruz,78,Santa Cruz,78042,198
2013,Santa Cruz,78,Santa Cruz,78049,108
2013,Santa Fe,82,Santa Fe,82077,594
2013,Santa Fe,82,Santa Fe,82007,689
2013,Santa Fe,82,Santa Fe,82014,1141
2013,Santa Fe,82,Santa Fe,82021,3096
2013,Santa Fe,82,Santa Fe,82028,1311
2013,Santa Fe,82,Santa Fe,82035,414
2013,Santa Fe,82,Santa Fe,82042,3066
2013,Santa Fe,82,Santa Fe,82049,3250
2013,Santa Fe,82,Santa Fe,82056,1009
2013,Santa Fe,82,Santa Fe,82063,9558
2013,Santa Fe,82,Santa Fe,82070,1568
2013,Santa Fe,82,Santa Fe,82084,22004
2013,Santa Fe,82,Santa Fe,82091,1170
2013,Santa Fe,82,Santa Fe,82098,586
2013,Santa Fe,82,Santa Fe,82105,1253
2013,Santa Fe,82,Santa Fe,82112,665
2013,Santa Fe,82,Santa Fe,82119,3094
2013,Santa Fe,82,Santa Fe,82126,985
2013,Santa Fe,82,Santa Fe,82133,953
2013,Santiago del Estero,86,Santiago del Estero,86007,128
2013,Santiago del Estero,86,Santiago del Estero,86014,408
2013,Santiago del Estero,86,Santiago del Estero,86021,243
2013,Santiago del Estero,86,Santiago del Estero,86028,476
2013,Santiago del Estero,86,Santiago del Estero,86035,3173
2013,Santiago del Estero,86,Santiago del Estero,86042,148
2013,Santiago del Estero,86,Santiago del Estero,86049,5359
2013,Santiago del Estero,86,Santiago del Estero,86063,720
2013,Santiago del Estero,86,Santiago del Estero,86056,685
2013,Santiago del Estero,86,Santiago del Estero,86070,362
2013,Santiago del Estero,86,Santiago del Estero,86077,972
2013,Santiago del Estero,86,Santiago del Estero,86084,121
2013,Santiago del Estero,86,Santiago del Estero,86091,265
2013,Santiago del Estero,86,Santiago del Estero,86098,434
2013,Santiago del Estero,86,Santiago del Estero,86105,424
2013,Santiago del Estero,86,Santiago del Estero,86112,17
2013,Santiago del Estero,86,Santiago del Estero,86119,781
2013,Santiago del Estero,86,Santiago del Estero,86126,257
2013,Santiago del Estero,86,Santiago del Estero,86133,439
2013,Santiago del Estero,86,Santiago del Estero,86140,198
2013,Santiago del Estero,86,Santiago del Estero,86147,1159
2013,Santiago del Estero,86,Santiago del Estero,86154,73
2013,Santiago del Estero,86,Santiago del Estero,86161,948
2013,Santiago del Estero,86,Santiago del Estero,86168,212
2013,Santiago del Estero,86,Santiago del Estero,86175,210
2013,Santiago del Estero,86,Santiago del Estero,86182,83
2013,Santiago del Estero,86,Santiago del Estero,86189,153
2013,Tierra del Fuego,94,Tierra del Fuego,94008,1689
2013,Tierra del Fuego,94,Tierra del Fuego,94015,1168
2013,Tucumán,90,Tucumán,90007,808
2013,Tucumán,90,Tucumán,90084,10849
2013,Tucumán,90,Tucumán,90021,1502
2013,Tucumán,90,Tucumán,90014,4142
2013,Tucumán,90,Tucumán,90028,794
2013,Tucumán,90,Tucumán,90035,252
2013,Tucumán,90,Tucumán,90042,639
2013,Tucumán,90,Tucumán,90049,383
2013,Tucumán,90,Tucumán,90056,992
2013,Tucumán,90,Tucumán,90063,1417
2013,Tucumán,90,Tucumán,90070,1238
2013,Tucumán,90,Tucumán,90077,1167
2013,Tucumán,90,Tucumán,90091,535
2013,Tucumán,90,Tucumán,90098,301
2013,Tucumán,90,Tucumán,90105,2835
2013,Tucumán,90,Tucumán,90112,359
2013,Tucumán,90,Tucumán,90119,1508
2014,Buenos Aires,6,Buenos Aires,06854,528
2014,Buenos Aires,6,Buenos Aires,06588,778
2014,Buenos Aires,6,Buenos Aires,06007,229
2014,Buenos Aires,6,Buenos Aires,06014,194
2014,Buenos Aires,6,Buenos Aires,06021,123
2014,Buenos Aires,6,Buenos Aires,06028,11233
2014,Buenos Aires,6,Buenos Aires,06077,507
2014,Buenos Aires,6,Buenos Aires,06035,5950
2014,Buenos Aires,6,Buenos Aires,06042,335
2014,Buenos Aires,6,Buenos Aires,06049,1110
2014,Buenos Aires,6,Buenos Aires,06056,5026
2014,Buenos Aires,6,Buenos Aires,06063,777
2014,Buenos Aires,6,Buenos Aires,06070,580
2014,Buenos Aires,6,Buenos Aires,06084,319
2014,Buenos Aires,6,Buenos Aires,06091,6450
2014,Buenos Aires,6,Buenos Aires,06098,1787
2014,Buenos Aires,6,Buenos Aires,06105,560
2014,Buenos Aires,6,Buenos Aires,06112,647
2014,Buenos Aires,6,Buenos Aires,06119,605
2014,Buenos Aires,6,Buenos Aires,06126,1874
2014,Buenos Aires,6,Buenos Aires,06140,251
2014,Buenos Aires,6,Buenos Aires,06147,348
2014,Buenos Aires,6,Buenos Aires,06154,200
2014,Buenos Aires,6,Buenos Aires,06161,273
2014,Buenos Aires,6,Buenos Aires,06168,152
2014,Buenos Aires,6,Buenos Aires,06134,1246
2014,Buenos Aires,6,Buenos Aires,06210,731
2014,Buenos Aires,6,Buenos Aires,06218,633
2014,Buenos Aires,6,Buenos Aires,06224,1048
2014,Buenos Aires,6,Buenos Aires,06175,414
2014,Buenos Aires,6,Buenos Aires,06182,994
2014,Buenos Aires,6,Buenos Aires,06189,236
2014,Buenos Aires,6,Buenos Aires,06196,410
2014,Buenos Aires,6,Buenos Aires,06203,603
2014,Buenos Aires,6,Buenos Aires,06231,256
2014,Buenos Aires,6,Buenos Aires,06238,447
2014,Buenos Aires,6,Buenos Aires,06245,1223
2014,Buenos Aires,6,Buenos Aires,06252,5008
2014,Buenos Aires,6,Buenos Aires,06260,6631
2014,Buenos Aires,6,Buenos Aires,06266,690
2014,Buenos Aires,6,Buenos Aires,06270,4076
2014,Buenos Aires,6,Buenos Aires,06274,10056
2014,Buenos Aires,6,Buenos Aires,06277,164
2014,Buenos Aires,6,Buenos Aires,06280,616
2014,Buenos Aires,6,Buenos Aires,06287,167
2014,Buenos Aires,6,Buenos Aires,06294,197
2014,Buenos Aires,6,Buenos Aires,06301,302
2014,Buenos Aires,6,Buenos Aires,06308,34
2014,Buenos Aires,6,Buenos Aires,06315,366
2014,Buenos Aires,6,Buenos Aires,06322,169
2014,Buenos Aires,6,Buenos Aires,06329,266
2014,Buenos Aires,6,Buenos Aires,06336,74
2014,Buenos Aires,6,Buenos Aires,06343,218
2014,Buenos Aires,6,Buenos Aires,06351,167
2014,Buenos Aires,6,Buenos Aires,06357,10124
2014,Buenos Aires,6,Buenos Aires,06364,2578
2014,Buenos Aires,6,Buenos Aires,06371,7030
2014,Buenos Aires,6,Buenos Aires,06385,288
2014,Buenos Aires,6,Buenos Aires,06392,532
2014,Buenos Aires,6,Buenos Aires,06399,154
2014,Buenos Aires,6,Buenos Aires,06406,155
2014,Buenos Aires,6,Buenos Aires,06408,2987
2014,Buenos Aires,6,Buenos Aires,06410,2526
2014,Buenos Aires,6,Buenos Aires,06412,6824
2014,Buenos Aires,6,Buenos Aires,06413,1563
2014,Buenos Aires,6,Buenos Aires,06420,1416
2014,Buenos Aires,6,Buenos Aires,06427,29456
2014,Buenos Aires,6,Buenos Aires,06441,13753
2014,Buenos Aires,6,Buenos Aires,06434,7424
2014,Buenos Aires,6,Buenos Aires,06448,164
2014,Buenos Aires,6,Buenos Aires,06455,362
2014,Buenos Aires,6,Buenos Aires,06462,248
2014,Buenos Aires,6,Buenos Aires,06466,82
2014,Buenos Aires,6,Buenos Aires,06469,634
2014,Buenos Aires,6,Buenos Aires,06476,206
2014,Buenos Aires,6,Buenos Aires,06483,650
2014,Buenos Aires,6,Buenos Aires,06490,13248
2014,Buenos Aires,6,Buenos Aires,06497,1922
2014,Buenos Aires,6,Buenos Aires,06505,351
2014,Buenos Aires,6,Buenos Aires,06511,148
2014,Buenos Aires,6,Buenos Aires,06515,6715
2014,Buenos Aires,6,Buenos Aires,06518,364
2014,Buenos Aires,6,Buenos Aires,06525,1267
2014,Buenos Aires,6,Buenos Aires,06532,1153
2014,Buenos Aires,6,Buenos Aires,06539,10996
2014,Buenos Aires,6,Buenos Aires,06547,429
2014,Buenos Aires,6,Buenos Aires,06553,132
2014,Buenos Aires,6,Buenos Aires,06560,10984
2014,Buenos Aires,6,Buenos Aires,06568,4736
2014,Buenos Aires,6,Buenos Aires,06574,321
2014,Buenos Aires,6,Buenos Aires,06581,1509
2014,Buenos Aires,6,Buenos Aires,06595,1883
2014,Buenos Aires,6,Buenos Aires,06602,560
2014,Buenos Aires,6,Buenos Aires,06609,653
2014,Buenos Aires,6,Buenos Aires,06616,117
2014,Buenos Aires,6,Buenos Aires,06623,1702
2014,Buenos Aires,6,Buenos Aires,06630,64
2014,Buenos Aires,6,Buenos Aires,06638,7111
2014,Buenos Aires,6,Buenos Aires,06644,656
2014,Buenos Aires,6,Buenos Aires,06648,2204
2014,Buenos Aires,6,Buenos Aires,06651,171
2014,Buenos Aires,6,Buenos Aires,06655,171
2014,Buenos Aires,6,Buenos Aires,06658,11351
2014,Buenos Aires,6,Buenos Aires,06665,640
2014,Buenos Aires,6,Buenos Aires,06672,247
2014,Buenos Aires,6,Buenos Aires,06679,317
2014,Buenos Aires,6,Buenos Aires,06686,354
2014,Buenos Aires,6,Buenos Aires,06693,184
2014,Buenos Aires,6,Buenos Aires,06700,324
2014,Buenos Aires,6,Buenos Aires,06707,562
2014,Buenos Aires,6,Buenos Aires,06721,144
2014,Buenos Aires,6,Buenos Aires,06714,622
2014,Buenos Aires,6,Buenos Aires,06728,426
2014,Buenos Aires,6,Buenos Aires,06735,398
2014,Buenos Aires,6,Buenos Aires,06742,130
2014,Buenos Aires,6,Buenos Aires,06749,2997
2014,Buenos Aires,6,Buenos Aires,06756,4892
2014,Buenos Aires,6,Buenos Aires,06760,6163
2014,Buenos Aires,6,Buenos Aires,06763,2694
2014,Buenos Aires,6,Buenos Aires,06770,1259
2014,Buenos Aires,6,Buenos Aires,06778,1704
2014,Buenos Aires,6,Buenos Aires,06784,181
2014,Buenos Aires,6,Buenos Aires,06791,2015
2014,Buenos Aires,6,Buenos Aires,06798,131
2014,Buenos Aires,6,Buenos Aires,06805,7673
2014,Buenos Aires,6,Buenos Aires,06812,26
2014,Buenos Aires,6,Buenos Aires,06819,181
2014,Buenos Aires,6,Buenos Aires,06826,738
2014,Buenos Aires,6,Buenos Aires,06833,946
2014,Buenos Aires,6,Buenos Aires,06840,5428
2014,Buenos Aires,6,Buenos Aires,06847,123
2014,Buenos Aires,6,Buenos Aires,06861,3501
2014,Buenos Aires,6,Buenos Aires,06868,638
2014,Buenos Aires,6,Buenos Aires,06875,655
2014,Buenos Aires,6,Buenos Aires,06882,2360
2014,Catamarca,10,Catamarca,10007,66
2014,Catamarca,10,Catamarca,10014,40
2014,Catamarca,10,Catamarca,10021,323
2014,Catamarca,10,Catamarca,10028,28
2014,Catamarca,10,Catamarca,10035,511
2014,Catamarca,10,Catamarca,10042,324
2014,Catamarca,10,Catamarca,10049,3270
2014,Catamarca,10,Catamarca,10056,74
2014,Catamarca,10,Catamarca,10063,244
2014,Catamarca,10,Catamarca,10070,440
2014,Catamarca,10,Catamarca,10077,58
2014,Catamarca,10,Catamarca,10084,189
2014,Catamarca,10,Catamarca,10091,449
2014,Catamarca,10,Catamarca,10098,197
2014,Catamarca,10,Catamarca,10105,383
2014,Catamarca,10,Catamarca,10112,537
2014,Chaco,22,Chaco,22036,502
2014,Chaco,22,Chaco,22126,258
2014,Chaco,22,Chaco,22039,118
2014,Chaco,22,Chaco,22168,776
2014,Chaco,22,Chaco,22105,710
2014,Chaco,22,Chaco,22007,858
2014,Chaco,22,Chaco,22014,548
2014,Chaco,22,Chaco,22028,743
2014,Chaco,22,Chaco,22021,2312
2014,Chaco,22,Chaco,22043,237
2014,Chaco,22,Chaco,22049,307
2014,Chaco,22,Chaco,22056,276
2014,Chaco,22,Chaco,22063,2244
2014,Chaco,22,Chaco,22070,602
2014,Chaco,22,Chaco,22077,263
2014,Chaco,22,Chaco,22084,1480
2014,Chaco,22,Chaco,22091,607
2014,Chaco,22,Chaco,22098,1411
2014,Chaco,22,Chaco,22112,474
2014,Chaco,22,Chaco,22119,271
2014,Chaco,22,Chaco,22133,823
2014,Chaco,22,Chaco,22140,8734
2014,Chaco,22,Chaco,22147,388
2014,Chaco,22,Chaco,22154,369
2014,Chaco,22,Chaco,22161,76
2014,Chubut,26,Chubut,26007,1653
2014,Chubut,26,Chubut,26014,385
2014,Chubut,26,Chubut,26021,3854
2014,Chubut,26,Chubut,26028,29
2014,Chubut,26,Chubut,26035,806
2014,Chubut,26,Chubut,26042,179
2014,Chubut,26,Chubut,26049,19
2014,Chubut,26,Chubut,26056,38
2014,Chubut,26,Chubut,26063,8
2014,Chubut,26,Chubut,26070,22
2014,Chubut,26,Chubut,26077,2371
2014,Chubut,26,Chubut,26084,110
2014,Chubut,26,Chubut,26091,264
2014,Chubut,26,Chubut,26098,101
2014,Chubut,26,Chubut,26105,18
2014,Córdoba,14,Córdoba,14007,931
2014,Córdoba,14,Córdoba,14014,24790
2014,Córdoba,14,Córdoba,14021,5018
2014,Córdoba,14,Córdoba,14028,1111
2014,Córdoba,14,Córdoba,14035,522
2014,Córdoba,14,Córdoba,14042,2530
2014,Córdoba,14,Córdoba,14049,621
2014,Córdoba,14,Córdoba,14056,1093
2014,Córdoba,14,Córdoba,14063,1452
2014,Córdoba,14,Córdoba,14070,77
2014,Córdoba,14,Córdoba,14077,64
2014,Córdoba,14,Córdoba,14084,647
2014,Córdoba,14,Córdoba,14091,3227
2014,Córdoba,14,Córdoba,14098,4404
2014,Córdoba,14,Córdoba,14105,901
2014,Córdoba,14,Córdoba,14112,254
2014,Córdoba,14,Córdoba,14119,1749
2014,Córdoba,14,Córdoba,14126,674
2014,Córdoba,14,Córdoba,14133,1012
2014,Córdoba,14,Córdoba,14140,3630
2014,Córdoba,14,Córdoba,14147,2030
2014,Córdoba,14,Córdoba,14154,64
2014,Córdoba,14,Córdoba,14161,1873
2014,Córdoba,14,Córdoba,14168,331
2014,Córdoba,14,Córdoba,14175,195
2014,Córdoba,14,Córdoba,14182,1737
2014,Corrientes,18,Corrientes,18007,781
2014,Corrientes,18,Corrientes,18014,39
2014,Corrientes,18,Corrientes,18021,7528
2014,Corrientes,18,Corrientes,18028,521
2014,Corrientes,18,Corrientes,18035,897
2014,Corrientes,18,Corrientes,18042,297
2014,Corrientes,18,Corrientes,18049,705
2014,Corrientes,18,Corrientes,18056,131
2014,Corrientes,18,Corrientes,18063,242
2014,Corrientes,18,Corrientes,18070,1789
2014,Corrientes,18,Corrientes,18077,205
2014,Corrientes,18,Corrientes,18084,708
2014,Corrientes,18,Corrientes,18091,755
2014,Corrientes,18,Corrientes,18098,181
2014,Corrientes,18,Corrientes,18105,912
2014,Corrientes,18,Corrientes,18112,695
2014,Corrientes,18,Corrientes,18119,1150
2014,Corrientes,18,Corrientes,18126,477
2014,Corrientes,18,Corrientes,18133,345
2014,Corrientes,18,Corrientes,18140,327
2014,Corrientes,18,Corrientes,18147,324
2014,Corrientes,18,Corrientes,18154,275
2014,Corrientes,18,Corrientes,18161,376
2014,Corrientes,18,Corrientes,18168,1512
2014,Corrientes,18,Corrientes,18175,176
2014,Entre Ríos,30,Entre Ríos,30008,1085
2014,Entre Ríos,30,Entre Ríos,30015,3870
2014,Entre Ríos,30,Entre Ríos,30021,746
2014,Entre Ríos,30,Entre Ríos,30028,1416
2014,Entre Ríos,30,Entre Ríos,30035,475
2014,Entre Ríos,30,Entre Ríos,30042,331
2014,Entre Ríos,30,Entre Ríos,30049,984
2014,Entre Ríos,30,Entre Ríos,30056,2022
2014,Entre Ríos,30,Entre Ríos,30063,258
2014,Entre Ríos,30,Entre Ríos,30070,1332
2014,Entre Ríos,30,Entre Ríos,30077,648
2014,Entre Ríos,30,Entre Ríos,30084,6356
2014,Entre Ríos,30,Entre Ríos,30088,365
2014,Entre Ríos,30,Entre Ríos,30091,449
2014,Entre Ríos,30,Entre Ríos,30098,1828
2014,Entre Ríos,30,Entre Ríos,30105,589
2014,Entre Ríos,30,Entre Ríos,30113,920
2014,Formosa,34,Formosa,34007,378
2014,Formosa,34,Formosa,34014,5321
2014,Formosa,34,Formosa,34021,332
2014,Formosa,34,Formosa,34028,469
2014,Formosa,34,Formosa,34035,1722
2014,Formosa,34,Formosa,34042,388
2014,Formosa,34,Formosa,34049,2011
2014,Formosa,34,Formosa,34056,1377
2014,Formosa,34,Formosa,34063,502
2014,Jujuy,38,Jujuy,38007,278
2014,Jujuy,38,Jujuy,38021,5161
2014,Jujuy,38,Jujuy,38014,2293
2014,Jujuy,38,Jujuy,38028,375
2014,Jujuy,38,Jujuy,38035,1735
2014,Jujuy,38,Jujuy,38042,1022
2014,Jujuy,38,Jujuy,38049,38
2014,Jujuy,38,Jujuy,38056,82
2014,Jujuy,38,Jujuy,38063,1580
2014,Jujuy,38,Jujuy,38070,393
2014,Jujuy,38,Jujuy,38077,89
2014,Jujuy,38,Jujuy,38084,94
2014,Jujuy,38,Jujuy,38094,259
2014,Jujuy,38,Jujuy,38098,92
2014,Jujuy,38,Jujuy,38105,41
2014,Jujuy,38,Jujuy,38112,457
2014,La Pampa,42,La Pampa,42007,139
2014,La Pampa,42,La Pampa,42014,38
2014,La Pampa,42,La Pampa,42021,2055
2014,La Pampa,42,La Pampa,42028,133
2014,La Pampa,42,La Pampa,42049,44
2014,La Pampa,42,La Pampa,42056,153
2014,La Pampa,42,La Pampa,42063,21
2014,La Pampa,42,La Pampa,42035,205
2014,La Pampa,42,La Pampa,42042,8
2014,La Pampa,42,La Pampa,42070,134
2014,La Pampa,42,La Pampa,42077,75
2014,La Pampa,42,La Pampa,42084,6
2014,La Pampa,42,La Pampa,42091,8
2014,La Pampa,42,La Pampa,42098,144
2014,La Pampa,42,La Pampa,42105,1160
2014,La Pampa,42,La Pampa,42112,245
2014,La Pampa,42,La Pampa,42119,102
2014,La Pampa,42,La Pampa,42126,173
2014,La Pampa,42,La Pampa,42133,290
2014,La Pampa,42,La Pampa,42140,279
2014,La Pampa,42,La Pampa,42147,74
2014,La Pampa,42,La Pampa,42154,302
2014,La Rioja,46,La Rioja,46007,289
2014,La Rioja,46,La Rioja,46014,3792
2014,La Rioja,46,La Rioja,46021,72
2014,La Rioja,46,La Rioja,46035,223
2014,La Rioja,46,La Rioja,46042,1037
2014,La Rioja,46,La Rioja,46028,168
2014,La Rioja,46,La Rioja,46049,100
2014,La Rioja,46,La Rioja,46056,53
2014,La Rioja,46,La Rioja,46063,132
2014,La Rioja,46,La Rioja,46070,50
2014,La Rioja,46,La Rioja,46077,37
2014,La Rioja,46,La Rioja,46084,94
2014,La Rioja,46,La Rioja,46091,84
2014,La Rioja,46,La Rioja,46105,39
2014,La Rioja,46,La Rioja,46112,334
2014,La Rioja,46,La Rioja,46119,58
2014,La Rioja,46,La Rioja,46126,45
2014,La Rioja,46,La Rioja,46098,44
2014,Mendoza,50,Mendoza,50007,2165
2014,Mendoza,50,Mendoza,50014,918
2014,Mendoza,50,Mendoza,50021,3556
2014,Mendoza,50,Mendoza,50028,5782
2014,Mendoza,50,Mendoza,50035,783
2014,Mendoza,50,Mendoza,50042,221
2014,Mendoza,50,Mendoza,50049,4226
2014,Mendoza,50,Mendoza,50056,980
2014,Mendoza,50,Mendoza,50063,2619
2014,Mendoza,50,Mendoza,50070,3766
2014,Mendoza,50,Mendoza,50077,639
2014,Mendoza,50,Mendoza,50084,1226
2014,Mendoza,50,Mendoza,50091,746
2014,Mendoza,50,Mendoza,50098,2565
2014,Mendoza,50,Mendoza,50105,3586
2014,Mendoza,50,Mendoza,50112,343
2014,Mendoza,50,Mendoza,50119,1251
2014,Mendoza,50,Mendoza,50126,867
2014,Misiones,54,Misiones,54119,593
2014,Misiones,54,Misiones,54007,993
2014,Misiones,54,Misiones,54014,1420
2014,Misiones,54,Misiones,54021,663
2014,Misiones,54,Misiones,54028,7991
2014,Misiones,54,Misiones,54035,203
2014,Misiones,54,Misiones,54042,2155
2014,Misiones,54,Misiones,54049,1219
2014,Misiones,54,Misiones,54056,1946
2014,Misiones,54,Misiones,54063,2480
2014,Misiones,54,Misiones,54070,988
2014,Misiones,54,Misiones,54077,1161
2014,Misiones,54,Misiones,54084,1086
2014,Misiones,54,Misiones,54091,2586
2014,Misiones,54,Misiones,54098,1427
2014,Misiones,54,Misiones,54105,462
2014,Misiones,54,Misiones,54112,843
2014,Neuquén,58,Neuquén,58007,123
2014,Neuquén,58,Neuquén,58014,292
2014,Neuquén,58,Neuquén,58021,33
2014,Neuquén,58,Neuquén,58042,271
2014,Neuquén,58,Neuquén,58028,83
2014,Neuquén,58,Neuquén,58035,8102
2014,Neuquén,58,Neuquén,58049,334
2014,Neuquén,58,Neuquén,58056,628
2014,Neuquén,58,Neuquén,58063,141
2014,Neuquén,58,Neuquén,58070,251
2014,Neuquén,58,Neuquén,58077,124
2014,Neuquén,58,Neuquén,58091,554
2014,Neuquén,58,Neuquén,58098,87
2014,Neuquén,58,Neuquén,58105,133
2014,Neuquén,58,Neuquén,58112,780
2014,Neuquén,58,Neuquén,58084,63
2014,Río Negro,62,Río Negro,62091,235
2014,Río Negro,62,Río Negro,62049,46
2014,Río Negro,62,Río Negro,62007,1197
2014,Río Negro,62,Río Negro,62014,714
2014,Río Negro,62,Río Negro,62021,2500
2014,Río Negro,62,Río Negro,62028,147
2014,Río Negro,62,Río Negro,62035,61
2014,Río Negro,62,Río Negro,62042,6441
2014,Río Negro,62,Río Negro,62063,270
2014,Río Negro,62,Río Negro,62070,125
2014,Río Negro,62,Río Negro,62077,599
2014,Río Negro,62,Río Negro,62084,98
2014,Río Negro,62,Río Negro,62056,24
2014,Salta,66,Salta,66007,1373
2014,Salta,66,Salta,66014,172
2014,Salta,66,Salta,66021,402
2014,Salta,66,Salta,66028,11364
2014,Salta,66,Salta,66035,898
2014,Salta,66,Salta,66042,444
2014,Salta,66,Salta,66049,1078
2014,Salta,66,Salta,66056,4367
2014,Salta,66,Salta,66063,72
2014,Salta,66,Salta,66070,142
2014,Salta,66,Salta,66077,197
2014,Salta,66,Salta,66084,135
2014,Salta,66,Salta,66091,44
2014,Salta,66,Salta,66098,141
2014,Salta,66,Salta,66105,197
2014,Salta,66,Salta,66112,846
2014,Salta,66,Salta,66119,128
2014,Salta,66,Salta,66126,3811
2014,Salta,66,Salta,66133,1117
2014,Salta,66,Salta,66140,671
2014,Salta,66,Salta,66147,870
2014,Salta,66,Salta,66154,157
2014,Salta,66,Salta,66161,233
2014,San Juan,70,San Juan,70126,458
2014,San Juan,70,San Juan,70063,273
2014,San Juan,70,San Juan,70007,652
2014,San Juan,70,San Juan,70014,194
2014,San Juan,70,San Juan,70021,208
2014,San Juan,70,San Juan,70028,1963
2014,San Juan,70,San Juan,70035,876
2014,San Juan,70,San Juan,70042,2132
2014,San Juan,70,San Juan,70049,153
2014,San Juan,70,San Juan,70056,401
2014,San Juan,70,San Juan,70070,1455
2014,San Juan,70,San Juan,70077,2559
2014,San Juan,70,San Juan,70084,1709
2014,San Juan,70,San Juan,70091,271
2014,San Juan,70,San Juan,70098,1080
2014,San Juan,70,San Juan,70105,599
2014,San Juan,70,San Juan,70112,132
2014,San Juan,70,San Juan,70119,122
2014,San Juan,70,San Juan,70133,111
2014,San Luis,74,San Luis,74007,303
2014,San Luis,74,San Luis,74014,66
2014,San Luis,74,San Luis,74028,329
2014,San Luis,74,San Luis,74021,229
2014,San Luis,74,San Luis,74035,2463
2014,San Luis,74,San Luis,74042,203
2014,San Luis,74,San Luis,74056,3847
2014,San Luis,74,San Luis,74049,483
2014,San Luis,74,San Luis,74063,59
2014,Santa Cruz,78,Santa Cruz,78007,263
2014,Santa Cruz,78,Santa Cruz,78014,2607
2014,Santa Cruz,78,Santa Cruz,78021,2391
2014,Santa Cruz,78,Santa Cruz,78028,399
2014,Santa Cruz,78,Santa Cruz,78035,192
2014,Santa Cruz,78,Santa Cruz,78042,234
2014,Santa Cruz,78,Santa Cruz,78049,88
2014,Santa Fe,82,Santa Fe,82077,640
2014,Santa Fe,82,Santa Fe,82007,669
2014,Santa Fe,82,Santa Fe,82014,1210
2014,Santa Fe,82,Santa Fe,82021,3198
2014,Santa Fe,82,Santa Fe,82028,1317
2014,Santa Fe,82,Santa Fe,82035,464
2014,Santa Fe,82,Santa Fe,82042,3105
2014,Santa Fe,82,Santa Fe,82049,3337
2014,Santa Fe,82,Santa Fe,82056,1069
2014,Santa Fe,82,Santa Fe,82063,9968
2014,Santa Fe,82,Santa Fe,82070,1635
2014,Santa Fe,82,Santa Fe,82084,22411
2014,Santa Fe,82,Santa Fe,82091,1246
2014,Santa Fe,82,Santa Fe,82098,623
2014,Santa Fe,82,Santa Fe,82105,1344
2014,Santa Fe,82,Santa Fe,82112,741
2014,Santa Fe,82,Santa Fe,82119,3255
2014,Santa Fe,82,Santa Fe,82126,1055
2014,Santa Fe,82,Santa Fe,82133,1018
2014,Santiago del Estero,86,Santiago del Estero,86007,173
2014,Santiago del Estero,86,Santiago del Estero,86014,406
2014,Santiago del Estero,86,Santiago del Estero,86021,268
2014,Santiago del Estero,86,Santiago del Estero,86028,480
2014,Santiago del Estero,86,Santiago del Estero,86035,3488
2014,Santiago del Estero,86,Santiago del Estero,86042,187
2014,Santiago del Estero,86,Santiago del Estero,86049,5918
2014,Santiago del Estero,86,Santiago del Estero,86063,725
2014,Santiago del Estero,86,Santiago del Estero,86056,741
2014,Santiago del Estero,86,Santiago del Estero,86070,382
2014,Santiago del Estero,86,Santiago del Estero,86077,1001
2014,Santiago del Estero,86,Santiago del Estero,86084,156
2014,Santiago del Estero,86,Santiago del Estero,86091,275
2014,Santiago del Estero,86,Santiago del Estero,86098,414
2014,Santiago del Estero,86,Santiago del Estero,86105,452
2014,Santiago del Estero,86,Santiago del Estero,86112,19
2014,Santiago del Estero,86,Santiago del Estero,86119,798
2014,Santiago del Estero,86,Santiago del Estero,86126,301
2014,Santiago del Estero,86,Santiago del Estero,86133,489
2014,Santiago del Estero,86,Santiago del Estero,86140,188
2014,Santiago del Estero,86,Santiago del Estero,86147,1338
2014,Santiago del Estero,86,Santiago del Estero,86154,84
2014,Santiago del Estero,86,Santiago del Estero,86161,1036
2014,Santiago del Estero,86,Santiago del Estero,86168,269
2014,Santiago del Estero,86,Santiago del Estero,86175,219
2014,Santiago del Estero,86,Santiago del Estero,86182,105
2014,Santiago del Estero,86,Santiago del Estero,86189,179
2014,Tierra del Fuego,94,Tierra del Fuego,94008,1853
2014,Tierra del Fuego,94,Tierra del Fuego,94015,1177
2014,Tucumán,90,Tucumán,90007,873
2014,Tucumán,90,Tucumán,90084,11185
2014,Tucumán,90,Tucumán,90021,1732
2014,Tucumán,90,Tucumán,90014,4553
2014,Tucumán,90,Tucumán,90028,822
2014,Tucumán,90,Tucumán,90035,261
2014,Tucumán,90,Tucumán,90042,617
2014,Tucumán,90,Tucumán,90049,397
2014,Tucumán,90,Tucumán,90056,1055
2014,Tucumán,90,Tucumán,90063,1467
2014,Tucumán,90,Tucumán,90070,1331
2014,Tucumán,90,Tucumán,90077,1228
2014,Tucumán,90,Tucumán,90091,537
2014,Tucumán,90,Tucumán,90098,322
2014,Tucumán,90,Tucumán,90105,2850
2014,Tucumán,90,Tucumán,90112,355
2014,Tucumán,90,Tucumán,90119,1538
2015,Buenos Aires,6,Buenos Aires,06854,556
2015,Buenos Aires,6,Buenos Aires,06588,778
2015,Buenos Aires,6,Buenos Aires,06007,214
2015,Buenos Aires,6,Buenos Aires,06014,197
2015,Buenos Aires,6,Buenos Aires,06021,154
2015,Buenos Aires,6,Buenos Aires,06028,10612
2015,Buenos Aires,6,Buenos Aires,06077,490
2015,Buenos Aires,6,Buenos Aires,06035,5786
2015,Buenos Aires,6,Buenos Aires,06042,349
2015,Buenos Aires,6,Buenos Aires,06049,1046
2015,Buenos Aires,6,Buenos Aires,06056,4924
2015,Buenos Aires,6,Buenos Aires,06063,708
2015,Buenos Aires,6,Buenos Aires,06070,579
2015,Buenos Aires,6,Buenos Aires,06084,310
2015,Buenos Aires,6,Buenos Aires,06091,6006
2015,Buenos Aires,6,Buenos Aires,06098,1642
2015,Buenos Aires,6,Buenos Aires,06105,490
2015,Buenos Aires,6,Buenos Aires,06112,563
2015,Buenos Aires,6,Buenos Aires,06119,530
2015,Buenos Aires,6,Buenos Aires,06126,1909
2015,Buenos Aires,6,Buenos Aires,06140,240
2015,Buenos Aires,6,Buenos Aires,06147,326
2015,Buenos Aires,6,Buenos Aires,06154,158
2015,Buenos Aires,6,Buenos Aires,06161,262
2015,Buenos Aires,6,Buenos Aires,06168,128
2015,Buenos Aires,6,Buenos Aires,06134,1197
2015,Buenos Aires,6,Buenos Aires,06210,758
2015,Buenos Aires,6,Buenos Aires,06218,679
2015,Buenos Aires,6,Buenos Aires,06224,985
2015,Buenos Aires,6,Buenos Aires,06175,366
2015,Buenos Aires,6,Buenos Aires,06182,994
2015,Buenos Aires,6,Buenos Aires,06189,219
2015,Buenos Aires,6,Buenos Aires,06196,390
2015,Buenos Aires,6,Buenos Aires,06203,600
2015,Buenos Aires,6,Buenos Aires,06231,300
2015,Buenos Aires,6,Buenos Aires,06238,473
2015,Buenos Aires,6,Buenos Aires,06245,1170
2015,Buenos Aires,6,Buenos Aires,06252,4821
2015,Buenos Aires,6,Buenos Aires,06260,6368
2015,Buenos Aires,6,Buenos Aires,06266,744
2015,Buenos Aires,6,Buenos Aires,06270,3844
2015,Buenos Aires,6,Buenos Aires,06274,9769
2015,Buenos Aires,6,Buenos Aires,06277,156
2015,Buenos Aires,6,Buenos Aires,06280,662
2015,Buenos Aires,6,Buenos Aires,06287,152
2015,Buenos Aires,6,Buenos Aires,06294,211
2015,Buenos Aires,6,Buenos Aires,06301,280
2015,Buenos Aires,6,Buenos Aires,06308,40
2015,Buenos Aires,6,Buenos Aires,06315,356
2015,Buenos Aires,6,Buenos Aires,06322,187
2015,Buenos Aires,6,Buenos Aires,06329,287
2015,Buenos Aires,6,Buenos Aires,06336,58
2015,Buenos Aires,6,Buenos Aires,06343,217
2015,Buenos Aires,6,Buenos Aires,06351,162
2015,Buenos Aires,6,Buenos Aires,06357,9787
2015,Buenos Aires,6,Buenos Aires,06364,2510
2015,Buenos Aires,6,Buenos Aires,06371,6784
2015,Buenos Aires,6,Buenos Aires,06385,306
2015,Buenos Aires,6,Buenos Aires,06392,490
2015,Buenos Aires,6,Buenos Aires,06399,141
2015,Buenos Aires,6,Buenos Aires,06406,153
2015,Buenos Aires,6,Buenos Aires,06408,2885
2015,Buenos Aires,6,Buenos Aires,06410,2443
2015,Buenos Aires,6,Buenos Aires,06412,6747
2015,Buenos Aires,6,Buenos Aires,06413,1515
2015,Buenos Aires,6,Buenos Aires,06420,1435
2015,Buenos Aires,6,Buenos Aires,06427,27991
2015,Buenos Aires,6,Buenos Aires,06441,13068
2015,Buenos Aires,6,Buenos Aires,06434,7145
2015,Buenos Aires,6,Buenos Aires,06448,189
2015,Buenos Aires,6,Buenos Aires,06455,369
2015,Buenos Aires,6,Buenos Aires,06462,270
2015,Buenos Aires,6,Buenos Aires,06466,76
2015,Buenos Aires,6,Buenos Aires,06469,651
2015,Buenos Aires,6,Buenos Aires,06476,284
2015,Buenos Aires,6,Buenos Aires,06483,611
2015,Buenos Aires,6,Buenos Aires,06490,12674
2015,Buenos Aires,6,Buenos Aires,06497,1909
2015,Buenos Aires,6,Buenos Aires,06505,328
2015,Buenos Aires,6,Buenos Aires,06511,188
2015,Buenos Aires,6,Buenos Aires,06515,6381
2015,Buenos Aires,6,Buenos Aires,06518,408
2015,Buenos Aires,6,Buenos Aires,06525,1243
2015,Buenos Aires,6,Buenos Aires,06532,1121
2015,Buenos Aires,6,Buenos Aires,06539,10741
2015,Buenos Aires,6,Buenos Aires,06547,390
2015,Buenos Aires,6,Buenos Aires,06553,112
2015,Buenos Aires,6,Buenos Aires,06560,10759
2015,Buenos Aires,6,Buenos Aires,06568,4472
2015,Buenos Aires,6,Buenos Aires,06574,316
2015,Buenos Aires,6,Buenos Aires,06581,1486
2015,Buenos Aires,6,Buenos Aires,06595,1777
2015,Buenos Aires,6,Buenos Aires,06602,556
2015,Buenos Aires,6,Buenos Aires,06609,704
2015,Buenos Aires,6,Buenos Aires,06616,100
2015,Buenos Aires,6,Buenos Aires,06623,1707
2015,Buenos Aires,6,Buenos Aires,06630,55
2015,Buenos Aires,6,Buenos Aires,06638,7111
2015,Buenos Aires,6,Buenos Aires,06644,684
2015,Buenos Aires,6,Buenos Aires,06648,2126
2015,Buenos Aires,6,Buenos Aires,06651,168
2015,Buenos Aires,6,Buenos Aires,06655,182
2015,Buenos Aires,6,Buenos Aires,06658,10876
2015,Buenos Aires,6,Buenos Aires,06665,668
2015,Buenos Aires,6,Buenos Aires,06672,236
2015,Buenos Aires,6,Buenos Aires,06679,300
2015,Buenos Aires,6,Buenos Aires,06686,354
2015,Buenos Aires,6,Buenos Aires,06693,202
2015,Buenos Aires,6,Buenos Aires,06700,294
2015,Buenos Aires,6,Buenos Aires,06707,485
2015,Buenos Aires,6,Buenos Aires,06721,133
2015,Buenos Aires,6,Buenos Aires,06714,565
2015,Buenos Aires,6,Buenos Aires,06728,432
2015,Buenos Aires,6,Buenos Aires,06735,369
2015,Buenos Aires,6,Buenos Aires,06742,107
2015,Buenos Aires,6,Buenos Aires,06749,2868
2015,Buenos Aires,6,Buenos Aires,06756,4690
2015,Buenos Aires,6,Buenos Aires,06760,5811
2015,Buenos Aires,6,Buenos Aires,06763,2555
2015,Buenos Aires,6,Buenos Aires,06770,1207
2015,Buenos Aires,6,Buenos Aires,06778,1698
2015,Buenos Aires,6,Buenos Aires,06784,176
2015,Buenos Aires,6,Buenos Aires,06791,1906
2015,Buenos Aires,6,Buenos Aires,06798,134
2015,Buenos Aires,6,Buenos Aires,06805,7571
2015,Buenos Aires,6,Buenos Aires,06812,27
2015,Buenos Aires,6,Buenos Aires,06819,193
2015,Buenos Aires,6,Buenos Aires,06826,803
2015,Buenos Aires,6,Buenos Aires,06833,860
2015,Buenos Aires,6,Buenos Aires,06840,5364
2015,Buenos Aires,6,Buenos Aires,06847,102
2015,Buenos Aires,6,Buenos Aires,06861,3338
2015,Buenos Aires,6,Buenos Aires,06868,632
2015,Buenos Aires,6,Buenos Aires,06875,524
2015,Buenos Aires,6,Buenos Aires,06882,2286
2015,Catamarca,10,Catamarca,10007,74
2015,Catamarca,10,Catamarca,10014,43
2015,Catamarca,10,Catamarca,10021,277
2015,Catamarca,10,Catamarca,10028,24
2015,Catamarca,10,Catamarca,10035,486
2015,Catamarca,10,Catamarca,10042,279
2015,Catamarca,10,Catamarca,10049,3129
2015,Catamarca,10,Catamarca,10056,82
2015,Catamarca,10,Catamarca,10063,216
2015,Catamarca,10,Catamarca,10070,491
2015,Catamarca,10,Catamarca,10077,57
2015,Catamarca,10,Catamarca,10084,165
2015,Catamarca,10,Catamarca,10091,452
2015,Catamarca,10,Catamarca,10098,192
2015,Catamarca,10,Catamarca,10105,386
2015,Catamarca,10,Catamarca,10112,541
2015,Chaco,22,Chaco,22036,435
2015,Chaco,22,Chaco,22126,248
2015,Chaco,22,Chaco,22039,149
2015,Chaco,22,Chaco,22168,661
2015,Chaco,22,Chaco,22105,681
2015,Chaco,22,Chaco,22007,813
2015,Chaco,22,Chaco,22014,513
2015,Chaco,22,Chaco,22028,645
2015,Chaco,22,Chaco,22021,2086
2015,Chaco,22,Chaco,22043,235
2015,Chaco,22,Chaco,22049,301
2015,Chaco,22,Chaco,22056,286
2015,Chaco,22,Chaco,22063,2322
2015,Chaco,22,Chaco,22070,591
2015,Chaco,22,Chaco,22077,276
2015,Chaco,22,Chaco,22084,1402
2015,Chaco,22,Chaco,22091,596
2015,Chaco,22,Chaco,22098,1295
2015,Chaco,22,Chaco,22112,489
2015,Chaco,22,Chaco,22119,276
2015,Chaco,22,Chaco,22133,764
2015,Chaco,22,Chaco,22140,8455
2015,Chaco,22,Chaco,22147,328
2015,Chaco,22,Chaco,22154,368
2015,Chaco,22,Chaco,22161,64
2015,Chubut,26,Chubut,26007,1644
2015,Chubut,26,Chubut,26014,370
2015,Chubut,26,Chubut,26021,3967
2015,Chubut,26,Chubut,26028,28
2015,Chubut,26,Chubut,26035,740
2015,Chubut,26,Chubut,26042,198
2015,Chubut,26,Chubut,26049,15
2015,Chubut,26,Chubut,26056,35
2015,Chubut,26,Chubut,26063,5
2015,Chubut,26,Chubut,26070,24
2015,Chubut,26,Chubut,26077,2249
2015,Chubut,26,Chubut,26084,87
2015,Chubut,26,Chubut,26091,274
2015,Chubut,26,Chubut,26098,118
2015,Chubut,26,Chubut,26105,25
2015,Córdoba,14,Córdoba,14007,961
2015,Córdoba,14,Córdoba,14014,23838
2015,Córdoba,14,Córdoba,14021,4814
2015,Córdoba,14,Córdoba,14028,1050
2015,Córdoba,14,Córdoba,14035,497
2015,Córdoba,14,Córdoba,14042,2417
2015,Córdoba,14,Córdoba,14049,619
2015,Córdoba,14,Córdoba,14056,1035
2015,Córdoba,14,Córdoba,14063,1526
2015,Córdoba,14,Córdoba,14070,64
2015,Córdoba,14,Córdoba,14077,55
2015,Córdoba,14,Córdoba,14084,605
2015,Córdoba,14,Córdoba,14091,3162
2015,Córdoba,14,Córdoba,14098,4445
2015,Córdoba,14,Córdoba,14105,903
2015,Córdoba,14,Córdoba,14112,245
2015,Córdoba,14,Córdoba,14119,1797
2015,Córdoba,14,Córdoba,14126,610
2015,Córdoba,14,Córdoba,14133,987
2015,Córdoba,14,Córdoba,14140,3677
2015,Córdoba,14,Córdoba,14147,2018
2015,Córdoba,14,Córdoba,14154,64
2015,Córdoba,14,Córdoba,14161,1841
2015,Córdoba,14,Córdoba,14168,322
2015,Córdoba,14,Córdoba,14175,170
2015,Córdoba,14,Córdoba,14182,1774
2015,Corrientes,18,Corrientes,18007,794
2015,Corrientes,18,Corrientes,18014,45
2015,Corrientes,18,Corrientes,18021,6964
2015,Corrientes,18,Corrientes,18028,486
2015,Corrientes,18,Corrientes,18035,896
2015,Corrientes,18,Corrientes,18042,283
2015,Corrientes,18,Corrientes,18049,728
2015,Corrientes,18,Corrientes,18056,115
2015,Corrientes,18,Corrientes,18063,220
2015,Corrientes,18,Corrientes,18070,1776
2015,Corrientes,18,Corrientes,18077,212
2015,Corrientes,18,Corrientes,18084,654
2015,Corrientes,18,Corrientes,18091,729
2015,Corrientes,18,Corrientes,18098,174
2015,Corrientes,18,Corrientes,18105,911
2015,Corrientes,18,Corrientes,18112,687
2015,Corrientes,18,Corrientes,18119,1127
2015,Corrientes,18,Corrientes,18126,460
2015,Corrientes,18,Corrientes,18133,290
2015,Corrientes,18,Corrientes,18140,305
2015,Corrientes,18,Corrientes,18147,273
2015,Corrientes,18,Corrientes,18154,278
2015,Corrientes,18,Corrientes,18161,340
2015,Corrientes,18,Corrientes,18168,1433
2015,Corrientes,18,Corrientes,18175,176
2015,Entre Ríos,30,Entre Ríos,30008,1071
2015,Entre Ríos,30,Entre Ríos,30015,3710
2015,Entre Ríos,30,Entre Ríos,30021,714
2015,Entre Ríos,30,Entre Ríos,30028,1423
2015,Entre Ríos,30,Entre Ríos,30035,477
2015,Entre Ríos,30,Entre Ríos,30042,305
2015,Entre Ríos,30,Entre Ríos,30049,994
2015,Entre Ríos,30,Entre Ríos,30056,1942
2015,Entre Ríos,30,Entre Ríos,30063,248
2015,Entre Ríos,30,Entre Ríos,30070,1391
2015,Entre Ríos,30,Entre Ríos,30077,662
2015,Entre Ríos,30,Entre Ríos,30084,6176
2015,Entre Ríos,30,Entre Ríos,30088,354
2015,Entre Ríos,30,Entre Ríos,30091,479
2015,Entre Ríos,30,Entre Ríos,30098,1679
2015,Entre Ríos,30,Entre Ríos,30105,621
2015,Entre Ríos,30,Entre Ríos,30113,899
2015,Formosa,34,Formosa,34007,370
2015,Formosa,34,Formosa,34014,5072
2015,Formosa,34,Formosa,34021,376
2015,Formosa,34,Formosa,34028,437
2015,Formosa,34,Formosa,34035,1709
2015,Formosa,34,Formosa,34042,330
2015,Formosa,34,Formosa,34049,2012
2015,Formosa,34,Formosa,34056,1283
2015,Formosa,34,Formosa,34063,473
2015,Jujuy,38,Jujuy,38007,281
2015,Jujuy,38,Jujuy,38021,4933
2015,Jujuy,38,Jujuy,38014,2006
2015,Jujuy,38,Jujuy,38028,344
2015,Jujuy,38,Jujuy,38035,1564
2015,Jujuy,38,Jujuy,38042,950
2015,Jujuy,38,Jujuy,38049,52
2015,Jujuy,38,Jujuy,38056,83
2015,Jujuy,38,Jujuy,38063,1432
2015,Jujuy,38,Jujuy,38070,376
2015,Jujuy,38,Jujuy,38077,55
2015,Jujuy,38,Jujuy,38084,105
2015,Jujuy,38,Jujuy,38094,258
2015,Jujuy,38,Jujuy,38098,102
2015,Jujuy,38,Jujuy,38105,52
2015,Jujuy,38,Jujuy,38112,424
2015,La Pampa,42,La Pampa,42007,146
2015,La Pampa,42,La Pampa,42014,25
2015,La Pampa,42,La Pampa,42021,2061
2015,La Pampa,42,La Pampa,42028,123
2015,La Pampa,42,La Pampa,42049,43
2015,La Pampa,42,La Pampa,42056,183
2015,La Pampa,42,La Pampa,42063,18
2015,La Pampa,42,La Pampa,42035,191
2015,La Pampa,42,La Pampa,42042,16
2015,La Pampa,42,La Pampa,42070,148
2015,La Pampa,42,La Pampa,42077,73
2015,La Pampa,42,La Pampa,42084,3
2015,La Pampa,42,La Pampa,42091,7
2015,La Pampa,42,La Pampa,42098,103
2015,La Pampa,42,La Pampa,42105,1095
2015,La Pampa,42,La Pampa,42112,208
2015,La Pampa,42,La Pampa,42119,104
2015,La Pampa,42,La Pampa,42126,139
2015,La Pampa,42,La Pampa,42133,233
2015,La Pampa,42,La Pampa,42140,251
2015,La Pampa,42,La Pampa,42147,73
2015,La Pampa,42,La Pampa,42154,272
2015,La Rioja,46,La Rioja,46007,302
2015,La Rioja,46,La Rioja,46014,3712
2015,La Rioja,46,La Rioja,46021,58
2015,La Rioja,46,La Rioja,46035,204
2015,La Rioja,46,La Rioja,46042,1030
2015,La Rioja,46,La Rioja,46028,165
2015,La Rioja,46,La Rioja,46049,104
2015,La Rioja,46,La Rioja,46056,45
2015,La Rioja,46,La Rioja,46063,130
2015,La Rioja,46,La Rioja,46070,47
2015,La Rioja,46,La Rioja,46077,25
2015,La Rioja,46,La Rioja,46084,105
2015,La Rioja,46,La Rioja,46091,77
2015,La Rioja,46,La Rioja,46105,50
2015,La Rioja,46,La Rioja,46112,272
2015,La Rioja,46,La Rioja,46119,63
2015,La Rioja,46,La Rioja,46126,43
2015,La Rioja,46,La Rioja,46098,32
2015,Mendoza,50,Mendoza,50007,2047
2015,Mendoza,50,Mendoza,50014,839
2015,Mendoza,50,Mendoza,50021,3512
2015,Mendoza,50,Mendoza,50028,5452
2015,Mendoza,50,Mendoza,50035,746
2015,Mendoza,50,Mendoza,50042,225
2015,Mendoza,50,Mendoza,50049,4073
2015,Mendoza,50,Mendoza,50056,923
2015,Mendoza,50,Mendoza,50063,2481
2015,Mendoza,50,Mendoza,50070,3691
2015,Mendoza,50,Mendoza,50077,611
2015,Mendoza,50,Mendoza,50084,1069
2015,Mendoza,50,Mendoza,50091,771
2015,Mendoza,50,Mendoza,50098,2599
2015,Mendoza,50,Mendoza,50105,3413
2015,Mendoza,50,Mendoza,50112,309
2015,Mendoza,50,Mendoza,50119,1166
2015,Mendoza,50,Mendoza,50126,849
2015,Misiones,54,Misiones,54119,598
2015,Misiones,54,Misiones,54007,1003
2015,Misiones,54,Misiones,54014,1388
2015,Misiones,54,Misiones,54021,632
2015,Misiones,54,Misiones,54028,7558
2015,Misiones,54,Misiones,54035,202
2015,Misiones,54,Misiones,54042,2085
2015,Misiones,54,Misiones,54049,1173
2015,Misiones,54,Misiones,54056,1921
2015,Misiones,54,Misiones,54063,2340
2015,Misiones,54,Misiones,54070,984
2015,Misiones,54,Misiones,54077,1120
2015,Misiones,54,Misiones,54084,920
2015,Misiones,54,Misiones,54091,2563
2015,Misiones,54,Misiones,54098,1323
2015,Misiones,54,Misiones,54105,456
2015,Misiones,54,Misiones,54112,723
2015,Neuquén,58,Neuquén,58007,166
2015,Neuquén,58,Neuquén,58014,315
2015,Neuquén,58,Neuquén,58021,28
2015,Neuquén,58,Neuquén,58042,293
2015,Neuquén,58,Neuquén,58028,77
2015,Neuquén,58,Neuquén,58035,7904
2015,Neuquén,58,Neuquén,58049,292
2015,Neuquén,58,Neuquén,58056,581
2015,Neuquén,58,Neuquén,58063,112
2015,Neuquén,58,Neuquén,58070,215
2015,Neuquén,58,Neuquén,58077,110
2015,Neuquén,58,Neuquén,58091,584
2015,Neuquén,58,Neuquén,58098,68
2015,Neuquén,58,Neuquén,58105,140
2015,Neuquén,58,Neuquén,58112,809
2015,Neuquén,58,Neuquén,58084,90
2015,Río Negro,62,Río Negro,62091,217
2015,Río Negro,62,Río Negro,62049,51
2015,Río Negro,62,Río Negro,62007,1147
2015,Río Negro,62,Río Negro,62014,744
2015,Río Negro,62,Río Negro,62021,2539
2015,Río Negro,62,Río Negro,62028,140
2015,Río Negro,62,Río Negro,62035,47
2015,Río Negro,62,Río Negro,62042,6496
2015,Río Negro,62,Río Negro,62063,249
2015,Río Negro,62,Río Negro,62070,131
2015,Río Negro,62,Río Negro,62077,611
2015,Río Negro,62,Río Negro,62084,74
2015,Río Negro,62,Río Negro,62056,20
2015,Salta,66,Salta,66007,1296
2015,Salta,66,Salta,66014,161
2015,Salta,66,Salta,66021,366
2015,Salta,66,Salta,66028,10916
2015,Salta,66,Salta,66035,876
2015,Salta,66,Salta,66042,428
2015,Salta,66,Salta,66049,1025
2015,Salta,66,Salta,66056,4251
2015,Salta,66,Salta,66063,71
2015,Salta,66,Salta,66070,116
2015,Salta,66,Salta,66077,177
2015,Salta,66,Salta,66084,85
2015,Salta,66,Salta,66091,33
2015,Salta,66,Salta,66098,156
2015,Salta,66,Salta,66105,170
2015,Salta,66,Salta,66112,809
2015,Salta,66,Salta,66119,113
2015,Salta,66,Salta,66126,3597
2015,Salta,66,Salta,66133,1181
2015,Salta,66,Salta,66140,552
2015,Salta,66,Salta,66147,858
2015,Salta,66,Salta,66154,142
2015,Salta,66,Salta,66161,227
2015,San Juan,70,San Juan,70126,480
2015,San Juan,70,San Juan,70063,246
2015,San Juan,70,San Juan,70007,574
2015,San Juan,70,San Juan,70014,218
2015,San Juan,70,San Juan,70021,210
2015,San Juan,70,San Juan,70028,1838
2015,San Juan,70,San Juan,70035,802
2015,San Juan,70,San Juan,70042,1904
2015,San Juan,70,San Juan,70049,131
2015,San Juan,70,San Juan,70056,361
2015,San Juan,70,San Juan,70070,1436
2015,San Juan,70,San Juan,70077,2453
2015,San Juan,70,San Juan,70084,1639
2015,San Juan,70,San Juan,70091,267
2015,San Juan,70,San Juan,70098,1099
2015,San Juan,70,San Juan,70105,551
2015,San Juan,70,San Juan,70112,130
2015,San Juan,70,San Juan,70119,137
2015,San Juan,70,San Juan,70133,113
2015,San Luis,74,San Luis,74007,316
2015,San Luis,74,San Luis,74014,56
2015,San Luis,74,San Luis,74028,304
2015,San Luis,74,San Luis,74021,202
2015,San Luis,74,San Luis,74035,2424
2015,San Luis,74,San Luis,74042,218
2015,San Luis,74,San Luis,74056,3937
2015,San Luis,74,San Luis,74049,477
2015,San Luis,74,San Luis,74063,44
2015,Santa Cruz,78,Santa Cruz,78007,282
2015,Santa Cruz,78,Santa Cruz,78014,2517
2015,Santa Cruz,78,Santa Cruz,78021,2505
2015,Santa Cruz,78,Santa Cruz,78028,479
2015,Santa Cruz,78,Santa Cruz,78035,197
2015,Santa Cruz,78,Santa Cruz,78042,241
2015,Santa Cruz,78,Santa Cruz,78049,110
2015,Santa Fe,82,Santa Fe,82077,603
2015,Santa Fe,82,Santa Fe,82007,697
2015,Santa Fe,82,Santa Fe,82014,1163
2015,Santa Fe,82,Santa Fe,82021,3047
2015,Santa Fe,82,Santa Fe,82028,1328
2015,Santa Fe,82,Santa Fe,82035,428
2015,Santa Fe,82,Santa Fe,82042,2879
2015,Santa Fe,82,Santa Fe,82049,3344
2015,Santa Fe,82,Santa Fe,82056,1053
2015,Santa Fe,82,Santa Fe,82063,9691
2015,Santa Fe,82,Santa Fe,82070,1589
2015,Santa Fe,82,Santa Fe,82084,22208
2015,Santa Fe,82,Santa Fe,82091,1220
2015,Santa Fe,82,Santa Fe,82098,676
2015,Santa Fe,82,Santa Fe,82105,1353
2015,Santa Fe,82,Santa Fe,82112,766
2015,Santa Fe,82,Santa Fe,82119,3132
2015,Santa Fe,82,Santa Fe,82126,990
2015,Santa Fe,82,Santa Fe,82133,1020
2015,Santiago del Estero,86,Santiago del Estero,86007,154
2015,Santiago del Estero,86,Santiago del Estero,86014,407
2015,Santiago del Estero,86,Santiago del Estero,86021,267
2015,Santiago del Estero,86,Santiago del Estero,86028,518
2015,Santiago del Estero,86,Santiago del Estero,86035,3300
2015,Santiago del Estero,86,Santiago del Estero,86042,171
2015,Santiago del Estero,86,Santiago del Estero,86049,5822
2015,Santiago del Estero,86,Santiago del Estero,86063,724
2015,Santiago del Estero,86,Santiago del Estero,86056,646
2015,Santiago del Estero,86,Santiago del Estero,86070,380
2015,Santiago del Estero,86,Santiago del Estero,86077,935
2015,Santiago del Estero,86,Santiago del Estero,86084,153
2015,Santiago del Estero,86,Santiago del Estero,86091,267
2015,Santiago del Estero,86,Santiago del Estero,86098,389
2015,Santiago del Estero,86,Santiago del Estero,86105,447
2015,Santiago del Estero,86,Santiago del Estero,86112,14
2015,Santiago del Estero,86,Santiago del Estero,86119,793
2015,Santiago del Estero,86,Santiago del Estero,86126,258
2015,Santiago del Estero,86,Santiago del Estero,86133,399
2015,Santiago del Estero,86,Santiago del Estero,86140,170
2015,Santiago del Estero,86,Santiago del Estero,86147,1229
2015,Santiago del Estero,86,Santiago del Estero,86154,61
2015,Santiago del Estero,86,Santiago del Estero,86161,1077
2015,Santiago del Estero,86,Santiago del Estero,86168,232
2015,Santiago del Estero,86,Santiago del Estero,86175,207
2015,Santiago del Estero,86,Santiago del Estero,86182,88
2015,Santiago del Estero,86,Santiago del Estero,86189,169
2015,Tierra del Fuego,94,Tierra del Fuego,94008,1735
2015,Tierra del Fuego,94,Tierra del Fuego,94015,1212
2015,Tucumán,90,Tucumán,90007,836
2015,Tucumán,90,Tucumán,90084,10700
2015,Tucumán,90,Tucumán,90021,1649
2015,Tucumán,90,Tucumán,90014,4198
2015,Tucumán,90,Tucumán,90028,765
2015,Tucumán,90,Tucumán,90035,239
2015,Tucumán,90,Tucumán,90042,554
2015,Tucumán,90,Tucumán,90049,388
2015,Tucumán,90,Tucumán,90056,1009
2015,Tucumán,90,Tucumán,90063,1316
2015,Tucumán,90,Tucumán,90070,1281
2015,Tucumán,90,Tucumán,90077,1082
2015,Tucumán,90,Tucumán,90091,520
2015,Tucumán,90,Tucumán,90098,284
2015,Tucumán,90,Tucumán,90105,2789
2015,Tucumán,90,Tucumán,90112,378
2015,Tucumán,90,Tucumán,90119,1484
2016,Buenos Aires,6,Buenos Aires,06854,498
2016,Buenos Aires,6,Buenos Aires,06588,718
2016,Buenos Aires,6,Buenos Aires,06007,239
2016,Buenos Aires,6,Buenos Aires,06014,175
2016,Buenos Aires,6,Buenos Aires,06021,120
2016,Buenos Aires,6,Buenos Aires,06028,10010
2016,Buenos Aires,6,Buenos Aires,06077,482
2016,Buenos Aires,6,Buenos Aires,06035,5323
2016,Buenos Aires,6,Buenos Aires,06042,358
2016,Buenos Aires,6,Buenos Aires,06049,993
2016,Buenos Aires,6,Buenos Aires,06056,4477
2016,Buenos Aires,6,Buenos Aires,06063,727
2016,Buenos Aires,6,Buenos Aires,06070,557
2016,Buenos Aires,6,Buenos Aires,06084,330
2016,Buenos Aires,6,Buenos Aires,06091,5683
2016,Buenos Aires,6,Buenos Aires,06098,1545
2016,Buenos Aires,6,Buenos Aires,06105,513
2016,Buenos Aires,6,Buenos Aires,06112,586
2016,Buenos Aires,6,Buenos Aires,06119,580
2016,Buenos Aires,6,Buenos Aires,06126,1795
2016,Buenos Aires,6,Buenos Aires,06140,253
2016,Buenos Aires,6,Buenos Aires,06147,367
2016,Buenos Aires,6,Buenos Aires,06154,157
2016,Buenos Aires,6,Buenos Aires,06161,227
2016,Buenos Aires,6,Buenos Aires,06168,148
2016,Buenos Aires,6,Buenos Aires,06134,1154
2016,Buenos Aires,6,Buenos Aires,06210,671
2016,Buenos Aires,6,Buenos Aires,06218,667
2016,Buenos Aires,6,Buenos Aires,06224,860
2016,Buenos Aires,6,Buenos Aires,06175,376
2016,Buenos Aires,6,Buenos Aires,06182,980
2016,Buenos Aires,6,Buenos Aires,06189,198
2016,Buenos Aires,6,Buenos Aires,06196,416
2016,Buenos Aires,6,Buenos Aires,06203,503
2016,Buenos Aires,6,Buenos Aires,06231,258
2016,Buenos Aires,6,Buenos Aires,06238,509
2016,Buenos Aires,6,Buenos Aires,06245,1063
2016,Buenos Aires,6,Buenos Aires,06252,4492
2016,Buenos Aires,6,Buenos Aires,06260,6119
2016,Buenos Aires,6,Buenos Aires,06266,658
2016,Buenos Aires,6,Buenos Aires,06270,3818
2016,Buenos Aires,6,Buenos Aires,06274,9090
2016,Buenos Aires,6,Buenos Aires,06277,119
2016,Buenos Aires,6,Buenos Aires,06280,676
2016,Buenos Aires,6,Buenos Aires,06287,136
2016,Buenos Aires,6,Buenos Aires,06294,208
2016,Buenos Aires,6,Buenos Aires,06301,273
2016,Buenos Aires,6,Buenos Aires,06308,31
2016,Buenos Aires,6,Buenos Aires,06315,315
2016,Buenos Aires,6,Buenos Aires,06322,146
2016,Buenos Aires,6,Buenos Aires,06329,244
2016,Buenos Aires,6,Buenos Aires,06336,79
2016,Buenos Aires,6,Buenos Aires,06343,222
2016,Buenos Aires,6,Buenos Aires,06351,168
2016,Buenos Aires,6,Buenos Aires,06357,9420
2016,Buenos Aires,6,Buenos Aires,06364,2492
2016,Buenos Aires,6,Buenos Aires,06371,6352
2016,Buenos Aires,6,Buenos Aires,06385,264
2016,Buenos Aires,6,Buenos Aires,06392,469
2016,Buenos Aires,6,Buenos Aires,06399,158
2016,Buenos Aires,6,Buenos Aires,06406,148
2016,Buenos Aires,6,Buenos Aires,06408,2773
2016,Buenos Aires,6,Buenos Aires,06410,2315
2016,Buenos Aires,6,Buenos Aires,06412,6194
2016,Buenos Aires,6,Buenos Aires,06413,1519
2016,Buenos Aires,6,Buenos Aires,06420,1377
2016,Buenos Aires,6,Buenos Aires,06427,26680
2016,Buenos Aires,6,Buenos Aires,06441,12363
2016,Buenos Aires,6,Buenos Aires,06434,6712
2016,Buenos Aires,6,Buenos Aires,06448,190
2016,Buenos Aires,6,Buenos Aires,06455,380
2016,Buenos Aires,6,Buenos Aires,06462,252
2016,Buenos Aires,6,Buenos Aires,06466,95
2016,Buenos Aires,6,Buenos Aires,06469,596
2016,Buenos Aires,6,Buenos Aires,06476,237
2016,Buenos Aires,6,Buenos Aires,06483,627
2016,Buenos Aires,6,Buenos Aires,06490,12115
2016,Buenos Aires,6,Buenos Aires,06497,1810
2016,Buenos Aires,6,Buenos Aires,06505,340
2016,Buenos Aires,6,Buenos Aires,06511,157
2016,Buenos Aires,6,Buenos Aires,06515,5884
2016,Buenos Aires,6,Buenos Aires,06518,387
2016,Buenos Aires,6,Buenos Aires,06525,1198
2016,Buenos Aires,6,Buenos Aires,06532,1097
2016,Buenos Aires,6,Buenos Aires,06539,10272
2016,Buenos Aires,6,Buenos Aires,06547,383
2016,Buenos Aires,6,Buenos Aires,06553,123
2016,Buenos Aires,6,Buenos Aires,06560,10245
2016,Buenos Aires,6,Buenos Aires,06568,4186
2016,Buenos Aires,6,Buenos Aires,06574,297
2016,Buenos Aires,6,Buenos Aires,06581,1454
2016,Buenos Aires,6,Buenos Aires,06595,1775
2016,Buenos Aires,6,Buenos Aires,06602,510
2016,Buenos Aires,6,Buenos Aires,06609,628
2016,Buenos Aires,6,Buenos Aires,06616,92
2016,Buenos Aires,6,Buenos Aires,06623,1615
2016,Buenos Aires,6,Buenos Aires,06630,61
2016,Buenos Aires,6,Buenos Aires,06638,6816
2016,Buenos Aires,6,Buenos Aires,06644,684
2016,Buenos Aires,6,Buenos Aires,06648,2088
2016,Buenos Aires,6,Buenos Aires,06651,180
2016,Buenos Aires,6,Buenos Aires,06655,181
2016,Buenos Aires,6,Buenos Aires,06658,10213
2016,Buenos Aires,6,Buenos Aires,06665,609
2016,Buenos Aires,6,Buenos Aires,06672,237
2016,Buenos Aires,6,Buenos Aires,06679,285
2016,Buenos Aires,6,Buenos Aires,06686,347
2016,Buenos Aires,6,Buenos Aires,06693,197
2016,Buenos Aires,6,Buenos Aires,06700,269
2016,Buenos Aires,6,Buenos Aires,06707,517
2016,Buenos Aires,6,Buenos Aires,06721,129
2016,Buenos Aires,6,Buenos Aires,06714,553
2016,Buenos Aires,6,Buenos Aires,06728,412
2016,Buenos Aires,6,Buenos Aires,06735,359
2016,Buenos Aires,6,Buenos Aires,06742,98
2016,Buenos Aires,6,Buenos Aires,06749,2553
2016,Buenos Aires,6,Buenos Aires,06756,4381
2016,Buenos Aires,6,Buenos Aires,06760,5602
2016,Buenos Aires,6,Buenos Aires,06763,2425
2016,Buenos Aires,6,Buenos Aires,06770,1171
2016,Buenos Aires,6,Buenos Aires,06778,1617
2016,Buenos Aires,6,Buenos Aires,06784,169
2016,Buenos Aires,6,Buenos Aires,06791,1937
2016,Buenos Aires,6,Buenos Aires,06798,155
2016,Buenos Aires,6,Buenos Aires,06805,6947
2016,Buenos Aires,6,Buenos Aires,06812,40
2016,Buenos Aires,6,Buenos Aires,06819,205
2016,Buenos Aires,6,Buenos Aires,06826,756
2016,Buenos Aires,6,Buenos Aires,06833,850
2016,Buenos Aires,6,Buenos Aires,06840,4812
2016,Buenos Aires,6,Buenos Aires,06847,109
2016,Buenos Aires,6,Buenos Aires,06861,3153
2016,Buenos Aires,6,Buenos Aires,06868,606
2016,Buenos Aires,6,Buenos Aires,06875,540
2016,Buenos Aires,6,Buenos Aires,06882,2065
2016,Catamarca,10,Catamarca,10007,70
2016,Catamarca,10,Catamarca,10014,32
2016,Catamarca,10,Catamarca,10021,284
2016,Catamarca,10,Catamarca,10028,17
2016,Catamarca,10,Catamarca,10035,492
2016,Catamarca,10,Catamarca,10042,285
2016,Catamarca,10,Catamarca,10049,3061
2016,Catamarca,10,Catamarca,10056,68
2016,Catamarca,10,Catamarca,10063,216
2016,Catamarca,10,Catamarca,10070,430
2016,Catamarca,10,Catamarca,10077,64
2016,Catamarca,10,Catamarca,10084,182
2016,Catamarca,10,Catamarca,10091,408
2016,Catamarca,10,Catamarca,10098,185
2016,Catamarca,10,Catamarca,10105,375
2016,Catamarca,10,Catamarca,10112,568
2016,Chaco,22,Chaco,22036,447
2016,Chaco,22,Chaco,22126,257
2016,Chaco,22,Chaco,22039,126
2016,Chaco,22,Chaco,22168,656
2016,Chaco,22,Chaco,22105,583
2016,Chaco,22,Chaco,22007,851
2016,Chaco,22,Chaco,22014,544
2016,Chaco,22,Chaco,22028,634
2016,Chaco,22,Chaco,22021,2042
2016,Chaco,22,Chaco,22043,208
2016,Chaco,22,Chaco,22049,294
2016,Chaco,22,Chaco,22056,272
2016,Chaco,22,Chaco,22063,2170
2016,Chaco,22,Chaco,22070,490
2016,Chaco,22,Chaco,22077,243
2016,Chaco,22,Chaco,22084,1371
2016,Chaco,22,Chaco,22091,583
2016,Chaco,22,Chaco,22098,1205
2016,Chaco,22,Chaco,22112,426
2016,Chaco,22,Chaco,22119,251
2016,Chaco,22,Chaco,22133,737
2016,Chaco,22,Chaco,22140,7833
2016,Chaco,22,Chaco,22147,318
2016,Chaco,22,Chaco,22154,348
2016,Chaco,22,Chaco,22161,85
2016,Chubut,26,Chubut,26007,1566
2016,Chubut,26,Chubut,26014,388
2016,Chubut,26,Chubut,26021,3831
2016,Chubut,26,Chubut,26028,21
2016,Chubut,26,Chubut,26035,777
2016,Chubut,26,Chubut,26042,187
2016,Chubut,26,Chubut,26049,16
2016,Chubut,26,Chubut,26056,56
2016,Chubut,26,Chubut,26063,10
2016,Chubut,26,Chubut,26070,33
2016,Chubut,26,Chubut,26077,2168
2016,Chubut,26,Chubut,26084,96
2016,Chubut,26,Chubut,26091,255
2016,Chubut,26,Chubut,26098,116
2016,Chubut,26,Chubut,26105,26
2016,Córdoba,14,Córdoba,14007,947
2016,Córdoba,14,Córdoba,14014,22426
2016,Córdoba,14,Córdoba,14021,4817
2016,Córdoba,14,Córdoba,14028,1033
2016,Córdoba,14,Córdoba,14035,550
2016,Córdoba,14,Córdoba,14042,2487
2016,Córdoba,14,Córdoba,14049,533
2016,Córdoba,14,Córdoba,14056,1051
2016,Córdoba,14,Córdoba,14063,1434
2016,Córdoba,14,Córdoba,14070,62
2016,Córdoba,14,Córdoba,14077,65
2016,Córdoba,14,Córdoba,14084,567
2016,Córdoba,14,Córdoba,14091,2981
2016,Córdoba,14,Córdoba,14098,4323
2016,Córdoba,14,Córdoba,14105,875
2016,Córdoba,14,Córdoba,14112,244
2016,Córdoba,14,Córdoba,14119,1694
2016,Córdoba,14,Córdoba,14126,634
2016,Córdoba,14,Córdoba,14133,990
2016,Córdoba,14,Córdoba,14140,3464
2016,Córdoba,14,Córdoba,14147,2055
2016,Córdoba,14,Córdoba,14154,56
2016,Córdoba,14,Córdoba,14161,1763
2016,Córdoba,14,Córdoba,14168,330
2016,Córdoba,14,Córdoba,14175,171
2016,Córdoba,14,Córdoba,14182,1600
2016,Corrientes,18,Corrientes,18007,790
2016,Corrientes,18,Corrientes,18014,49
2016,Corrientes,18,Corrientes,18021,6808
2016,Corrientes,18,Corrientes,18028,440
2016,Corrientes,18,Corrientes,18035,892
2016,Corrientes,18,Corrientes,18042,266
2016,Corrientes,18,Corrientes,18049,695
2016,Corrientes,18,Corrientes,18056,151
2016,Corrientes,18,Corrientes,18063,231
2016,Corrientes,18,Corrientes,18070,1702
2016,Corrientes,18,Corrientes,18077,193
2016,Corrientes,18,Corrientes,18084,644
2016,Corrientes,18,Corrientes,18091,745
2016,Corrientes,18,Corrientes,18098,155
2016,Corrientes,18,Corrientes,18105,918
2016,Corrientes,18,Corrientes,18112,637
2016,Corrientes,18,Corrientes,18119,1070
2016,Corrientes,18,Corrientes,18126,452
2016,Corrientes,18,Corrientes,18133,312
2016,Corrientes,18,Corrientes,18140,332
2016,Corrientes,18,Corrientes,18147,263
2016,Corrientes,18,Corrientes,18154,221
2016,Corrientes,18,Corrientes,18161,393
2016,Corrientes,18,Corrientes,18168,1395
2016,Corrientes,18,Corrientes,18175,181
2016,Entre Ríos,30,Entre Ríos,30008,1063
2016,Entre Ríos,30,Entre Ríos,30015,3441
2016,Entre Ríos,30,Entre Ríos,30021,732
2016,Entre Ríos,30,Entre Ríos,30028,1401
2016,Entre Ríos,30,Entre Ríos,30035,458
2016,Entre Ríos,30,Entre Ríos,30042,286
2016,Entre Ríos,30,Entre Ríos,30049,999
2016,Entre Ríos,30,Entre Ríos,30056,1865
2016,Entre Ríos,30,Entre Ríos,30063,208
2016,Entre Ríos,30,Entre Ríos,30070,1308
2016,Entre Ríos,30,Entre Ríos,30077,605
2016,Entre Ríos,30,Entre Ríos,30084,5961
2016,Entre Ríos,30,Entre Ríos,30088,350
2016,Entre Ríos,30,Entre Ríos,30091,447
2016,Entre Ríos,30,Entre Ríos,30098,1672
2016,Entre Ríos,30,Entre Ríos,30105,595
2016,Entre Ríos,30,Entre Ríos,30113,903
2016,Formosa,34,Formosa,34007,341
2016,Formosa,34,Formosa,34014,4735
2016,Formosa,34,Formosa,34021,336
2016,Formosa,34,Formosa,34028,417
2016,Formosa,34,Formosa,34035,1628
2016,Formosa,34,Formosa,34042,296
2016,Formosa,34,Formosa,34049,1826
2016,Formosa,34,Formosa,34056,1266
2016,Formosa,34,Formosa,34063,460
2016,Jujuy,38,Jujuy,38007,233
2016,Jujuy,38,Jujuy,38021,4475
2016,Jujuy,38,Jujuy,38014,1981
2016,Jujuy,38,Jujuy,38028,327
2016,Jujuy,38,Jujuy,38035,1511
2016,Jujuy,38,Jujuy,38042,928
2016,Jujuy,38,Jujuy,38049,32
2016,Jujuy,38,Jujuy,38056,69
2016,Jujuy,38,Jujuy,38063,1319
2016,Jujuy,38,Jujuy,38070,355
2016,Jujuy,38,Jujuy,38077,90
2016,Jujuy,38,Jujuy,38084,89
2016,Jujuy,38,Jujuy,38094,227
2016,Jujuy,38,Jujuy,38098,80
2016,Jujuy,38,Jujuy,38105,29
2016,Jujuy,38,Jujuy,38112,430
2016,La Pampa,42,La Pampa,42007,118
2016,La Pampa,42,La Pampa,42014,22
2016,La Pampa,42,La Pampa,42021,1929
2016,La Pampa,42,La Pampa,42028,118
2016,La Pampa,42,La Pampa,42049,39
2016,La Pampa,42,La Pampa,42056,188
2016,La Pampa,42,La Pampa,42063,16
2016,La Pampa,42,La Pampa,42035,188
2016,La Pampa,42,La Pampa,42042,7
2016,La Pampa,42,La Pampa,42070,138
2016,La Pampa,42,La Pampa,42077,73
2016,La Pampa,42,La Pampa,42084,2
2016,La Pampa,42,La Pampa,42091,6
2016,La Pampa,42,La Pampa,42098,145
2016,La Pampa,42,La Pampa,42105,1015
2016,La Pampa,42,La Pampa,42112,200
2016,La Pampa,42,La Pampa,42119,117
2016,La Pampa,42,La Pampa,42126,169
2016,La Pampa,42,La Pampa,42133,244
2016,La Pampa,42,La Pampa,42140,265
2016,La Pampa,42,La Pampa,42147,75
2016,La Pampa,42,La Pampa,42154,228
2016,La Rioja,46,La Rioja,46007,289
2016,La Rioja,46,La Rioja,46014,3457
2016,La Rioja,46,La Rioja,46021,82
2016,La Rioja,46,La Rioja,46035,216
2016,La Rioja,46,La Rioja,46042,982
2016,La Rioja,46,La Rioja,46028,155
2016,La Rioja,46,La Rioja,46049,76
2016,La Rioja,46,La Rioja,46056,39
2016,La Rioja,46,La Rioja,46063,116
2016,La Rioja,46,La Rioja,46070,56
2016,La Rioja,46,La Rioja,46077,35
2016,La Rioja,46,La Rioja,46084,97
2016,La Rioja,46,La Rioja,46091,90
2016,La Rioja,46,La Rioja,46105,49
2016,La Rioja,46,La Rioja,46112,262
2016,La Rioja,46,La Rioja,46119,51
2016,La Rioja,46,La Rioja,46126,34
2016,La Rioja,46,La Rioja,46098,41
2016,Mendoza,50,Mendoza,50007,1985
2016,Mendoza,50,Mendoza,50014,846
2016,Mendoza,50,Mendoza,50021,3000
2016,Mendoza,50,Mendoza,50028,5196
2016,Mendoza,50,Mendoza,50035,713
2016,Mendoza,50,Mendoza,50042,192
2016,Mendoza,50,Mendoza,50049,3850
2016,Mendoza,50,Mendoza,50056,937
2016,Mendoza,50,Mendoza,50063,2370
2016,Mendoza,50,Mendoza,50070,3513
2016,Mendoza,50,Mendoza,50077,604
2016,Mendoza,50,Mendoza,50084,1048
2016,Mendoza,50,Mendoza,50091,677
2016,Mendoza,50,Mendoza,50098,2321
2016,Mendoza,50,Mendoza,50105,3377
2016,Mendoza,50,Mendoza,50112,318
2016,Mendoza,50,Mendoza,50119,1062
2016,Mendoza,50,Mendoza,50126,737
2016,Misiones,54,Misiones,54119,515
2016,Misiones,54,Misiones,54007,977
2016,Misiones,54,Misiones,54014,1212
2016,Misiones,54,Misiones,54021,645
2016,Misiones,54,Misiones,54028,7058
2016,Misiones,54,Misiones,54035,193
2016,Misiones,54,Misiones,54042,1804
2016,Misiones,54,Misiones,54049,1109
2016,Misiones,54,Misiones,54056,1726
2016,Misiones,54,Misiones,54063,2319
2016,Misiones,54,Misiones,54070,908
2016,Misiones,54,Misiones,54077,1012
2016,Misiones,54,Misiones,54084,819
2016,Misiones,54,Misiones,54091,2413
2016,Misiones,54,Misiones,54098,1209
2016,Misiones,54,Misiones,54105,425
2016,Misiones,54,Misiones,54112,699
2016,Neuquén,58,Neuquén,58007,146
2016,Neuquén,58,Neuquén,58014,290
2016,Neuquén,58,Neuquén,58021,31
2016,Neuquén,58,Neuquén,58042,259
2016,Neuquén,58,Neuquén,58028,53
2016,Neuquén,58,Neuquén,58035,7631
2016,Neuquén,58,Neuquén,58049,299
2016,Neuquén,58,Neuquén,58056,567
2016,Neuquén,58,Neuquén,58063,113
2016,Neuquén,58,Neuquén,58070,241
2016,Neuquén,58,Neuquén,58077,129
2016,Neuquén,58,Neuquén,58091,532
2016,Neuquén,58,Neuquén,58098,90
2016,Neuquén,58,Neuquén,58105,167
2016,Neuquén,58,Neuquén,58112,729
2016,Neuquén,58,Neuquén,58084,78
2016,Río Negro,62,Río Negro,62091,207
2016,Río Negro,62,Río Negro,62049,38
2016,Río Negro,62,Río Negro,62007,1171
2016,Río Negro,62,Río Negro,62014,676
2016,Río Negro,62,Río Negro,62021,2356
2016,Río Negro,62,Río Negro,62028,129
2016,Río Negro,62,Río Negro,62035,40
2016,Río Negro,62,Río Negro,62042,6197
2016,Río Negro,62,Río Negro,62063,287
2016,Río Negro,62,Río Negro,62070,119
2016,Río Negro,62,Río Negro,62077,560
2016,Río Negro,62,Río Negro,62084,89
2016,Río Negro,62,Río Negro,62056,22
2016,Salta,66,Salta,66007,1224
2016,Salta,66,Salta,66014,133
2016,Salta,66,Salta,66021,332
2016,Salta,66,Salta,66028,10406
2016,Salta,66,Salta,66035,862
2016,Salta,66,Salta,66042,393
2016,Salta,66,Salta,66049,950
2016,Salta,66,Salta,66056,3953
2016,Salta,66,Salta,66063,55
2016,Salta,66,Salta,66070,124
2016,Salta,66,Salta,66077,186
2016,Salta,66,Salta,66084,97
2016,Salta,66,Salta,66091,35
2016,Salta,66,Salta,66098,139
2016,Salta,66,Salta,66105,166
2016,Salta,66,Salta,66112,766
2016,Salta,66,Salta,66119,121
2016,Salta,66,Salta,66126,3305
2016,Salta,66,Salta,66133,1049
2016,Salta,66,Salta,66140,544
2016,Salta,66,Salta,66147,825
2016,Salta,66,Salta,66154,136
2016,Salta,66,Salta,66161,223
2016,San Juan,70,San Juan,70126,387
2016,San Juan,70,San Juan,70063,249
2016,San Juan,70,San Juan,70007,553
2016,San Juan,70,San Juan,70014,173
2016,San Juan,70,San Juan,70021,205
2016,San Juan,70,San Juan,70028,1664
2016,San Juan,70,San Juan,70035,799
2016,San Juan,70,San Juan,70042,1863
2016,San Juan,70,San Juan,70049,104
2016,San Juan,70,San Juan,70056,375
2016,San Juan,70,San Juan,70070,1366
2016,San Juan,70,San Juan,70077,2379
2016,San Juan,70,San Juan,70084,1558
2016,San Juan,70,San Juan,70091,238
2016,San Juan,70,San Juan,70098,1076
2016,San Juan,70,San Juan,70105,568
2016,San Juan,70,San Juan,70112,121
2016,San Juan,70,San Juan,70119,133
2016,San Juan,70,San Juan,70133,99
2016,San Luis,74,San Luis,74007,324
2016,San Luis,74,San Luis,74014,58
2016,San Luis,74,San Luis,74028,300
2016,San Luis,74,San Luis,74021,179
2016,San Luis,74,San Luis,74035,2280
2016,San Luis,74,San Luis,74042,202
2016,San Luis,74,San Luis,74056,3649
2016,San Luis,74,San Luis,74049,496
2016,San Luis,74,San Luis,74063,67
2016,Santa Cruz,78,Santa Cruz,78007,252
2016,Santa Cruz,78,Santa Cruz,78014,2607
2016,Santa Cruz,78,Santa Cruz,78021,2301
2016,Santa Cruz,78,Santa Cruz,78028,451
2016,Santa Cruz,78,Santa Cruz,78035,256
2016,Santa Cruz,78,Santa Cruz,78042,198
2016,Santa Cruz,78,Santa Cruz,78049,106
2016,Santa Fe,82,Santa Fe,82077,560
2016,Santa Fe,82,Santa Fe,82007,647
2016,Santa Fe,82,Santa Fe,82014,1091
2016,Santa Fe,82,Santa Fe,82021,3007
2016,Santa Fe,82,Santa Fe,82028,1306
2016,Santa Fe,82,Santa Fe,82035,398
2016,Santa Fe,82,Santa Fe,82042,2881
2016,Santa Fe,82,Santa Fe,82049,3226
2016,Santa Fe,82,Santa Fe,82056,1076
2016,Santa Fe,82,Santa Fe,82063,9284
2016,Santa Fe,82,Santa Fe,82070,1621
2016,Santa Fe,82,Santa Fe,82084,20789
2016,Santa Fe,82,Santa Fe,82091,1129
2016,Santa Fe,82,Santa Fe,82098,649
2016,Santa Fe,82,Santa Fe,82105,1271
2016,Santa Fe,82,Santa Fe,82112,710
2016,Santa Fe,82,Santa Fe,82119,3138
2016,Santa Fe,82,Santa Fe,82126,954
2016,Santa Fe,82,Santa Fe,82133,980
2016,Santiago del Estero,86,Santiago del Estero,86007,140
2016,Santiago del Estero,86,Santiago del Estero,86014,359
2016,Santiago del Estero,86,Santiago del Estero,86021,247
2016,Santiago del Estero,86,Santiago del Estero,86028,481
2016,Santiago del Estero,86,Santiago del Estero,86035,3397
2016,Santiago del Estero,86,Santiago del Estero,86042,161
2016,Santiago del Estero,86,Santiago del Estero,86049,5418
2016,Santiago del Estero,86,Santiago del Estero,86063,688
2016,Santiago del Estero,86,Santiago del Estero,86056,624
2016,Santiago del Estero,86,Santiago del Estero,86070,357
2016,Santiago del Estero,86,Santiago del Estero,86077,917
2016,Santiago del Estero,86,Santiago del Estero,86084,162
2016,Santiago del Estero,86,Santiago del Estero,86091,267
2016,Santiago del Estero,86,Santiago del Estero,86098,328
2016,Santiago del Estero,86,Santiago del Estero,86105,379
2016,Santiago del Estero,86,Santiago del Estero,86112,15
2016,Santiago del Estero,86,Santiago del Estero,86119,758
2016,Santiago del Estero,86,Santiago del Estero,86126,227
2016,Santiago del Estero,86,Santiago del Estero,86133,436
2016,Santiago del Estero,86,Santiago del Estero,86140,183
2016,Santiago del Estero,86,Santiago del Estero,86147,1205
2016,Santiago del Estero,86,Santiago del Estero,86154,83
2016,Santiago del Estero,86,Santiago del Estero,86161,998
2016,Santiago del Estero,86,Santiago del Estero,86168,171
2016,Santiago del Estero,86,Santiago del Estero,86175,187
2016,Santiago del Estero,86,Santiago del Estero,86182,84
2016,Santiago del Estero,86,Santiago del Estero,86189,152
2016,Tierra del Fuego,94,Tierra del Fuego,94008,1666
2016,Tierra del Fuego,94,Tierra del Fuego,94015,1204
2016,Tucumán,90,Tucumán,90007,805
2016,Tucumán,90,Tucumán,90084,9913
2016,Tucumán,90,Tucumán,90021,1499
2016,Tucumán,90,Tucumán,90014,4072
2016,Tucumán,90,Tucumán,90028,778
2016,Tucumán,90,Tucumán,90035,248
2016,Tucumán,90,Tucumán,90042,551
2016,Tucumán,90,Tucumán,90049,329
2016,Tucumán,90,Tucumán,90056,978
2016,Tucumán,90,Tucumán,90063,1301
2016,Tucumán,90,Tucumán,90070,1157
2016,Tucumán,90,Tucumán,90077,1033
2016,Tucumán,90,Tucumán,90091,480
2016,Tucumán,90,Tucumán,90098,254
2016,Tucumán,90,Tucumán,90105,2696
2016,Tucumán,90,Tucumán,90112,347
2016,Tucumán,90,Tucumán,90119,1506
2017,Buenos Aires,6,Buenos Aires,06854,492
2017,Buenos Aires,6,Buenos Aires,06588,732
2017,Buenos Aires,6,Buenos Aires,06007,206
2017,Buenos Aires,6,Buenos Aires,06014,167
2017,Buenos Aires,6,Buenos Aires,06021,119
2017,Buenos Aires,6,Buenos Aires,06028,9805
2017,Buenos Aires,6,Buenos Aires,06077,526
2017,Buenos Aires,6,Buenos Aires,06035,5101
2017,Buenos Aires,6,Buenos Aires,06042,338
2017,Buenos Aires,6,Buenos Aires,06049,938
2017,Buenos Aires,6,Buenos Aires,06056,4308
2017,Buenos Aires,6,Buenos Aires,06063,657
2017,Buenos Aires,6,Buenos Aires,06070,575
2017,Buenos Aires,6,Buenos Aires,06084,263
2017,Buenos Aires,6,Buenos Aires,06091,5583
2017,Buenos Aires,6,Buenos Aires,06098,1609
2017,Buenos Aires,6,Buenos Aires,06105,509
2017,Buenos Aires,6,Buenos Aires,06112,602
2017,Buenos Aires,6,Buenos Aires,06119,469
2017,Buenos Aires,6,Buenos Aires,06126,1771
2017,Buenos Aires,6,Buenos Aires,06140,202
2017,Buenos Aires,6,Buenos Aires,06147,349
2017,Buenos Aires,6,Buenos Aires,06154,162
2017,Buenos Aires,6,Buenos Aires,06161,255
2017,Buenos Aires,6,Buenos Aires,06168,140
2017,Buenos Aires,6,Buenos Aires,06134,1169
2017,Buenos Aires,6,Buenos Aires,06210,687
2017,Buenos Aires,6,Buenos Aires,06218,651
2017,Buenos Aires,6,Buenos Aires,06224,907
2017,Buenos Aires,6,Buenos Aires,06175,382
2017,Buenos Aires,6,Buenos Aires,06182,794
2017,Buenos Aires,6,Buenos Aires,06189,210
2017,Buenos Aires,6,Buenos Aires,06196,353
2017,Buenos Aires,6,Buenos Aires,06203,507
2017,Buenos Aires,6,Buenos Aires,06231,270
2017,Buenos Aires,6,Buenos Aires,06238,400
2017,Buenos Aires,6,Buenos Aires,06245,1079
2017,Buenos Aires,6,Buenos Aires,06252,4508
2017,Buenos Aires,6,Buenos Aires,06260,6026
2017,Buenos Aires,6,Buenos Aires,06266,685
2017,Buenos Aires,6,Buenos Aires,06270,3686
2017,Buenos Aires,6,Buenos Aires,06274,9110
2017,Buenos Aires,6,Buenos Aires,06277,130
2017,Buenos Aires,6,Buenos Aires,06280,629
2017,Buenos Aires,6,Buenos Aires,06287,143
2017,Buenos Aires,6,Buenos Aires,06294,182
2017,Buenos Aires,6,Buenos Aires,06301,284
2017,Buenos Aires,6,Buenos Aires,06308,34
2017,Buenos Aires,6,Buenos Aires,06315,316
2017,Buenos Aires,6,Buenos Aires,06322,151
2017,Buenos Aires,6,Buenos Aires,06329,260
2017,Buenos Aires,6,Buenos Aires,06336,73
2017,Buenos Aires,6,Buenos Aires,06343,207
2017,Buenos Aires,6,Buenos Aires,06351,154
2017,Buenos Aires,6,Buenos Aires,06357,8962
2017,Buenos Aires,6,Buenos Aires,06364,2433
2017,Buenos Aires,6,Buenos Aires,06371,5974
2017,Buenos Aires,6,Buenos Aires,06385,240
2017,Buenos Aires,6,Buenos Aires,06392,477
2017,Buenos Aires,6,Buenos Aires,06399,158
2017,Buenos Aires,6,Buenos Aires,06406,130
2017,Buenos Aires,6,Buenos Aires,06408,2449
2017,Buenos Aires,6,Buenos Aires,06410,2103
2017,Buenos Aires,6,Buenos Aires,06412,6093
2017,Buenos Aires,6,Buenos Aires,06413,1455
2017,Buenos Aires,6,Buenos Aires,06420,1335
2017,Buenos Aires,6,Buenos Aires,06427,25821
2017,Buenos Aires,6,Buenos Aires,06441,12060
2017,Buenos Aires,6,Buenos Aires,06434,6424
2017,Buenos Aires,6,Buenos Aires,06448,190
2017,Buenos Aires,6,Buenos Aires,06455,353
2017,Buenos Aires,6,Buenos Aires,06462,246
2017,Buenos Aires,6,Buenos Aires,06466,76
2017,Buenos Aires,6,Buenos Aires,06469,611
2017,Buenos Aires,6,Buenos Aires,06476,211
2017,Buenos Aires,6,Buenos Aires,06483,610
2017,Buenos Aires,6,Buenos Aires,06490,11512
2017,Buenos Aires,6,Buenos Aires,06497,1754
2017,Buenos Aires,6,Buenos Aires,06505,273
2017,Buenos Aires,6,Buenos Aires,06511,164
2017,Buenos Aires,6,Buenos Aires,06515,5762
2017,Buenos Aires,6,Buenos Aires,06518,372
2017,Buenos Aires,6,Buenos Aires,06525,1275
2017,Buenos Aires,6,Buenos Aires,06532,1085
2017,Buenos Aires,6,Buenos Aires,06539,9764
2017,Buenos Aires,6,Buenos Aires,06547,385
2017,Buenos Aires,6,Buenos Aires,06553,93
2017,Buenos Aires,6,Buenos Aires,06560,9747
2017,Buenos Aires,6,Buenos Aires,06568,3964
2017,Buenos Aires,6,Buenos Aires,06574,262
2017,Buenos Aires,6,Buenos Aires,06581,1288
2017,Buenos Aires,6,Buenos Aires,06595,1625
2017,Buenos Aires,6,Buenos Aires,06602,472
2017,Buenos Aires,6,Buenos Aires,06609,600
2017,Buenos Aires,6,Buenos Aires,06616,108
2017,Buenos Aires,6,Buenos Aires,06623,1614
2017,Buenos Aires,6,Buenos Aires,06630,80
2017,Buenos Aires,6,Buenos Aires,06638,6546
2017,Buenos Aires,6,Buenos Aires,06644,625
2017,Buenos Aires,6,Buenos Aires,06648,1977
2017,Buenos Aires,6,Buenos Aires,06651,161
2017,Buenos Aires,6,Buenos Aires,06655,165
2017,Buenos Aires,6,Buenos Aires,06658,10095
2017,Buenos Aires,6,Buenos Aires,06665,645
2017,Buenos Aires,6,Buenos Aires,06672,203
2017,Buenos Aires,6,Buenos Aires,06679,292
2017,Buenos Aires,6,Buenos Aires,06686,313
2017,Buenos Aires,6,Buenos Aires,06693,214
2017,Buenos Aires,6,Buenos Aires,06700,248
2017,Buenos Aires,6,Buenos Aires,06707,485
2017,Buenos Aires,6,Buenos Aires,06721,126
2017,Buenos Aires,6,Buenos Aires,06714,532
2017,Buenos Aires,6,Buenos Aires,06728,401
2017,Buenos Aires,6,Buenos Aires,06735,393
2017,Buenos Aires,6,Buenos Aires,06742,98
2017,Buenos Aires,6,Buenos Aires,06749,2564
2017,Buenos Aires,6,Buenos Aires,06756,4157
2017,Buenos Aires,6,Buenos Aires,06760,5474
2017,Buenos Aires,6,Buenos Aires,06763,2388
2017,Buenos Aires,6,Buenos Aires,06770,1177
2017,Buenos Aires,6,Buenos Aires,06778,1628
2017,Buenos Aires,6,Buenos Aires,06784,171
2017,Buenos Aires,6,Buenos Aires,06791,1830
2017,Buenos Aires,6,Buenos Aires,06798,151
2017,Buenos Aires,6,Buenos Aires,06805,6792
2017,Buenos Aires,6,Buenos Aires,06812,33
2017,Buenos Aires,6,Buenos Aires,06819,157
2017,Buenos Aires,6,Buenos Aires,06826,693
2017,Buenos Aires,6,Buenos Aires,06833,817
2017,Buenos Aires,6,Buenos Aires,06840,4688
2017,Buenos Aires,6,Buenos Aires,06847,111
2017,Buenos Aires,6,Buenos Aires,06861,3168
2017,Buenos Aires,6,Buenos Aires,06868,596
2017,Buenos Aires,6,Buenos Aires,06875,499
2017,Buenos Aires,6,Buenos Aires,06882,1994
2017,Catamarca,10,Catamarca,10007,64
2017,Catamarca,10,Catamarca,10014,46
2017,Catamarca,10,Catamarca,10021,262
2017,Catamarca,10,Catamarca,10028,24
2017,Catamarca,10,Catamarca,10035,467
2017,Catamarca,10,Catamarca,10042,281
2017,Catamarca,10,Catamarca,10049,2953
2017,Catamarca,10,Catamarca,10056,54
2017,Catamarca,10,Catamarca,10063,226
2017,Catamarca,10,Catamarca,10070,397
2017,Catamarca,10,Catamarca,10077,47
2017,Catamarca,10,Catamarca,10084,194
2017,Catamarca,10,Catamarca,10091,429
2017,Catamarca,10,Catamarca,10098,184
2017,Catamarca,10,Catamarca,10105,367
2017,Catamarca,10,Catamarca,10112,490
2017,Chaco,22,Chaco,22036,463
2017,Chaco,22,Chaco,22126,233
2017,Chaco,22,Chaco,22039,142
2017,Chaco,22,Chaco,22168,700
2017,Chaco,22,Chaco,22105,662
2017,Chaco,22,Chaco,22007,887
2017,Chaco,22,Chaco,22014,511
2017,Chaco,22,Chaco,22028,626
2017,Chaco,22,Chaco,22021,2140
2017,Chaco,22,Chaco,22043,190
2017,Chaco,22,Chaco,22049,335
2017,Chaco,22,Chaco,22056,317
2017,Chaco,22,Chaco,22063,2138
2017,Chaco,22,Chaco,22070,607
2017,Chaco,22,Chaco,22077,252
2017,Chaco,22,Chaco,22084,1390
2017,Chaco,22,Chaco,22091,557
2017,Chaco,22,Chaco,22098,1273
2017,Chaco,22,Chaco,22112,375
2017,Chaco,22,Chaco,22119,281
2017,Chaco,22,Chaco,22133,805
2017,Chaco,22,Chaco,22140,7848
2017,Chaco,22,Chaco,22147,368
2017,Chaco,22,Chaco,22154,356
2017,Chaco,22,Chaco,22161,61
2017,Chubut,26,Chubut,26007,1402
2017,Chubut,26,Chubut,26014,401
2017,Chubut,26,Chubut,26021,3505
2017,Chubut,26,Chubut,26028,28
2017,Chubut,26,Chubut,26035,758
2017,Chubut,26,Chubut,26042,180
2017,Chubut,26,Chubut,26049,14
2017,Chubut,26,Chubut,26056,51
2017,Chubut,26,Chubut,26063,13
2017,Chubut,26,Chubut,26070,21
2017,Chubut,26,Chubut,26077,2161
2017,Chubut,26,Chubut,26084,106
2017,Chubut,26,Chubut,26091,249
2017,Chubut,26,Chubut,26098,87
2017,Chubut,26,Chubut,26105,13
2017,Córdoba,14,Córdoba,14007,998
2017,Córdoba,14,Córdoba,14014,21757
2017,Córdoba,14,Córdoba,14021,4761
2017,Córdoba,14,Córdoba,14028,1108
2017,Córdoba,14,Córdoba,14035,505
2017,Córdoba,14,Córdoba,14042,2429
2017,Córdoba,14,Córdoba,14049,621
2017,Córdoba,14,Córdoba,14056,1053
2017,Córdoba,14,Córdoba,14063,1460
2017,Córdoba,14,Córdoba,14070,67
2017,Córdoba,14,Córdoba,14077,61
2017,Córdoba,14,Córdoba,14084,530
2017,Córdoba,14,Córdoba,14091,2920
2017,Córdoba,14,Córdoba,14098,4213
2017,Córdoba,14,Córdoba,14105,814
2017,Córdoba,14,Córdoba,14112,232
2017,Córdoba,14,Córdoba,14119,1685
2017,Córdoba,14,Córdoba,14126,662
2017,Córdoba,14,Córdoba,14133,982
2017,Córdoba,14,Córdoba,14140,3339
2017,Córdoba,14,Córdoba,14147,1996
2017,Córdoba,14,Córdoba,14154,65
2017,Córdoba,14,Córdoba,14161,1783
2017,Córdoba,14,Córdoba,14168,324
2017,Córdoba,14,Córdoba,14175,179
2017,Córdoba,14,Córdoba,14182,1555
2017,Corrientes,18,Corrientes,18007,809
2017,Corrientes,18,Corrientes,18014,47
2017,Corrientes,18,Corrientes,18021,6777
2017,Corrientes,18,Corrientes,18028,482
2017,Corrientes,18,Corrientes,18035,897
2017,Corrientes,18,Corrientes,18042,278
2017,Corrientes,18,Corrientes,18049,696
2017,Corrientes,18,Corrientes,18056,126
2017,Corrientes,18,Corrientes,18063,199
2017,Corrientes,18,Corrientes,18070,1646
2017,Corrientes,18,Corrientes,18077,184
2017,Corrientes,18,Corrientes,18084,657
2017,Corrientes,18,Corrientes,18091,742
2017,Corrientes,18,Corrientes,18098,154
2017,Corrientes,18,Corrientes,18105,894
2017,Corrientes,18,Corrientes,18112,648
2017,Corrientes,18,Corrientes,18119,1100
2017,Corrientes,18,Corrientes,18126,458
2017,Corrientes,18,Corrientes,18133,298
2017,Corrientes,18,Corrientes,18140,362
2017,Corrientes,18,Corrientes,18147,277
2017,Corrientes,18,Corrientes,18154,241
2017,Corrientes,18,Corrientes,18161,364
2017,Corrientes,18,Corrientes,18168,1436
2017,Corrientes,18,Corrientes,18175,193
2017,Entre Ríos,30,Entre Ríos,30008,1059
2017,Entre Ríos,30,Entre Ríos,30015,3470
2017,Entre Ríos,30,Entre Ríos,30021,719
2017,Entre Ríos,30,Entre Ríos,30028,1374
2017,Entre Ríos,30,Entre Ríos,30035,497
2017,Entre Ríos,30,Entre Ríos,30042,285
2017,Entre Ríos,30,Entre Ríos,30049,907
2017,Entre Ríos,30,Entre Ríos,30056,1883
2017,Entre Ríos,30,Entre Ríos,30063,220
2017,Entre Ríos,30,Entre Ríos,30070,1252
2017,Entre Ríos,30,Entre Ríos,30077,607
2017,Entre Ríos,30,Entre Ríos,30084,5638
2017,Entre Ríos,30,Entre Ríos,30088,330
2017,Entre Ríos,30,Entre Ríos,30091,436
2017,Entre Ríos,30,Entre Ríos,30098,1629
2017,Entre Ríos,30,Entre Ríos,30105,610
2017,Entre Ríos,30,Entre Ríos,30113,868
2017,Formosa,34,Formosa,34007,340
2017,Formosa,34,Formosa,34014,4766
2017,Formosa,34,Formosa,34021,327
2017,Formosa,34,Formosa,34028,401
2017,Formosa,34,Formosa,34035,1629
2017,Formosa,34,Formosa,34042,365
2017,Formosa,34,Formosa,34049,1914
2017,Formosa,34,Formosa,34056,1295
2017,Formosa,34,Formosa,34063,444
2017,Jujuy,38,Jujuy,38007,217
2017,Jujuy,38,Jujuy,38021,4202
2017,Jujuy,38,Jujuy,38014,1983
2017,Jujuy,38,Jujuy,38028,260
2017,Jujuy,38,Jujuy,38035,1527
2017,Jujuy,38,Jujuy,38042,858
2017,Jujuy,38,Jujuy,38049,32
2017,Jujuy,38,Jujuy,38056,89
2017,Jujuy,38,Jujuy,38063,1309
2017,Jujuy,38,Jujuy,38070,306
2017,Jujuy,38,Jujuy,38077,67
2017,Jujuy,38,Jujuy,38084,94
2017,Jujuy,38,Jujuy,38094,246
2017,Jujuy,38,Jujuy,38098,79
2017,Jujuy,38,Jujuy,38105,38
2017,Jujuy,38,Jujuy,38112,397
2017,La Pampa,42,La Pampa,42007,141
2017,La Pampa,42,La Pampa,42014,17
2017,La Pampa,42,La Pampa,42021,1721
2017,La Pampa,42,La Pampa,42028,110
2017,La Pampa,42,La Pampa,42049,33
2017,La Pampa,42,La Pampa,42056,189
2017,La Pampa,42,La Pampa,42063,27
2017,La Pampa,42,La Pampa,42035,196
2017,La Pampa,42,La Pampa,42042,17
2017,La Pampa,42,La Pampa,42070,141
2017,La Pampa,42,La Pampa,42077,80
2017,La Pampa,42,La Pampa,42084,4
2017,La Pampa,42,La Pampa,42091,5
2017,La Pampa,42,La Pampa,42098,134
2017,La Pampa,42,La Pampa,42105,1016
2017,La Pampa,42,La Pampa,42112,199
2017,La Pampa,42,La Pampa,42119,99
2017,La Pampa,42,La Pampa,42126,155
2017,La Pampa,42,La Pampa,42133,235
2017,La Pampa,42,La Pampa,42140,256
2017,La Pampa,42,La Pampa,42147,84
2017,La Pampa,42,La Pampa,42154,227
2017,La Rioja,46,La Rioja,46007,277
2017,La Rioja,46,La Rioja,46014,3372
2017,La Rioja,46,La Rioja,46021,55
2017,La Rioja,46,La Rioja,46035,222
2017,La Rioja,46,La Rioja,46042,936
2017,La Rioja,46,La Rioja,46028,144
2017,La Rioja,46,La Rioja,46049,78
2017,La Rioja,46,La Rioja,46056,43
2017,La Rioja,46,La Rioja,46063,119
2017,La Rioja,46,La Rioja,46070,54
2017,La Rioja,46,La Rioja,46077,35
2017,La Rioja,46,La Rioja,46084,85
2017,La Rioja,46,La Rioja,46091,65
2017,La Rioja,46,La Rioja,46105,37
2017,La Rioja,46,La Rioja,46112,263
2017,La Rioja,46,La Rioja,46119,59
2017,La Rioja,46,La Rioja,46126,37
2017,La Rioja,46,La Rioja,46098,47
2017,Mendoza,50,Mendoza,50007,1951
2017,Mendoza,50,Mendoza,50014,743
2017,Mendoza,50,Mendoza,50021,2839
2017,Mendoza,50,Mendoza,50028,4956
2017,Mendoza,50,Mendoza,50035,673
2017,Mendoza,50,Mendoza,50042,187
2017,Mendoza,50,Mendoza,50049,3688
2017,Mendoza,50,Mendoza,50056,881
2017,Mendoza,50,Mendoza,50063,2277
2017,Mendoza,50,Mendoza,50070,3260
2017,Mendoza,50,Mendoza,50077,543
2017,Mendoza,50,Mendoza,50084,951
2017,Mendoza,50,Mendoza,50091,686
2017,Mendoza,50,Mendoza,50098,2143
2017,Mendoza,50,Mendoza,50105,3259
2017,Mendoza,50,Mendoza,50112,296
2017,Mendoza,50,Mendoza,50119,981
2017,Mendoza,50,Mendoza,50126,690
2017,Misiones,54,Misiones,54119,607
2017,Misiones,54,Misiones,54007,977
2017,Misiones,54,Misiones,54014,1357
2017,Misiones,54,Misiones,54021,640
2017,Misiones,54,Misiones,54028,7137
2017,Misiones,54,Misiones,54035,196
2017,Misiones,54,Misiones,54042,1871
2017,Misiones,54,Misiones,54049,1130
2017,Misiones,54,Misiones,54056,1766
2017,Misiones,54,Misiones,54063,2321
2017,Misiones,54,Misiones,54070,946
2017,Misiones,54,Misiones,54077,1056
2017,Misiones,54,Misiones,54084,807
2017,Misiones,54,Misiones,54091,2406
2017,Misiones,54,Misiones,54098,1295
2017,Misiones,54,Misiones,54105,455
2017,Misiones,54,Misiones,54112,685
2017,Neuquén,58,Neuquén,58007,139
2017,Neuquén,58,Neuquén,58014,279
2017,Neuquén,58,Neuquén,58021,26
2017,Neuquén,58,Neuquén,58042,221
2017,Neuquén,58,Neuquén,58028,67
2017,Neuquén,58,Neuquén,58035,7085
2017,Neuquén,58,Neuquén,58049,283
2017,Neuquén,58,Neuquén,58056,545
2017,Neuquén,58,Neuquén,58063,122
2017,Neuquén,58,Neuquén,58070,202
2017,Neuquén,58,Neuquén,58077,126
2017,Neuquén,58,Neuquén,58091,538
2017,Neuquén,58,Neuquén,58098,67
2017,Neuquén,58,Neuquén,58105,144
2017,Neuquén,58,Neuquén,58112,624
2017,Neuquén,58,Neuquén,58084,86
2017,Río Negro,62,Río Negro,62091,235
2017,Río Negro,62,Río Negro,62049,35
2017,Río Negro,62,Río Negro,62007,1071
2017,Río Negro,62,Río Negro,62014,697
2017,Río Negro,62,Río Negro,62021,2202
2017,Río Negro,62,Río Negro,62028,139
2017,Río Negro,62,Río Negro,62035,53
2017,Río Negro,62,Río Negro,62042,5892
2017,Río Negro,62,Río Negro,62063,280
2017,Río Negro,62,Río Negro,62070,89
2017,Río Negro,62,Río Negro,62077,535
2017,Río Negro,62,Río Negro,62084,86
2017,Río Negro,62,Río Negro,62056,18
2017,Salta,66,Salta,66007,1263
2017,Salta,66,Salta,66014,137
2017,Salta,66,Salta,66021,289
2017,Salta,66,Salta,66028,9839
2017,Salta,66,Salta,66035,803
2017,Salta,66,Salta,66042,400
2017,Salta,66,Salta,66049,920
2017,Salta,66,Salta,66056,4065
2017,Salta,66,Salta,66063,59
2017,Salta,66,Salta,66070,113
2017,Salta,66,Salta,66077,191
2017,Salta,66,Salta,66084,99
2017,Salta,66,Salta,66091,33
2017,Salta,66,Salta,66098,129
2017,Salta,66,Salta,66105,195
2017,Salta,66,Salta,66112,719
2017,Salta,66,Salta,66119,94
2017,Salta,66,Salta,66126,3342
2017,Salta,66,Salta,66133,1045
2017,Salta,66,Salta,66140,580
2017,Salta,66,Salta,66147,882
2017,Salta,66,Salta,66154,125
2017,Salta,66,Salta,66161,186
2017,San Juan,70,San Juan,70126,419
2017,San Juan,70,San Juan,70063,230
2017,San Juan,70,San Juan,70007,563
2017,San Juan,70,San Juan,70014,179
2017,San Juan,70,San Juan,70021,172
2017,San Juan,70,San Juan,70028,1685
2017,San Juan,70,San Juan,70035,768
2017,San Juan,70,San Juan,70042,1799
2017,San Juan,70,San Juan,70049,129
2017,San Juan,70,San Juan,70056,352
2017,San Juan,70,San Juan,70070,1301
2017,San Juan,70,San Juan,70077,2216
2017,San Juan,70,San Juan,70084,1525
2017,San Juan,70,San Juan,70091,278
2017,San Juan,70,San Juan,70098,1030
2017,San Juan,70,San Juan,70105,526
2017,San Juan,70,San Juan,70112,104
2017,San Juan,70,San Juan,70119,120
2017,San Juan,70,San Juan,70133,108
2017,San Luis,74,San Luis,74007,276
2017,San Luis,74,San Luis,74014,75
2017,San Luis,74,San Luis,74028,304
2017,San Luis,74,San Luis,74021,193
2017,San Luis,74,San Luis,74035,2227
2017,San Luis,74,San Luis,74042,200
2017,San Luis,74,San Luis,74056,3470
2017,San Luis,74,San Luis,74049,470
2017,San Luis,74,San Luis,74063,43
2017,Santa Cruz,78,Santa Cruz,78007,251
2017,Santa Cruz,78,Santa Cruz,78014,2278
2017,Santa Cruz,78,Santa Cruz,78021,2215
2017,Santa Cruz,78,Santa Cruz,78028,462
2017,Santa Cruz,78,Santa Cruz,78035,216
2017,Santa Cruz,78,Santa Cruz,78042,216
2017,Santa Cruz,78,Santa Cruz,78049,107
2017,Santa Fe,82,Santa Fe,82077,600
2017,Santa Fe,82,Santa Fe,82007,701
2017,Santa Fe,82,Santa Fe,82014,1061
2017,Santa Fe,82,Santa Fe,82021,2797
2017,Santa Fe,82,Santa Fe,82028,1197
2017,Santa Fe,82,Santa Fe,82035,427
2017,Santa Fe,82,Santa Fe,82042,2830
2017,Santa Fe,82,Santa Fe,82049,3360
2017,Santa Fe,82,Santa Fe,82056,1014
2017,Santa Fe,82,Santa Fe,82063,8897
2017,Santa Fe,82,Santa Fe,82070,1561
2017,Santa Fe,82,Santa Fe,82084,19878
2017,Santa Fe,82,Santa Fe,82091,1121
2017,Santa Fe,82,Santa Fe,82098,590
2017,Santa Fe,82,Santa Fe,82105,1272
2017,Santa Fe,82,Santa Fe,82112,691
2017,Santa Fe,82,Santa Fe,82119,3003
2017,Santa Fe,82,Santa Fe,82126,930
2017,Santa Fe,82,Santa Fe,82133,976
2017,Santiago del Estero,86,Santiago del Estero,86007,138
2017,Santiago del Estero,86,Santiago del Estero,86014,368
2017,Santiago del Estero,86,Santiago del Estero,86021,237
2017,Santiago del Estero,86,Santiago del Estero,86028,516
2017,Santiago del Estero,86,Santiago del Estero,86035,3216
2017,Santiago del Estero,86,Santiago del Estero,86042,178
2017,Santiago del Estero,86,Santiago del Estero,86049,5317
2017,Santiago del Estero,86,Santiago del Estero,86063,685
2017,Santiago del Estero,86,Santiago del Estero,86056,694
2017,Santiago del Estero,86,Santiago del Estero,86070,359
2017,Santiago del Estero,86,Santiago del Estero,86077,946
2017,Santiago del Estero,86,Santiago del Estero,86084,157
2017,Santiago del Estero,86,Santiago del Estero,86091,297
2017,Santiago del Estero,86,Santiago del Estero,86098,385
2017,Santiago del Estero,86,Santiago del Estero,86105,425
2017,Santiago del Estero,86,Santiago del Estero,86112,11
2017,Santiago del Estero,86,Santiago del Estero,86119,818
2017,Santiago del Estero,86,Santiago del Estero,86126,272
2017,Santiago del Estero,86,Santiago del Estero,86133,434
2017,Santiago del Estero,86,Santiago del Estero,86140,201
2017,Santiago del Estero,86,Santiago del Estero,86147,1247
2017,Santiago del Estero,86,Santiago del Estero,86154,68
2017,Santiago del Estero,86,Santiago del Estero,86161,1013
2017,Santiago del Estero,86,Santiago del Estero,86168,228
2017,Santiago del Estero,86,Santiago del Estero,86175,173
2017,Santiago del Estero,86,Santiago del Estero,86182,91
2017,Santiago del Estero,86,Santiago del Estero,86189,123
2017,Tierra del Fuego,94,Tierra del Fuego,94008,1596
2017,Tierra del Fuego,94,Tierra del Fuego,94015,1068
2017,Tucumán,90,Tucumán,90007,682
2017,Tucumán,90,Tucumán,90084,9773
2017,Tucumán,90,Tucumán,90021,1467
2017,Tucumán,90,Tucumán,90014,3849
2017,Tucumán,90,Tucumán,90028,699
2017,Tucumán,90,Tucumán,90035,219
2017,Tucumán,90,Tucumán,90042,529
2017,Tucumán,90,Tucumán,90049,320
2017,Tucumán,90,Tucumán,90056,951
2017,Tucumán,90,Tucumán,90063,1269
2017,Tucumán,90,Tucumán,90070,1169
2017,Tucumán,90,Tucumán,90077,985
2017,Tucumán,90,Tucumán,90091,462
2017,Tucumán,90,Tucumán,90098,246
2017,Tucumán,90,Tucumán,90105,2667
2017,Tucumán,90,Tucumán,90112,348
2017,Tucumán,90,Tucumán,90119,1353
2018,Buenos Aires,6,Buenos Aires,06854,526
2018,Buenos Aires,6,Buenos Aires,06588,706
2018,Buenos Aires,6,Buenos Aires,06007,212
2018,Buenos Aires,6,Buenos Aires,06014,174
2018,Buenos Aires,6,Buenos Aires,06021,108
2018,Buenos Aires,6,Buenos Aires,06028,9468
2018,Buenos Aires,6,Buenos Aires,06077,452
2018,Buenos Aires,6,Buenos Aires,06035,4892
2018,Buenos Aires,6,Buenos Aires,06042,299
2018,Buenos Aires,6,Buenos Aires,06049,964
2018,Buenos Aires,6,Buenos Aires,06056,4214
2018,Buenos Aires,6,Buenos Aires,06063,653
2018,Buenos Aires,6,Buenos Aires,06070,537
2018,Buenos Aires,6,Buenos Aires,06084,296
2018,Buenos Aires,6,Buenos Aires,06091,5223
2018,Buenos Aires,6,Buenos Aires,06098,1578
2018,Buenos Aires,6,Buenos Aires,06105,513
2018,Buenos Aires,6,Buenos Aires,06112,560
2018,Buenos Aires,6,Buenos Aires,06119,503
2018,Buenos Aires,6,Buenos Aires,06126,1585
2018,Buenos Aires,6,Buenos Aires,06140,198
2018,Buenos Aires,6,Buenos Aires,06147,328
2018,Buenos Aires,6,Buenos Aires,06154,137
2018,Buenos Aires,6,Buenos Aires,06161,270
2018,Buenos Aires,6,Buenos Aires,06168,127
2018,Buenos Aires,6,Buenos Aires,06134,1164
2018,Buenos Aires,6,Buenos Aires,06210,644
2018,Buenos Aires,6,Buenos Aires,06218,610
2018,Buenos Aires,6,Buenos Aires,06224,942
2018,Buenos Aires,6,Buenos Aires,06175,369
2018,Buenos Aires,6,Buenos Aires,06182,872
2018,Buenos Aires,6,Buenos Aires,06189,200
2018,Buenos Aires,6,Buenos Aires,06196,351
2018,Buenos Aires,6,Buenos Aires,06203,512
2018,Buenos Aires,6,Buenos Aires,06231,246
2018,Buenos Aires,6,Buenos Aires,06238,465
2018,Buenos Aires,6,Buenos Aires,06245,1013
2018,Buenos Aires,6,Buenos Aires,06252,4350
2018,Buenos Aires,6,Buenos Aires,06260,5764
2018,Buenos Aires,6,Buenos Aires,06266,666
2018,Buenos Aires,6,Buenos Aires,06270,3594
2018,Buenos Aires,6,Buenos Aires,06274,8932
2018,Buenos Aires,6,Buenos Aires,06277,143
2018,Buenos Aires,6,Buenos Aires,06280,568
2018,Buenos Aires,6,Buenos Aires,06287,126
2018,Buenos Aires,6,Buenos Aires,06294,192
2018,Buenos Aires,6,Buenos Aires,06301,293
2018,Buenos Aires,6,Buenos Aires,06308,26
2018,Buenos Aires,6,Buenos Aires,06315,313
2018,Buenos Aires,6,Buenos Aires,06322,170
2018,Buenos Aires,6,Buenos Aires,06329,242
2018,Buenos Aires,6,Buenos Aires,06336,81
2018,Buenos Aires,6,Buenos Aires,06343,185
2018,Buenos Aires,6,Buenos Aires,06351,187
2018,Buenos Aires,6,Buenos Aires,06357,8440
2018,Buenos Aires,6,Buenos Aires,06364,2477
2018,Buenos Aires,6,Buenos Aires,06371,5672
2018,Buenos Aires,6,Buenos Aires,06385,265
2018,Buenos Aires,6,Buenos Aires,06392,432
2018,Buenos Aires,6,Buenos Aires,06399,149
2018,Buenos Aires,6,Buenos Aires,06406,123
2018,Buenos Aires,6,Buenos Aires,06408,2387
2018,Buenos Aires,6,Buenos Aires,06410,1995
2018,Buenos Aires,6,Buenos Aires,06412,5876
2018,Buenos Aires,6,Buenos Aires,06413,1420
2018,Buenos Aires,6,Buenos Aires,06420,1265
2018,Buenos Aires,6,Buenos Aires,06427,25114
2018,Buenos Aires,6,Buenos Aires,06441,11568
2018,Buenos Aires,6,Buenos Aires,06434,6037
2018,Buenos Aires,6,Buenos Aires,06448,166
2018,Buenos Aires,6,Buenos Aires,06455,340
2018,Buenos Aires,6,Buenos Aires,06462,253
2018,Buenos Aires,6,Buenos Aires,06466,71
2018,Buenos Aires,6,Buenos Aires,06469,607
2018,Buenos Aires,6,Buenos Aires,06476,204
2018,Buenos Aires,6,Buenos Aires,06483,630
2018,Buenos Aires,6,Buenos Aires,06490,11427
2018,Buenos Aires,6,Buenos Aires,06497,1760
2018,Buenos Aires,6,Buenos Aires,06505,322
2018,Buenos Aires,6,Buenos Aires,06511,173
2018,Buenos Aires,6,Buenos Aires,06515,5495
2018,Buenos Aires,6,Buenos Aires,06518,378
2018,Buenos Aires,6,Buenos Aires,06525,1168
2018,Buenos Aires,6,Buenos Aires,06532,981
2018,Buenos Aires,6,Buenos Aires,06539,9635
2018,Buenos Aires,6,Buenos Aires,06547,321
2018,Buenos Aires,6,Buenos Aires,06553,113
2018,Buenos Aires,6,Buenos Aires,06560,9604
2018,Buenos Aires,6,Buenos Aires,06568,3782
2018,Buenos Aires,6,Buenos Aires,06574,265
2018,Buenos Aires,6,Buenos Aires,06581,1319
2018,Buenos Aires,6,Buenos Aires,06595,1479
2018,Buenos Aires,6,Buenos Aires,06602,499
2018,Buenos Aires,6,Buenos Aires,06609,635
2018,Buenos Aires,6,Buenos Aires,06616,108
2018,Buenos Aires,6,Buenos Aires,06623,1577
2018,Buenos Aires,6,Buenos Aires,06630,68
2018,Buenos Aires,6,Buenos Aires,06638,6644
2018,Buenos Aires,6,Buenos Aires,06644,578
2018,Buenos Aires,6,Buenos Aires,06648,2062
2018,Buenos Aires,6,Buenos Aires,06651,162
2018,Buenos Aires,6,Buenos Aires,06655,173
2018,Buenos Aires,6,Buenos Aires,06658,9757
2018,Buenos Aires,6,Buenos Aires,06665,655
2018,Buenos Aires,6,Buenos Aires,06672,200
2018,Buenos Aires,6,Buenos Aires,06679,283
2018,Buenos Aires,6,Buenos Aires,06686,348
2018,Buenos Aires,6,Buenos Aires,06693,186
2018,Buenos Aires,6,Buenos Aires,06700,242
2018,Buenos Aires,6,Buenos Aires,06707,513
2018,Buenos Aires,6,Buenos Aires,06721,101
2018,Buenos Aires,6,Buenos Aires,06714,548
2018,Buenos Aires,6,Buenos Aires,06728,373
2018,Buenos Aires,6,Buenos Aires,06735,317
2018,Buenos Aires,6,Buenos Aires,06742,101
2018,Buenos Aires,6,Buenos Aires,06749,2353
2018,Buenos Aires,6,Buenos Aires,06756,3978
2018,Buenos Aires,6,Buenos Aires,06760,5224
2018,Buenos Aires,6,Buenos Aires,06763,2312
2018,Buenos Aires,6,Buenos Aires,06770,1132
2018,Buenos Aires,6,Buenos Aires,06778,1676
2018,Buenos Aires,6,Buenos Aires,06784,170
2018,Buenos Aires,6,Buenos Aires,06791,1739
2018,Buenos Aires,6,Buenos Aires,06798,142
2018,Buenos Aires,6,Buenos Aires,06805,6616
2018,Buenos Aires,6,Buenos Aires,06812,37
2018,Buenos Aires,6,Buenos Aires,06819,195
2018,Buenos Aires,6,Buenos Aires,06826,702
2018,Buenos Aires,6,Buenos Aires,06833,864
2018,Buenos Aires,6,Buenos Aires,06840,4622
2018,Buenos Aires,6,Buenos Aires,06847,80
2018,Buenos Aires,6,Buenos Aires,06861,2945
2018,Buenos Aires,6,Buenos Aires,06868,537
2018,Buenos Aires,6,Buenos Aires,06875,484
2018,Buenos Aires,6,Buenos Aires,06882,1971
2018,Catamarca,10,Catamarca,10007,66
2018,Catamarca,10,Catamarca,10014,39
2018,Catamarca,10,Catamarca,10021,318
2018,Catamarca,10,Catamarca,10028,18
2018,Catamarca,10,Catamarca,10035,482
2018,Catamarca,10,Catamarca,10042,298
2018,Catamarca,10,Catamarca,10049,3027
2018,Catamarca,10,Catamarca,10056,82
2018,Catamarca,10,Catamarca,10063,227
2018,Catamarca,10,Catamarca,10070,444
2018,Catamarca,10,Catamarca,10077,58
2018,Catamarca,10,Catamarca,10084,168
2018,Catamarca,10,Catamarca,10091,377
2018,Catamarca,10,Catamarca,10098,213
2018,Catamarca,10,Catamarca,10105,378
2018,Catamarca,10,Catamarca,10112,526
2018,Chaco,22,Chaco,22036,479
2018,Chaco,22,Chaco,22126,230
2018,Chaco,22,Chaco,22039,126
2018,Chaco,22,Chaco,22168,699
2018,Chaco,22,Chaco,22105,632
2018,Chaco,22,Chaco,22007,926
2018,Chaco,22,Chaco,22014,516
2018,Chaco,22,Chaco,22028,703
2018,Chaco,22,Chaco,22021,2111
2018,Chaco,22,Chaco,22043,238
2018,Chaco,22,Chaco,22049,357
2018,Chaco,22,Chaco,22056,272
2018,Chaco,22,Chaco,22063,2198
2018,Chaco,22,Chaco,22070,635
2018,Chaco,22,Chaco,22077,271
2018,Chaco,22,Chaco,22084,1493
2018,Chaco,22,Chaco,22091,610
2018,Chaco,22,Chaco,22098,1348
2018,Chaco,22,Chaco,22112,453
2018,Chaco,22,Chaco,22119,294
2018,Chaco,22,Chaco,22133,818
2018,Chaco,22,Chaco,22140,7719
2018,Chaco,22,Chaco,22147,353
2018,Chaco,22,Chaco,22154,365
2018,Chaco,22,Chaco,22161,70
2018,Chubut,26,Chubut,26007,1410
2018,Chubut,26,Chubut,26014,348
2018,Chubut,26,Chubut,26021,3247
2018,Chubut,26,Chubut,26028,23
2018,Chubut,26,Chubut,26035,710
2018,Chubut,26,Chubut,26042,184
2018,Chubut,26,Chubut,26049,16
2018,Chubut,26,Chubut,26056,26
2018,Chubut,26,Chubut,26063,16
2018,Chubut,26,Chubut,26070,22
2018,Chubut,26,Chubut,26077,2055
2018,Chubut,26,Chubut,26084,80
2018,Chubut,26,Chubut,26091,262
2018,Chubut,26,Chubut,26098,69
2018,Chubut,26,Chubut,26105,12
2018,Córdoba,14,Córdoba,14007,967
2018,Córdoba,14,Córdoba,14014,20808
2018,Córdoba,14,Córdoba,14021,4588
2018,Córdoba,14,Córdoba,14028,1003
2018,Córdoba,14,Córdoba,14035,527
2018,Córdoba,14,Córdoba,14042,2320
2018,Córdoba,14,Córdoba,14049,671
2018,Córdoba,14,Córdoba,14056,1016
2018,Córdoba,14,Córdoba,14063,1319
2018,Córdoba,14,Córdoba,14070,86
2018,Córdoba,14,Córdoba,14077,69
2018,Córdoba,14,Córdoba,14084,542
2018,Córdoba,14,Córdoba,14091,2911
2018,Córdoba,14,Córdoba,14098,4096
2018,Córdoba,14,Córdoba,14105,821
2018,Córdoba,14,Córdoba,14112,247
2018,Córdoba,14,Córdoba,14119,1645
2018,Córdoba,14,Córdoba,14126,636
2018,Córdoba,14,Córdoba,14133,890
2018,Córdoba,14,Córdoba,14140,3353
2018,Córdoba,14,Córdoba,14147,1919
2018,Córdoba,14,Córdoba,14154,81
2018,Córdoba,14,Córdoba,14161,1733
2018,Córdoba,14,Córdoba,14168,319
2018,Córdoba,14,Córdoba,14175,208
2018,Córdoba,14,Córdoba,14182,1562
2018,Corrientes,18,Corrientes,18007,772
2018,Corrientes,18,Corrientes,18014,49
2018,Corrientes,18,Corrientes,18021,6754
2018,Corrientes,18,Corrientes,18028,489
2018,Corrientes,18,Corrientes,18035,882
2018,Corrientes,18,Corrientes,18042,296
2018,Corrientes,18,Corrientes,18049,681
2018,Corrientes,18,Corrientes,18056,180
2018,Corrientes,18,Corrientes,18063,233
2018,Corrientes,18,Corrientes,18070,1681
2018,Corrientes,18,Corrientes,18077,204
2018,Corrientes,18,Corrientes,18084,670
2018,Corrientes,18,Corrientes,18091,764
2018,Corrientes,18,Corrientes,18098,137
2018,Corrientes,18,Corrientes,18105,875
2018,Corrientes,18,Corrientes,18112,624
2018,Corrientes,18,Corrientes,18119,1110
2018,Corrientes,18,Corrientes,18126,448
2018,Corrientes,18,Corrientes,18133,302
2018,Corrientes,18,Corrientes,18140,335
2018,Corrientes,18,Corrientes,18147,276
2018,Corrientes,18,Corrientes,18154,250
2018,Corrientes,18,Corrientes,18161,383
2018,Corrientes,18,Corrientes,18168,1380
2018,Corrientes,18,Corrientes,18175,176
2018,Entre Ríos,30,Entre Ríos,30008,1001
2018,Entre Ríos,30,Entre Ríos,30015,3512
2018,Entre Ríos,30,Entre Ríos,30021,696
2018,Entre Ríos,30,Entre Ríos,30028,1357
2018,Entre Ríos,30,Entre Ríos,30035,473
2018,Entre Ríos,30,Entre Ríos,30042,278
2018,Entre Ríos,30,Entre Ríos,30049,862
2018,Entre Ríos,30,Entre Ríos,30056,1598
2018,Entre Ríos,30,Entre Ríos,30063,235
2018,Entre Ríos,30,Entre Ríos,30070,1221
2018,Entre Ríos,30,Entre Ríos,30077,598
2018,Entre Ríos,30,Entre Ríos,30084,5547
2018,Entre Ríos,30,Entre Ríos,30088,328
2018,Entre Ríos,30,Entre Ríos,30091,409
2018,Entre Ríos,30,Entre Ríos,30098,1513
2018,Entre Ríos,30,Entre Ríos,30105,594
2018,Entre Ríos,30,Entre Ríos,30113,833
2018,Formosa,34,Formosa,34007,391
2018,Formosa,34,Formosa,34014,4673
2018,Formosa,34,Formosa,34021,358
2018,Formosa,34,Formosa,34028,454
2018,Formosa,34,Formosa,34035,1644
2018,Formosa,34,Formosa,34042,352
2018,Formosa,34,Formosa,34049,1870
2018,Formosa,34,Formosa,34056,1361
2018,Formosa,34,Formosa,34063,558
2018,Jujuy,38,Jujuy,38007,263
2018,Jujuy,38,Jujuy,38021,4154
2018,Jujuy,38,Jujuy,38014,2047
2018,Jujuy,38,Jujuy,38028,258
2018,Jujuy,38,Jujuy,38035,1482
2018,Jujuy,38,Jujuy,38042,875
2018,Jujuy,38,Jujuy,38049,28
2018,Jujuy,38,Jujuy,38056,94
2018,Jujuy,38,Jujuy,38063,1331
2018,Jujuy,38,Jujuy,38070,363
2018,Jujuy,38,Jujuy,38077,66
2018,Jujuy,38,Jujuy,38084,102
2018,Jujuy,38,Jujuy,38094,211
2018,Jujuy,38,Jujuy,38098,61
2018,Jujuy,38,Jujuy,38105,34
2018,Jujuy,38,Jujuy,38112,391
2018,La Pampa,42,La Pampa,42007,123
2018,La Pampa,42,La Pampa,42014,15
2018,La Pampa,42,La Pampa,42021,1554
2018,La Pampa,42,La Pampa,42028,112
2018,La Pampa,42,La Pampa,42049,38
2018,La Pampa,42,La Pampa,42056,181
2018,La Pampa,42,La Pampa,42063,24
2018,La Pampa,42,La Pampa,42035,181
2018,La Pampa,42,La Pampa,42042,10
2018,La Pampa,42,La Pampa,42070,138
2018,La Pampa,42,La Pampa,42077,87
2018,La Pampa,42,La Pampa,42084,7
2018,La Pampa,42,La Pampa,42091,6
2018,La Pampa,42,La Pampa,42098,102
2018,La Pampa,42,La Pampa,42105,999
2018,La Pampa,42,La Pampa,42112,196
2018,La Pampa,42,La Pampa,42119,110
2018,La Pampa,42,La Pampa,42126,171
2018,La Pampa,42,La Pampa,42133,207
2018,La Pampa,42,La Pampa,42140,255
2018,La Pampa,42,La Pampa,42147,71
2018,La Pampa,42,La Pampa,42154,226
2018,La Rioja,46,La Rioja,46007,273
2018,La Rioja,46,La Rioja,46014,3240
2018,La Rioja,46,La Rioja,46021,51
2018,La Rioja,46,La Rioja,46035,224
2018,La Rioja,46,La Rioja,46042,879
2018,La Rioja,46,La Rioja,46028,157
2018,La Rioja,46,La Rioja,46049,74
2018,La Rioja,46,La Rioja,46056,49
2018,La Rioja,46,La Rioja,46063,106
2018,La Rioja,46,La Rioja,46070,42
2018,La Rioja,46,La Rioja,46077,17
2018,La Rioja,46,La Rioja,46084,91
2018,La Rioja,46,La Rioja,46091,74
2018,La Rioja,46,La Rioja,46105,43
2018,La Rioja,46,La Rioja,46112,265
2018,La Rioja,46,La Rioja,46119,67
2018,La Rioja,46,La Rioja,46126,45
2018,La Rioja,46,La Rioja,46098,27
2018,Mendoza,50,Mendoza,50007,1735
2018,Mendoza,50,Mendoza,50014,702
2018,Mendoza,50,Mendoza,50021,2814
2018,Mendoza,50,Mendoza,50028,4657
2018,Mendoza,50,Mendoza,50035,616
2018,Mendoza,50,Mendoza,50042,181
2018,Mendoza,50,Mendoza,50049,3490
2018,Mendoza,50,Mendoza,50056,849
2018,Mendoza,50,Mendoza,50063,2300
2018,Mendoza,50,Mendoza,50070,3312
2018,Mendoza,50,Mendoza,50077,524
2018,Mendoza,50,Mendoza,50084,971
2018,Mendoza,50,Mendoza,50091,678
2018,Mendoza,50,Mendoza,50098,2118
2018,Mendoza,50,Mendoza,50105,2922
2018,Mendoza,50,Mendoza,50112,303
2018,Mendoza,50,Mendoza,50119,1022
2018,Mendoza,50,Mendoza,50126,745
2018,Misiones,54,Misiones,54119,573
2018,Misiones,54,Misiones,54007,956
2018,Misiones,54,Misiones,54014,1222
2018,Misiones,54,Misiones,54021,626
2018,Misiones,54,Misiones,54028,7016
2018,Misiones,54,Misiones,54035,201
2018,Misiones,54,Misiones,54042,1785
2018,Misiones,54,Misiones,54049,1103
2018,Misiones,54,Misiones,54056,1723
2018,Misiones,54,Misiones,54063,2171
2018,Misiones,54,Misiones,54070,894
2018,Misiones,54,Misiones,54077,1021
2018,Misiones,54,Misiones,54084,771
2018,Misiones,54,Misiones,54091,2322
2018,Misiones,54,Misiones,54098,1303
2018,Misiones,54,Misiones,54105,420
2018,Misiones,54,Misiones,54112,761
2018,Neuquén,58,Neuquén,58007,146
2018,Neuquén,58,Neuquén,58014,308
2018,Neuquén,58,Neuquén,58021,34
2018,Neuquén,58,Neuquén,58042,190
2018,Neuquén,58,Neuquén,58028,65
2018,Neuquén,58,Neuquén,58035,6909
2018,Neuquén,58,Neuquén,58049,248
2018,Neuquén,58,Neuquén,58056,518
2018,Neuquén,58,Neuquén,58063,120
2018,Neuquén,58,Neuquén,58070,193
2018,Neuquén,58,Neuquén,58077,127
2018,Neuquén,58,Neuquén,58091,500
2018,Neuquén,58,Neuquén,58098,63
2018,Neuquén,58,Neuquén,58105,131
2018,Neuquén,58,Neuquén,58112,638
2018,Neuquén,58,Neuquén,58084,96
2018,Río Negro,62,Río Negro,62091,201
2018,Río Negro,62,Río Negro,62049,45
2018,Río Negro,62,Río Negro,62007,984
2018,Río Negro,62,Río Negro,62014,637
2018,Río Negro,62,Río Negro,62021,2090
2018,Río Negro,62,Río Negro,62028,90
2018,Río Negro,62,Río Negro,62035,39
2018,Río Negro,62,Río Negro,62042,5579
2018,Río Negro,62,Río Negro,62063,262
2018,Río Negro,62,Río Negro,62070,109
2018,Río Negro,62,Río Negro,62077,501
2018,Río Negro,62,Río Negro,62084,59
2018,Río Negro,62,Río Negro,62056,25
2018,Salta,66,Salta,66007,1245
2018,Salta,66,Salta,66014,155
2018,Salta,66,Salta,66021,304
2018,Salta,66,Salta,66028,9489
2018,Salta,66,Salta,66035,906
2018,Salta,66,Salta,66042,347
2018,Salta,66,Salta,66049,913
2018,Salta,66,Salta,66056,4035
2018,Salta,66,Salta,66063,66
2018,Salta,66,Salta,66070,95
2018,Salta,66,Salta,66077,186
2018,Salta,66,Salta,66084,91
2018,Salta,66,Salta,66091,27
2018,Salta,66,Salta,66098,127
2018,Salta,66,Salta,66105,184
2018,Salta,66,Salta,66112,711
2018,Salta,66,Salta,66119,97
2018,Salta,66,Salta,66126,3244
2018,Salta,66,Salta,66133,1172
2018,Salta,66,Salta,66140,553
2018,Salta,66,Salta,66147,843
2018,Salta,66,Salta,66154,122
2018,Salta,66,Salta,66161,170
2018,San Juan,70,San Juan,70126,483
2018,San Juan,70,San Juan,70063,249
2018,San Juan,70,San Juan,70007,497
2018,San Juan,70,San Juan,70014,189
2018,San Juan,70,San Juan,70021,218
2018,San Juan,70,San Juan,70028,1586
2018,San Juan,70,San Juan,70035,755
2018,San Juan,70,San Juan,70042,1783
2018,San Juan,70,San Juan,70049,148
2018,San Juan,70,San Juan,70056,362
2018,San Juan,70,San Juan,70070,1346
2018,San Juan,70,San Juan,70077,2223
2018,San Juan,70,San Juan,70084,1590
2018,San Juan,70,San Juan,70091,218
2018,San Juan,70,San Juan,70098,1006
2018,San Juan,70,San Juan,70105,529
2018,San Juan,70,San Juan,70112,111
2018,San Juan,70,San Juan,70119,126
2018,San Juan,70,San Juan,70133,127
2018,San Luis,74,San Luis,74007,315
2018,San Luis,74,San Luis,74014,60
2018,San Luis,74,San Luis,74028,282
2018,San Luis,74,San Luis,74021,170
2018,San Luis,74,San Luis,74035,2167
2018,San Luis,74,San Luis,74042,197
2018,San Luis,74,San Luis,74056,3341
2018,San Luis,74,San Luis,74049,462
2018,San Luis,74,San Luis,74063,54
2018,Santa Cruz,78,Santa Cruz,78007,252
2018,Santa Cruz,78,Santa Cruz,78014,2058
2018,Santa Cruz,78,Santa Cruz,78021,1924
2018,Santa Cruz,78,Santa Cruz,78028,377
2018,Santa Cruz,78,Santa Cruz,78035,200
2018,Santa Cruz,78,Santa Cruz,78042,166
2018,Santa Cruz,78,Santa Cruz,78049,84
2018,Santa Fe,82,Santa Fe,82077,538
2018,Santa Fe,82,Santa Fe,82007,625
2018,Santa Fe,82,Santa Fe,82014,1002
2018,Santa Fe,82,Santa Fe,82021,2764
2018,Santa Fe,82,Santa Fe,82028,1158
2018,Santa Fe,82,Santa Fe,82035,436
2018,Santa Fe,82,Santa Fe,82042,2685
2018,Santa Fe,82,Santa Fe,82049,3088
2018,Santa Fe,82,Santa Fe,82056,931
2018,Santa Fe,82,Santa Fe,82063,8771
2018,Santa Fe,82,Santa Fe,82070,1421
2018,Santa Fe,82,Santa Fe,82084,19321
2018,Santa Fe,82,Santa Fe,82091,1119
2018,Santa Fe,82,Santa Fe,82098,563
2018,Santa Fe,82,Santa Fe,82105,1154
2018,Santa Fe,82,Santa Fe,82112,643
2018,Santa Fe,82,Santa Fe,82119,2917
2018,Santa Fe,82,Santa Fe,82126,880
2018,Santa Fe,82,Santa Fe,82133,994
2018,Santiago del Estero,86,Santiago del Estero,86007,151
2018,Santiago del Estero,86,Santiago del Estero,86014,429
2018,Santiago del Estero,86,Santiago del Estero,86021,259
2018,Santiago del Estero,86,Santiago del Estero,86028,488
2018,Santiago del Estero,86,Santiago del Estero,86035,3322
2018,Santiago del Estero,86,Santiago del Estero,86042,186
2018,Santiago del Estero,86,Santiago del Estero,86049,5283
2018,Santiago del Estero,86,Santiago del Estero,86063,684
2018,Santiago del Estero,86,Santiago del Estero,86056,746
2018,Santiago del Estero,86,Santiago del Estero,86070,404
2018,Santiago del Estero,86,Santiago del Estero,86077,941
2018,Santiago del Estero,86,Santiago del Estero,86084,141
2018,Santiago del Estero,86,Santiago del Estero,86091,280
2018,Santiago del Estero,86,Santiago del Estero,86098,399
2018,Santiago del Estero,86,Santiago del Estero,86105,399
2018,Santiago del Estero,86,Santiago del Estero,86112,20
2018,Santiago del Estero,86,Santiago del Estero,86119,829
2018,Santiago del Estero,86,Santiago del Estero,86126,302
2018,Santiago del Estero,86,Santiago del Estero,86133,463
2018,Santiago del Estero,86,Santiago del Estero,86140,184
2018,Santiago del Estero,86,Santiago del Estero,86147,1176
2018,Santiago del Estero,86,Santiago del Estero,86154,74
2018,Santiago del Estero,86,Santiago del Estero,86161,1018
2018,Santiago del Estero,86,Santiago del Estero,86168,212
2018,Santiago del Estero,86,Santiago del Estero,86175,175
2018,Santiago del Estero,86,Santiago del Estero,86182,94
2018,Santiago del Estero,86,Santiago del Estero,86189,171
2018,Tierra del Fuego,94,Tierra del Fuego,94008,1548
2018,Tierra del Fuego,94,Tierra del Fuego,94015,1067
2018,Tucumán,90,Tucumán,90007,789
2018,Tucumán,90,Tucumán,90084,9603
2018,Tucumán,90,Tucumán,90021,1450
2018,Tucumán,90,Tucumán,90014,4071
2018,Tucumán,90,Tucumán,90028,792
2018,Tucumán,90,Tucumán,90035,237
2018,Tucumán,90,Tucumán,90042,555
2018,Tucumán,90,Tucumán,90049,345
2018,Tucumán,90,Tucumán,90056,968
2018,Tucumán,90,Tucumán,90063,1211
2018,Tucumán,90,Tucumán,90070,1120
2018,Tucumán,90,Tucumán,90077,1044
2018,Tucumán,90,Tucumán,90091,528
2018,Tucumán,90,Tucumán,90098,256
2018,Tucumán,90,Tucumán,90105,2706
2018,Tucumán,90,Tucumán,90112,372
2018,Tucumán,90,Tucumán,90119,1507
2019,Buenos Aires,6,Buenos Aires,06854,487
2019,Buenos Aires,6,Buenos Aires,06588,641
2019,Buenos Aires,6,Buenos Aires,06007,188
2019,Buenos Aires,6,Buenos Aires,06014,161
2019,Buenos Aires,6,Buenos Aires,06021,121
2019,Buenos Aires,6,Buenos Aires,06028,8231
2019,Buenos Aires,6,Buenos Aires,06077,454
2019,Buenos Aires,6,Buenos Aires,06035,4336
2019,Buenos Aires,6,Buenos Aires,06042,258
2019,Buenos Aires,6,Buenos Aires,06049,794
2019,Buenos Aires,6,Buenos Aires,06056,3922
2019,Buenos Aires,6,Buenos Aires,06063,684
2019,Buenos Aires,6,Buenos Aires,06070,516
2019,Buenos Aires,6,Buenos Aires,06084,261
2019,Buenos Aires,6,Buenos Aires,06091,4666
2019,Buenos Aires,6,Buenos Aires,06098,1324
2019,Buenos Aires,6,Buenos Aires,06105,457
2019,Buenos Aires,6,Buenos Aires,06112,515
2019,Buenos Aires,6,Buenos Aires,06119,453
2019,Buenos Aires,6,Buenos Aires,06126,1517
2019,Buenos Aires,6,Buenos Aires,06140,202
2019,Buenos Aires,6,Buenos Aires,06147,314
2019,Buenos Aires,6,Buenos Aires,06154,128
2019,Buenos Aires,6,Buenos Aires,06161,233
2019,Buenos Aires,6,Buenos Aires,06168,131
2019,Buenos Aires,6,Buenos Aires,06134,1031
2019,Buenos Aires,6,Buenos Aires,06210,557
2019,Buenos Aires,6,Buenos Aires,06218,523
2019,Buenos Aires,6,Buenos Aires,06224,842
2019,Buenos Aires,6,Buenos Aires,06175,363
2019,Buenos Aires,6,Buenos Aires,06182,763
2019,Buenos Aires,6,Buenos Aires,06189,186
2019,Buenos Aires,6,Buenos Aires,06196,316
2019,Buenos Aires,6,Buenos Aires,06203,454
2019,Buenos Aires,6,Buenos Aires,06231,231
2019,Buenos Aires,6,Buenos Aires,06238,435
2019,Buenos Aires,6,Buenos Aires,06245,869
2019,Buenos Aires,6,Buenos Aires,06252,4157
2019,Buenos Aires,6,Buenos Aires,06260,5279
2019,Buenos Aires,6,Buenos Aires,06266,658
2019,Buenos Aires,6,Buenos Aires,06270,3361
2019,Buenos Aires,6,Buenos Aires,06274,8040
2019,Buenos Aires,6,Buenos Aires,06277,133
2019,Buenos Aires,6,Buenos Aires,06280,623
2019,Buenos Aires,6,Buenos Aires,06287,144
2019,Buenos Aires,6,Buenos Aires,06294,214
2019,Buenos Aires,6,Buenos Aires,06301,274
2019,Buenos Aires,6,Buenos Aires,06308,23
2019,Buenos Aires,6,Buenos Aires,06315,239
2019,Buenos Aires,6,Buenos Aires,06322,136
2019,Buenos Aires,6,Buenos Aires,06329,211
2019,Buenos Aires,6,Buenos Aires,06336,63
2019,Buenos Aires,6,Buenos Aires,06343,166
2019,Buenos Aires,6,Buenos Aires,06351,164
2019,Buenos Aires,6,Buenos Aires,06357,7665
2019,Buenos Aires,6,Buenos Aires,06364,2337
2019,Buenos Aires,6,Buenos Aires,06371,5306
2019,Buenos Aires,6,Buenos Aires,06385,217
2019,Buenos Aires,6,Buenos Aires,06392,407
2019,Buenos Aires,6,Buenos Aires,06399,124
2019,Buenos Aires,6,Buenos Aires,06406,99
2019,Buenos Aires,6,Buenos Aires,06408,1999
2019,Buenos Aires,6,Buenos Aires,06410,1781
2019,Buenos Aires,6,Buenos Aires,06412,5329
2019,Buenos Aires,6,Buenos Aires,06413,1351
2019,Buenos Aires,6,Buenos Aires,06420,1181
2019,Buenos Aires,6,Buenos Aires,06427,22376
2019,Buenos Aires,6,Buenos Aires,06441,10427
2019,Buenos Aires,6,Buenos Aires,06434,5593
2019,Buenos Aires,6,Buenos Aires,06448,138
2019,Buenos Aires,6,Buenos Aires,06455,303
2019,Buenos Aires,6,Buenos Aires,06462,264
2019,Buenos Aires,6,Buenos Aires,06466,66
2019,Buenos Aires,6,Buenos Aires,06469,586
2019,Buenos Aires,6,Buenos Aires,06476,204
2019,Buenos Aires,6,Buenos Aires,06483,547
2019,Buenos Aires,6,Buenos Aires,06490,10262
2019,Buenos Aires,6,Buenos Aires,06497,1563
2019,Buenos Aires,6,Buenos Aires,06505,314
2019,Buenos Aires,6,Buenos Aires,06511,143
2019,Buenos Aires,6,Buenos Aires,06515,4923
2019,Buenos Aires,6,Buenos Aires,06518,384
2019,Buenos Aires,6,Buenos Aires,06525,1080
2019,Buenos Aires,6,Buenos Aires,06532,914
2019,Buenos Aires,6,Buenos Aires,06539,8585
2019,Buenos Aires,6,Buenos Aires,06547,335
2019,Buenos Aires,6,Buenos Aires,06553,98
2019,Buenos Aires,6,Buenos Aires,06560,8370
2019,Buenos Aires,6,Buenos Aires,06568,3375
2019,Buenos Aires,6,Buenos Aires,06574,271
2019,Buenos Aires,6,Buenos Aires,06581,1211
2019,Buenos Aires,6,Buenos Aires,06595,1383
2019,Buenos Aires,6,Buenos Aires,06602,425
2019,Buenos Aires,6,Buenos Aires,06609,527
2019,Buenos Aires,6,Buenos Aires,06616,87
2019,Buenos Aires,6,Buenos Aires,06623,1350
2019,Buenos Aires,6,Buenos Aires,06630,53
2019,Buenos Aires,6,Buenos Aires,06638,6405
2019,Buenos Aires,6,Buenos Aires,06644,503
2019,Buenos Aires,6,Buenos Aires,06648,1891
2019,Buenos Aires,6,Buenos Aires,06651,169
2019,Buenos Aires,6,Buenos Aires,06655,155
2019,Buenos Aires,6,Buenos Aires,06658,8724
2019,Buenos Aires,6,Buenos Aires,06665,526
2019,Buenos Aires,6,Buenos Aires,06672,193
2019,Buenos Aires,6,Buenos Aires,06679,234
2019,Buenos Aires,6,Buenos Aires,06686,287
2019,Buenos Aires,6,Buenos Aires,06693,186
2019,Buenos Aires,6,Buenos Aires,06700,274
2019,Buenos Aires,6,Buenos Aires,06707,429
2019,Buenos Aires,6,Buenos Aires,06721,96
2019,Buenos Aires,6,Buenos Aires,06714,490
2019,Buenos Aires,6,Buenos Aires,06728,363
2019,Buenos Aires,6,Buenos Aires,06735,316
2019,Buenos Aires,6,Buenos Aires,06742,83
2019,Buenos Aires,6,Buenos Aires,06749,2104
2019,Buenos Aires,6,Buenos Aires,06756,3549
2019,Buenos Aires,6,Buenos Aires,06760,4679
2019,Buenos Aires,6,Buenos Aires,06763,2053
2019,Buenos Aires,6,Buenos Aires,06770,1008
2019,Buenos Aires,6,Buenos Aires,06778,1468
2019,Buenos Aires,6,Buenos Aires,06784,168
2019,Buenos Aires,6,Buenos Aires,06791,1558
2019,Buenos Aires,6,Buenos Aires,06798,129
2019,Buenos Aires,6,Buenos Aires,06805,6043
2019,Buenos Aires,6,Buenos Aires,06812,49
2019,Buenos Aires,6,Buenos Aires,06819,144
2019,Buenos Aires,6,Buenos Aires,06826,725
2019,Buenos Aires,6,Buenos Aires,06833,725
2019,Buenos Aires,6,Buenos Aires,06840,3908
2019,Buenos Aires,6,Buenos Aires,06847,96
2019,Buenos Aires,6,Buenos Aires,06861,2562
2019,Buenos Aires,6,Buenos Aires,06868,483
2019,Buenos Aires,6,Buenos Aires,06875,428
2019,Buenos Aires,6,Buenos Aires,06882,1731
2019,Catamarca,10,Catamarca,10007,52
2019,Catamarca,10,Catamarca,10014,36
2019,Catamarca,10,Catamarca,10021,258
2019,Catamarca,10,Catamarca,10028,19
2019,Catamarca,10,Catamarca,10035,444
2019,Catamarca,10,Catamarca,10042,276
2019,Catamarca,10,Catamarca,10049,2431
2019,Catamarca,10,Catamarca,10056,75
2019,Catamarca,10,Catamarca,10063,200
2019,Catamarca,10,Catamarca,10070,412
2019,Catamarca,10,Catamarca,10077,58
2019,Catamarca,10,Catamarca,10084,126
2019,Catamarca,10,Catamarca,10091,406
2019,Catamarca,10,Catamarca,10098,211
2019,Catamarca,10,Catamarca,10105,285
2019,Catamarca,10,Catamarca,10112,440
2019,Chaco,22,Chaco,22036,485
2019,Chaco,22,Chaco,22126,251
2019,Chaco,22,Chaco,22039,159
2019,Chaco,22,Chaco,22168,652
2019,Chaco,22,Chaco,22105,616
2019,Chaco,22,Chaco,22007,836
2019,Chaco,22,Chaco,22014,530
2019,Chaco,22,Chaco,22028,559
2019,Chaco,22,Chaco,22021,1856
2019,Chaco,22,Chaco,22043,219
2019,Chaco,22,Chaco,22049,295
2019,Chaco,22,Chaco,22056,264
2019,Chaco,22,Chaco,22063,1909
2019,Chaco,22,Chaco,22070,517
2019,Chaco,22,Chaco,22077,228
2019,Chaco,22,Chaco,22084,1333
2019,Chaco,22,Chaco,22091,495
2019,Chaco,22,Chaco,22098,1213
2019,Chaco,22,Chaco,22112,434
2019,Chaco,22,Chaco,22119,255
2019,Chaco,22,Chaco,22133,685
2019,Chaco,22,Chaco,22140,7100
2019,Chaco,22,Chaco,22147,332
2019,Chaco,22,Chaco,22154,333
2019,Chaco,22,Chaco,22161,64
2019,Chubut,26,Chubut,26007,1340
2019,Chubut,26,Chubut,26014,283
2019,Chubut,26,Chubut,26021,3027
2019,Chubut,26,Chubut,26028,20
2019,Chubut,26,Chubut,26035,586
2019,Chubut,26,Chubut,26042,177
2019,Chubut,26,Chubut,26049,12
2019,Chubut,26,Chubut,26056,34
2019,Chubut,26,Chubut,26063,8
2019,Chubut,26,Chubut,26070,13
2019,Chubut,26,Chubut,26077,1856
2019,Chubut,26,Chubut,26084,87
2019,Chubut,26,Chubut,26091,220
2019,Chubut,26,Chubut,26098,66
2019,Chubut,26,Chubut,26105,8
2019,Córdoba,14,Córdoba,14007,883
2019,Córdoba,14,Córdoba,14014,19465
2019,Córdoba,14,Córdoba,14021,4449
2019,Córdoba,14,Córdoba,14028,1019
2019,Córdoba,14,Córdoba,14035,447
2019,Córdoba,14,Córdoba,14042,2160
2019,Córdoba,14,Córdoba,14049,594
2019,Córdoba,14,Córdoba,14056,918
2019,Córdoba,14,Córdoba,14063,1250
2019,Córdoba,14,Córdoba,14070,63
2019,Córdoba,14,Córdoba,14077,54
2019,Córdoba,14,Córdoba,14084,507
2019,Córdoba,14,Córdoba,14091,2643
2019,Córdoba,14,Córdoba,14098,3838
2019,Córdoba,14,Córdoba,14105,768
2019,Córdoba,14,Córdoba,14112,235
2019,Córdoba,14,Córdoba,14119,1499
2019,Córdoba,14,Córdoba,14126,577
2019,Córdoba,14,Córdoba,14133,851
2019,Córdoba,14,Córdoba,14140,3032
2019,Córdoba,14,Córdoba,14147,1866
2019,Córdoba,14,Córdoba,14154,57
2019,Córdoba,14,Córdoba,14161,1594
2019,Córdoba,14,Córdoba,14168,322
2019,Córdoba,14,Córdoba,14175,191
2019,Córdoba,14,Córdoba,14182,1537
2019,Corrientes,18,Corrientes,18007,707
2019,Corrientes,18,Corrientes,18014,33
2019,Corrientes,18,Corrientes,18021,6028
2019,Corrientes,18,Corrientes,18028,410
2019,Corrientes,18,Corrientes,18035,803
2019,Corrientes,18,Corrientes,18042,258
2019,Corrientes,18,Corrientes,18049,605
2019,Corrientes,18,Corrientes,18056,142
2019,Corrientes,18,Corrientes,18063,239
2019,Corrientes,18,Corrientes,18070,1492
2019,Corrientes,18,Corrientes,18077,187
2019,Corrientes,18,Corrientes,18084,616
2019,Corrientes,18,Corrientes,18091,689
2019,Corrientes,18,Corrientes,18098,172
2019,Corrientes,18,Corrientes,18105,870
2019,Corrientes,18,Corrientes,18112,594
2019,Corrientes,18,Corrientes,18119,1028
2019,Corrientes,18,Corrientes,18126,450
2019,Corrientes,18,Corrientes,18133,261
2019,Corrientes,18,Corrientes,18140,305
2019,Corrientes,18,Corrientes,18147,276
2019,Corrientes,18,Corrientes,18154,215
2019,Corrientes,18,Corrientes,18161,330
2019,Corrientes,18,Corrientes,18168,1259
2019,Corrientes,18,Corrientes,18175,147
2019,Entre Ríos,30,Entre Ríos,30008,877
2019,Entre Ríos,30,Entre Ríos,30015,3136
2019,Entre Ríos,30,Entre Ríos,30021,606
2019,Entre Ríos,30,Entre Ríos,30028,1209
2019,Entre Ríos,30,Entre Ríos,30035,440
2019,Entre Ríos,30,Entre Ríos,30042,265
2019,Entre Ríos,30,Entre Ríos,30049,855
2019,Entre Ríos,30,Entre Ríos,30056,1515
2019,Entre Ríos,30,Entre Ríos,30063,208
2019,Entre Ríos,30,Entre Ríos,30070,1106
2019,Entre Ríos,30,Entre Ríos,30077,536
2019,Entre Ríos,30,Entre Ríos,30084,4812
2019,Entre Ríos,30,Entre Ríos,30088,289
2019,Entre Ríos,30,Entre Ríos,30091,362
2019,Entre Ríos,30,Entre Ríos,30098,1402
2019,Entre Ríos,30,Entre Ríos,30105,509
2019,Entre Ríos,30,Entre Ríos,30113,791
2019,Formosa,34,Formosa,34007,354
2019,Formosa,34,Formosa,34014,4107
2019,Formosa,34,Formosa,34021,283
2019,Formosa,34,Formosa,34028,397
2019,Formosa,34,Formosa,34035,1471
2019,Formosa,34,Formosa,34042,335
2019,Formosa,34,Formosa,34049,1631
2019,Formosa,34,Formosa,34056,1176
2019,Formosa,34,Formosa,34063,469
2019,Jujuy,38,Jujuy,38007,257
2019,Jujuy,38,Jujuy,38021,3505
2019,Jujuy,38,Jujuy,38014,1732
2019,Jujuy,38,Jujuy,38028,240
2019,Jujuy,38,Jujuy,38035,1363
2019,Jujuy,38,Jujuy,38042,756
2019,Jujuy,38,Jujuy,38049,32
2019,Jujuy,38,Jujuy,38056,85
2019,Jujuy,38,Jujuy,38063,1171
2019,Jujuy,38,Jujuy,38070,283
2019,Jujuy,38,Jujuy,38077,53
2019,Jujuy,38,Jujuy,38084,88
2019,Jujuy,38,Jujuy,38094,170
2019,Jujuy,38,Jujuy,38098,81
2019,Jujuy,38,Jujuy,38105,31
2019,Jujuy,38,Jujuy,38112,383
2019,La Pampa,42,La Pampa,42007,110
2019,La Pampa,42,La Pampa,42014,19
2019,La Pampa,42,La Pampa,42021,1385
2019,La Pampa,42,La Pampa,42028,100
2019,La Pampa,42,La Pampa,42049,35
2019,La Pampa,42,La Pampa,42056,169
2019,La Pampa,42,La Pampa,42063,19
2019,La Pampa,42,La Pampa,42035,147
2019,La Pampa,42,La Pampa,42042,10
2019,La Pampa,42,La Pampa,42070,143
2019,La Pampa,42,La Pampa,42077,78
2019,La Pampa,42,La Pampa,42084,2
2019,La Pampa,42,La Pampa,42091,6
2019,La Pampa,42,La Pampa,42098,104
2019,La Pampa,42,La Pampa,42105,884
2019,La Pampa,42,La Pampa,42112,177
2019,La Pampa,42,La Pampa,42119,74
2019,La Pampa,42,La Pampa,42126,119
2019,La Pampa,42,La Pampa,42133,216
2019,La Pampa,42,La Pampa,42140,225
2019,La Pampa,42,La Pampa,42147,72
2019,La Pampa,42,La Pampa,42154,216
2019,La Rioja,46,La Rioja,46007,256
2019,La Rioja,46,La Rioja,46014,3011
2019,La Rioja,46,La Rioja,46021,33
2019,La Rioja,46,La Rioja,46035,205
2019,La Rioja,46,La Rioja,46042,841
2019,La Rioja,46,La Rioja,46028,117
2019,La Rioja,46,La Rioja,46049,70
2019,La Rioja,46,La Rioja,46056,29
2019,La Rioja,46,La Rioja,46063,123
2019,La Rioja,46,La Rioja,46070,56
2019,La Rioja,46,La Rioja,46077,22
2019,La Rioja,46,La Rioja,46084,85
2019,La Rioja,46,La Rioja,46091,64
2019,La Rioja,46,La Rioja,46105,36
2019,La Rioja,46,La Rioja,46112,215
2019,La Rioja,46,La Rioja,46119,37
2019,La Rioja,46,La Rioja,46126,38
2019,La Rioja,46,La Rioja,46098,31
2019,Mendoza,50,Mendoza,50007,1511
2019,Mendoza,50,Mendoza,50014,648
2019,Mendoza,50,Mendoza,50021,2384
2019,Mendoza,50,Mendoza,50028,4390
2019,Mendoza,50,Mendoza,50035,611
2019,Mendoza,50,Mendoza,50042,147
2019,Mendoza,50,Mendoza,50049,3155
2019,Mendoza,50,Mendoza,50056,772
2019,Mendoza,50,Mendoza,50063,2072
2019,Mendoza,50,Mendoza,50070,2988
2019,Mendoza,50,Mendoza,50077,421
2019,Mendoza,50,Mendoza,50084,847
2019,Mendoza,50,Mendoza,50091,575
2019,Mendoza,50,Mendoza,50098,1780
2019,Mendoza,50,Mendoza,50105,2735
2019,Mendoza,50,Mendoza,50112,300
2019,Mendoza,50,Mendoza,50119,910
2019,Mendoza,50,Mendoza,50126,664
2019,Misiones,54,Misiones,54119,521
2019,Misiones,54,Misiones,54007,878
2019,Misiones,54,Misiones,54014,1147
2019,Misiones,54,Misiones,54021,588
2019,Misiones,54,Misiones,54028,6247
2019,Misiones,54,Misiones,54035,179
2019,Misiones,54,Misiones,54042,1648
2019,Misiones,54,Misiones,54049,1137
2019,Misiones,54,Misiones,54056,1632
2019,Misiones,54,Misiones,54063,2082
2019,Misiones,54,Misiones,54070,803
2019,Misiones,54,Misiones,54077,895
2019,Misiones,54,Misiones,54084,700
2019,Misiones,54,Misiones,54091,2188
2019,Misiones,54,Misiones,54098,1154
2019,Misiones,54,Misiones,54105,401
2019,Misiones,54,Misiones,54112,771
2019,Neuquén,58,Neuquén,58007,145
2019,Neuquén,58,Neuquén,58014,286
2019,Neuquén,58,Neuquén,58021,21
2019,Neuquén,58,Neuquén,58042,192
2019,Neuquén,58,Neuquén,58028,40
2019,Neuquén,58,Neuquén,58035,6393
2019,Neuquén,58,Neuquén,58049,268
2019,Neuquén,58,Neuquén,58056,478
2019,Neuquén,58,Neuquén,58063,102
2019,Neuquén,58,Neuquén,58070,190
2019,Neuquén,58,Neuquén,58077,102
2019,Neuquén,58,Neuquén,58091,491
2019,Neuquén,58,Neuquén,58098,60
2019,Neuquén,58,Neuquén,58105,101
2019,Neuquén,58,Neuquén,58112,574
2019,Neuquén,58,Neuquén,58084,63
2019,Río Negro,62,Río Negro,62091,163
2019,Río Negro,62,Río Negro,62049,30
2019,Río Negro,62,Río Negro,62007,889
2019,Río Negro,62,Río Negro,62014,592
2019,Río Negro,62,Río Negro,62021,1910
2019,Río Negro,62,Río Negro,62028,101
2019,Río Negro,62,Río Negro,62035,29
2019,Río Negro,62,Río Negro,62042,5152
2019,Río Negro,62,Río Negro,62063,226
2019,Río Negro,62,Río Negro,62070,101
2019,Río Negro,62,Río Negro,62077,475
2019,Río Negro,62,Río Negro,62084,54
2019,Río Negro,62,Río Negro,62056,14
2019,Salta,66,Salta,66007,1151
2019,Salta,66,Salta,66014,127
2019,Salta,66,Salta,66021,272
2019,Salta,66,Salta,66028,8455
2019,Salta,66,Salta,66035,849
2019,Salta,66,Salta,66042,308
2019,Salta,66,Salta,66049,823
2019,Salta,66,Salta,66056,3651
2019,Salta,66,Salta,66063,47
2019,Salta,66,Salta,66070,102
2019,Salta,66,Salta,66077,179
2019,Salta,66,Salta,66084,83
2019,Salta,66,Salta,66091,22
2019,Salta,66,Salta,66098,116
2019,Salta,66,Salta,66105,167
2019,Salta,66,Salta,66112,716
2019,Salta,66,Salta,66119,89
2019,Salta,66,Salta,66126,3007
2019,Salta,66,Salta,66133,990
2019,Salta,66,Salta,66140,506
2019,Salta,66,Salta,66147,723
2019,Salta,66,Salta,66154,111
2019,Salta,66,Salta,66161,139
2019,San Juan,70,San Juan,70126,384
2019,San Juan,70,San Juan,70063,210
2019,San Juan,70,San Juan,70007,483
2019,San Juan,70,San Juan,70014,162
2019,San Juan,70,San Juan,70021,162
2019,San Juan,70,San Juan,70028,1401
2019,San Juan,70,San Juan,70035,745
2019,San Juan,70,San Juan,70042,1684
2019,San Juan,70,San Juan,70049,133
2019,San Juan,70,San Juan,70056,382
2019,San Juan,70,San Juan,70070,1249
2019,San Juan,70,San Juan,70077,2055
2019,San Juan,70,San Juan,70084,1354
2019,San Juan,70,San Juan,70091,255
2019,San Juan,70,San Juan,70098,907
2019,San Juan,70,San Juan,70105,523
2019,San Juan,70,San Juan,70112,91
2019,San Juan,70,San Juan,70119,112
2019,San Juan,70,San Juan,70133,89
2019,San Luis,74,San Luis,74007,294
2019,San Luis,74,San Luis,74014,54
2019,San Luis,74,San Luis,74028,255
2019,San Luis,74,San Luis,74021,186
2019,San Luis,74,San Luis,74035,1970
2019,San Luis,74,San Luis,74042,178
2019,San Luis,74,San Luis,74056,3217
2019,San Luis,74,San Luis,74049,421
2019,San Luis,74,San Luis,74063,44
2019,Santa Cruz,78,Santa Cruz,78007,207
2019,Santa Cruz,78,Santa Cruz,78014,1947
2019,Santa Cruz,78,Santa Cruz,78021,1788
2019,Santa Cruz,78,Santa Cruz,78028,315
2019,Santa Cruz,78,Santa Cruz,78035,174
2019,Santa Cruz,78,Santa Cruz,78042,175
2019,Santa Cruz,78,Santa Cruz,78049,91
2019,Santa Fe,82,Santa Fe,82077,529
2019,Santa Fe,82,Santa Fe,82007,558
2019,Santa Fe,82,Santa Fe,82014,1020
2019,Santa Fe,82,Santa Fe,82021,2459
2019,Santa Fe,82,Santa Fe,82028,1072
2019,Santa Fe,82,Santa Fe,82035,402
2019,Santa Fe,82,Santa Fe,82042,2439
2019,Santa Fe,82,Santa Fe,82049,2956
2019,Santa Fe,82,Santa Fe,82056,882
2019,Santa Fe,82,Santa Fe,82063,7770
2019,Santa Fe,82,Santa Fe,82070,1289
2019,Santa Fe,82,Santa Fe,82084,17408
2019,Santa Fe,82,Santa Fe,82091,982
2019,Santa Fe,82,Santa Fe,82098,551
2019,Santa Fe,82,Santa Fe,82105,1075
2019,Santa Fe,82,Santa Fe,82112,677
2019,Santa Fe,82,Santa Fe,82119,2697
2019,Santa Fe,82,Santa Fe,82126,807
2019,Santa Fe,82,Santa Fe,82133,824
2019,Santiago del Estero,86,Santiago del Estero,86007,137
2019,Santiago del Estero,86,Santiago del Estero,86014,400
2019,Santiago del Estero,86,Santiago del Estero,86021,244
2019,Santiago del Estero,86,Santiago del Estero,86028,436
2019,Santiago del Estero,86,Santiago del Estero,86035,3108
2019,Santiago del Estero,86,Santiago del Estero,86042,168
2019,Santiago del Estero,86,Santiago del Estero,86049,4897
2019,Santiago del Estero,86,Santiago del Estero,86063,608
2019,Santiago del Estero,86,Santiago del Estero,86056,696
2019,Santiago del Estero,86,Santiago del Estero,86070,341
2019,Santiago del Estero,86,Santiago del Estero,86077,970
2019,Santiago del Estero,86,Santiago del Estero,86084,136
2019,Santiago del Estero,86,Santiago del Estero,86091,295
2019,Santiago del Estero,86,Santiago del Estero,86098,368
2019,Santiago del Estero,86,Santiago del Estero,86105,366
2019,Santiago del Estero,86,Santiago del Estero,86112,15
2019,Santiago del Estero,86,Santiago del Estero,86119,768
2019,Santiago del Estero,86,Santiago del Estero,86126,256
2019,Santiago del Estero,86,Santiago del Estero,86133,416
2019,Santiago del Estero,86,Santiago del Estero,86140,181
2019,Santiago del Estero,86,Santiago del Estero,86147,1208
2019,Santiago del Estero,86,Santiago del Estero,86154,65
2019,Santiago del Estero,86,Santiago del Estero,86161,1003
2019,Santiago del Estero,86,Santiago del Estero,86168,235
2019,Santiago del Estero,86,Santiago del Estero,86175,185
2019,Santiago del Estero,86,Santiago del Estero,86182,82
2019,Santiago del Estero,86,Santiago del Estero,86189,158
2019,Tierra del Fuego,94,Tierra del Fuego,94008,1321
2019,Tierra del Fuego,94,Tierra del Fuego,94015,944
2019,Tucumán,90,Tucumán,90007,697
2019,Tucumán,90,Tucumán,90084,8571
2019,Tucumán,90,Tucumán,90021,1310
2019,Tucumán,90,Tucumán,90014,3682
2019,Tucumán,90,Tucumán,90028,683
2019,Tucumán,90,Tucumán,90035,191
2019,Tucumán,90,Tucumán,90042,509
2019,Tucumán,90,Tucumán,90049,337
2019,Tucumán,90,Tucumán,90056,826
2019,Tucumán,90,Tucumán,90063,1192
2019,Tucumán,90,Tucumán,90070,1061
2019,Tucumán,90,Tucumán,90077,980
2019,Tucumán,90,Tucumán,90091,484
2019,Tucumán,90,Tucumán,90098,235
2019,Tucumán,90,Tucumán,90105,2304
2019,Tucumán,90,Tucumán,90112,341
2019,Tucumán,90,Tucumán,90119,1342
2020,Buenos Aires,6,Buenos Aires,06854,425
2020,Buenos Aires,6,Buenos Aires,06588,551
2020,Buenos Aires,6,Buenos Aires,06007,189
2020,Buenos Aires,6,Buenos Aires,06014,147
2020,Buenos Aires,6,Buenos Aires,06021,123
2020,Buenos Aires,6,Buenos Aires,06028,7290
2020,Buenos Aires,6,Buenos Aires,06077,427
2020,Buenos Aires,6,Buenos Aires,06035,3881
2020,Buenos Aires,6,Buenos Aires,06042,256
2020,Buenos Aires,6,Buenos Aires,06049,770
2020,Buenos Aires,6,Buenos Aires,06056,3433
2020,Buenos Aires,6,Buenos Aires,06063,583
2020,Buenos Aires,6,Buenos Aires,06070,521
2020,Buenos Aires,6,Buenos Aires,06084,241
2020,Buenos Aires,6,Buenos Aires,06091,4199
2020,Buenos Aires,6,Buenos Aires,06098,1260
2020,Buenos Aires,6,Buenos Aires,06105,423
2020,Buenos Aires,6,Buenos Aires,06112,490
2020,Buenos Aires,6,Buenos Aires,06119,417
2020,Buenos Aires,6,Buenos Aires,06126,1366
2020,Buenos Aires,6,Buenos Aires,06140,196
2020,Buenos Aires,6,Buenos Aires,06147,233
2020,Buenos Aires,6,Buenos Aires,06154,125
2020,Buenos Aires,6,Buenos Aires,06161,211
2020,Buenos Aires,6,Buenos Aires,06168,119
2020,Buenos Aires,6,Buenos Aires,06134,988
2020,Buenos Aires,6,Buenos Aires,06210,547
2020,Buenos Aires,6,Buenos Aires,06218,456
2020,Buenos Aires,6,Buenos Aires,06224,763
2020,Buenos Aires,6,Buenos Aires,06175,259
2020,Buenos Aires,6,Buenos Aires,06182,652
2020,Buenos Aires,6,Buenos Aires,06189,155
2020,Buenos Aires,6,Buenos Aires,06196,273
2020,Buenos Aires,6,Buenos Aires,06203,413
2020,Buenos Aires,6,Buenos Aires,06231,201
2020,Buenos Aires,6,Buenos Aires,06238,388
2020,Buenos Aires,6,Buenos Aires,06245,802
2020,Buenos Aires,6,Buenos Aires,06252,3640
2020,Buenos Aires,6,Buenos Aires,06260,4711
2020,Buenos Aires,6,Buenos Aires,06266,535
2020,Buenos Aires,6,Buenos Aires,06270,2829
2020,Buenos Aires,6,Buenos Aires,06274,7363
2020,Buenos Aires,6,Buenos Aires,06277,124
2020,Buenos Aires,6,Buenos Aires,06280,568
2020,Buenos Aires,6,Buenos Aires,06287,127
2020,Buenos Aires,6,Buenos Aires,06294,176
2020,Buenos Aires,6,Buenos Aires,06301,246
2020,Buenos Aires,6,Buenos Aires,06308,23
2020,Buenos Aires,6,Buenos Aires,06315,235
2020,Buenos Aires,6,Buenos Aires,06322,133
2020,Buenos Aires,6,Buenos Aires,06329,186
2020,Buenos Aires,6,Buenos Aires,06336,52
2020,Buenos Aires,6,Buenos Aires,06343,151
2020,Buenos Aires,6,Buenos Aires,06351,165
2020,Buenos Aires,6,Buenos Aires,06357,6815
2020,Buenos Aires,6,Buenos Aires,06364,2313
2020,Buenos Aires,6,Buenos Aires,06371,4376
2020,Buenos Aires,6,Buenos Aires,06385,193
2020,Buenos Aires,6,Buenos Aires,06392,405
2020,Buenos Aires,6,Buenos Aires,06399,110
2020,Buenos Aires,6,Buenos Aires,06406,103
2020,Buenos Aires,6,Buenos Aires,06408,1811
2020,Buenos Aires,6,Buenos Aires,06410,1631
2020,Buenos Aires,6,Buenos Aires,06412,4911
2020,Buenos Aires,6,Buenos Aires,06413,1186
2020,Buenos Aires,6,Buenos Aires,06420,1080
2020,Buenos Aires,6,Buenos Aires,06427,19853
2020,Buenos Aires,6,Buenos Aires,06441,9519
2020,Buenos Aires,6,Buenos Aires,06434,4739
2020,Buenos Aires,6,Buenos Aires,06448,133
2020,Buenos Aires,6,Buenos Aires,06455,295
2020,Buenos Aires,6,Buenos Aires,06462,228
2020,Buenos Aires,6,Buenos Aires,06466,55
2020,Buenos Aires,6,Buenos Aires,06469,576
2020,Buenos Aires,6,Buenos Aires,06476,204
2020,Buenos Aires,6,Buenos Aires,06483,495
2020,Buenos Aires,6,Buenos Aires,06490,9163
2020,Buenos Aires,6,Buenos Aires,06497,1382
2020,Buenos Aires,6,Buenos Aires,06505,248
2020,Buenos Aires,6,Buenos Aires,06511,111
2020,Buenos Aires,6,Buenos Aires,06515,4383
2020,Buenos Aires,6,Buenos Aires,06518,363
2020,Buenos Aires,6,Buenos Aires,06525,966
2020,Buenos Aires,6,Buenos Aires,06532,772
2020,Buenos Aires,6,Buenos Aires,06539,7794
2020,Buenos Aires,6,Buenos Aires,06547,291
2020,Buenos Aires,6,Buenos Aires,06553,92
2020,Buenos Aires,6,Buenos Aires,06560,7648
2020,Buenos Aires,6,Buenos Aires,06568,2980
2020,Buenos Aires,6,Buenos Aires,06574,251
2020,Buenos Aires,6,Buenos Aires,06581,1066
2020,Buenos Aires,6,Buenos Aires,06595,1315
2020,Buenos Aires,6,Buenos Aires,06602,380
2020,Buenos Aires,6,Buenos Aires,06609,570
2020,Buenos Aires,6,Buenos Aires,06616,86
2020,Buenos Aires,6,Buenos Aires,06623,1217
2020,Buenos Aires,6,Buenos Aires,06630,43
2020,Buenos Aires,6,Buenos Aires,06638,5934
2020,Buenos Aires,6,Buenos Aires,06644,461
2020,Buenos Aires,6,Buenos Aires,06648,1729
2020,Buenos Aires,6,Buenos Aires,06651,160
2020,Buenos Aires,6,Buenos Aires,06655,111
2020,Buenos Aires,6,Buenos Aires,06658,7642
2020,Buenos Aires,6,Buenos Aires,06665,513
2020,Buenos Aires,6,Buenos Aires,06672,172
2020,Buenos Aires,6,Buenos Aires,06679,253
2020,Buenos Aires,6,Buenos Aires,06686,281
2020,Buenos Aires,6,Buenos Aires,06693,158
2020,Buenos Aires,6,Buenos Aires,06700,213
2020,Buenos Aires,6,Buenos Aires,06707,428
2020,Buenos Aires,6,Buenos Aires,06721,102
2020,Buenos Aires,6,Buenos Aires,06714,469
2020,Buenos Aires,6,Buenos Aires,06728,292
2020,Buenos Aires,6,Buenos Aires,06735,308
2020,Buenos Aires,6,Buenos Aires,06742,89
2020,Buenos Aires,6,Buenos Aires,06749,1847
2020,Buenos Aires,6,Buenos Aires,06756,3194
2020,Buenos Aires,6,Buenos Aires,06760,4166
2020,Buenos Aires,6,Buenos Aires,06763,1981
2020,Buenos Aires,6,Buenos Aires,06770,1007
2020,Buenos Aires,6,Buenos Aires,06778,1437
2020,Buenos Aires,6,Buenos Aires,06784,130
2020,Buenos Aires,6,Buenos Aires,06791,1406
2020,Buenos Aires,6,Buenos Aires,06798,121
2020,Buenos Aires,6,Buenos Aires,06805,5376
2020,Buenos Aires,6,Buenos Aires,06812,47
2020,Buenos Aires,6,Buenos Aires,06819,167
2020,Buenos Aires,6,Buenos Aires,06826,578
2020,Buenos Aires,6,Buenos Aires,06833,637
2020,Buenos Aires,6,Buenos Aires,06840,3485
2020,Buenos Aires,6,Buenos Aires,06847,71
2020,Buenos Aires,6,Buenos Aires,06861,2215
2020,Buenos Aires,6,Buenos Aires,06868,458
2020,Buenos Aires,6,Buenos Aires,06875,469
2020,Buenos Aires,6,Buenos Aires,06882,1603
2020,Catamarca,10,Catamarca,10007,57
2020,Catamarca,10,Catamarca,10014,32
2020,Catamarca,10,Catamarca,10021,224
2020,Catamarca,10,Catamarca,10028,29
2020,Catamarca,10,Catamarca,10035,341
2020,Catamarca,10,Catamarca,10042,245
2020,Catamarca,10,Catamarca,10049,2216
2020,Catamarca,10,Catamarca,10056,50
2020,Catamarca,10,Catamarca,10063,158
2020,Catamarca,10,Catamarca,10070,363
2020,Catamarca,10,Catamarca,10077,42
2020,Catamarca,10,Catamarca,10084,135
2020,Catamarca,10,Catamarca,10091,302
2020,Catamarca,10,Catamarca,10098,200
2020,Catamarca,10,Catamarca,10105,285
2020,Catamarca,10,Catamarca,10112,392
2020,Chaco,22,Chaco,22036,461
2020,Chaco,22,Chaco,22126,238
2020,Chaco,22,Chaco,22039,128
2020,Chaco,22,Chaco,22168,546
2020,Chaco,22,Chaco,22105,567
2020,Chaco,22,Chaco,22007,760
2020,Chaco,22,Chaco,22014,450
2020,Chaco,22,Chaco,22028,550
2020,Chaco,22,Chaco,22021,1692
2020,Chaco,22,Chaco,22043,196
2020,Chaco,22,Chaco,22049,249
2020,Chaco,22,Chaco,22056,187
2020,Chaco,22,Chaco,22063,1765
2020,Chaco,22,Chaco,22070,466
2020,Chaco,22,Chaco,22077,206
2020,Chaco,22,Chaco,22084,1209
2020,Chaco,22,Chaco,22091,506
2020,Chaco,22,Chaco,22098,1084
2020,Chaco,22,Chaco,22112,349
2020,Chaco,22,Chaco,22119,256
2020,Chaco,22,Chaco,22133,710
2020,Chaco,22,Chaco,22140,5953
2020,Chaco,22,Chaco,22147,312
2020,Chaco,22,Chaco,22154,307
2020,Chaco,22,Chaco,22161,62
2020,Chubut,26,Chubut,26007,1209
2020,Chubut,26,Chubut,26014,283
2020,Chubut,26,Chubut,26021,2712
2020,Chubut,26,Chubut,26028,20
2020,Chubut,26,Chubut,26035,496
2020,Chubut,26,Chubut,26042,152
2020,Chubut,26,Chubut,26049,9
2020,Chubut,26,Chubut,26056,28
2020,Chubut,26,Chubut,26063,8
2020,Chubut,26,Chubut,26070,18
2020,Chubut,26,Chubut,26077,1727
2020,Chubut,26,Chubut,26084,79
2020,Chubut,26,Chubut,26091,190
2020,Chubut,26,Chubut,26098,66
2020,Chubut,26,Chubut,26105,21
2020,Córdoba,14,Córdoba,14007,834
2020,Córdoba,14,Córdoba,14014,17234
2020,Córdoba,14,Córdoba,14021,3909
2020,Córdoba,14,Córdoba,14028,907
2020,Córdoba,14,Córdoba,14035,436
2020,Córdoba,14,Córdoba,14042,1959
2020,Córdoba,14,Córdoba,14049,503
2020,Córdoba,14,Córdoba,14056,874
2020,Córdoba,14,Córdoba,14063,1151
2020,Córdoba,14,Córdoba,14070,52
2020,Córdoba,14,Córdoba,14077,59
2020,Córdoba,14,Córdoba,14084,444
2020,Córdoba,14,Córdoba,14091,2436
2020,Córdoba,14,Córdoba,14098,3577
2020,Córdoba,14,Córdoba,14105,739
2020,Córdoba,14,Córdoba,14112,203
2020,Córdoba,14,Córdoba,14119,1482
2020,Córdoba,14,Córdoba,14126,553
2020,Córdoba,14,Córdoba,14133,812
2020,Córdoba,14,Córdoba,14140,2776
2020,Córdoba,14,Córdoba,14147,1764
2020,Córdoba,14,Córdoba,14154,65
2020,Córdoba,14,Córdoba,14161,1416
2020,Córdoba,14,Córdoba,14168,312
2020,Córdoba,14,Córdoba,14175,166
2020,Córdoba,14,Córdoba,14182,1359
2020,Corrientes,18,Corrientes,18007,670
2020,Corrientes,18,Corrientes,18014,30
2020,Corrientes,18,Corrientes,18021,5364
2020,Corrientes,18,Corrientes,18028,405
2020,Corrientes,18,Corrientes,18035,731
2020,Corrientes,18,Corrientes,18042,246
2020,Corrientes,18,Corrientes,18049,575
2020,Corrientes,18,Corrientes,18056,149
2020,Corrientes,18,Corrientes,18063,188
2020,Corrientes,18,Corrientes,18070,1446
2020,Corrientes,18,Corrientes,18077,164
2020,Corrientes,18,Corrientes,18084,593
2020,Corrientes,18,Corrientes,18091,671
2020,Corrientes,18,Corrientes,18098,175
2020,Corrientes,18,Corrientes,18105,773
2020,Corrientes,18,Corrientes,18112,562
2020,Corrientes,18,Corrientes,18119,1000
2020,Corrientes,18,Corrientes,18126,415
2020,Corrientes,18,Corrientes,18133,234
2020,Corrientes,18,Corrientes,18140,305
2020,Corrientes,18,Corrientes,18147,266
2020,Corrientes,18,Corrientes,18154,219
2020,Corrientes,18,Corrientes,18161,348
2020,Corrientes,18,Corrientes,18168,1267
2020,Corrientes,18,Corrientes,18175,144
2020,Entre Ríos,30,Entre Ríos,30008,855
2020,Entre Ríos,30,Entre Ríos,30015,2787
2020,Entre Ríos,30,Entre Ríos,30021,590
2020,Entre Ríos,30,Entre Ríos,30028,1126
2020,Entre Ríos,30,Entre Ríos,30035,383
2020,Entre Ríos,30,Entre Ríos,30042,214
2020,Entre Ríos,30,Entre Ríos,30049,780
2020,Entre Ríos,30,Entre Ríos,30056,1309
2020,Entre Ríos,30,Entre Ríos,30063,195
2020,Entre Ríos,30,Entre Ríos,30070,990
2020,Entre Ríos,30,Entre Ríos,30077,478
2020,Entre Ríos,30,Entre Ríos,30084,4280
2020,Entre Ríos,30,Entre Ríos,30088,275
2020,Entre Ríos,30,Entre Ríos,30091,360
2020,Entre Ríos,30,Entre Ríos,30098,1300
2020,Entre Ríos,30,Entre Ríos,30105,461
2020,Entre Ríos,30,Entre Ríos,30113,766
2020,Formosa,34,Formosa,34007,315
2020,Formosa,34,Formosa,34014,3572
2020,Formosa,34,Formosa,34021,246
2020,Formosa,34,Formosa,34028,391
2020,Formosa,34,Formosa,34035,1318
2020,Formosa,34,Formosa,34042,326
2020,Formosa,34,Formosa,34049,1526
2020,Formosa,34,Formosa,34056,1019
2020,Formosa,34,Formosa,34063,456
2020,Jujuy,38,Jujuy,38007,194
2020,Jujuy,38,Jujuy,38021,3166
2020,Jujuy,38,Jujuy,38014,1566
2020,Jujuy,38,Jujuy,38028,212
2020,Jujuy,38,Jujuy,38035,1211
2020,Jujuy,38,Jujuy,38042,643
2020,Jujuy,38,Jujuy,38049,24
2020,Jujuy,38,Jujuy,38056,68
2020,Jujuy,38,Jujuy,38063,1013
2020,Jujuy,38,Jujuy,38070,283
2020,Jujuy,38,Jujuy,38077,36
2020,Jujuy,38,Jujuy,38084,65
2020,Jujuy,38,Jujuy,38094,158
2020,Jujuy,38,Jujuy,38098,72
2020,Jujuy,38,Jujuy,38105,38
2020,Jujuy,38,Jujuy,38112,342
2020,La Pampa,42,La Pampa,42007,118
2020,La Pampa,42,La Pampa,42014,13
2020,La Pampa,42,La Pampa,42021,1283
2020,La Pampa,42,La Pampa,42028,94
2020,La Pampa,42,La Pampa,42049,24
2020,La Pampa,42,La Pampa,42056,168
2020,La Pampa,42,La Pampa,42063,11
2020,La Pampa,42,La Pampa,42035,129
2020,La Pampa,42,La Pampa,42042,17
2020,La Pampa,42,La Pampa,42070,117
2020,La Pampa,42,La Pampa,42077,55
2020,La Pampa,42,La Pampa,42084,5
2020,La Pampa,42,La Pampa,42091,3
2020,La Pampa,42,La Pampa,42098,98
2020,La Pampa,42,La Pampa,42105,828
2020,La Pampa,42,La Pampa,42112,176
2020,La Pampa,42,La Pampa,42119,98
2020,La Pampa,42,La Pampa,42126,117
2020,La Pampa,42,La Pampa,42133,187
2020,La Pampa,42,La Pampa,42140,201
2020,La Pampa,42,La Pampa,42147,71
2020,La Pampa,42,La Pampa,42154,196
2020,La Rioja,46,La Rioja,46007,222
2020,La Rioja,46,La Rioja,46014,2692
2020,La Rioja,46,La Rioja,46021,44
2020,La Rioja,46,La Rioja,46035,192
2020,La Rioja,46,La Rioja,46042,763
2020,La Rioja,46,La Rioja,46028,107
2020,La Rioja,46,La Rioja,46049,71
2020,La Rioja,46,La Rioja,46056,42
2020,La Rioja,46,La Rioja,46063,108
2020,La Rioja,46,La Rioja,46070,43
2020,La Rioja,46,La Rioja,46077,21
2020,La Rioja,46,La Rioja,46084,76
2020,La Rioja,46,La Rioja,46091,69
2020,La Rioja,46,La Rioja,46105,43
2020,La Rioja,46,La Rioja,46112,183
2020,La Rioja,46,La Rioja,46119,59
2020,La Rioja,46,La Rioja,46126,29
2020,La Rioja,46,La Rioja,46098,35
2020,Mendoza,50,Mendoza,50007,1366
2020,Mendoza,50,Mendoza,50014,570
2020,Mendoza,50,Mendoza,50021,2182
2020,Mendoza,50,Mendoza,50028,3700
2020,Mendoza,50,Mendoza,50035,538
2020,Mendoza,50,Mendoza,50042,162
2020,Mendoza,50,Mendoza,50049,2715
2020,Mendoza,50,Mendoza,50056,699
2020,Mendoza,50,Mendoza,50063,1902
2020,Mendoza,50,Mendoza,50070,2818
2020,Mendoza,50,Mendoza,50077,401
2020,Mendoza,50,Mendoza,50084,766
2020,Mendoza,50,Mendoza,50091,535
2020,Mendoza,50,Mendoza,50098,1715
2020,Mendoza,50,Mendoza,50105,2502
2020,Mendoza,50,Mendoza,50112,232
2020,Mendoza,50,Mendoza,50119,772
2020,Mendoza,50,Mendoza,50126,523
2020,Misiones,54,Misiones,54119,552
2020,Misiones,54,Misiones,54007,865
2020,Misiones,54,Misiones,54014,1174
2020,Misiones,54,Misiones,54021,588
2020,Misiones,54,Misiones,54028,5370
2020,Misiones,54,Misiones,54035,196
2020,Misiones,54,Misiones,54042,1513
2020,Misiones,54,Misiones,54049,1024
2020,Misiones,54,Misiones,54056,1546
2020,Misiones,54,Misiones,54063,1987
2020,Misiones,54,Misiones,54070,695
2020,Misiones,54,Misiones,54077,850
2020,Misiones,54,Misiones,54084,699
2020,Misiones,54,Misiones,54091,2002
2020,Misiones,54,Misiones,54098,1162
2020,Misiones,54,Misiones,54105,393
2020,Misiones,54,Misiones,54112,753
2020,Neuquén,58,Neuquén,58007,112
2020,Neuquén,58,Neuquén,58014,292
2020,Neuquén,58,Neuquén,58021,18
2020,Neuquén,58,Neuquén,58042,183
2020,Neuquén,58,Neuquén,58028,38
2020,Neuquén,58,Neuquén,58035,5751
2020,Neuquén,58,Neuquén,58049,191
2020,Neuquén,58,Neuquén,58056,380
2020,Neuquén,58,Neuquén,58063,93
2020,Neuquén,58,Neuquén,58070,152
2020,Neuquén,58,Neuquén,58077,87
2020,Neuquén,58,Neuquén,58091,397
2020,Neuquén,58,Neuquén,58098,67
2020,Neuquén,58,Neuquén,58105,99
2020,Neuquén,58,Neuquén,58112,451
2020,Neuquén,58,Neuquén,58084,43
2020,Río Negro,62,Río Negro,62091,171
2020,Río Negro,62,Río Negro,62049,39
2020,Río Negro,62,Río Negro,62007,804
2020,Río Negro,62,Río Negro,62014,528
2020,Río Negro,62,Río Negro,62021,1699
2020,Río Negro,62,Río Negro,62028,90
2020,Río Negro,62,Río Negro,62035,47
2020,Río Negro,62,Río Negro,62042,4705
2020,Río Negro,62,Río Negro,62063,197
2020,Río Negro,62,Río Negro,62070,80
2020,Río Negro,62,Río Negro,62077,454
2020,Río Negro,62,Río Negro,62084,76
2020,Río Negro,62,Río Negro,62056,13
2020,Salta,66,Salta,66007,1125
2020,Salta,66,Salta,66014,141
2020,Salta,66,Salta,66021,224
2020,Salta,66,Salta,66028,7127
2020,Salta,66,Salta,66035,731
2020,Salta,66,Salta,66042,326
2020,Salta,66,Salta,66049,705
2020,Salta,66,Salta,66056,3432
2020,Salta,66,Salta,66063,46
2020,Salta,66,Salta,66070,82
2020,Salta,66,Salta,66077,179
2020,Salta,66,Salta,66084,79
2020,Salta,66,Salta,66091,25
2020,Salta,66,Salta,66098,111
2020,Salta,66,Salta,66105,168
2020,Salta,66,Salta,66112,579
2020,Salta,66,Salta,66119,74
2020,Salta,66,Salta,66126,2745
2020,Salta,66,Salta,66133,1021
2020,Salta,66,Salta,66140,461
2020,Salta,66,Salta,66147,658
2020,Salta,66,Salta,66154,100
2020,Salta,66,Salta,66161,143
2020,San Juan,70,San Juan,70126,365
2020,San Juan,70,San Juan,70063,186
2020,San Juan,70,San Juan,70007,443
2020,San Juan,70,San Juan,70014,156
2020,San Juan,70,San Juan,70021,167
2020,San Juan,70,San Juan,70028,1254
2020,San Juan,70,San Juan,70035,664
2020,San Juan,70,San Juan,70042,1528
2020,San Juan,70,San Juan,70049,120
2020,San Juan,70,San Juan,70056,322
2020,San Juan,70,San Juan,70070,1219
2020,San Juan,70,San Juan,70077,1842
2020,San Juan,70,San Juan,70084,1244
2020,San Juan,70,San Juan,70091,233
2020,San Juan,70,San Juan,70098,818
2020,San Juan,70,San Juan,70105,411
2020,San Juan,70,San Juan,70112,84
2020,San Juan,70,San Juan,70119,107
2020,San Juan,70,San Juan,70133,102
2020,San Luis,74,San Luis,74007,302
2020,San Luis,74,San Luis,74014,62
2020,San Luis,74,San Luis,74028,253
2020,San Luis,74,San Luis,74021,187
2020,San Luis,74,San Luis,74035,1821
2020,San Luis,74,San Luis,74042,196
2020,San Luis,74,San Luis,74056,2931
2020,San Luis,74,San Luis,74049,420
2020,San Luis,74,San Luis,74063,43
2020,Santa Cruz,78,Santa Cruz,78007,202
2020,Santa Cruz,78,Santa Cruz,78014,1745
2020,Santa Cruz,78,Santa Cruz,78021,1548
2020,Santa Cruz,78,Santa Cruz,78028,309
2020,Santa Cruz,78,Santa Cruz,78035,192
2020,Santa Cruz,78,Santa Cruz,78042,169
2020,Santa Cruz,78,Santa Cruz,78049,94
2020,Santa Fe,82,Santa Fe,82077,434
2020,Santa Fe,82,Santa Fe,82007,529
2020,Santa Fe,82,Santa Fe,82014,875
2020,Santa Fe,82,Santa Fe,82021,2203
2020,Santa Fe,82,Santa Fe,82028,1026
2020,Santa Fe,82,Santa Fe,82035,369
2020,Santa Fe,82,Santa Fe,82042,2311
2020,Santa Fe,82,Santa Fe,82049,2690
2020,Santa Fe,82,Santa Fe,82056,830
2020,Santa Fe,82,Santa Fe,82063,6884
2020,Santa Fe,82,Santa Fe,82070,1229
2020,Santa Fe,82,Santa Fe,82084,15761
2020,Santa Fe,82,Santa Fe,82091,909
2020,Santa Fe,82,Santa Fe,82098,463
2020,Santa Fe,82,Santa Fe,82105,984
2020,Santa Fe,82,Santa Fe,82112,582
2020,Santa Fe,82,Santa Fe,82119,2471
2020,Santa Fe,82,Santa Fe,82126,807
2020,Santa Fe,82,Santa Fe,82133,815
2020,Santiago del Estero,86,Santiago del Estero,86007,122
2020,Santiago del Estero,86,Santiago del Estero,86014,383
2020,Santiago del Estero,86,Santiago del Estero,86021,215
2020,Santiago del Estero,86,Santiago del Estero,86028,412
2020,Santiago del Estero,86,Santiago del Estero,86035,2539
2020,Santiago del Estero,86,Santiago del Estero,86042,148
2020,Santiago del Estero,86,Santiago del Estero,86049,4044
2020,Santiago del Estero,86,Santiago del Estero,86063,502
2020,Santiago del Estero,86,Santiago del Estero,86056,690
2020,Santiago del Estero,86,Santiago del Estero,86070,307
2020,Santiago del Estero,86,Santiago del Estero,86077,898
2020,Santiago del Estero,86,Santiago del Estero,86084,137
2020,Santiago del Estero,86,Santiago del Estero,86091,277
2020,Santiago del Estero,86,Santiago del Estero,86098,332
2020,Santiago del Estero,86,Santiago del Estero,86105,383
2020,Santiago del Estero,86,Santiago del Estero,86112,12
2020,Santiago del Estero,86,Santiago del Estero,86119,704
2020,Santiago del Estero,86,Santiago del Estero,86126,239
2020,Santiago del Estero,86,Santiago del Estero,86133,386
2020,Santiago del Estero,86,Santiago del Estero,86140,168
2020,Santiago del Estero,86,Santiago del Estero,86147,1097
2020,Santiago del Estero,86,Santiago del Estero,86154,70
2020,Santiago del Estero,86,Santiago del Estero,86161,862
2020,Santiago del Estero,86,Santiago del Estero,86168,189
2020,Santiago del Estero,86,Santiago del Estero,86175,182
2020,Santiago del Estero,86,Santiago del Estero,86182,84
2020,Santiago del Estero,86,Santiago del Estero,86189,124
2020,Tierra del Fuego,94,Tierra del Fuego,94008,1063
2020,Tierra del Fuego,94,Tierra del Fuego,94015,784
2020,Tucumán,90,Tucumán,90007,644
2020,Tucumán,90,Tucumán,90084,7376
2020,Tucumán,90,Tucumán,90021,1147
2020,Tucumán,90,Tucumán,90014,3216
2020,Tucumán,90,Tucumán,90028,593
2020,Tucumán,90,Tucumán,90035,207
2020,Tucumán,90,Tucumán,90042,450
2020,Tucumán,90,Tucumán,90049,289
2020,Tucumán,90,Tucumán,90056,786
2020,Tucumán,90,Tucumán,90063,1016
2020,Tucumán,90,Tucumán,90070,982
2020,Tucumán,90,Tucumán,90077,836
2020,Tucumán,90,Tucumán,90091,437
2020,Tucumán,90,Tucumán,90098,229
2020,Tucumán,90,Tucumán,90105,2019
2020,Tucumán,90,Tucumán,90112,323
2020,Tucumán,90,Tucumán,90119,1291
2021,Buenos Aires,6,Buenos Aires,06854,433
2021,Buenos Aires,6,Buenos Aires,06588,489
2021,Buenos Aires,6,Buenos Aires,06007,164
2021,Buenos Aires,6,Buenos Aires,06014,126
2021,Buenos Aires,6,Buenos Aires,06021,101
2021,Buenos Aires,6,Buenos Aires,06028,6406
2021,Buenos Aires,6,Buenos Aires,06077,414
2021,Buenos Aires,6,Buenos Aires,06035,3339
2021,Buenos Aires,6,Buenos Aires,06042,214
2021,Buenos Aires,6,Buenos Aires,06049,666
2021,Buenos Aires,6,Buenos Aires,06056,3150
2021,Buenos Aires,6,Buenos Aires,06063,514
2021,Buenos Aires,6,Buenos Aires,06070,451
2021,Buenos Aires,6,Buenos Aires,06084,221
2021,Buenos Aires,6,Buenos Aires,06091,3667
2021,Buenos Aires,6,Buenos Aires,06098,1164
2021,Buenos Aires,6,Buenos Aires,06105,362
2021,Buenos Aires,6,Buenos Aires,06112,399
2021,Buenos Aires,6,Buenos Aires,06119,346
2021,Buenos Aires,6,Buenos Aires,06126,1243
2021,Buenos Aires,6,Buenos Aires,06140,172
2021,Buenos Aires,6,Buenos Aires,06147,255
2021,Buenos Aires,6,Buenos Aires,06154,124
2021,Buenos Aires,6,Buenos Aires,06161,198
2021,Buenos Aires,6,Buenos Aires,06168,95
2021,Buenos Aires,6,Buenos Aires,06134,852
2021,Buenos Aires,6,Buenos Aires,06210,543
2021,Buenos Aires,6,Buenos Aires,06218,425
2021,Buenos Aires,6,Buenos Aires,06224,665
2021,Buenos Aires,6,Buenos Aires,06175,276
2021,Buenos Aires,6,Buenos Aires,06182,524
2021,Buenos Aires,6,Buenos Aires,06189,164
2021,Buenos Aires,6,Buenos Aires,06196,238
2021,Buenos Aires,6,Buenos Aires,06203,407
2021,Buenos Aires,6,Buenos Aires,06231,204
2021,Buenos Aires,6,Buenos Aires,06238,337
2021,Buenos Aires,6,Buenos Aires,06245,781
2021,Buenos Aires,6,Buenos Aires,06252,3327
2021,Buenos Aires,6,Buenos Aires,06260,4249
2021,Buenos Aires,6,Buenos Aires,06266,530
2021,Buenos Aires,6,Buenos Aires,06270,2534
2021,Buenos Aires,6,Buenos Aires,06274,6632
2021,Buenos Aires,6,Buenos Aires,06277,97
2021,Buenos Aires,6,Buenos Aires,06280,512
2021,Buenos Aires,6,Buenos Aires,06287,85
2021,Buenos Aires,6,Buenos Aires,06294,177
2021,Buenos Aires,6,Buenos Aires,06301,202
2021,Buenos Aires,6,Buenos Aires,06308,31
2021,Buenos Aires,6,Buenos Aires,06315,218
2021,Buenos Aires,6,Buenos Aires,06322,117
2021,Buenos Aires,6,Buenos Aires,06329,188
2021,Buenos Aires,6,Buenos Aires,06336,59
2021,Buenos Aires,6,Buenos Aires,06343,129
2021,Buenos Aires,6,Buenos Aires,06351,133
2021,Buenos Aires,6,Buenos Aires,06357,6454
2021,Buenos Aires,6,Buenos Aires,06364,2030
2021,Buenos Aires,6,Buenos Aires,06371,3812
2021,Buenos Aires,6,Buenos Aires,06385,167
2021,Buenos Aires,6,Buenos Aires,06392,358
2021,Buenos Aires,6,Buenos Aires,06399,98
2021,Buenos Aires,6,Buenos Aires,06406,97
2021,Buenos Aires,6,Buenos Aires,06408,1560
2021,Buenos Aires,6,Buenos Aires,06410,1475
2021,Buenos Aires,6,Buenos Aires,06412,4479
2021,Buenos Aires,6,Buenos Aires,06413,1047
2021,Buenos Aires,6,Buenos Aires,06420,1000
2021,Buenos Aires,6,Buenos Aires,06427,17620
2021,Buenos Aires,6,Buenos Aires,06441,8388
2021,Buenos Aires,6,Buenos Aires,06434,4111
2021,Buenos Aires,6,Buenos Aires,06448,121
2021,Buenos Aires,6,Buenos Aires,06455,300
2021,Buenos Aires,6,Buenos Aires,06462,197
2021,Buenos Aires,6,Buenos Aires,06466,61
2021,Buenos Aires,6,Buenos Aires,06469,523
2021,Buenos Aires,6,Buenos Aires,06476,175
2021,Buenos Aires,6,Buenos Aires,06483,436
2021,Buenos Aires,6,Buenos Aires,06490,7826
2021,Buenos Aires,6,Buenos Aires,06497,1331
2021,Buenos Aires,6,Buenos Aires,06505,220
2021,Buenos Aires,6,Buenos Aires,06511,125
2021,Buenos Aires,6,Buenos Aires,06515,3964
2021,Buenos Aires,6,Buenos Aires,06518,311
2021,Buenos Aires,6,Buenos Aires,06525,868
2021,Buenos Aires,6,Buenos Aires,06532,789
2021,Buenos Aires,6,Buenos Aires,06539,6853
2021,Buenos Aires,6,Buenos Aires,06547,265
2021,Buenos Aires,6,Buenos Aires,06553,85
2021,Buenos Aires,6,Buenos Aires,06560,6758
2021,Buenos Aires,6,Buenos Aires,06568,2737
2021,Buenos Aires,6,Buenos Aires,06574,204
2021,Buenos Aires,6,Buenos Aires,06581,978
2021,Buenos Aires,6,Buenos Aires,06595,1092
2021,Buenos Aires,6,Buenos Aires,06602,372
2021,Buenos Aires,6,Buenos Aires,06609,470
2021,Buenos Aires,6,Buenos Aires,06616,73
2021,Buenos Aires,6,Buenos Aires,06623,1187
2021,Buenos Aires,6,Buenos Aires,06630,48
2021,Buenos Aires,6,Buenos Aires,06638,5342
2021,Buenos Aires,6,Buenos Aires,06644,391
2021,Buenos Aires,6,Buenos Aires,06648,1634
2021,Buenos Aires,6,Buenos Aires,06651,111
2021,Buenos Aires,6,Buenos Aires,06655,126
2021,Buenos Aires,6,Buenos Aires,06658,6533
2021,Buenos Aires,6,Buenos Aires,06665,490
2021,Buenos Aires,6,Buenos Aires,06672,161
2021,Buenos Aires,6,Buenos Aires,06679,237
2021,Buenos Aires,6,Buenos Aires,06686,224
2021,Buenos Aires,6,Buenos Aires,06693,156
2021,Buenos Aires,6,Buenos Aires,06700,200
2021,Buenos Aires,6,Buenos Aires,06707,391
2021,Buenos Aires,6,Buenos Aires,06721,88
2021,Buenos Aires,6,Buenos Aires,06714,450
2021,Buenos Aires,6,Buenos Aires,06728,275
2021,Buenos Aires,6,Buenos Aires,06735,282
2021,Buenos Aires,6,Buenos Aires,06742,98
2021,Buenos Aires,6,Buenos Aires,06749,1521
2021,Buenos Aires,6,Buenos Aires,06756,2869
2021,Buenos Aires,6,Buenos Aires,06760,3710
2021,Buenos Aires,6,Buenos Aires,06763,1755
2021,Buenos Aires,6,Buenos Aires,06770,854
2021,Buenos Aires,6,Buenos Aires,06778,1369
2021,Buenos Aires,6,Buenos Aires,06784,140
2021,Buenos Aires,6,Buenos Aires,06791,1354
2021,Buenos Aires,6,Buenos Aires,06798,97
2021,Buenos Aires,6,Buenos Aires,06805,4909
2021,Buenos Aires,6,Buenos Aires,06812,28
2021,Buenos Aires,6,Buenos Aires,06819,128
2021,Buenos Aires,6,Buenos Aires,06826,625
2021,Buenos Aires,6,Buenos Aires,06833,650
2021,Buenos Aires,6,Buenos Aires,06840,2889
2021,Buenos Aires,6,Buenos Aires,06847,80
2021,Buenos Aires,6,Buenos Aires,06861,2007
2021,Buenos Aires,6,Buenos Aires,06868,369
2021,Buenos Aires,6,Buenos Aires,06875,360
2021,Buenos Aires,6,Buenos Aires,06882,1513
2021,Catamarca,10,Catamarca,10007,51
2021,Catamarca,10,Catamarca,10014,31
2021,Catamarca,10,Catamarca,10021,214
2021,Catamarca,10,Catamarca,10028,13
2021,Catamarca,10,Catamarca,10035,294
2021,Catamarca,10,Catamarca,10042,238
2021,Catamarca,10,Catamarca,10049,2051
2021,Catamarca,10,Catamarca,10056,60
2021,Catamarca,10,Catamarca,10063,178
2021,Catamarca,10,Catamarca,10070,350
2021,Catamarca,10,Catamarca,10077,54
2021,Catamarca,10,Catamarca,10084,133
2021,Catamarca,10,Catamarca,10091,284
2021,Catamarca,10,Catamarca,10098,147
2021,Catamarca,10,Catamarca,10105,241
2021,Catamarca,10,Catamarca,10112,385
2021,Chaco,22,Chaco,22036,428
2021,Chaco,22,Chaco,22126,206
2021,Chaco,22,Chaco,22039,99
2021,Chaco,22,Chaco,22168,585
2021,Chaco,22,Chaco,22105,521
2021,Chaco,22,Chaco,22007,729
2021,Chaco,22,Chaco,22014,415
2021,Chaco,22,Chaco,22028,453
2021,Chaco,22,Chaco,22021,1554
2021,Chaco,22,Chaco,22043,166
2021,Chaco,22,Chaco,22049,267
2021,Chaco,22,Chaco,22056,205
2021,Chaco,22,Chaco,22063,1637
2021,Chaco,22,Chaco,22070,523
2021,Chaco,22,Chaco,22077,220
2021,Chaco,22,Chaco,22084,1119
2021,Chaco,22,Chaco,22091,482
2021,Chaco,22,Chaco,22098,1120
2021,Chaco,22,Chaco,22112,343
2021,Chaco,22,Chaco,22119,186
2021,Chaco,22,Chaco,22133,658
2021,Chaco,22,Chaco,22140,5526
2021,Chaco,22,Chaco,22147,269
2021,Chaco,22,Chaco,22154,272
2021,Chaco,22,Chaco,22161,50
2021,Chubut,26,Chubut,26007,1117
2021,Chubut,26,Chubut,26014,256
2021,Chubut,26,Chubut,26021,2374
2021,Chubut,26,Chubut,26028,19
2021,Chubut,26,Chubut,26035,474
2021,Chubut,26,Chubut,26042,139
2021,Chubut,26,Chubut,26049,9
2021,Chubut,26,Chubut,26056,29
2021,Chubut,26,Chubut,26063,11
2021,Chubut,26,Chubut,26070,16
2021,Chubut,26,Chubut,26077,1499
2021,Chubut,26,Chubut,26084,72
2021,Chubut,26,Chubut,26091,187
2021,Chubut,26,Chubut,26098,47
2021,Chubut,26,Chubut,26105,15
2021,Córdoba,14,Córdoba,14007,774
2021,Córdoba,14,Córdoba,14014,16709
2021,Córdoba,14,Córdoba,14021,3698
2021,Córdoba,14,Córdoba,14028,778
2021,Córdoba,14,Córdoba,14035,419
2021,Córdoba,14,Córdoba,14042,1899
2021,Córdoba,14,Córdoba,14049,467
2021,Córdoba,14,Córdoba,14056,757
2021,Córdoba,14,Córdoba,14063,1147
2021,Córdoba,14,Córdoba,14070,38
2021,Córdoba,14,Córdoba,14077,54
2021,Córdoba,14,Córdoba,14084,418
2021,Córdoba,14,Córdoba,14091,2237
2021,Córdoba,14,Córdoba,14098,3365
2021,Córdoba,14,Córdoba,14105,698
2021,Córdoba,14,Córdoba,14112,216
2021,Córdoba,14,Córdoba,14119,1449
2021,Córdoba,14,Córdoba,14126,472
2021,Córdoba,14,Córdoba,14133,755
2021,Córdoba,14,Córdoba,14140,2675
2021,Córdoba,14,Córdoba,14147,1652
2021,Córdoba,14,Córdoba,14154,57
2021,Córdoba,14,Córdoba,14161,1324
2021,Córdoba,14,Córdoba,14168,282
2021,Córdoba,14,Córdoba,14175,179
2021,Córdoba,14,Córdoba,14182,1310
2021,Corrientes,18,Corrientes,18007,703
2021,Corrientes,18,Corrientes,18014,25
2021,Corrientes,18,Corrientes,18021,5046
2021,Corrientes,18,Corrientes,18028,397
2021,Corrientes,18,Corrientes,18035,663
2021,Corrientes,18,Corrientes,18042,224
2021,Corrientes,18,Corrientes,18049,501
2021,Corrientes,18,Corrientes,18056,125
2021,Corrientes,18,Corrientes,18063,191
2021,Corrientes,18,Corrientes,18070,1279
2021,Corrientes,18,Corrientes,18077,147
2021,Corrientes,18,Corrientes,18084,586
2021,Corrientes,18,Corrientes,18091,655
2021,Corrientes,18,Corrientes,18098,164
2021,Corrientes,18,Corrientes,18105,807
2021,Corrientes,18,Corrientes,18112,565
2021,Corrientes,18,Corrientes,18119,859
2021,Corrientes,18,Corrientes,18126,335
2021,Corrientes,18,Corrientes,18133,249
2021,Corrientes,18,Corrientes,18140,276
2021,Corrientes,18,Corrientes,18147,197
2021,Corrientes,18,Corrientes,18154,195
2021,Corrientes,18,Corrientes,18161,349
2021,Corrientes,18,Corrientes,18168,1192
2021,Corrientes,18,Corrientes,18175,128
2021,Entre Ríos,30,Entre Ríos,30008,763
2021,Entre Ríos,30,Entre Ríos,30015,2714
2021,Entre Ríos,30,Entre Ríos,30021,537
2021,Entre Ríos,30,Entre Ríos,30028,1086
2021,Entre Ríos,30,Entre Ríos,30035,398
2021,Entre Ríos,30,Entre Ríos,30042,215
2021,Entre Ríos,30,Entre Ríos,30049,670
2021,Entre Ríos,30,Entre Ríos,30056,1305
2021,Entre Ríos,30,Entre Ríos,30063,171
2021,Entre Ríos,30,Entre Ríos,30070,955
2021,Entre Ríos,30,Entre Ríos,30077,466
2021,Entre Ríos,30,Entre Ríos,30084,4051
2021,Entre Ríos,30,Entre Ríos,30088,288
2021,Entre Ríos,30,Entre Ríos,30091,311
2021,Entre Ríos,30,Entre Ríos,30098,1244
2021,Entre Ríos,30,Entre Ríos,30105,439
2021,Entre Ríos,30,Entre Ríos,30113,695
2021,Formosa,34,Formosa,34007,293
2021,Formosa,34,Formosa,34014,3367
2021,Formosa,34,Formosa,34021,233
2021,Formosa,34,Formosa,34028,380
2021,Formosa,34,Formosa,34035,1196
2021,Formosa,34,Formosa,34042,281
2021,Formosa,34,Formosa,34049,1424
2021,Formosa,34,Formosa,34056,980
2021,Formosa,34,Formosa,34063,460
2021,Jujuy,38,Jujuy,38007,160
2021,Jujuy,38,Jujuy,38021,2813
2021,Jujuy,38,Jujuy,38014,1471
2021,Jujuy,38,Jujuy,38028,185
2021,Jujuy,38,Jujuy,38035,1169
2021,Jujuy,38,Jujuy,38042,598
2021,Jujuy,38,Jujuy,38049,24
2021,Jujuy,38,Jujuy,38056,79
2021,Jujuy,38,Jujuy,38063,876
2021,Jujuy,38,Jujuy,38070,256
2021,Jujuy,38,Jujuy,38077,46
2021,Jujuy,38,Jujuy,38084,71
2021,Jujuy,38,Jujuy,38094,155
2021,Jujuy,38,Jujuy,38098,52
2021,Jujuy,38,Jujuy,38105,28
2021,Jujuy,38,Jujuy,38112,346
2021,La Pampa,42,La Pampa,42007,122
2021,La Pampa,42,La Pampa,42014,11
2021,La Pampa,42,La Pampa,42021,1224
2021,La Pampa,42,La Pampa,42028,92
2021,La Pampa,42,La Pampa,42049,37
2021,La Pampa,42,La Pampa,42056,115
2021,La Pampa,42,La Pampa,42063,14
2021,La Pampa,42,La Pampa,42035,126
2021,La Pampa,42,La Pampa,42042,12
2021,La Pampa,42,La Pampa,42070,118
2021,La Pampa,42,La Pampa,42077,75
2021,La Pampa,42,La Pampa,42091,4
2021,La Pampa,42,La Pampa,42098,77
2021,La Pampa,42,La Pampa,42105,740
2021,La Pampa,42,La Pampa,42112,151
2021,La Pampa,42,La Pampa,42119,91
2021,La Pampa,42,La Pampa,42126,118
2021,La Pampa,42,La Pampa,42133,168
2021,La Pampa,42,La Pampa,42140,186
2021,La Pampa,42,La Pampa,42147,59
2021,La Pampa,42,La Pampa,42154,161
2021,La Rioja,46,La Rioja,46007,196
2021,La Rioja,46,La Rioja,46014,2564
2021,La Rioja,46,La Rioja,46021,41
2021,La Rioja,46,La Rioja,46035,191
2021,La Rioja,46,La Rioja,46042,633
2021,La Rioja,46,La Rioja,46028,103
2021,La Rioja,46,La Rioja,46049,52
2021,La Rioja,46,La Rioja,46056,34
2021,La Rioja,46,La Rioja,46063,108
2021,La Rioja,46,La Rioja,46070,35
2021,La Rioja,46,La Rioja,46077,21
2021,La Rioja,46,La Rioja,46084,100
2021,La Rioja,46,La Rioja,46091,40
2021,La Rioja,46,La Rioja,46105,30
2021,La Rioja,46,La Rioja,46112,189
2021,La Rioja,46,La Rioja,46119,35
2021,La Rioja,46,La Rioja,46126,37
2021,La Rioja,46,La Rioja,46098,36
2021,Mendoza,50,Mendoza,50007,1293
2021,Mendoza,50,Mendoza,50014,583
2021,Mendoza,50,Mendoza,50021,1905
2021,Mendoza,50,Mendoza,50028,3539
2021,Mendoza,50,Mendoza,50035,479
2021,Mendoza,50,Mendoza,50042,117
2021,Mendoza,50,Mendoza,50049,2508
2021,Mendoza,50,Mendoza,50056,630
2021,Mendoza,50,Mendoza,50063,1754
2021,Mendoza,50,Mendoza,50070,2500
2021,Mendoza,50,Mendoza,50077,398
2021,Mendoza,50,Mendoza,50084,690
2021,Mendoza,50,Mendoza,50091,480
2021,Mendoza,50,Mendoza,50098,1550
2021,Mendoza,50,Mendoza,50105,2299
2021,Mendoza,50,Mendoza,50112,227
2021,Mendoza,50,Mendoza,50119,689
2021,Mendoza,50,Mendoza,50126,540
2021,Misiones,54,Misiones,54119,576
2021,Misiones,54,Misiones,54007,839
2021,Misiones,54,Misiones,54014,1163
2021,Misiones,54,Misiones,54021,579
2021,Misiones,54,Misiones,54028,5131
2021,Misiones,54,Misiones,54035,180
2021,Misiones,54,Misiones,54042,1483
2021,Misiones,54,Misiones,54049,985
2021,Misiones,54,Misiones,54056,1585
2021,Misiones,54,Misiones,54063,1784
2021,Misiones,54,Misiones,54070,709
2021,Misiones,54,Misiones,54077,844
2021,Misiones,54,Misiones,54084,629
2021,Misiones,54,Misiones,54091,1911
2021,Misiones,54,Misiones,54098,1077
2021,Misiones,54,Misiones,54105,361
2021,Misiones,54,Misiones,54112,757
2021,Neuquén,58,Neuquén,58007,111
2021,Neuquén,58,Neuquén,58014,248
2021,Neuquén,58,Neuquén,58021,12
2021,Neuquén,58,Neuquén,58042,174
2021,Neuquén,58,Neuquén,58028,40
2021,Neuquén,58,Neuquén,58035,5204
2021,Neuquén,58,Neuquén,58049,188
2021,Neuquén,58,Neuquén,58056,399
2021,Neuquén,58,Neuquén,58063,99
2021,Neuquén,58,Neuquén,58070,139
2021,Neuquén,58,Neuquén,58077,72
2021,Neuquén,58,Neuquén,58091,342
2021,Neuquén,58,Neuquén,58098,49
2021,Neuquén,58,Neuquén,58105,88
2021,Neuquén,58,Neuquén,58112,407
2021,Neuquén,58,Neuquén,58084,63
2021,Río Negro,62,Río Negro,62091,125
2021,Río Negro,62,Río Negro,62049,33
2021,Río Negro,62,Río Negro,62007,753
2021,Río Negro,62,Río Negro,62014,474
2021,Río Negro,62,Río Negro,62021,1570
2021,Río Negro,62,Río Negro,62028,104
2021,Río Negro,62,Río Negro,62035,32
2021,Río Negro,62,Río Negro,62042,4469
2021,Río Negro,62,Río Negro,62063,195
2021,Río Negro,62,Río Negro,62070,78
2021,Río Negro,62,Río Negro,62077,408
2021,Río Negro,62,Río Negro,62084,44
2021,Río Negro,62,Río Negro,62056,12
2021,Salta,66,Salta,66007,1111
2021,Salta,66,Salta,66014,105
2021,Salta,66,Salta,66021,175
2021,Salta,66,Salta,66028,6704
2021,Salta,66,Salta,66035,677
2021,Salta,66,Salta,66042,269
2021,Salta,66,Salta,66049,651
2021,Salta,66,Salta,66056,3334
2021,Salta,66,Salta,66063,30
2021,Salta,66,Salta,66070,65
2021,Salta,66,Salta,66077,141
2021,Salta,66,Salta,66084,88
2021,Salta,66,Salta,66091,13
2021,Salta,66,Salta,66098,104
2021,Salta,66,Salta,66105,124
2021,Salta,66,Salta,66112,608
2021,Salta,66,Salta,66119,59
2021,Salta,66,Salta,66126,2682
2021,Salta,66,Salta,66133,945
2021,Salta,66,Salta,66140,416
2021,Salta,66,Salta,66147,596
2021,Salta,66,Salta,66154,69
2021,Salta,66,Salta,66161,134
2021,San Juan,70,San Juan,70126,307
2021,San Juan,70,San Juan,70063,185
2021,San Juan,70,San Juan,70007,460
2021,San Juan,70,San Juan,70014,152
2021,San Juan,70,San Juan,70021,152
2021,San Juan,70,San Juan,70028,1212
2021,San Juan,70,San Juan,70035,613
2021,San Juan,70,San Juan,70042,1491
2021,San Juan,70,San Juan,70049,113
2021,San Juan,70,San Juan,70056,308
2021,San Juan,70,San Juan,70070,1079
2021,San Juan,70,San Juan,70077,1724
2021,San Juan,70,San Juan,70084,1222
2021,San Juan,70,San Juan,70091,221
2021,San Juan,70,San Juan,70098,795
2021,San Juan,70,San Juan,70105,436
2021,San Juan,70,San Juan,70112,83
2021,San Juan,70,San Juan,70119,122
2021,San Juan,70,San Juan,70133,93
2021,San Luis,74,San Luis,74007,259
2021,San Luis,74,San Luis,74014,60
2021,San Luis,74,San Luis,74028,225
2021,San Luis,74,San Luis,74021,157
2021,San Luis,74,San Luis,74035,1751
2021,San Luis,74,San Luis,74042,152
2021,San Luis,74,San Luis,74056,2759
2021,San Luis,74,San Luis,74049,400
2021,San Luis,74,San Luis,74063,42
2021,Santa Cruz,78,Santa Cruz,78007,177
2021,Santa Cruz,78,Santa Cruz,78014,1484
2021,Santa Cruz,78,Santa Cruz,78021,1200
2021,Santa Cruz,78,Santa Cruz,78028,251
2021,Santa Cruz,78,Santa Cruz,78035,133
2021,Santa Cruz,78,Santa Cruz,78042,144
2021,Santa Cruz,78,Santa Cruz,78049,49
2021,Santa Fe,82,Santa Fe,82077,477
2021,Santa Fe,82,Santa Fe,82007,522
2021,Santa Fe,82,Santa Fe,82014,943
2021,Santa Fe,82,Santa Fe,82021,2249
2021,Santa Fe,82,Santa Fe,82028,974
2021,Santa Fe,82,Santa Fe,82035,373
2021,Santa Fe,82,Santa Fe,82042,2207
2021,Santa Fe,82,Santa Fe,82049,2505
2021,Santa Fe,82,Santa Fe,82056,850
2021,Santa Fe,82,Santa Fe,82063,6932
2021,Santa Fe,82,Santa Fe,82070,1290
2021,Santa Fe,82,Santa Fe,82084,16118
2021,Santa Fe,82,Santa Fe,82091,875
2021,Santa Fe,82,Santa Fe,82098,520
2021,Santa Fe,82,Santa Fe,82105,956
2021,Santa Fe,82,Santa Fe,82112,562
2021,Santa Fe,82,Santa Fe,82119,2426
2021,Santa Fe,82,Santa Fe,82126,768
2021,Santa Fe,82,Santa Fe,82133,765
2021,Santiago del Estero,86,Santiago del Estero,86007,103
2021,Santiago del Estero,86,Santiago del Estero,86014,343
2021,Santiago del Estero,86,Santiago del Estero,86021,237
2021,Santiago del Estero,86,Santiago del Estero,86028,461
2021,Santiago del Estero,86,Santiago del Estero,86035,2471
2021,Santiago del Estero,86,Santiago del Estero,86042,140
2021,Santiago del Estero,86,Santiago del Estero,86049,3754
2021,Santiago del Estero,86,Santiago del Estero,86063,542
2021,Santiago del Estero,86,Santiago del Estero,86056,612
2021,Santiago del Estero,86,Santiago del Estero,86070,312
2021,Santiago del Estero,86,Santiago del Estero,86077,825
2021,Santiago del Estero,86,Santiago del Estero,86084,116
2021,Santiago del Estero,86,Santiago del Estero,86091,222
2021,Santiago del Estero,86,Santiago del Estero,86098,352
2021,Santiago del Estero,86,Santiago del Estero,86105,384
2021,Santiago del Estero,86,Santiago del Estero,86112,12
2021,Santiago del Estero,86,Santiago del Estero,86119,672
2021,Santiago del Estero,86,Santiago del Estero,86126,221
2021,Santiago del Estero,86,Santiago del Estero,86133,412
2021,Santiago del Estero,86,Santiago del Estero,86140,134
2021,Santiago del Estero,86,Santiago del Estero,86147,1012
2021,Santiago del Estero,86,Santiago del Estero,86154,56
2021,Santiago del Estero,86,Santiago del Estero,86161,806
2021,Santiago del Estero,86,Santiago del Estero,86168,209
2021,Santiago del Estero,86,Santiago del Estero,86175,175
2021,Santiago del Estero,86,Santiago del Estero,86182,82
2021,Santiago del Estero,86,Santiago del Estero,86189,124
2021,Tierra del Fuego,94,Tierra del Fuego,94008,927
2021,Tierra del Fuego,94,Tierra del Fuego,94015,680
2021,Tucumán,90,Tucumán,90007,648
2021,Tucumán,90,Tucumán,90084,7272
2021,Tucumán,90,Tucumán,90021,1115
2021,Tucumán,90,Tucumán,90014,2955
2021,Tucumán,90,Tucumán,90028,625
2021,Tucumán,90,Tucumán,90035,195
2021,Tucumán,90,Tucumán,90042,462
2021,Tucumán,90,Tucumán,90049,274
2021,Tucumán,90,Tucumán,90056,831
2021,Tucumán,90,Tucumán,90063,978
2021,Tucumán,90,Tucumán,90070,916
2021,Tucumán,90,Tucumán,90077,789
2021,Tucumán,90,Tucumán,90091,399
2021,Tucumán,90,Tucumán,90098,194
2021,Tucumán,90,Tucumán,90105,2056
2021,Tucumán,90,Tucumán,90112,300
2021,Tucumán,90,Tucumán,90119,1293
2022,Buenos Aires,6,Buenos Aires,06854,384
2022,Buenos Aires,6,Buenos Aires,06588,477
2022,Buenos Aires,6,Buenos Aires,06007,140
2022,Buenos Aires,6,Buenos Aires,06014,119
2022,Buenos Aires,6,Buenos Aires,06021,89
2022,Buenos Aires,6,Buenos Aires,06028,5954
2022,Buenos Aires,6,Buenos Aires,06077,350
2022,Buenos Aires,6,Buenos Aires,06035,3049
2022,Buenos Aires,6,Buenos Aires,06042,226
2022,Buenos Aires,6,Buenos Aires,06049,627
2022,Buenos Aires,6,Buenos Aires,06056,3113
2022,Buenos Aires,6,Buenos Aires,06063,528
2022,Buenos Aires,6,Buenos Aires,06070,455
2022,Buenos Aires,6,Buenos Aires,06084,175
2022,Buenos Aires,6,Buenos Aires,06091,3279
2022,Buenos Aires,6,Buenos Aires,06098,1031
2022,Buenos Aires,6,Buenos Aires,06105,333
2022,Buenos Aires,6,Buenos Aires,06112,420
2022,Buenos Aires,6,Buenos Aires,06119,401
2022,Buenos Aires,6,Buenos Aires,06126,1108
2022,Buenos Aires,6,Buenos Aires,06140,171
2022,Buenos Aires,6,Buenos Aires,06147,247
2022,Buenos Aires,6,Buenos Aires,06154,113
2022,Buenos Aires,6,Buenos Aires,06161,170
2022,Buenos Aires,6,Buenos Aires,06168,70
2022,Buenos Aires,6,Buenos Aires,06134,791
2022,Buenos Aires,6,Buenos Aires,06210,469
2022,Buenos Aires,6,Buenos Aires,06218,386
2022,Buenos Aires,6,Buenos Aires,06224,685
2022,Buenos Aires,6,Buenos Aires,06175,252
2022,Buenos Aires,6,Buenos Aires,06182,591
2022,Buenos Aires,6,Buenos Aires,06189,147
2022,Buenos Aires,6,Buenos Aires,06196,234
2022,Buenos Aires,6,Buenos Aires,06203,353
2022,Buenos Aires,6,Buenos Aires,06231,187
2022,Buenos Aires,6,Buenos Aires,06238,297
2022,Buenos Aires,6,Buenos Aires,06245,633
2022,Buenos Aires,6,Buenos Aires,06252,3167
2022,Buenos Aires,6,Buenos Aires,06260,3798
2022,Buenos Aires,6,Buenos Aires,06266,495
2022,Buenos Aires,6,Buenos Aires,06270,2456
2022,Buenos Aires,6,Buenos Aires,06274,6155
2022,Buenos Aires,6,Buenos Aires,06277,109
2022,Buenos Aires,6,Buenos Aires,06280,450
2022,Buenos Aires,6,Buenos Aires,06287,76
2022,Buenos Aires,6,Buenos Aires,06294,158
2022,Buenos Aires,6,Buenos Aires,06301,206
2022,Buenos Aires,6,Buenos Aires,06308,23
2022,Buenos Aires,6,Buenos Aires,06315,215
2022,Buenos Aires,6,Buenos Aires,06322,99
2022,Buenos Aires,6,Buenos Aires,06329,188
2022,Buenos Aires,6,Buenos Aires,06336,55
2022,Buenos Aires,6,Buenos Aires,06343,128
2022,Buenos Aires,6,Buenos Aires,06351,130
2022,Buenos Aires,6,Buenos Aires,06357,5982
2022,Buenos Aires,6,Buenos Aires,06364,1966
2022,Buenos Aires,6,Buenos Aires,06371,3638
2022,Buenos Aires,6,Buenos Aires,06385,166
2022,Buenos Aires,6,Buenos Aires,06392,349
2022,Buenos Aires,6,Buenos Aires,06399,84
2022,Buenos Aires,6,Buenos Aires,06406,90
2022,Buenos Aires,6,Buenos Aires,06408,1470
2022,Buenos Aires,6,Buenos Aires,06410,1280
2022,Buenos Aires,6,Buenos Aires,06412,3957
2022,Buenos Aires,6,Buenos Aires,06413,1009
2022,Buenos Aires,6,Buenos Aires,06420,871
2022,Buenos Aires,6,Buenos Aires,06427,16417
2022,Buenos Aires,6,Buenos Aires,06441,7816
2022,Buenos Aires,6,Buenos Aires,06434,3815
2022,Buenos Aires,6,Buenos Aires,06448,112
2022,Buenos Aires,6,Buenos Aires,06455,217
2022,Buenos Aires,6,Buenos Aires,06462,199
2022,Buenos Aires,6,Buenos Aires,06466,39
2022,Buenos Aires,6,Buenos Aires,06469,454
2022,Buenos Aires,6,Buenos Aires,06476,164
2022,Buenos Aires,6,Buenos Aires,06483,433
2022,Buenos Aires,6,Buenos Aires,06490,7385
2022,Buenos Aires,6,Buenos Aires,06497,1250
2022,Buenos Aires,6,Buenos Aires,06505,212
2022,Buenos Aires,6,Buenos Aires,06511,96
2022,Buenos Aires,6,Buenos Aires,06515,3792
2022,Buenos Aires,6,Buenos Aires,06518,267
2022,Buenos Aires,6,Buenos Aires,06525,769
2022,Buenos Aires,6,Buenos Aires,06532,760
2022,Buenos Aires,6,Buenos Aires,06539,6201
2022,Buenos Aires,6,Buenos Aires,06547,259
2022,Buenos Aires,6,Buenos Aires,06553,100
2022,Buenos Aires,6,Buenos Aires,06560,6762
2022,Buenos Aires,6,Buenos Aires,06568,2441
2022,Buenos Aires,6,Buenos Aires,06574,194
2022,Buenos Aires,6,Buenos Aires,06581,911
2022,Buenos Aires,6,Buenos Aires,06595,1079
2022,Buenos Aires,6,Buenos Aires,06602,332
2022,Buenos Aires,6,Buenos Aires,06609,403
2022,Buenos Aires,6,Buenos Aires,06616,65
2022,Buenos Aires,6,Buenos Aires,06623,1112
2022,Buenos Aires,6,Buenos Aires,06630,54
2022,Buenos Aires,6,Buenos Aires,06638,5062
2022,Buenos Aires,6,Buenos Aires,06644,428
2022,Buenos Aires,6,Buenos Aires,06648,1494
2022,Buenos Aires,6,Buenos Aires,06651,125
2022,Buenos Aires,6,Buenos Aires,06655,107
2022,Buenos Aires,6,Buenos Aires,06658,5914
2022,Buenos Aires,6,Buenos Aires,06665,499
2022,Buenos Aires,6,Buenos Aires,06672,171
2022,Buenos Aires,6,Buenos Aires,06679,182
2022,Buenos Aires,6,Buenos Aires,06686,241
2022,Buenos Aires,6,Buenos Aires,06693,147
2022,Buenos Aires,6,Buenos Aires,06700,197
2022,Buenos Aires,6,Buenos Aires,06707,362
2022,Buenos Aires,6,Buenos Aires,06721,91
2022,Buenos Aires,6,Buenos Aires,06714,400
2022,Buenos Aires,6,Buenos Aires,06728,277
2022,Buenos Aires,6,Buenos Aires,06735,260
2022,Buenos Aires,6,Buenos Aires,06742,75
2022,Buenos Aires,6,Buenos Aires,06749,1520
2022,Buenos Aires,6,Buenos Aires,06756,2606
2022,Buenos Aires,6,Buenos Aires,06760,3474
2022,Buenos Aires,6,Buenos Aires,06763,1672
2022,Buenos Aires,6,Buenos Aires,06770,833
2022,Buenos Aires,6,Buenos Aires,06778,1214
2022,Buenos Aires,6,Buenos Aires,06784,134
2022,Buenos Aires,6,Buenos Aires,06791,1247
2022,Buenos Aires,6,Buenos Aires,06798,93
2022,Buenos Aires,6,Buenos Aires,06805,4511
2022,Buenos Aires,6,Buenos Aires,06812,23
2022,Buenos Aires,6,Buenos Aires,06819,126
2022,Buenos Aires,6,Buenos Aires,06826,526
2022,Buenos Aires,6,Buenos Aires,06833,554
2022,Buenos Aires,6,Buenos Aires,06840,2662
2022,Buenos Aires,6,Buenos Aires,06847,84
2022,Buenos Aires,6,Buenos Aires,06861,1810
2022,Buenos Aires,6,Buenos Aires,06868,391
2022,Buenos Aires,6,Buenos Aires,06875,356
2022,Buenos Aires,6,Buenos Aires,06882,1469
2022,Catamarca,10,Catamarca,10007,49
2022,Catamarca,10,Catamarca,10014,27
2022,Catamarca,10,Catamarca,10021,226
2022,Catamarca,10,Catamarca,10028,24
2022,Catamarca,10,Catamarca,10035,322
2022,Catamarca,10,Catamarca,10042,236
2022,Catamarca,10,Catamarca,10049,2013
2022,Catamarca,10,Catamarca,10056,47
2022,Catamarca,10,Catamarca,10063,143
2022,Catamarca,10,Catamarca,10070,405
2022,Catamarca,10,Catamarca,10077,42
2022,Catamarca,10,Catamarca,10084,127
2022,Catamarca,10,Catamarca,10091,288
2022,Catamarca,10,Catamarca,10098,173
2022,Catamarca,10,Catamarca,10105,238
2022,Catamarca,10,Catamarca,10112,372
2022,Chaco,22,Chaco,22036,393
2022,Chaco,22,Chaco,22126,184
2022,Chaco,22,Chaco,22039,106
2022,Chaco,22,Chaco,22168,505
2022,Chaco,22,Chaco,22105,496
2022,Chaco,22,Chaco,22007,677
2022,Chaco,22,Chaco,22014,419
2022,Chaco,22,Chaco,22028,465
2022,Chaco,22,Chaco,22021,1344
2022,Chaco,22,Chaco,22043,154
2022,Chaco,22,Chaco,22049,324
2022,Chaco,22,Chaco,22056,189
2022,Chaco,22,Chaco,22063,1537
2022,Chaco,22,Chaco,22070,448
2022,Chaco,22,Chaco,22077,179
2022,Chaco,22,Chaco,22084,1130
2022,Chaco,22,Chaco,22091,472
2022,Chaco,22,Chaco,22098,1110
2022,Chaco,22,Chaco,22112,380
2022,Chaco,22,Chaco,22119,198
2022,Chaco,22,Chaco,22133,621
2022,Chaco,22,Chaco,22140,5402
2022,Chaco,22,Chaco,22147,303
2022,Chaco,22,Chaco,22154,281
2022,Chaco,22,Chaco,22161,40
2022,Chubut,26,Chubut,26007,1118
2022,Chubut,26,Chubut,26014,282
2022,Chubut,26,Chubut,26021,2232
2022,Chubut,26,Chubut,26028,25
2022,Chubut,26,Chubut,26035,457
2022,Chubut,26,Chubut,26042,151
2022,Chubut,26,Chubut,26049,9
2022,Chubut,26,Chubut,26056,22
2022,Chubut,26,Chubut,26063,3
2022,Chubut,26,Chubut,26070,16
2022,Chubut,26,Chubut,26077,1413
2022,Chubut,26,Chubut,26084,68
2022,Chubut,26,Chubut,26091,137
2022,Chubut,26,Chubut,26098,82
2022,Chubut,26,Chubut,26105,12
2022,Córdoba,14,Córdoba,14007,763
2022,Córdoba,14,Córdoba,14014,15306
2022,Córdoba,14,Córdoba,14021,3426
2022,Córdoba,14,Córdoba,14028,883
2022,Córdoba,14,Córdoba,14035,392
2022,Córdoba,14,Córdoba,14042,1742
2022,Córdoba,14,Córdoba,14049,453
2022,Córdoba,14,Córdoba,14056,800
2022,Córdoba,14,Córdoba,14063,1138
2022,Córdoba,14,Córdoba,14070,41
2022,Córdoba,14,Córdoba,14077,51
2022,Córdoba,14,Córdoba,14084,416
2022,Córdoba,14,Córdoba,14091,2072
2022,Córdoba,14,Córdoba,14098,3068
2022,Córdoba,14,Córdoba,14105,665
2022,Córdoba,14,Córdoba,14112,197
2022,Córdoba,14,Córdoba,14119,1322
2022,Córdoba,14,Córdoba,14126,462
2022,Córdoba,14,Córdoba,14133,724
2022,Córdoba,14,Córdoba,14140,2386
2022,Córdoba,14,Córdoba,14147,1565
2022,Córdoba,14,Córdoba,14154,45
2022,Córdoba,14,Córdoba,14161,1158
2022,Córdoba,14,Córdoba,14168,277
2022,Córdoba,14,Córdoba,14175,164
2022,Córdoba,14,Córdoba,14182,1226
2022,Corrientes,18,Corrientes,18007,604
2022,Corrientes,18,Corrientes,18014,39
2022,Corrientes,18,Corrientes,18021,4682
2022,Corrientes,18,Corrientes,18028,358
2022,Corrientes,18,Corrientes,18035,626
2022,Corrientes,18,Corrientes,18042,233
2022,Corrientes,18,Corrientes,18049,533
2022,Corrientes,18,Corrientes,18056,116
2022,Corrientes,18,Corrientes,18063,194
2022,Corrientes,18,Corrientes,18070,1142
2022,Corrientes,18,Corrientes,18077,171
2022,Corrientes,18,Corrientes,18084,536
2022,Corrientes,18,Corrientes,18091,589
2022,Corrientes,18,Corrientes,18098,151
2022,Corrientes,18,Corrientes,18105,749
2022,Corrientes,18,Corrientes,18112,494
2022,Corrientes,18,Corrientes,18119,785
2022,Corrientes,18,Corrientes,18126,345
2022,Corrientes,18,Corrientes,18133,267
2022,Corrientes,18,Corrientes,18140,261
2022,Corrientes,18,Corrientes,18147,241
2022,Corrientes,18,Corrientes,18154,191
2022,Corrientes,18,Corrientes,18161,320
2022,Corrientes,18,Corrientes,18168,1111
2022,Corrientes,18,Corrientes,18175,138
2022,Entre Ríos,30,Entre Ríos,30008,675
2022,Entre Ríos,30,Entre Ríos,30015,2398
2022,Entre Ríos,30,Entre Ríos,30021,553
2022,Entre Ríos,30,Entre Ríos,30028,1011
2022,Entre Ríos,30,Entre Ríos,30035,369
2022,Entre Ríos,30,Entre Ríos,30042,206
2022,Entre Ríos,30,Entre Ríos,30049,595
2022,Entre Ríos,30,Entre Ríos,30056,1189
2022,Entre Ríos,30,Entre Ríos,30063,168
2022,Entre Ríos,30,Entre Ríos,30070,899
2022,Entre Ríos,30,Entre Ríos,30077,400
2022,Entre Ríos,30,Entre Ríos,30084,3785
2022,Entre Ríos,30,Entre Ríos,30088,211
2022,Entre Ríos,30,Entre Ríos,30091,314
2022,Entre Ríos,30,Entre Ríos,30098,1041
2022,Entre Ríos,30,Entre Ríos,30105,414
2022,Entre Ríos,30,Entre Ríos,30113,650
2022,Formosa,34,Formosa,34007,327
2022,Formosa,34,Formosa,34014,3229
2022,Formosa,34,Formosa,34021,229
2022,Formosa,34,Formosa,34028,342
2022,Formosa,34,Formosa,34035,1160
2022,Formosa,34,Formosa,34042,310
2022,Formosa,34,Formosa,34049,1447
2022,Formosa,34,Formosa,34056,933
2022,Formosa,34,Formosa,34063,422
2022,Jujuy,38,Jujuy,38007,167
2022,Jujuy,38,Jujuy,38021,2524
2022,Jujuy,38,Jujuy,38014,1376
2022,Jujuy,38,Jujuy,38028,162
2022,Jujuy,38,Jujuy,38035,1122
2022,Jujuy,38,Jujuy,38042,528
2022,Jujuy,38,Jujuy,38049,26
2022,Jujuy,38,Jujuy,38056,65
2022,Jujuy,38,Jujuy,38063,841
2022,Jujuy,38,Jujuy,38070,263
2022,Jujuy,38,Jujuy,38077,48
2022,Jujuy,38,Jujuy,38084,59
2022,Jujuy,38,Jujuy,38094,137
2022,Jujuy,38,Jujuy,38098,47
2022,Jujuy,38,Jujuy,38105,34
2022,Jujuy,38,Jujuy,38112,304
2022,La Pampa,42,La Pampa,42007,115
2022,La Pampa,42,La Pampa,42014,24
2022,La Pampa,42,La Pampa,42021,1075
2022,La Pampa,42,La Pampa,42028,88
2022,La Pampa,42,La Pampa,42049,20
2022,La Pampa,42,La Pampa,42056,144
2022,La Pampa,42,La Pampa,42063,12
2022,La Pampa,42,La Pampa,42035,131
2022,La Pampa,42,La Pampa,42042,10
2022,La Pampa,42,La Pampa,42070,142
2022,La Pampa,42,La Pampa,42077,35
2022,La Pampa,42,La Pampa,42084,1
2022,La Pampa,42,La Pampa,42098,99
2022,La Pampa,42,La Pampa,42105,760
2022,La Pampa,42,La Pampa,42112,156
2022,La Pampa,42,La Pampa,42119,85
2022,La Pampa,42,La Pampa,42126,115
2022,La Pampa,42,La Pampa,42133,148
2022,La Pampa,42,La Pampa,42140,182
2022,La Pampa,42,La Pampa,42147,52
2022,La Pampa,42,La Pampa,42154,148
2022,La Rioja,46,La Rioja,46007,212
2022,La Rioja,46,La Rioja,46014,2502
2022,La Rioja,46,La Rioja,46021,46
2022,La Rioja,46,La Rioja,46035,183
2022,La Rioja,46,La Rioja,46042,682
2022,La Rioja,46,La Rioja,46028,112
2022,La Rioja,46,La Rioja,46049,60
2022,La Rioja,46,La Rioja,46056,33
2022,La Rioja,46,La Rioja,46063,65
2022,La Rioja,46,La Rioja,46070,48
2022,La Rioja,46,La Rioja,46077,23
2022,La Rioja,46,La Rioja,46084,81
2022,La Rioja,46,La Rioja,46091,52
2022,La Rioja,46,La Rioja,46105,25
2022,La Rioja,46,La Rioja,46112,193
2022,La Rioja,46,La Rioja,46119,51
2022,La Rioja,46,La Rioja,46126,32
2022,La Rioja,46,La Rioja,46098,29
2022,Mendoza,50,Mendoza,50007,1148
2022,Mendoza,50,Mendoza,50014,497
2022,Mendoza,50,Mendoza,50021,1771
2022,Mendoza,50,Mendoza,50028,3260
2022,Mendoza,50,Mendoza,50035,487
2022,Mendoza,50,Mendoza,50042,117
2022,Mendoza,50,Mendoza,50049,2428
2022,Mendoza,50,Mendoza,50056,666
2022,Mendoza,50,Mendoza,50063,1664
2022,Mendoza,50,Mendoza,50070,2383
2022,Mendoza,50,Mendoza,50077,325
2022,Mendoza,50,Mendoza,50084,732
2022,Mendoza,50,Mendoza,50091,481
2022,Mendoza,50,Mendoza,50098,1490
2022,Mendoza,50,Mendoza,50105,2120
2022,Mendoza,50,Mendoza,50112,210
2022,Mendoza,50,Mendoza,50119,752
2022,Mendoza,50,Mendoza,50126,559
2022,Misiones,54,Misiones,54119,464
2022,Misiones,54,Misiones,54007,808
2022,Misiones,54,Misiones,54014,1055
2022,Misiones,54,Misiones,54021,631
2022,Misiones,54,Misiones,54028,4764
2022,Misiones,54,Misiones,54035,171
2022,Misiones,54,Misiones,54042,1373
2022,Misiones,54,Misiones,54049,1005
2022,Misiones,54,Misiones,54056,1508
2022,Misiones,54,Misiones,54063,1675
2022,Misiones,54,Misiones,54070,667
2022,Misiones,54,Misiones,54077,762
2022,Misiones,54,Misiones,54084,584
2022,Misiones,54,Misiones,54091,1788
2022,Misiones,54,Misiones,54098,1041
2022,Misiones,54,Misiones,54105,351
2022,Misiones,54,Misiones,54112,777
2022,Neuquén,58,Neuquén,58007,122
2022,Neuquén,58,Neuquén,58014,316
2022,Neuquén,58,Neuquén,58021,11
2022,Neuquén,58,Neuquén,58042,171
2022,Neuquén,58,Neuquén,58028,33
2022,Neuquén,58,Neuquén,58035,5024
2022,Neuquén,58,Neuquén,58049,181
2022,Neuquén,58,Neuquén,58056,356
2022,Neuquén,58,Neuquén,58063,86
2022,Neuquén,58,Neuquén,58070,138
2022,Neuquén,58,Neuquén,58077,77
2022,Neuquén,58,Neuquén,58091,345
2022,Neuquén,58,Neuquén,58098,41
2022,Neuquén,58,Neuquén,58105,84
2022,Neuquén,58,Neuquén,58112,426
2022,Neuquén,58,Neuquén,58084,44
2022,Río Negro,62,Río Negro,62091,143
2022,Río Negro,62,Río Negro,62049,43
2022,Río Negro,62,Río Negro,62007,744
2022,Río Negro,62,Río Negro,62014,518
2022,Río Negro,62,Río Negro,62021,1583
2022,Río Negro,62,Río Negro,62028,103
2022,Río Negro,62,Río Negro,62035,32
2022,Río Negro,62,Río Negro,62042,4156
2022,Río Negro,62,Río Negro,62063,194
2022,Río Negro,62,Río Negro,62070,83
2022,Río Negro,62,Río Negro,62077,400
2022,Río Negro,62,Río Negro,62084,40
2022,Río Negro,62,Río Negro,62056,19
2022,Salta,66,Salta,66007,1144
2022,Salta,66,Salta,66014,104
2022,Salta,66,Salta,66021,211
2022,Salta,66,Salta,66028,6266
2022,Salta,66,Salta,66035,649
2022,Salta,66,Salta,66042,236
2022,Salta,66,Salta,66049,647
2022,Salta,66,Salta,66056,3119
2022,Salta,66,Salta,66063,36
2022,Salta,66,Salta,66070,66
2022,Salta,66,Salta,66077,143
2022,Salta,66,Salta,66084,76
2022,Salta,66,Salta,66091,19
2022,Salta,66,Salta,66098,114
2022,Salta,66,Salta,66105,117
2022,Salta,66,Salta,66112,586
2022,Salta,66,Salta,66119,50
2022,Salta,66,Salta,66126,2602
2022,Salta,66,Salta,66133,909
2022,Salta,66,Salta,66140,443
2022,Salta,66,Salta,66147,550
2022,Salta,66,Salta,66154,81
2022,Salta,66,Salta,66161,129
2022,San Juan,70,San Juan,70126,330
2022,San Juan,70,San Juan,70063,201
2022,San Juan,70,San Juan,70007,429
2022,San Juan,70,San Juan,70014,146
2022,San Juan,70,San Juan,70021,152
2022,San Juan,70,San Juan,70028,1085
2022,San Juan,70,San Juan,70035,609
2022,San Juan,70,San Juan,70042,1449
2022,San Juan,70,San Juan,70049,111
2022,San Juan,70,San Juan,70056,243
2022,San Juan,70,San Juan,70070,1074
2022,San Juan,70,San Juan,70077,1688
2022,San Juan,70,San Juan,70084,1103
2022,San Juan,70,San Juan,70091,230
2022,San Juan,70,San Juan,70098,677
2022,San Juan,70,San Juan,70105,464
2022,San Juan,70,San Juan,70112,105
2022,San Juan,70,San Juan,70119,110
2022,San Juan,70,San Juan,70133,92
2022,San Luis,74,San Luis,74007,211
2022,San Luis,74,San Luis,74014,51
2022,San Luis,74,San Luis,74028,231
2022,San Luis,74,San Luis,74021,138
2022,San Luis,74,San Luis,74035,1807
2022,San Luis,74,San Luis,74042,160
2022,San Luis,74,San Luis,74056,2461
2022,San Luis,74,San Luis,74049,381
2022,San Luis,74,San Luis,74063,34
2022,Santa Cruz,78,Santa Cruz,78007,169
2022,Santa Cruz,78,Santa Cruz,78014,1516
2022,Santa Cruz,78,Santa Cruz,78021,1292
2022,Santa Cruz,78,Santa Cruz,78028,255
2022,Santa Cruz,78,Santa Cruz,78035,157
2022,Santa Cruz,78,Santa Cruz,78042,156
2022,Santa Cruz,78,Santa Cruz,78049,52
2022,Santa Fe,82,Santa Fe,82077,461
2022,Santa Fe,82,Santa Fe,82007,548
2022,Santa Fe,82,Santa Fe,82014,834
2022,Santa Fe,82,Santa Fe,82021,2075
2022,Santa Fe,82,Santa Fe,82028,962
2022,Santa Fe,82,Santa Fe,82035,353
2022,Santa Fe,82,Santa Fe,82042,2175
2022,Santa Fe,82,Santa Fe,82049,2389
2022,Santa Fe,82,Santa Fe,82056,761
2022,Santa Fe,82,Santa Fe,82063,6398
2022,Santa Fe,82,Santa Fe,82070,1204
2022,Santa Fe,82,Santa Fe,82084,15484
2022,Santa Fe,82,Santa Fe,82091,832
2022,Santa Fe,82,Santa Fe,82098,533
2022,Santa Fe,82,Santa Fe,82105,951
2022,Santa Fe,82,Santa Fe,82112,590
2022,Santa Fe,82,Santa Fe,82119,2222
2022,Santa Fe,82,Santa Fe,82126,727
2022,Santa Fe,82,Santa Fe,82133,751
2022,Santiago del Estero,86,Santiago del Estero,86007,99
2022,Santiago del Estero,86,Santiago del Estero,86014,375
2022,Santiago del Estero,86,Santiago del Estero,86021,218
2022,Santiago del Estero,86,Santiago del Estero,86028,426
2022,Santiago del Estero,86,Santiago del Estero,86035,2365
2022,Santiago del Estero,86,Santiago del Estero,86042,139
2022,Santiago del Estero,86,Santiago del Estero,86049,3779
2022,Santiago del Estero,86,Santiago del Estero,86063,523
2022,Santiago del Estero,86,Santiago del Estero,86056,642
2022,Santiago del Estero,86,Santiago del Estero,86070,316
2022,Santiago del Estero,86,Santiago del Estero,86077,878
2022,Santiago del Estero,86,Santiago del Estero,86084,130
2022,Santiago del Estero,86,Santiago del Estero,86091,227
2022,Santiago del Estero,86,Santiago del Estero,86098,329
2022,Santiago del Estero,86,Santiago del Estero,86105,314
2022,Santiago del Estero,86,Santiago del Estero,86112,10
2022,Santiago del Estero,86,Santiago del Estero,86119,675
2022,Santiago del Estero,86,Santiago del Estero,86126,211
2022,Santiago del Estero,86,Santiago del Estero,86133,393
2022,Santiago del Estero,86,Santiago del Estero,86140,118
2022,Santiago del Estero,86,Santiago del Estero,86147,933
2022,Santiago del Estero,86,Santiago del Estero,86154,40
2022,Santiago del Estero,86,Santiago del Estero,86161,790
2022,Santiago del Estero,86,Santiago del Estero,86168,195
2022,Santiago del Estero,86,Santiago del Estero,86175,167
2022,Santiago del Estero,86,Santiago del Estero,86182,86
2022,Santiago del Estero,86,Santiago del Estero,86189,162
2022,Tierra del Fuego,94,Tierra del Fuego,94008,806
2022,Tierra del Fuego,94,Tierra del Fuego,94015,658
2022,Tucumán,90,Tucumán,90007,661
2022,Tucumán,90,Tucumán,90084,6493
2022,Tucumán,90,Tucumán,90021,1085
2022,Tucumán,90,Tucumán,90014,2999
2022,Tucumán,90,Tucumán,90028,595
2022,Tucumán,90,Tucumán,90035,213
2022,Tucumán,90,Tucumán,90042,520
2022,Tucumán,90,Tucumán,90049,289
2022,Tucumán,90,Tucumán,90056,755
2022,Tucumán,90,Tucumán,90063,912
2022,Tucumán,90,Tucumán,90070,898
2022,Tucumán,90,Tucumán,90077,838
2022,Tucumán,90,Tucumán,90091,392
2022,Tucumán,90,Tucumán,90098,217
2022,Tucumán,90,Tucumán,90105,1819
2022,Tucumán,90,Tucumán,90112,328
2022,Tucumán,90,Tucumán,90119,1103
2023,Buenos Aires,6,Buenos Aires,06854,336
2023,Buenos Aires,6,Buenos Aires,06588,436
2023,Buenos Aires,6,Buenos Aires,06007,143
2023,Buenos Aires,6,Buenos Aires,06014,101
2023,Buenos Aires,6,Buenos Aires,06021,97
2023,Buenos Aires,6,Buenos Aires,06028,5521
2023,Buenos Aires,6,Buenos Aires,06077,362
2023,Buenos Aires,6,Buenos Aires,06035,3006
2023,Buenos Aires,6,Buenos Aires,06042,192
2023,Buenos Aires,6,Buenos Aires,06049,572
2023,Buenos Aires,6,Buenos Aires,06056,2639
2023,Buenos Aires,6,Buenos Aires,06063,525
2023,Buenos Aires,6,Buenos Aires,06070,411
2023,Buenos Aires,6,Buenos Aires,06084,177
2023,Buenos Aires,6,Buenos Aires,06091,3106
2023,Buenos Aires,6,Buenos Aires,06098,922
2023,Buenos Aires,6,Buenos Aires,06105,300
2023,Buenos Aires,6,Buenos Aires,06112,352
2023,Buenos Aires,6,Buenos Aires,06119,345
2023,Buenos Aires,6,Buenos Aires,06126,1032
2023,Buenos Aires,6,Buenos Aires,06140,149
2023,Buenos Aires,6,Buenos Aires,06147,219
2023,Buenos Aires,6,Buenos Aires,06154,86
2023,Buenos Aires,6,Buenos Aires,06161,175
2023,Buenos Aires,6,Buenos Aires,06168,91
2023,Buenos Aires,6,Buenos Aires,06134,777
2023,Buenos Aires,6,Buenos Aires,06210,471
2023,Buenos Aires,6,Buenos Aires,06218,350
2023,Buenos Aires,6,Buenos Aires,06224,633
2023,Buenos Aires,6,Buenos Aires,06175,223
2023,Buenos Aires,6,Buenos Aires,06182,481
2023,Buenos Aires,6,Buenos Aires,06189,157
2023,Buenos Aires,6,Buenos Aires,06196,236
2023,Buenos Aires,6,Buenos Aires,06203,342
2023,Buenos Aires,6,Buenos Aires,06231,172
2023,Buenos Aires,6,Buenos Aires,06238,277
2023,Buenos Aires,6,Buenos Aires,06245,588
2023,Buenos Aires,6,Buenos Aires,06252,2800
2023,Buenos Aires,6,Buenos Aires,06260,3601
2023,Buenos Aires,6,Buenos Aires,06266,466
2023,Buenos Aires,6,Buenos Aires,06270,2329
2023,Buenos Aires,6,Buenos Aires,06274,5605
2023,Buenos Aires,6,Buenos Aires,06277,92
2023,Buenos Aires,6,Buenos Aires,06280,406
2023,Buenos Aires,6,Buenos Aires,06287,100
2023,Buenos Aires,6,Buenos Aires,06294,124
2023,Buenos Aires,6,Buenos Aires,06301,194
2023,Buenos Aires,6,Buenos Aires,06308,19
2023,Buenos Aires,6,Buenos Aires,06315,216
2023,Buenos Aires,6,Buenos Aires,06322,125
2023,Buenos Aires,6,Buenos Aires,06329,164
2023,Buenos Aires,6,Buenos Aires,06336,49
2023,Buenos Aires,6,Buenos Aires,06343,123
2023,Buenos Aires,6,Buenos Aires,06351,140
2023,Buenos Aires,6,Buenos Aires,06357,5454
2023,Buenos Aires,6,Buenos Aires,06364,1931
2023,Buenos Aires,6,Buenos Aires,06371,3422
2023,Buenos Aires,6,Buenos Aires,06385,103
2023,Buenos Aires,6,Buenos Aires,06392,314
2023,Buenos Aires,6,Buenos Aires,06399,81
2023,Buenos Aires,6,Buenos Aires,06406,98
2023,Buenos Aires,6,Buenos Aires,06408,1384
2023,Buenos Aires,6,Buenos Aires,06410,1161
2023,Buenos Aires,6,Buenos Aires,06412,3626
2023,Buenos Aires,6,Buenos Aires,06413,872
2023,Buenos Aires,6,Buenos Aires,06420,818
2023,Buenos Aires,6,Buenos Aires,06427,15131
2023,Buenos Aires,6,Buenos Aires,06441,6963
2023,Buenos Aires,6,Buenos Aires,06434,3471
2023,Buenos Aires,6,Buenos Aires,06448,119
2023,Buenos Aires,6,Buenos Aires,06455,216
2023,Buenos Aires,6,Buenos Aires,06462,172
2023,Buenos Aires,6,Buenos Aires,06466,49
2023,Buenos Aires,6,Buenos Aires,06469,437
2023,Buenos Aires,6,Buenos Aires,06476,173
2023,Buenos Aires,6,Buenos Aires,06483,419
2023,Buenos Aires,6,Buenos Aires,06490,6643
2023,Buenos Aires,6,Buenos Aires,06497,1176
2023,Buenos Aires,6,Buenos Aires,06505,163
2023,Buenos Aires,6,Buenos Aires,06511,94
2023,Buenos Aires,6,Buenos Aires,06515,3444
2023,Buenos Aires,6,Buenos Aires,06518,271
2023,Buenos Aires,6,Buenos Aires,06525,741
2023,Buenos Aires,6,Buenos Aires,06532,669
2023,Buenos Aires,6,Buenos Aires,06539,5832
2023,Buenos Aires,6,Buenos Aires,06547,200
2023,Buenos Aires,6,Buenos Aires,06553,87
2023,Buenos Aires,6,Buenos Aires,06560,6164
2023,Buenos Aires,6,Buenos Aires,06568,2105
2023,Buenos Aires,6,Buenos Aires,06574,203
2023,Buenos Aires,6,Buenos Aires,06581,810
2023,Buenos Aires,6,Buenos Aires,06595,955
2023,Buenos Aires,6,Buenos Aires,06602,326
2023,Buenos Aires,6,Buenos Aires,06609,381
2023,Buenos Aires,6,Buenos Aires,06616,63
2023,Buenos Aires,6,Buenos Aires,06623,1028
2023,Buenos Aires,6,Buenos Aires,06630,43
2023,Buenos Aires,6,Buenos Aires,06638,4621
2023,Buenos Aires,6,Buenos Aires,06644,418
2023,Buenos Aires,6,Buenos Aires,06648,1355
2023,Buenos Aires,6,Buenos Aires,06651,121
2023,Buenos Aires,6,Buenos Aires,06655,106
2023,Buenos Aires,6,Buenos Aires,06658,5530
2023,Buenos Aires,6,Buenos Aires,06665,420
2023,Buenos Aires,6,Buenos Aires,06672,149
2023,Buenos Aires,6,Buenos Aires,06679,204
2023,Buenos Aires,6,Buenos Aires,06686,199
2023,Buenos Aires,6,Buenos Aires,06693,143
2023,Buenos Aires,6,Buenos Aires,06700,176
2023,Buenos Aires,6,Buenos Aires,06707,319
2023,Buenos Aires,6,Buenos Aires,06721,80
2023,Buenos Aires,6,Buenos Aires,06714,380
2023,Buenos Aires,6,Buenos Aires,06728,242
2023,Buenos Aires,6,Buenos Aires,06735,233
2023,Buenos Aires,6,Buenos Aires,06742,72
2023,Buenos Aires,6,Buenos Aires,06749,1431
2023,Buenos Aires,6,Buenos Aires,06756,2341
2023,Buenos Aires,6,Buenos Aires,06760,3220
2023,Buenos Aires,6,Buenos Aires,06763,1542
2023,Buenos Aires,6,Buenos Aires,06770,763
2023,Buenos Aires,6,Buenos Aires,06778,1088
2023,Buenos Aires,6,Buenos Aires,06784,108
2023,Buenos Aires,6,Buenos Aires,06791,1223
2023,Buenos Aires,6,Buenos Aires,06798,83
2023,Buenos Aires,6,Buenos Aires,06805,4030
2023,Buenos Aires,6,Buenos Aires,06812,23
2023,Buenos Aires,6,Buenos Aires,06819,122
2023,Buenos Aires,6,Buenos Aires,06826,536
2023,Buenos Aires,6,Buenos Aires,06833,528
2023,Buenos Aires,6,Buenos Aires,06840,2547
2023,Buenos Aires,6,Buenos Aires,06847,70
2023,Buenos Aires,6,Buenos Aires,06861,1649
2023,Buenos Aires,6,Buenos Aires,06868,383
2023,Buenos Aires,6,Buenos Aires,06875,305
2023,Buenos Aires,6,Buenos Aires,06882,1339
2023,Catamarca,10,Catamarca,10007,42
2023,Catamarca,10,Catamarca,10014,30
2023,Catamarca,10,Catamarca,10021,201
2023,Catamarca,10,Catamarca,10028,18
2023,Catamarca,10,Catamarca,10035,296
2023,Catamarca,10,Catamarca,10042,213
2023,Catamarca,10,Catamarca,10049,1759
2023,Catamarca,10,Catamarca,10056,55
2023,Catamarca,10,Catamarca,10063,142
2023,Catamarca,10,Catamarca,10070,293
2023,Catamarca,10,Catamarca,10077,43
2023,Catamarca,10,Catamarca,10084,126
2023,Catamarca,10,Catamarca,10091,229
2023,Catamarca,10,Catamarca,10098,143
2023,Catamarca,10,Catamarca,10105,231
2023,Catamarca,10,Catamarca,10112,341
2023,Chaco,22,Chaco,22036,304
2023,Chaco,22,Chaco,22126,190
2023,Chaco,22,Chaco,22039,112
2023,Chaco,22,Chaco,22168,372
2023,Chaco,22,Chaco,22105,440
2023,Chaco,22,Chaco,22007,625
2023,Chaco,22,Chaco,22014,402
2023,Chaco,22,Chaco,22028,452
2023,Chaco,22,Chaco,22021,1181
2023,Chaco,22,Chaco,22043,139
2023,Chaco,22,Chaco,22049,235
2023,Chaco,22,Chaco,22056,193
2023,Chaco,22,Chaco,22063,1428
2023,Chaco,22,Chaco,22070,387
2023,Chaco,22,Chaco,22077,193
2023,Chaco,22,Chaco,22084,1074
2023,Chaco,22,Chaco,22091,411
2023,Chaco,22,Chaco,22098,914
2023,Chaco,22,Chaco,22112,296
2023,Chaco,22,Chaco,22119,202
2023,Chaco,22,Chaco,22133,511
2023,Chaco,22,Chaco,22140,5108
2023,Chaco,22,Chaco,22147,240
2023,Chaco,22,Chaco,22154,248
2023,Chaco,22,Chaco,22161,45
2023,Chubut,26,Chubut,26007,912
2023,Chubut,26,Chubut,26014,200
2023,Chubut,26,Chubut,26021,2051
2023,Chubut,26,Chubut,26028,18
2023,Chubut,26,Chubut,26035,395
2023,Chubut,26,Chubut,26042,119
2023,Chubut,26,Chubut,26049,5
2023,Chubut,26,Chubut,26056,20
2023,Chubut,26,Chubut,26063,6
2023,Chubut,26,Chubut,26070,22
2023,Chubut,26,Chubut,26077,1234
2023,Chubut,26,Chubut,26084,76
2023,Chubut,26,Chubut,26091,161
2023,Chubut,26,Chubut,26098,55
2023,Chubut,26,Chubut,26105,6
2023,Córdoba,14,Córdoba,14007,676
2023,Córdoba,14,Córdoba,14014,13826
2023,Córdoba,14,Córdoba,14021,3112
2023,Córdoba,14,Córdoba,14028,811
2023,Córdoba,14,Córdoba,14035,373
2023,Córdoba,14,Córdoba,14042,1722
2023,Córdoba,14,Córdoba,14049,441
2023,Córdoba,14,Córdoba,14056,731
2023,Córdoba,14,Córdoba,14063,996
2023,Córdoba,14,Córdoba,14070,63
2023,Córdoba,14,Córdoba,14077,38
2023,Córdoba,14,Córdoba,14084,364
2023,Córdoba,14,Córdoba,14091,2008
2023,Córdoba,14,Córdoba,14098,2734
2023,Córdoba,14,Córdoba,14105,680
2023,Córdoba,14,Córdoba,14112,199
2023,Córdoba,14,Córdoba,14119,1240
2023,Córdoba,14,Córdoba,14126,427
2023,Córdoba,14,Córdoba,14133,710
2023,Córdoba,14,Córdoba,14140,2354
2023,Córdoba,14,Córdoba,14147,1425
2023,Córdoba,14,Córdoba,14154,47
2023,Córdoba,14,Córdoba,14161,1122
2023,Córdoba,14,Córdoba,14168,240
2023,Córdoba,14,Córdoba,14175,138
2023,Córdoba,14,Córdoba,14182,1130
2023,Corrientes,18,Corrientes,18007,560
2023,Corrientes,18,Corrientes,18014,33
2023,Corrientes,18,Corrientes,18021,4537
2023,Corrientes,18,Corrientes,18028,337
2023,Corrientes,18,Corrientes,18035,624
2023,Corrientes,18,Corrientes,18042,217
2023,Corrientes,18,Corrientes,18049,457
2023,Corrientes,18,Corrientes,18056,108
2023,Corrientes,18,Corrientes,18063,182
2023,Corrientes,18,Corrientes,18070,1122
2023,Corrientes,18,Corrientes,18077,139
2023,Corrientes,18,Corrientes,18084,480
2023,Corrientes,18,Corrientes,18091,581
2023,Corrientes,18,Corrientes,18098,128
2023,Corrientes,18,Corrientes,18105,704
2023,Corrientes,18,Corrientes,18112,471
2023,Corrientes,18,Corrientes,18119,772
2023,Corrientes,18,Corrientes,18126,328
2023,Corrientes,18,Corrientes,18133,210
2023,Corrientes,18,Corrientes,18140,262
2023,Corrientes,18,Corrientes,18147,202
2023,Corrientes,18,Corrientes,18154,197
2023,Corrientes,18,Corrientes,18161,303
2023,Corrientes,18,Corrientes,18168,1050
2023,Corrientes,18,Corrientes,18175,109
2023,Entre Ríos,30,Entre Ríos,30008,655
2023,Entre Ríos,30,Entre Ríos,30015,2230
2023,Entre Ríos,30,Entre Ríos,30021,462
2023,Entre Ríos,30,Entre Ríos,30028,907
2023,Entre Ríos,30,Entre Ríos,30035,305
2023,Entre Ríos,30,Entre Ríos,30042,203
2023,Entre Ríos,30,Entre Ríos,30049,614
2023,Entre Ríos,30,Entre Ríos,30056,1112
2023,Entre Ríos,30,Entre Ríos,30063,150
2023,Entre Ríos,30,Entre Ríos,30070,897
2023,Entre Ríos,30,Entre Ríos,30077,373
2023,Entre Ríos,30,Entre Ríos,30084,3519
2023,Entre Ríos,30,Entre Ríos,30088,254
2023,Entre Ríos,30,Entre Ríos,30091,267
2023,Entre Ríos,30,Entre Ríos,30098,973
2023,Entre Ríos,30,Entre Ríos,30105,384
2023,Entre Ríos,30,Entre Ríos,30113,610
2023,Formosa,34,Formosa,34007,327
2023,Formosa,34,Formosa,34014,3083
2023,Formosa,34,Formosa,34021,229
2023,Formosa,34,Formosa,34028,379
2023,Formosa,34,Formosa,34035,1020
2023,Formosa,34,Formosa,34042,257
2023,Formosa,34,Formosa,34049,1348
2023,Formosa,34,Formosa,34056,837
2023,Formosa,34,Formosa,34063,473
2023,Jujuy,38,Jujuy,38007,148
2023,Jujuy,38,Jujuy,38021,2355
2023,Jujuy,38,Jujuy,38014,1206
2023,Jujuy,38,Jujuy,38028,181
2023,Jujuy,38,Jujuy,38035,908
2023,Jujuy,38,Jujuy,38042,486
2023,Jujuy,38,Jujuy,38049,19
2023,Jujuy,38,Jujuy,38056,79
2023,Jujuy,38,Jujuy,38063,794
2023,Jujuy,38,Jujuy,38070,259
2023,Jujuy,38,Jujuy,38077,33
2023,Jujuy,38,Jujuy,38084,49
2023,Jujuy,38,Jujuy,38094,116
2023,Jujuy,38,Jujuy,38098,64
2023,Jujuy,38,Jujuy,38105,27
2023,Jujuy,38,Jujuy,38112,265
2023,La Pampa,42,La Pampa,42007,88
2023,La Pampa,42,La Pampa,42014,20
2023,La Pampa,42,La Pampa,42021,989
2023,La Pampa,42,La Pampa,42028,95
2023,La Pampa,42,La Pampa,42049,23
2023,La Pampa,42,La Pampa,42056,124
2023,La Pampa,42,La Pampa,42063,17
2023,La Pampa,42,La Pampa,42035,127
2023,La Pampa,42,La Pampa,42042,8
2023,La Pampa,42,La Pampa,42070,115
2023,La Pampa,42,La Pampa,42077,60
2023,La Pampa,42,La Pampa,42084,2
2023,La Pampa,42,La Pampa,42091,3
2023,La Pampa,42,La Pampa,42098,64
2023,La Pampa,42,La Pampa,42105,644
2023,La Pampa,42,La Pampa,42112,135
2023,La Pampa,42,La Pampa,42119,66
2023,La Pampa,42,La Pampa,42126,96
2023,La Pampa,42,La Pampa,42133,154
2023,La Pampa,42,La Pampa,42140,169
2023,La Pampa,42,La Pampa,42147,48
2023,La Pampa,42,La Pampa,42154,179
2023,La Rioja,46,La Rioja,46007,202
2023,La Rioja,46,La Rioja,46014,2256
2023,La Rioja,46,La Rioja,46021,44
2023,La Rioja,46,La Rioja,46035,158
2023,La Rioja,46,La Rioja,46042,639
2023,La Rioja,46,La Rioja,46028,95
2023,La Rioja,46,La Rioja,46049,68
2023,La Rioja,46,La Rioja,46056,32
2023,La Rioja,46,La Rioja,46063,95
2023,La Rioja,46,La Rioja,46070,34
2023,La Rioja,46,La Rioja,46077,25
2023,La Rioja,46,La Rioja,46084,76
2023,La Rioja,46,La Rioja,46091,64
2023,La Rioja,46,La Rioja,46105,38
2023,La Rioja,46,La Rioja,46112,164
2023,La Rioja,46,La Rioja,46119,31
2023,La Rioja,46,La Rioja,46126,31
2023,La Rioja,46,La Rioja,46098,22
2023,Mendoza,50,Mendoza,50007,992
2023,Mendoza,50,Mendoza,50014,527
2023,Mendoza,50,Mendoza,50021,1638
2023,Mendoza,50,Mendoza,50028,3081
2023,Mendoza,50,Mendoza,50035,488
2023,Mendoza,50,Mendoza,50042,126
2023,Mendoza,50,Mendoza,50049,2299
2023,Mendoza,50,Mendoza,50056,665
2023,Mendoza,50,Mendoza,50063,1662
2023,Mendoza,50,Mendoza,50070,2324
2023,Mendoza,50,Mendoza,50077,323
2023,Mendoza,50,Mendoza,50084,592
2023,Mendoza,50,Mendoza,50091,428
2023,Mendoza,50,Mendoza,50098,1410
2023,Mendoza,50,Mendoza,50105,1939
2023,Mendoza,50,Mendoza,50112,183
2023,Mendoza,50,Mendoza,50119,625
2023,Mendoza,50,Mendoza,50126,550
2023,Misiones,54,Misiones,54119,504
2023,Misiones,54,Misiones,54007,702
2023,Misiones,54,Misiones,54014,1097
2023,Misiones,54,Misiones,54021,596
2023,Misiones,54,Misiones,54028,4703
2023,Misiones,54,Misiones,54035,149
2023,Misiones,54,Misiones,54042,1253
2023,Misiones,54,Misiones,54049,1025
2023,Misiones,54,Misiones,54056,1504
2023,Misiones,54,Misiones,54063,1651
2023,Misiones,54,Misiones,54070,686
2023,Misiones,54,Misiones,54077,736
2023,Misiones,54,Misiones,54084,576
2023,Misiones,54,Misiones,54091,1721
2023,Misiones,54,Misiones,54098,968
2023,Misiones,54,Misiones,54105,385
2023,Misiones,54,Misiones,54112,703
2023,Neuquén,58,Neuquén,58007,122
2023,Neuquén,58,Neuquén,58014,293
2023,Neuquén,58,Neuquén,58021,14
2023,Neuquén,58,Neuquén,58042,146
2023,Neuquén,58,Neuquén,58028,33
2023,Neuquén,58,Neuquén,58035,4569
2023,Neuquén,58,Neuquén,58049,205
2023,Neuquén,58,Neuquén,58056,370
2023,Neuquén,58,Neuquén,58063,71
2023,Neuquén,58,Neuquén,58070,126
2023,Neuquén,58,Neuquén,58077,86
2023,Neuquén,58,Neuquén,58091,311
2023,Neuquén,58,Neuquén,58098,45
2023,Neuquén,58,Neuquén,58105,72
2023,Neuquén,58,Neuquén,58112,416
2023,Neuquén,58,Neuquén,58084,56
2023,Río Negro,62,Río Negro,62091,128
2023,Río Negro,62,Río Negro,62049,33
2023,Río Negro,62,Río Negro,62007,722
2023,Río Negro,62,Río Negro,62014,407
2023,Río Negro,62,Río Negro,62021,1456
2023,Río Negro,62,Río Negro,62028,80
2023,Río Negro,62,Río Negro,62035,42
2023,Río Negro,62,Río Negro,62042,3769
2023,Río Negro,62,Río Negro,62063,131
2023,Río Negro,62,Río Negro,62070,65
2023,Río Negro,62,Río Negro,62077,388
2023,Río Negro,62,Río Negro,62084,53
2023,Río Negro,62,Río Negro,62056,12
2023,Salta,66,Salta,66007,936
2023,Salta,66,Salta,66014,106
2023,Salta,66,Salta,66021,207
2023,Salta,66,Salta,66028,5693
2023,Salta,66,Salta,66035,692
2023,Salta,66,Salta,66042,271
2023,Salta,66,Salta,66049,554
2023,Salta,66,Salta,66056,2809
2023,Salta,66,Salta,66063,34
2023,Salta,66,Salta,66070,53
2023,Salta,66,Salta,66077,122
2023,Salta,66,Salta,66084,64
2023,Salta,66,Salta,66091,9
2023,Salta,66,Salta,66098,107
2023,Salta,66,Salta,66105,103
2023,Salta,66,Salta,66112,487
2023,Salta,66,Salta,66119,73
2023,Salta,66,Salta,66126,2154
2023,Salta,66,Salta,66133,806
2023,Salta,66,Salta,66140,363
2023,Salta,66,Salta,66147,560
2023,Salta,66,Salta,66154,65
2023,Salta,66,Salta,66161,102
2023,San Juan,70,San Juan,70126,341
2023,San Juan,70,San Juan,70063,182
2023,San Juan,70,San Juan,70007,388
2023,San Juan,70,San Juan,70014,127
2023,San Juan,70,San Juan,70021,143
2023,San Juan,70,San Juan,70028,1013
2023,San Juan,70,San Juan,70035,563
2023,San Juan,70,San Juan,70042,1325
2023,San Juan,70,San Juan,70049,106
2023,San Juan,70,San Juan,70056,243
2023,San Juan,70,San Juan,70070,973
2023,San Juan,70,San Juan,70077,1534
2023,San Juan,70,San Juan,70084,1074
2023,San Juan,70,San Juan,70091,200
2023,San Juan,70,San Juan,70098,679
2023,San Juan,70,San Juan,70105,431
2023,San Juan,70,San Juan,70112,115
2023,San Juan,70,San Juan,70119,99
2023,San Juan,70,San Juan,70133,78
2023,San Luis,74,San Luis,74007,193
2023,San Luis,74,San Luis,74014,44
2023,San Luis,74,San Luis,74028,207
2023,San Luis,74,San Luis,74021,127
2023,San Luis,74,San Luis,74035,1571
2023,San Luis,74,San Luis,74042,147
2023,San Luis,74,San Luis,74056,2249
2023,San Luis,74,San Luis,74049,338
2023,San Luis,74,San Luis,74063,39
2023,Santa Cruz,78,Santa Cruz,78007,146
2023,Santa Cruz,78,Santa Cruz,78014,1269
2023,Santa Cruz,78,Santa Cruz,78021,1163
2023,Santa Cruz,78,Santa Cruz,78028,241
2023,Santa Cruz,78,Santa Cruz,78035,127
2023,Santa Cruz,78,Santa Cruz,78042,120
2023,Santa Cruz,78,Santa Cruz,78049,64
2023,Santa Fe,82,Santa Fe,82077,407
2023,Santa Fe,82,Santa Fe,82007,409
2023,Santa Fe,82,Santa Fe,82014,826
2023,Santa Fe,82,Santa Fe,82021,1856
2023,Santa Fe,82,Santa Fe,82028,834
2023,Santa Fe,82,Santa Fe,82035,328
2023,Santa Fe,82,Santa Fe,82042,1939
2023,Santa Fe,82,Santa Fe,82049,2228
2023,Santa Fe,82,Santa Fe,82056,683
2023,Santa Fe,82,Santa Fe,82063,5960
2023,Santa Fe,82,Santa Fe,82070,1113
2023,Santa Fe,82,Santa Fe,82084,13720
2023,Santa Fe,82,Santa Fe,82091,797
2023,Santa Fe,82,Santa Fe,82098,468
2023,Santa Fe,82,Santa Fe,82105,922
2023,Santa Fe,82,Santa Fe,82112,498
2023,Santa Fe,82,Santa Fe,82119,2174
2023,Santa Fe,82,Santa Fe,82126,669
2023,Santa Fe,82,Santa Fe,82133,670
2023,Santiago del Estero,86,Santiago del Estero,86007,99
2023,Santiago del Estero,86,Santiago del Estero,86014,330
2023,Santiago del Estero,86,Santiago del Estero,86021,210
2023,Santiago del Estero,86,Santiago del Estero,86028,389
2023,Santiago del Estero,86,Santiago del Estero,86035,2311
2023,Santiago del Estero,86,Santiago del Estero,86042,131
2023,Santiago del Estero,86,Santiago del Estero,86049,3497
2023,Santiago del Estero,86,Santiago del Estero,86063,478
2023,Santiago del Estero,86,Santiago del Estero,86056,526
2023,Santiago del Estero,86,Santiago del Estero,86070,294
2023,Santiago del Estero,86,Santiago del Estero,86077,748
2023,Santiago del Estero,86,Santiago del Estero,86084,89
2023,Santiago del Estero,86,Santiago del Estero,86091,222
2023,Santiago del Estero,86,Santiago del Estero,86098,276
2023,Santiago del Estero,86,Santiago del Estero,86105,343
2023,Santiago del Estero,86,Santiago del Estero,86112,9
2023,Santiago del Estero,86,Santiago del Estero,86119,600
2023,Santiago del Estero,86,Santiago del Estero,86126,185
2023,Santiago del Estero,86,Santiago del Estero,86133,350
2023,Santiago del Estero,86,Santiago del Estero,86140,85
2023,Santiago del Estero,86,Santiago del Estero,86147,868
2023,Santiago del Estero,86,Santiago del Estero,86154,43
2023,Santiago del Estero,86,Santiago del Estero,86161,806
2023,Santiago del Estero,86,Santiago del Estero,86168,212
2023,Santiago del Estero,86,Santiago del Estero,86175,140
2023,Santiago del Estero,86,Santiago del Estero,86182,68
2023,Santiago del Estero,86,Santiago del Estero,86189,110
2023,Tierra del Fuego,94,Tierra del Fuego,94008,787
2023,Tierra del Fuego,94,Tierra del Fuego,94015,579
2023,Tucumán,90,Tucumán,90007,586
2023,Tucumán,90,Tucumán,90084,5647
2023,Tucumán,90,Tucumán,90021,979
2023,Tucumán,90,Tucumán,90014,2802
2023,Tucumán,90,Tucumán,90028,511
2023,Tucumán,90,Tucumán,90035,173
2023,Tucumán,90,Tucumán,90042,397
2023,Tucumán,90,Tucumán,90049,242
2023,Tucumán,90,Tucumán,90056,706
2023,Tucumán,90,Tucumán,90063,832
2023,Tucumán,90,Tucumán,90070,716
2023,Tucumán,90,Tucumán,90077,786
2023,Tucumán,90,Tucumán,90091,353
2023,Tucumán,90,Tucumán,90098,192
2023,Tucumán,90,Tucumán,90105,1677
2023,Tucumán,90,Tucumán,90112,299
2023,Tucumán,90,Tucumán,90119,1026
2024,Buenos Aires,6,Buenos Aires,06854,282
2024,Buenos Aires,6,Buenos Aires,06588,390
2024,Buenos Aires,6,Buenos Aires,06007,131
2024,Buenos Aires,6,Buenos Aires,06014,85
2024,Buenos Aires,6,Buenos Aires,06021,83
2024,Buenos Aires,6,Buenos Aires,06028,5251
2024,Buenos Aires,6,Buenos Aires,06077,302
2024,Buenos Aires,6,Buenos Aires,06035,2704
2024,Buenos Aires,6,Buenos Aires,06042,220
2024,Buenos Aires,6,Buenos Aires,06049,521
2024,Buenos Aires,6,Buenos Aires,06056,2535
2024,Buenos Aires,6,Buenos Aires,06063,422
2024,Buenos Aires,6,Buenos Aires,06070,378
2024,Buenos Aires,6,Buenos Aires,06084,167
2024,Buenos Aires,6,Buenos Aires,06091,2874
2024,Buenos Aires,6,Buenos Aires,06098,864
2024,Buenos Aires,6,Buenos Aires,06105,299
2024,Buenos Aires,6,Buenos Aires,06112,335
2024,Buenos Aires,6,Buenos Aires,06119,301
2024,Buenos Aires,6,Buenos Aires,06126,990
2024,Buenos Aires,6,Buenos Aires,06140,139
2024,Buenos Aires,6,Buenos Aires,06147,196
2024,Buenos Aires,6,Buenos Aires,06154,102
2024,Buenos Aires,6,Buenos Aires,06161,165
2024,Buenos Aires,6,Buenos Aires,06168,93
2024,Buenos Aires,6,Buenos Aires,06134,704
2024,Buenos Aires,6,Buenos Aires,06210,429
2024,Buenos Aires,6,Buenos Aires,06218,338
2024,Buenos Aires,6,Buenos Aires,06224,586
2024,Buenos Aires,6,Buenos Aires,06175,197
2024,Buenos Aires,6,Buenos Aires,06182,420
2024,Buenos Aires,6,Buenos Aires,06189,115
2024,Buenos Aires,6,Buenos Aires,06196,215
2024,Buenos Aires,6,Buenos Aires,06203,309
2024,Buenos Aires,6,Buenos Aires,06231,164
2024,Buenos Aires,6,Buenos Aires,06238,240
2024,Buenos Aires,6,Buenos Aires,06245,515
2024,Buenos Aires,6,Buenos Aires,06252,2545
2024,Buenos Aires,6,Buenos Aires,06260,3287
2024,Buenos Aires,6,Buenos Aires,06266,401
2024,Buenos Aires,6,Buenos Aires,06270,2112
2024,Buenos Aires,6,Buenos Aires,06274,5167
2024,Buenos Aires,6,Buenos Aires,06277,80
2024,Buenos Aires,6,Buenos Aires,06280,402
2024,Buenos Aires,6,Buenos Aires,06287,90
2024,Buenos Aires,6,Buenos Aires,06294,126
2024,Buenos Aires,6,Buenos Aires,06301,169
2024,Buenos Aires,6,Buenos Aires,06308,16
2024,Buenos Aires,6,Buenos Aires,06315,204
2024,Buenos Aires,6,Buenos Aires,06322,102
2024,Buenos Aires,6,Buenos Aires,06329,152
2024,Buenos Aires,6,Buenos Aires,06336,48
2024,Buenos Aires,6,Buenos Aires,06343,90
2024,Buenos Aires,6,Buenos Aires,06351,105
2024,Buenos Aires,6,Buenos Aires,06357,5182
2024,Buenos Aires,6,Buenos Aires,06364,1695
2024,Buenos Aires,6,Buenos Aires,06371,3075
2024,Buenos Aires,6,Buenos Aires,06385,122
2024,Buenos Aires,6,Buenos Aires,06392,262
2024,Buenos Aires,6,Buenos Aires,06399,85
2024,Buenos Aires,6,Buenos Aires,06406,68
2024,Buenos Aires,6,Buenos Aires,06408,1243
2024,Buenos Aires,6,Buenos Aires,06410,1084
2024,Buenos Aires,6,Buenos Aires,06412,3404
2024,Buenos Aires,6,Buenos Aires,06413,917
2024,Buenos Aires,6,Buenos Aires,06420,756
2024,Buenos Aires,6,Buenos Aires,06427,13861
2024,Buenos Aires,6,Buenos Aires,06441,6351
2024,Buenos Aires,6,Buenos Aires,06434,3229
2024,Buenos Aires,6,Buenos Aires,06448,99
2024,Buenos Aires,6,Buenos Aires,06455,187
2024,Buenos Aires,6,Buenos Aires,06462,130
2024,Buenos Aires,6,Buenos Aires,06466,42
2024,Buenos Aires,6,Buenos Aires,06469,409
2024,Buenos Aires,6,Buenos Aires,06476,142
2024,Buenos Aires,6,Buenos Aires,06483,363
2024,Buenos Aires,6,Buenos Aires,06490,6155
2024,Buenos Aires,6,Buenos Aires,06497,1147
2024,Buenos Aires,6,Buenos Aires,06505,147
2024,Buenos Aires,6,Buenos Aires,06511,82
2024,Buenos Aires,6,Buenos Aires,06515,3193
2024,Buenos Aires,6,Buenos Aires,06518,255
2024,Buenos Aires,6,Buenos Aires,06525,697
2024,Buenos Aires,6,Buenos Aires,06532,628
2024,Buenos Aires,6,Buenos Aires,06539,5295
2024,Buenos Aires,6,Buenos Aires,06547,200
2024,Buenos Aires,6,Buenos Aires,06553,80
2024,Buenos Aires,6,Buenos Aires,06560,5415
2024,Buenos Aires,6,Buenos Aires,06568,1989
2024,Buenos Aires,6,Buenos Aires,06574,182
2024,Buenos Aires,6,Buenos Aires,06581,701
2024,Buenos Aires,6,Buenos Aires,06595,897
2024,Buenos Aires,6,Buenos Aires,06602,297
2024,Buenos Aires,6,Buenos Aires,06609,359
2024,Buenos Aires,6,Buenos Aires,06616,54
2024,Buenos Aires,6,Buenos Aires,06623,970
2024,Buenos Aires,6,Buenos Aires,06630,51
2024,Buenos Aires,6,Buenos Aires,06638,4276
2024,Buenos Aires,6,Buenos Aires,06644,323
2024,Buenos Aires,6,Buenos Aires,06648,1217
2024,Buenos Aires,6,Buenos Aires,06651,85
2024,Buenos Aires,6,Buenos Aires,06655,98
2024,Buenos Aires,6,Buenos Aires,06658,5146
2024,Buenos Aires,6,Buenos Aires,06665,355
2024,Buenos Aires,6,Buenos Aires,06672,127
2024,Buenos Aires,6,Buenos Aires,06679,169
2024,Buenos Aires,6,Buenos Aires,06686,178
2024,Buenos Aires,6,Buenos Aires,06693,127
2024,Buenos Aires,6,Buenos Aires,06700,158
2024,Buenos Aires,6,Buenos Aires,06707,301
2024,Buenos Aires,6,Buenos Aires,06721,70
2024,Buenos Aires,6,Buenos Aires,06714,303
2024,Buenos Aires,6,Buenos Aires,06728,264
2024,Buenos Aires,6,Buenos Aires,06735,210
2024,Buenos Aires,6,Buenos Aires,06742,67
2024,Buenos Aires,6,Buenos Aires,06749,1263
2024,Buenos Aires,6,Buenos Aires,06756,2244
2024,Buenos Aires,6,Buenos Aires,06760,3021
2024,Buenos Aires,6,Buenos Aires,06763,1429
2024,Buenos Aires,6,Buenos Aires,06770,684
2024,Buenos Aires,6,Buenos Aires,06778,1025
2024,Buenos Aires,6,Buenos Aires,06784,95
2024,Buenos Aires,6,Buenos Aires,06791,1073
2024,Buenos Aires,6,Buenos Aires,06798,85
2024,Buenos Aires,6,Buenos Aires,06805,3743
2024,Buenos Aires,6,Buenos Aires,06812,23
2024,Buenos Aires,6,Buenos Aires,06819,126
2024,Buenos Aires,6,Buenos Aires,06826,452
2024,Buenos Aires,6,Buenos Aires,06833,518
2024,Buenos Aires,6,Buenos Aires,06840,2200
2024,Buenos Aires,6,Buenos Aires,06847,66
2024,Buenos Aires,6,Buenos Aires,06861,1567
2024,Buenos Aires,6,Buenos Aires,06868,341
2024,Buenos Aires,6,Buenos Aires,06875,310
2024,Buenos Aires,6,Buenos Aires,06882,1234
2024,Catamarca,10,Catamarca,10007,31
2024,Catamarca,10,Catamarca,10014,21
2024,Catamarca,10,Catamarca,10021,187
2024,Catamarca,10,Catamarca,10028,19
2024,Catamarca,10,Catamarca,10035,258
2024,Catamarca,10,Catamarca,10042,208
2024,Catamarca,10,Catamarca,10049,1667
2024,Catamarca,10,Catamarca,10056,43
2024,Catamarca,10,Catamarca,10063,106
2024,Catamarca,10,Catamarca,10070,264
2024,Catamarca,10,Catamarca,10077,32
2024,Catamarca,10,Catamarca,10084,94
2024,Catamarca,10,Catamarca,10091,218
2024,Catamarca,10,Catamarca,10098,151
2024,Catamarca,10,Catamarca,10105,199
2024,Catamarca,10,Catamarca,10112,304
2024,Chaco,22,Chaco,22036,252
2024,Chaco,22,Chaco,22126,155
2024,Chaco,22,Chaco,22039,69
2024,Chaco,22,Chaco,22168,275
2024,Chaco,22,Chaco,22105,376
2024,Chaco,22,Chaco,22007,434
2024,Chaco,22,Chaco,22014,324
2024,Chaco,22,Chaco,22028,328
2024,Chaco,22,Chaco,22021,919
2024,Chaco,22,Chaco,22043,95
2024,Chaco,22,Chaco,22049,166
2024,Chaco,22,Chaco,22056,152
2024,Chaco,22,Chaco,22063,1070
2024,Chaco,22,Chaco,22070,261
2024,Chaco,22,Chaco,22077,174
2024,Chaco,22,Chaco,22084,657
2024,Chaco,22,Chaco,22091,336
2024,Chaco,22,Chaco,22098,647
2024,Chaco,22,Chaco,22112,195
2024,Chaco,22,Chaco,22119,133
2024,Chaco,22,Chaco,22133,378
2024,Chaco,22,Chaco,22140,4345
2024,Chaco,22,Chaco,22147,148
2024,Chaco,22,Chaco,22154,173
2024,Chaco,22,Chaco,22161,34
2024,Chubut,26,Chubut,26007,811
2024,Chubut,26,Chubut,26014,155
2024,Chubut,26,Chubut,26021,1922
2024,Chubut,26,Chubut,26028,9
2024,Chubut,26,Chubut,26035,368
2024,Chubut,26,Chubut,26042,141
2024,Chubut,26,Chubut,26049,5
2024,Chubut,26,Chubut,26056,30
2024,Chubut,26,Chubut,26063,8
2024,Chubut,26,Chubut,26070,15
2024,Chubut,26,Chubut,26077,1189
2024,Chubut,26,Chubut,26084,56
2024,Chubut,26,Chubut,26091,159
2024,Chubut,26,Chubut,26098,51
2024,Chubut,26,Chubut,26105,8
2024,Córdoba,14,Córdoba,14007,674
2024,Córdoba,14,Córdoba,14014,12141
2024,Córdoba,14,Córdoba,14021,2824
2024,Córdoba,14,Córdoba,14028,652
2024,Córdoba,14,Córdoba,14035,319
2024,Córdoba,14,Córdoba,14042,1419
2024,Córdoba,14,Córdoba,14049,366
2024,Córdoba,14,Córdoba,14056,605
2024,Córdoba,14,Córdoba,14063,913
2024,Córdoba,14,Córdoba,14070,40
2024,Córdoba,14,Córdoba,14077,32
2024,Córdoba,14,Córdoba,14084,355
2024,Córdoba,14,Córdoba,14091,1738
2024,Córdoba,14,Córdoba,14098,2563
2024,Córdoba,14,Córdoba,14105,542
2024,Córdoba,14,Córdoba,14112,167
2024,Córdoba,14,Córdoba,14119,1096
2024,Córdoba,14,Córdoba,14126,389
2024,Córdoba,14,Córdoba,14133,532
2024,Córdoba,14,Córdoba,14140,2095
2024,Córdoba,14,Córdoba,14147,1203
2024,Córdoba,14,Córdoba,14154,46
2024,Córdoba,14,Córdoba,14161,946
2024,Córdoba,14,Córdoba,14168,223
2024,Córdoba,14,Córdoba,14175,133
2024,Córdoba,14,Córdoba,14182,1059
2024,Corrientes,18,Corrientes,18007,481
2024,Corrientes,18,Corrientes,18014,33
2024,Corrientes,18,Corrientes,18021,3995
2024,Corrientes,18,Corrientes,18028,322
2024,Corrientes,18,Corrientes,18035,510
2024,Corrientes,18,Corrientes,18042,159
2024,Corrientes,18,Corrientes,18049,429
2024,Corrientes,18,Corrientes,18056,76
2024,Corrientes,18,Corrientes,18063,159
2024,Corrientes,18,Corrientes,18070,1030
2024,Corrientes,18,Corrientes,18077,113
2024,Corrientes,18,Corrientes,18084,400
2024,Corrientes,18,Corrientes,18091,495
2024,Corrientes,18,Corrientes,18098,111
2024,Corrientes,18,Corrientes,18105,584
2024,Corrientes,18,Corrientes,18112,400
2024,Corrientes,18,Corrientes,18119,650
2024,Corrientes,18,Corrientes,18126,231
2024,Corrientes,18,Corrientes,18133,213
2024,Corrientes,18,Corrientes,18140,228
2024,Corrientes,18,Corrientes,18147,197
2024,Corrientes,18,Corrientes,18154,172
2024,Corrientes,18,Corrientes,18161,273
2024,Corrientes,18,Corrientes,18168,841
2024,Corrientes,18,Corrientes,18175,108
2024,Entre Ríos,30,Entre Ríos,30008,593
2024,Entre Ríos,30,Entre Ríos,30015,2091
2024,Entre Ríos,30,Entre Ríos,30021,408
2024,Entre Ríos,30,Entre Ríos,30028,852
2024,Entre Ríos,30,Entre Ríos,30035,243
2024,Entre Ríos,30,Entre Ríos,30042,146
2024,Entre Ríos,30,Entre Ríos,30049,584
2024,Entre Ríos,30,Entre Ríos,30056,993
2024,Entre Ríos,30,Entre Ríos,30063,148
2024,Entre Ríos,30,Entre Ríos,30070,658
2024,Entre Ríos,30,Entre Ríos,30077,355
2024,Entre Ríos,30,Entre Ríos,30084,3131
2024,Entre Ríos,30,Entre Ríos,30088,202
2024,Entre Ríos,30,Entre Ríos,30091,241
2024,Entre Ríos,30,Entre Ríos,30098,894
2024,Entre Ríos,30,Entre Ríos,30105,305
2024,Entre Ríos,30,Entre Ríos,30113,522
2024,Formosa,34,Formosa,34007,247
2024,Formosa,34,Formosa,34014,2553
2024,Formosa,34,Formosa,34021,207
2024,Formosa,34,Formosa,34028,291
2024,Formosa,34,Formosa,34035,824
2024,Formosa,34,Formosa,34042,198
2024,Formosa,34,Formosa,34049,1034
2024,Formosa,34,Formosa,34056,692
2024,Formosa,34,Formosa,34063,331
2024,Jujuy,38,Jujuy,38007,112
2024,Jujuy,38,Jujuy,38021,2095
2024,Jujuy,38,Jujuy,38014,928
2024,Jujuy,38,Jujuy,38028,131
2024,Jujuy,38,Jujuy,38035,848
2024,Jujuy,38,Jujuy,38042,447
2024,Jujuy,38,Jujuy,38049,16
2024,Jujuy,38,Jujuy,38056,48
2024,Jujuy,38,Jujuy,38063,698
2024,Jujuy,38,Jujuy,38070,174
2024,Jujuy,38,Jujuy,38077,31
2024,Jujuy,38,Jujuy,38084,46
2024,Jujuy,38,Jujuy,38094,119
2024,Jujuy,38,Jujuy,38098,38
2024,Jujuy,38,Jujuy,38105,18
2024,Jujuy,38,Jujuy,38112,253
2024,La Pampa,42,La Pampa,42007,94
2024,La Pampa,42,La Pampa,42014,16
2024,La Pampa,42,La Pampa,42021,854
2024,La Pampa,42,La Pampa,42028,89
2024,La Pampa,42,La Pampa,42049,27
2024,La Pampa,42,La Pampa,42056,109
2024,La Pampa,42,La Pampa,42063,12
2024,La Pampa,42,La Pampa,42035,111
2024,La Pampa,42,La Pampa,42042,14
2024,La Pampa,42,La Pampa,42070,151
2024,La Pampa,42,La Pampa,42077,59
2024,La Pampa,42,La Pampa,42084,3
2024,La Pampa,42,La Pampa,42091,4
2024,La Pampa,42,La Pampa,42098,53
2024,La Pampa,42,La Pampa,42105,604
2024,La Pampa,42,La Pampa,42112,124
2024,La Pampa,42,La Pampa,42119,60
2024,La Pampa,42,La Pampa,42126,84
2024,La Pampa,42,La Pampa,42133,163
2024,La Pampa,42,La Pampa,42140,181
2024,La Pampa,42,La Pampa,42147,55
2024,La Pampa,42,La Pampa,42154,145
2024,La Rioja,46,La Rioja,46007,172
2024,La Rioja,46,La Rioja,46014,1990
2024,La Rioja,46,La Rioja,46021,31
2024,La Rioja,46,La Rioja,46035,123
2024,La Rioja,46,La Rioja,46042,523
2024,La Rioja,46,La Rioja,46028,71
2024,La Rioja,46,La Rioja,46049,56
2024,La Rioja,46,La Rioja,46056,30
2024,La Rioja,46,La Rioja,46063,76
2024,La Rioja,46,La Rioja,46070,34
2024,La Rioja,46,La Rioja,46077,20
2024,La Rioja,46,La Rioja,46084,59
2024,La Rioja,46,La Rioja,46091,35
2024,La Rioja,46,La Rioja,46105,30
2024,La Rioja,46,La Rioja,46112,134
2024,La Rioja,46,La Rioja,46119,36
2024,La Rioja,46,La Rioja,46126,32
2024,La Rioja,46,La Rioja,46098,25
2024,Mendoza,50,Mendoza,50007,985
2024,Mendoza,50,Mendoza,50014,477
2024,Mendoza,50,Mendoza,50021,1582
2024,Mendoza,50,Mendoza,50028,2803
2024,Mendoza,50,Mendoza,50035,432
2024,Mendoza,50,Mendoza,50042,121
2024,Mendoza,50,Mendoza,50049,2131
2024,Mendoza,50,Mendoza,50056,580
2024,Mendoza,50,Mendoza,50063,1430
2024,Mendoza,50,Mendoza,50070,2124
2024,Mendoza,50,Mendoza,50077,312
2024,Mendoza,50,Mendoza,50084,610
2024,Mendoza,50,Mendoza,50091,429
2024,Mendoza,50,Mendoza,50098,1237
2024,Mendoza,50,Mendoza,50105,1774
2024,Mendoza,50,Mendoza,50112,206
2024,Mendoza,50,Mendoza,50119,641
2024,Mendoza,50,Mendoza,50126,473
2024,Misiones,54,Misiones,54119,423
2024,Misiones,54,Misiones,54007,610
2024,Misiones,54,Misiones,54014,915
2024,Misiones,54,Misiones,54021,419
2024,Misiones,54,Misiones,54028,4013
2024,Misiones,54,Misiones,54035,130
2024,Misiones,54,Misiones,54042,1086
2024,Misiones,54,Misiones,54049,849
2024,Misiones,54,Misiones,54056,1301
2024,Misiones,54,Misiones,54063,1383
2024,Misiones,54,Misiones,54070,541
2024,Misiones,54,Misiones,54077,630
2024,Misiones,54,Misiones,54084,450
2024,Misiones,54,Misiones,54091,1518
2024,Misiones,54,Misiones,54098,790
2024,Misiones,54,Misiones,54105,314
2024,Misiones,54,Misiones,54112,637
2024,Neuquén,58,Neuquén,58007,88
2024,Neuquén,58,Neuquén,58014,292
2024,Neuquén,58,Neuquén,58021,14
2024,Neuquén,58,Neuquén,58042,130
2024,Neuquén,58,Neuquén,58028,34
2024,Neuquén,58,Neuquén,58035,4309
2024,Neuquén,58,Neuquén,58049,168
2024,Neuquén,58,Neuquén,58056,331
2024,Neuquén,58,Neuquén,58063,57
2024,Neuquén,58,Neuquén,58070,152
2024,Neuquén,58,Neuquén,58077,69
2024,Neuquén,58,Neuquén,58091,359
2024,Neuquén,58,Neuquén,58098,52
2024,Neuquén,58,Neuquén,58105,85
2024,Neuquén,58,Neuquén,58112,357
2024,Neuquén,58,Neuquén,58084,55
2024,Río Negro,62,Río Negro,62091,106
2024,Río Negro,62,Río Negro,62049,25
2024,Río Negro,62,Río Negro,62007,633
2024,Río Negro,62,Río Negro,62014,360
2024,Río Negro,62,Río Negro,62021,1342
2024,Río Negro,62,Río Negro,62028,69
2024,Río Negro,62,Río Negro,62035,25
2024,Río Negro,62,Río Negro,62042,3387
2024,Río Negro,62,Río Negro,62063,141
2024,Río Negro,62,Río Negro,62070,59
2024,Río Negro,62,Río Negro,62077,296
2024,Río Negro,62,Río Negro,62084,42
2024,Río Negro,62,Río Negro,62056,6
2024,Salta,66,Salta,66007,737
2024,Salta,66,Salta,66014,67
2024,Salta,66,Salta,66021,175
2024,Salta,66,Salta,66028,5041
2024,Salta,66,Salta,66035,504
2024,Salta,66,Salta,66042,209
2024,Salta,66,Salta,66049,512
2024,Salta,66,Salta,66056,2366
2024,Salta,66,Salta,66063,34
2024,Salta,66,Salta,66070,51
2024,Salta,66,Salta,66077,100
2024,Salta,66,Salta,66084,61
2024,Salta,66,Salta,66091,10
2024,Salta,66,Salta,66098,76
2024,Salta,66,Salta,66105,80
2024,Salta,66,Salta,66112,386
2024,Salta,66,Salta,66119,64
2024,Salta,66,Salta,66126,1950
2024,Salta,66,Salta,66133,685
2024,Salta,66,Salta,66140,311
2024,Salta,66,Salta,66147,445
2024,Salta,66,Salta,66154,85
2024,Salta,66,Salta,66161,75
2024,San Juan,70,San Juan,70126,318
2024,San Juan,70,San Juan,70063,171
2024,San Juan,70,San Juan,70007,372
2024,San Juan,70,San Juan,70014,112
2024,San Juan,70,San Juan,70021,143
2024,San Juan,70,San Juan,70028,814
2024,San Juan,70,San Juan,70035,492
2024,San Juan,70,San Juan,70042,1244
2024,San Juan,70,San Juan,70049,78
2024,San Juan,70,San Juan,70056,202
2024,San Juan,70,San Juan,70070,878
2024,San Juan,70,San Juan,70077,1394
2024,San Juan,70,San Juan,70084,947
2024,San Juan,70,San Juan,70091,194
2024,San Juan,70,San Juan,70098,602
2024,San Juan,70,San Juan,70105,337
2024,San Juan,70,San Juan,70112,79
2024,San Juan,70,San Juan,70119,98
2024,San Juan,70,San Juan,70133,73
2024,San Luis,74,San Luis,74007,173
2024,San Luis,74,San Luis,74014,43
2024,San Luis,74,San Luis,74028,183
2024,San Luis,74,San Luis,74021,116
2024,San Luis,74,San Luis,74035,1351
2024,San Luis,74,San Luis,74042,138
2024,San Luis,74,San Luis,74056,2025
2024,San Luis,74,San Luis,74049,265
2024,San Luis,74,San Luis,74063,35
2024,Santa Cruz,78,Santa Cruz,78007,111
2024,Santa Cruz,78,Santa Cruz,78014,1137
2024,Santa Cruz,78,Santa Cruz,78021,964
2024,Santa Cruz,78,Santa Cruz,78028,204
2024,Santa Cruz,78,Santa Cruz,78035,93
2024,Santa Cruz,78,Santa Cruz,78042,97
2024,Santa Cruz,78,Santa Cruz,78049,56
2024,Santa Fe,82,Santa Fe,82077,327
2024,Santa Fe,82,Santa Fe,82007,372
2024,Santa Fe,82,Santa Fe,82014,677
2024,Santa Fe,82,Santa Fe,82021,1731
2024,Santa Fe,82,Santa Fe,82028,664
2024,Santa Fe,82,Santa Fe,82035,283
2024,Santa Fe,82,Santa Fe,82042,1781
2024,Santa Fe,82,Santa Fe,82049,1927
2024,Santa Fe,82,Santa Fe,82056,637
2024,Santa Fe,82,Santa Fe,82063,5295
2024,Santa Fe,82,Santa Fe,82070,925
2024,Santa Fe,82,Santa Fe,82084,12345
2024,Santa Fe,82,Santa Fe,82091,690
2024,Santa Fe,82,Santa Fe,82098,432
2024,Santa Fe,82,Santa Fe,82105,777
2024,Santa Fe,82,Santa Fe,82112,428
2024,Santa Fe,82,Santa Fe,82119,1836
2024,Santa Fe,82,Santa Fe,82126,551
2024,Santa Fe,82,Santa Fe,82133,570
2024,Santiago del Estero,86,Santiago del Estero,86007,83
2024,Santiago del Estero,86,Santiago del Estero,86014,254
2024,Santiago del Estero,86,Santiago del Estero,86021,178
2024,Santiago del Estero,86,Santiago del Estero,86028,339
2024,Santiago del Estero,86,Santiago del Estero,86035,2023
2024,Santiago del Estero,86,Santiago del Estero,86042,117
2024,Santiago del Estero,86,Santiago del Estero,86049,3345
2024,Santiago del Estero,86,Santiago del Estero,86063,432
2024,Santiago del Estero,86,Santiago del Estero,86056,465
2024,Santiago del Estero,86,Santiago del Estero,86070,247
2024,Santiago del Estero,86,Santiago del Estero,86077,679
2024,Santiago del Estero,86,Santiago del Estero,86084,91
2024,Santiago del Estero,86,Santiago del Estero,86091,190
2024,Santiago del Estero,86,Santiago del Estero,86098,228
2024,Santiago del Estero,86,Santiago del Estero,86105,281
2024,Santiago del Estero,86,Santiago del Estero,86112,8
2024,Santiago del Estero,86,Santiago del Estero,86119,495
2024,Santiago del Estero,86,Santiago del Estero,86126,152
2024,Santiago del Estero,86,Santiago del Estero,86133,326
2024,Santiago del Estero,86,Santiago del Estero,86140,97
2024,Santiago del Estero,86,Santiago del Estero,86147,731
2024,Santiago del Estero,86,Santiago del Estero,86154,30
2024,Santiago del Estero,86,Santiago del Estero,86161,671
2024,Santiago del Estero,86,Santiago del Estero,86168,160
2024,Santiago del Estero,86,Santiago del Estero,86175,145
2024,Santiago del Estero,86,Santiago del Estero,86182,64
2024,Santiago del Estero,86,Santiago del Estero,86189,119
2024,Tierra del Fuego,94,Tierra del Fuego,94008,644
2024,Tierra del Fuego,94,Tierra del Fuego,94015,555
2024,Tucumán,90,Tucumán,90007,462
2024,Tucumán,90,Tucumán,90084,5291
2024,Tucumán,90,Tucumán,90021,769
2024,Tucumán,90,Tucumán,90014,2427
2024,Tucumán,90,Tucumán,90028,424
2024,Tucumán,90,Tucumán,90035,138
2024,Tucumán,90,Tucumán,90042,326
2024,Tucumán,90,Tucumán,90049,195
2024,Tucumán,90,Tucumán,90056,578
2024,Tucumán,90,Tucumán,90063,850
2024,Tucumán,90,Tucumán,90070,598
2024,Tucumán,90,Tucumán,90077,567
2024,Tucumán,90,Tucumán,90091,268
2024,Tucumán,90,Tucumán,90098,167
2024,Tucumán,90,Tucumán,90105,1528
2024,Tucumán,90,Tucumán,90112,239
2024,Tucumán,90,Tucumán,90119,890
2022,La Pampa,42,La Pampa,42091,0
2021,La Pampa,42,La Pampa,42084,0
2012,Ciudad Autónoma de Buenos Aires,2000,Ciudad Autónoma de Buenos Aires,NA,45100
2013,Ciudad Autónoma de Buenos Aires,2000,Ciudad Autónoma de Buenos Aires,NA,44918
2014,Ciudad Autónoma de Buenos Aires,2000,Ciudad Autónoma de Buenos Aires,NA,45167
2015,Ciudad Autónoma de Buenos Aires,2000,Ciudad Autónoma de Buenos Aires,NA,43478
2016,Ciudad Autónoma de Buenos Aires,2000,Ciudad Autónoma de Buenos Aires,NA,40918
2017,Ciudad Autónoma de Buenos Aires,2000,Ciudad Autónoma de Buenos Aires,NA,38998
2018,Ciudad Autónoma de Buenos Aires,2000,Ciudad Autónoma de Buenos Aires,NA,36981
2019,Ciudad Autónoma de Buenos Aires,2000,Ciudad Autónoma de Buenos Aires,NA,32746
2020,Ciudad Autónoma de Buenos Aires,2000,Ciudad Autónoma de Buenos Aires,NA,28559
2021,Ciudad Autónoma de Buenos Aires,2000,Ciudad Autónoma de Buenos Aires,NA,25405
2022,Ciudad Autónoma de Buenos Aires,2000,Ciudad Autónoma de Buenos Aires,NA,24202
2023,Ciudad Autónoma de Buenos Aires,2000,Ciudad Autónoma de Buenos Aires,NA,23434
2024,Ciudad Autónoma de Buenos Aires,2000,Ciudad Autónoma de Buenos Aires,NA,21358
2012,Tierra del Fuego,94,Tierra del Fuego,94011,0
2013,Tierra del Fuego,94,Tierra del Fuego,94011,0
2014,Tierra del Fuego,94,Tierra del Fuego,94011,0
2015,Tierra del Fuego,94,Tierra del Fuego,94011,1
2016,Tierra del Fuego,94,Tierra del Fuego,94011,0
2017,Tierra del Fuego,94,Tierra del Fuego,94011,0
2018,Tierra del Fuego,94,Tierra del Fuego,94011,68
2019,Tierra del Fuego,94,Tierra del Fuego,94011,87
2020,Tierra del Fuego,94,Tierra del Fuego,94011,63
2021,Tierra del Fuego,94,Tierra del Fuego,94011,72
2022,Tierra del Fuego,94,Tierra del Fuego,94011,66
2023,Tierra del Fuego,94,Tierra del Fuego,94011,56
2024,Tierra del Fuego,94,Tierra del Fuego,94011,66
