PROVRES;TIPPARTO;SEXO;IMEDAD;ITIEMGEST;IMINSTRUC;IPESONAC;CUENTA
99;1;1;4.25 a 29;8.Sin especificar;1.Hasta Primaria/C.EGB Completa;2.2500 gramos y más;1
82;1;2;5.30 a 34;4.28 a 31;2.Secundaria/Polimodal Incompleta;1.Menos de 2500 gramos;5
06;1;1;2.15 a 19;3.24 a 27;4.Sin especificar;1.Menos de 2500 gramos;1
14;1;1;4.25 a 29;6.37 a 41;1.Hasta Primaria/C.EGB Completa;2.2500 gramos y más;580
26;1;1;2.15 a 19;5.32 a 36;4.Sin especificar;1.Menos de 2500 gramos;1
34;2;2;3.20 a 24;5.32 a 36;1.Hasta Primaria/C.EGB Completa;1.Menos de 2500 gramos;4
06;2;2;2.15 a 19;6.37 a 41;2.Secundaria/Polimodal Incompleta;2.2500 gramos y más;8
06;1;1;4.25 a 29;5.32 a 36;2.Secundaria/Polimodal Incompleta;3.Sin especificar;11
62;1;1;5.30 a 34;7.42 y más;1.Hasta Primaria/C.EGB Completa;2.2500 gramos y más;3
10;1;2;4.25 a 29;8.Sin especificar;3.Secundario/Polimodal Completa y más;3.Sin especificar;2
82;1;1;4.25 a 29;5.32 a 36;3.Secundario/Polimodal Completa y más;1.Menos de 2500 gramos;80
86;1;2;3.20 a 24;3.24 a 27;3.Secundario/Polimodal Completa y más;1.Menos de 2500 gramos;1
38;2;2;8.De 45 y más;5.32 a 36;3.Secundario/Polimodal Completa y más;1.Menos de 2500 gramos;2
34;1;2;2.15 a 19;6.37 a 41;1.Hasta Primaria/C.EGB Completa;1.Menos de 2500 gramos;3
14;2;1;3.20 a 24;4.28 a 31;2.Secundaria/Polimodal Incompleta;1.Menos de 2500 gramos;2
06;9;2;8.De 45 y más;6.37 a 41;4.Sin especificar;2.2500 gramos y más;1
58;2;2;5.30 a 34;5.32 a 36;3.Secundario/Polimodal Completa y más;2.2500 gramos y más;1
62;1;2;5.30 a 34;6.37 a 41;3.Secundario/Polimodal Completa y más;1.Menos de 2500 gramos;9
18;1;1;6.35 a 39;6.37 a 41;4.Sin especificar;1.Menos de 2500 gramos;2
90;1;1;3.20 a 24;5.32 a 36;2.Secundaria/Polimodal Incompleta;1.Menos de 2500 gramos;18
82;1;2;4.25 a 29;6.37 a 41;4.Sin especificar;2.2500 gramos y más;24
26;2;2;4.25 a 29;6.37 a 41;3.Secundario/Polimodal Completa y más;1.Menos de 2500 gramos;1
06;2;1;6.35 a 39;5.32 a 36;4.Sin especificar;1.Menos de 2500 gramos;7
50;2;2;5.30 a 34;6.37 a 41;3.Secundario/Polimodal Completa y más;2.2500 gramos y más;5
90;1;2;4.25 a 29;6.37 a 41;3.Secundario/Polimodal Completa y más;3.Sin especificar;3
06;1;2;6.35 a 39;8.Sin especificar;4.Sin especificar;2.2500 gramos y más;6
74;1;1;2.15 a 19;7.42 y más;1.Hasta Primaria/C.EGB Completa;2.2500 gramos y más;2
38;1;2;4.25 a 29;4.28 a 31;3.Secundario/Polimodal Completa y más;1.Menos de 2500 gramos;3
26;1;1;6.35 a 39;5.32 a 36;3.Secundario/Polimodal Completa y más;1.Menos de 2500 gramos;7
70;2;1;6.35 a 39;4.28 a 31;3.Secundario/Polimodal Completa y más;1.Menos de 2500 gramos;1
58;1;1;5.30 a 34;5.32 a 36;1.Hasta Primaria/C.EGB Completa;2.2500 gramos y más;8
50;2;1;4.25 a 29;5.32 a 36;2.Secundaria/Polimodal Incompleta;2.2500 gramos y más;3
14;1;1;4.25 a 29;6.37 a 41;1.Hasta Primaria/C.EGB Completa;3.Sin especificar;3
42;1;2;2.15 a 19;6.37 a 41;2.Secundaria/Polimodal Incompleta;2.2500 gramos y más;23
06;1;1;3.20 a 24;3.24 a 27;4.Sin especificar;1.Menos de 2500 gramos;11
02;9;2;5.30 a 34;5.32 a 36;4.Sin especificar;1.Menos de 2500 gramos;3
10;2;2;4.25 a 29;6.37 a 41;3.Secundario/Polimodal Completa y más;2.2500 gramos y más;4
50;1;2;1.Menor de 15;6.37 a 41;2.Secundaria/Polimodal Incompleta;2.2500 gramos y más;16
22;1;2;3.20 a 24;4.28 a 31;2.Secundaria/Polimodal Incompleta;1.Menos de 2500 gramos;4
74;1;1;2.15 a 19;5.32 a 36;2.Secundaria/Polimodal Incompleta;2.2500 gramos y más;15
02;2;2;5.30 a 34;5.32 a 36;3.Secundario/Polimodal Completa y más;1.Menos de 2500 gramos;40
82;1;1;7.40 a 44;6.37 a 41;1.Hasta Primaria/C.EGB Completa;2.2500 gramos y más;136
82;1;1;3.20 a 24;2.22 a 23;2.Secundaria/Polimodal Incompleta;1.Menos de 2500 gramos;2
82;1;2;2.15 a 19;5.32 a 36;2.Secundaria/Polimodal Incompleta;2.2500 gramos y más;46
06;1;1;8.De 45 y más;5.32 a 36;3.Secundario/Polimodal Completa y más;2.2500 gramos y más;6
42;9;2;6.35 a 39;5.32 a 36;3.Secundario/Polimodal Completa y más;2.2500 gramos y más;1
58;1;2;5.30 a 34;6.37 a 41;3.Secundario/Polimodal Completa y más;2.2500 gramos y más;671
62;1;2;5.30 a 34;5.32 a 36;1.Hasta Primaria/C.EGB Completa;1.Menos de 2500 gramos;6
34;2;1;6.35 a 39;6.37 a 41;4.Sin especificar;2.2500 gramos y más;1
14;1;2;8.De 45 y más;6.37 a 41;1.Hasta Primaria/C.EGB Completa;2.2500 gramos y más;7
66;2;1;5.30 a 34;6.37 a 41;2.Secundaria/Polimodal Incompleta;1.Menos de 2500 gramos;1
82;2;2;3.20 a 24;6.37 a 41;3.Secundario/Polimodal Completa y más;2.2500 gramos y más;5
18;1;2;2.15 a 19;4.28 a 31;2.Secundaria/Polimodal Incompleta;1.Menos de 2500 gramos;3
34;1;2;4.25 a 29;6.37 a 41;4.Sin especificar;2.2500 gramos y más;273
38;1;1;8.De 45 y más;5.32 a 36;1.Hasta Primaria/C.EGB Completa;1.Menos de 2500 gramos;1
86;1;1;4.25 a 29;5.32 a 36;2.Secundaria/Polimodal Incompleta;2.2500 gramos y más;23
66;1;2;3.20 a 24;8.Sin especificar;2.Secundaria/Polimodal Incompleta;3.Sin especificar;1
74;1;2;6.35 a 39;5.32 a 36;3.Secundario/Polimodal Completa y más;1.Menos de 2500 gramos;9
22;1;1;4.25 a 29;3.24 a 27;3.Secundario/Polimodal Completa y más;1.Menos de 2500 gramos;4
62;1;1;5.30 a 34;5.32 a 36;2.Secundaria/Polimodal Incompleta;1.Menos de 2500 gramos;2
54;1;2;4.25 a 29;5.32 a 36;1.Hasta Primaria/C.EGB Completa;2.2500 gramos y más;39
14;1;1;4.25 a 29;4.28 a 31;2.Secundaria/Polimodal Incompleta;1.Menos de 2500 gramos;9
82;1;1;5.30 a 34;3.24 a 27;1.Hasta Primaria/C.EGB Completa;1.Menos de 2500 gramos;2
02;9;1;7.40 a 44;6.37 a 41;4.Sin especificar;1.Menos de 2500 gramos;1
66;1;2;7.40 a 44;5.32 a 36;3.Secundario/Polimodal Completa y más;1.Menos de 2500 gramos;16
06;1;2;6.35 a 39;4.28 a 31;2.Secundaria/Polimodal Incompleta;2.2500 gramos y más;1
70;1;2;5.30 a 34;5.32 a 36;1.Hasta Primaria/C.EGB Completa;2.2500 gramos y más;1
66;1;2;6.35 a 39;7.42 y más;1.Hasta Primaria/C.EGB Completa;2.2500 gramos y más;4
06;2;2;3.20 a 24;3.24 a 27;1.Hasta Primaria/C.EGB Completa;1.Menos de 2500 gramos;1
50;1;1;4.25 a 29;3.24 a 27;1.Hasta Primaria/C.EGB Completa;1.Menos de 2500 gramos;2
06;1;2;9.Sin especificar;4.28 a 31;2.Secundaria/Polimodal Incompleta;1.Menos de 2500 gramos;1
82;1;2;2.15 a 19;4.28 a 31;1.Hasta Primaria/C.EGB Completa;2.2500 gramos y más;1
26;2;2;6.35 a 39;5.32 a 36;2.Secundaria/Polimodal Incompleta;1.Menos de 2500 gramos;1
38;1;1;5.30 a 34;7.42 y más;3.Secundario/Polimodal Completa y más;2.2500 gramos y más;10
34;1;1;1.Menor de 15;6.37 a 41;1.Hasta Primaria/C.EGB Completa;2.2500 gramos y más;21
18;1;2;5.30 a 34;5.32 a 36;2.Secundaria/Polimodal Incompleta;2.2500 gramos y más;6
62;2;1;3.20 a 24;6.37 a 41;2.Secundaria/Polimodal Incompleta;2.2500 gramos y más;1
94;1;2;7.40 a 44;6.37 a 41;3.Secundario/Polimodal Completa y más;2.2500 gramos y más;35
90;1;2;4.25 a 29;6.37 a 41;1.Hasta Primaria/C.EGB Completa;3.Sin especificar;3
06;1;2;9.Sin especificar;6.37 a 41;2.Secundaria/Polimodal Incompleta;2.2500 gramos y más;312
22;1;1;4.25 a 29;5.32 a 36;2.Secundaria/Polimodal Incompleta;2.2500 gramos y más;13
86;1;2;6.35 a 39;6.37 a 41;1.Hasta Primaria/C.EGB Completa;1.Menos de 2500 gramos;6
46;1;1;4.25 a 29;6.37 a 41;1.Hasta Primaria/C.EGB Completa;2.2500 gramos y más;89
26;1;2;3.20 a 24;5.32 a 36;4.Sin especificar;2.2500 gramos y más;4
50;1;2;5.30 a 34;5.32 a 36;3.Secundario/Polimodal Completa y más;2.2500 gramos y más;43
62;1;1;7.40 a 44;6.37 a 41;2.Secundaria/Polimodal Incompleta;1.Menos de 2500 gramos;2
90;1;2;6.35 a 39;5.32 a 36;3.Secundario/Polimodal Completa y más;1.Menos de 2500 gramos;27
30;1;2;4.25 a 29;5.32 a 36;2.Secundaria/Polimodal Incompleta;1.Menos de 2500 gramos;14
22;1;2;6.35 a 39;6.37 a 41;3.Secundario/Polimodal Completa y más;1.Menos de 2500 gramos;8
14;1;1;3.20 a 24;6.37 a 41;3.Secundario/Polimodal Completa y más;2.2500 gramos y más;2107
90;1;2;4.25 a 29;6.37 a 41;1.Hasta Primaria/C.EGB Completa;2.2500 gramos y más;432
50;2;1;6.35 a 39;6.37 a 41;3.Secundario/Polimodal Completa y más;2.2500 gramos y más;13
66;1;1;4.25 a 29;6.37 a 41;2.Secundaria/Polimodal Incompleta;2.2500 gramos y más;468
38;1;1;7.40 a 44;6.37 a 41;3.Secundario/Polimodal Completa y más;2.2500 gramos y más;94
62;1;2;6.35 a 39;6.37 a 41;2.Secundaria/Polimodal Incompleta;2.2500 gramos y más;60
06;9;1;4.25 a 29;4.28 a 31;4.Sin especificar;3.Sin especificar;1
86;1;2;2.15 a 19;5.32 a 36;3.Secundario/Polimodal Completa y más;1.Menos de 2500 gramos;2
86;1;1;7.40 a 44;6.37 a 41;2.Secundaria/Polimodal Incompleta;2.2500 gramos y más;14
98;1;1;2.15 a 19;6.37 a 41;1.Hasta Primaria/C.EGB Completa;2.2500 gramos y más;1
90;1;2;2.15 a 19;6.37 a 41;1.Hasta Primaria/C.EGB Completa;1.Menos de 2500 gramos;6
02;1;2;2.15 a 19;4.28 a 31;2.Secundaria/Polimodal Incompleta;1.Menos de 2500 gramos;1
06;1;2;9.Sin especificar;3.24 a 27;3.Secundario/Polimodal Completa y más;1.Menos de 2500 gramos;2
22;1;2;3.20 a 24;6.37 a 41;4.Sin especificar;2.2500 gramos y más;31
06;1;1;6.35 a 39;8.Sin especificar;1.Hasta Primaria/C.EGB Completa;3.Sin especificar;2
50;1;1;4.25 a 29;5.32 a 36;2.Secundaria/Polimodal Incompleta;2.2500 gramos y más;28
02;2;1;5.30 a 34;6.37 a 41;4.Sin especificar;1.Menos de 2500 gramos;2
94;1;1;6.35 a 39;5.32 a 36;2.Secundaria/Polimodal Incompleta;2.2500 gramos y más;1
06;2;2;2.15 a 19;4.28 a 31;2.Secundaria/Polimodal Incompleta;1.Menos de 2500 gramos;8
06;1;1;7.40 a 44;3.24 a 27;2.Secundaria/Polimodal Incompleta;1.Menos de 2500 gramos;1
22;1;2;8.De 45 y más;5.32 a 36;3.Secundario/Polimodal Completa y más;1.Menos de 2500 gramos;1
30;2;1;5.30 a 34;4.28 a 31;2.Secundaria/Polimodal Incompleta;1.Menos de 2500 gramos;1
90;1;1;8.De 45 y más;6.37 a 41;1.Hasta Primaria/C.EGB Completa;2.2500 gramos y más;3
06;9;2;6.35 a 39;6.37 a 41;4.Sin especificar;3.Sin especificar;4
98;1;1;2.15 a 19;6.37 a 41;2.Secundaria/Polimodal Incompleta;2.2500 gramos y más;1
50;1;2;4.25 a 29;4.28 a 31;2.Secundaria/Polimodal Incompleta;1.Menos de 2500 gramos;3
58;2;2;2.15 a 19;5.32 a 36;2.Secundaria/Polimodal Incompleta;2.2500 gramos y más;1
02;1;1;7.40 a 44;6.37 a 41;3.Secundario/Polimodal Completa y más;2.2500 gramos y más;892
54;1;2;4.25 a 29;4.28 a 31;3.Secundario/Polimodal Completa y más;1.Menos de 2500 gramos;5
14;1;2;9.Sin especificar;6.37 a 41;2.Secundaria/Polimodal Incompleta;2.2500 gramos y más;5
02;1;2;5.30 a 34;3.24 a 27;4.Sin especificar;1.Menos de 2500 gramos;1
74;1;2;3.20 a 24;7.42 y más;2.Secundaria/Polimodal Incompleta;1.Menos de 2500 gramos;1
18;2;2;7.40 a 44;6.37 a 41;3.Secundario/Polimodal Completa y más;2.2500 gramos y más;2
62;1;2;5.30 a 34;6.37 a 41;1.Hasta Primaria/C.EGB Completa;1.Menos de 2500 gramos;6
30;1;1;3.20 a 24;4.28 a 31;1.Hasta Primaria/C.EGB Completa;2.2500 gramos y más;1
66;1;2;3.20 a 24;5.32 a 36;3.Secundario/Polimodal Completa y más;1.Menos de 2500 gramos;52
94;1;1;4.25 a 29;5.32 a 36;2.Secundaria/Polimodal Incompleta;1.Menos de 2500 gramos;1
50;1;1;4.25 a 29;4.28 a 31;3.Secundario/Polimodal Completa y más;1.Menos de 2500 gramos;7
06;1;2;9.Sin especificar;8.Sin especificar;1.Hasta Primaria/C.EGB Completa;1.Menos de 2500 gramos;1
06;1;1;8.De 45 y más;5.32 a 36;2.Secundaria/Polimodal Incompleta;2.2500 gramos y más;1
86;1;1;4.25 a 29;4.28 a 31;1.Hasta Primaria/C.EGB Completa;1.Menos de 2500 gramos;4
50;1;2;7.40 a 44;5.32 a 36;1.Hasta Primaria/C.EGB Completa;2.2500 gramos y más;2
54;1;2;3.20 a 24;7.42 y más;3.Secundario/Polimodal Completa y más;1.Menos de 2500 gramos;1
82;1;1;3.20 a 24;6.37 a 41;1.Hasta Primaria/C.EGB Completa;1.Menos de 2500 gramos;20
06;1;2;4.25 a 29;4.28 a 31;3.Secundario/Polimodal Completa y más;2.2500 gramos y más;6
18;1;1;5.30 a 34;3.24 a 27;4.Sin especificar;1.Menos de 2500 gramos;1
90;1;1;7.40 a 44;6.37 a 41;3.Secundario/Polimodal Completa y más;1.Menos de 2500 gramos;3
90;1;2;3.20 a 24;5.32 a 36;1.Hasta Primaria/C.EGB Completa;1.Menos de 2500 gramos;19
06;1;2;7.40 a 44;3.24 a 27;1.Hasta Primaria/C.EGB Completa;1.Menos de 2500 gramos;2
26;2;1;4.25 a 29;6.37 a 41;3.Secundario/Polimodal Completa y más;2.2500 gramos y más;2
30;1;1;5.30 a 34;8.Sin especificar;3.Secundario/Polimodal Completa y más;2.2500 gramos y más;21
26;1;2;2.15 a 19;5.32 a 36;3.Secundario/Polimodal Completa y más;2.2500 gramos y más;1
06;1;1;5.30 a 34;8.Sin especificar;3.Secundario/Polimodal Completa y más;3.Sin especificar;15
02;1;2;6.35 a 39;6.37 a 41;3.Secundario/Polimodal Completa y más;3.Sin especificar;2
30;1;2;4.25 a 29;6.37 a 41;3.Secundario/Polimodal Completa y más;3.Sin especificar;2
06;1;1;2.15 a 19;4.28 a 31;1.Hasta Primaria/C.EGB Completa;3.Sin especificar;1
46;1;2;2.15 a 19;6.37 a 41;2.Secundaria/Polimodal Incompleta;1.Menos de 2500 gramos;1
02;2;2;6.35 a 39;5.32 a 36;3.Secundario/Polimodal Completa y más;1.Menos de 2500 gramos;48
38;2;1;4.25 a 29;3.24 a 27;3.Secundario/Polimodal Completa y más;1.Menos de 2500 gramos;1
82;2;2;3.20 a 24;6.37 a 41;1.Hasta Primaria/C.EGB Completa;2.2500 gramos y más;2
82;1;2;4.25 a 29;7.42 y más;2.Secundaria/Polimodal Incompleta;2.2500 gramos y más;1
62;1;2;3.20 a 24;3.24 a 27;2.Secundaria/Polimodal Incompleta;1.Menos de 2500 gramos;1
22;2;1;4.25 a 29;6.37 a 41;1.Hasta Primaria/C.EGB Completa;1.Menos de 2500 gramos;1
18;1;2;5.30 a 34;6.37 a 41;3.Secundario/Polimodal Completa y más;2.2500 gramos y más;806
18;1;1;4.25 a 29;6.37 a 41;3.Secundario/Polimodal Completa y más;2.2500 gramos y más;918
54;1;2;7.40 a 44;5.32 a 36;3.Secundario/Polimodal Completa y más;1.Menos de 2500 gramos;7
14;1;1;4.25 a 29;3.24 a 27;3.Secundario/Polimodal Completa y más;1.Menos de 2500 gramos;5
14;2;2;2.15 a 19;6.37 a 41;2.Secundaria/Polimodal Incompleta;1.Menos de 2500 gramos;5
06;1;2;5.30 a 34;8.Sin especificar;3.Secundario/Polimodal Completa y más;2.2500 gramos y más;38
10;1;1;2.15 a 19;5.32 a 36;4.Sin especificar;2.2500 gramos y más;1
02;2;2;8.De 45 y más;4.28 a 31;3.Secundario/Polimodal Completa y más;1.Menos de 2500 gramos;1
54;1;2;5.30 a 34;4.28 a 31;2.Secundaria/Polimodal Incompleta;1.Menos de 2500 gramos;1
54;1;2;4.25 a 29;6.37 a 41;1.Hasta Primaria/C.EGB Completa;2.2500 gramos y más;680
22;1;1;4.25 a 29;8.Sin especificar;2.Secundaria/Polimodal Incompleta;3.Sin especificar;1
86;1;2;5.30 a 34;4.28 a 31;2.Secundaria/Polimodal Incompleta;1.Menos de 2500 gramos;1
82;2;2;7.40 a 44;6.37 a 41;1.Hasta Primaria/C.EGB Completa;2.2500 gramos y más;1
10;1;1;2.15 a 19;5.32 a 36;1.Hasta Primaria/C.EGB Completa;1.Menos de 2500 gramos;1
58;2;2;6.35 a 39;3.24 a 27;3.Secundario/Polimodal Completa y más;1.Menos de 2500 gramos;2
18;1;1;3.20 a 24;4.28 a 31;3.Secundario/Polimodal Completa y más;2.2500 gramos y más;1
86;1;1;4.25 a 29;4.28 a 31;3.Secundario/Polimodal Completa y más;1.Menos de 2500 gramos;4
18;2;2;4.25 a 29;6.37 a 41;2.Secundaria/Polimodal Incompleta;2.2500 gramos y más;1
90;2;2;4.25 a 29;6.37 a 41;1.Hasta Primaria/C.EGB Completa;1.Menos de 2500 gramos;3
34;1;2;6.35 a 39;5.32 a 36;3.Secundario/Polimodal Completa y más;2.2500 gramos y más;7
58;1;1;3.20 a 24;8.Sin especificar;4.Sin especificar;2.2500 gramos y más;1
82;1;2;3.20 a 24;1.Menos de 22;2.Secundaria/Polimodal Incompleta;1.Menos de 2500 gramos;1
18;2;2;3.20 a 24;5.32 a 36;4.Sin especificar;1.Menos de 2500 gramos;2
22;2;1;4.25 a 29;5.32 a 36;4.Sin especificar;1.Menos de 2500 gramos;1
50;1;1;2.15 a 19;3.24 a 27;2.Secundaria/Polimodal Incompleta;1.Menos de 2500 gramos;5
06;1;1;6.35 a 39;6.37 a 41;3.Secundario/Polimodal Completa y más;3.Sin especificar;71
74;1;1;4.25 a 29;7.42 y más;3.Secundario/Polimodal Completa y más;2.2500 gramos y más;14
58;2;1;3.20 a 24;5.32 a 36;3.Secundario/Polimodal Completa y más;1.Menos de 2500 gramos;2
74;1;2;6.35 a 39;6.37 a 41;3.Secundario/Polimodal Completa y más;2.2500 gramos y más;223
54;1;1;4.25 a 29;8.Sin especificar;2.Secundaria/Polimodal Incompleta;2.2500 gramos y más;1
22;1;2;7.40 a 44;8.Sin especificar;1.Hasta Primaria/C.EGB Completa;2.2500 gramos y más;1
34;1;2;6.35 a 39;5.32 a 36;4.Sin especificar;1.Menos de 2500 gramos;9
38;1;1;5.30 a 34;7.42 y más;1.Hasta Primaria/C.EGB Completa;2.2500 gramos y más;3
06;9;2;4.25 a 29;5.32 a 36;4.Sin especificar;1.Menos de 2500 gramos;1
34;1;1;2.15 a 19;4.28 a 31;2.Secundaria/Polimodal Incompleta;1.Menos de 2500 gramos;9
90;1;1;3.20 a 24;7.42 y más;3.Secundario/Polimodal Completa y más;1.Menos de 2500 gramos;2
06;1;1;6.35 a 39;8.Sin especificar;2.Secundaria/Polimodal Incompleta;3.Sin especificar;1
46;2;1;5.30 a 34;5.32 a 36;2.Secundaria/Polimodal Incompleta;1.Menos de 2500 gramos;1
62;1;2;4.25 a 29;6.37 a 41;3.Secundario/Polimodal Completa y más;2.2500 gramos y más;497
06;2;1;2.15 a 19;6.37 a 41;1.Hasta Primaria/C.EGB Completa;1.Menos de 2500 gramos;1
06;9;2;5.30 a 34;6.37 a 41;4.Sin especificar;1.Menos de 2500 gramos;1
30;1;1;1.Menor de 15;7.42 y más;2.Secundaria/Polimodal Incompleta;2.2500 gramos y más;1
82;1;1;2.15 a 19;5.32 a 36;1.Hasta Primaria/C.EGB Completa;1.Menos de 2500 gramos;27
46;1;2;4.25 a 29;6.37 a 41;2.Secundaria/Polimodal Incompleta;2.2500 gramos y más;54
74;1;2;2.15 a 19;6.37 a 41;4.Sin especificar;2.2500 gramos y más;4
66;2;1;7.40 a 44;6.37 a 41;3.Secundario/Polimodal Completa y más;2.2500 gramos y más;3
22;1;1;2.15 a 19;6.37 a 41;1.Hasta Primaria/C.EGB Completa;1.Menos de 2500 gramos;13
30;1;1;1.Menor de 15;5.32 a 36;2.Secundaria/Polimodal Incompleta;2.2500 gramos y más;1
02;9;1;3.20 a 24;5.32 a 36;4.Sin especificar;2.2500 gramos y más;3
18;1;1;5.30 a 34;6.37 a 41;2.Secundaria/Polimodal Incompleta;1.Menos de 2500 gramos;7
74;1;2;7.40 a 44;6.37 a 41;4.Sin especificar;2.2500 gramos y más;6
66;1;2;6.35 a 39;5.32 a 36;1.Hasta Primaria/C.EGB Completa;2.2500 gramos y más;3
74;1;2;7.40 a 44;6.37 a 41;1.Hasta Primaria/C.EGB Completa;1.Menos de 2500 gramos;1
66;1;1;5.30 a 34;4.28 a 31;3.Secundario/Polimodal Completa y más;1.Menos de 2500 gramos;6
06;2;1;4.25 a 29;1.Menos de 22;2.Secundaria/Polimodal Incompleta;3.Sin especificar;1
62;1;1;5.30 a 34;5.32 a 36;4.Sin especificar;2.2500 gramos y más;7
82;2;2;3.20 a 24;8.Sin especificar;3.Secundario/Polimodal Completa y más;1.Menos de 2500 gramos;1
62;1;2;2.15 a 19;5.32 a 36;4.Sin especificar;2.2500 gramos y más;2
22;1;1;7.40 a 44;8.Sin especificar;1.Hasta Primaria/C.EGB Completa;2.2500 gramos y más;1
90;1;1;6.35 a 39;5.32 a 36;1.Hasta Primaria/C.EGB Completa;1.Menos de 2500 gramos;5
14;1;1;7.40 a 44;7.42 y más;2.Secundaria/Polimodal Incompleta;2.2500 gramos y más;1
90;2;1;3.20 a 24;5.32 a 36;2.Secundaria/Polimodal Incompleta;1.Menos de 2500 gramos;4
62;1;1;7.40 a 44;5.32 a 36;3.Secundario/Polimodal Completa y más;1.Menos de 2500 gramos;5
62;1;1;8.De 45 y más;6.37 a 41;1.Hasta Primaria/C.EGB Completa;2.2500 gramos y más;1
02;1;1;8.De 45 y más;5.32 a 36;4.Sin especificar;2.2500 gramos y más;1
18;1;2;3.20 a 24;5.32 a 36;2.Secundaria/Polimodal Incompleta;1.Menos de 2500 gramos;8
30;1;2;2.15 a 19;2.22 a 23;1.Hasta Primaria/C.EGB Completa;1.Menos de 2500 gramos;1
62;1;2;4.25 a 29;5.32 a 36;2.Secundaria/Polimodal Incompleta;1.Menos de 2500 gramos;11
18;1;1;4.25 a 29;5.32 a 36;3.Secundario/Polimodal Completa y más;2.2500 gramos y más;30
78;2;2;7.40 a 44;6.37 a 41;3.Secundario/Polimodal Completa y más;2.2500 gramos y más;2
46;1;2;5.30 a 34;3.24 a 27;1.Hasta Primaria/C.EGB Completa;1.Menos de 2500 gramos;1
02;1;2;6.35 a 39;6.37 a 41;1.Hasta Primaria/C.EGB Completa;2.2500 gramos y más;231
34;2;2;4.25 a 29;5.32 a 36;3.Secundario/Polimodal Completa y más;1.Menos de 2500 gramos;3
74;1;2;3.20 a 24;6.37 a 41;2.Secundaria/Polimodal Incompleta;2.2500 gramos y más;206
78;2;2;3.20 a 24;4.28 a 31;3.Secundario/Polimodal Completa y más;1.Menos de 2500 gramos;2
82;1;2;1.Menor de 15;5.32 a 36;2.Secundaria/Polimodal Incompleta;2.2500 gramos y más;3
82;2;1;7.40 a 44;6.37 a 41;1.Hasta Primaria/C.EGB Completa;2.2500 gramos y más;3
10;2;2;5.30 a 34;6.37 a 41;3.Secundario/Polimodal Completa y más;1.Menos de 2500 gramos;1
86;1;2;7.40 a 44;5.32 a 36;1.Hasta Primaria/C.EGB Completa;2.2500 gramos y más;9
14;1;1;4.25 a 29;5.32 a 36;1.Hasta Primaria/C.EGB Completa;2.2500 gramos y más;23
74;1;2;5.30 a 34;6.37 a 41;4.Sin especificar;2.2500 gramos y más;21
34;1;2;6.35 a 39;5.32 a 36;2.Secundaria/Polimodal Incompleta;2.2500 gramos y más;5
82;1;2;4.25 a 29;6.37 a 41;1.Hasta Primaria/C.EGB Completa;1.Menos de 2500 gramos;27
02;2;2;2.15 a 19;6.37 a 41;2.Secundaria/Polimodal Incompleta;1.Menos de 2500 gramos;1
62;1;1;2.15 a 19;6.37 a 41;2.Secundaria/Polimodal Incompleta;2.2500 gramos y más;126
82;1;1;3.20 a 24;5.32 a 36;1.Hasta Primaria/C.EGB Completa;1.Menos de 2500 gramos;35
82;1;2;4.25 a 29;2.22 a 23;1.Hasta Primaria/C.EGB Completa;1.Menos de 2500 gramos;1
06;1;9;6.35 a 39;5.32 a 36;2.Secundaria/Polimodal Incompleta;2.2500 gramos y más;2
66;1;2;8.De 45 y más;5.32 a 36;3.Secundario/Polimodal Completa y más;1.Menos de 2500 gramos;1
38;1;2;4.25 a 29;5.32 a 36;3.Secundario/Polimodal Completa y más;2.2500 gramos y más;23
06;1;2;8.De 45 y más;5.32 a 36;2.Secundaria/Polimodal Incompleta;1.Menos de 2500 gramos;2
06;1;9;4.25 a 29;5.32 a 36;2.Secundaria/Polimodal Incompleta;1.Menos de 2500 gramos;2
34;1;2;7.40 a 44;6.37 a 41;3.Secundario/Polimodal Completa y más;2.2500 gramos y más;29
34;2;1;5.30 a 34;5.32 a 36;4.Sin especificar;2.2500 gramos y más;1
02;2;1;3.20 a 24;5.32 a 36;3.Secundario/Polimodal Completa y más;2.2500 gramos y más;2
70;1;2;6.35 a 39;4.28 a 31;2.Secundaria/Polimodal Incompleta;1.Menos de 2500 gramos;1
54;1;1;7.40 a 44;5.32 a 36;3.Secundario/Polimodal Completa y más;1.Menos de 2500 gramos;5
66;1;1;5.30 a 34;4.28 a 31;1.Hasta Primaria/C.EGB Completa;1.Menos de 2500 gramos;1
82;1;2;2.15 a 19;5.32 a 36;3.Secundario/Polimodal Completa y más;1.Menos de 2500 gramos;15
06;2;2;1.Menor de 15;5.32 a 36;1.Hasta Primaria/C.EGB Completa;1.Menos de 2500 gramos;1
54;2;2;5.30 a 34;6.37 a 41;2.Secundaria/Polimodal Incompleta;2.2500 gramos y más;1
54;2;2;5.30 a 34;4.28 a 31;2.Secundaria/Polimodal Incompleta;1.Menos de 2500 gramos;2
86;1;1;5.30 a 34;7.42 y más;3.Secundario/Polimodal Completa y más;2.2500 gramos y más;3
50;1;2;5.30 a 34;6.37 a 41;3.Secundario/Polimodal Completa y más;2.2500 gramos y más;1809
06;1;1;6.35 a 39;4.28 a 31;2.Secundaria/Polimodal Incompleta;3.Sin especificar;1
38;1;2;6.35 a 39;4.28 a 31;3.Secundario/Polimodal Completa y más;1.Menos de 2500 gramos;1
86;1;2;5.30 a 34;5.32 a 36;3.Secundario/Polimodal Completa y más;2.2500 gramos y más;42
30;2;1;3.20 a 24;1.Menos de 22;3.Secundario/Polimodal Completa y más;1.Menos de 2500 gramos;1
46;1;1;4.25 a 29;4.28 a 31;3.Secundario/Polimodal Completa y más;1.Menos de 2500 gramos;5
58;1;1;4.25 a 29;6.37 a 41;2.Secundaria/Polimodal Incompleta;1.Menos de 2500 gramos;3
18;1;1;2.15 a 19;4.28 a 31;4.Sin especificar;1.Menos de 2500 gramos;1
42;2;2;3.20 a 24;6.37 a 41;1.Hasta Primaria/C.EGB Completa;2.2500 gramos y más;1
78;1;2;7.40 a 44;5.32 a 36;3.Secundario/Polimodal Completa y más;2.2500 gramos y más;2
06;2;2;6.35 a 39;4.28 a 31;4.Sin especificar;1.Menos de 2500 gramos;2
02;1;1;3.20 a 24;2.22 a 23;4.Sin especificar;1.Menos de 2500 gramos;1
90;2;1;4.25 a 29;4.28 a 31;2.Secundaria/Polimodal Incompleta;1.Menos de 2500 gramos;2
34;1;1;5.30 a 34;6.37 a 41;4.Sin especificar;2.2500 gramos y más;185
66;1;2;2.15 a 19;6.37 a 41;3.Secundario/Polimodal Completa y más;1.Menos de 2500 gramos;2
06;2;2;5.30 a 34;6.37 a 41;4.Sin especificar;1.Menos de 2500 gramos;15
62;1;1;6.35 a 39;7.42 y más;2.Secundaria/Polimodal Incompleta;2.2500 gramos y más;2
26;1;2;2.15 a 19;6.37 a 41;1.Hasta Primaria/C.EGB Completa;2.2500 gramos y más;13
90;1;2;2.15 a 19;2.22 a 23;3.Secundario/Polimodal Completa y más;1.Menos de 2500 gramos;2
34;1;1;7.40 a 44;5.32 a 36;3.Secundario/Polimodal Completa y más;2.2500 gramos y más;6
14;1;1;2.15 a 19;3.24 a 27;1.Hasta Primaria/C.EGB Completa;1.Menos de 2500 gramos;1
14;1;1;3.20 a 24;8.Sin especificar;3.Secundario/Polimodal Completa y más;2.2500 gramos y más;2
06;1;2;2.15 a 19;8.Sin especificar;2.Secundaria/Polimodal Incompleta;3.Sin especificar;4
46;1;1;6.35 a 39;5.32 a 36;3.Secundario/Polimodal Completa y más;1.Menos de 2500 gramos;10
14;2;2;7.40 a 44;4.28 a 31;3.Secundario/Polimodal Completa y más;1.Menos de 2500 gramos;2
66;1;2;3.20 a 24;1.Menos de 22;2.Secundaria/Polimodal Incompleta;1.Menos de 2500 gramos;1
70;1;1;2.15 a 19;6.37 a 41;2.Secundaria/Polimodal Incompleta;2.2500 gramos y más;347
70;1;2;5.30 a 34;3.24 a 27;3.Secundario/Polimodal Completa y más;1.Menos de 2500 gramos;1
14;1;1;8.De 45 y más;5.32 a 36;3.Secundario/Polimodal Completa y más;2.2500 gramos y más;3
54;1;2;8.De 45 y más;6.37 a 41;2.Secundaria/Polimodal Incompleta;2.2500 gramos y más;5
78;1;1;4.25 a 29;2.22 a 23;3.Secundario/Polimodal Completa y más;1.Menos de 2500 gramos;1
42;1;2;6.35 a 39;6.37 a 41;2.Secundaria/Polimodal Incompleta;2.2500 gramos y más;46
18;1;2;4.25 a 29;4.28 a 31;4.Sin especificar;1.Menos de 2500 gramos;4
82;1;2;7.40 a 44;3.24 a 27;3.Secundario/Polimodal Completa y más;1.Menos de 2500 gramos;6
62;1;2;3.20 a 24;5.32 a 36;2.Secundaria/Polimodal Incompleta;2.2500 gramos y más;9
02;1;2;5.30 a 34;2.22 a 23;3.Secundario/Polimodal Completa y más;1.Menos de 2500 gramos;1
90;1;1;6.35 a 39;8.Sin especificar;3.Secundario/Polimodal Completa y más;2.2500 gramos y más;6
66;1;1;2.15 a 19;7.42 y más;2.Secundaria/Polimodal Incompleta;2.2500 gramos y más;5
10;1;2;6.35 a 39;8.Sin especificar;3.Secundario/Polimodal Completa y más;3.Sin especificar;5
22;2;2;2.15 a 19;6.37 a 41;1.Hasta Primaria/C.EGB Completa;2.2500 gramos y más;1
54;1;2;3.20 a 24;5.32 a 36;2.Secundaria/Polimodal Incompleta;1.Menos de 2500 gramos;19
90;1;2;2.15 a 19;5.32 a 36;1.Hasta Primaria/C.EGB Completa;2.2500 gramos y más;20
54;1;2;2.15 a 19;5.32 a 36;1.Hasta Primaria/C.EGB Completa;1.Menos de 2500 gramos;20
82;1;2;8.De 45 y más;6.37 a 41;2.Secundaria/Polimodal Incompleta;2.2500 gramos y más;3
66;1;2;3.20 a 24;6.37 a 41;3.Secundario/Polimodal Completa y más;1.Menos de 2500 gramos;25
02;1;2;5.30 a 34;6.37 a 41;3.Secundario/Polimodal Completa y más;1.Menos de 2500 gramos;61
74;1;1;4.25 a 29;8.Sin especificar;3.Secundario/Polimodal Completa y más;3.Sin especificar;3
14;1;1;1.Menor de 15;6.37 a 41;1.Hasta Primaria/C.EGB Completa;2.2500 gramos y más;8
62;2;1;2.15 a 19;5.32 a 36;2.Secundaria/Polimodal Incompleta;1.Menos de 2500 gramos;1
78;1;1;6.35 a 39;5.32 a 36;2.Secundaria/Polimodal Incompleta;2.2500 gramos y más;2
38;2;1;3.20 a 24;5.32 a 36;3.Secundario/Polimodal Completa y más;1.Menos de 2500 gramos;2
18;1;1;4.25 a 29;8.Sin especificar;3.Secundario/Polimodal Completa y más;2.2500 gramos y más;1
54;1;1;5.30 a 34;7.42 y más;4.Sin especificar;2.2500 gramos y más;1
58;1;1;2.15 a 19;6.37 a 41;1.Hasta Primaria/C.EGB Completa;2.2500 gramos y más;32
46;1;2;7.40 a 44;5.32 a 36;2.Secundaria/Polimodal Incompleta;1.Menos de 2500 gramos;2
06;1;1;3.20 a 24;8.Sin especificar;3.Secundario/Polimodal Completa y más;1.Menos de 2500 gramos;2
18;2;1;6.35 a 39;6.37 a 41;3.Secundario/Polimodal Completa y más;1.Menos de 2500 gramos;1
10;1;2;5.30 a 34;8.Sin especificar;3.Secundario/Polimodal Completa y más;3.Sin especificar;7
06;1;2;3.20 a 24;3.24 a 27;3.Secundario/Polimodal Completa y más;1.Menos de 2500 gramos;22
86;1;1;6.35 a 39;6.37 a 41;4.Sin especificar;2.2500 gramos y más;5
18;1;1;6.35 a 39;4.28 a 31;2.Secundaria/Polimodal Incompleta;1.Menos de 2500 gramos;1
86;1;1;4.25 a 29;4.28 a 31;3.Secundario/Polimodal Completa y más;2.2500 gramos y más;2
18;1;1;5.30 a 34;5.32 a 36;1.Hasta Primaria/C.EGB Completa;2.2500 gramos y más;9
22;2;2;4.25 a 29;5.32 a 36;2.Secundaria/Polimodal Incompleta;1.Menos de 2500 gramos;4
18;1;1;3.20 a 24;8.Sin especificar;3.Secundario/Polimodal Completa y más;2.2500 gramos y más;1
06;2;2;8.De 45 y más;5.32 a 36;1.Hasta Primaria/C.EGB Completa;1.Menos de 2500 gramos;1
34;2;1;5.30 a 34;5.32 a 36;4.Sin especificar;1.Menos de 2500 gramos;2
14;1;2;3.20 a 24;8.Sin especificar;2.Secundaria/Polimodal Incompleta;3.Sin especificar;1
66;1;2;2.15 a 19;5.32 a 36;1.Hasta Primaria/C.EGB Completa;2.2500 gramos y más;5
58;1;1;6.35 a 39;3.24 a 27;1.Hasta Primaria/C.EGB Completa;1.Menos de 2500 gramos;1
34;1;2;7.40 a 44;7.42 y más;4.Sin especificar;2.2500 gramos y más;1
06;1;1;4.25 a 29;6.37 a 41;4.Sin especificar;1.Menos de 2500 gramos;36
22;2;1;4.25 a 29;5.32 a 36;3.Secundario/Polimodal Completa y más;1.Menos de 2500 gramos;8
14;1;1;7.40 a 44;5.32 a 36;1.Hasta Primaria/C.EGB Completa;2.2500 gramos y más;10
86;1;1;3.20 a 24;7.42 y más;2.Secundaria/Polimodal Incompleta;2.2500 gramos y más;1
86;1;2;5.30 a 34;4.28 a 31;1.Hasta Primaria/C.EGB Completa;2.2500 gramos y más;1
30;2;2;4.25 a 29;8.Sin especificar;3.Secundario/Polimodal Completa y más;1.Menos de 2500 gramos;1
18;1;1;3.20 a 24;4.28 a 31;3.Secundario/Polimodal Completa y más;1.Menos de 2500 gramos;5
58;2;1;2.15 a 19;6.37 a 41;2.Secundaria/Polimodal Incompleta;2.2500 gramos y más;1
82;1;2;3.20 a 24;7.42 y más;3.Secundario/Polimodal Completa y más;2.2500 gramos y más;3
70;1;2;2.15 a 19;6.37 a 41;2.Secundaria/Polimodal Incompleta;1.Menos de 2500 gramos;13
42;1;1;5.30 a 34;6.37 a 41;1.Hasta Primaria/C.EGB Completa;2.2500 gramos y más;40
46;1;1;3.20 a 24;8.Sin especificar;3.Secundario/Polimodal Completa y más;1.Menos de 2500 gramos;1
06;1;1;5.30 a 34;5.32 a 36;2.Secundaria/Polimodal Incompleta;1.Menos de 2500 gramos;73
62;1;1;3.20 a 24;4.28 a 31;3.Secundario/Polimodal Completa y más;1.Menos de 2500 gramos;1
06;9;1;3.20 a 24;8.Sin especificar;4.Sin especificar;3.Sin especificar;118
10;1;2;4.25 a 29;6.37 a 41;2.Secundaria/Polimodal Incompleta;2.2500 gramos y más;69
50;2;2;4.25 a 29;6.37 a 41;2.Secundaria/Polimodal Incompleta;2.2500 gramos y más;6
50;1;1;2.15 a 19;5.32 a 36;2.Secundaria/Polimodal Incompleta;1.Menos de 2500 gramos;21
30;1;2;6.35 a 39;4.28 a 31;3.Secundario/Polimodal Completa y más;1.Menos de 2500 gramos;6
78;1;2;5.30 a 34;6.37 a 41;3.Secundario/Polimodal Completa y más;1.Menos de 2500 gramos;3
62;1;1;6.35 a 39;3.24 a 27;3.Secundario/Polimodal Completa y más;1.Menos de 2500 gramos;1
14;2;1;5.30 a 34;6.37 a 41;3.Secundario/Polimodal Completa y más;2.2500 gramos y más;13
90;1;1;3.20 a 24;4.28 a 31;2.Secundaria/Polimodal Incompleta;2.2500 gramos y más;2
30;1;1;4.25 a 29;8.Sin especificar;3.Secundario/Polimodal Completa y más;2.2500 gramos y más;19
06;1;2;2.15 a 19;3.24 a 27;2.Secundaria/Polimodal Incompleta;3.Sin especificar;1
82;1;2;3.20 a 24;3.24 a 27;3.Secundario/Polimodal Completa y más;1.Menos de 2500 gramos;6
90;1;2;6.35 a 39;5.32 a 36;2.Secundaria/Polimodal Incompleta;2.2500 gramos y más;14
14;1;2;5.30 a 34;5.32 a 36;2.Secundaria/Polimodal Incompleta;3.Sin especificar;1
42;1;1;5.30 a 34;8.Sin especificar;3.Secundario/Polimodal Completa y más;2.2500 gramos y más;1
02;1;1;7.40 a 44;5.32 a 36;4.Sin especificar;1.Menos de 2500 gramos;6
14;2;2;4.25 a 29;3.24 a 27;3.Secundario/Polimodal Completa y más;1.Menos de 2500 gramos;1
82;1;1;6.35 a 39;6.37 a 41;3.Secundario/Polimodal Completa y más;1.Menos de 2500 gramos;36
78;1;2;7.40 a 44;6.37 a 41;1.Hasta Primaria/C.EGB Completa;2.2500 gramos y más;10
14;2;1;4.25 a 29;6.37 a 41;1.Hasta Primaria/C.EGB Completa;2.2500 gramos y más;7
66;1;2;4.25 a 29;8.Sin especificar;2.Secundaria/Polimodal Incompleta;1.Menos de 2500 gramos;1
99;2;2;5.30 a 34;5.32 a 36;3.Secundario/Polimodal Completa y más;1.Menos de 2500 gramos;1
82;1;1;3.20 a 24;6.37 a 41;1.Hasta Primaria/C.EGB Completa;2.2500 gramos y más;1110
54;1;1;5.30 a 34;4.28 a 31;4.Sin especificar;1.Menos de 2500 gramos;1
50;1;1;3.20 a 24;6.37 a 41;1.Hasta Primaria/C.EGB Completa;1.Menos de 2500 gramos;6
22;1;2;5.30 a 34;6.37 a 41;3.Secundario/Polimodal Completa y más;1.Menos de 2500 gramos;25
82;2;1;5.30 a 34;5.32 a 36;2.Secundaria/Polimodal Incompleta;2.2500 gramos y más;1
99;1;1;9.Sin especificar;4.28 a 31;2.Secundaria/Polimodal Incompleta;1.Menos de 2500 gramos;1
02;1;2;3.20 a 24;5.32 a 36;4.Sin especificar;2.2500 gramos y más;1
38;1;1;3.20 a 24;6.37 a 41;1.Hasta Primaria/C.EGB Completa;2.2500 gramos y más;69
94;2;1;3.20 a 24;5.32 a 36;2.Secundaria/Polimodal Incompleta;2.2500 gramos y más;1
14;1;2;4.25 a 29;8.Sin especificar;3.Secundario/Polimodal Completa y más;2.2500 gramos y más;9
18;1;1;3.20 a 24;6.37 a 41;3.Secundario/Polimodal Completa y más;1.Menos de 2500 gramos;21
66;1;2;1.Menor de 15;6.37 a 41;2.Secundaria/Polimodal Incompleta;2.2500 gramos y más;15
99;1;2;6.35 a 39;6.37 a 41;3.Secundario/Polimodal Completa y más;2.2500 gramos y más;5
06;1;1;9.Sin especificar;7.42 y más;4.Sin especificar;2.2500 gramos y más;1
14;2;1;5.30 a 34;5.32 a 36;2.Secundaria/Polimodal Incompleta;2.2500 gramos y más;5
06;1;1;2.15 a 19;5.32 a 36;1.Hasta Primaria/C.EGB Completa;3.Sin especificar;1
46;2;1;4.25 a 29;5.32 a 36;1.Hasta Primaria/C.EGB Completa;1.Menos de 2500 gramos;3
18;1;1;7.40 a 44;5.32 a 36;3.Secundario/Polimodal Completa y más;2.2500 gramos y más;5
50;1;1;6.35 a 39;6.37 a 41;4.Sin especificar;2.2500 gramos y más;2
58;2;2;7.40 a 44;4.28 a 31;3.Secundario/Polimodal Completa y más;1.Menos de 2500 gramos;2
18;1;1;2.15 a 19;7.42 y más;3.Secundario/Polimodal Completa y más;2.2500 gramos y más;1
54;1;2;4.25 a 29;6.37 a 41;2.Secundaria/Polimodal Incompleta;1.Menos de 2500 gramos;18
22;1;2;2.15 a 19;6.37 a 41;1.Hasta Primaria/C.EGB Completa;1.Menos de 2500 gramos;15
78;2;1;2.15 a 19;5.32 a 36;2.Secundaria/Polimodal Incompleta;1.Menos de 2500 gramos;2
74;1;2;2.15 a 19;6.37 a 41;1.Hasta Primaria/C.EGB Completa;2.2500 gramos y más;25
14;1;2;3.20 a 24;7.42 y más;2.Secundaria/Polimodal Incompleta;2.2500 gramos y más;8
22;2;2;5.30 a 34;6.37 a 41;2.Secundaria/Polimodal Incompleta;2.2500 gramos y más;2
22;1;1;3.20 a 24;6.37 a 41;2.Secundaria/Polimodal Incompleta;1.Menos de 2500 gramos;17
06;1;9;2.15 a 19;6.37 a 41;2.Secundaria/Polimodal Incompleta;2.2500 gramos y más;26
74;1;1;5.30 a 34;6.37 a 41;1.Hasta Primaria/C.EGB Completa;2.2500 gramos y más;42
54;1;1;2.15 a 19;5.32 a 36;4.Sin especificar;2.2500 gramos y más;1
42;1;2;7.40 a 44;3.24 a 27;3.Secundario/Polimodal Completa y más;1.Menos de 2500 gramos;1
06;1;1;4.25 a 29;4.28 a 31;1.Hasta Primaria/C.EGB Completa;2.2500 gramos y más;1
30;1;1;5.30 a 34;8.Sin especificar;3.Secundario/Polimodal Completa y más;1.Menos de 2500 gramos;1
14;1;1;5.30 a 34;5.32 a 36;2.Secundaria/Polimodal Incompleta;1.Menos de 2500 gramos;28
90;1;1;6.35 a 39;7.42 y más;3.Secundario/Polimodal Completa y más;1.Menos de 2500 gramos;1
74;2;2;4.25 a 29;5.32 a 36;1.Hasta Primaria/C.EGB Completa;1.Menos de 2500 gramos;2
58;1;1;2.15 a 19;5.32 a 36;1.Hasta Primaria/C.EGB Completa;1.Menos de 2500 gramos;1
14;2;2;5.30 a 34;5.32 a 36;1.Hasta Primaria/C.EGB Completa;2.2500 gramos y más;4
10;1;2;3.20 a 24;3.24 a 27;2.Secundaria/Polimodal Incompleta;1.Menos de 2500 gramos;3
02;2;1;6.35 a 39;5.32 a 36;4.Sin especificar;1.Menos de 2500 gramos;5
82;1;2;5.30 a 34;8.Sin especificar;3.Secundario/Polimodal Completa y más;3.Sin especificar;1
18;1;2;3.20 a 24;4.28 a 31;3.Secundario/Polimodal Completa y más;1.Menos de 2500 gramos;3
14;9;2;8.De 45 y más;6.37 a 41;4.Sin especificar;2.2500 gramos y más;1
62;1;2;3.20 a 24;7.42 y más;2.Secundaria/Polimodal Incompleta;2.2500 gramos y más;3
34;1;1;8.De 45 y más;5.32 a 36;4.Sin especificar;1.Menos de 2500 gramos;1
54;1;1;5.30 a 34;6.37 a 41;4.Sin especificar;2.2500 gramos y más;85
22;1;2;3.20 a 24;6.37 a 41;2.Secundaria/Polimodal Incompleta;1.Menos de 2500 gramos;22
22;2;2;4.25 a 29;5.32 a 36;2.Secundaria/Polimodal Incompleta;2.2500 gramos y más;1
66;1;1;7.40 a 44;6.37 a 41;2.Secundaria/Polimodal Incompleta;2.2500 gramos y más;38
90;1;2;5.30 a 34;3.24 a 27;3.Secundario/Polimodal Completa y más;1.Menos de 2500 gramos;3
74;1;1;6.35 a 39;5.32 a 36;2.Secundaria/Polimodal Incompleta;1.Menos de 2500 gramos;2
22;2;1;3.20 a 24;6.37 a 41;2.Secundaria/Polimodal Incompleta;1.Menos de 2500 gramos;4
34;1;1;3.20 a 24;7.42 y más;3.Secundario/Polimodal Completa y más;2.2500 gramos y más;1
26;2;2;4.25 a 29;4.28 a 31;1.Hasta Primaria/C.EGB Completa;1.Menos de 2500 gramos;2
90;2;2;6.35 a 39;4.28 a 31;3.Secundario/Polimodal Completa y más;1.Menos de 2500 gramos;4
22;2;2;3.20 a 24;6.37 a 41;1.Hasta Primaria/C.EGB Completa;1.Menos de 2500 gramos;1
06;2;2;4.25 a 29;6.37 a 41;2.Secundaria/Polimodal Incompleta;2.2500 gramos y más;12
70;1;1;6.35 a 39;4.28 a 31;1.Hasta Primaria/C.EGB Completa;1.Menos de 2500 gramos;2
70;1;1;4.25 a 29;6.37 a 41;1.Hasta Primaria/C.EGB Completa;1.Menos de 2500 gramos;4
58;1;2;3.20 a 24;3.24 a 27;3.Secundario/Polimodal Completa y más;1.Menos de 2500 gramos;1
62;1;2;5.30 a 34;6.37 a 41;2.Secundaria/Polimodal Incompleta;2.2500 gramos y más;129
18;2;1;3.20 a 24;4.28 a 31;3.Secundario/Polimodal Completa y más;1.Menos de 2500 gramos;4
86;1;1;3.20 a 24;5.32 a 36;2.Secundaria/Polimodal Incompleta;1.Menos de 2500 gramos;4
06;1;2;7.40 a 44;5.32 a 36;1.Hasta Primaria/C.EGB Completa;3.Sin especificar;1
62;2;2;6.35 a 39;6.37 a 41;2.Secundaria/Polimodal Incompleta;2.2500 gramos y más;1
86;1;1;3.20 a 24;4.28 a 31;1.Hasta Primaria/C.EGB Completa;2.2500 gramos y más;1
14;2;1;5.30 a 34;4.28 a 31;3.Secundario/Polimodal Completa y más;1.Menos de 2500 gramos;6
66;1;2;4.25 a 29;6.37 a 41;3.Secundario/Polimodal Completa y más;3.Sin especificar;2
06;1;9;6.35 a 39;5.32 a 36;2.Secundaria/Polimodal Incompleta;1.Menos de 2500 gramos;1
06;1;9;3.20 a 24;6.37 a 41;3.Secundario/Polimodal Completa y más;2.2500 gramos y más;83
14;1;2;4.25 a 29;4.28 a 31;1.Hasta Primaria/C.EGB Completa;1.Menos de 2500 gramos;4
66;1;2;3.20 a 24;2.22 a 23;3.Secundario/Polimodal Completa y más;1.Menos de 2500 gramos;1
06;1;1;9.Sin especificar;6.37 a 41;3.Secundario/Polimodal Completa y más;2.2500 gramos y más;693
02;2;1;5.30 a 34;6.37 a 41;4.Sin especificar;2.2500 gramos y más;5
22;1;2;7.40 a 44;4.28 a 31;1.Hasta Primaria/C.EGB Completa;1.Menos de 2500 gramos;1
14;1;2;5.30 a 34;6.37 a 41;1.Hasta Primaria/C.EGB Completa;2.2500 gramos y más;479
06;2;1;3.20 a 24;6.37 a 41;3.Secundario/Polimodal Completa y más;2.2500 gramos y más;26
06;1;2;5.30 a 34;5.32 a 36;1.Hasta Primaria/C.EGB Completa;1.Menos de 2500 gramos;99
06;2;1;6.35 a 39;6.37 a 41;3.Secundario/Polimodal Completa y más;2.2500 gramos y más;68
58;1;2;6.35 a 39;6.37 a 41;4.Sin especificar;2.2500 gramos y más;5
22;2;2;6.35 a 39;6.37 a 41;3.Secundario/Polimodal Completa y más;1.Menos de 2500 gramos;5
06;2;2;3.20 a 24;8.Sin especificar;3.Secundario/Polimodal Completa y más;1.Menos de 2500 gramos;1
82;1;1;2.15 a 19;6.37 a 41;3.Secundario/Polimodal Completa y más;2.2500 gramos y más;227
82;2;1;5.30 a 34;5.32 a 36;2.Secundaria/Polimodal Incompleta;1.Menos de 2500 gramos;10
58;1;2;3.20 a 24;7.42 y más;2.Secundaria/Polimodal Incompleta;2.2500 gramos y más;1
06;1;1;8.De 45 y más;5.32 a 36;3.Secundario/Polimodal Completa y más;1.Menos de 2500 gramos;14
14;1;1;6.35 a 39;6.37 a 41;1.Hasta Primaria/C.EGB Completa;1.Menos de 2500 gramos;8
26;2;2;6.35 a 39;5.32 a 36;3.Secundario/Polimodal Completa y más;1.Menos de 2500 gramos;11
06;2;1;6.35 a 39;5.32 a 36;4.Sin especificar;2.2500 gramos y más;2
06;1;1;9.Sin especificar;8.Sin especificar;1.Hasta Primaria/C.EGB Completa;2.2500 gramos y más;2
06;1;1;4.25 a 29;4.28 a 31;2.Secundaria/Polimodal Incompleta;3.Sin especificar;2
50;1;1;6.35 a 39;7.42 y más;2.Secundaria/Polimodal Incompleta;2.2500 gramos y más;1
30;1;2;6.35 a 39;4.28 a 31;2.Secundaria/Polimodal Incompleta;1.Menos de 2500 gramos;2
30;1;1;2.15 a 19;6.37 a 41;4.Sin especificar;2.2500 gramos y más;3
14;1;1;8.De 45 y más;5.32 a 36;3.Secundario/Polimodal Completa y más;1.Menos de 2500 gramos;1
06;1;2;4.25 a 29;5.32 a 36;1.Hasta Primaria/C.EGB Completa;2.2500 gramos y más;101
86;1;2;1.Menor de 15;6.37 a 41;1.Hasta Primaria/C.EGB Completa;2.2500 gramos y más;14
10;1;2;7.40 a 44;8.Sin especificar;3.Secundario/Polimodal Completa y más;3.Sin especificar;2
26;1;1;7.40 a 44;6.37 a 41;4.Sin especificar;1.Menos de 2500 gramos;2
66;1;2;4.25 a 29;5.32 a 36;1.Hasta Primaria/C.EGB Completa;2.2500 gramos y más;10
14;1;2;1.Menor de 15;5.32 a 36;2.Secundaria/Polimodal Incompleta;2.2500 gramos y más;2
98;1;2;5.30 a 34;7.42 y más;1.Hasta Primaria/C.EGB Completa;2.2500 gramos y más;1
26;1;1;5.30 a 34;4.28 a 31;1.Hasta Primaria/C.EGB Completa;1.Menos de 2500 gramos;2
30;1;1;9.Sin especificar;6.37 a 41;2.Secundaria/Polimodal Incompleta;2.2500 gramos y más;1
50;1;1;5.30 a 34;8.Sin especificar;4.Sin especificar;2.2500 gramos y más;2
90;1;1;2.15 a 19;6.37 a 41;3.Secundario/Polimodal Completa y más;3.Sin especificar;2
90;1;1;5.30 a 34;5.32 a 36;4.Sin especificar;2.2500 gramos y más;2
99;1;2;9.Sin especificar;5.32 a 36;2.Secundaria/Polimodal Incompleta;2.2500 gramos y más;1
66;1;9;4.25 a 29;5.32 a 36;3.Secundario/Polimodal Completa y más;1.Menos de 2500 gramos;1
90;1;1;5.30 a 34;5.32 a 36;1.Hasta Primaria/C.EGB Completa;1.Menos de 2500 gramos;19
42;1;2;6.35 a 39;5.32 a 36;1.Hasta Primaria/C.EGB Completa;2.2500 gramos y más;1
18;1;2;6.35 a 39;6.37 a 41;2.Secundaria/Polimodal Incompleta;1.Menos de 2500 gramos;5
06;1;1;6.35 a 39;5.32 a 36;4.Sin especificar;2.2500 gramos y más;78
06;1;1;4.25 a 29;6.37 a 41;3.Secundario/Polimodal Completa y más;3.Sin especificar;100
34;1;2;5.30 a 34;6.37 a 41;1.Hasta Primaria/C.EGB Completa;2.2500 gramos y más;119
34;2;2;4.25 a 29;6.37 a 41;3.Secundario/Polimodal Completa y más;2.2500 gramos y más;4
66;2;1;6.35 a 39;5.32 a 36;3.Secundario/Polimodal Completa y más;2.2500 gramos y más;4
14;1;1;1.Menor de 15;5.32 a 36;1.Hasta Primaria/C.EGB Completa;2.2500 gramos y más;1
78;1;1;4.25 a 29;6.37 a 41;2.Secundaria/Polimodal Incompleta;2.2500 gramos y más;88
66;1;2;3.20 a 24;8.Sin especificar;4.Sin especificar;2.2500 gramos y más;5
30;2;2;5.30 a 34;5.32 a 36;1.Hasta Primaria/C.EGB Completa;1.Menos de 2500 gramos;5
54;1;2;2.15 a 19;8.Sin especificar;3.Secundario/Polimodal Completa y más;2.2500 gramos y más;1
66;1;2;3.20 a 24;4.28 a 31;1.Hasta Primaria/C.EGB Completa;2.2500 gramos y más;2
42;1;2;3.20 a 24;3.24 a 27;2.Secundaria/Polimodal Incompleta;1.Menos de 2500 gramos;1
70;1;1;3.20 a 24;4.28 a 31;2.Secundaria/Polimodal Incompleta;1.Menos de 2500 gramos;2
14;1;1;5.30 a 34;6.37 a 41;2.Secundaria/Polimodal Incompleta;1.Menos de 2500 gramos;20
50;1;1;5.30 a 34;6.37 a 41;4.Sin especificar;2.2500 gramos y más;1
02;1;1;6.35 a 39;5.32 a 36;2.Secundaria/Polimodal Incompleta;1.Menos de 2500 gramos;5
06;9;2;3.20 a 24;6.37 a 41;4.Sin especificar;2.2500 gramos y más;32
38;1;2;5.30 a 34;5.32 a 36;2.Secundaria/Polimodal Incompleta;2.2500 gramos y más;3
78;2;2;5.30 a 34;4.28 a 31;2.Secundaria/Polimodal Incompleta;1.Menos de 2500 gramos;1
70;1;1;7.40 a 44;6.37 a 41;2.Secundaria/Polimodal Incompleta;2.2500 gramos y más;36
06;1;2;7.40 a 44;2.22 a 23;3.Secundario/Polimodal Completa y más;1.Menos de 2500 gramos;2
46;1;2;3.20 a 24;6.37 a 41;2.Secundaria/Polimodal Incompleta;1.Menos de 2500 gramos;2
90;1;1;5.30 a 34;6.37 a 41;1.Hasta Primaria/C.EGB Completa;2.2500 gramos y más;321
78;2;1;6.35 a 39;5.32 a 36;3.Secundario/Polimodal Completa y más;2.2500 gramos y más;1
70;1;2;3.20 a 24;4.28 a 31;1.Hasta Primaria/C.EGB Completa;1.Menos de 2500 gramos;2
74;2;1;6.35 a 39;5.32 a 36;1.Hasta Primaria/C.EGB Completa;2.2500 gramos y más;1
46;1;1;7.40 a 44;6.37 a 41;1.Hasta Primaria/C.EGB Completa;1.Menos de 2500 gramos;1
78;1;2;6.35 a 39;6.37 a 41;3.Secundario/Polimodal Completa y más;1.Menos de 2500 gramos;6
94;1;2;6.35 a 39;6.37 a 41;2.Secundaria/Polimodal Incompleta;2.2500 gramos y más;12
82;1;1;8.De 45 y más;5.32 a 36;1.Hasta Primaria/C.EGB Completa;1.Menos de 2500 gramos;1
74;2;1;4.25 a 29;3.24 a 27;3.Secundario/Polimodal Completa y más;1.Menos de 2500 gramos;2
06;2;1;9.Sin especificar;5.32 a 36;3.Secundario/Polimodal Completa y más;1.Menos de 2500 gramos;6
54;1;2;1.Menor de 15;6.37 a 41;1.Hasta Primaria/C.EGB Completa;1.Menos de 2500 gramos;4
14;2;1;5.30 a 34;5.32 a 36;2.Secundaria/Polimodal Incompleta;1.Menos de 2500 gramos;9
54;1;1;2.15 a 19;5.32 a 36;2.Secundaria/Polimodal Incompleta;1.Menos de 2500 gramos;35
06;1;2;5.30 a 34;8.Sin especificar;2.Secundaria/Polimodal Incompleta;3.Sin especificar;4
26;1;2;5.30 a 34;3.24 a 27;3.Secundario/Polimodal Completa y más;1.Menos de 2500 gramos;1
86;1;2;2.15 a 19;5.32 a 36;3.Secundario/Polimodal Completa y más;2.2500 gramos y más;3
54;2;1;5.30 a 34;5.32 a 36;3.Secundario/Polimodal Completa y más;2.2500 gramos y más;2
74;1;2;7.40 a 44;5.32 a 36;4.Sin especificar;1.Menos de 2500 gramos;1
42;1;2;2.15 a 19;6.37 a 41;2.Secundaria/Polimodal Incompleta;1.Menos de 2500 gramos;1
06;1;1;3.20 a 24;4.28 a 31;4.Sin especificar;2.2500 gramos y más;2
02;2;2;4.25 a 29;3.24 a 27;3.Secundario/Polimodal Completa y más;1.Menos de 2500 gramos;1
82;1;2;6.35 a 39;5.32 a 36;1.Hasta Primaria/C.EGB Completa;1.Menos de 2500 gramos;13
30;1;2;2.15 a 19;5.32 a 36;3.Secundario/Polimodal Completa y más;2.2500 gramos y más;3
54;1;2;2.15 a 19;6.37 a 41;3.Secundario/Polimodal Completa y más;2.2500 gramos y más;163
22;2;2;2.15 a 19;6.37 a 41;1.Hasta Primaria/C.EGB Completa;1.Menos de 2500 gramos;2
06;1;1;4.25 a 29;8.Sin especificar;4.Sin especificar;3.Sin especificar;228
86;1;2;2.15 a 19;7.42 y más;3.Secundario/Polimodal Completa y más;2.2500 gramos y más;2
70;1;2;3.20 a 24;4.28 a 31;3.Secundario/Polimodal Completa y más;1.Menos de 2500 gramos;1
38;2;1;3.20 a 24;5.32 a 36;3.Secundario/Polimodal Completa y más;2.2500 gramos y más;2
66;1;2;3.20 a 24;8.Sin especificar;3.Secundario/Polimodal Completa y más;3.Sin especificar;1
86;1;2;1.Menor de 15;6.37 a 41;1.Hasta Primaria/C.EGB Completa;1.Menos de 2500 gramos;1
86;1;1;4.25 a 29;7.42 y más;1.Hasta Primaria/C.EGB Completa;2.2500 gramos y más;12
26;1;1;7.40 a 44;6.37 a 41;4.Sin especificar;2.2500 gramos y más;12
22;1;2;3.20 a 24;6.37 a 41;3.Secundario/Polimodal Completa y más;2.2500 gramos y más;889
30;1;1;3.20 a 24;6.37 a 41;4.Sin especificar;2.2500 gramos y más;12
99;9;2;9.Sin especificar;8.Sin especificar;4.Sin especificar;3.Sin especificar;33
86;1;1;2.15 a 19;6.37 a 41;1.Hasta Primaria/C.EGB Completa;1.Menos de 2500 gramos;12
02;1;1;8.De 45 y más;5.32 a 36;4.Sin especificar;1.Menos de 2500 gramos;1
30;2;2;6.35 a 39;8.Sin especificar;3.Secundario/Polimodal Completa y más;2.2500 gramos y más;1
30;1;2;3.20 a 24;4.28 a 31;2.Secundaria/Polimodal Incompleta;1.Menos de 2500 gramos;3
30;1;2;2.15 a 19;5.32 a 36;3.Secundario/Polimodal Completa y más;1.Menos de 2500 gramos;3
86;1;1;4.25 a 29;6.37 a 41;4.Sin especificar;2.2500 gramos y más;10
06;1;2;2.15 a 19;3.24 a 27;3.Secundario/Polimodal Completa y más;1.Menos de 2500 gramos;5
06;1;2;9.Sin especificar;5.32 a 36;2.Secundaria/Polimodal Incompleta;1.Menos de 2500 gramos;7
38;1;1;4.25 a 29;3.24 a 27;2.Secundaria/Polimodal Incompleta;1.Menos de 2500 gramos;2
82;1;2;4.25 a 29;5.32 a 36;2.Secundaria/Polimodal Incompleta;1.Menos de 2500 gramos;38
22;2;1;2.15 a 19;6.37 a 41;2.Secundaria/Polimodal Incompleta;1.Menos de 2500 gramos;1
58;1;2;2.15 a 19;6.37 a 41;4.Sin especificar;2.2500 gramos y más;1
42;1;2;6.35 a 39;6.37 a 41;2.Secundaria/Polimodal Incompleta;1.Menos de 2500 gramos;3
06;1;1;4.25 a 29;8.Sin especificar;3.Secundario/Polimodal Completa y más;2.2500 gramos y más;47
30;2;2;2.15 a 19;5.32 a 36;2.Secundaria/Polimodal Incompleta;1.Menos de 2500 gramos;2
78;1;1;5.30 a 34;7.42 y más;3.Secundario/Polimodal Completa y más;2.2500 gramos y más;1
06;1;2;4.25 a 29;6.37 a 41;3.Secundario/Polimodal Completa y más;1.Menos de 2500 gramos;252
54;1;1;3.20 a 24;5.32 a 36;3.Secundario/Polimodal Completa y más;1.Menos de 2500 gramos;26
02;2;1;6.35 a 39;5.32 a 36;1.Hasta Primaria/C.EGB Completa;1.Menos de 2500 gramos;3
22;2;1;3.20 a 24;6.37 a 41;2.Secundaria/Polimodal Incompleta;2.2500 gramos y más;1
82;1;2;1.Menor de 15;5.32 a 36;2.Secundaria/Polimodal Incompleta;1.Menos de 2500 gramos;1
94;1;1;4.25 a 29;6.37 a 41;3.Secundario/Polimodal Completa y más;1.Menos de 2500 gramos;3
06;2;1;3.20 a 24;6.37 a 41;3.Secundario/Polimodal Completa y más;1.Menos de 2500 gramos;7
18;2;1;4.25 a 29;6.37 a 41;3.Secundario/Polimodal Completa y más;1.Menos de 2500 gramos;5
66;1;2;6.35 a 39;7.42 y más;3.Secundario/Polimodal Completa y más;2.2500 gramos y más;2
90;2;2;6.35 a 39;5.32 a 36;3.Secundario/Polimodal Completa y más;1.Menos de 2500 gramos;21
06;2;2;3.20 a 24;8.Sin especificar;4.Sin especificar;3.Sin especificar;7
18;1;2;7.40 a 44;6.37 a 41;2.Secundaria/Polimodal Incompleta;2.2500 gramos y más;33
94;1;1;6.35 a 39;6.37 a 41;3.Secundario/Polimodal Completa y más;1.Menos de 2500 gramos;3
90;1;1;7.40 a 44;8.Sin especificar;2.Secundaria/Polimodal Incompleta;2.2500 gramos y más;1
06;1;2;3.20 a 24;5.32 a 36;1.Hasta Primaria/C.EGB Completa;1.Menos de 2500 gramos;74
06;2;1;4.25 a 29;4.28 a 31;4.Sin especificar;1.Menos de 2500 gramos;1
90;1;1;3.20 a 24;3.24 a 27;1.Hasta Primaria/C.EGB Completa;1.Menos de 2500 gramos;1
74;1;2;7.40 a 44;4.28 a 31;1.Hasta Primaria/C.EGB Completa;1.Menos de 2500 gramos;1
34;2;2;5.30 a 34;5.32 a 36;3.Secundario/Polimodal Completa y más;1.Menos de 2500 gramos;3
06;2;2;6.35 a 39;3.24 a 27;1.Hasta Primaria/C.EGB Completa;1.Menos de 2500 gramos;2
54;1;1;8.De 45 y más;6.37 a 41;3.Secundario/Polimodal Completa y más;2.2500 gramos y más;5
02;1;2;3.20 a 24;3.24 a 27;1.Hasta Primaria/C.EGB Completa;1.Menos de 2500 gramos;1
18;2;2;5.30 a 34;6.37 a 41;4.Sin especificar;1.Menos de 2500 gramos;2
54;1;2;1.Menor de 15;6.37 a 41;1.Hasta Primaria/C.EGB Completa;2.2500 gramos y más;45
86;1;2;3.20 a 24;5.32 a 36;1.Hasta Primaria/C.EGB Completa;1.Menos de 2500 gramos;25
50;1;1;5.30 a 34;4.28 a 31;1.Hasta Primaria/C.EGB Completa;1.Menos de 2500 gramos;2
06;1;1;5.30 a 34;4.28 a 31;2.Secundaria/Polimodal Incompleta;1.Menos de 2500 gramos;15
94;1;1;6.35 a 39;6.37 a 41;3.Secundario/Polimodal Completa y más;2.2500 gramos y más;116
58;2;2;5.30 a 34;5.32 a 36;3.Secundario/Polimodal Completa y más;1.Menos de 2500 gramos;3
90;1;2;2.15 a 19;6.37 a 41;3.Secundario/Polimodal Completa y más;1.Menos de 2500 gramos;14
18;1;2;3.20 a 24;5.32 a 36;1.Hasta Primaria/C.EGB Completa;2.2500 gramos y más;8
58;2;2;6.35 a 39;5.32 a 36;3.Secundario/Polimodal Completa y más;1.Menos de 2500 gramos;1
99;1;2;6.35 a 39;4.28 a 31;1.Hasta Primaria/C.EGB Completa;1.Menos de 2500 gramos;1
74;1;1;7.40 a 44;5.32 a 36;1.Hasta Primaria/C.EGB Completa;1.Menos de 2500 gramos;1
14;1;2;4.25 a 29;5.32 a 36;1.Hasta Primaria/C.EGB Completa;1.Menos de 2500 gramos;17
06;2;1;2.15 a 19;5.32 a 36;4.Sin especificar;1.Menos de 2500 gramos;4
70;2;2;3.20 a 24;6.37 a 41;3.Secundario/Polimodal Completa y más;2.2500 gramos y más;1
90;1;1;4.25 a 29;8.Sin especificar;3.Secundario/Polimodal Completa y más;1.Menos de 2500 gramos;4
42;1;1;2.15 a 19;8.Sin especificar;2.Secundaria/Polimodal Incompleta;2.2500 gramos y más;1
18;1;2;6.35 a 39;5.32 a 36;1.Hasta Primaria/C.EGB Completa;1.Menos de 2500 gramos;1
70;1;2;5.30 a 34;5.32 a 36;1.Hasta Primaria/C.EGB Completa;1.Menos de 2500 gramos;1
74;1;2;2.15 a 19;6.37 a 41;3.Secundario/Polimodal Completa y más;2.2500 gramos y más;49
18;1;2;6.35 a 39;5.32 a 36;4.Sin especificar;2.2500 gramos y más;6
66;1;2;5.30 a 34;5.32 a 36;3.Secundario/Polimodal Completa y más;2.2500 gramos y más;52
14;2;2;6.35 a 39;2.22 a 23;1.Hasta Primaria/C.EGB Completa;1.Menos de 2500 gramos;2
74;1;1;6.35 a 39;8.Sin especificar;3.Secundario/Polimodal Completa y más;3.Sin especificar;1
18;2;1;4.25 a 29;5.32 a 36;1.Hasta Primaria/C.EGB Completa;1.Menos de 2500 gramos;1
10;1;1;6.35 a 39;6.37 a 41;2.Secundaria/Polimodal Incompleta;2.2500 gramos y más;23
90;2;1;4.25 a 29;6.37 a 41;3.Secundario/Polimodal Completa y más;1.Menos de 2500 gramos;4
06;1;2;6.35 a 39;8.Sin especificar;4.Sin especificar;1.Menos de 2500 gramos;1
18;1;1;7.40 a 44;5.32 a 36;3.Secundario/Polimodal Completa y más;1.Menos de 2500 gramos;7
10;1;1;4.25 a 29;2.22 a 23;3.Secundario/Polimodal Completa y más;1.Menos de 2500 gramos;1
62;1;1;9.Sin especificar;5.32 a 36;2.Secundaria/Polimodal Incompleta;2.2500 gramos y más;1
62;1;2;2.15 a 19;4.28 a 31;4.Sin especificar;1.Menos de 2500 gramos;1
54;2;2;3.20 a 24;6.37 a 41;1.Hasta Primaria/C.EGB Completa;2.2500 gramos y más;2
82;1;2;6.35 a 39;6.37 a 41;3.Secundario/Polimodal Completa y más;3.Sin especificar;1
34;1;2;5.30 a 34;6.37 a 41;2.Secundaria/Polimodal Incompleta;1.Menos de 2500 gramos;2
74;1;1;3.20 a 24;6.37 a 41;3.Secundario/Polimodal Completa y más;2.2500 gramos y más;356
14;1;1;5.30 a 34;7.42 y más;2.Secundaria/Polimodal Incompleta;2.2500 gramos y más;2
86;1;2;6.35 a 39;4.28 a 31;3.Secundario/Polimodal Completa y más;1.Menos de 2500 gramos;4
78;1;1;6.35 a 39;6.37 a 41;2.Secundaria/Polimodal Incompleta;2.2500 gramos y más;31
42;1;1;5.30 a 34;4.28 a 31;3.Secundario/Polimodal Completa y más;1.Menos de 2500 gramos;1
90;1;1;6.35 a 39;7.42 y más;3.Secundario/Polimodal Completa y más;2.2500 gramos y más;21
86;1;1;4.25 a 29;7.42 y más;3.Secundario/Polimodal Completa y más;2.2500 gramos y más;7
82;2;2;3.20 a 24;5.32 a 36;3.Secundario/Polimodal Completa y más;1.Menos de 2500 gramos;18
70;2;1;7.40 a 44;5.32 a 36;3.Secundario/Polimodal Completa y más;1.Menos de 2500 gramos;3
02;1;1;5.30 a 34;6.37 a 41;3.Secundario/Polimodal Completa y más;3.Sin especificar;2
30;1;2;5.30 a 34;3.24 a 27;3.Secundario/Polimodal Completa y más;1.Menos de 2500 gramos;4
26;1;1;4.25 a 29;5.32 a 36;1.Hasta Primaria/C.EGB Completa;2.2500 gramos y más;4
14;1;1;3.20 a 24;4.28 a 31;2.Secundaria/Polimodal Incompleta;1.Menos de 2500 gramos;13
06;1;2;3.20 a 24;8.Sin especificar;1.Hasta Primaria/C.EGB Completa;3.Sin especificar;9
06;1;9;3.20 a 24;5.32 a 36;4.Sin especificar;1.Menos de 2500 gramos;1
18;2;1;3.20 a 24;6.37 a 41;2.Secundaria/Polimodal Incompleta;1.Menos de 2500 gramos;3
30;1;2;5.30 a 34;5.32 a 36;1.Hasta Primaria/C.EGB Completa;2.2500 gramos y más;7
06;1;1;2.15 a 19;2.22 a 23;2.Secundaria/Polimodal Incompleta;1.Menos de 2500 gramos;1
06;2;2;6.35 a 39;5.32 a 36;1.Hasta Primaria/C.EGB Completa;3.Sin especificar;2
74;1;2;2.15 a 19;6.37 a 41;1.Hasta Primaria/C.EGB Completa;1.Menos de 2500 gramos;1
38;2;1;4.25 a 29;6.37 a 41;2.Secundaria/Polimodal Incompleta;1.Menos de 2500 gramos;1
86;1;2;8.De 45 y más;6.37 a 41;3.Secundario/Polimodal Completa y más;2.2500 gramos y más;7
18;1;2;6.35 a 39;4.28 a 31;3.Secundario/Polimodal Completa y más;1.Menos de 2500 gramos;2
42;1;1;5.30 a 34;6.37 a 41;1.Hasta Primaria/C.EGB Completa;1.Menos de 2500 gramos;1
50;1;1;4.25 a 29;7.42 y más;2.Secundaria/Polimodal Incompleta;2.2500 gramos y más;2
18;2;2;5.30 a 34;5.32 a 36;4.Sin especificar;2.2500 gramos y más;2
06;1;2;4.25 a 29;6.37 a 41;4.Sin especificar;1.Menos de 2500 gramos;46
06;1;2;3.20 a 24;3.24 a 27;2.Secundaria/Polimodal Incompleta;3.Sin especificar;2
82;2;2;6.35 a 39;4.28 a 31;3.Secundario/Polimodal Completa y más;1.Menos de 2500 gramos;6
70;1;2;7.40 a 44;5.32 a 36;3.Secundario/Polimodal Completa y más;2.2500 gramos y más;2
54;1;2;4.25 a 29;6.37 a 41;1.Hasta Primaria/C.EGB Completa;1.Menos de 2500 gramos;24
70;1;2;4.25 a 29;5.32 a 36;3.Secundario/Polimodal Completa y más;1.Menos de 2500 gramos;22
22;1;1;6.35 a 39;8.Sin especificar;3.Secundario/Polimodal Completa y más;2.2500 gramos y más;4
06;1;2;4.25 a 29;4.28 a 31;3.Secundario/Polimodal Completa y más;1.Menos de 2500 gramos;70
42;1;1;5.30 a 34;6.37 a 41;4.Sin especificar;2.2500 gramos y más;1
22;1;1;8.De 45 y más;5.32 a 36;4.Sin especificar;1.Menos de 2500 gramos;1
06;1;1;3.20 a 24;5.32 a 36;1.Hasta Primaria/C.EGB Completa;3.Sin especificar;3
14;2;2;4.25 a 29;5.32 a 36;1.Hasta Primaria/C.EGB Completa;1.Menos de 2500 gramos;2
50;2;1;6.35 a 39;6.37 a 41;3.Secundario/Polimodal Completa y más;1.Menos de 2500 gramos;3
02;2;2;3.20 a 24;5.32 a 36;3.Secundario/Polimodal Completa y más;1.Menos de 2500 gramos;6
10;1;1;5.30 a 34;6.37 a 41;3.Secundario/Polimodal Completa y más;2.2500 gramos y más;353
90;1;1;6.35 a 39;5.32 a 36;1.Hasta Primaria/C.EGB Completa;2.2500 gramos y más;32
66;1;1;5.30 a 34;7.42 y más;2.Secundaria/Polimodal Incompleta;2.2500 gramos y más;2
74;1;1;6.35 a 39;6.37 a 41;2.Secundaria/Polimodal Incompleta;2.2500 gramos y más;28
99;1;2;7.40 a 44;6.37 a 41;3.Secundario/Polimodal Completa y más;2.2500 gramos y más;1
54;1;1;5.30 a 34;8.Sin especificar;1.Hasta Primaria/C.EGB Completa;1.Menos de 2500 gramos;1
26;1;2;5.30 a 34;5.32 a 36;3.Secundario/Polimodal Completa y más;2.2500 gramos y más;14
02;2;1;4.25 a 29;6.37 a 41;2.Secundaria/Polimodal Incompleta;1.Menos de 2500 gramos;2
86;1;9;3.20 a 24;6.37 a 41;3.Secundario/Polimodal Completa y más;2.2500 gramos y más;1
06;1;1;8.De 45 y más;4.28 a 31;3.Secundario/Polimodal Completa y más;1.Menos de 2500 gramos;4
18;1;1;7.40 a 44;6.37 a 41;2.Secundaria/Polimodal Incompleta;1.Menos de 2500 gramos;1
34;1;2;7.40 a 44;5.32 a 36;3.Secundario/Polimodal Completa y más;1.Menos de 2500 gramos;1
62;1;1;6.35 a 39;6.37 a 41;3.Secundario/Polimodal Completa y más;2.2500 gramos y más;357
06;2;1;7.40 a 44;5.32 a 36;2.Secundaria/Polimodal Incompleta;2.2500 gramos y más;1
22;1;2;2.15 a 19;6.37 a 41;1.Hasta Primaria/C.EGB Completa;2.2500 gramos y más;368
06;2;2;5.30 a 34;6.37 a 41;2.Secundaria/Polimodal Incompleta;2.2500 gramos y más;20
74;1;2;5.30 a 34;6.37 a 41;3.Secundario/Polimodal Completa y más;2.2500 gramos y más;404
66;1;1;5.30 a 34;8.Sin especificar;4.Sin especificar;3.Sin especificar;1
02;9;1;3.20 a 24;5.32 a 36;4.Sin especificar;1.Menos de 2500 gramos;1
06;1;1;3.20 a 24;8.Sin especificar;2.Secundaria/Polimodal Incompleta;2.2500 gramos y más;14
62;1;2;4.25 a 29;6.37 a 41;1.Hasta Primaria/C.EGB Completa;2.2500 gramos y más;114
46;2;1;4.25 a 29;4.28 a 31;2.Secundaria/Polimodal Incompleta;1.Menos de 2500 gramos;2
14;1;2;3.20 a 24;4.28 a 31;3.Secundario/Polimodal Completa y más;1.Menos de 2500 gramos;13
02;2;2;5.30 a 34;6.37 a 41;1.Hasta Primaria/C.EGB Completa;2.2500 gramos y más;3
14;1;1;3.20 a 24;7.42 y más;1.Hasta Primaria/C.EGB Completa;1.Menos de 2500 gramos;1
82;1;2;4.25 a 29;5.32 a 36;2.Secundaria/Polimodal Incompleta;2.2500 gramos y más;51
06;1;1;6.35 a 39;8.Sin especificar;4.Sin especificar;3.Sin especificar;135
06;2;1;3.20 a 24;5.32 a 36;2.Secundaria/Polimodal Incompleta;2.2500 gramos y más;7
06;1;1;9.Sin especificar;3.24 a 27;3.Secundario/Polimodal Completa y más;3.Sin especificar;1
14;1;1;5.30 a 34;6.37 a 41;2.Secundaria/Polimodal Incompleta;2.2500 gramos y más;799
06;1;2;3.20 a 24;2.22 a 23;2.Secundaria/Polimodal Incompleta;1.Menos de 2500 gramos;2
74;1;2;5.30 a 34;5.32 a 36;2.Secundaria/Polimodal Incompleta;2.2500 gramos y más;4
22;1;1;3.20 a 24;3.24 a 27;3.Secundario/Polimodal Completa y más;1.Menos de 2500 gramos;6
90;2;1;4.25 a 29;3.24 a 27;1.Hasta Primaria/C.EGB Completa;1.Menos de 2500 gramos;2
06;2;1;2.15 a 19;6.37 a 41;4.Sin especificar;2.2500 gramos y más;1
34;2;2;4.25 a 29;5.32 a 36;2.Secundaria/Polimodal Incompleta;2.2500 gramos y más;1
78;1;2;2.15 a 19;5.32 a 36;3.Secundario/Polimodal Completa y más;1.Menos de 2500 gramos;4
14;1;2;3.20 a 24;5.32 a 36;2.Secundaria/Polimodal Incompleta;2.2500 gramos y más;43
54;1;2;6.35 a 39;4.28 a 31;4.Sin especificar;1.Menos de 2500 gramos;3
34;1;1;6.35 a 39;4.28 a 31;3.Secundario/Polimodal Completa y más;1.Menos de 2500 gramos;1
90;1;1;1.Menor de 15;5.32 a 36;2.Secundaria/Polimodal Incompleta;1.Menos de 2500 gramos;2
86;1;1;4.25 a 29;5.32 a 36;1.Hasta Primaria/C.EGB Completa;1.Menos de 2500 gramos;19
62;1;2;2.15 a 19;5.32 a 36;3.Secundario/Polimodal Completa y más;2.2500 gramos y más;4
98;1;1;4.25 a 29;5.32 a 36;2.Secundaria/Polimodal Incompleta;2.2500 gramos y más;1
54;1;1;7.40 a 44;5.32 a 36;3.Secundario/Polimodal Completa y más;2.2500 gramos y más;9
10;2;2;4.25 a 29;6.37 a 41;3.Secundario/Polimodal Completa y más;1.Menos de 2500 gramos;4
54;1;1;3.20 a 24;5.32 a 36;4.Sin especificar;1.Menos de 2500 gramos;7
06;1;9;9.Sin especificar;6.37 a 41;4.Sin especificar;1.Menos de 2500 gramos;1
34;1;2;7.40 a 44;6.37 a 41;3.Secundario/Polimodal Completa y más;1.Menos de 2500 gramos;1
30;1;1;6.35 a 39;7.42 y más;3.Secundario/Polimodal Completa y más;1.Menos de 2500 gramos;1
66;1;1;3.20 a 24;4.28 a 31;2.Secundaria/Polimodal Incompleta;1.Menos de 2500 gramos;3
90;1;1;5.30 a 34;5.32 a 36;4.Sin especificar;1.Menos de 2500 gramos;2
66;1;1;6.35 a 39;6.37 a 41;4.Sin especificar;2.2500 gramos y más;11
14;1;1;9.Sin especificar;6.37 a 41;3.Secundario/Polimodal Completa y más;2.2500 gramos y más;2
66;1;1;7.40 a 44;5.32 a 36;2.Secundaria/Polimodal Incompleta;1.Menos de 2500 gramos;4
78;1;2;4.25 a 29;5.32 a 36;2.Secundaria/Polimodal Incompleta;1.Menos de 2500 gramos;4
70;1;1;8.De 45 y más;6.37 a 41;2.Secundaria/Polimodal Incompleta;2.2500 gramos y más;4
58;1;1;6.35 a 39;5.32 a 36;1.Hasta Primaria/C.EGB Completa;2.2500 gramos y más;2
38;1;1;2.15 a 19;7.42 y más;2.Secundaria/Polimodal Incompleta;2.2500 gramos y más;2
86;1;2;4.25 a 29;5.32 a 36;3.Secundario/Polimodal Completa y más;2.2500 gramos y más;40
46;2;2;6.35 a 39;5.32 a 36;3.Secundario/Polimodal Completa y más;1.Menos de 2500 gramos;3
50;1;2;2.15 a 19;4.28 a 31;2.Secundaria/Polimodal Incompleta;1.Menos de 2500 gramos;5
02;1;2;6.35 a 39;6.37 a 41;1.Hasta Primaria/C.EGB Completa;1.Menos de 2500 gramos;1
06;9;2;4.25 a 29;8.Sin especificar;4.Sin especificar;3.Sin especificar;144
02;9;1;6.35 a 39;8.Sin especificar;4.Sin especificar;3.Sin especificar;2
30;1;1;4.25 a 29;4.28 a 31;3.Secundario/Polimodal Completa y más;1.Menos de 2500 gramos;4
22;1;2;4.25 a 29;6.37 a 41;3.Secundario/Polimodal Completa y más;3.Sin especificar;4
06;1;1;6.35 a 39;8.Sin especificar;4.Sin especificar;2.2500 gramos y más;6
02;2;2;6.35 a 39;3.24 a 27;3.Secundario/Polimodal Completa y más;1.Menos de 2500 gramos;1
74;1;2;5.30 a 34;6.37 a 41;4.Sin especificar;1.Menos de 2500 gramos;1
34;1;2;4.25 a 29;3.24 a 27;2.Secundaria/Polimodal Incompleta;1.Menos de 2500 gramos;1
78;1;2;6.35 a 39;6.37 a 41;3.Secundario/Polimodal Completa y más;2.2500 gramos y más;154
74;1;2;5.30 a 34;7.42 y más;3.Secundario/Polimodal Completa y más;2.2500 gramos y más;9
14;1;2;2.15 a 19;3.24 a 27;2.Secundaria/Polimodal Incompleta;1.Menos de 2500 gramos;3
70;1;2;5.30 a 34;4.28 a 31;3.Secundario/Polimodal Completa y más;2.2500 gramos y más;1
06;2;1;9.Sin especificar;5.32 a 36;3.Secundario/Polimodal Completa y más;2.2500 gramos y más;2
90;2;1;6.35 a 39;6.37 a 41;2.Secundaria/Polimodal Incompleta;2.2500 gramos y más;1
86;1;2;2.15 a 19;3.24 a 27;2.Secundaria/Polimodal Incompleta;1.Menos de 2500 gramos;1
14;1;2;6.35 a 39;6.37 a 41;1.Hasta Primaria/C.EGB Completa;2.2500 gramos y más;311
18;2;2;6.35 a 39;6.37 a 41;2.Secundaria/Polimodal Incompleta;1.Menos de 2500 gramos;1
30;2;1;7.40 a 44;6.37 a 41;3.Secundario/Polimodal Completa y más;2.2500 gramos y más;2
82;1;1;3.20 a 24;5.32 a 36;1.Hasta Primaria/C.EGB Completa;2.2500 gramos y más;48
06;1;2;9.Sin especificar;4.28 a 31;2.Secundaria/Polimodal Incompleta;2.2500 gramos y más;1
18;1;1;4.25 a 29;5.32 a 36;3.Secundario/Polimodal Completa y más;1.Menos de 2500 gramos;21
18;1;1;3.20 a 24;6.37 a 41;2.Secundaria/Polimodal Incompleta;2.2500 gramos y más;519
82;1;2;3.20 a 24;5.32 a 36;2.Secundaria/Polimodal Incompleta;1.Menos de 2500 gramos;54
82;1;1;1.Menor de 15;6.37 a 41;2.Secundaria/Polimodal Incompleta;2.2500 gramos y más;23
02;9;1;5.30 a 34;6.37 a 41;4.Sin especificar;2.2500 gramos y más;96
66;1;1;5.30 a 34;5.32 a 36;1.Hasta Primaria/C.EGB Completa;1.Menos de 2500 gramos;10
30;2;2;3.20 a 24;3.24 a 27;1.Hasta Primaria/C.EGB Completa;1.Menos de 2500 gramos;2
18;1;2;3.20 a 24;7.42 y más;4.Sin especificar;1.Menos de 2500 gramos;1
34;1;1;7.40 a 44;6.37 a 41;1.Hasta Primaria/C.EGB Completa;1.Menos de 2500 gramos;3
50;1;2;1.Menor de 15;6.37 a 41;2.Secundaria/Polimodal Incompleta;1.Menos de 2500 gramos;1
38;2;1;3.20 a 24;6.37 a 41;1.Hasta Primaria/C.EGB Completa;2.2500 gramos y más;2
26;1;1;3.20 a 24;5.32 a 36;1.Hasta Primaria/C.EGB Completa;2.2500 gramos y más;2
99;1;1;5.30 a 34;6.37 a 41;3.Secundario/Polimodal Completa y más;2.2500 gramos y más;7
02;2;2;3.20 a 24;6.37 a 41;3.Secundario/Polimodal Completa y más;1.Menos de 2500 gramos;1
34;1;1;3.20 a 24;2.22 a 23;2.Secundaria/Polimodal Incompleta;1.Menos de 2500 gramos;1
22;1;2;5.30 a 34;3.24 a 27;1.Hasta Primaria/C.EGB Completa;1.Menos de 2500 gramos;1
66;2;1;2.15 a 19;6.37 a 41;3.Secundario/Polimodal Completa y más;2.2500 gramos y más;3
34;1;2;1.Menor de 15;6.37 a 41;4.Sin especificar;2.2500 gramos y más;14
50;2;2;3.20 a 24;6.37 a 41;1.Hasta Primaria/C.EGB Completa;2.2500 gramos y más;1
90;1;2;3.20 a 24;6.37 a 41;3.Secundario/Polimodal Completa y más;2.2500 gramos y más;1159
14;1;1;7.40 a 44;3.24 a 27;3.Secundario/Polimodal Completa y más;1.Menos de 2500 gramos;2
34;1;2;4.25 a 29;6.37 a 41;1.Hasta Primaria/C.EGB Completa;2.2500 gramos y más;163
78;1;2;7.40 a 44;5.32 a 36;3.Secundario/Polimodal Completa y más;1.Menos de 2500 gramos;3
02;1;1;7.40 a 44;8.Sin especificar;3.Secundario/Polimodal Completa y más;1.Menos de 2500 gramos;1
30;1;2;5.30 a 34;5.32 a 36;2.Secundaria/Polimodal Incompleta;2.2500 gramos y más;7
58;2;2;7.40 a 44;5.32 a 36;3.Secundario/Polimodal Completa y más;1.Menos de 2500 gramos;3
82;2;1;2.15 a 19;3.24 a 27;1.Hasta Primaria/C.EGB Completa;1.Menos de 2500 gramos;2
30;1;2;8.De 45 y más;6.37 a 41;1.Hasta Primaria/C.EGB Completa;2.2500 gramos y más;1
62;1;1;6.35 a 39;8.Sin especificar;3.Secundario/Polimodal Completa y más;3.Sin especificar;1
70;1;2;7.40 a 44;4.28 a 31;2.Secundaria/Polimodal Incompleta;1.Menos de 2500 gramos;1
66;1;1;2.15 a 19;7.42 y más;4.Sin especificar;2.2500 gramos y más;1
02;1;2;9.Sin especificar;8.Sin especificar;4.Sin especificar;3.Sin especificar;10
82;1;1;4.25 a 29;5.32 a 36;3.Secundario/Polimodal Completa y más;2.2500 gramos y más;110
18;2;2;6.35 a 39;5.32 a 36;3.Secundario/Polimodal Completa y más;2.2500 gramos y más;1
90;1;1;3.20 a 24;7.42 y más;2.Secundaria/Polimodal Incompleta;2.2500 gramos y más;26
90;2;1;3.20 a 24;5.32 a 36;2.Secundaria/Polimodal Incompleta;2.2500 gramos y más;1
62;1;1;2.15 a 19;5.32 a 36;3.Secundario/Polimodal Completa y más;1.Menos de 2500 gramos;1
42;1;2;1.Menor de 15;6.37 a 41;3.Secundario/Polimodal Completa y más;2.2500 gramos y más;1
18;1;1;7.40 a 44;5.32 a 36;2.Secundaria/Polimodal Incompleta;2.2500 gramos y más;1
02;1;1;4.25 a 29;5.32 a 36;3.Secundario/Polimodal Completa y más;1.Menos de 2500 gramos;41
06;1;2;4.25 a 29;5.32 a 36;4.Sin especificar;3.Sin especificar;7
54;1;2;2.15 a 19;6.37 a 41;3.Secundario/Polimodal Completa y más;1.Menos de 2500 gramos;7
06;9;2;5.30 a 34;8.Sin especificar;4.Sin especificar;3.Sin especificar;164
50;2;1;4.25 a 29;6.37 a 41;1.Hasta Primaria/C.EGB Completa;1.Menos de 2500 gramos;1
82;2;2;2.15 a 19;5.32 a 36;1.Hasta Primaria/C.EGB Completa;1.Menos de 2500 gramos;3
98;1;2;5.30 a 34;6.37 a 41;1.Hasta Primaria/C.EGB Completa;2.2500 gramos y más;1
34;2;1;5.30 a 34;6.37 a 41;3.Secundario/Polimodal Completa y más;2.2500 gramos y más;3
54;2;2;3.20 a 24;6.37 a 41;2.Secundaria/Polimodal Incompleta;1.Menos de 2500 gramos;2
78;1;2;4.25 a 29;6.37 a 41;2.Secundaria/Polimodal Incompleta;1.Menos de 2500 gramos;2
58;1;1;2.15 a 19;4.28 a 31;1.Hasta Primaria/C.EGB Completa;1.Menos de 2500 gramos;1
78;2;2;2.15 a 19;5.32 a 36;3.Secundario/Polimodal Completa y más;1.Menos de 2500 gramos;1
90;2;2;7.40 a 44;5.32 a 36;3.Secundario/Polimodal Completa y más;2.2500 gramos y más;1
22;1;2;6.35 a 39;6.37 a 41;2.Secundaria/Polimodal Incompleta;2.2500 gramos y más;113
66;1;1;3.20 a 24;8.Sin especificar;3.Secundario/Polimodal Completa y más;1.Menos de 2500 gramos;3
34;1;2;4.25 a 29;6.37 a 41;4.Sin especificar;1.Menos de 2500 gramos;4
90;1;2;3.20 a 24;5.32 a 36;1.Hasta Primaria/C.EGB Completa;2.2500 gramos y más;59
54;1;2;3.20 a 24;4.28 a 31;3.Secundario/Polimodal Completa y más;1.Menos de 2500 gramos;6
26;1;2;6.35 a 39;5.32 a 36;2.Secundaria/Polimodal Incompleta;1.Menos de 2500 gramos;6
14;1;2;4.25 a 29;3.24 a 27;3.Secundario/Polimodal Completa y más;1.Menos de 2500 gramos;12
18;1;1;7.40 a 44;4.28 a 31;3.Secundario/Polimodal Completa y más;1.Menos de 2500 gramos;1
06;1;2;4.25 a 29;4.28 a 31;2.Secundaria/Polimodal Incompleta;2.2500 gramos y más;2
90;1;1;5.30 a 34;7.42 y más;1.Hasta Primaria/C.EGB Completa;2.2500 gramos y más;21
86;1;9;4.25 a 29;6.37 a 41;3.Secundario/Polimodal Completa y más;2.2500 gramos y más;3
66;1;2;6.35 a 39;6.37 a 41;2.Secundaria/Polimodal Incompleta;2.2500 gramos y más;135
82;2;1;5.30 a 34;6.37 a 41;3.Secundario/Polimodal Completa y más;2.2500 gramos y más;29
22;1;1;6.35 a 39;5.32 a 36;4.Sin especificar;1.Menos de 2500 gramos;1
66;2;2;3.20 a 24;5.32 a 36;3.Secundario/Polimodal Completa y más;1.Menos de 2500 gramos;8
30;1;2;3.20 a 24;2.22 a 23;2.Secundaria/Polimodal Incompleta;1.Menos de 2500 gramos;1
78;1;2;3.20 a 24;5.32 a 36;1.Hasta Primaria/C.EGB Completa;2.2500 gramos y más;1
14;1;2;6.35 a 39;5.32 a 36;1.Hasta Primaria/C.EGB Completa;1.Menos de 2500 gramos;10
46;1;1;6.35 a 39;8.Sin especificar;2.Secundaria/Polimodal Incompleta;1.Menos de 2500 gramos;1
10;1;2;8.De 45 y más;6.37 a 41;1.Hasta Primaria/C.EGB Completa;2.2500 gramos y más;1
46;1;2;3.20 a 24;2.22 a 23;3.Secundario/Polimodal Completa y más;1.Menos de 2500 gramos;1
66;1;1;1.Menor de 15;6.37 a 41;3.Secundario/Polimodal Completa y más;2.2500 gramos y más;2
66;1;2;5.30 a 34;6.37 a 41;3.Secundario/Polimodal Completa y más;2.2500 gramos y más;1163
62;1;1;4.25 a 29;6.37 a 41;3.Secundario/Polimodal Completa y más;3.Sin especificar;2
50;2;2;6.35 a 39;6.37 a 41;2.Secundaria/Polimodal Incompleta;2.2500 gramos y más;2
02;1;1;1.Menor de 15;6.37 a 41;1.Hasta Primaria/C.EGB Completa;2.2500 gramos y más;1
02;1;2;6.35 a 39;5.32 a 36;3.Secundario/Polimodal Completa y más;2.2500 gramos y más;81
78;2;1;3.20 a 24;5.32 a 36;3.Secundario/Polimodal Completa y más;1.Menos de 2500 gramos;1
30;2;1;5.30 a 34;5.32 a 36;1.Hasta Primaria/C.EGB Completa;2.2500 gramos y más;2
22;2;1;6.35 a 39;3.24 a 27;3.Secundario/Polimodal Completa y más;1.Menos de 2500 gramos;1
74;1;2;6.35 a 39;6.37 a 41;4.Sin especificar;2.2500 gramos y más;7
50;2;1;3.20 a 24;5.32 a 36;2.Secundaria/Polimodal Incompleta;2.2500 gramos y más;2
10;1;1;1.Menor de 15;5.32 a 36;2.Secundaria/Polimodal Incompleta;1.Menos de 2500 gramos;1
90;1;1;5.30 a 34;2.22 a 23;2.Secundaria/Polimodal Incompleta;1.Menos de 2500 gramos;1
06;1;1;9.Sin especificar;5.32 a 36;2.Secundaria/Polimodal Incompleta;3.Sin especificar;3
86;1;1;6.35 a 39;5.32 a 36;3.Secundario/Polimodal Completa y más;1.Menos de 2500 gramos;18
18;1;2;6.35 a 39;6.37 a 41;4.Sin especificar;2.2500 gramos y más;132
62;2;2;3.20 a 24;5.32 a 36;3.Secundario/Polimodal Completa y más;1.Menos de 2500 gramos;2
46;1;1;6.35 a 39;5.32 a 36;2.Secundaria/Polimodal Incompleta;2.2500 gramos y más;2
50;1;1;8.De 45 y más;6.37 a 41;3.Secundario/Polimodal Completa y más;1.Menos de 2500 gramos;1
02;1;1;5.30 a 34;7.42 y más;3.Secundario/Polimodal Completa y más;2.2500 gramos y más;1
30;1;1;3.20 a 24;8.Sin especificar;1.Hasta Primaria/C.EGB Completa;2.2500 gramos y más;8
70;2;1;5.30 a 34;6.37 a 41;2.Secundaria/Polimodal Incompleta;1.Menos de 2500 gramos;1
62;1;1;4.25 a 29;5.32 a 36;1.Hasta Primaria/C.EGB Completa;2.2500 gramos y más;8
30;1;1;2.15 a 19;3.24 a 27;2.Secundaria/Polimodal Incompleta;1.Menos de 2500 gramos;3
18;1;1;2.15 a 19;4.28 a 31;2.Secundaria/Polimodal Incompleta;2.2500 gramos y más;1
34;1;1;2.15 a 19;5.32 a 36;2.Secundaria/Polimodal Incompleta;1.Menos de 2500 gramos;11
06;1;1;5.30 a 34;7.42 y más;2.Secundaria/Polimodal Incompleta;2.2500 gramos y más;13
54;1;2;3.20 a 24;6.37 a 41;2.Secundaria/Polimodal Incompleta;1.Menos de 2500 gramos;26
02;1;1;6.35 a 39;5.32 a 36;1.Hasta Primaria/C.EGB Completa;1.Menos de 2500 gramos;13
14;1;1;1.Menor de 15;5.32 a 36;1.Hasta Primaria/C.EGB Completa;1.Menos de 2500 gramos;1
18;1;1;2.15 a 19;5.32 a 36;1.Hasta Primaria/C.EGB Completa;1.Menos de 2500 gramos;2
34;1;2;6.35 a 39;5.32 a 36;3.Secundario/Polimodal Completa y más;1.Menos de 2500 gramos;7
82;1;2;2.15 a 19;4.28 a 31;1.Hasta Primaria/C.EGB Completa;1.Menos de 2500 gramos;9
06;2;2;9.Sin especificar;8.Sin especificar;4.Sin especificar;3.Sin especificar;25
46;1;1;4.25 a 29;6.37 a 41;4.Sin especificar;2.2500 gramos y más;3
58;2;2;4.25 a 29;6.37 a 41;3.Secundario/Polimodal Completa y más;2.2500 gramos y más;4
06;1;2;1.Menor de 15;6.37 a 41;2.Secundaria/Polimodal Incompleta;2.2500 gramos y más;66
82;1;1;7.40 a 44;4.28 a 31;2.Secundaria/Polimodal Incompleta;1.Menos de 2500 gramos;3
90;1;1;5.30 a 34;5.32 a 36;3.Secundario/Polimodal Completa y más;2.2500 gramos y más;96
66;1;2;3.20 a 24;8.Sin especificar;3.Secundario/Polimodal Completa y más;2.2500 gramos y más;17
38;2;1;3.20 a 24;4.28 a 31;2.Secundaria/Polimodal Incompleta;1.Menos de 2500 gramos;2
22;1;2;6.35 a 39;3.24 a 27;3.Secundario/Polimodal Completa y más;1.Menos de 2500 gramos;2
02;1;2;7.40 a 44;5.32 a 36;3.Secundario/Polimodal Completa y más;2.2500 gramos y más;27
14;2;1;6.35 a 39;4.28 a 31;3.Secundario/Polimodal Completa y más;1.Menos de 2500 gramos;4
10;1;2;7.40 a 44;6.37 a 41;2.Secundaria/Polimodal Incompleta;1.Menos de 2500 gramos;1
14;2;2;7.40 a 44;6.37 a 41;3.Secundario/Polimodal Completa y más;2.2500 gramos y más;3
14;2;2;3.20 a 24;5.32 a 36;2.Secundaria/Polimodal Incompleta;1.Menos de 2500 gramos;15
06;1;1;2.15 a 19;5.32 a 36;1.Hasta Primaria/C.EGB Completa;2.2500 gramos y más;45
06;2;1;6.35 a 39;6.37 a 41;4.Sin especificar;2.2500 gramos y más;11
50;1;1;3.20 a 24;5.32 a 36;2.Secundaria/Polimodal Incompleta;1.Menos de 2500 gramos;31
90;2;2;5.30 a 34;5.32 a 36;1.Hasta Primaria/C.EGB Completa;1.Menos de 2500 gramos;9
74;2;2;3.20 a 24;6.37 a 41;3.Secundario/Polimodal Completa y más;1.Menos de 2500 gramos;4
74;1;1;5.30 a 34;4.28 a 31;3.Secundario/Polimodal Completa y más;1.Menos de 2500 gramos;2
06;2;2;7.40 a 44;5.32 a 36;1.Hasta Primaria/C.EGB Completa;1.Menos de 2500 gramos;5
10;1;1;2.15 a 19;6.37 a 41;1.Hasta Primaria/C.EGB Completa;2.2500 gramos y más;22
94;1;1;2.15 a 19;6.37 a 41;2.Secundaria/Polimodal Incompleta;2.2500 gramos y más;28
34;1;1;3.20 a 24;7.42 y más;4.Sin especificar;2.2500 gramos y más;2
02;1;2;5.30 a 34;6.37 a 41;4.Sin especificar;1.Menos de 2500 gramos;4
86;1;2;3.20 a 24;8.Sin especificar;1.Hasta Primaria/C.EGB Completa;2.2500 gramos y más;1
18;1;2;6.35 a 39;6.37 a 41;1.Hasta Primaria/C.EGB Completa;2.2500 gramos y más;121
94;1;2;4.25 a 29;5.32 a 36;1.Hasta Primaria/C.EGB Completa;1.Menos de 2500 gramos;1
02;2;2;6.35 a 39;6.37 a 41;1.Hasta Primaria/C.EGB Completa;2.2500 gramos y más;5
22;1;1;6.35 a 39;5.32 a 36;2.Secundaria/Polimodal Incompleta;2.2500 gramos y más;7
18;1;1;8.De 45 y más;6.37 a 41;1.Hasta Primaria/C.EGB Completa;2.2500 gramos y más;2
18;1;2;2.15 a 19;6.37 a 41;4.Sin especificar;2.2500 gramos y más;232
62;1;2;3.20 a 24;5.32 a 36;2.Secundaria/Polimodal Incompleta;1.Menos de 2500 gramos;8
06;9;1;5.30 a 34;6.37 a 41;3.Secundario/Polimodal Completa y más;2.2500 gramos y más;3
66;1;2;5.30 a 34;4.28 a 31;2.Secundaria/Polimodal Incompleta;1.Menos de 2500 gramos;2
50;1;1;5.30 a 34;4.28 a 31;3.Secundario/Polimodal Completa y más;1.Menos de 2500 gramos;5
50;2;1;5.30 a 34;6.37 a 41;2.Secundaria/Polimodal Incompleta;1.Menos de 2500 gramos;1
66;1;1;3.20 a 24;6.37 a 41;2.Secundaria/Polimodal Incompleta;2.2500 gramos y más;688
82;1;2;4.25 a 29;6.37 a 41;4.Sin especificar;1.Menos de 2500 gramos;1
06;9;1;4.25 a 29;6.37 a 41;4.Sin especificar;3.Sin especificar;9
50;2;2;5.30 a 34;3.24 a 27;3.Secundario/Polimodal Completa y más;1.Menos de 2500 gramos;2
66;1;2;4.25 a 29;6.37 a 41;2.Secundaria/Polimodal Incompleta;1.Menos de 2500 gramos;11
18;1;2;5.30 a 34;7.42 y más;3.Secundario/Polimodal Completa y más;2.2500 gramos y más;3
30;1;1;4.25 a 29;8.Sin especificar;1.Hasta Primaria/C.EGB Completa;2.2500 gramos y más;4
78;1;2;7.40 a 44;5.32 a 36;1.Hasta Primaria/C.EGB Completa;1.Menos de 2500 gramos;1
34;1;1;6.35 a 39;6.37 a 41;4.Sin especificar;1.Menos de 2500 gramos;2
06;1;2;6.35 a 39;7.42 y más;3.Secundario/Polimodal Completa y más;1.Menos de 2500 gramos;1
26;1;1;7.40 a 44;3.24 a 27;3.Secundario/Polimodal Completa y más;1.Menos de 2500 gramos;1
34;1;1;5.30 a 34;6.37 a 41;4.Sin especificar;1.Menos de 2500 gramos;6
42;2;1;7.40 a 44;6.37 a 41;3.Secundario/Polimodal Completa y más;2.2500 gramos y más;2
58;1;2;5.30 a 34;5.32 a 36;3.Secundario/Polimodal Completa y más;1.Menos de 2500 gramos;15
02;1;1;6.35 a 39;5.32 a 36;2.Secundaria/Polimodal Incompleta;2.2500 gramos y más;8
02;1;2;7.40 a 44;6.37 a 41;1.Hasta Primaria/C.EGB Completa;1.Menos de 2500 gramos;4
18;1;2;5.30 a 34;5.32 a 36;3.Secundario/Polimodal Completa y más;1.Menos de 2500 gramos;20
90;2;2;3.20 a 24;5.32 a 36;1.Hasta Primaria/C.EGB Completa;2.2500 gramos y más;1
86;1;2;3.20 a 24;4.28 a 31;1.Hasta Primaria/C.EGB Completa;1.Menos de 2500 gramos;5
06;2;2;2.15 a 19;6.37 a 41;2.Secundaria/Polimodal Incompleta;1.Menos de 2500 gramos;4
82;1;1;2.15 a 19;8.Sin especificar;2.Secundaria/Polimodal Incompleta;2.2500 gramos y más;1
50;2;1;5.30 a 34;5.32 a 36;1.Hasta Primaria/C.EGB Completa;2.2500 gramos y más;2
02;2;2;3.20 a 24;4.28 a 31;1.Hasta Primaria/C.EGB Completa;1.Menos de 2500 gramos;2
74;1;2;3.20 a 24;7.42 y más;1.Hasta Primaria/C.EGB Completa;2.2500 gramos y más;2
42;1;1;5.30 a 34;5.32 a 36;3.Secundario/Polimodal Completa y más;1.Menos de 2500 gramos;7
22;1;1;5.30 a 34;5.32 a 36;2.Secundaria/Polimodal Incompleta;2.2500 gramos y más;10
58;1;2;7.40 a 44;5.32 a 36;3.Secundario/Polimodal Completa y más;1.Menos de 2500 gramos;5
86;1;1;5.30 a 34;6.37 a 41;4.Sin especificar;2.2500 gramos y más;5
94;1;1;6.35 a 39;5.32 a 36;3.Secundario/Polimodal Completa y más;1.Menos de 2500 gramos;4
30;1;1;5.30 a 34;4.28 a 31;4.Sin especificar;1.Menos de 2500 gramos;1
99;9;2;3.20 a 24;6.37 a 41;4.Sin especificar;2.2500 gramos y más;4
70;1;1;4.25 a 29;5.32 a 36;2.Secundaria/Polimodal Incompleta;1.Menos de 2500 gramos;5
22;2;1;5.30 a 34;8.Sin especificar;4.Sin especificar;3.Sin especificar;1
22;1;1;5.30 a 34;6.37 a 41;3.Secundario/Polimodal Completa y más;2.2500 gramos y más;852
50;1;2;1.Menor de 15;5.32 a 36;3.Secundario/Polimodal Completa y más;2.2500 gramos y más;1
38;1;2;3.20 a 24;5.32 a 36;2.Secundaria/Polimodal Incompleta;1.Menos de 2500 gramos;16
66;1;2;4.25 a 29;7.42 y más;1.Hasta Primaria/C.EGB Completa;2.2500 gramos y más;1
86;1;1;6.35 a 39;6.37 a 41;3.Secundario/Polimodal Completa y más;1.Menos de 2500 gramos;6
70;1;1;5.30 a 34;5.32 a 36;3.Secundario/Polimodal Completa y más;2.2500 gramos y más;20
70;1;2;6.35 a 39;5.32 a 36;1.Hasta Primaria/C.EGB Completa;2.2500 gramos y más;2
62;1;1;4.25 a 29;5.32 a 36;1.Hasta Primaria/C.EGB Completa;1.Menos de 2500 gramos;1
02;1;2;4.25 a 29;5.32 a 36;2.Secundaria/Polimodal Incompleta;2.2500 gramos y más;7
90;1;1;5.30 a 34;6.37 a 41;4.Sin especificar;2.2500 gramos y más;8
22;1;2;3.20 a 24;5.32 a 36;4.Sin especificar;1.Menos de 2500 gramos;2
22;1;1;6.35 a 39;5.32 a 36;2.Secundaria/Polimodal Incompleta;1.Menos de 2500 gramos;6
18;1;1;4.25 a 29;3.24 a 27;3.Secundario/Polimodal Completa y más;1.Menos de 2500 gramos;3
30;1;1;2.15 a 19;5.32 a 36;4.Sin especificar;1.Menos de 2500 gramos;1
06;1;2;1.Menor de 15;6.37 a 41;4.Sin especificar;1.Menos de 2500 gramos;1
06;1;2;6.35 a 39;4.28 a 31;2.Secundaria/Polimodal Incompleta;1.Menos de 2500 gramos;6
82;2;2;3.20 a 24;4.28 a 31;3.Secundario/Polimodal Completa y más;1.Menos de 2500 gramos;2
78;1;2;3.20 a 24;5.32 a 36;1.Hasta Primaria/C.EGB Completa;1.Menos de 2500 gramos;3
22;2;2;5.30 a 34;6.37 a 41;3.Secundario/Polimodal Completa y más;1.Menos de 2500 gramos;5
30;1;1;5.30 a 34;6.37 a 41;1.Hasta Primaria/C.EGB Completa;2.2500 gramos y más;268
74;1;2;3.20 a 24;6.37 a 41;2.Secundaria/Polimodal Incompleta;1.Menos de 2500 gramos;5
99;9;2;5.30 a 34;6.37 a 41;4.Sin especificar;2.2500 gramos y más;11
90;1;2;2.15 a 19;5.32 a 36;2.Secundaria/Polimodal Incompleta;1.Menos de 2500 gramos;7
02;1;2;4.25 a 29;6.37 a 41;1.Hasta Primaria/C.EGB Completa;2.2500 gramos y más;287
54;1;2;9.Sin especificar;6.37 a 41;1.Hasta Primaria/C.EGB Completa;2.2500 gramos y más;3
46;1;1;7.40 a 44;4.28 a 31;3.Secundario/Polimodal Completa y más;1.Menos de 2500 gramos;2
06;1;1;4.25 a 29;6.37 a 41;3.Secundario/Polimodal Completa y más;2.2500 gramos y más;11448
82;2;1;6.35 a 39;6.37 a 41;3.Secundario/Polimodal Completa y más;2.2500 gramos y más;23
54;1;2;2.15 a 19;4.28 a 31;2.Secundaria/Polimodal Incompleta;1.Menos de 2500 gramos;2
06;1;1;4.25 a 29;6.37 a 41;4.Sin especificar;2.2500 gramos y más;2117
06;2;1;3.20 a 24;5.32 a 36;2.Secundaria/Polimodal Incompleta;1.Menos de 2500 gramos;23
62;1;1;7.40 a 44;3.24 a 27;3.Secundario/Polimodal Completa y más;1.Menos de 2500 gramos;1
14;1;1;7.40 a 44;5.32 a 36;1.Hasta Primaria/C.EGB Completa;1.Menos de 2500 gramos;11
14;2;1;7.40 a 44;6.37 a 41;3.Secundario/Polimodal Completa y más;1.Menos de 2500 gramos;1
70;2;1;3.20 a 24;5.32 a 36;2.Secundaria/Polimodal Incompleta;2.2500 gramos y más;2
62;1;2;4.25 a 29;6.37 a 41;1.Hasta Primaria/C.EGB Completa;1.Menos de 2500 gramos;3
22;2;1;4.25 a 29;6.37 a 41;1.Hasta Primaria/C.EGB Completa;2.2500 gramos y más;5
90;1;2;5.30 a 34;2.22 a 23;3.Secundario/Polimodal Completa y más;1.Menos de 2500 gramos;1
14;1;2;6.35 a 39;4.28 a 31;1.Hasta Primaria/C.EGB Completa;1.Menos de 2500 gramos;3
34;1;2;2.15 a 19;6.37 a 41;2.Secundaria/Polimodal Incompleta;2.2500 gramos y más;222
34;2;2;5.30 a 34;5.32 a 36;3.Secundario/Polimodal Completa y más;2.2500 gramos y más;2
18;1;2;3.20 a 24;3.24 a 27;4.Sin especificar;1.Menos de 2500 gramos;1
50;1;1;2.15 a 19;5.32 a 36;2.Secundaria/Polimodal Incompleta;2.2500 gramos y más;14
30;2;1;5.30 a 34;6.37 a 41;2.Secundaria/Polimodal Incompleta;2.2500 gramos y más;3
14;2;1;5.30 a 34;6.37 a 41;3.Secundario/Polimodal Completa y más;1.Menos de 2500 gramos;11
70;1;1;3.20 a 24;5.32 a 36;1.Hasta Primaria/C.EGB Completa;1.Menos de 2500 gramos;6
82;2;2;8.De 45 y más;5.32 a 36;3.Secundario/Polimodal Completa y más;1.Menos de 2500 gramos;2
02;1;1;7.40 a 44;5.32 a 36;3.Secundario/Polimodal Completa y más;3.Sin especificar;1
38;2;1;4.25 a 29;6.37 a 41;3.Secundario/Polimodal Completa y más;1.Menos de 2500 gramos;3
94;2;2;6.35 a 39;6.37 a 41;3.Secundario/Polimodal Completa y más;2.2500 gramos y más;2
06;1;1;4.25 a 29;8.Sin especificar;3.Secundario/Polimodal Completa y más;1.Menos de 2500 gramos;10
14;1;2;3.20 a 24;5.32 a 36;2.Secundaria/Polimodal Incompleta;1.Menos de 2500 gramos;55
34;1;1;8.De 45 y más;6.37 a 41;1.Hasta Primaria/C.EGB Completa;2.2500 gramos y más;1
14;1;1;4.25 a 29;6.37 a 41;3.Secundario/Polimodal Completa y más;1.Menos de 2500 gramos;51
22;1;2;5.30 a 34;8.Sin especificar;1.Hasta Primaria/C.EGB Completa;3.Sin especificar;1
22;2;2;3.20 a 24;6.37 a 41;1.Hasta Primaria/C.EGB Completa;2.2500 gramos y más;1
82;2;1;6.35 a 39;5.32 a 36;1.Hasta Primaria/C.EGB Completa;1.Menos de 2500 gramos;4
58;2;1;6.35 a 39;6.37 a 41;1.Hasta Primaria/C.EGB Completa;2.2500 gramos y más;2
66;1;1;4.25 a 29;6.37 a 41;4.Sin especificar;2.2500 gramos y más;22
26;1;2;2.15 a 19;5.32 a 36;3.Secundario/Polimodal Completa y más;1.Menos de 2500 gramos;2
54;2;1;3.20 a 24;6.37 a 41;3.Secundario/Polimodal Completa y más;1.Menos de 2500 gramos;1
50;2;2;4.25 a 29;5.32 a 36;1.Hasta Primaria/C.EGB Completa;2.2500 gramos y más;1
74;1;1;6.35 a 39;7.42 y más;2.Secundaria/Polimodal Incompleta;2.2500 gramos y más;1
22;1;1;4.25 a 29;6.37 a 41;4.Sin especificar;2.2500 gramos y más;33
62;1;1;5.30 a 34;8.Sin especificar;3.Secundario/Polimodal Completa y más;2.2500 gramos y más;5
06;2;2;4.25 a 29;6.37 a 41;2.Secundaria/Polimodal Incompleta;1.Menos de 2500 gramos;13
66;1;1;6.35 a 39;4.28 a 31;3.Secundario/Polimodal Completa y más;1.Menos de 2500 gramos;5
70;2;1;6.35 a 39;5.32 a 36;2.Secundaria/Polimodal Incompleta;2.2500 gramos y más;1
42;1;1;6.35 a 39;6.37 a 41;1.Hasta Primaria/C.EGB Completa;2.2500 gramos y más;18
70;2;1;6.35 a 39;6.37 a 41;3.Secundario/Polimodal Completa y más;2.2500 gramos y más;4
30;1;2;1.Menor de 15;6.37 a 41;2.Secundaria/Polimodal Incompleta;2.2500 gramos y más;14
22;2;2;5.30 a 34;5.32 a 36;2.Secundaria/Polimodal Incompleta;2.2500 gramos y más;1
70;1;1;2.15 a 19;6.37 a 41;3.Secundario/Polimodal Completa y más;1.Menos de 2500 gramos;3
66;2;2;6.35 a 39;5.32 a 36;3.Secundario/Polimodal Completa y más;1.Menos de 2500 gramos;8
14;1;1;4.25 a 29;5.32 a 36;2.Secundaria/Polimodal Incompleta;1.Menos de 2500 gramos;47
58;1;2;5.30 a 34;6.37 a 41;3.Secundario/Polimodal Completa y más;1.Menos de 2500 gramos;14
34;2;2;4.25 a 29;3.24 a 27;2.Secundaria/Polimodal Incompleta;1.Menos de 2500 gramos;2
38;1;1;8.De 45 y más;6.37 a 41;1.Hasta Primaria/C.EGB Completa;2.2500 gramos y más;1
22;1;2;3.20 a 24;5.32 a 36;2.Secundaria/Polimodal Incompleta;3.Sin especificar;1
82;1;1;3.20 a 24;3.24 a 27;2.Secundaria/Polimodal Incompleta;1.Menos de 2500 gramos;4
06;9;2;4.25 a 29;5.32 a 36;4.Sin especificar;2.2500 gramos y más;2
58;1;1;7.40 a 44;6.37 a 41;3.Secundario/Polimodal Completa y más;2.2500 gramos y más;103
06;1;2;5.30 a 34;4.28 a 31;1.Hasta Primaria/C.EGB Completa;2.2500 gramos y más;1
02;1;1;5.30 a 34;8.Sin especificar;1.Hasta Primaria/C.EGB Completa;1.Menos de 2500 gramos;1
34;2;2;2.15 a 19;5.32 a 36;2.Secundaria/Polimodal Incompleta;2.2500 gramos y más;1
14;1;1;3.20 a 24;7.42 y más;3.Secundario/Polimodal Completa y más;2.2500 gramos y más;8
82;1;2;8.De 45 y más;6.37 a 41;3.Secundario/Polimodal Completa y más;1.Menos de 2500 gramos;2
06;1;2;3.20 a 24;5.32 a 36;1.Hasta Primaria/C.EGB Completa;2.2500 gramos y más;64
62;1;2;5.30 a 34;8.Sin especificar;1.Hasta Primaria/C.EGB Completa;2.2500 gramos y más;2
14;1;1;3.20 a 24;6.37 a 41;3.Secundario/Polimodal Completa y más;1.Menos de 2500 gramos;41
02;1;1;7.40 a 44;6.37 a 41;4.Sin especificar;2.2500 gramos y más;75
22;1;2;5.30 a 34;4.28 a 31;2.Secundaria/Polimodal Incompleta;1.Menos de 2500 gramos;1
58;1;1;3.20 a 24;4.28 a 31;3.Secundario/Polimodal Completa y más;1.Menos de 2500 gramos;2
02;2;1;5.30 a 34;4.28 a 31;1.Hasta Primaria/C.EGB Completa;1.Menos de 2500 gramos;1
50;1;1;4.25 a 29;5.32 a 36;2.Secundaria/Polimodal Incompleta;1.Menos de 2500 gramos;22
10;1;1;6.35 a 39;6.37 a 41;3.Secundario/Polimodal Completa y más;1.Menos de 2500 gramos;4
02;1;2;7.40 a 44;8.Sin especificar;4.Sin especificar;3.Sin especificar;1
06;2;1;3.20 a 24;6.37 a 41;2.Secundaria/Polimodal Incompleta;2.2500 gramos y más;26
54;1;2;4.25 a 29;5.32 a 36;3.Secundario/Polimodal Completa y más;2.2500 gramos y más;52
30;1;2;6.35 a 39;6.37 a 41;3.Secundario/Polimodal Completa y más;1.Menos de 2500 gramos;20
90;1;1;2.15 a 19;6.37 a 41;3.Secundario/Polimodal Completa y más;2.2500 gramos y más;192
02;1;1;4.25 a 29;6.37 a 41;1.Hasta Primaria/C.EGB Completa;3.Sin especificar;2
58;1;2;5.30 a 34;3.24 a 27;1.Hasta Primaria/C.EGB Completa;1.Menos de 2500 gramos;1
14;2;2;4.25 a 29;5.32 a 36;1.Hasta Primaria/C.EGB Completa;2.2500 gramos y más;1
90;2;1;5.30 a 34;4.28 a 31;3.Secundario/Polimodal Completa y más;1.Menos de 2500 gramos;4
26;1;1;6.35 a 39;6.37 a 41;1.Hasta Primaria/C.EGB Completa;2.2500 gramos y más;29
02;2;1;7.40 a 44;5.32 a 36;3.Secundario/Polimodal Completa y más;2.2500 gramos y más;8
58;1;2;7.40 a 44;5.32 a 36;3.Secundario/Polimodal Completa y más;2.2500 gramos y más;5
02;2;1;4.25 a 29;6.37 a 41;2.Secundaria/Polimodal Incompleta;2.2500 gramos y más;4
58;2;2;3.20 a 24;5.32 a 36;2.Secundaria/Polimodal Incompleta;1.Menos de 2500 gramos;3
06;2;2;7.40 a 44;5.32 a 36;1.Hasta Primaria/C.EGB Completa;2.2500 gramos y más;1
90;1;1;2.15 a 19;8.Sin especificar;1.Hasta Primaria/C.EGB Completa;2.2500 gramos y más;3
06;1;1;3.20 a 24;5.32 a 36;4.Sin especificar;3.Sin especificar;8
42;1;1;4.25 a 29;6.37 a 41;2.Secundaria/Polimodal Incompleta;2.2500 gramos y más;100
50;1;2;4.25 a 29;5.32 a 36;1.Hasta Primaria/C.EGB Completa;2.2500 gramos y más;11
70;1;2;4.25 a 29;5.32 a 36;3.Secundario/Polimodal Completa y más;2.2500 gramos y más;14
50;1;2;6.35 a 39;6.37 a 41;3.Secundario/Polimodal Completa y más;2.2500 gramos y más;1049
34;1;1;6.35 a 39;4.28 a 31;3.Secundario/Polimodal Completa y más;2.2500 gramos y más;1
54;2;1;5.30 a 34;6.37 a 41;1.Hasta Primaria/C.EGB Completa;2.2500 gramos y más;3
10;1;1;7.40 a 44;6.37 a 41;3.Secundario/Polimodal Completa y más;1.Menos de 2500 gramos;2
99;1;2;9.Sin especificar;4.28 a 31;4.Sin especificar;1.Menos de 2500 gramos;1
98;1;1;4.25 a 29;5.32 a 36;2.Secundaria/Polimodal Incompleta;1.Menos de 2500 gramos;1
74;2;2;4.25 a 29;5.32 a 36;4.Sin especificar;1.Menos de 2500 gramos;1
50;1;2;6.35 a 39;6.37 a 41;3.Secundario/Polimodal Completa y más;1.Menos de 2500 gramos;24
74;1;2;7.40 a 44;6.37 a 41;1.Hasta Primaria/C.EGB Completa;2.2500 gramos y más;12
02;1;1;3.20 a 24;4.28 a 31;3.Secundario/Polimodal Completa y más;1.Menos de 2500 gramos;2
18;1;1;6.35 a 39;6.37 a 41;2.Secundaria/Polimodal Incompleta;2.2500 gramos y más;99
70;1;1;7.40 a 44;5.32 a 36;1.Hasta Primaria/C.EGB Completa;2.2500 gramos y más;3
50;2;1;5.30 a 34;5.32 a 36;1.Hasta Primaria/C.EGB Completa;1.Menos de 2500 gramos;1
02;1;1;5.30 a 34;1.Menos de 22;1.Hasta Primaria/C.EGB Completa;1.Menos de 2500 gramos;1
26;1;2;7.40 a 44;6.37 a 41;2.Secundaria/Polimodal Incompleta;1.Menos de 2500 gramos;1
02;1;1;6.35 a 39;5.32 a 36;4.Sin especificar;2.2500 gramos y más;7
06;1;2;4.25 a 29;3.24 a 27;1.Hasta Primaria/C.EGB Completa;1.Menos de 2500 gramos;11
74;1;1;3.20 a 24;4.28 a 31;1.Hasta Primaria/C.EGB Completa;1.Menos de 2500 gramos;1
10;1;2;7.40 a 44;6.37 a 41;2.Secundaria/Polimodal Incompleta;2.2500 gramos y más;5
26;1;2;3.20 a 24;5.32 a 36;4.Sin especificar;1.Menos de 2500 gramos;2
90;1;1;2.15 a 19;5.32 a 36;1.Hasta Primaria/C.EGB Completa;1.Menos de 2500 gramos;5
98;1;2;2.15 a 19;6.37 a 41;4.Sin especificar;2.2500 gramos y más;1
10;1;1;4.25 a 29;6.37 a 41;3.Secundario/Polimodal Completa y más;1.Menos de 2500 gramos;11
66;2;2;4.25 a 29;6.37 a 41;3.Secundario/Polimodal Completa y más;1.Menos de 2500 gramos;2
22;1;1;5.30 a 34;6.37 a 41;1.Hasta Primaria/C.EGB Completa;1.Menos de 2500 gramos;14
34;1;2;1.Menor de 15;5.32 a 36;4.Sin especificar;2.2500 gramos y más;1
14;1;2;1.Menor de 15;3.24 a 27;2.Secundaria/Polimodal Incompleta;1.Menos de 2500 gramos;1
78;2;1;7.40 a 44;6.37 a 41;1.Hasta Primaria/C.EGB Completa;2.2500 gramos y más;2
26;1;1;3.20 a 24;5.32 a 36;2.Secundaria/Polimodal Incompleta;1.Menos de 2500 gramos;5
58;1;1;6.35 a 39;5.32 a 36;1.Hasta Primaria/C.EGB Completa;1.Menos de 2500 gramos;2
22;1;1;3.20 a 24;4.28 a 31;4.Sin especificar;2.2500 gramos y más;1
66;2;2;4.25 a 29;6.37 a 41;3.Secundario/Polimodal Completa y más;2.2500 gramos y más;12
34;1;2;2.15 a 19;6.37 a 41;2.Secundaria/Polimodal Incompleta;1.Menos de 2500 gramos;5
10;1;1;7.40 a 44;6.37 a 41;3.Secundario/Polimodal Completa y más;2.2500 gramos y más;49
50;1;1;6.35 a 39;5.32 a 36;2.Secundaria/Polimodal Incompleta;2.2500 gramos y más;7
82;1;2;7.40 a 44;5.32 a 36;3.Secundario/Polimodal Completa y más;2.2500 gramos y más;26
14;1;2;5.30 a 34;5.32 a 36;1.Hasta Primaria/C.EGB Completa;2.2500 gramos y más;21
30;1;2;2.15 a 19;8.Sin especificar;2.Secundaria/Polimodal Incompleta;1.Menos de 2500 gramos;1
54;1;2;5.30 a 34;5.32 a 36;2.Secundaria/Polimodal Incompleta;2.2500 gramos y más;14
86;1;2;3.20 a 24;4.28 a 31;1.Hasta Primaria/C.EGB Completa;2.2500 gramos y más;1
06;1;1;5.30 a 34;8.Sin especificar;4.Sin especificar;2.2500 gramos y más;9
50;1;2;4.25 a 29;6.37 a 41;3.Secundario/Polimodal Completa y más;2.2500 gramos y más;1666
74;1;1;2.15 a 19;7.42 y más;2.Secundaria/Polimodal Incompleta;2.2500 gramos y más;6
42;1;2;3.20 a 24;6.37 a 41;1.Hasta Primaria/C.EGB Completa;2.2500 gramos y más;22
06;1;1;3.20 a 24;1.Menos de 22;3.Secundario/Polimodal Completa y más;1.Menos de 2500 gramos;1
06;2;2;4.25 a 29;8.Sin especificar;3.Secundario/Polimodal Completa y más;1.Menos de 2500 gramos;1
90;1;1;5.30 a 34;6.37 a 41;1.Hasta Primaria/C.EGB Completa;3.Sin especificar;1
14;2;2;6.35 a 39;5.32 a 36;3.Secundario/Polimodal Completa y más;2.2500 gramos y más;13
66;1;2;6.35 a 39;8.Sin especificar;1.Hasta Primaria/C.EGB Completa;2.2500 gramos y más;3
54;1;2;4.25 a 29;5.32 a 36;1.Hasta Primaria/C.EGB Completa;1.Menos de 2500 gramos;16
86;1;2;3.20 a 24;6.37 a 41;4.Sin especificar;2.2500 gramos y más;7
06;1;2;6.35 a 39;8.Sin especificar;2.Secundaria/Polimodal Incompleta;3.Sin especificar;2
74;1;1;6.35 a 39;2.22 a 23;3.Secundario/Polimodal Completa y más;1.Menos de 2500 gramos;2
06;1;2;2.15 a 19;5.32 a 36;4.Sin especificar;1.Menos de 2500 gramos;26
82;1;1;5.30 a 34;5.32 a 36;2.Secundaria/Polimodal Incompleta;1.Menos de 2500 gramos;26
74;1;2;6.35 a 39;4.28 a 31;4.Sin especificar;1.Menos de 2500 gramos;1
14;1;1;2.15 a 19;6.37 a 41;1.Hasta Primaria/C.EGB Completa;3.Sin especificar;1
22;2;1;7.40 a 44;5.32 a 36;3.Secundario/Polimodal Completa y más;1.Menos de 2500 gramos;3
22;9;1;6.35 a 39;6.37 a 41;3.Secundario/Polimodal Completa y más;2.2500 gramos y más;1
50;1;1;6.35 a 39;6.37 a 41;3.Secundario/Polimodal Completa y más;2.2500 gramos y más;1111
78;1;1;5.30 a 34;6.37 a 41;3.Secundario/Polimodal Completa y más;2.2500 gramos y más;267
82;1;1;3.20 a 24;6.37 a 41;2.Secundaria/Polimodal Incompleta;1.Menos de 2500 gramos;23
06;1;2;8.De 45 y más;5.32 a 36;2.Secundaria/Polimodal Incompleta;2.2500 gramos y más;2
30;1;2;2.15 a 19;6.37 a 41;2.Secundaria/Polimodal Incompleta;2.2500 gramos y más;417
14;1;1;2.15 a 19;7.42 y más;1.Hasta Primaria/C.EGB Completa;2.2500 gramos y más;1
06;1;2;2.15 a 19;5.32 a 36;4.Sin especificar;2.2500 gramos y más;28
62;1;2;5.30 a 34;6.37 a 41;3.Secundario/Polimodal Completa y más;2.2500 gramos y más;591
02;1;1;3.20 a 24;6.37 a 41;2.Secundaria/Polimodal Incompleta;2.2500 gramos y más;319
30;1;2;9.Sin especificar;6.37 a 41;4.Sin especificar;2.2500 gramos y más;5
42;2;1;5.30 a 34;5.32 a 36;3.Secundario/Polimodal Completa y más;1.Menos de 2500 gramos;2
94;1;2;5.30 a 34;5.32 a 36;2.Secundaria/Polimodal Incompleta;1.Menos de 2500 gramos;1
86;1;2;7.40 a 44;5.32 a 36;1.Hasta Primaria/C.EGB Completa;1.Menos de 2500 gramos;5
82;1;2;2.15 a 19;6.37 a 41;1.Hasta Primaria/C.EGB Completa;1.Menos de 2500 gramos;18
18;1;2;3.20 a 24;5.32 a 36;4.Sin especificar;2.2500 gramos y más;11
94;1;1;3.20 a 24;3.24 a 27;3.Secundario/Polimodal Completa y más;1.Menos de 2500 gramos;1
38;2;1;6.35 a 39;5.32 a 36;2.Secundaria/Polimodal Incompleta;1.Menos de 2500 gramos;1
34;1;1;5.30 a 34;6.37 a 41;1.Hasta Primaria/C.EGB Completa;1.Menos de 2500 gramos;4
50;2;2;5.30 a 34;6.37 a 41;3.Secundario/Polimodal Completa y más;1.Menos de 2500 gramos;8
90;2;2;3.20 a 24;6.37 a 41;2.Secundaria/Polimodal Incompleta;2.2500 gramos y más;3
66;1;1;3.20 a 24;1.Menos de 22;3.Secundario/Polimodal Completa y más;1.Menos de 2500 gramos;1
06;1;1;4.25 a 29;7.42 y más;4.Sin especificar;2.2500 gramos y más;10
82;1;1;3.20 a 24;5.32 a 36;4.Sin especificar;2.2500 gramos y más;1
38;1;1;6.35 a 39;5.32 a 36;3.Secundario/Polimodal Completa y más;2.2500 gramos y más;18
10;1;2;3.20 a 24;5.32 a 36;2.Secundaria/Polimodal Incompleta;1.Menos de 2500 gramos;4
74;1;1;6.35 a 39;3.24 a 27;3.Secundario/Polimodal Completa y más;1.Menos de 2500 gramos;2
62;1;2;6.35 a 39;6.37 a 41;3.Secundario/Polimodal Completa y más;1.Menos de 2500 gramos;9
34;1;1;3.20 a 24;5.32 a 36;4.Sin especificar;1.Menos de 2500 gramos;8
14;1;2;3.20 a 24;8.Sin especificar;2.Secundaria/Polimodal Incompleta;2.2500 gramos y más;2
14;1;2;3.20 a 24;4.28 a 31;2.Secundaria/Polimodal Incompleta;2.2500 gramos y más;1
02;9;2;7.40 a 44;5.32 a 36;4.Sin especificar;2.2500 gramos y más;3
06;1;2;3.20 a 24;2.22 a 23;3.Secundario/Polimodal Completa y más;1.Menos de 2500 gramos;1
42;1;2;5.30 a 34;5.32 a 36;2.Secundaria/Polimodal Incompleta;2.2500 gramos y más;1
74;1;1;3.20 a 24;5.32 a 36;2.Secundaria/Polimodal Incompleta;2.2500 gramos y más;13
38;1;2;3.20 a 24;7.42 y más;2.Secundaria/Polimodal Incompleta;2.2500 gramos y más;1
82;1;2;2.15 a 19;6.37 a 41;1.Hasta Primaria/C.EGB Completa;2.2500 gramos y más;486
46;1;2;6.35 a 39;5.32 a 36;2.Secundaria/Polimodal Incompleta;1.Menos de 2500 gramos;2
30;1;1;6.35 a 39;7.42 y más;3.Secundario/Polimodal Completa y más;2.2500 gramos y más;1
86;1;2;2.15 a 19;6.37 a 41;3.Secundario/Polimodal Completa y más;2.2500 gramos y más;79
06;2;1;2.15 a 19;6.37 a 41;3.Secundario/Polimodal Completa y más;2.2500 gramos y más;4
66;1;2;2.15 a 19;5.32 a 36;4.Sin especificar;2.2500 gramos y más;2
06;2;1;5.30 a 34;4.28 a 31;1.Hasta Primaria/C.EGB Completa;1.Menos de 2500 gramos;7
06;1;2;9.Sin especificar;8.Sin especificar;3.Secundario/Polimodal Completa y más;3.Sin especificar;35
30;1;1;2.15 a 19;5.32 a 36;2.Secundaria/Polimodal Incompleta;2.2500 gramos y más;15
34;1;2;5.30 a 34;7.42 y más;4.Sin especificar;2.2500 gramos y más;1
26;1;2;6.35 a 39;5.32 a 36;2.Secundaria/Polimodal Incompleta;2.2500 gramos y más;3
06;1;2;3.20 a 24;5.32 a 36;4.Sin especificar;2.2500 gramos y más;50
42;9;1;2.15 a 19;6.37 a 41;3.Secundario/Polimodal Completa y más;2.2500 gramos y más;1
06;1;9;1.Menor de 15;6.37 a 41;1.Hasta Primaria/C.EGB Completa;2.2500 gramos y más;2
82;1;1;4.25 a 29;4.28 a 31;1.Hasta Primaria/C.EGB Completa;1.Menos de 2500 gramos;3
02;2;2;7.40 a 44;5.32 a 36;3.Secundario/Polimodal Completa y más;2.2500 gramos y más;5
58;2;1;6.35 a 39;5.32 a 36;1.Hasta Primaria/C.EGB Completa;1.Menos de 2500 gramos;1
18;1;2;4.25 a 29;4.28 a 31;2.Secundaria/Polimodal Incompleta;1.Menos de 2500 gramos;4
46;1;2;4.25 a 29;4.28 a 31;3.Secundario/Polimodal Completa y más;1.Menos de 2500 gramos;3
62;1;1;2.15 a 19;3.24 a 27;2.Secundaria/Polimodal Incompleta;1.Menos de 2500 gramos;1
06;2;2;9.Sin especificar;5.32 a 36;4.Sin especificar;2.2500 gramos y más;1
90;2;2;2.15 a 19;5.32 a 36;3.Secundario/Polimodal Completa y más;1.Menos de 2500 gramos;2
70;2;2;3.20 a 24;5.32 a 36;1.Hasta Primaria/C.EGB Completa;1.Menos de 2500 gramos;3
22;1;2;2.15 a 19;4.28 a 31;1.Hasta Primaria/C.EGB Completa;1.Menos de 2500 gramos;1
66;1;1;5.30 a 34;8.Sin especificar;1.Hasta Primaria/C.EGB Completa;2.2500 gramos y más;7
02;1;2;2.15 a 19;6.37 a 41;1.Hasta Primaria/C.EGB Completa;1.Menos de 2500 gramos;3
06;2;2;6.35 a 39;6.37 a 41;2.Secundaria/Polimodal Incompleta;1.Menos de 2500 gramos;4
22;2;1;4.25 a 29;5.32 a 36;3.Secundario/Polimodal Completa y más;2.2500 gramos y más;3
62;1;1;7.40 a 44;6.37 a 41;1.Hasta Primaria/C.EGB Completa;1.Menos de 2500 gramos;2
06;1;1;2.15 a 19;7.42 y más;2.Secundaria/Polimodal Incompleta;2.2500 gramos y más;29
70;2;2;5.30 a 34;5.32 a 36;3.Secundario/Polimodal Completa y más;2.2500 gramos y más;1
38;1;2;5.30 a 34;5.32 a 36;1.Hasta Primaria/C.EGB Completa;2.2500 gramos y más;3
58;1;2;4.25 a 29;5.32 a 36;4.Sin especificar;1.Menos de 2500 gramos;1
62;1;2;4.25 a 29;5.32 a 36;1.Hasta Primaria/C.EGB Completa;1.Menos de 2500 gramos;5
70;1;1;5.30 a 34;6.37 a 41;1.Hasta Primaria/C.EGB Completa;2.2500 gramos y más;121
06;9;1;4.25 a 29;6.37 a 41;3.Secundario/Polimodal Completa y más;2.2500 gramos y más;1
18;2;1;4.25 a 29;6.37 a 41;2.Secundaria/Polimodal Incompleta;2.2500 gramos y más;4
18;1;1;2.15 a 19;6.37 a 41;1.Hasta Primaria/C.EGB Completa;1.Menos de 2500 gramos;7
50;2;1;3.20 a 24;6.37 a 41;2.Secundaria/Polimodal Incompleta;2.2500 gramos y más;5
34;1;2;6.35 a 39;6.37 a 41;4.Sin especificar;2.2500 gramos y más;141
18;1;2;5.30 a 34;5.32 a 36;3.Secundario/Polimodal Completa y más;2.2500 gramos y más;32
82;2;2;2.15 a 19;6.37 a 41;3.Secundario/Polimodal Completa y más;2.2500 gramos y más;1
18;1;2;2.15 a 19;5.32 a 36;4.Sin especificar;2.2500 gramos y más;7
34;1;2;7.40 a 44;4.28 a 31;2.Secundaria/Polimodal Incompleta;1.Menos de 2500 gramos;1
02;1;1;7.40 a 44;6.37 a 41;4.Sin especificar;1.Menos de 2500 gramos;1
90;1;1;4.25 a 29;7.42 y más;1.Hasta Primaria/C.EGB Completa;2.2500 gramos y más;17
14;2;1;4.25 a 29;3.24 a 27;3.Secundario/Polimodal Completa y más;1.Menos de 2500 gramos;3
82;2;1;6.35 a 39;6.37 a 41;1.Hasta Primaria/C.EGB Completa;1.Menos de 2500 gramos;2
18;1;1;5.30 a 34;6.37 a 41;3.Secundario/Polimodal Completa y más;1.Menos de 2500 gramos;20
10;1;2;4.25 a 29;4.28 a 31;3.Secundario/Polimodal Completa y más;1.Menos de 2500 gramos;2
18;2;2;5.30 a 34;5.32 a 36;2.Secundaria/Polimodal Incompleta;2.2500 gramos y más;2
66;1;1;7.40 a 44;6.37 a 41;3.Secundario/Polimodal Completa y más;2.2500 gramos y más;161
66;1;2;5.30 a 34;4.28 a 31;1.Hasta Primaria/C.EGB Completa;1.Menos de 2500 gramos;1
82;2;2;4.25 a 29;6.37 a 41;2.Secundaria/Polimodal Incompleta;1.Menos de 2500 gramos;1
74;1;2;7.40 a 44;7.42 y más;3.Secundario/Polimodal Completa y más;2.2500 gramos y más;2
26;1;1;2.15 a 19;6.37 a 41;2.Secundaria/Polimodal Incompleta;1.Menos de 2500 gramos;2
74;1;1;1.Menor de 15;6.37 a 41;1.Hasta Primaria/C.EGB Completa;2.2500 gramos y más;2
50;1;1;7.40 a 44;5.32 a 36;3.Secundario/Polimodal Completa y más;2.2500 gramos y más;13
26;1;2;5.30 a 34;4.28 a 31;3.Secundario/Polimodal Completa y más;1.Menos de 2500 gramos;1
90;2;2;4.25 a 29;6.37 a 41;2.Secundaria/Polimodal Incompleta;2.2500 gramos y más;2
94;1;2;5.30 a 34;4.28 a 31;3.Secundario/Polimodal Completa y más;1.Menos de 2500 gramos;1
42;2;1;4.25 a 29;6.37 a 41;2.Secundaria/Polimodal Incompleta;2.2500 gramos y más;3
74;1;2;6.35 a 39;4.28 a 31;1.Hasta Primaria/C.EGB Completa;1.Menos de 2500 gramos;1
30;1;1;4.25 a 29;1.Menos de 22;2.Secundaria/Polimodal Incompleta;1.Menos de 2500 gramos;1
82;2;1;4.25 a 29;5.32 a 36;1.Hasta Primaria/C.EGB Completa;1.Menos de 2500 gramos;3
38;2;1;4.25 a 29;4.28 a 31;3.Secundario/Polimodal Completa y más;1.Menos de 2500 gramos;1
02;2;1;8.De 45 y más;6.37 a 41;2.Secundaria/Polimodal Incompleta;2.2500 gramos y más;2
22;1;2;5.30 a 34;6.37 a 41;1.Hasta Primaria/C.EGB Completa;1.Menos de 2500 gramos;18
54;1;1;5.30 a 34;6.37 a 41;4.Sin especificar;1.Menos de 2500 gramos;3
78;1;1;4.25 a 29;6.37 a 41;3.Secundario/Polimodal Completa y más;2.2500 gramos y más;260
74;1;1;2.15 a 19;6.37 a 41;1.Hasta Primaria/C.EGB Completa;1.Menos de 2500 gramos;3
66;2;2;3.20 a 24;5.32 a 36;3.Secundario/Polimodal Completa y más;2.2500 gramos y más;3
90;2;2;4.25 a 29;5.32 a 36;3.Secundario/Polimodal Completa y más;1.Menos de 2500 gramos;24
06;1;2;6.35 a 39;7.42 y más;3.Secundario/Polimodal Completa y más;2.2500 gramos y más;14
02;1;1;8.De 45 y más;5.32 a 36;1.Hasta Primaria/C.EGB Completa;1.Menos de 2500 gramos;1
06;1;2;2.15 a 19;5.32 a 36;4.Sin especificar;3.Sin especificar;5
54;1;2;2.15 a 19;5.32 a 36;2.Secundaria/Polimodal Incompleta;1.Menos de 2500 gramos;28
78;1;2;4.25 a 29;6.37 a 41;2.Secundaria/Polimodal Incompleta;2.2500 gramos y más;102
82;1;2;6.35 a 39;6.37 a 41;1.Hasta Primaria/C.EGB Completa;1.Menos de 2500 gramos;10
90;1;2;6.35 a 39;5.32 a 36;1.Hasta Primaria/C.EGB Completa;1.Menos de 2500 gramos;18
06;1;2;7.40 a 44;4.28 a 31;1.Hasta Primaria/C.EGB Completa;1.Menos de 2500 gramos;5
90;2;2;5.30 a 34;4.28 a 31;3.Secundario/Polimodal Completa y más;1.Menos de 2500 gramos;2
06;1;9;5.30 a 34;6.37 a 41;3.Secundario/Polimodal Completa y más;1.Menos de 2500 gramos;4
02;1;2;6.35 a 39;5.32 a 36;1.Hasta Primaria/C.EGB Completa;1.Menos de 2500 gramos;5
30;1;1;7.40 a 44;6.37 a 41;2.Secundaria/Polimodal Incompleta;2.2500 gramos y más;45
02;1;1;8.De 45 y más;6.37 a 41;4.Sin especificar;2.2500 gramos y más;12
14;1;1;6.35 a 39;2.22 a 23;3.Secundario/Polimodal Completa y más;1.Menos de 2500 gramos;1
86;1;2;6.35 a 39;6.37 a 41;2.Secundaria/Polimodal Incompleta;2.2500 gramos y más;65
78;1;1;3.20 a 24;6.37 a 41;2.Secundaria/Polimodal Incompleta;2.2500 gramos y más;145
62;1;2;6.35 a 39;8.Sin especificar;4.Sin especificar;2.2500 gramos y más;2
22;1;2;5.30 a 34;6.37 a 41;2.Secundaria/Polimodal Incompleta;3.Sin especificar;5
34;1;1;7.40 a 44;6.37 a 41;1.Hasta Primaria/C.EGB Completa;2.2500 gramos y más;26
30;1;2;3.20 a 24;4.28 a 31;1.Hasta Primaria/C.EGB Completa;1.Menos de 2500 gramos;5
58;1;2;6.35 a 39;5.32 a 36;3.Secundario/Polimodal Completa y más;1.Menos de 2500 gramos;14
86;1;9;4.25 a 29;6.37 a 41;1.Hasta Primaria/C.EGB Completa;2.2500 gramos y más;1
54;1;2;8.De 45 y más;6.37 a 41;1.Hasta Primaria/C.EGB Completa;2.2500 gramos y más;6
18;1;1;4.25 a 29;4.28 a 31;2.Secundaria/Polimodal Incompleta;1.Menos de 2500 gramos;3
06;1;1;2.15 a 19;2.22 a 23;3.Secundario/Polimodal Completa y más;1.Menos de 2500 gramos;2
99;1;1;9.Sin especificar;6.37 a 41;4.Sin especificar;3.Sin especificar;2
50;2;1;4.25 a 29;5.32 a 36;3.Secundario/Polimodal Completa y más;1.Menos de 2500 gramos;11
86;1;2;2.15 a 19;6.37 a 41;3.Secundario/Polimodal Completa y más;1.Menos de 2500 gramos;3
42;1;2;2.15 a 19;8.Sin especificar;2.Secundaria/Polimodal Incompleta;2.2500 gramos y más;1
10;1;1;3.20 a 24;7.42 y más;1.Hasta Primaria/C.EGB Completa;2.2500 gramos y más;1
90;1;1;3.20 a 24;7.42 y más;1.Hasta Primaria/C.EGB Completa;1.Menos de 2500 gramos;1
74;2;2;6.35 a 39;4.28 a 31;1.Hasta Primaria/C.EGB Completa;1.Menos de 2500 gramos;2
06;2;1;7.40 a 44;3.24 a 27;3.Secundario/Polimodal Completa y más;3.Sin especificar;2
02;2;1;4.25 a 29;6.37 a 41;3.Secundario/Polimodal Completa y más;2.2500 gramos y más;9
06;1;1;4.25 a 29;7.42 y más;1.Hasta Primaria/C.EGB Completa;3.Sin especificar;1
22;1;2;2.15 a 19;3.24 a 27;3.Secundario/Polimodal Completa y más;1.Menos de 2500 gramos;4
06;1;1;8.De 45 y más;4.28 a 31;4.Sin especificar;1.Menos de 2500 gramos;1
02;1;1;1.Menor de 15;6.37 a 41;2.Secundaria/Polimodal Incompleta;1.Menos de 2500 gramos;2
90;2;1;4.25 a 29;4.28 a 31;3.Secundario/Polimodal Completa y más;1.Menos de 2500 gramos;3
66;2;2;5.30 a 34;5.32 a 36;2.Secundaria/Polimodal Incompleta;1.Menos de 2500 gramos;1
99;9;1;9.Sin especificar;6.37 a 41;4.Sin especificar;2.2500 gramos y más;3
66;1;1;2.15 a 19;4.28 a 31;2.Secundaria/Polimodal Incompleta;2.2500 gramos y más;1
06;1;9;7.40 a 44;6.37 a 41;4.Sin especificar;2.2500 gramos y más;3
54;2;2;4.25 a 29;5.32 a 36;4.Sin especificar;1.Menos de 2500 gramos;1
14;1;1;3.20 a 24;8.Sin especificar;2.Secundaria/Polimodal Incompleta;2.2500 gramos y más;4
34;1;1;2.15 a 19;6.37 a 41;4.Sin especificar;1.Menos de 2500 gramos;1
74;1;1;4.25 a 29;3.24 a 27;3.Secundario/Polimodal Completa y más;1.Menos de 2500 gramos;2
30;1;1;5.30 a 34;8.Sin especificar;1.Hasta Primaria/C.EGB Completa;3.Sin especificar;1
58;2;1;6.35 a 39;5.32 a 36;3.Secundario/Polimodal Completa y más;1.Menos de 2500 gramos;3
06;1;9;3.20 a 24;7.42 y más;2.Secundaria/Polimodal Incompleta;2.2500 gramos y más;1
54;1;1;6.35 a 39;4.28 a 31;1.Hasta Primaria/C.EGB Completa;1.Menos de 2500 gramos;2
30;2;2;4.25 a 29;5.32 a 36;1.Hasta Primaria/C.EGB Completa;1.Menos de 2500 gramos;3
14;1;1;5.30 a 34;6.37 a 41;4.Sin especificar;2.2500 gramos y más;3
30;1;2;7.40 a 44;5.32 a 36;2.Secundaria/Polimodal Incompleta;2.2500 gramos y más;1
22;1;1;3.20 a 24;7.42 y más;2.Secundaria/Polimodal Incompleta;2.2500 gramos y más;1
66;1;1;3.20 a 24;5.32 a 36;3.Secundario/Polimodal Completa y más;1.Menos de 2500 gramos;54
74;1;2;6.35 a 39;6.37 a 41;1.Hasta Primaria/C.EGB Completa;2.2500 gramos y más;28
82;1;1;6.35 a 39;6.37 a 41;2.Secundaria/Polimodal Incompleta;1.Menos de 2500 gramos;10
58;2;2;6.35 a 39;4.28 a 31;3.Secundario/Polimodal Completa y más;1.Menos de 2500 gramos;4
22;1;1;3.20 a 24;8.Sin especificar;1.Hasta Primaria/C.EGB Completa;2.2500 gramos y más;4
06;2;1;4.25 a 29;4.28 a 31;1.Hasta Primaria/C.EGB Completa;1.Menos de 2500 gramos;5
22;1;1;3.20 a 24;8.Sin especificar;3.Secundario/Polimodal Completa y más;2.2500 gramos y más;4
14;1;2;4.25 a 29;8.Sin especificar;2.Secundaria/Polimodal Incompleta;1.Menos de 2500 gramos;3
06;1;9;6.35 a 39;6.37 a 41;4.Sin especificar;2.2500 gramos y más;10
82;2;1;2.15 a 19;6.37 a 41;2.Secundaria/Polimodal Incompleta;1.Menos de 2500 gramos;2
10;1;2;3.20 a 24;7.42 y más;3.Secundario/Polimodal Completa y más;3.Sin especificar;1
14;2;1;4.25 a 29;5.32 a 36;3.Secundario/Polimodal Completa y más;2.2500 gramos y más;6
90;1;1;4.25 a 29;4.28 a 31;2.Secundaria/Polimodal Incompleta;1.Menos de 2500 gramos;6
70;1;2;4.25 a 29;7.42 y más;2.Secundaria/Polimodal Incompleta;2.2500 gramos y más;2
18;1;2;6.35 a 39;7.42 y más;4.Sin especificar;2.2500 gramos y más;2
99;9;1;9.Sin especificar;8.Sin especificar;4.Sin especificar;3.Sin especificar;32
14;1;1;8.De 45 y más;4.28 a 31;2.Secundaria/Polimodal Incompleta;1.Menos de 2500 gramos;1
90;1;1;4.25 a 29;8.Sin especificar;3.Secundario/Polimodal Completa y más;2.2500 gramos y más;11
06;1;2;7.40 a 44;7.42 y más;4.Sin especificar;2.2500 gramos y más;4
82;2;2;7.40 a 44;6.37 a 41;2.Secundaria/Polimodal Incompleta;2.2500 gramos y más;2
82;2;2;3.20 a 24;3.24 a 27;3.Secundario/Polimodal Completa y más;1.Menos de 2500 gramos;3
54;1;2;3.20 a 24;5.32 a 36;3.Secundario/Polimodal Completa y más;1.Menos de 2500 gramos;38
22;1;1;1.Menor de 15;5.32 a 36;1.Hasta Primaria/C.EGB Completa;1.Menos de 2500 gramos;1
46;1;2;4.25 a 29;8.Sin especificar;1.Hasta Primaria/C.EGB Completa;2.2500 gramos y más;1
06;1;2;1.Menor de 15;6.37 a 41;2.Secundaria/Polimodal Incompleta;1.Menos de 2500 gramos;1
30;1;1;6.35 a 39;5.32 a 36;3.Secundario/Polimodal Completa y más;2.2500 gramos y más;29
50;2;1;5.30 a 34;6.37 a 41;2.Secundaria/Polimodal Incompleta;2.2500 gramos y más;7
18;2;1;6.35 a 39;6.37 a 41;1.Hasta Primaria/C.EGB Completa;2.2500 gramos y más;7
70;1;2;7.40 a 44;5.32 a 36;3.Secundario/Polimodal Completa y más;1.Menos de 2500 gramos;2
82;2;1;6.35 a 39;6.37 a 41;2.Secundaria/Polimodal Incompleta;1.Menos de 2500 gramos;3
90;1;1;4.25 a 29;4.28 a 31;1.Hasta Primaria/C.EGB Completa;1.Menos de 2500 gramos;3
99;9;9;9.Sin especificar;8.Sin especificar;4.Sin especificar;3.Sin especificar;56
06;1;9;6.35 a 39;8.Sin especificar;4.Sin especificar;3.Sin especificar;1
94;1;1;5.30 a 34;6.37 a 41;1.Hasta Primaria/C.EGB Completa;2.2500 gramos y más;7
50;9;1;4.25 a 29;6.37 a 41;4.Sin especificar;2.2500 gramos y más;1
86;1;2;2.15 a 19;6.37 a 41;1.Hasta Primaria/C.EGB Completa;2.2500 gramos y más;389
02;1;2;6.35 a 39;5.32 a 36;3.Secundario/Polimodal Completa y más;1.Menos de 2500 gramos;86
14;1;1;8.De 45 y más;5.32 a 36;2.Secundaria/Polimodal Incompleta;1.Menos de 2500 gramos;2
66;1;1;4.25 a 29;2.22 a 23;2.Secundaria/Polimodal Incompleta;1.Menos de 2500 gramos;1
74;1;1;1.Menor de 15;6.37 a 41;2.Secundaria/Polimodal Incompleta;2.2500 gramos y más;6
58;1;1;4.25 a 29;6.37 a 41;3.Secundario/Polimodal Completa y más;1.Menos de 2500 gramos;5
02;1;2;6.35 a 39;6.37 a 41;2.Secundaria/Polimodal Incompleta;2.2500 gramos y más;181
94;2;1;3.20 a 24;5.32 a 36;2.Secundaria/Polimodal Incompleta;1.Menos de 2500 gramos;1
38;1;2;6.35 a 39;7.42 y más;3.Secundario/Polimodal Completa y más;2.2500 gramos y más;4
66;1;1;2.15 a 19;5.32 a 36;3.Secundario/Polimodal Completa y más;2.2500 gramos y más;6
18;1;1;4.25 a 29;3.24 a 27;2.Secundaria/Polimodal Incompleta;1.Menos de 2500 gramos;1
58;2;1;2.15 a 19;5.32 a 36;3.Secundario/Polimodal Completa y más;1.Menos de 2500 gramos;2
02;1;1;5.30 a 34;6.37 a 41;3.Secundario/Polimodal Completa y más;2.2500 gramos y más;2752
38;1;1;4.25 a 29;4.28 a 31;3.Secundario/Polimodal Completa y más;1.Menos de 2500 gramos;3
90;1;1;7.40 a 44;6.37 a 41;2.Secundaria/Polimodal Incompleta;1.Menos de 2500 gramos;1
22;1;9;3.20 a 24;6.37 a 41;2.Secundaria/Polimodal Incompleta;3.Sin especificar;1
90;1;2;4.25 a 29;5.32 a 36;3.Secundario/Polimodal Completa y más;1.Menos de 2500 gramos;52
54;1;2;3.20 a 24;6.37 a 41;2.Secundaria/Polimodal Incompleta;2.2500 gramos y más;714
18;2;2;3.20 a 24;4.28 a 31;3.Secundario/Polimodal Completa y más;1.Menos de 2500 gramos;1
14;1;2;4.25 a 29;3.24 a 27;1.Hasta Primaria/C.EGB Completa;1.Menos de 2500 gramos;1
54;1;1;9.Sin especificar;6.37 a 41;4.Sin especificar;2.2500 gramos y más;2
90;1;1;2.15 a 19;6.37 a 41;3.Secundario/Polimodal Completa y más;1.Menos de 2500 gramos;7
38;1;2;5.30 a 34;5.32 a 36;3.Secundario/Polimodal Completa y más;2.2500 gramos y más;29
22;1;2;2.15 a 19;8.Sin especificar;3.Secundario/Polimodal Completa y más;3.Sin especificar;1
22;1;1;5.30 a 34;6.37 a 41;4.Sin especificar;3.Sin especificar;2
50;1;2;4.25 a 29;2.22 a 23;2.Secundaria/Polimodal Incompleta;1.Menos de 2500 gramos;1
99;9;1;4.25 a 29;6.37 a 41;4.Sin especificar;2.2500 gramos y más;13
02;1;1;2.15 a 19;5.32 a 36;1.Hasta Primaria/C.EGB Completa;2.2500 gramos y más;5
06;1;2;8.De 45 y más;5.32 a 36;4.Sin especificar;2.2500 gramos y más;2
06;1;2;3.20 a 24;6.37 a 41;2.Secundaria/Polimodal Incompleta;3.Sin especificar;45
10;1;2;3.20 a 24;5.32 a 36;1.Hasta Primaria/C.EGB Completa;1.Menos de 2500 gramos;6
66;1;1;7.40 a 44;4.28 a 31;1.Hasta Primaria/C.EGB Completa;1.Menos de 2500 gramos;1
99;1;2;9.Sin especificar;8.Sin especificar;4.Sin especificar;3.Sin especificar;203
90;1;1;5.30 a 34;5.32 a 36;3.Secundario/Polimodal Completa y más;1.Menos de 2500 gramos;51
22;1;2;6.35 a 39;6.37 a 41;4.Sin especificar;2.2500 gramos y más;15
22;2;2;6.35 a 39;6.37 a 41;2.Secundaria/Polimodal Incompleta;1.Menos de 2500 gramos;2
86;2;1;3.20 a 24;5.32 a 36;3.Secundario/Polimodal Completa y más;2.2500 gramos y más;2
06;1;1;9.Sin especificar;8.Sin especificar;2.Secundaria/Polimodal Incompleta;1.Menos de 2500 gramos;1
66;1;2;5.30 a 34;4.28 a 31;3.Secundario/Polimodal Completa y más;1.Menos de 2500 gramos;2
94;2;1;2.15 a 19;5.32 a 36;2.Secundaria/Polimodal Incompleta;1.Menos de 2500 gramos;3
14;2;1;2.15 a 19;6.37 a 41;1.Hasta Primaria/C.EGB Completa;2.2500 gramos y más;1
38;2;2;3.20 a 24;5.32 a 36;3.Secundario/Polimodal Completa y más;1.Menos de 2500 gramos;3
90;1;1;4.25 a 29;8.Sin especificar;1.Hasta Primaria/C.EGB Completa;2.2500 gramos y más;13
22;1;1;7.40 a 44;8.Sin especificar;3.Secundario/Polimodal Completa y más;3.Sin especificar;1
94;1;1;4.25 a 29;7.42 y más;1.Hasta Primaria/C.EGB Completa;2.2500 gramos y más;1
50;2;2;5.30 a 34;6.37 a 41;1.Hasta Primaria/C.EGB Completa;2.2500 gramos y más;4
06;1;2;5.30 a 34;8.Sin especificar;3.Secundario/Polimodal Completa y más;3.Sin especificar;15
14;1;1;4.25 a 29;5.32 a 36;3.Secundario/Polimodal Completa y más;1.Menos de 2500 gramos;113
86;1;1;4.25 a 29;4.28 a 31;1.Hasta Primaria/C.EGB Completa;2.2500 gramos y más;1
06;1;1;3.20 a 24;5.32 a 36;4.Sin especificar;2.2500 gramos y más;71
06;1;1;9.Sin especificar;8.Sin especificar;3.Secundario/Polimodal Completa y más;3.Sin especificar;26
18;1;2;5.30 a 34;5.32 a 36;4.Sin especificar;1.Menos de 2500 gramos;3
74;1;2;3.20 a 24;5.32 a 36;2.Secundaria/Polimodal Incompleta;2.2500 gramos y más;14
74;1;2;4.25 a 29;7.42 y más;1.Hasta Primaria/C.EGB Completa;2.2500 gramos y más;3
99;9;2;4.25 a 29;5.32 a 36;4.Sin especificar;2.2500 gramos y más;1
02;2;1;5.30 a 34;4.28 a 31;2.Secundaria/Polimodal Incompleta;1.Menos de 2500 gramos;1
30;1;1;7.40 a 44;6.37 a 41;3.Secundario/Polimodal Completa y más;2.2500 gramos y más;171
58;1;1;6.35 a 39;6.37 a 41;4.Sin especificar;2.2500 gramos y más;4
06;1;9;3.20 a 24;8.Sin especificar;2.Secundaria/Polimodal Incompleta;2.2500 gramos y más;1
14;1;1;2.15 a 19;4.28 a 31;3.Secundario/Polimodal Completa y más;1.Menos de 2500 gramos;4
18;1;1;4.25 a 29;3.24 a 27;4.Sin especificar;1.Menos de 2500 gramos;1
82;1;2;6.35 a 39;1.Menos de 22;2.Secundaria/Polimodal Incompleta;1.Menos de 2500 gramos;1
42;1;1;4.25 a 29;6.37 a 41;3.Secundario/Polimodal Completa y más;2.2500 gramos y más;279
90;2;2;4.25 a 29;5.32 a 36;3.Secundario/Polimodal Completa y más;2.2500 gramos y más;7
06;1;1;9.Sin especificar;6.37 a 41;3.Secundario/Polimodal Completa y más;3.Sin especificar;22
70;1;2;6.35 a 39;5.32 a 36;2.Secundaria/Polimodal Incompleta;1.Menos de 2500 gramos;2
90;2;2;3.20 a 24;3.24 a 27;3.Secundario/Polimodal Completa y más;1.Menos de 2500 gramos;2
86;2;2;4.25 a 29;5.32 a 36;3.Secundario/Polimodal Completa y más;2.2500 gramos y más;1
78;2;2;3.20 a 24;5.32 a 36;3.Secundario/Polimodal Completa y más;1.Menos de 2500 gramos;3
18;1;1;2.15 a 19;6.37 a 41;1.Hasta Primaria/C.EGB Completa;2.2500 gramos y más;126
10;1;1;2.15 a 19;8.Sin especificar;1.Hasta Primaria/C.EGB Completa;2.2500 gramos y más;1
54;1;2;6.35 a 39;6.37 a 41;3.Secundario/Polimodal Completa y más;2.2500 gramos y más;420
18;1;2;5.30 a 34;3.24 a 27;2.Secundaria/Polimodal Incompleta;1.Menos de 2500 gramos;3
18;2;2;3.20 a 24;5.32 a 36;3.Secundario/Polimodal Completa y más;2.2500 gramos y más;1
78;1;2;6.35 a 39;5.32 a 36;3.Secundario/Polimodal Completa y más;1.Menos de 2500 gramos;4
02;1;2;5.30 a 34;6.37 a 41;3.Secundario/Polimodal Completa y más;2.2500 gramos y más;2574
54;2;1;2.15 a 19;5.32 a 36;1.Hasta Primaria/C.EGB Completa;1.Menos de 2500 gramos;1
82;2;2;2.15 a 19;6.37 a 41;3.Secundario/Polimodal Completa y más;1.Menos de 2500 gramos;1
70;2;1;3.20 a 24;6.37 a 41;1.Hasta Primaria/C.EGB Completa;2.2500 gramos y más;3
22;1;1;4.25 a 29;5.32 a 36;4.Sin especificar;1.Menos de 2500 gramos;4
22;1;2;4.25 a 29;6.37 a 41;2.Secundaria/Polimodal Incompleta;2.2500 gramos y más;414
78;1;1;8.De 45 y más;6.37 a 41;2.Secundaria/Polimodal Incompleta;2.2500 gramos y más;1
66;2;1;3.20 a 24;2.22 a 23;2.Secundaria/Polimodal Incompleta;1.Menos de 2500 gramos;1
74;1;1;6.35 a 39;6.37 a 41;3.Secundario/Polimodal Completa y más;2.2500 gramos y más;250
94;1;1;4.25 a 29;6.37 a 41;3.Secundario/Polimodal Completa y más;2.2500 gramos y más;135
14;2;2;6.35 a 39;6.37 a 41;1.Hasta Primaria/C.EGB Completa;1.Menos de 2500 gramos;1
06;1;2;2.15 a 19;4.28 a 31;2.Secundaria/Polimodal Incompleta;1.Menos de 2500 gramos;27
78;1;1;3.20 a 24;6.37 a 41;1.Hasta Primaria/C.EGB Completa;2.2500 gramos y más;78
30;1;2;3.20 a 24;6.37 a 41;2.Secundaria/Polimodal Incompleta;2.2500 gramos y más;543
46;2;2;7.40 a 44;5.32 a 36;1.Hasta Primaria/C.EGB Completa;1.Menos de 2500 gramos;2
14;1;2;4.25 a 29;4.28 a 31;1.Hasta Primaria/C.EGB Completa;2.2500 gramos y más;1
74;1;1;2.15 a 19;5.32 a 36;2.Secundaria/Polimodal Incompleta;1.Menos de 2500 gramos;7
58;1;2;3.20 a 24;5.32 a 36;2.Secundaria/Polimodal Incompleta;1.Menos de 2500 gramos;6
18;1;2;4.25 a 29;5.32 a 36;1.Hasta Primaria/C.EGB Completa;1.Menos de 2500 gramos;4
50;1;2;3.20 a 24;6.37 a 41;2.Secundaria/Polimodal Incompleta;2.2500 gramos y más;949
99;1;2;6.35 a 39;6.37 a 41;2.Secundaria/Polimodal Incompleta;3.Sin especificar;1
18;1;1;4.25 a 29;4.28 a 31;3.Secundario/Polimodal Completa y más;1.Menos de 2500 gramos;6
06;1;1;2.15 a 19;5.32 a 36;2.Secundaria/Polimodal Incompleta;1.Menos de 2500 gramos;133
10;1;1;4.25 a 29;6.37 a 41;2.Secundaria/Polimodal Incompleta;2.2500 gramos y más;71
02;1;1;4.25 a 29;4.28 a 31;4.Sin especificar;1.Menos de 2500 gramos;1
54;1;1;6.35 a 39;3.24 a 27;1.Hasta Primaria/C.EGB Completa;1.Menos de 2500 gramos;1
78;1;2;6.35 a 39;7.42 y más;3.Secundario/Polimodal Completa y más;2.2500 gramos y más;1
54;1;2;6.35 a 39;4.28 a 31;2.Secundaria/Polimodal Incompleta;1.Menos de 2500 gramos;1
10;1;2;7.40 a 44;6.37 a 41;3.Secundario/Polimodal Completa y más;1.Menos de 2500 gramos;3
34;1;2;3.20 a 24;6.37 a 41;1.Hasta Primaria/C.EGB Completa;2.2500 gramos y más;190
34;1;1;3.20 a 24;5.32 a 36;1.Hasta Primaria/C.EGB Completa;2.2500 gramos y más;13
90;1;2;2.15 a 19;6.37 a 41;3.Secundario/Polimodal Completa y más;2.2500 gramos y más;159
54;2;2;2.15 a 19;4.28 a 31;1.Hasta Primaria/C.EGB Completa;1.Menos de 2500 gramos;1
02;1;2;2.15 a 19;5.32 a 36;2.Secundaria/Polimodal Incompleta;1.Menos de 2500 gramos;4
14;1;1;3.20 a 24;6.37 a 41;1.Hasta Primaria/C.EGB Completa;1.Menos de 2500 gramos;11
46;1;2;6.35 a 39;5.32 a 36;3.Secundario/Polimodal Completa y más;2.2500 gramos y más;12
62;2;1;3.20 a 24;5.32 a 36;2.Secundaria/Polimodal Incompleta;2.2500 gramos y más;1
30;2;1;4.25 a 29;5.32 a 36;3.Secundario/Polimodal Completa y más;2.2500 gramos y más;1
90;2;2;6.35 a 39;5.32 a 36;3.Secundario/Polimodal Completa y más;2.2500 gramos y más;9
34;1;2;5.30 a 34;5.32 a 36;4.Sin especificar;1.Menos de 2500 gramos;6
06;1;2;3.20 a 24;6.37 a 41;3.Secundario/Polimodal Completa y más;1.Menos de 2500 gramos;222
86;1;2;2.15 a 19;1.Menos de 22;2.Secundaria/Polimodal Incompleta;1.Menos de 2500 gramos;1
06;9;1;6.35 a 39;6.37 a 41;3.Secundario/Polimodal Completa y más;2.2500 gramos y más;1
06;1;1;7.40 a 44;5.32 a 36;2.Secundaria/Polimodal Incompleta;2.2500 gramos y más;18
18;1;2;3.20 a 24;7.42 y más;4.Sin especificar;2.2500 gramos y más;8
66;1;2;6.35 a 39;5.32 a 36;1.Hasta Primaria/C.EGB Completa;1.Menos de 2500 gramos;11
10;1;2;4.25 a 29;6.37 a 41;1.Hasta Primaria/C.EGB Completa;2.2500 gramos y más;60
22;2;2;5.30 a 34;5.32 a 36;2.Secundaria/Polimodal Incompleta;1.Menos de 2500 gramos;3
99;9;2;6.35 a 39;8.Sin especificar;4.Sin especificar;3.Sin especificar;8
34;1;2;2.15 a 19;7.42 y más;1.Hasta Primaria/C.EGB Completa;2.2500 gramos y más;1
46;1;1;4.25 a 29;5.32 a 36;1.Hasta Primaria/C.EGB Completa;2.2500 gramos y más;4
99;1;1;6.35 a 39;6.37 a 41;2.Secundaria/Polimodal Incompleta;2.2500 gramos y más;1
50;2;2;4.25 a 29;6.37 a 41;3.Secundario/Polimodal Completa y más;2.2500 gramos y más;7
78;1;1;4.25 a 29;3.24 a 27;3.Secundario/Polimodal Completa y más;1.Menos de 2500 gramos;2
38;2;2;4.25 a 29;5.32 a 36;3.Secundario/Polimodal Completa y más;2.2500 gramos y más;3
62;1;2;1.Menor de 15;6.37 a 41;2.Secundaria/Polimodal Incompleta;2.2500 gramos y más;1
46;1;2;5.30 a 34;5.32 a 36;3.Secundario/Polimodal Completa y más;2.2500 gramos y más;6
82;2;2;5.30 a 34;6.37 a 41;3.Secundario/Polimodal Completa y más;2.2500 gramos y más;31
86;2;1;2.15 a 19;6.37 a 41;3.Secundario/Polimodal Completa y más;1.Menos de 2500 gramos;1
98;1;1;4.25 a 29;5.32 a 36;3.Secundario/Polimodal Completa y más;2.2500 gramos y más;1
54;1;1;5.30 a 34;5.32 a 36;4.Sin especificar;1.Menos de 2500 gramos;3
82;1;1;1.Menor de 15;6.37 a 41;2.Secundaria/Polimodal Incompleta;1.Menos de 2500 gramos;2
82;2;2;5.30 a 34;6.37 a 41;1.Hasta Primaria/C.EGB Completa;2.2500 gramos y más;7
30;1;2;4.25 a 29;4.28 a 31;3.Secundario/Polimodal Completa y más;2.2500 gramos y más;1
10;1;2;5.30 a 34;6.37 a 41;4.Sin especificar;2.2500 gramos y más;3
94;1;1;4.25 a 29;5.32 a 36;2.Secundaria/Polimodal Incompleta;2.2500 gramos y más;5
66;1;1;2.15 a 19;6.37 a 41;2.Secundaria/Polimodal Incompleta;3.Sin especificar;2
74;2;1;5.30 a 34;4.28 a 31;3.Secundario/Polimodal Completa y más;1.Menos de 2500 gramos;1
70;2;1;5.30 a 34;6.37 a 41;2.Secundaria/Polimodal Incompleta;2.2500 gramos y más;2
42;1;1;6.35 a 39;5.32 a 36;2.Secundaria/Polimodal Incompleta;1.Menos de 2500 gramos;1
86;1;1;6.35 a 39;5.32 a 36;3.Secundario/Polimodal Completa y más;2.2500 gramos y más;26
18;2;1;5.30 a 34;5.32 a 36;4.Sin especificar;2.2500 gramos y más;1
90;1;1;3.20 a 24;5.32 a 36;3.Secundario/Polimodal Completa y más;1.Menos de 2500 gramos;45
62;1;1;7.40 a 44;6.37 a 41;3.Secundario/Polimodal Completa y más;1.Menos de 2500 gramos;2
06;1;2;5.30 a 34;3.24 a 27;3.Secundario/Polimodal Completa y más;3.Sin especificar;3
74;1;1;3.20 a 24;4.28 a 31;2.Secundaria/Polimodal Incompleta;1.Menos de 2500 gramos;1
02;1;2;3.20 a 24;8.Sin especificar;4.Sin especificar;2.2500 gramos y más;1
70;1;2;4.25 a 29;5.32 a 36;2.Secundaria/Polimodal Incompleta;2.2500 gramos y más;9
34;1;1;7.40 a 44;4.28 a 31;1.Hasta Primaria/C.EGB Completa;1.Menos de 2500 gramos;1
58;1;2;5.30 a 34;6.37 a 41;2.Secundaria/Polimodal Incompleta;2.2500 gramos y más;154
58;1;2;3.20 a 24;5.32 a 36;2.Secundaria/Polimodal Incompleta;2.2500 gramos y más;7
02;1;1;2.15 a 19;5.32 a 36;1.Hasta Primaria/C.EGB Completa;1.Menos de 2500 gramos;6
82;1;2;1.Menor de 15;6.37 a 41;2.Secundaria/Polimodal Incompleta;2.2500 gramos y más;28
06;2;1;3.20 a 24;4.28 a 31;1.Hasta Primaria/C.EGB Completa;1.Menos de 2500 gramos;3
54;1;1;4.25 a 29;6.37 a 41;3.Secundario/Polimodal Completa y más;2.2500 gramos y más;1070
58;1;2;4.25 a 29;6.37 a 41;2.Secundaria/Polimodal Incompleta;1.Menos de 2500 gramos;4
86;1;2;3.20 a 24;4.28 a 31;3.Secundario/Polimodal Completa y más;1.Menos de 2500 gramos;6
54;1;2;8.De 45 y más;6.37 a 41;2.Secundaria/Polimodal Incompleta;1.Menos de 2500 gramos;1
90;1;1;7.40 a 44;5.32 a 36;1.Hasta Primaria/C.EGB Completa;2.2500 gramos y más;9
06;2;1;2.15 a 19;6.37 a 41;2.Secundaria/Polimodal Incompleta;2.2500 gramos y más;11
74;1;1;6.35 a 39;6.37 a 41;3.Secundario/Polimodal Completa y más;1.Menos de 2500 gramos;6
42;1;2;2.15 a 19;5.32 a 36;2.Secundaria/Polimodal Incompleta;1.Menos de 2500 gramos;3
50;1;2;8.De 45 y más;6.37 a 41;2.Secundaria/Polimodal Incompleta;2.2500 gramos y más;7
82;1;1;5.30 a 34;7.42 y más;3.Secundario/Polimodal Completa y más;2.2500 gramos y más;1
58;1;2;7.40 a 44;4.28 a 31;2.Secundaria/Polimodal Incompleta;1.Menos de 2500 gramos;1
30;1;1;6.35 a 39;5.32 a 36;2.Secundaria/Polimodal Incompleta;1.Menos de 2500 gramos;3
06;1;2;4.25 a 29;3.24 a 27;1.Hasta Primaria/C.EGB Completa;3.Sin especificar;2
06;1;1;5.30 a 34;4.28 a 31;4.Sin especificar;1.Menos de 2500 gramos;10
18;1;2;4.25 a 29;5.32 a 36;1.Hasta Primaria/C.EGB Completa;2.2500 gramos y más;6
30;2;1;4.25 a 29;6.37 a 41;1.Hasta Primaria/C.EGB Completa;1.Menos de 2500 gramos;5
90;2;2;3.20 a 24;6.37 a 41;3.Secundario/Polimodal Completa y más;1.Menos de 2500 gramos;8
62;1;2;3.20 a 24;6.37 a 41;3.Secundario/Polimodal Completa y más;2.2500 gramos y más;321
10;1;1;4.25 a 29;6.37 a 41;3.Secundario/Polimodal Completa y más;3.Sin especificar;2
86;1;2;4.25 a 29;4.28 a 31;1.Hasta Primaria/C.EGB Completa;1.Menos de 2500 gramos;5
06;1;2;9.Sin especificar;4.28 a 31;3.Secundario/Polimodal Completa y más;1.Menos de 2500 gramos;4
90;2;1;6.35 a 39;5.32 a 36;2.Secundaria/Polimodal Incompleta;1.Menos de 2500 gramos;1
06;1;1;1.Menor de 15;6.37 a 41;1.Hasta Primaria/C.EGB Completa;3.Sin especificar;1
62;1;2;3.20 a 24;5.32 a 36;2.Secundaria/Polimodal Incompleta;3.Sin especificar;1
34;1;2;4.25 a 29;4.28 a 31;3.Secundario/Polimodal Completa y más;1.Menos de 2500 gramos;3
82;1;2;6.35 a 39;5.32 a 36;1.Hasta Primaria/C.EGB Completa;2.2500 gramos y más;24
62;2;2;5.30 a 34;4.28 a 31;3.Secundario/Polimodal Completa y más;1.Menos de 2500 gramos;2
06;1;2;6.35 a 39;8.Sin especificar;3.Secundario/Polimodal Completa y más;3.Sin especificar;10
62;1;1;3.20 a 24;5.32 a 36;2.Secundaria/Polimodal Incompleta;1.Menos de 2500 gramos;11
90;2;1;3.20 a 24;5.32 a 36;3.Secundario/Polimodal Completa y más;1.Menos de 2500 gramos;6
18;1;1;2.15 a 19;5.32 a 36;1.Hasta Primaria/C.EGB Completa;2.2500 gramos y más;4
14;1;1;6.35 a 39;4.28 a 31;1.Hasta Primaria/C.EGB Completa;1.Menos de 2500 gramos;5
58;1;2;7.40 a 44;6.37 a 41;4.Sin especificar;2.2500 gramos y más;2
06;1;2;7.40 a 44;6.37 a 41;4.Sin especificar;2.2500 gramos y más;339
82;1;1;2.15 a 19;5.32 a 36;2.Secundaria/Polimodal Incompleta;1.Menos de 2500 gramos;39
54;1;1;3.20 a 24;6.37 a 41;3.Secundario/Polimodal Completa y más;1.Menos de 2500 gramos;24
18;1;2;3.20 a 24;6.37 a 41;2.Secundaria/Polimodal Incompleta;2.2500 gramos y más;471
02;2;2;6.35 a 39;6.37 a 41;4.Sin especificar;2.2500 gramos y más;3
10;1;1;4.25 a 29;3.24 a 27;3.Secundario/Polimodal Completa y más;1.Menos de 2500 gramos;1
02;2;2;6.35 a 39;5.32 a 36;2.Secundaria/Polimodal Incompleta;2.2500 gramos y más;2
02;9;1;7.40 a 44;8.Sin especificar;4.Sin especificar;3.Sin especificar;1
22;9;9;2.15 a 19;6.37 a 41;1.Hasta Primaria/C.EGB Completa;3.Sin especificar;1
14;1;1;4.25 a 29;6.37 a 41;2.Secundaria/Polimodal Incompleta;3.Sin especificar;2
62;2;1;5.30 a 34;6.37 a 41;1.Hasta Primaria/C.EGB Completa;1.Menos de 2500 gramos;2
90;1;2;2.15 a 19;3.24 a 27;2.Secundaria/Polimodal Incompleta;1.Menos de 2500 gramos;3
99;1;2;2.15 a 19;6.37 a 41;4.Sin especificar;2.2500 gramos y más;2
02;1;1;6.35 a 39;5.32 a 36;1.Hasta Primaria/C.EGB Completa;2.2500 gramos y más;11
42;1;2;2.15 a 19;5.32 a 36;2.Secundaria/Polimodal Incompleta;2.2500 gramos y más;1
38;2;2;6.35 a 39;5.32 a 36;2.Secundaria/Polimodal Incompleta;1.Menos de 2500 gramos;1
06;1;1;2.15 a 19;8.Sin especificar;1.Hasta Primaria/C.EGB Completa;1.Menos de 2500 gramos;1
50;1;1;5.30 a 34;8.Sin especificar;2.Secundaria/Polimodal Incompleta;2.2500 gramos y más;1
22;1;1;9.Sin especificar;6.37 a 41;3.Secundario/Polimodal Completa y más;2.2500 gramos y más;6
82;2;2;3.20 a 24;5.32 a 36;3.Secundario/Polimodal Completa y más;2.2500 gramos y más;2
54;2;2;5.30 a 34;5.32 a 36;1.Hasta Primaria/C.EGB Completa;1.Menos de 2500 gramos;6
86;1;2;4.25 a 29;6.37 a 41;1.Hasta Primaria/C.EGB Completa;1.Menos de 2500 gramos;20
99;1;9;9.Sin especificar;6.37 a 41;3.Secundario/Polimodal Completa y más;2.2500 gramos y más;2
82;1;1;2.15 a 19;5.32 a 36;2.Secundaria/Polimodal Incompleta;2.2500 gramos y más;59
54;1;1;2.15 a 19;8.Sin especificar;2.Secundaria/Polimodal Incompleta;1.Menos de 2500 gramos;2
90;1;2;4.25 a 29;1.Menos de 22;3.Secundario/Polimodal Completa y más;1.Menos de 2500 gramos;1
94;1;1;6.35 a 39;8.Sin especificar;3.Secundario/Polimodal Completa y más;2.2500 gramos y más;1
54;2;2;5.30 a 34;5.32 a 36;1.Hasta Primaria/C.EGB Completa;2.2500 gramos y más;2
50;1;2;3.20 a 24;4.28 a 31;3.Secundario/Polimodal Completa y más;1.Menos de 2500 gramos;3
42;1;1;2.15 a 19;5.32 a 36;3.Secundario/Polimodal Completa y más;2.2500 gramos y más;4
90;1;2;5.30 a 34;6.37 a 41;4.Sin especificar;2.2500 gramos y más;7
02;2;1;4.25 a 29;5.32 a 36;3.Secundario/Polimodal Completa y más;2.2500 gramos y más;6
14;1;2;4.25 a 29;6.37 a 41;4.Sin especificar;2.2500 gramos y más;1
99;1;2;9.Sin especificar;5.32 a 36;3.Secundario/Polimodal Completa y más;2.2500 gramos y más;2
38;1;1;7.40 a 44;6.37 a 41;3.Secundario/Polimodal Completa y más;1.Menos de 2500 gramos;3
30;1;2;5.30 a 34;5.32 a 36;1.Hasta Primaria/C.EGB Completa;1.Menos de 2500 gramos;9
22;1;1;2.15 a 19;5.32 a 36;3.Secundario/Polimodal Completa y más;1.Menos de 2500 gramos;13
70;1;1;1.Menor de 15;6.37 a 41;1.Hasta Primaria/C.EGB Completa;2.2500 gramos y más;5
90;1;1;2.15 a 19;4.28 a 31;2.Secundaria/Polimodal Incompleta;2.2500 gramos y más;2
02;1;1;7.40 a 44;5.32 a 36;4.Sin especificar;2.2500 gramos y más;1
02;2;1;4.25 a 29;5.32 a 36;3.Secundario/Polimodal Completa y más;1.Menos de 2500 gramos;16
02;1;1;9.Sin especificar;6.37 a 41;1.Hasta Primaria/C.EGB Completa;2.2500 gramos y más;1
06;2;1;4.25 a 29;6.37 a 41;1.Hasta Primaria/C.EGB Completa;2.2500 gramos y más;9
90;1;1;3.20 a 24;7.42 y más;1.Hasta Primaria/C.EGB Completa;2.2500 gramos y más;34
22;9;1;9.Sin especificar;8.Sin especificar;4.Sin especificar;3.Sin especificar;2
50;1;1;8.De 45 y más;6.37 a 41;2.Secundaria/Polimodal Incompleta;2.2500 gramos y más;5
22;1;2;2.15 a 19;5.32 a 36;2.Secundaria/Polimodal Incompleta;2.2500 gramos y más;14
90;1;2;8.De 45 y más;6.37 a 41;3.Secundario/Polimodal Completa y más;2.2500 gramos y más;14
86;2;2;5.30 a 34;5.32 a 36;1.Hasta Primaria/C.EGB Completa;1.Menos de 2500 gramos;2
98;1;1;3.20 a 24;6.37 a 41;2.Secundaria/Polimodal Incompleta;2.2500 gramos y más;2
42;1;2;6.35 a 39;4.28 a 31;3.Secundario/Polimodal Completa y más;1.Menos de 2500 gramos;1
10;1;1;6.35 a 39;8.Sin especificar;2.Secundaria/Polimodal Incompleta;2.2500 gramos y más;1
42;2;2;4.25 a 29;6.37 a 41;3.Secundario/Polimodal Completa y más;2.2500 gramos y más;9
02;2;2;6.35 a 39;4.28 a 31;3.Secundario/Polimodal Completa y más;1.Menos de 2500 gramos;1
18;1;1;6.35 a 39;7.42 y más;3.Secundario/Polimodal Completa y más;2.2500 gramos y más;1
14;1;2;3.20 a 24;8.Sin especificar;3.Secundario/Polimodal Completa y más;2.2500 gramos y más;3
46;1;1;3.20 a 24;6.37 a 41;1.Hasta Primaria/C.EGB Completa;2.2500 gramos y más;93
18;1;2;7.40 a 44;4.28 a 31;3.Secundario/Polimodal Completa y más;1.Menos de 2500 gramos;3
66;2;1;3.20 a 24;5.32 a 36;3.Secundario/Polimodal Completa y más;1.Menos de 2500 gramos;8
14;1;1;3.20 a 24;5.32 a 36;1.Hasta Primaria/C.EGB Completa;2.2500 gramos y más;14
22;1;1;1.Menor de 15;6.37 a 41;2.Secundaria/Polimodal Incompleta;2.2500 gramos y más;14
22;1;1;9.Sin especificar;6.37 a 41;1.Hasta Primaria/C.EGB Completa;2.2500 gramos y más;7
70;2;1;6.35 a 39;5.32 a 36;2.Secundaria/Polimodal Incompleta;1.Menos de 2500 gramos;1
74;1;1;7.40 a 44;6.37 a 41;3.Secundario/Polimodal Completa y más;1.Menos de 2500 gramos;5
70;1;1;2.15 a 19;6.37 a 41;2.Secundaria/Polimodal Incompleta;1.Menos de 2500 gramos;15
10;1;1;4.25 a 29;7.42 y más;3.Secundario/Polimodal Completa y más;2.2500 gramos y más;1
06;1;2;2.15 a 19;5.32 a 36;1.Hasta Primaria/C.EGB Completa;2.2500 gramos y más;28
14;1;1;3.20 a 24;6.37 a 41;1.Hasta Primaria/C.EGB Completa;2.2500 gramos y más;558
02;1;2;2.15 a 19;5.32 a 36;2.Secundaria/Polimodal Incompleta;2.2500 gramos y más;1
82;2;2;4.25 a 29;5.32 a 36;1.Hasta Primaria/C.EGB Completa;2.2500 gramos y más;3
18;2;2;5.30 a 34;6.37 a 41;4.Sin especificar;2.2500 gramos y más;7
02;1;2;3.20 a 24;5.32 a 36;2.Secundaria/Polimodal Incompleta;2.2500 gramos y más;12
62;1;1;5.30 a 34;6.37 a 41;1.Hasta Primaria/C.EGB Completa;1.Menos de 2500 gramos;2
18;2;2;7.40 a 44;6.37 a 41;1.Hasta Primaria/C.EGB Completa;1.Menos de 2500 gramos;2
06;2;1;5.30 a 34;5.32 a 36;3.Secundario/Polimodal Completa y más;2.2500 gramos y más;39
34;2;1;6.35 a 39;5.32 a 36;2.Secundaria/Polimodal Incompleta;1.Menos de 2500 gramos;1
54;1;1;3.20 a 24;4.28 a 31;4.Sin especificar;1.Menos de 2500 gramos;1
82;1;1;3.20 a 24;4.28 a 31;2.Secundaria/Polimodal Incompleta;1.Menos de 2500 gramos;17
18;2;2;5.30 a 34;5.32 a 36;2.Secundaria/Polimodal Incompleta;1.Menos de 2500 gramos;1
18;2;2;2.15 a 19;6.37 a 41;2.Secundaria/Polimodal Incompleta;2.2500 gramos y más;4
58;1;1;6.35 a 39;8.Sin especificar;3.Secundario/Polimodal Completa y más;2.2500 gramos y más;2
58;1;2;4.25 a 29;5.32 a 36;1.Hasta Primaria/C.EGB Completa;1.Menos de 2500 gramos;5
06;2;2;4.25 a 29;6.37 a 41;1.Hasta Primaria/C.EGB Completa;1.Menos de 2500 gramos;8
50;1;1;7.40 a 44;3.24 a 27;2.Secundaria/Polimodal Incompleta;1.Menos de 2500 gramos;1
06;1;1;9.Sin especificar;5.32 a 36;3.Secundario/Polimodal Completa y más;1.Menos de 2500 gramos;27
90;1;1;4.25 a 29;1.Menos de 22;3.Secundario/Polimodal Completa y más;1.Menos de 2500 gramos;3
54;2;2;5.30 a 34;6.37 a 41;1.Hasta Primaria/C.EGB Completa;1.Menos de 2500 gramos;5
82;2;1;3.20 a 24;3.24 a 27;1.Hasta Primaria/C.EGB Completa;1.Menos de 2500 gramos;4
54;1;1;3.20 a 24;5.32 a 36;3.Secundario/Polimodal Completa y más;2.2500 gramos y más;48
46;2;2;4.25 a 29;5.32 a 36;1.Hasta Primaria/C.EGB Completa;1.Menos de 2500 gramos;1
30;1;2;4.25 a 29;8.Sin especificar;1.Hasta Primaria/C.EGB Completa;2.2500 gramos y más;6
90;1;2;5.30 a 34;4.28 a 31;1.Hasta Primaria/C.EGB Completa;2.2500 gramos y más;1
50;2;2;4.25 a 29;5.32 a 36;1.Hasta Primaria/C.EGB Completa;1.Menos de 2500 gramos;1
22;1;2;5.30 a 34;8.Sin especificar;3.Secundario/Polimodal Completa y más;2.2500 gramos y más;1
46;1;2;8.De 45 y más;6.37 a 41;3.Secundario/Polimodal Completa y más;2.2500 gramos y más;3
54;1;1;1.Menor de 15;6.37 a 41;1.Hasta Primaria/C.EGB Completa;1.Menos de 2500 gramos;2
38;2;2;4.25 a 29;6.37 a 41;3.Secundario/Polimodal Completa y más;1.Menos de 2500 gramos;3
50;2;1;3.20 a 24;6.37 a 41;2.Secundaria/Polimodal Incompleta;1.Menos de 2500 gramos;2
22;1;1;5.30 a 34;3.24 a 27;2.Secundaria/Polimodal Incompleta;1.Menos de 2500 gramos;1
22;2;2;5.30 a 34;6.37 a 41;3.Secundario/Polimodal Completa y más;2.2500 gramos y más;8
22;1;1;5.30 a 34;4.28 a 31;4.Sin especificar;1.Menos de 2500 gramos;2
26;1;1;4.25 a 29;5.32 a 36;3.Secundario/Polimodal Completa y más;2.2500 gramos y más;17
06;2;1;4.25 a 29;5.32 a 36;4.Sin especificar;2.2500 gramos y más;1
99;1;1;6.35 a 39;5.32 a 36;4.Sin especificar;1.Menos de 2500 gramos;1
86;1;2;4.25 a 29;4.28 a 31;1.Hasta Primaria/C.EGB Completa;2.2500 gramos y más;1
94;1;1;2.15 a 19;6.37 a 41;3.Secundario/Polimodal Completa y más;2.2500 gramos y más;7
18;1;1;2.15 a 19;4.28 a 31;3.Secundario/Polimodal Completa y más;1.Menos de 2500 gramos;1
54;1;1;8.De 45 y más;5.32 a 36;1.Hasta Primaria/C.EGB Completa;2.2500 gramos y más;1
70;2;2;5.30 a 34;5.32 a 36;3.Secundario/Polimodal Completa y más;1.Menos de 2500 gramos;11
14;2;2;6.35 a 39;6.37 a 41;1.Hasta Primaria/C.EGB Completa;2.2500 gramos y más;3
34;1;2;6.35 a 39;5.32 a 36;2.Secundaria/Polimodal Incompleta;1.Menos de 2500 gramos;2
82;1;1;7.40 a 44;2.22 a 23;1.Hasta Primaria/C.EGB Completa;1.Menos de 2500 gramos;1
82;2;2;7.40 a 44;6.37 a 41;2.Secundaria/Polimodal Incompleta;1.Menos de 2500 gramos;1
86;1;1;1.Menor de 15;6.37 a 41;4.Sin especificar;2.2500 gramos y más;1
62;1;1;3.20 a 24;8.Sin especificar;4.Sin especificar;3.Sin especificar;1
02;1;1;2.15 a 19;6.37 a 41;2.Secundaria/Polimodal Incompleta;1.Menos de 2500 gramos;5
86;1;2;4.25 a 29;6.37 a 41;3.Secundario/Polimodal Completa y más;1.Menos de 2500 gramos;17
06;1;1;2.15 a 19;5.32 a 36;2.Secundaria/Polimodal Incompleta;2.2500 gramos y más;138
10;1;2;6.35 a 39;6.37 a 41;1.Hasta Primaria/C.EGB Completa;1.Menos de 2500 gramos;2
02;2;2;5.30 a 34;4.28 a 31;1.Hasta Primaria/C.EGB Completa;1.Menos de 2500 gramos;2
02;1;1;1.Menor de 15;6.37 a 41;2.Secundaria/Polimodal Incompleta;2.2500 gramos y más;3
10;1;2;2.15 a 19;8.Sin especificar;3.Secundario/Polimodal Completa y más;3.Sin especificar;1
58;1;1;7.40 a 44;6.37 a 41;1.Hasta Primaria/C.EGB Completa;2.2500 gramos y más;20
62;1;1;6.35 a 39;8.Sin especificar;3.Secundario/Polimodal Completa y más;2.2500 gramos y más;1
66;1;2;2.15 a 19;5.32 a 36;4.Sin especificar;1.Menos de 2500 gramos;1
50;1;1;2.15 a 19;6.37 a 41;3.Secundario/Polimodal Completa y más;1.Menos de 2500 gramos;4
50;1;2;6.35 a 39;1.Menos de 22;3.Secundario/Polimodal Completa y más;1.Menos de 2500 gramos;1
22;1;2;3.20 a 24;5.32 a 36;1.Hasta Primaria/C.EGB Completa;2.2500 gramos y más;13
06;1;2;4.25 a 29;7.42 y más;4.Sin especificar;3.Sin especificar;1
62;1;2;6.35 a 39;6.37 a 41;3.Secundario/Polimodal Completa y más;3.Sin especificar;1
82;1;1;6.35 a 39;7.42 y más;2.Secundaria/Polimodal Incompleta;2.2500 gramos y más;1
06;1;1;5.30 a 34;3.24 a 27;4.Sin especificar;3.Sin especificar;2
06;2;1;5.30 a 34;5.32 a 36;3.Secundario/Polimodal Completa y más;1.Menos de 2500 gramos;77
02;1;1;4.25 a 29;6.37 a 41;3.Secundario/Polimodal Completa y más;1.Menos de 2500 gramos;11
02;1;2;3.20 a 24;5.32 a 36;2.Secundaria/Polimodal Incompleta;1.Menos de 2500 gramos;9
10;1;1;6.35 a 39;7.42 y más;3.Secundario/Polimodal Completa y más;2.2500 gramos y más;2
26;1;1;2.15 a 19;4.28 a 31;2.Secundaria/Polimodal Incompleta;1.Menos de 2500 gramos;1
90;1;1;5.30 a 34;6.37 a 41;1.Hasta Primaria/C.EGB Completa;1.Menos de 2500 gramos;11
90;1;2;7.40 a 44;7.42 y más;2.Secundaria/Polimodal Incompleta;2.2500 gramos y más;1
30;1;1;4.25 a 29;2.22 a 23;2.Secundaria/Polimodal Incompleta;1.Menos de 2500 gramos;1
10;1;2;5.30 a 34;8.Sin especificar;2.Secundaria/Polimodal Incompleta;3.Sin especificar;1
34;1;1;1.Menor de 15;6.37 a 41;1.Hasta Primaria/C.EGB Completa;1.Menos de 2500 gramos;1
06;2;1;9.Sin especificar;8.Sin especificar;4.Sin especificar;3.Sin especificar;16
58;2;1;8.De 45 y más;6.37 a 41;3.Secundario/Polimodal Completa y más;2.2500 gramos y más;1
38;2;1;4.25 a 29;6.37 a 41;3.Secundario/Polimodal Completa y más;2.2500 gramos y más;2
66;1;1;8.De 45 y más;6.37 a 41;1.Hasta Primaria/C.EGB Completa;2.2500 gramos y más;6
30;1;1;5.30 a 34;6.37 a 41;2.Secundaria/Polimodal Incompleta;2.2500 gramos y más;266
70;2;1;3.20 a 24;3.24 a 27;2.Secundaria/Polimodal Incompleta;1.Menos de 2500 gramos;1
54;1;2;3.20 a 24;3.24 a 27;3.Secundario/Polimodal Completa y más;1.Menos de 2500 gramos;4
86;1;1;2.15 a 19;8.Sin especificar;1.Hasta Primaria/C.EGB Completa;2.2500 gramos y más;1
10;1;1;6.35 a 39;5.32 a 36;2.Secundaria/Polimodal Incompleta;2.2500 gramos y más;1
78;2;1;5.30 a 34;4.28 a 31;3.Secundario/Polimodal Completa y más;1.Menos de 2500 gramos;3
30;1;2;3.20 a 24;2.22 a 23;3.Secundario/Polimodal Completa y más;1.Menos de 2500 gramos;1
66;1;2;5.30 a 34;5.32 a 36;3.Secundario/Polimodal Completa y más;1.Menos de 2500 gramos;46
70;2;1;4.25 a 29;4.28 a 31;3.Secundario/Polimodal Completa y más;1.Menos de 2500 gramos;1
34;1;1;3.20 a 24;6.37 a 41;3.Secundario/Polimodal Completa y más;1.Menos de 2500 gramos;7
74;1;1;2.15 a 19;8.Sin especificar;2.Secundaria/Polimodal Incompleta;3.Sin especificar;1
70;1;1;3.20 a 24;5.32 a 36;1.Hasta Primaria/C.EGB Completa;2.2500 gramos y más;1
82;2;2;2.15 a 19;5.32 a 36;2.Secundaria/Polimodal Incompleta;1.Menos de 2500 gramos;7
22;1;2;6.35 a 39;4.28 a 31;3.Secundario/Polimodal Completa y más;1.Menos de 2500 gramos;2
58;1;1;7.40 a 44;5.32 a 36;1.Hasta Primaria/C.EGB Completa;2.2500 gramos y más;1
58;1;1;4.25 a 29;6.37 a 41;3.Secundario/Polimodal Completa y más;2.2500 gramos y más;563
26;2;2;1.Menor de 15;4.28 a 31;2.Secundaria/Polimodal Incompleta;1.Menos de 2500 gramos;2
30;1;2;3.20 a 24;5.32 a 36;3.Secundario/Polimodal Completa y más;2.2500 gramos y más;23
22;2;2;4.25 a 29;5.32 a 36;3.Secundario/Polimodal Completa y más;1.Menos de 2500 gramos;8
42;1;2;3.20 a 24;6.37 a 41;2.Secundaria/Polimodal Incompleta;1.Menos de 2500 gramos;3
30;2;1;5.30 a 34;8.Sin especificar;1.Hasta Primaria/C.EGB Completa;2.2500 gramos y más;1
22;1;2;6.35 a 39;6.37 a 41;3.Secundario/Polimodal Completa y más;2.2500 gramos y más;445
22;1;1;6.35 a 39;7.42 y más;2.Secundaria/Polimodal Incompleta;3.Sin especificar;1
50;1;2;4.25 a 29;5.32 a 36;2.Secundaria/Polimodal Incompleta;1.Menos de 2500 gramos;18
10;1;1;3.20 a 24;6.37 a 41;1.Hasta Primaria/C.EGB Completa;1.Menos de 2500 gramos;1
18;1;1;4.25 a 29;5.32 a 36;1.Hasta Primaria/C.EGB Completa;1.Menos de 2500 gramos;4
02;2;2;2.15 a 19;6.37 a 41;2.Secundaria/Polimodal Incompleta;2.2500 gramos y más;3
90;1;1;4.25 a 29;4.28 a 31;1.Hasta Primaria/C.EGB Completa;2.2500 gramos y más;1
06;1;2;3.20 a 24;4.28 a 31;2.Secundaria/Polimodal Incompleta;3.Sin especificar;2
42;2;2;4.25 a 29;5.32 a 36;3.Secundario/Polimodal Completa y más;1.Menos de 2500 gramos;1
82;1;1;3.20 a 24;5.32 a 36;3.Secundario/Polimodal Completa y más;2.2500 gramos y más;72
54;1;1;4.25 a 29;5.32 a 36;3.Secundario/Polimodal Completa y más;1.Menos de 2500 gramos;31
82;1;1;2.15 a 19;3.24 a 27;1.Hasta Primaria/C.EGB Completa;1.Menos de 2500 gramos;3
86;1;9;2.15 a 19;5.32 a 36;1.Hasta Primaria/C.EGB Completa;2.2500 gramos y más;1
18;1;2;7.40 a 44;5.32 a 36;1.Hasta Primaria/C.EGB Completa;1.Menos de 2500 gramos;1
06;1;1;8.De 45 y más;5.32 a 36;4.Sin especificar;2.2500 gramos y más;1
06;1;1;6.35 a 39;5.32 a 36;4.Sin especificar;1.Menos de 2500 gramos;56
30;2;2;4.25 a 29;6.37 a 41;2.Secundaria/Polimodal Incompleta;2.2500 gramos y más;1
90;1;1;2.15 a 19;6.37 a 41;4.Sin especificar;1.Menos de 2500 gramos;1
58;2;1;5.30 a 34;5.32 a 36;3.Secundario/Polimodal Completa y más;1.Menos de 2500 gramos;6
22;1;1;7.40 a 44;5.32 a 36;3.Secundario/Polimodal Completa y más;1.Menos de 2500 gramos;11
22;1;1;5.30 a 34;6.37 a 41;1.Hasta Primaria/C.EGB Completa;3.Sin especificar;4
30;1;2;3.20 a 24;5.32 a 36;1.Hasta Primaria/C.EGB Completa;2.2500 gramos y más;13
34;1;2;3.20 a 24;5.32 a 36;2.Secundaria/Polimodal Incompleta;1.Menos de 2500 gramos;8
62;1;1;5.30 a 34;5.32 a 36;4.Sin especificar;1.Menos de 2500 gramos;1
06;1;1;3.20 a 24;5.32 a 36;2.Secundaria/Polimodal Incompleta;3.Sin especificar;15
90;1;1;5.30 a 34;5.32 a 36;1.Hasta Primaria/C.EGB Completa;2.2500 gramos y más;46
06;1;9;9.Sin especificar;6.37 a 41;1.Hasta Primaria/C.EGB Completa;2.2500 gramos y más;12
66;1;1;2.15 a 19;8.Sin especificar;1.Hasta Primaria/C.EGB Completa;1.Menos de 2500 gramos;1
38;1;2;5.30 a 34;5.32 a 36;3.Secundario/Polimodal Completa y más;1.Menos de 2500 gramos;27
90;1;2;1.Menor de 15;6.37 a 41;2.Secundaria/Polimodal Incompleta;1.Menos de 2500 gramos;2
06;1;2;8.De 45 y más;5.32 a 36;4.Sin especificar;1.Menos de 2500 gramos;6
34;1;1;6.35 a 39;3.24 a 27;3.Secundario/Polimodal Completa y más;1.Menos de 2500 gramos;1
30;1;1;3.20 a 24;4.28 a 31;1.Hasta Primaria/C.EGB Completa;1.Menos de 2500 gramos;2
42;2;1;5.30 a 34;6.37 a 41;3.Secundario/Polimodal Completa y más;2.2500 gramos y más;6
66;1;1;2.15 a 19;8.Sin especificar;1.Hasta Primaria/C.EGB Completa;2.2500 gramos y más;5
06;2;2;4.25 a 29;6.37 a 41;3.Secundario/Polimodal Completa y más;1.Menos de 2500 gramos;17
22;1;1;3.20 a 24;6.37 a 41;2.Secundaria/Polimodal Incompleta;2.2500 gramos y más;595
66;1;1;4.25 a 29;6.37 a 41;2.Secundaria/Polimodal Incompleta;1.Menos de 2500 gramos;11
06;1;1;8.De 45 y más;5.32 a 36;2.Secundaria/Polimodal Incompleta;1.Menos de 2500 gramos;5
86;1;1;5.30 a 34;6.37 a 41;2.Secundaria/Polimodal Incompleta;1.Menos de 2500 gramos;6
34;2;1;3.20 a 24;5.32 a 36;1.Hasta Primaria/C.EGB Completa;1.Menos de 2500 gramos;1
30;1;1;3.20 a 24;6.37 a 41;3.Secundario/Polimodal Completa y más;3.Sin especificar;1
86;1;2;8.De 45 y más;5.32 a 36;1.Hasta Primaria/C.EGB Completa;2.2500 gramos y más;2
06;2;1;7.40 a 44;6.37 a 41;1.Hasta Primaria/C.EGB Completa;2.2500 gramos y más;1
82;1;1;7.40 a 44;6.37 a 41;3.Secundario/Polimodal Completa y más;1.Menos de 2500 gramos;19
86;1;2;7.40 a 44;5.32 a 36;2.Secundaria/Polimodal Incompleta;1.Menos de 2500 gramos;1
10;1;1;1.Menor de 15;6.37 a 41;1.Hasta Primaria/C.EGB Completa;2.2500 gramos y más;3
22;1;2;2.15 a 19;6.37 a 41;4.Sin especificar;1.Menos de 2500 gramos;2
34;1;1;1.Menor de 15;5.32 a 36;2.Secundaria/Polimodal Incompleta;2.2500 gramos y más;2
06;1;9;2.15 a 19;8.Sin especificar;4.Sin especificar;3.Sin especificar;1
02;1;1;5.30 a 34;6.37 a 41;3.Secundario/Polimodal Completa y más;1.Menos de 2500 gramos;31
34;1;1;1.Menor de 15;6.37 a 41;4.Sin especificar;2.2500 gramos y más;13
54;1;2;2.15 a 19;6.37 a 41;2.Secundaria/Polimodal Incompleta;2.2500 gramos y más;586
50;2;2;3.20 a 24;5.32 a 36;3.Secundario/Polimodal Completa y más;1.Menos de 2500 gramos;3
46;1;2;3.20 a 24;6.37 a 41;3.Secundario/Polimodal Completa y más;1.Menos de 2500 gramos;6
38;1;2;7.40 a 44;6.37 a 41;2.Secundaria/Polimodal Incompleta;2.2500 gramos y más;15
14;1;2;3.20 a 24;5.32 a 36;3.Secundario/Polimodal Completa y más;1.Menos de 2500 gramos;58
10;1;1;3.20 a 24;6.37 a 41;4.Sin especificar;2.2500 gramos y más;3
06;1;1;2.15 a 19;3.24 a 27;2.Secundaria/Polimodal Incompleta;1.Menos de 2500 gramos;17
46;2;2;5.30 a 34;5.32 a 36;2.Secundaria/Polimodal Incompleta;1.Menos de 2500 gramos;1
78;1;2;3.20 a 24;6.37 a 41;1.Hasta Primaria/C.EGB Completa;1.Menos de 2500 gramos;1
46;1;2;4.25 a 29;5.32 a 36;1.Hasta Primaria/C.EGB Completa;1.Menos de 2500 gramos;5
06;1;1;3.20 a 24;3.24 a 27;3.Secundario/Polimodal Completa y más;1.Menos de 2500 gramos;25
30;1;1;4.25 a 29;8.Sin especificar;1.Hasta Primaria/C.EGB Completa;3.Sin especificar;1
54;1;2;5.30 a 34;5.32 a 36;2.Secundaria/Polimodal Incompleta;1.Menos de 2500 gramos;9
58;1;1;2.15 a 19;5.32 a 36;1.Hasta Primaria/C.EGB Completa;2.2500 gramos y más;1
06;1;1;4.25 a 29;5.32 a 36;4.Sin especificar;3.Sin especificar;7
58;2;1;2.15 a 19;6.37 a 41;2.Secundaria/Polimodal Incompleta;1.Menos de 2500 gramos;1
38;1;2;4.25 a 29;6.37 a 41;2.Secundaria/Polimodal Incompleta;1.Menos de 2500 gramos;2
06;1;2;5.30 a 34;5.32 a 36;1.Hasta Primaria/C.EGB Completa;2.2500 gramos y más;102
62;1;1;3.20 a 24;7.42 y más;1.Hasta Primaria/C.EGB Completa;2.2500 gramos y más;2
82;1;1;2.15 a 19;4.28 a 31;3.Secundario/Polimodal Completa y más;1.Menos de 2500 gramos;2
06;1;1;7.40 a 44;8.Sin especificar;4.Sin especificar;3.Sin especificar;39
02;1;2;5.30 a 34;5.32 a 36;3.Secundario/Polimodal Completa y más;1.Menos de 2500 gramos;62
90;1;2;3.20 a 24;6.37 a 41;2.Secundaria/Polimodal Incompleta;2.2500 gramos y más;464
18;1;1;3.20 a 24;6.37 a 41;3.Secundario/Polimodal Completa y más;2.2500 gramos y más;688
66;2;1;5.30 a 34;6.37 a 41;3.Secundario/Polimodal Completa y más;2.2500 gramos y más;11
78;1;2;6.35 a 39;6.37 a 41;1.Hasta Primaria/C.EGB Completa;2.2500 gramos y más;22
54;1;2;1.Menor de 15;6.37 a 41;2.Secundaria/Polimodal Incompleta;2.2500 gramos y más;26
82;1;2;7.40 a 44;5.32 a 36;3.Secundario/Polimodal Completa y más;1.Menos de 2500 gramos;37
82;1;1;3.20 a 24;4.28 a 31;3.Secundario/Polimodal Completa y más;1.Menos de 2500 gramos;15
22;1;1;5.30 a 34;5.32 a 36;2.Secundaria/Polimodal Incompleta;1.Menos de 2500 gramos;15
14;1;2;6.35 a 39;3.24 a 27;1.Hasta Primaria/C.EGB Completa;1.Menos de 2500 gramos;1
06;2;1;6.35 a 39;5.32 a 36;2.Secundaria/Polimodal Incompleta;1.Menos de 2500 gramos;14
82;1;2;2.15 a 19;4.28 a 31;2.Secundaria/Polimodal Incompleta;1.Menos de 2500 gramos;8
82;2;1;6.35 a 39;6.37 a 41;2.Secundaria/Polimodal Incompleta;2.2500 gramos y más;2
18;2;2;4.25 a 29;6.37 a 41;3.Secundario/Polimodal Completa y más;1.Menos de 2500 gramos;7
82;1;2;4.25 a 29;8.Sin especificar;1.Hasta Primaria/C.EGB Completa;2.2500 gramos y más;1
34;2;2;6.35 a 39;6.37 a 41;4.Sin especificar;2.2500 gramos y más;1
06;1;1;3.20 a 24;6.37 a 41;3.Secundario/Polimodal Completa y más;3.Sin especificar;71
18;1;2;5.30 a 34;5.32 a 36;2.Secundaria/Polimodal Incompleta;1.Menos de 2500 gramos;13
70;2;2;5.30 a 34;3.24 a 27;3.Secundario/Polimodal Completa y más;1.Menos de 2500 gramos;2
06;2;2;4.25 a 29;2.22 a 23;3.Secundario/Polimodal Completa y más;1.Menos de 2500 gramos;1
18;1;1;4.25 a 29;6.37 a 41;4.Sin especificar;1.Menos de 2500 gramos;7
50;2;1;3.20 a 24;5.32 a 36;3.Secundario/Polimodal Completa y más;1.Menos de 2500 gramos;10
22;1;1;6.35 a 39;4.28 a 31;2.Secundaria/Polimodal Incompleta;1.Menos de 2500 gramos;3
54;1;1;5.30 a 34;2.22 a 23;3.Secundario/Polimodal Completa y más;1.Menos de 2500 gramos;2
30;1;1;7.40 a 44;4.28 a 31;2.Secundaria/Polimodal Incompleta;1.Menos de 2500 gramos;2
58;1;1;1.Menor de 15;6.37 a 41;2.Secundaria/Polimodal Incompleta;2.2500 gramos y más;2
82;1;2;3.20 a 24;6.37 a 41;4.Sin especificar;2.2500 gramos y más;31
46;1;2;2.15 a 19;6.37 a 41;1.Hasta Primaria/C.EGB Completa;2.2500 gramos y más;25
02;1;2;6.35 a 39;2.22 a 23;3.Secundario/Polimodal Completa y más;1.Menos de 2500 gramos;1
02;1;2;5.30 a 34;3.24 a 27;3.Secundario/Polimodal Completa y más;1.Menos de 2500 gramos;3
74;2;1;7.40 a 44;5.32 a 36;3.Secundario/Polimodal Completa y más;1.Menos de 2500 gramos;1
10;1;1;7.40 a 44;5.32 a 36;3.Secundario/Polimodal Completa y más;1.Menos de 2500 gramos;1
06;9;2;5.30 a 34;4.28 a 31;4.Sin especificar;3.Sin especificar;1
54;2;1;5.30 a 34;6.37 a 41;2.Secundaria/Polimodal Incompleta;2.2500 gramos y más;1
98;1;2;2.15 a 19;6.37 a 41;2.Secundaria/Polimodal Incompleta;2.2500 gramos y más;1
90;2;1;3.20 a 24;6.37 a 41;3.Secundario/Polimodal Completa y más;2.2500 gramos y más;12
46;1;2;4.25 a 29;6.37 a 41;4.Sin especificar;2.2500 gramos y más;2
02;2;1;3.20 a 24;5.32 a 36;3.Secundario/Polimodal Completa y más;1.Menos de 2500 gramos;5
22;1;1;6.35 a 39;5.32 a 36;4.Sin especificar;2.2500 gramos y más;1
26;1;2;6.35 a 39;6.37 a 41;4.Sin especificar;2.2500 gramos y más;52
90;1;2;4.25 a 29;7.42 y más;3.Secundario/Polimodal Completa y más;1.Menos de 2500 gramos;1
30;2;1;5.30 a 34;6.37 a 41;1.Hasta Primaria/C.EGB Completa;2.2500 gramos y más;2
06;1;9;5.30 a 34;5.32 a 36;4.Sin especificar;2.2500 gramos y más;1
90;1;1;8.De 45 y más;5.32 a 36;1.Hasta Primaria/C.EGB Completa;1.Menos de 2500 gramos;1
18;1;2;6.35 a 39;6.37 a 41;2.Secundaria/Polimodal Incompleta;2.2500 gramos y más;92
66;1;1;3.20 a 24;4.28 a 31;3.Secundario/Polimodal Completa y más;1.Menos de 2500 gramos;2
30;1;1;6.35 a 39;3.24 a 27;3.Secundario/Polimodal Completa y más;1.Menos de 2500 gramos;1
34;1;1;6.35 a 39;6.37 a 41;1.Hasta Primaria/C.EGB Completa;2.2500 gramos y más;78
62;1;2;5.30 a 34;5.32 a 36;1.Hasta Primaria/C.EGB Completa;2.2500 gramos y más;5
30;2;1;5.30 a 34;5.32 a 36;2.Secundaria/Polimodal Incompleta;2.2500 gramos y más;2
94;1;2;6.35 a 39;6.37 a 41;1.Hasta Primaria/C.EGB Completa;2.2500 gramos y más;4
98;1;1;5.30 a 34;6.37 a 41;3.Secundario/Polimodal Completa y más;2.2500 gramos y más;3
54;1;1;2.15 a 19;6.37 a 41;2.Secundaria/Polimodal Incompleta;2.2500 gramos y más;604
46;1;1;9.Sin especificar;6.37 a 41;1.Hasta Primaria/C.EGB Completa;2.2500 gramos y más;1
74;1;2;2.15 a 19;5.32 a 36;1.Hasta Primaria/C.EGB Completa;2.2500 gramos y más;2
62;1;1;7.40 a 44;6.37 a 41;4.Sin especificar;1.Menos de 2500 gramos;1
14;2;1;7.40 a 44;5.32 a 36;3.Secundario/Polimodal Completa y más;1.Menos de 2500 gramos;8
14;1;1;3.20 a 24;6.37 a 41;1.Hasta Primaria/C.EGB Completa;3.Sin especificar;1
14;1;1;2.15 a 19;6.37 a 41;1.Hasta Primaria/C.EGB Completa;2.2500 gramos y más;261
06;1;1;5.30 a 34;6.37 a 41;3.Secundario/Polimodal Completa y más;1.Menos de 2500 gramos;210
14;1;1;2.15 a 19;5.32 a 36;2.Secundaria/Polimodal Incompleta;1.Menos de 2500 gramos;48
78;1;1;3.20 a 24;4.28 a 31;3.Secundario/Polimodal Completa y más;1.Menos de 2500 gramos;1
50;2;1;3.20 a 24;5.32 a 36;3.Secundario/Polimodal Completa y más;2.2500 gramos y más;2
10;1;1;5.30 a 34;8.Sin especificar;3.Secundario/Polimodal Completa y más;2.2500 gramos y más;7
06;1;2;8.De 45 y más;6.37 a 41;1.Hasta Primaria/C.EGB Completa;2.2500 gramos y más;25
66;1;1;4.25 a 29;6.37 a 41;3.Secundario/Polimodal Completa y más;2.2500 gramos y más;1482
10;2;1;2.15 a 19;5.32 a 36;2.Secundaria/Polimodal Incompleta;1.Menos de 2500 gramos;4
42;2;1;6.35 a 39;6.37 a 41;2.Secundaria/Polimodal Incompleta;2.2500 gramos y más;2
22;1;1;3.20 a 24;5.32 a 36;1.Hasta Primaria/C.EGB Completa;2.2500 gramos y más;13
06;1;9;9.Sin especificar;8.Sin especificar;4.Sin especificar;3.Sin especificar;47
18;2;1;5.30 a 34;6.37 a 41;2.Secundaria/Polimodal Incompleta;1.Menos de 2500 gramos;2
10;1;1;6.35 a 39;8.Sin especificar;1.Hasta Primaria/C.EGB Completa;2.2500 gramos y más;1
70;1;1;6.35 a 39;6.37 a 41;2.Secundaria/Polimodal Incompleta;2.2500 gramos y más;94
62;1;1;2.15 a 19;6.37 a 41;2.Secundaria/Polimodal Incompleta;1.Menos de 2500 gramos;4
99;1;1;3.20 a 24;6.37 a 41;4.Sin especificar;2.2500 gramos y más;5
06;1;2;4.25 a 29;5.32 a 36;4.Sin especificar;2.2500 gramos y más;62
58;1;2;6.35 a 39;5.32 a 36;1.Hasta Primaria/C.EGB Completa;1.Menos de 2500 gramos;3
22;1;2;6.35 a 39;5.32 a 36;3.Secundario/Polimodal Completa y más;3.Sin especificar;1
62;2;1;7.40 a 44;5.32 a 36;1.Hasta Primaria/C.EGB Completa;2.2500 gramos y más;1
02;1;1;3.20 a 24;6.37 a 41;2.Secundaria/Polimodal Incompleta;1.Menos de 2500 gramos;4
94;1;1;5.30 a 34;5.32 a 36;3.Secundario/Polimodal Completa y más;1.Menos de 2500 gramos;3
06;1;1;8.De 45 y más;5.32 a 36;4.Sin especificar;1.Menos de 2500 gramos;3
06;1;2;5.30 a 34;6.37 a 41;3.Secundario/Polimodal Completa y más;3.Sin especificar;103
90;1;1;3.20 a 24;3.24 a 27;2.Secundaria/Polimodal Incompleta;1.Menos de 2500 gramos;2
06;1;1;9.Sin especificar;6.37 a 41;2.Secundaria/Polimodal Incompleta;1.Menos de 2500 gramos;8
86;1;1;8.De 45 y más;6.37 a 41;3.Secundario/Polimodal Completa y más;2.2500 gramos y más;2
42;1;1;3.20 a 24;4.28 a 31;3.Secundario/Polimodal Completa y más;1.Menos de 2500 gramos;3
18;2;1;4.25 a 29;5.32 a 36;2.Secundaria/Polimodal Incompleta;2.2500 gramos y más;1
30;1;1;6.35 a 39;5.32 a 36;3.Secundario/Polimodal Completa y más;1.Menos de 2500 gramos;21
06;1;1;4.25 a 29;2.22 a 23;2.Secundaria/Polimodal Incompleta;3.Sin especificar;1
50;1;1;6.35 a 39;5.32 a 36;2.Secundaria/Polimodal Incompleta;1.Menos de 2500 gramos;13
86;1;2;5.30 a 34;7.42 y más;1.Hasta Primaria/C.EGB Completa;2.2500 gramos y más;6
38;2;2;3.20 a 24;5.32 a 36;3.Secundario/Polimodal Completa y más;2.2500 gramos y más;3
10;2;2;3.20 a 24;6.37 a 41;2.Secundaria/Polimodal Incompleta;1.Menos de 2500 gramos;1
34;9;2;5.30 a 34;6.37 a 41;4.Sin especificar;2.2500 gramos y más;1
50;1;2;3.20 a 24;2.22 a 23;3.Secundario/Polimodal Completa y más;1.Menos de 2500 gramos;1
18;2;1;4.25 a 29;5.32 a 36;2.Secundaria/Polimodal Incompleta;1.Menos de 2500 gramos;2
22;1;1;4.25 a 29;8.Sin especificar;3.Secundario/Polimodal Completa y más;2.2500 gramos y más;3
26;1;1;3.20 a 24;5.32 a 36;2.Secundaria/Polimodal Incompleta;2.2500 gramos y más;5
70;1;1;6.35 a 39;3.24 a 27;3.Secundario/Polimodal Completa y más;1.Menos de 2500 gramos;1
90;1;2;6.35 a 39;4.28 a 31;3.Secundario/Polimodal Completa y más;2.2500 gramos y más;3
06;1;1;5.30 a 34;8.Sin especificar;4.Sin especificar;3.Sin especificar;227
18;1;2;2.15 a 19;2.22 a 23;4.Sin especificar;1.Menos de 2500 gramos;1
54;1;2;1.Menor de 15;6.37 a 41;2.Secundaria/Polimodal Incompleta;1.Menos de 2500 gramos;1
86;1;1;3.20 a 24;6.37 a 41;3.Secundario/Polimodal Completa y más;2.2500 gramos y más;455
82;1;1;3.20 a 24;5.32 a 36;2.Secundaria/Polimodal Incompleta;1.Menos de 2500 gramos;48
82;9;2;7.40 a 44;8.Sin especificar;3.Secundario/Polimodal Completa y más;3.Sin especificar;1
90;2;1;5.30 a 34;5.32 a 36;2.Secundaria/Polimodal Incompleta;2.2500 gramos y más;3
62;1;2;5.30 a 34;6.37 a 41;1.Hasta Primaria/C.EGB Completa;2.2500 gramos y más;77
30;1;1;3.20 a 24;5.32 a 36;3.Secundario/Polimodal Completa y más;1.Menos de 2500 gramos;12
82;1;2;3.20 a 24;5.32 a 36;1.Hasta Primaria/C.EGB Completa;1.Menos de 2500 gramos;38
18;1;2;2.15 a 19;6.37 a 41;4.Sin especificar;1.Menos de 2500 gramos;8
66;1;1;3.20 a 24;3.24 a 27;2.Secundaria/Polimodal Incompleta;1.Menos de 2500 gramos;2
14;1;2;5.30 a 34;8.Sin especificar;2.Secundaria/Polimodal Incompleta;2.2500 gramos y más;4
34;1;2;7.40 a 44;6.37 a 41;2.Secundaria/Polimodal Incompleta;2.2500 gramos y más;12
22;1;2;4.25 a 29;4.28 a 31;2.Secundaria/Polimodal Incompleta;1.Menos de 2500 gramos;3
02;2;2;7.40 a 44;5.32 a 36;2.Secundaria/Polimodal Incompleta;1.Menos de 2500 gramos;2
62;1;2;7.40 a 44;6.37 a 41;2.Secundaria/Polimodal Incompleta;2.2500 gramos y más;18
86;1;1;1.Menor de 15;5.32 a 36;1.Hasta Primaria/C.EGB Completa;1.Menos de 2500 gramos;2
30;1;1;5.30 a 34;6.37 a 41;1.Hasta Primaria/C.EGB Completa;1.Menos de 2500 gramos;6
02;2;1;7.40 a 44;5.32 a 36;3.Secundario/Polimodal Completa y más;1.Menos de 2500 gramos;15
18;2;1;5.30 a 34;5.32 a 36;4.Sin especificar;1.Menos de 2500 gramos;3
90;1;2;4.25 a 29;8.Sin especificar;3.Secundario/Polimodal Completa y más;1.Menos de 2500 gramos;3
30;2;1;4.25 a 29;6.37 a 41;4.Sin especificar;2.2500 gramos y más;1
02;1;2;3.20 a 24;5.32 a 36;1.Hasta Primaria/C.EGB Completa;1.Menos de 2500 gramos;4
74;1;2;5.30 a 34;6.37 a 41;3.Secundario/Polimodal Completa y más;1.Menos de 2500 gramos;11
54;1;1;4.25 a 29;5.32 a 36;4.Sin especificar;1.Menos de 2500 gramos;4
06;2;2;6.35 a 39;5.32 a 36;1.Hasta Primaria/C.EGB Completa;1.Menos de 2500 gramos;22
82;1;2;8.De 45 y más;6.37 a 41;1.Hasta Primaria/C.EGB Completa;2.2500 gramos y más;7
06;1;2;5.30 a 34;6.37 a 41;1.Hasta Primaria/C.EGB Completa;3.Sin especificar;22
18;1;2;6.35 a 39;6.37 a 41;4.Sin especificar;1.Menos de 2500 gramos;4
02;1;1;7.40 a 44;6.37 a 41;3.Secundario/Polimodal Completa y más;1.Menos de 2500 gramos;17
54;1;1;5.30 a 34;4.28 a 31;1.Hasta Primaria/C.EGB Completa;1.Menos de 2500 gramos;2
38;2;2;4.25 a 29;5.32 a 36;3.Secundario/Polimodal Completa y más;1.Menos de 2500 gramos;6
22;1;1;4.25 a 29;5.32 a 36;3.Secundario/Polimodal Completa y más;1.Menos de 2500 gramos;43
14;1;2;6.35 a 39;6.37 a 41;1.Hasta Primaria/C.EGB Completa;1.Menos de 2500 gramos;7
02;1;1;7.40 a 44;5.32 a 36;1.Hasta Primaria/C.EGB Completa;1.Menos de 2500 gramos;2
70;2;2;6.35 a 39;4.28 a 31;3.Secundario/Polimodal Completa y más;1.Menos de 2500 gramos;1
02;1;2;4.25 a 29;7.42 y más;3.Secundario/Polimodal Completa y más;2.2500 gramos y más;2
06;1;1;6.35 a 39;8.Sin especificar;4.Sin especificar;1.Menos de 2500 gramos;2
82;1;1;3.20 a 24;2.22 a 23;1.Hasta Primaria/C.EGB Completa;1.Menos de 2500 gramos;1
18;1;1;7.40 a 44;6.37 a 41;2.Secundaria/Polimodal Incompleta;2.2500 gramos y más;30
06;2;2;6.35 a 39;5.32 a 36;1.Hasta Primaria/C.EGB Completa;2.2500 gramos y más;7
14;1;2;5.30 a 34;8.Sin especificar;2.Secundaria/Polimodal Incompleta;1.Menos de 2500 gramos;1
38;1;1;2.15 a 19;5.32 a 36;2.Secundaria/Polimodal Incompleta;1.Menos de 2500 gramos;9
18;1;1;6.35 a 39;6.37 a 41;2.Secundaria/Polimodal Incompleta;1.Menos de 2500 gramos;2
18;1;2;6.35 a 39;6.37 a 41;1.Hasta Primaria/C.EGB Completa;1.Menos de 2500 gramos;3
42;1;1;5.30 a 34;5.32 a 36;3.Secundario/Polimodal Completa y más;2.2500 gramos y más;12
66;1;2;6.35 a 39;4.28 a 31;3.Secundario/Polimodal Completa y más;1.Menos de 2500 gramos;5
06;1;2;9.Sin especificar;4.28 a 31;4.Sin especificar;1.Menos de 2500 gramos;1
50;1;1;4.25 a 29;6.37 a 41;4.Sin especificar;2.2500 gramos y más;1
90;2;1;2.15 a 19;4.28 a 31;1.Hasta Primaria/C.EGB Completa;1.Menos de 2500 gramos;2
46;1;2;5.30 a 34;3.24 a 27;2.Secundaria/Polimodal Incompleta;1.Menos de 2500 gramos;1
34;1;1;3.20 a 24;6.37 a 41;4.Sin especificar;2.2500 gramos y más;283
54;2;1;4.25 a 29;6.37 a 41;1.Hasta Primaria/C.EGB Completa;2.2500 gramos y más;2
58;1;2;1.Menor de 15;6.37 a 41;2.Secundaria/Polimodal Incompleta;2.2500 gramos y más;1
62;1;1;7.40 a 44;5.32 a 36;3.Secundario/Polimodal Completa y más;2.2500 gramos y más;7
50;1;1;2.15 a 19;5.32 a 36;3.Secundario/Polimodal Completa y más;1.Menos de 2500 gramos;7
02;1;1;3.20 a 24;5.32 a 36;1.Hasta Primaria/C.EGB Completa;2.2500 gramos y más;5
06;2;2;5.30 a 34;6.37 a 41;3.Secundario/Polimodal Completa y más;1.Menos de 2500 gramos;34
06;1;2;4.25 a 29;4.28 a 31;1.Hasta Primaria/C.EGB Completa;1.Menos de 2500 gramos;14
18;1;2;4.25 a 29;6.37 a 41;2.Secundaria/Polimodal Incompleta;1.Menos de 2500 gramos;9
06;1;2;7.40 a 44;6.37 a 41;3.Secundario/Polimodal Completa y más;2.2500 gramos y más;2026
22;1;1;4.25 a 29;8.Sin especificar;1.Hasta Primaria/C.EGB Completa;2.2500 gramos y más;3
90;1;2;4.25 a 29;4.28 a 31;1.Hasta Primaria/C.EGB Completa;1.Menos de 2500 gramos;6
18;1;2;2.15 a 19;3.24 a 27;2.Secundaria/Polimodal Incompleta;1.Menos de 2500 gramos;2
22;1;2;4.25 a 29;6.37 a 41;4.Sin especificar;2.2500 gramos y más;27
70;1;2;2.15 a 19;6.37 a 41;3.Secundario/Polimodal Completa y más;1.Menos de 2500 gramos;5
66;1;1;6.35 a 39;8.Sin especificar;4.Sin especificar;2.2500 gramos y más;1
90;1;2;4.25 a 29;7.42 y más;3.Secundario/Polimodal Completa y más;2.2500 gramos y más;64
06;2;2;3.20 a 24;5.32 a 36;4.Sin especificar;1.Menos de 2500 gramos;8
66;1;2;5.30 a 34;6.37 a 41;1.Hasta Primaria/C.EGB Completa;2.2500 gramos y más;283
18;1;2;5.30 a 34;5.32 a 36;4.Sin especificar;2.2500 gramos y más;9
34;1;2;4.25 a 29;6.37 a 41;3.Secundario/Polimodal Completa y más;2.2500 gramos y más;341
34;1;1;7.40 a 44;7.42 y más;3.Secundario/Polimodal Completa y más;2.2500 gramos y más;1
54;2;1;5.30 a 34;5.32 a 36;3.Secundario/Polimodal Completa y más;1.Menos de 2500 gramos;2
06;1;9;5.30 a 34;6.37 a 41;3.Secundario/Polimodal Completa y más;2.2500 gramos y más;103
06;1;2;6.35 a 39;5.32 a 36;2.Secundaria/Polimodal Incompleta;3.Sin especificar;2
06;2;2;3.20 a 24;8.Sin especificar;1.Hasta Primaria/C.EGB Completa;1.Menos de 2500 gramos;1
34;1;2;2.15 a 19;5.32 a 36;3.Secundario/Polimodal Completa y más;2.2500 gramos y más;9
99;9;1;4.25 a 29;8.Sin especificar;4.Sin especificar;3.Sin especificar;12
42;2;1;3.20 a 24;4.28 a 31;3.Secundario/Polimodal Completa y más;1.Menos de 2500 gramos;2
14;1;1;3.20 a 24;7.42 y más;2.Secundaria/Polimodal Incompleta;2.2500 gramos y más;7
06;1;1;3.20 a 24;7.42 y más;4.Sin especificar;2.2500 gramos y más;10
34;1;2;4.25 a 29;3.24 a 27;3.Secundario/Polimodal Completa y más;1.Menos de 2500 gramos;3
34;2;2;5.30 a 34;3.24 a 27;1.Hasta Primaria/C.EGB Completa;1.Menos de 2500 gramos;3
02;1;2;6.35 a 39;3.24 a 27;4.Sin especificar;1.Menos de 2500 gramos;1
10;2;1;5.30 a 34;6.37 a 41;1.Hasta Primaria/C.EGB Completa;1.Menos de 2500 gramos;1
06;2;1;4.25 a 29;8.Sin especificar;4.Sin especificar;3.Sin especificar;7
66;1;2;2.15 a 19;5.32 a 36;2.Secundaria/Polimodal Incompleta;1.Menos de 2500 gramos;24
82;1;2;5.30 a 34;6.37 a 41;3.Secundario/Polimodal Completa y más;3.Sin especificar;1
18;1;2;2.15 a 19;5.32 a 36;2.Secundaria/Polimodal Incompleta;1.Menos de 2500 gramos;12
38;1;1;7.40 a 44;3.24 a 27;3.Secundario/Polimodal Completa y más;1.Menos de 2500 gramos;1
46;2;1;5.30 a 34;5.32 a 36;3.Secundario/Polimodal Completa y más;2.2500 gramos y más;1
82;1;2;2.15 a 19;5.32 a 36;3.Secundario/Polimodal Completa y más;2.2500 gramos y más;8
90;1;2;4.25 a 29;5.32 a 36;3.Secundario/Polimodal Completa y más;2.2500 gramos y más;93
06;2;1;5.30 a 34;8.Sin especificar;3.Secundario/Polimodal Completa y más;2.2500 gramos y más;1
54;1;1;3.20 a 24;6.37 a 41;4.Sin especificar;2.2500 gramos y más;143
26;1;1;5.30 a 34;6.37 a 41;2.Secundaria/Polimodal Incompleta;1.Menos de 2500 gramos;2
46;1;1;7.40 a 44;3.24 a 27;3.Secundario/Polimodal Completa y más;1.Menos de 2500 gramos;1
50;1;1;6.35 a 39;3.24 a 27;3.Secundario/Polimodal Completa y más;1.Menos de 2500 gramos;2
14;1;2;3.20 a 24;7.42 y más;1.Hasta Primaria/C.EGB Completa;2.2500 gramos y más;2
50;1;1;2.15 a 19;6.37 a 41;3.Secundario/Polimodal Completa y más;2.2500 gramos y más;147
66;1;1;4.25 a 29;5.32 a 36;1.Hasta Primaria/C.EGB Completa;1.Menos de 2500 gramos;8
14;2;2;5.30 a 34;6.37 a 41;3.Secundario/Polimodal Completa y más;1.Menos de 2500 gramos;11
74;1;1;7.40 a 44;6.37 a 41;4.Sin especificar;2.2500 gramos y más;4
14;1;2;3.20 a 24;7.42 y más;3.Secundario/Polimodal Completa y más;2.2500 gramos y más;2
06;1;1;3.20 a 24;5.32 a 36;3.Secundario/Polimodal Completa y más;1.Menos de 2500 gramos;257
14;1;1;6.35 a 39;6.37 a 41;3.Secundario/Polimodal Completa y más;3.Sin especificar;6
06;1;1;9.Sin especificar;7.42 y más;3.Secundario/Polimodal Completa y más;2.2500 gramos y más;2
02;1;2;6.35 a 39;5.32 a 36;4.Sin especificar;1.Menos de 2500 gramos;5
06;1;2;7.40 a 44;3.24 a 27;2.Secundaria/Polimodal Incompleta;1.Menos de 2500 gramos;3
78;1;2;3.20 a 24;5.32 a 36;3.Secundario/Polimodal Completa y más;2.2500 gramos y más;2
26;1;2;8.De 45 y más;6.37 a 41;2.Secundaria/Polimodal Incompleta;2.2500 gramos y más;1
86;1;2;2.15 a 19;6.37 a 41;1.Hasta Primaria/C.EGB Completa;1.Menos de 2500 gramos;16
30;1;2;6.35 a 39;6.37 a 41;3.Secundario/Polimodal Completa y más;2.2500 gramos y más;669
18;2;1;4.25 a 29;6.37 a 41;2.Secundaria/Polimodal Incompleta;1.Menos de 2500 gramos;1
06;1;1;9.Sin especificar;3.24 a 27;3.Secundario/Polimodal Completa y más;1.Menos de 2500 gramos;2
66;1;1;4.25 a 29;5.32 a 36;4.Sin especificar;2.2500 gramos y más;2
06;2;1;3.20 a 24;6.37 a 41;2.Secundaria/Polimodal Incompleta;1.Menos de 2500 gramos;6
34;1;2;7.40 a 44;6.37 a 41;4.Sin especificar;2.2500 gramos y más;30
06;1;1;8.De 45 y más;6.37 a 41;2.Secundaria/Polimodal Incompleta;1.Menos de 2500 gramos;1
58;2;1;4.25 a 29;6.37 a 41;3.Secundario/Polimodal Completa y más;1.Menos de 2500 gramos;2
06;1;2;6.35 a 39;4.28 a 31;1.Hasta Primaria/C.EGB Completa;2.2500 gramos y más;1
62;1;2;7.40 a 44;5.32 a 36;1.Hasta Primaria/C.EGB Completa;1.Menos de 2500 gramos;2
66;2;2;5.30 a 34;5.32 a 36;2.Secundaria/Polimodal Incompleta;2.2500 gramos y más;2
42;1;2;5.30 a 34;6.37 a 41;1.Hasta Primaria/C.EGB Completa;2.2500 gramos y más;32
66;1;2;2.15 a 19;2.22 a 23;2.Secundaria/Polimodal Incompleta;1.Menos de 2500 gramos;1
70;2;1;5.30 a 34;3.24 a 27;3.Secundario/Polimodal Completa y más;1.Menos de 2500 gramos;4
58;2;1;4.25 a 29;6.37 a 41;3.Secundario/Polimodal Completa y más;2.2500 gramos y más;2
99;1;1;6.35 a 39;5.32 a 36;4.Sin especificar;2.2500 gramos y más;1
82;2;1;2.15 a 19;5.32 a 36;2.Secundaria/Polimodal Incompleta;2.2500 gramos y más;1
06;1;1;9.Sin especificar;6.37 a 41;2.Secundaria/Polimodal Incompleta;2.2500 gramos y más;359
14;1;1;5.30 a 34;6.37 a 41;3.Secundario/Polimodal Completa y más;1.Menos de 2500 gramos;56
90;1;2;5.30 a 34;3.24 a 27;2.Secundaria/Polimodal Incompleta;1.Menos de 2500 gramos;1
06;9;2;4.25 a 29;5.32 a 36;4.Sin especificar;3.Sin especificar;1
82;2;1;6.35 a 39;5.32 a 36;2.Secundaria/Polimodal Incompleta;1.Menos de 2500 gramos;5
06;1;1;6.35 a 39;4.28 a 31;2.Secundaria/Polimodal Incompleta;1.Menos de 2500 gramos;11
18;2;1;2.15 a 19;5.32 a 36;4.Sin especificar;2.2500 gramos y más;1
62;1;2;8.De 45 y más;6.37 a 41;2.Secundaria/Polimodal Incompleta;1.Menos de 2500 gramos;1
06;1;1;7.40 a 44;8.Sin especificar;2.Secundaria/Polimodal Incompleta;1.Menos de 2500 gramos;1
82;1;2;8.De 45 y más;5.32 a 36;3.Secundario/Polimodal Completa y más;1.Menos de 2500 gramos;4
62;2;1;7.40 a 44;5.32 a 36;1.Hasta Primaria/C.EGB Completa;1.Menos de 2500 gramos;1
14;1;1;5.30 a 34;6.37 a 41;3.Secundario/Polimodal Completa y más;2.2500 gramos y más;3674
70;1;1;7.40 a 44;6.37 a 41;1.Hasta Primaria/C.EGB Completa;2.2500 gramos y más;24
10;2;1;7.40 a 44;6.37 a 41;3.Secundario/Polimodal Completa y más;1.Menos de 2500 gramos;1
99;9;2;4.25 a 29;6.37 a 41;4.Sin especificar;1.Menos de 2500 gramos;2
22;1;2;3.20 a 24;5.32 a 36;4.Sin especificar;2.2500 gramos y más;1
06;1;1;2.15 a 19;2.22 a 23;1.Hasta Primaria/C.EGB Completa;1.Menos de 2500 gramos;1
30;1;2;4.25 a 29;3.24 a 27;2.Secundaria/Polimodal Incompleta;1.Menos de 2500 gramos;1
18;2;2;4.25 a 29;5.32 a 36;3.Secundario/Polimodal Completa y más;2.2500 gramos y más;2
06;1;1;3.20 a 24;7.42 y más;2.Secundaria/Polimodal Incompleta;3.Sin especificar;1
66;1;1;2.15 a 19;7.42 y más;1.Hasta Primaria/C.EGB Completa;2.2500 gramos y más;1
06;1;1;5.30 a 34;3.24 a 27;3.Secundario/Polimodal Completa y más;3.Sin especificar;4
06;1;2;8.De 45 y más;6.37 a 41;1.Hasta Primaria/C.EGB Completa;1.Menos de 2500 gramos;3
50;2;2;6.35 a 39;6.37 a 41;3.Secundario/Polimodal Completa y más;1.Menos de 2500 gramos;8
62;1;1;1.Menor de 15;6.37 a 41;2.Secundaria/Polimodal Incompleta;2.2500 gramos y más;6
22;1;1;3.20 a 24;7.42 y más;1.Hasta Primaria/C.EGB Completa;2.2500 gramos y más;4
38;1;2;3.20 a 24;5.32 a 36;2.Secundaria/Polimodal Incompleta;2.2500 gramos y más;6
14;1;2;3.20 a 24;4.28 a 31;2.Secundaria/Polimodal Incompleta;1.Menos de 2500 gramos;6
78;1;1;3.20 a 24;7.42 y más;1.Hasta Primaria/C.EGB Completa;2.2500 gramos y más;2
74;1;1;3.20 a 24;5.32 a 36;2.Secundaria/Polimodal Incompleta;1.Menos de 2500 gramos;3
06;1;1;3.20 a 24;6.37 a 41;1.Hasta Primaria/C.EGB Completa;2.2500 gramos y más;2505
50;1;1;2.15 a 19;4.28 a 31;2.Secundaria/Polimodal Incompleta;1.Menos de 2500 gramos;6
22;1;2;5.30 a 34;8.Sin especificar;3.Secundario/Polimodal Completa y más;1.Menos de 2500 gramos;1
90;1;2;5.30 a 34;7.42 y más;3.Secundario/Polimodal Completa y más;1.Menos de 2500 gramos;3
46;1;1;9.Sin especificar;6.37 a 41;4.Sin especificar;3.Sin especificar;3
14;2;2;6.35 a 39;4.28 a 31;3.Secundario/Polimodal Completa y más;1.Menos de 2500 gramos;4
06;2;1;6.35 a 39;8.Sin especificar;4.Sin especificar;2.2500 gramos y más;1
90;1;2;2.15 a 19;8.Sin especificar;2.Secundaria/Polimodal Incompleta;2.2500 gramos y más;4
62;1;2;3.20 a 24;6.37 a 41;4.Sin especificar;2.2500 gramos y más;135
50;1;2;4.25 a 29;4.28 a 31;3.Secundario/Polimodal Completa y más;1.Menos de 2500 gramos;9
02;2;2;4.25 a 29;5.32 a 36;4.Sin especificar;1.Menos de 2500 gramos;1
82;2;2;4.25 a 29;6.37 a 41;3.Secundario/Polimodal Completa y más;1.Menos de 2500 gramos;6
50;1;2;2.15 a 19;6.37 a 41;1.Hasta Primaria/C.EGB Completa;1.Menos de 2500 gramos;1
90;1;1;2.15 a 19;6.37 a 41;4.Sin especificar;2.2500 gramos y más;1
34;1;1;1.Menor de 15;6.37 a 41;2.Secundaria/Polimodal Incompleta;2.2500 gramos y más;13
54;1;1;2.15 a 19;7.42 y más;2.Secundaria/Polimodal Incompleta;1.Menos de 2500 gramos;1
34;1;1;3.20 a 24;6.37 a 41;3.Secundario/Polimodal Completa y más;2.2500 gramos y más;359
06;1;2;7.40 a 44;3.24 a 27;3.Secundario/Polimodal Completa y más;1.Menos de 2500 gramos;9
70;1;1;7.40 a 44;6.37 a 41;1.Hasta Primaria/C.EGB Completa;1.Menos de 2500 gramos;1
06;2;1;3.20 a 24;5.32 a 36;4.Sin especificar;2.2500 gramos y más;4
86;1;1;7.40 a 44;6.37 a 41;1.Hasta Primaria/C.EGB Completa;2.2500 gramos y más;96
06;1;1;7.40 a 44;5.32 a 36;2.Secundaria/Polimodal Incompleta;3.Sin especificar;3
90;2;1;8.De 45 y más;4.28 a 31;3.Secundario/Polimodal Completa y más;1.Menos de 2500 gramos;1
94;1;2;2.15 a 19;5.32 a 36;3.Secundario/Polimodal Completa y más;1.Menos de 2500 gramos;1
42;1;1;6.35 a 39;6.37 a 41;3.Secundario/Polimodal Completa y más;1.Menos de 2500 gramos;1
22;1;2;7.40 a 44;6.37 a 41;1.Hasta Primaria/C.EGB Completa;2.2500 gramos y más;77
74;1;1;6.35 a 39;5.32 a 36;3.Secundario/Polimodal Completa y más;1.Menos de 2500 gramos;14
62;2;1;7.40 a 44;5.32 a 36;3.Secundario/Polimodal Completa y más;1.Menos de 2500 gramos;1
86;1;1;3.20 a 24;6.37 a 41;3.Secundario/Polimodal Completa y más;1.Menos de 2500 gramos;10
18;1;2;3.20 a 24;4.28 a 31;1.Hasta Primaria/C.EGB Completa;1.Menos de 2500 gramos;2
30;1;2;2.15 a 19;6.37 a 41;4.Sin especificar;2.2500 gramos y más;1
30;2;1;5.30 a 34;6.37 a 41;3.Secundario/Polimodal Completa y más;1.Menos de 2500 gramos;4
66;1;2;2.15 a 19;5.32 a 36;2.Secundaria/Polimodal Incompleta;2.2500 gramos y más;26
06;1;2;7.40 a 44;8.Sin especificar;3.Secundario/Polimodal Completa y más;2.2500 gramos y más;8
06;1;1;4.25 a 29;5.32 a 36;3.Secundario/Polimodal Completa y más;1.Menos de 2500 gramos;359
90;1;1;5.30 a 34;6.37 a 41;2.Secundaria/Polimodal Incompleta;2.2500 gramos y más;238
78;1;2;3.20 a 24;5.32 a 36;3.Secundario/Polimodal Completa y más;1.Menos de 2500 gramos;4
14;1;2;3.20 a 24;5.32 a 36;3.Secundario/Polimodal Completa y más;2.2500 gramos y más;63
90;1;1;6.35 a 39;5.32 a 36;1.Hasta Primaria/C.EGB Completa;3.Sin especificar;1
38;2;2;4.25 a 29;6.37 a 41;1.Hasta Primaria/C.EGB Completa;2.2500 gramos y más;3
38;1;1;4.25 a 29;2.22 a 23;3.Secundario/Polimodal Completa y más;1.Menos de 2500 gramos;1
62;1;1;4.25 a 29;5.32 a 36;4.Sin especificar;3.Sin especificar;1
06;1;1;4.25 a 29;4.28 a 31;4.Sin especificar;1.Menos de 2500 gramos;15
30;2;2;5.30 a 34;6.37 a 41;2.Secundaria/Polimodal Incompleta;2.2500 gramos y más;2
10;1;1;3.20 a 24;6.37 a 41;1.Hasta Primaria/C.EGB Completa;2.2500 gramos y más;43
90;1;1;5.30 a 34;6.37 a 41;2.Secundaria/Polimodal Incompleta;1.Menos de 2500 gramos;8
90;1;2;7.40 a 44;3.24 a 27;1.Hasta Primaria/C.EGB Completa;1.Menos de 2500 gramos;1
62;1;1;4.25 a 29;6.37 a 41;3.Secundario/Polimodal Completa y más;2.2500 gramos y más;488
70;1;1;2.15 a 19;6.37 a 41;3.Secundario/Polimodal Completa y más;2.2500 gramos y más;81
06;1;2;6.35 a 39;6.37 a 41;4.Sin especificar;3.Sin especificar;19
18;1;2;5.30 a 34;6.37 a 41;1.Hasta Primaria/C.EGB Completa;1.Menos de 2500 gramos;6
14;1;2;4.25 a 29;8.Sin especificar;3.Secundario/Polimodal Completa y más;3.Sin especificar;1
22;1;2;3.20 a 24;5.32 a 36;2.Secundaria/Polimodal Incompleta;2.2500 gramos y más;19
50;1;1;7.40 a 44;4.28 a 31;3.Secundario/Polimodal Completa y más;1.Menos de 2500 gramos;3
30;1;2;8.De 45 y más;5.32 a 36;3.Secundario/Polimodal Completa y más;1.Menos de 2500 gramos;1
86;1;2;6.35 a 39;6.37 a 41;4.Sin especificar;2.2500 gramos y más;1
34;1;1;2.15 a 19;7.42 y más;4.Sin especificar;2.2500 gramos y más;1
70;1;1;2.15 a 19;5.32 a 36;2.Secundaria/Polimodal Incompleta;2.2500 gramos y más;10
90;1;2;3.20 a 24;5.32 a 36;3.Secundario/Polimodal Completa y más;1.Menos de 2500 gramos;45
70;1;2;6.35 a 39;6.37 a 41;2.Secundaria/Polimodal Incompleta;1.Menos de 2500 gramos;3
94;2;2;5.30 a 34;5.32 a 36;3.Secundario/Polimodal Completa y más;2.2500 gramos y más;1
02;1;1;4.25 a 29;5.32 a 36;1.Hasta Primaria/C.EGB Completa;2.2500 gramos y más;9
10;2;1;5.30 a 34;5.32 a 36;3.Secundario/Polimodal Completa y más;1.Menos de 2500 gramos;8
90;1;1;1.Menor de 15;5.32 a 36;1.Hasta Primaria/C.EGB Completa;2.2500 gramos y más;1
50;2;2;6.35 a 39;5.32 a 36;3.Secundario/Polimodal Completa y más;2.2500 gramos y más;2
86;1;2;4.25 a 29;8.Sin especificar;3.Secundario/Polimodal Completa y más;2.2500 gramos y más;3
34;1;2;1.Menor de 15;5.32 a 36;4.Sin especificar;1.Menos de 2500 gramos;1
22;9;1;2.15 a 19;6.37 a 41;2.Secundaria/Polimodal Incompleta;3.Sin especificar;1
10;1;2;3.20 a 24;6.37 a 41;3.Secundario/Polimodal Completa y más;1.Menos de 2500 gramos;12
70;1;1;8.De 45 y más;6.37 a 41;1.Hasta Primaria/C.EGB Completa;1.Menos de 2500 gramos;1
90;2;1;6.35 a 39;5.32 a 36;3.Secundario/Polimodal Completa y más;1.Menos de 2500 gramos;10
74;2;2;6.35 a 39;6.37 a 41;3.Secundario/Polimodal Completa y más;2.2500 gramos y más;7
78;1;2;3.20 a 24;6.37 a 41;1.Hasta Primaria/C.EGB Completa;2.2500 gramos y más;50
02;9;1;8.De 45 y más;6.37 a 41;4.Sin especificar;2.2500 gramos y más;7
62;1;1;5.30 a 34;5.32 a 36;1.Hasta Primaria/C.EGB Completa;1.Menos de 2500 gramos;2
78;1;2;4.25 a 29;5.32 a 36;2.Secundaria/Polimodal Incompleta;2.2500 gramos y más;2
78;1;1;2.15 a 19;6.37 a 41;2.Secundaria/Polimodal Incompleta;2.2500 gramos y más;71
38;1;1;6.35 a 39;5.32 a 36;2.Secundaria/Polimodal Incompleta;2.2500 gramos y más;6
90;1;2;3.20 a 24;6.37 a 41;2.Secundaria/Polimodal Incompleta;1.Menos de 2500 gramos;14
06;1;1;9.Sin especificar;5.32 a 36;2.Secundaria/Polimodal Incompleta;2.2500 gramos y más;18
06;1;1;2.15 a 19;6.37 a 41;2.Secundaria/Polimodal Incompleta;1.Menos de 2500 gramos;99
50;2;2;5.30 a 34;5.32 a 36;2.Secundaria/Polimodal Incompleta;2.2500 gramos y más;2
46;1;1;6.35 a 39;8.Sin especificar;3.Secundario/Polimodal Completa y más;2.2500 gramos y más;1
30;1;1;5.30 a 34;5.32 a 36;2.Secundaria/Polimodal Incompleta;2.2500 gramos y más;5
26;2;1;6.35 a 39;6.37 a 41;3.Secundario/Polimodal Completa y más;1.Menos de 2500 gramos;2
26;2;1;6.35 a 39;6.37 a 41;2.Secundaria/Polimodal Incompleta;2.2500 gramos y más;2
82;1;1;4.25 a 29;5.32 a 36;1.Hasta Primaria/C.EGB Completa;1.Menos de 2500 gramos;28
74;1;2;3.20 a 24;5.32 a 36;3.Secundario/Polimodal Completa y más;1.Menos de 2500 gramos;6
02;1;1;6.35 a 39;4.28 a 31;2.Secundaria/Polimodal Incompleta;1.Menos de 2500 gramos;2
06;9;2;2.15 a 19;6.37 a 41;4.Sin especificar;2.2500 gramos y más;8
06;1;2;7.40 a 44;8.Sin especificar;3.Secundario/Polimodal Completa y más;3.Sin especificar;1
22;1;2;7.40 a 44;5.32 a 36;1.Hasta Primaria/C.EGB Completa;2.2500 gramos y más;3
66;1;1;4.25 a 29;6.37 a 41;2.Secundaria/Polimodal Incompleta;3.Sin especificar;2
70;1;1;6.35 a 39;6.37 a 41;2.Secundaria/Polimodal Incompleta;1.Menos de 2500 gramos;3
06;2;1;3.20 a 24;6.37 a 41;4.Sin especificar;1.Menos de 2500 gramos;1
78;1;1;5.30 a 34;5.32 a 36;2.Secundaria/Polimodal Incompleta;1.Menos de 2500 gramos;4
46;1;2;4.25 a 29;3.24 a 27;2.Secundaria/Polimodal Incompleta;1.Menos de 2500 gramos;1
70;2;2;7.40 a 44;5.32 a 36;3.Secundario/Polimodal Completa y más;1.Menos de 2500 gramos;2
58;2;1;5.30 a 34;5.32 a 36;1.Hasta Primaria/C.EGB Completa;1.Menos de 2500 gramos;3
34;2;2;2.15 a 19;6.37 a 41;4.Sin especificar;2.2500 gramos y más;2
26;1;2;6.35 a 39;4.28 a 31;1.Hasta Primaria/C.EGB Completa;1.Menos de 2500 gramos;1
38;1;1;2.15 a 19;5.32 a 36;2.Secundaria/Polimodal Incompleta;2.2500 gramos y más;9
18;1;1;6.35 a 39;6.37 a 41;4.Sin especificar;2.2500 gramos y más;123
22;1;2;2.15 a 19;4.28 a 31;2.Secundaria/Polimodal Incompleta;1.Menos de 2500 gramos;5
18;1;2;5.30 a 34;6.37 a 41;1.Hasta Primaria/C.EGB Completa;2.2500 gramos y más;187
06;1;1;8.De 45 y más;3.24 a 27;3.Secundario/Polimodal Completa y más;1.Menos de 2500 gramos;1
14;1;2;5.30 a 34;3.24 a 27;3.Secundario/Polimodal Completa y más;1.Menos de 2500 gramos;10
90;1;2;1.Menor de 15;7.42 y más;2.Secundaria/Polimodal Incompleta;2.2500 gramos y más;1
99;2;2;3.20 a 24;5.32 a 36;3.Secundario/Polimodal Completa y más;1.Menos de 2500 gramos;1
22;1;1;8.De 45 y más;6.37 a 41;2.Secundaria/Polimodal Incompleta;1.Menos de 2500 gramos;1
06;1;9;3.20 a 24;4.28 a 31;2.Secundaria/Polimodal Incompleta;1.Menos de 2500 gramos;1
62;1;2;9.Sin especificar;6.37 a 41;4.Sin especificar;1.Menos de 2500 gramos;1
86;1;2;6.35 a 39;4.28 a 31;2.Secundaria/Polimodal Incompleta;1.Menos de 2500 gramos;1
90;1;2;5.30 a 34;4.28 a 31;2.Secundaria/Polimodal Incompleta;1.Menos de 2500 gramos;2
14;1;1;1.Menor de 15;6.37 a 41;2.Secundaria/Polimodal Incompleta;2.2500 gramos y más;18
14;1;2;8.De 45 y más;5.32 a 36;3.Secundario/Polimodal Completa y más;2.2500 gramos y más;3
02;1;1;2.15 a 19;8.Sin especificar;3.Secundario/Polimodal Completa y más;2.2500 gramos y más;1
90;1;1;3.20 a 24;4.28 a 31;3.Secundario/Polimodal Completa y más;2.2500 gramos y más;1
06;2;9;6.35 a 39;6.37 a 41;3.Secundario/Polimodal Completa y más;2.2500 gramos y más;1
74;2;2;3.20 a 24;5.32 a 36;2.Secundaria/Polimodal Incompleta;1.Menos de 2500 gramos;2
70;1;1;3.20 a 24;5.32 a 36;2.Secundaria/Polimodal Incompleta;1.Menos de 2500 gramos;15
10;1;1;3.20 a 24;5.32 a 36;1.Hasta Primaria/C.EGB Completa;2.2500 gramos y más;1
82;2;1;3.20 a 24;6.37 a 41;3.Secundario/Polimodal Completa y más;2.2500 gramos y más;10
06;1;2;5.30 a 34;8.Sin especificar;2.Secundaria/Polimodal Incompleta;2.2500 gramos y más;11
74;1;2;7.40 a 44;5.32 a 36;1.Hasta Primaria/C.EGB Completa;1.Menos de 2500 gramos;1
82;2;1;5.30 a 34;6.37 a 41;3.Secundario/Polimodal Completa y más;1.Menos de 2500 gramos;6
22;1;1;8.De 45 y más;8.Sin especificar;3.Secundario/Polimodal Completa y más;2.2500 gramos y más;1
22;1;1;3.20 a 24;5.32 a 36;1.Hasta Primaria/C.EGB Completa;1.Menos de 2500 gramos;19
62;1;2;2.15 a 19;5.32 a 36;4.Sin especificar;1.Menos de 2500 gramos;2
90;1;1;4.25 a 29;5.32 a 36;3.Secundario/Polimodal Completa y más;3.Sin especificar;1
74;1;1;6.35 a 39;8.Sin especificar;4.Sin especificar;2.2500 gramos y más;1
22;1;2;4.25 a 29;8.Sin especificar;3.Secundario/Polimodal Completa y más;3.Sin especificar;1
82;2;2;7.40 a 44;6.37 a 41;3.Secundario/Polimodal Completa y más;2.2500 gramos y más;5
54;1;2;7.40 a 44;4.28 a 31;4.Sin especificar;1.Menos de 2500 gramos;1
62;1;2;8.De 45 y más;6.37 a 41;1.Hasta Primaria/C.EGB Completa;2.2500 gramos y más;2
14;1;1;5.30 a 34;5.32 a 36;3.Secundario/Polimodal Completa y más;1.Menos de 2500 gramos;104
50;1;1;4.25 a 29;2.22 a 23;1.Hasta Primaria/C.EGB Completa;1.Menos de 2500 gramos;1
06;2;1;8.De 45 y más;6.37 a 41;3.Secundario/Polimodal Completa y más;1.Menos de 2500 gramos;3
18;1;2;3.20 a 24;5.32 a 36;1.Hasta Primaria/C.EGB Completa;1.Menos de 2500 gramos;6
54;1;2;4.25 a 29;6.37 a 41;4.Sin especificar;1.Menos de 2500 gramos;8
14;1;2;3.20 a 24;8.Sin especificar;1.Hasta Primaria/C.EGB Completa;2.2500 gramos y más;1
54;1;1;2.15 a 19;6.37 a 41;2.Secundaria/Polimodal Incompleta;1.Menos de 2500 gramos;12
90;1;2;6.35 a 39;6.37 a 41;2.Secundaria/Polimodal Incompleta;2.2500 gramos y más;93
06;2;2;2.15 a 19;6.37 a 41;1.Hasta Primaria/C.EGB Completa;2.2500 gramos y más;2
54;1;2;3.20 a 24;6.37 a 41;4.Sin especificar;1.Menos de 2500 gramos;7
06;1;2;2.15 a 19;5.32 a 36;2.Secundaria/Polimodal Incompleta;1.Menos de 2500 gramos;150
86;1;2;3.20 a 24;7.42 y más;2.Secundaria/Polimodal Incompleta;2.2500 gramos y más;4
58;1;2;7.40 a 44;6.37 a 41;2.Secundaria/Polimodal Incompleta;2.2500 gramos y más;13
74;1;2;6.35 a 39;5.32 a 36;2.Secundaria/Polimodal Incompleta;2.2500 gramos y más;2
26;1;1;4.25 a 29;6.37 a 41;3.Secundario/Polimodal Completa y más;1.Menos de 2500 gramos;2
70;1;2;4.25 a 29;4.28 a 31;1.Hasta Primaria/C.EGB Completa;1.Menos de 2500 gramos;1
30;1;2;7.40 a 44;4.28 a 31;1.Hasta Primaria/C.EGB Completa;1.Menos de 2500 gramos;1
70;1;2;2.15 a 19;5.32 a 36;1.Hasta Primaria/C.EGB Completa;2.2500 gramos y más;1
22;1;1;7.40 a 44;6.37 a 41;2.Secundaria/Polimodal Incompleta;2.2500 gramos y más;30
38;1;2;3.20 a 24;6.37 a 41;3.Secundario/Polimodal Completa y más;1.Menos de 2500 gramos;14
02;1;1;6.35 a 39;3.24 a 27;1.Hasta Primaria/C.EGB Completa;1.Menos de 2500 gramos;1
06;1;1;7.40 a 44;5.32 a 36;3.Secundario/Polimodal Completa y más;2.2500 gramos y más;128
66;1;1;3.20 a 24;6.37 a 41;4.Sin especificar;2.2500 gramos y más;16
58;1;2;3.20 a 24;6.37 a 41;3.Secundario/Polimodal Completa y más;2.2500 gramos y más;339
30;1;2;7.40 a 44;6.37 a 41;1.Hasta Primaria/C.EGB Completa;2.2500 gramos y más;55
06;1;9;5.30 a 34;8.Sin especificar;3.Secundario/Polimodal Completa y más;2.2500 gramos y más;1
18;2;2;4.25 a 29;6.37 a 41;3.Secundario/Polimodal Completa y más;2.2500 gramos y más;6
26;1;2;4.25 a 29;2.22 a 23;2.Secundaria/Polimodal Incompleta;1.Menos de 2500 gramos;1
02;1;1;2.15 a 19;4.28 a 31;3.Secundario/Polimodal Completa y más;1.Menos de 2500 gramos;1
78;1;2;4.25 a 29;6.37 a 41;1.Hasta Primaria/C.EGB Completa;2.2500 gramos y más;77
02;1;1;4.25 a 29;2.22 a 23;3.Secundario/Polimodal Completa y más;1.Menos de 2500 gramos;1
82;1;2;5.30 a 34;5.32 a 36;3.Secundario/Polimodal Completa y más;1.Menos de 2500 gramos;83
94;1;1;7.40 a 44;6.37 a 41;1.Hasta Primaria/C.EGB Completa;2.2500 gramos y más;1
02;2;1;5.30 a 34;5.32 a 36;3.Secundario/Polimodal Completa y más;1.Menos de 2500 gramos;28
14;2;2;4.25 a 29;6.37 a 41;3.Secundario/Polimodal Completa y más;2.2500 gramos y más;20
06;1;2;6.35 a 39;6.37 a 41;1.Hasta Primaria/C.EGB Completa;2.2500 gramos y más;1354
58;1;1;4.25 a 29;5.32 a 36;1.Hasta Primaria/C.EGB Completa;1.Menos de 2500 gramos;1
30;1;2;6.35 a 39;6.37 a 41;4.Sin especificar;2.2500 gramos y más;5
62;1;2;2.15 a 19;7.42 y más;3.Secundario/Polimodal Completa y más;2.2500 gramos y más;1
66;1;2;5.30 a 34;7.42 y más;1.Hasta Primaria/C.EGB Completa;2.2500 gramos y más;2
54;2;1;3.20 a 24;6.37 a 41;2.Secundaria/Polimodal Incompleta;2.2500 gramos y más;2
14;1;1;8.De 45 y más;4.28 a 31;3.Secundario/Polimodal Completa y más;1.Menos de 2500 gramos;2
62;1;1;3.20 a 24;5.32 a 36;2.Secundaria/Polimodal Incompleta;2.2500 gramos y más;12
06;2;1;4.25 a 29;5.32 a 36;2.Secundaria/Polimodal Incompleta;2.2500 gramos y más;10
50;2;1;6.35 a 39;5.32 a 36;1.Hasta Primaria/C.EGB Completa;1.Menos de 2500 gramos;2
30;1;1;2.15 a 19;6.37 a 41;2.Secundaria/Polimodal Incompleta;2.2500 gramos y más;415
06;2;2;6.35 a 39;5.32 a 36;4.Sin especificar;1.Menos de 2500 gramos;16
30;1;1;4.25 a 29;5.32 a 36;3.Secundario/Polimodal Completa y más;1.Menos de 2500 gramos;18
30;1;2;4.25 a 29;6.37 a 41;4.Sin especificar;2.2500 gramos y más;11
06;1;2;9.Sin especificar;8.Sin especificar;1.Hasta Primaria/C.EGB Completa;2.2500 gramos y más;2
10;1;2;6.35 a 39;4.28 a 31;1.Hasta Primaria/C.EGB Completa;1.Menos de 2500 gramos;1
06;1;2;8.De 45 y más;4.28 a 31;2.Secundaria/Polimodal Incompleta;1.Menos de 2500 gramos;1
06;1;2;7.40 a 44;6.37 a 41;4.Sin especificar;3.Sin especificar;4
38;1;2;4.25 a 29;6.37 a 41;2.Secundaria/Polimodal Incompleta;2.2500 gramos y más;151
54;1;2;6.35 a 39;5.32 a 36;3.Secundario/Polimodal Completa y más;1.Menos de 2500 gramos;21
22;1;2;5.30 a 34;8.Sin especificar;4.Sin especificar;2.2500 gramos y más;1
18;2;2;4.25 a 29;5.32 a 36;4.Sin especificar;1.Menos de 2500 gramos;1
34;2;2;5.30 a 34;6.37 a 41;1.Hasta Primaria/C.EGB Completa;2.2500 gramos y más;2
86;1;2;7.40 a 44;6.37 a 41;1.Hasta Primaria/C.EGB Completa;2.2500 gramos y más;100
70;1;1;7.40 a 44;3.24 a 27;3.Secundario/Polimodal Completa y más;1.Menos de 2500 gramos;1
26;1;2;3.20 a 24;6.37 a 41;3.Secundario/Polimodal Completa y más;2.2500 gramos y más;291
34;1;2;4.25 a 29;8.Sin especificar;4.Sin especificar;2.2500 gramos y más;1
94;1;1;8.De 45 y más;6.37 a 41;3.Secundario/Polimodal Completa y más;2.2500 gramos y más;1
02;1;2;5.30 a 34;5.32 a 36;3.Secundario/Polimodal Completa y más;2.2500 gramos y más;59
90;1;2;2.15 a 19;5.32 a 36;3.Secundario/Polimodal Completa y más;2.2500 gramos y más;12
10;1;2;4.25 a 29;3.24 a 27;2.Secundaria/Polimodal Incompleta;1.Menos de 2500 gramos;1
14;1;2;4.25 a 29;5.32 a 36;2.Secundaria/Polimodal Incompleta;2.2500 gramos y más;39
18;1;2;3.20 a 24;6.37 a 41;2.Secundaria/Polimodal Incompleta;1.Menos de 2500 gramos;13
70;1;2;5.30 a 34;6.37 a 41;1.Hasta Primaria/C.EGB Completa;1.Menos de 2500 gramos;5
38;1;1;1.Menor de 15;5.32 a 36;2.Secundaria/Polimodal Incompleta;2.2500 gramos y más;1
22;1;2;2.15 a 19;5.32 a 36;2.Secundaria/Polimodal Incompleta;1.Menos de 2500 gramos;22
90;1;1;2.15 a 19;4.28 a 31;2.Secundaria/Polimodal Incompleta;1.Menos de 2500 gramos;2
34;1;1;5.30 a 34;5.32 a 36;1.Hasta Primaria/C.EGB Completa;1.Menos de 2500 gramos;5
14;1;2;4.25 a 29;5.32 a 36;2.Secundaria/Polimodal Incompleta;1.Menos de 2500 gramos;31
90;1;2;2.15 a 19;5.32 a 36;3.Secundario/Polimodal Completa y más;1.Menos de 2500 gramos;5
06;1;2;9.Sin especificar;5.32 a 36;4.Sin especificar;2.2500 gramos y más;7
90;1;1;7.40 a 44;6.37 a 41;3.Secundario/Polimodal Completa y más;3.Sin especificar;1
66;2;1;4.25 a 29;5.32 a 36;2.Secundaria/Polimodal Incompleta;1.Menos de 2500 gramos;2
58;2;1;6.35 a 39;5.32 a 36;3.Secundario/Polimodal Completa y más;2.2500 gramos y más;4
06;1;2;7.40 a 44;8.Sin especificar;2.Secundaria/Polimodal Incompleta;1.Menos de 2500 gramos;1
54;1;2;6.35 a 39;5.32 a 36;3.Secundario/Polimodal Completa y más;2.2500 gramos y más;23
06;1;2;7.40 a 44;7.42 y más;1.Hasta Primaria/C.EGB Completa;2.2500 gramos y más;2
06;1;1;4.25 a 29;3.24 a 27;2.Secundaria/Polimodal Incompleta;3.Sin especificar;1
30;2;2;2.15 a 19;5.32 a 36;4.Sin especificar;1.Menos de 2500 gramos;2
06;2;1;6.35 a 39;6.37 a 41;1.Hasta Primaria/C.EGB Completa;1.Menos de 2500 gramos;4
58;1;1;4.25 a 29;5.32 a 36;4.Sin especificar;1.Menos de 2500 gramos;1
54;1;2;3.20 a 24;7.42 y más;3.Secundario/Polimodal Completa y más;2.2500 gramos y más;3
86;1;2;7.40 a 44;6.37 a 41;1.Hasta Primaria/C.EGB Completa;1.Menos de 2500 gramos;3
14;2;1;3.20 a 24;6.37 a 41;2.Secundaria/Polimodal Incompleta;2.2500 gramos y más;7
14;1;1;6.35 a 39;8.Sin especificar;1.Hasta Primaria/C.EGB Completa;2.2500 gramos y más;1
06;1;2;3.20 a 24;7.42 y más;3.Secundario/Polimodal Completa y más;2.2500 gramos y más;37
66;1;1;5.30 a 34;1.Menos de 22;3.Secundario/Polimodal Completa y más;1.Menos de 2500 gramos;1
86;1;1;8.De 45 y más;5.32 a 36;1.Hasta Primaria/C.EGB Completa;2.2500 gramos y más;1
90;2;1;4.25 a 29;6.37 a 41;3.Secundario/Polimodal Completa y más;2.2500 gramos y más;11
30;2;2;5.30 a 34;4.28 a 31;2.Secundaria/Polimodal Incompleta;1.Menos de 2500 gramos;1
50;1;2;4.25 a 29;5.32 a 36;2.Secundaria/Polimodal Incompleta;2.2500 gramos y más;19
66;2;2;2.15 a 19;5.32 a 36;3.Secundario/Polimodal Completa y más;1.Menos de 2500 gramos;1
50;1;1;2.15 a 19;3.24 a 27;3.Secundario/Polimodal Completa y más;1.Menos de 2500 gramos;1
06;9;1;6.35 a 39;5.32 a 36;4.Sin especificar;1.Menos de 2500 gramos;5
62;1;2;3.20 a 24;4.28 a 31;3.Secundario/Polimodal Completa y más;1.Menos de 2500 gramos;2
86;1;1;5.30 a 34;4.28 a 31;2.Secundaria/Polimodal Incompleta;2.2500 gramos y más;1
66;1;1;4.25 a 29;8.Sin especificar;3.Secundario/Polimodal Completa y más;3.Sin especificar;1
66;1;1;5.30 a 34;5.32 a 36;1.Hasta Primaria/C.EGB Completa;2.2500 gramos y más;9
22;1;2;3.20 a 24;8.Sin especificar;1.Hasta Primaria/C.EGB Completa;2.2500 gramos y más;1
50;1;1;8.De 45 y más;6.37 a 41;1.Hasta Primaria/C.EGB Completa;2.2500 gramos y más;5
06;1;2;4.25 a 29;2.22 a 23;2.Secundaria/Polimodal Incompleta;1.Menos de 2500 gramos;1
78;1;1;6.35 a 39;6.37 a 41;3.Secundario/Polimodal Completa y más;2.2500 gramos y más;185
54;1;2;4.25 a 29;6.37 a 41;3.Secundario/Polimodal Completa y más;2.2500 gramos y más;1004
34;2;2;4.25 a 29;5.32 a 36;1.Hasta Primaria/C.EGB Completa;1.Menos de 2500 gramos;1
22;1;2;3.20 a 24;4.28 a 31;1.Hasta Primaria/C.EGB Completa;1.Menos de 2500 gramos;3
34;1;1;2.15 a 19;5.32 a 36;3.Secundario/Polimodal Completa y más;2.2500 gramos y más;5
34;1;2;2.15 a 19;6.37 a 41;4.Sin especificar;1.Menos de 2500 gramos;3
58;1;2;6.35 a 39;4.28 a 31;2.Secundaria/Polimodal Incompleta;1.Menos de 2500 gramos;2
02;1;1;5.30 a 34;5.32 a 36;3.Secundario/Polimodal Completa y más;2.2500 gramos y más;93
34;1;2;7.40 a 44;6.37 a 41;1.Hasta Primaria/C.EGB Completa;2.2500 gramos y más;17
62;1;2;3.20 a 24;6.37 a 41;4.Sin especificar;3.Sin especificar;1
14;2;2;4.25 a 29;4.28 a 31;3.Secundario/Polimodal Completa y más;1.Menos de 2500 gramos;4
18;1;1;5.30 a 34;5.32 a 36;1.Hasta Primaria/C.EGB Completa;1.Menos de 2500 gramos;7
10;1;1;7.40 a 44;5.32 a 36;3.Secundario/Polimodal Completa y más;2.2500 gramos y más;3
54;1;1;2.15 a 19;6.37 a 41;4.Sin especificar;1.Menos de 2500 gramos;4
02;2;2;4.25 a 29;6.37 a 41;3.Secundario/Polimodal Completa y más;2.2500 gramos y más;7
42;1;1;3.20 a 24;6.37 a 41;4.Sin especificar;2.2500 gramos y más;1
90;2;2;6.35 a 39;6.37 a 41;2.Secundaria/Polimodal Incompleta;2.2500 gramos y más;2
86;1;2;2.15 a 19;5.32 a 36;1.Hasta Primaria/C.EGB Completa;1.Menos de 2500 gramos;6
46;2;2;6.35 a 39;6.37 a 41;3.Secundario/Polimodal Completa y más;1.Menos de 2500 gramos;1
74;2;2;2.15 a 19;6.37 a 41;1.Hasta Primaria/C.EGB Completa;2.2500 gramos y más;1
06;1;1;3.20 a 24;8.Sin especificar;3.Secundario/Polimodal Completa y más;2.2500 gramos y más;34
90;1;2;6.35 a 39;3.24 a 27;3.Secundario/Polimodal Completa y más;1.Menos de 2500 gramos;4
18;1;1;2.15 a 19;3.24 a 27;4.Sin especificar;1.Menos de 2500 gramos;2
06;1;2;5.30 a 34;4.28 a 31;1.Hasta Primaria/C.EGB Completa;1.Menos de 2500 gramos;13
10;2;2;3.20 a 24;6.37 a 41;3.Secundario/Polimodal Completa y más;2.2500 gramos y más;2
94;1;1;3.20 a 24;6.37 a 41;4.Sin especificar;2.2500 gramos y más;2
06;2;1;2.15 a 19;5.32 a 36;4.Sin especificar;2.2500 gramos y más;1
62;2;2;5.30 a 34;6.37 a 41;2.Secundaria/Polimodal Incompleta;1.Menos de 2500 gramos;2
42;1;2;6.35 a 39;5.32 a 36;3.Secundario/Polimodal Completa y más;2.2500 gramos y más;6
99;9;2;7.40 a 44;6.37 a 41;4.Sin especificar;2.2500 gramos y más;5
14;2;2;5.30 a 34;6.37 a 41;1.Hasta Primaria/C.EGB Completa;2.2500 gramos y más;3
66;2;2;4.25 a 29;3.24 a 27;1.Hasta Primaria/C.EGB Completa;1.Menos de 2500 gramos;2
18;1;2;2.15 a 19;3.24 a 27;3.Secundario/Polimodal Completa y más;1.Menos de 2500 gramos;1
90;2;2;2.15 a 19;4.28 a 31;1.Hasta Primaria/C.EGB Completa;1.Menos de 2500 gramos;2
90;1;1;3.20 a 24;7.42 y más;2.Secundaria/Polimodal Incompleta;1.Menos de 2500 gramos;1
26;2;2;7.40 a 44;5.32 a 36;1.Hasta Primaria/C.EGB Completa;1.Menos de 2500 gramos;1
66;1;1;1.Menor de 15;6.37 a 41;4.Sin especificar;2.2500 gramos y más;2
66;2;2;6.35 a 39;5.32 a 36;3.Secundario/Polimodal Completa y más;2.2500 gramos y más;6
50;1;2;7.40 a 44;6.37 a 41;1.Hasta Primaria/C.EGB Completa;1.Menos de 2500 gramos;2
14;1;2;9.Sin especificar;6.37 a 41;1.Hasta Primaria/C.EGB Completa;2.2500 gramos y más;2
54;2;2;5.30 a 34;3.24 a 27;1.Hasta Primaria/C.EGB Completa;1.Menos de 2500 gramos;2
02;2;1;6.35 a 39;6.37 a 41;3.Secundario/Polimodal Completa y más;1.Menos de 2500 gramos;8
82;1;1;8.De 45 y más;6.37 a 41;3.Secundario/Polimodal Completa y más;2.2500 gramos y más;35
86;2;1;2.15 a 19;4.28 a 31;2.Secundaria/Polimodal Incompleta;2.2500 gramos y más;1
06;1;2;4.25 a 29;4.28 a 31;4.Sin especificar;1.Menos de 2500 gramos;10
82;2;2;5.30 a 34;5.32 a 36;3.Secundario/Polimodal Completa y más;1.Menos de 2500 gramos;37
22;1;2;4.25 a 29;4.28 a 31;1.Hasta Primaria/C.EGB Completa;1.Menos de 2500 gramos;3
82;2;2;6.35 a 39;6.37 a 41;2.Secundaria/Polimodal Incompleta;1.Menos de 2500 gramos;3
66;1;2;1.Menor de 15;5.32 a 36;1.Hasta Primaria/C.EGB Completa;1.Menos de 2500 gramos;1
06;1;1;5.30 a 34;5.32 a 36;1.Hasta Primaria/C.EGB Completa;1.Menos de 2500 gramos;105
94;1;1;5.30 a 34;6.37 a 41;2.Secundaria/Polimodal Incompleta;2.2500 gramos y más;25
34;1;1;6.35 a 39;6.37 a 41;2.Secundaria/Polimodal Incompleta;1.Menos de 2500 gramos;1
06;1;2;9.Sin especificar;6.37 a 41;4.Sin especificar;2.2500 gramos y más;210
14;1;2;2.15 a 19;6.37 a 41;1.Hasta Primaria/C.EGB Completa;1.Menos de 2500 gramos;13
66;1;2;2.15 a 19;5.32 a 36;3.Secundario/Polimodal Completa y más;1.Menos de 2500 gramos;8
82;1;1;2.15 a 19;6.37 a 41;1.Hasta Primaria/C.EGB Completa;2.2500 gramos y más;467
42;1;2;2.15 a 19;5.32 a 36;3.Secundario/Polimodal Completa y más;1.Menos de 2500 gramos;3
94;1;1;7.40 a 44;6.37 a 41;3.Secundario/Polimodal Completa y más;2.2500 gramos y más;29
66;1;2;4.25 a 29;8.Sin especificar;3.Secundario/Polimodal Completa y más;1.Menos de 2500 gramos;2
90;2;1;5.30 a 34;5.32 a 36;3.Secundario/Polimodal Completa y más;1.Menos de 2500 gramos;25
34;1;2;6.35 a 39;5.32 a 36;1.Hasta Primaria/C.EGB Completa;2.2500 gramos y más;5
66;1;2;6.35 a 39;1.Menos de 22;3.Secundario/Polimodal Completa y más;1.Menos de 2500 gramos;1
18;2;1;4.25 a 29;5.32 a 36;3.Secundario/Polimodal Completa y más;2.2500 gramos y más;3
90;1;2;6.35 a 39;6.37 a 41;4.Sin especificar;2.2500 gramos y más;4
82;1;1;7.40 a 44;4.28 a 31;3.Secundario/Polimodal Completa y más;1.Menos de 2500 gramos;10
06;1;2;4.25 a 29;8.Sin especificar;2.Secundaria/Polimodal Incompleta;1.Menos de 2500 gramos;2
02;1;1;3.20 a 24;6.37 a 41;2.Secundaria/Polimodal Incompleta;3.Sin especificar;1
06;1;9;2.15 a 19;6.37 a 41;1.Hasta Primaria/C.EGB Completa;1.Menos de 2500 gramos;2
22;1;1;2.15 a 19;4.28 a 31;3.Secundario/Polimodal Completa y más;2.2500 gramos y más;1
42;1;2;3.20 a 24;5.32 a 36;2.Secundaria/Polimodal Incompleta;2.2500 gramos y más;3
70;2;2;6.35 a 39;5.32 a 36;1.Hasta Primaria/C.EGB Completa;1.Menos de 2500 gramos;1
82;1;1;2.15 a 19;5.32 a 36;3.Secundario/Polimodal Completa y más;1.Menos de 2500 gramos;14
90;1;1;5.30 a 34;8.Sin especificar;1.Hasta Primaria/C.EGB Completa;1.Menos de 2500 gramos;1
66;2;1;5.30 a 34;5.32 a 36;1.Hasta Primaria/C.EGB Completa;1.Menos de 2500 gramos;3
22;1;2;3.20 a 24;6.37 a 41;3.Secundario/Polimodal Completa y más;1.Menos de 2500 gramos;28
30;1;1;7.40 a 44;6.37 a 41;4.Sin especificar;2.2500 gramos y más;1
62;1;2;4.25 a 29;8.Sin especificar;3.Secundario/Polimodal Completa y más;2.2500 gramos y más;2
06;1;2;8.De 45 y más;7.42 y más;2.Secundaria/Polimodal Incompleta;1.Menos de 2500 gramos;1
46;1;1;6.35 a 39;3.24 a 27;3.Secundario/Polimodal Completa y más;1.Menos de 2500 gramos;1
14;1;2;1.Menor de 15;6.37 a 41;2.Secundaria/Polimodal Incompleta;1.Menos de 2500 gramos;3
82;2;1;7.40 a 44;5.32 a 36;2.Secundaria/Polimodal Incompleta;1.Menos de 2500 gramos;1
99;1;2;2.15 a 19;6.37 a 41;3.Secundario/Polimodal Completa y más;2.2500 gramos y más;2
34;2;2;5.30 a 34;6.37 a 41;3.Secundario/Polimodal Completa y más;2.2500 gramos y más;1
06;1;9;4.25 a 29;5.32 a 36;4.Sin especificar;2.2500 gramos y más;1
74;1;1;3.20 a 24;7.42 y más;2.Secundaria/Polimodal Incompleta;2.2500 gramos y más;5
66;2;1;2.15 a 19;5.32 a 36;3.Secundario/Polimodal Completa y más;1.Menos de 2500 gramos;1
86;1;1;7.40 a 44;5.32 a 36;3.Secundario/Polimodal Completa y más;2.2500 gramos y más;5
06;1;1;9.Sin especificar;5.32 a 36;3.Secundario/Polimodal Completa y más;3.Sin especificar;2
82;1;2;8.De 45 y más;6.37 a 41;3.Secundario/Polimodal Completa y más;2.2500 gramos y más;49
34;2;2;2.15 a 19;5.32 a 36;4.Sin especificar;1.Menos de 2500 gramos;2
06;1;2;4.25 a 29;5.32 a 36;3.Secundario/Polimodal Completa y más;2.2500 gramos y más;356
54;1;1;5.30 a 34;5.32 a 36;2.Secundaria/Polimodal Incompleta;1.Menos de 2500 gramos;12
70;1;2;2.15 a 19;6.37 a 41;1.Hasta Primaria/C.EGB Completa;1.Menos de 2500 gramos;4
66;1;2;2.15 a 19;5.32 a 36;2.Secundaria/Polimodal Incompleta;3.Sin especificar;1
74;1;1;4.25 a 29;4.28 a 31;3.Secundario/Polimodal Completa y más;1.Menos de 2500 gramos;4
14;1;2;3.20 a 24;6.37 a 41;2.Secundaria/Polimodal Incompleta;1.Menos de 2500 gramos;46
02;2;1;8.De 45 y más;6.37 a 41;3.Secundario/Polimodal Completa y más;2.2500 gramos y más;2
58;1;1;4.25 a 29;6.37 a 41;1.Hasta Primaria/C.EGB Completa;1.Menos de 2500 gramos;1
18;2;1;2.15 a 19;6.37 a 41;2.Secundaria/Polimodal Incompleta;2.2500 gramos y más;1
06;2;2;2.15 a 19;6.37 a 41;3.Secundario/Polimodal Completa y más;2.2500 gramos y más;3
10;2;2;6.35 a 39;5.32 a 36;3.Secundario/Polimodal Completa y más;1.Menos de 2500 gramos;6
50;1;2;3.20 a 24;5.32 a 36;2.Secundaria/Polimodal Incompleta;1.Menos de 2500 gramos;30
10;1;2;5.30 a 34;6.37 a 41;3.Secundario/Polimodal Completa y más;1.Menos de 2500 gramos;7
06;9;9;9.Sin especificar;8.Sin especificar;4.Sin especificar;3.Sin especificar;89
38;2;1;6.35 a 39;6.37 a 41;3.Secundario/Polimodal Completa y más;1.Menos de 2500 gramos;2
94;1;2;2.15 a 19;6.37 a 41;3.Secundario/Polimodal Completa y más;2.2500 gramos y más;8
54;1;1;5.30 a 34;5.32 a 36;1.Hasta Primaria/C.EGB Completa;2.2500 gramos y más;26
06;1;2;5.30 a 34;6.37 a 41;4.Sin especificar;3.Sin especificar;27
42;1;1;5.30 a 34;6.37 a 41;2.Secundaria/Polimodal Incompleta;2.2500 gramos y más;109
34;1;2;5.30 a 34;6.37 a 41;2.Secundaria/Polimodal Incompleta;2.2500 gramos y más;91
06;1;9;7.40 a 44;6.37 a 41;2.Secundaria/Polimodal Incompleta;2.2500 gramos y más;2
62;1;2;5.30 a 34;8.Sin especificar;2.Secundaria/Polimodal Incompleta;2.2500 gramos y más;5
06;1;2;2.15 a 19;8.Sin especificar;1.Hasta Primaria/C.EGB Completa;3.Sin especificar;1
34;1;1;3.20 a 24;7.42 y más;1.Hasta Primaria/C.EGB Completa;2.2500 gramos y más;1
82;1;1;5.30 a 34;7.42 y más;1.Hasta Primaria/C.EGB Completa;2.2500 gramos y más;3
06;1;1;7.40 a 44;5.32 a 36;2.Secundaria/Polimodal Incompleta;1.Menos de 2500 gramos;27
90;1;1;2.15 a 19;2.22 a 23;3.Secundario/Polimodal Completa y más;1.Menos de 2500 gramos;2
02;2;2;7.40 a 44;6.37 a 41;3.Secundario/Polimodal Completa y más;2.2500 gramos y más;6
74;1;2;3.20 a 24;5.32 a 36;3.Secundario/Polimodal Completa y más;2.2500 gramos y más;13
82;1;1;5.30 a 34;5.32 a 36;1.Hasta Primaria/C.EGB Completa;1.Menos de 2500 gramos;30
82;1;1;7.40 a 44;6.37 a 41;3.Secundario/Polimodal Completa y más;2.2500 gramos y más;640
58;1;1;7.40 a 44;6.37 a 41;2.Secundaria/Polimodal Incompleta;2.2500 gramos y más;16
02;2;2;6.35 a 39;6.37 a 41;4.Sin especificar;1.Menos de 2500 gramos;1
86;1;2;7.40 a 44;5.32 a 36;2.Secundaria/Polimodal Incompleta;2.2500 gramos y más;1
02;9;2;7.40 a 44;6.37 a 41;4.Sin especificar;1.Menos de 2500 gramos;2
30;1;1;4.25 a 29;4.28 a 31;3.Secundario/Polimodal Completa y más;2.2500 gramos y más;1
70;1;2;2.15 a 19;5.32 a 36;3.Secundario/Polimodal Completa y más;1.Menos de 2500 gramos;3
82;1;1;8.De 45 y más;5.32 a 36;3.Secundario/Polimodal Completa y más;1.Menos de 2500 gramos;5
06;1;1;5.30 a 34;4.28 a 31;4.Sin especificar;2.2500 gramos y más;1
22;1;2;5.30 a 34;6.37 a 41;3.Secundario/Polimodal Completa y más;2.2500 gramos y más;881
02;1;2;5.30 a 34;6.37 a 41;1.Hasta Primaria/C.EGB Completa;2.2500 gramos y más;304
82;2;2;6.35 a 39;5.32 a 36;2.Secundaria/Polimodal Incompleta;1.Menos de 2500 gramos;1
22;1;2;6.35 a 39;7.42 y más;1.Hasta Primaria/C.EGB Completa;2.2500 gramos y más;3
82;1;1;2.15 a 19;6.37 a 41;1.Hasta Primaria/C.EGB Completa;1.Menos de 2500 gramos;13
94;1;1;4.25 a 29;6.37 a 41;1.Hasta Primaria/C.EGB Completa;2.2500 gramos y más;5
74;1;2;6.35 a 39;5.32 a 36;2.Secundaria/Polimodal Incompleta;1.Menos de 2500 gramos;3
62;1;2;6.35 a 39;5.32 a 36;3.Secundario/Polimodal Completa y más;1.Menos de 2500 gramos;16
06;9;2;9.Sin especificar;8.Sin especificar;4.Sin especificar;3.Sin especificar;89
30;1;1;7.40 a 44;5.32 a 36;3.Secundario/Polimodal Completa y más;1.Menos de 2500 gramos;10
86;1;2;5.30 a 34;4.28 a 31;3.Secundario/Polimodal Completa y más;1.Menos de 2500 gramos;4
06;1;9;3.20 a 24;8.Sin especificar;4.Sin especificar;1.Menos de 2500 gramos;1
50;2;2;6.35 a 39;5.32 a 36;3.Secundario/Polimodal Completa y más;1.Menos de 2500 gramos;7
30;2;2;4.25 a 29;4.28 a 31;1.Hasta Primaria/C.EGB Completa;1.Menos de 2500 gramos;1
62;1;2;5.30 a 34;5.32 a 36;2.Secundaria/Polimodal Incompleta;1.Menos de 2500 gramos;9
22;2;1;5.30 a 34;6.37 a 41;3.Secundario/Polimodal Completa y más;1.Menos de 2500 gramos;4
54;1;1;4.25 a 29;6.37 a 41;3.Secundario/Polimodal Completa y más;1.Menos de 2500 gramos;17
10;1;1;4.25 a 29;8.Sin especificar;2.Secundaria/Polimodal Incompleta;2.2500 gramos y más;1
06;1;9;5.30 a 34;5.32 a 36;3.Secundario/Polimodal Completa y más;3.Sin especificar;1
06;1;2;7.40 a 44;6.37 a 41;4.Sin especificar;1.Menos de 2500 gramos;8
22;9;1;2.15 a 19;6.37 a 41;4.Sin especificar;2.2500 gramos y más;1
46;2;1;6.35 a 39;6.37 a 41;3.Secundario/Polimodal Completa y más;1.Menos de 2500 gramos;1
58;1;2;3.20 a 24;6.37 a 41;3.Secundario/Polimodal Completa y más;1.Menos de 2500 gramos;3
78;1;2;4.25 a 29;6.37 a 41;1.Hasta Primaria/C.EGB Completa;1.Menos de 2500 gramos;1
54;1;1;5.30 a 34;6.37 a 41;2.Secundaria/Polimodal Incompleta;2.2500 gramos y más;301
54;1;2;7.40 a 44;5.32 a 36;3.Secundario/Polimodal Completa y más;2.2500 gramos y más;10
02;2;2;8.De 45 y más;6.37 a 41;3.Secundario/Polimodal Completa y más;1.Menos de 2500 gramos;1
50;2;2;5.30 a 34;5.32 a 36;2.Secundaria/Polimodal Incompleta;1.Menos de 2500 gramos;1
62;1;2;6.35 a 39;5.32 a 36;3.Secundario/Polimodal Completa y más;2.2500 gramos y más;20
34;1;1;2.15 a 19;6.37 a 41;4.Sin especificar;2.2500 gramos y más;145
18;1;2;3.20 a 24;5.32 a 36;3.Secundario/Polimodal Completa y más;2.2500 gramos y más;17
98;1;2;4.25 a 29;6.37 a 41;3.Secundario/Polimodal Completa y más;2.2500 gramos y más;4
06;1;2;2.15 a 19;8.Sin especificar;3.Secundario/Polimodal Completa y más;2.2500 gramos y más;5
86;1;2;4.25 a 29;7.42 y más;2.Secundaria/Polimodal Incompleta;2.2500 gramos y más;3
14;1;1;2.15 a 19;2.22 a 23;2.Secundaria/Polimodal Incompleta;1.Menos de 2500 gramos;1
30;1;1;1.Menor de 15;6.37 a 41;2.Secundaria/Polimodal Incompleta;2.2500 gramos y más;12
18;1;1;5.30 a 34;6.37 a 41;2.Secundaria/Polimodal Incompleta;2.2500 gramos y más;209
18;2;1;4.25 a 29;5.32 a 36;3.Secundario/Polimodal Completa y más;1.Menos de 2500 gramos;5
14;2;2;6.35 a 39;4.28 a 31;2.Secundaria/Polimodal Incompleta;1.Menos de 2500 gramos;1
18;1;1;5.30 a 34;3.24 a 27;1.Hasta Primaria/C.EGB Completa;1.Menos de 2500 gramos;1
14;1;1;5.30 a 34;3.24 a 27;1.Hasta Primaria/C.EGB Completa;1.Menos de 2500 gramos;2
62;1;2;7.40 a 44;4.28 a 31;4.Sin especificar;3.Sin especificar;1
14;1;1;2.15 a 19;6.37 a 41;2.Secundaria/Polimodal Incompleta;1.Menos de 2500 gramos;25
14;2;2;3.20 a 24;5.32 a 36;1.Hasta Primaria/C.EGB Completa;1.Menos de 2500 gramos;2
50;1;1;4.25 a 29;7.42 y más;1.Hasta Primaria/C.EGB Completa;2.2500 gramos y más;1
26;1;2;6.35 a 39;6.37 a 41;3.Secundario/Polimodal Completa y más;1.Menos de 2500 gramos;4
06;2;2;6.35 a 39;2.22 a 23;3.Secundario/Polimodal Completa y más;1.Menos de 2500 gramos;1
10;1;1;7.40 a 44;5.32 a 36;1.Hasta Primaria/C.EGB Completa;1.Menos de 2500 gramos;1
02;2;1;5.30 a 34;5.32 a 36;3.Secundario/Polimodal Completa y más;2.2500 gramos y más;14
02;1;2;9.Sin especificar;6.37 a 41;4.Sin especificar;2.2500 gramos y más;1
26;1;1;4.25 a 29;6.37 a 41;3.Secundario/Polimodal Completa y más;2.2500 gramos y más;485
14;2;2;4.25 a 29;6.37 a 41;3.Secundario/Polimodal Completa y más;1.Menos de 2500 gramos;7
18;2;2;5.30 a 34;6.37 a 41;2.Secundaria/Polimodal Incompleta;1.Menos de 2500 gramos;1
06;1;1;6.35 a 39;4.28 a 31;1.Hasta Primaria/C.EGB Completa;2.2500 gramos y más;3
06;1;2;3.20 a 24;8.Sin especificar;3.Secundario/Polimodal Completa y más;2.2500 gramos y más;24
02;2;1;6.35 a 39;6.37 a 41;2.Secundaria/Polimodal Incompleta;2.2500 gramos y más;3
30;1;1;5.30 a 34;5.32 a 36;4.Sin especificar;1.Menos de 2500 gramos;2
38;1;2;5.30 a 34;3.24 a 27;3.Secundario/Polimodal Completa y más;1.Menos de 2500 gramos;2
10;1;2;4.25 a 29;6.37 a 41;4.Sin especificar;2.2500 gramos y más;1
10;1;1;8.De 45 y más;6.37 a 41;3.Secundario/Polimodal Completa y más;2.2500 gramos y más;1
82;1;1;5.30 a 34;6.37 a 41;1.Hasta Primaria/C.EGB Completa;1.Menos de 2500 gramos;10
90;1;2;7.40 a 44;6.37 a 41;3.Secundario/Polimodal Completa y más;2.2500 gramos y más;224
66;1;2;2.15 a 19;6.37 a 41;3.Secundario/Polimodal Completa y más;2.2500 gramos y más;170
34;1;2;3.20 a 24;5.32 a 36;3.Secundario/Polimodal Completa y más;1.Menos de 2500 gramos;22
26;1;1;5.30 a 34;5.32 a 36;3.Secundario/Polimodal Completa y más;1.Menos de 2500 gramos;14
94;1;1;3.20 a 24;6.37 a 41;3.Secundario/Polimodal Completa y más;1.Menos de 2500 gramos;1
94;1;2;5.30 a 34;6.37 a 41;1.Hasta Primaria/C.EGB Completa;2.2500 gramos y más;7
06;2;2;5.30 a 34;6.37 a 41;4.Sin especificar;2.2500 gramos y más;12
50;2;2;5.30 a 34;5.32 a 36;1.Hasta Primaria/C.EGB Completa;2.2500 gramos y más;1
58;1;2;8.De 45 y más;6.37 a 41;2.Secundaria/Polimodal Incompleta;2.2500 gramos y más;1
58;1;2;3.20 a 24;6.37 a 41;1.Hasta Primaria/C.EGB Completa;1.Menos de 2500 gramos;1
34;1;1;2.15 a 19;3.24 a 27;2.Secundaria/Polimodal Incompleta;1.Menos de 2500 gramos;2
74;1;2;3.20 a 24;6.37 a 41;3.Secundario/Polimodal Completa y más;2.2500 gramos y más;357
14;1;2;5.30 a 34;3.24 a 27;2.Secundaria/Polimodal Incompleta;1.Menos de 2500 gramos;1
86;1;2;4.25 a 29;5.32 a 36;1.Hasta Primaria/C.EGB Completa;1.Menos de 2500 gramos;12
86;1;2;2.15 a 19;5.32 a 36;1.Hasta Primaria/C.EGB Completa;2.2500 gramos y más;32
46;1;2;3.20 a 24;6.37 a 41;2.Secundaria/Polimodal Incompleta;2.2500 gramos y más;68
74;1;1;4.25 a 29;5.32 a 36;2.Secundaria/Polimodal Incompleta;2.2500 gramos y más;7
06;2;1;7.40 a 44;6.37 a 41;2.Secundaria/Polimodal Incompleta;2.2500 gramos y más;3
10;2;1;2.15 a 19;6.37 a 41;1.Hasta Primaria/C.EGB Completa;1.Menos de 2500 gramos;2
38;1;1;6.35 a 39;1.Menos de 22;3.Secundario/Polimodal Completa y más;1.Menos de 2500 gramos;1
66;1;2;1.Menor de 15;5.32 a 36;1.Hasta Primaria/C.EGB Completa;2.2500 gramos y más;2
50;2;2;5.30 a 34;5.32 a 36;1.Hasta Primaria/C.EGB Completa;1.Menos de 2500 gramos;1
54;1;2;6.35 a 39;6.37 a 41;3.Secundario/Polimodal Completa y más;1.Menos de 2500 gramos;16
62;1;1;3.20 a 24;5.32 a 36;3.Secundario/Polimodal Completa y más;2.2500 gramos y más;12
18;1;2;8.De 45 y más;6.37 a 41;1.Hasta Primaria/C.EGB Completa;2.2500 gramos y más;1
82;1;1;5.30 a 34;6.37 a 41;1.Hasta Primaria/C.EGB Completa;2.2500 gramos y más;643
26;1;1;5.30 a 34;5.32 a 36;3.Secundario/Polimodal Completa y más;2.2500 gramos y más;17
58;1;2;2.15 a 19;3.24 a 27;3.Secundario/Polimodal Completa y más;1.Menos de 2500 gramos;1
58;2;2;3.20 a 24;6.37 a 41;3.Secundario/Polimodal Completa y más;2.2500 gramos y más;1
46;1;1;7.40 a 44;5.32 a 36;3.Secundario/Polimodal Completa y más;1.Menos de 2500 gramos;2
50;1;2;4.25 a 29;6.37 a 41;1.Hasta Primaria/C.EGB Completa;2.2500 gramos y más;302
82;1;1;6.35 a 39;6.37 a 41;2.Secundaria/Polimodal Incompleta;2.2500 gramos y más;301
86;1;1;1.Menor de 15;6.37 a 41;2.Secundaria/Polimodal Incompleta;2.2500 gramos y más;11
78;1;2;2.15 a 19;6.37 a 41;3.Secundario/Polimodal Completa y más;1.Menos de 2500 gramos;1
46;1;1;4.25 a 29;6.37 a 41;2.Secundaria/Polimodal Incompleta;2.2500 gramos y más;56
58;1;2;5.30 a 34;5.32 a 36;4.Sin especificar;2.2500 gramos y más;1
70;2;1;4.25 a 29;5.32 a 36;2.Secundaria/Polimodal Incompleta;1.Menos de 2500 gramos;3
66;1;1;2.15 a 19;6.37 a 41;1.Hasta Primaria/C.EGB Completa;3.Sin especificar;2
50;1;1;4.25 a 29;2.22 a 23;2.Secundaria/Polimodal Incompleta;1.Menos de 2500 gramos;3
30;1;1;4.25 a 29;8.Sin especificar;2.Secundaria/Polimodal Incompleta;3.Sin especificar;1
54;2;2;6.35 a 39;5.32 a 36;3.Secundario/Polimodal Completa y más;1.Menos de 2500 gramos;7
14;2;2;3.20 a 24;5.32 a 36;3.Secundario/Polimodal Completa y más;2.2500 gramos y más;6
06;2;2;3.20 a 24;4.28 a 31;1.Hasta Primaria/C.EGB Completa;1.Menos de 2500 gramos;2
66;2;1;6.35 a 39;6.37 a 41;3.Secundario/Polimodal Completa y más;1.Menos de 2500 gramos;5
58;1;1;7.40 a 44;5.32 a 36;2.Secundaria/Polimodal Incompleta;2.2500 gramos y más;2
02;9;1;4.25 a 29;6.37 a 41;4.Sin especificar;1.Menos de 2500 gramos;1
82;1;2;2.15 a 19;6.37 a 41;4.Sin especificar;1.Menos de 2500 gramos;2
18;2;2;6.35 a 39;4.28 a 31;3.Secundario/Polimodal Completa y más;1.Menos de 2500 gramos;1
42;1;1;2.15 a 19;6.37 a 41;3.Secundario/Polimodal Completa y más;2.2500 gramos y más;77
62;1;2;3.20 a 24;6.37 a 41;1.Hasta Primaria/C.EGB Completa;2.2500 gramos y más;97
99;2;2;9.Sin especificar;8.Sin especificar;4.Sin especificar;3.Sin especificar;3
06;1;2;9.Sin especificar;5.32 a 36;2.Secundaria/Polimodal Incompleta;2.2500 gramos y más;8
54;2;2;2.15 a 19;5.32 a 36;4.Sin especificar;1.Menos de 2500 gramos;2
50;2;1;5.30 a 34;5.32 a 36;2.Secundaria/Polimodal Incompleta;1.Menos de 2500 gramos;6
42;1;2;8.De 45 y más;6.37 a 41;1.Hasta Primaria/C.EGB Completa;2.2500 gramos y más;1
54;1;2;3.20 a 24;5.32 a 36;2.Secundaria/Polimodal Incompleta;2.2500 gramos y más;45
78;2;2;4.25 a 29;5.32 a 36;3.Secundario/Polimodal Completa y más;1.Menos de 2500 gramos;7
50;1;2;4.25 a 29;6.37 a 41;1.Hasta Primaria/C.EGB Completa;1.Menos de 2500 gramos;3
62;1;1;2.15 a 19;5.32 a 36;3.Secundario/Polimodal Completa y más;2.2500 gramos y más;3
34;1;1;6.35 a 39;4.28 a 31;4.Sin especificar;1.Menos de 2500 gramos;3
22;1;2;5.30 a 34;5.32 a 36;3.Secundario/Polimodal Completa y más;2.2500 gramos y más;25
06;1;2;6.35 a 39;6.37 a 41;3.Secundario/Polimodal Completa y más;3.Sin especificar;54
50;1;2;6.35 a 39;5.32 a 36;3.Secundario/Polimodal Completa y más;2.2500 gramos y más;27
18;1;2;6.35 a 39;6.37 a 41;3.Secundario/Polimodal Completa y más;2.2500 gramos y más;433
50;1;1;4.25 a 29;5.32 a 36;3.Secundario/Polimodal Completa y más;2.2500 gramos y más;42
22;1;1;7.40 a 44;5.32 a 36;1.Hasta Primaria/C.EGB Completa;1.Menos de 2500 gramos;5
50;2;1;4.25 a 29;6.37 a 41;2.Secundaria/Polimodal Incompleta;2.2500 gramos y más;7
22;2;2;4.25 a 29;6.37 a 41;1.Hasta Primaria/C.EGB Completa;2.2500 gramos y más;1
02;1;2;3.20 a 24;7.42 y más;2.Secundaria/Polimodal Incompleta;2.2500 gramos y más;1
02;9;2;3.20 a 24;5.32 a 36;4.Sin especificar;2.2500 gramos y más;1
14;1;2;3.20 a 24;4.28 a 31;1.Hasta Primaria/C.EGB Completa;1.Menos de 2500 gramos;2
22;1;1;7.40 a 44;6.37 a 41;4.Sin especificar;2.2500 gramos y más;1
18;1;1;7.40 a 44;4.28 a 31;3.Secundario/Polimodal Completa y más;2.2500 gramos y más;1
58;2;2;3.20 a 24;5.32 a 36;3.Secundario/Polimodal Completa y más;2.2500 gramos y más;2
30;1;2;3.20 a 24;6.37 a 41;2.Secundaria/Polimodal Incompleta;1.Menos de 2500 gramos;17
66;1;1;6.35 a 39;5.32 a 36;3.Secundario/Polimodal Completa y más;2.2500 gramos y más;44
38;1;2;4.25 a 29;4.28 a 31;2.Secundaria/Polimodal Incompleta;1.Menos de 2500 gramos;1
14;1;2;7.40 a 44;7.42 y más;2.Secundaria/Polimodal Incompleta;2.2500 gramos y más;1
74;1;2;3.20 a 24;7.42 y más;3.Secundario/Polimodal Completa y más;2.2500 gramos y más;10
14;1;1;3.20 a 24;5.32 a 36;1.Hasta Primaria/C.EGB Completa;1.Menos de 2500 gramos;17
22;1;1;4.25 a 29;6.37 a 41;2.Secundaria/Polimodal Incompleta;1.Menos de 2500 gramos;13
06;2;2;6.35 a 39;4.28 a 31;1.Hasta Primaria/C.EGB Completa;1.Menos de 2500 gramos;2
78;1;2;5.30 a 34;6.37 a 41;3.Secundario/Polimodal Completa y más;2.2500 gramos y más;247
30;1;2;7.40 a 44;8.Sin especificar;3.Secundario/Polimodal Completa y más;2.2500 gramos y más;5
58;1;2;3.20 a 24;6.37 a 41;1.Hasta Primaria/C.EGB Completa;2.2500 gramos y más;98
06;1;2;9.Sin especificar;5.32 a 36;4.Sin especificar;1.Menos de 2500 gramos;10
06;1;2;6.35 a 39;5.32 a 36;3.Secundario/Polimodal Completa y más;1.Menos de 2500 gramos;321
26;1;2;7.40 a 44;6.37 a 41;3.Secundario/Polimodal Completa y más;1.Menos de 2500 gramos;3
10;2;2;7.40 a 44;5.32 a 36;3.Secundario/Polimodal Completa y más;1.Menos de 2500 gramos;1
02;2;2;6.35 a 39;5.32 a 36;4.Sin especificar;2.2500 gramos y más;1
14;1;1;7.40 a 44;6.37 a 41;3.Secundario/Polimodal Completa y más;1.Menos de 2500 gramos;23
10;1;1;8.De 45 y más;6.37 a 41;3.Secundario/Polimodal Completa y más;1.Menos de 2500 gramos;1
42;2;2;5.30 a 34;6.37 a 41;3.Secundario/Polimodal Completa y más;1.Menos de 2500 gramos;1
06;1;9;9.Sin especificar;6.37 a 41;4.Sin especificar;3.Sin especificar;1
74;1;2;4.25 a 29;6.37 a 41;3.Secundario/Polimodal Completa y más;1.Menos de 2500 gramos;11
30;1;1;5.30 a 34;4.28 a 31;3.Secundario/Polimodal Completa y más;2.2500 gramos y más;2
54;2;1;6.35 a 39;6.37 a 41;4.Sin especificar;2.2500 gramos y más;1
66;1;2;5.30 a 34;5.32 a 36;1.Hasta Primaria/C.EGB Completa;1.Menos de 2500 gramos;9
58;1;2;2.15 a 19;5.32 a 36;2.Secundaria/Polimodal Incompleta;1.Menos de 2500 gramos;7
94;1;1;7.40 a 44;5.32 a 36;3.Secundario/Polimodal Completa y más;1.Menos de 2500 gramos;2
06;1;2;6.35 a 39;6.37 a 41;1.Hasta Primaria/C.EGB Completa;3.Sin especificar;13
54;1;2;5.30 a 34;7.42 y más;2.Secundaria/Polimodal Incompleta;2.2500 gramos y más;1
82;1;2;5.30 a 34;6.37 a 41;1.Hasta Primaria/C.EGB Completa;1.Menos de 2500 gramos;15
18;2;1;6.35 a 39;6.37 a 41;3.Secundario/Polimodal Completa y más;2.2500 gramos y más;4
34;1;1;5.30 a 34;5.32 a 36;1.Hasta Primaria/C.EGB Completa;2.2500 gramos y más;12
14;1;2;2.15 a 19;7.42 y más;2.Secundaria/Polimodal Incompleta;2.2500 gramos y más;3
54;1;1;2.15 a 19;4.28 a 31;3.Secundario/Polimodal Completa y más;1.Menos de 2500 gramos;1
46;1;1;4.25 a 29;6.37 a 41;3.Secundario/Polimodal Completa y más;1.Menos de 2500 gramos;6
66;1;2;2.15 a 19;8.Sin especificar;4.Sin especificar;2.2500 gramos y más;3
06;1;2;5.30 a 34;7.42 y más;2.Secundaria/Polimodal Incompleta;2.2500 gramos y más;6
38;1;1;2.15 a 19;6.37 a 41;1.Hasta Primaria/C.EGB Completa;2.2500 gramos y más;35
26;1;2;6.35 a 39;5.32 a 36;3.Secundario/Polimodal Completa y más;2.2500 gramos y más;10
58;1;1;6.35 a 39;5.32 a 36;2.Secundaria/Polimodal Incompleta;2.2500 gramos y más;4
86;1;1;4.25 a 29;8.Sin especificar;2.Secundaria/Polimodal Incompleta;2.2500 gramos y más;1
86;1;2;2.15 a 19;6.37 a 41;4.Sin especificar;2.2500 gramos y más;3
74;1;1;5.30 a 34;5.32 a 36;3.Secundario/Polimodal Completa y más;1.Menos de 2500 gramos;9
02;9;2;7.40 a 44;6.37 a 41;4.Sin especificar;2.2500 gramos y más;41
66;2;1;5.30 a 34;6.37 a 41;1.Hasta Primaria/C.EGB Completa;2.2500 gramos y más;4
02;1;1;7.40 a 44;3.24 a 27;1.Hasta Primaria/C.EGB Completa;1.Menos de 2500 gramos;1
42;1;1;3.20 a 24;5.32 a 36;3.Secundario/Polimodal Completa y más;1.Menos de 2500 gramos;8
06;1;1;2.15 a 19;8.Sin especificar;4.Sin especificar;3.Sin especificar;131
99;9;1;4.25 a 29;5.32 a 36;4.Sin especificar;1.Menos de 2500 gramos;1
99;1;1;4.25 a 29;8.Sin especificar;4.Sin especificar;3.Sin especificar;2
66;2;2;5.30 a 34;5.32 a 36;3.Secundario/Polimodal Completa y más;2.2500 gramos y más;4
54;1;2;5.30 a 34;6.37 a 41;3.Secundario/Polimodal Completa y más;2.2500 gramos y más;812
90;1;2;1.Menor de 15;5.32 a 36;2.Secundaria/Polimodal Incompleta;2.2500 gramos y más;2
82;1;2;5.30 a 34;3.24 a 27;2.Secundaria/Polimodal Incompleta;1.Menos de 2500 gramos;2
06;1;1;8.De 45 y más;8.Sin especificar;3.Secundario/Polimodal Completa y más;2.2500 gramos y más;1
54;1;2;4.25 a 29;8.Sin especificar;3.Secundario/Polimodal Completa y más;2.2500 gramos y más;1
62;1;1;9.Sin especificar;6.37 a 41;1.Hasta Primaria/C.EGB Completa;2.2500 gramos y más;1
30;2;2;3.20 a 24;3.24 a 27;3.Secundario/Polimodal Completa y más;1.Menos de 2500 gramos;2
30;1;1;3.20 a 24;3.24 a 27;2.Secundaria/Polimodal Incompleta;1.Menos de 2500 gramos;2
74;2;2;6.35 a 39;6.37 a 41;3.Secundario/Polimodal Completa y más;1.Menos de 2500 gramos;3
54;1;1;9.Sin especificar;6.37 a 41;1.Hasta Primaria/C.EGB Completa;2.2500 gramos y más;3
14;1;1;4.25 a 29;7.42 y más;3.Secundario/Polimodal Completa y más;2.2500 gramos y más;5
30;1;2;2.15 a 19;8.Sin especificar;3.Secundario/Polimodal Completa y más;2.2500 gramos y más;2
94;1;1;4.25 a 29;5.32 a 36;3.Secundario/Polimodal Completa y más;2.2500 gramos y más;10
82;1;2;2.15 a 19;8.Sin especificar;1.Hasta Primaria/C.EGB Completa;2.2500 gramos y más;1
90;1;1;3.20 a 24;5.32 a 36;4.Sin especificar;1.Menos de 2500 gramos;4
66;1;1;5.30 a 34;8.Sin especificar;3.Secundario/Polimodal Completa y más;1.Menos de 2500 gramos;2
18;2;1;2.15 a 19;6.37 a 41;1.Hasta Primaria/C.EGB Completa;2.2500 gramos y más;2
22;1;1;5.30 a 34;4.28 a 31;3.Secundario/Polimodal Completa y más;2.2500 gramos y más;1
34;1;2;6.35 a 39;4.28 a 31;1.Hasta Primaria/C.EGB Completa;2.2500 gramos y más;1
18;2;2;6.35 a 39;5.32 a 36;1.Hasta Primaria/C.EGB Completa;1.Menos de 2500 gramos;2
90;2;2;3.20 a 24;6.37 a 41;1.Hasta Primaria/C.EGB Completa;2.2500 gramos y más;3
66;1;1;5.30 a 34;5.32 a 36;2.Secundaria/Polimodal Incompleta;1.Menos de 2500 gramos;11
14;1;1;3.20 a 24;2.22 a 23;2.Secundaria/Polimodal Incompleta;1.Menos de 2500 gramos;1
06;1;2;6.35 a 39;6.37 a 41;1.Hasta Primaria/C.EGB Completa;1.Menos de 2500 gramos;46
86;1;2;7.40 a 44;6.37 a 41;4.Sin especificar;2.2500 gramos y más;1
74;1;1;6.35 a 39;6.37 a 41;1.Hasta Primaria/C.EGB Completa;2.2500 gramos y más;34
38;1;2;3.20 a 24;6.37 a 41;3.Secundario/Polimodal Completa y más;2.2500 gramos y más;531
62;2;2;5.30 a 34;5.32 a 36;4.Sin especificar;2.2500 gramos y más;1
10;1;1;6.35 a 39;5.32 a 36;1.Hasta Primaria/C.EGB Completa;1.Menos de 2500 gramos;1
14;1;2;3.20 a 24;8.Sin especificar;4.Sin especificar;3.Sin especificar;1
50;1;2;3.20 a 24;5.32 a 36;2.Secundaria/Polimodal Incompleta;2.2500 gramos y más;17
54;2;2;2.15 a 19;5.32 a 36;2.Secundaria/Polimodal Incompleta;2.2500 gramos y más;1
02;1;1;7.40 a 44;5.32 a 36;1.Hasta Primaria/C.EGB Completa;2.2500 gramos y más;4
06;2;1;4.25 a 29;5.32 a 36;2.Secundaria/Polimodal Incompleta;1.Menos de 2500 gramos;20
22;1;2;3.20 a 24;6.37 a 41;1.Hasta Primaria/C.EGB Completa;3.Sin especificar;3
06;2;2;6.35 a 39;5.32 a 36;4.Sin especificar;2.2500 gramos y más;1
62;1;1;7.40 a 44;6.37 a 41;3.Secundario/Polimodal Completa y más;2.2500 gramos y más;90
22;1;1;6.35 a 39;6.37 a 41;2.Secundaria/Polimodal Incompleta;3.Sin especificar;1
82;2;1;4.25 a 29;6.37 a 41;2.Secundaria/Polimodal Incompleta;1.Menos de 2500 gramos;3
50;1;2;5.30 a 34;6.37 a 41;3.Secundario/Polimodal Completa y más;1.Menos de 2500 gramos;41
78;1;2;2.15 a 19;4.28 a 31;3.Secundario/Polimodal Completa y más;1.Menos de 2500 gramos;1
06;2;2;5.30 a 34;4.28 a 31;1.Hasta Primaria/C.EGB Completa;1.Menos de 2500 gramos;3
46;1;1;2.15 a 19;4.28 a 31;3.Secundario/Polimodal Completa y más;1.Menos de 2500 gramos;1
06;1;9;5.30 a 34;5.32 a 36;3.Secundario/Polimodal Completa y más;1.Menos de 2500 gramos;1
18;2;1;2.15 a 19;6.37 a 41;2.Secundaria/Polimodal Incompleta;1.Menos de 2500 gramos;2
66;1;2;7.40 a 44;6.37 a 41;1.Hasta Primaria/C.EGB Completa;2.2500 gramos y más;88
82;1;1;7.40 a 44;5.32 a 36;1.Hasta Primaria/C.EGB Completa;1.Menos de 2500 gramos;11
06;2;2;7.40 a 44;5.32 a 36;4.Sin especificar;1.Menos de 2500 gramos;2
38;1;1;4.25 a 29;6.37 a 41;1.Hasta Primaria/C.EGB Completa;1.Menos de 2500 gramos;1
30;2;1;5.30 a 34;8.Sin especificar;2.Secundaria/Polimodal Incompleta;1.Menos de 2500 gramos;1
06;2;2;9.Sin especificar;8.Sin especificar;3.Secundario/Polimodal Completa y más;1.Menos de 2500 gramos;1
06;1;2;2.15 a 19;8.Sin especificar;3.Secundario/Polimodal Completa y más;3.Sin especificar;2
54;1;1;6.35 a 39;7.42 y más;3.Secundario/Polimodal Completa y más;2.2500 gramos y más;1
62;1;2;6.35 a 39;5.32 a 36;3.Secundario/Polimodal Completa y más;3.Sin especificar;1
14;1;2;4.25 a 29;6.37 a 41;1.Hasta Primaria/C.EGB Completa;1.Menos de 2500 gramos;14
30;2;1;5.30 a 34;6.37 a 41;3.Secundario/Polimodal Completa y más;2.2500 gramos y más;8
26;9;1;3.20 a 24;6.37 a 41;4.Sin especificar;2.2500 gramos y más;1
62;1;1;2.15 a 19;4.28 a 31;3.Secundario/Polimodal Completa y más;1.Menos de 2500 gramos;1
18;1;2;2.15 a 19;5.32 a 36;3.Secundario/Polimodal Completa y más;1.Menos de 2500 gramos;7
22;2;1;6.35 a 39;6.37 a 41;3.Secundario/Polimodal Completa y más;1.Menos de 2500 gramos;2
06;1;2;3.20 a 24;5.32 a 36;3.Secundario/Polimodal Completa y más;3.Sin especificar;14
66;1;2;5.30 a 34;8.Sin especificar;2.Secundaria/Polimodal Incompleta;2.2500 gramos y más;5
22;1;2;4.25 a 29;7.42 y más;1.Hasta Primaria/C.EGB Completa;2.2500 gramos y más;3
70;1;2;2.15 a 19;6.37 a 41;2.Secundaria/Polimodal Incompleta;2.2500 gramos y más;360
22;2;2;3.20 a 24;6.37 a 41;3.Secundario/Polimodal Completa y más;1.Menos de 2500 gramos;2
90;1;1;2.15 a 19;5.32 a 36;1.Hasta Primaria/C.EGB Completa;2.2500 gramos y más;34
58;1;1;3.20 a 24;3.24 a 27;3.Secundario/Polimodal Completa y más;1.Menos de 2500 gramos;2
34;1;1;4.25 a 29;5.32 a 36;4.Sin especificar;1.Menos de 2500 gramos;10
46;1;2;6.35 a 39;6.37 a 41;3.Secundario/Polimodal Completa y más;1.Menos de 2500 gramos;1
18;1;2;4.25 a 29;5.32 a 36;2.Secundaria/Polimodal Incompleta;1.Menos de 2500 gramos;10
74;1;1;5.30 a 34;8.Sin especificar;3.Secundario/Polimodal Completa y más;2.2500 gramos y más;1
42;1;1;3.20 a 24;6.37 a 41;1.Hasta Primaria/C.EGB Completa;2.2500 gramos y más;25
34;1;1;2.15 a 19;4.28 a 31;4.Sin especificar;1.Menos de 2500 gramos;3
70;1;2;4.25 a 29;5.32 a 36;1.Hasta Primaria/C.EGB Completa;1.Menos de 2500 gramos;7
30;2;1;3.20 a 24;6.37 a 41;2.Secundaria/Polimodal Incompleta;2.2500 gramos y más;8
82;2;2;6.35 a 39;4.28 a 31;1.Hasta Primaria/C.EGB Completa;1.Menos de 2500 gramos;3
34;1;2;5.30 a 34;6.37 a 41;3.Secundario/Polimodal Completa y más;1.Menos de 2500 gramos;5
54;1;1;6.35 a 39;6.37 a 41;1.Hasta Primaria/C.EGB Completa;1.Menos de 2500 gramos;7
90;1;1;7.40 a 44;3.24 a 27;1.Hasta Primaria/C.EGB Completa;1.Menos de 2500 gramos;1
10;1;2;5.30 a 34;6.37 a 41;3.Secundario/Polimodal Completa y más;2.2500 gramos y más;344
38;1;2;5.30 a 34;5.32 a 36;1.Hasta Primaria/C.EGB Completa;1.Menos de 2500 gramos;3
06;2;2;7.40 a 44;8.Sin especificar;3.Secundario/Polimodal Completa y más;1.Menos de 2500 gramos;2
14;2;2;2.15 a 19;6.37 a 41;2.Secundaria/Polimodal Incompleta;2.2500 gramos y más;1
46;1;1;7.40 a 44;6.37 a 41;2.Secundaria/Polimodal Incompleta;2.2500 gramos y más;9
90;1;1;2.15 a 19;5.32 a 36;3.Secundario/Polimodal Completa y más;2.2500 gramos y más;16
54;1;2;4.25 a 29;6.37 a 41;3.Secundario/Polimodal Completa y más;1.Menos de 2500 gramos;44
62;1;1;4.25 a 29;7.42 y más;2.Secundaria/Polimodal Incompleta;2.2500 gramos y más;6
46;1;2;7.40 a 44;6.37 a 41;1.Hasta Primaria/C.EGB Completa;2.2500 gramos y más;16
02;1;2;2.15 a 19;6.37 a 41;1.Hasta Primaria/C.EGB Completa;2.2500 gramos y más;75
38;1;1;4.25 a 29;7.42 y más;2.Secundaria/Polimodal Incompleta;2.2500 gramos y más;2
58;1;1;8.De 45 y más;6.37 a 41;3.Secundario/Polimodal Completa y más;2.2500 gramos y más;5
46;1;2;5.30 a 34;6.37 a 41;1.Hasta Primaria/C.EGB Completa;1.Menos de 2500 gramos;2
42;1;2;5.30 a 34;7.42 y más;2.Secundaria/Polimodal Incompleta;2.2500 gramos y más;1
74;2;1;6.35 a 39;5.32 a 36;3.Secundario/Polimodal Completa y más;1.Menos de 2500 gramos;1
02;1;1;4.25 a 29;8.Sin especificar;3.Secundario/Polimodal Completa y más;2.2500 gramos y más;4
62;1;1;7.40 a 44;6.37 a 41;1.Hasta Primaria/C.EGB Completa;2.2500 gramos y más;28
82;2;2;6.35 a 39;5.32 a 36;1.Hasta Primaria/C.EGB Completa;2.2500 gramos y más;3
14;1;2;2.15 a 19;4.28 a 31;2.Secundaria/Polimodal Incompleta;1.Menos de 2500 gramos;8
06;2;9;4.25 a 29;5.32 a 36;3.Secundario/Polimodal Completa y más;1.Menos de 2500 gramos;1
22;1;2;2.15 a 19;7.42 y más;3.Secundario/Polimodal Completa y más;2.2500 gramos y más;1
86;1;1;2.15 a 19;6.37 a 41;1.Hasta Primaria/C.EGB Completa;2.2500 gramos y más;434
18;2;2;3.20 a 24;5.32 a 36;3.Secundario/Polimodal Completa y más;1.Menos de 2500 gramos;3
14;1;2;4.25 a 29;2.22 a 23;2.Secundaria/Polimodal Incompleta;1.Menos de 2500 gramos;1
26;1;1;6.35 a 39;3.24 a 27;2.Secundaria/Polimodal Incompleta;1.Menos de 2500 gramos;2
06;1;9;5.30 a 34;6.37 a 41;3.Secundario/Polimodal Completa y más;3.Sin especificar;1
06;1;1;6.35 a 39;4.28 a 31;3.Secundario/Polimodal Completa y más;3.Sin especificar;4
06;1;2;9.Sin especificar;6.37 a 41;4.Sin especificar;3.Sin especificar;16
86;1;2;3.20 a 24;8.Sin especificar;2.Secundaria/Polimodal Incompleta;2.2500 gramos y más;1
82;1;1;5.30 a 34;5.32 a 36;3.Secundario/Polimodal Completa y más;2.2500 gramos y más;134
06;1;2;5.30 a 34;4.28 a 31;4.Sin especificar;1.Menos de 2500 gramos;11
34;1;2;2.15 a 19;6.37 a 41;1.Hasta Primaria/C.EGB Completa;2.2500 gramos y más;149
18;1;2;4.25 a 29;6.37 a 41;3.Secundario/Polimodal Completa y más;1.Menos de 2500 gramos;19
18;1;2;1.Menor de 15;6.37 a 41;4.Sin especificar;2.2500 gramos y más;13
06;1;1;2.15 a 19;4.28 a 31;3.Secundario/Polimodal Completa y más;1.Menos de 2500 gramos;12
90;1;2;7.40 a 44;5.32 a 36;1.Hasta Primaria/C.EGB Completa;2.2500 gramos y más;9
06;2;1;1.Menor de 15;5.32 a 36;2.Secundaria/Polimodal Incompleta;1.Menos de 2500 gramos;1
58;1;2;7.40 a 44;5.32 a 36;4.Sin especificar;2.2500 gramos y más;1
30;1;2;4.25 a 29;8.Sin especificar;1.Hasta Primaria/C.EGB Completa;3.Sin especificar;1
70;2;1;3.20 a 24;5.32 a 36;2.Secundaria/Polimodal Incompleta;1.Menos de 2500 gramos;3
74;2;2;6.35 a 39;5.32 a 36;2.Secundaria/Polimodal Incompleta;1.Menos de 2500 gramos;3
06;1;2;7.40 a 44;4.28 a 31;1.Hasta Primaria/C.EGB Completa;3.Sin especificar;1
54;1;2;6.35 a 39;3.24 a 27;3.Secundario/Polimodal Completa y más;1.Menos de 2500 gramos;2
18;1;1;8.De 45 y más;6.37 a 41;2.Secundaria/Polimodal Incompleta;2.2500 gramos y más;3
18;1;2;6.35 a 39;6.37 a 41;3.Secundario/Polimodal Completa y más;1.Menos de 2500 gramos;15
26;1;2;6.35 a 39;6.37 a 41;1.Hasta Primaria/C.EGB Completa;2.2500 gramos y más;30
02;1;2;5.30 a 34;6.37 a 41;3.Secundario/Polimodal Completa y más;3.Sin especificar;2
70;1;2;2.15 a 19;6.37 a 41;1.Hasta Primaria/C.EGB Completa;2.2500 gramos y más;112
06;2;1;2.15 a 19;5.32 a 36;1.Hasta Primaria/C.EGB Completa;2.2500 gramos y más;2
22;2;2;1.Menor de 15;6.37 a 41;1.Hasta Primaria/C.EGB Completa;1.Menos de 2500 gramos;1
66;2;1;3.20 a 24;6.37 a 41;3.Secundario/Polimodal Completa y más;2.2500 gramos y más;3
14;1;1;1.Menor de 15;5.32 a 36;2.Secundaria/Polimodal Incompleta;1.Menos de 2500 gramos;1
02;1;1;4.25 a 29;7.42 y más;2.Secundaria/Polimodal Incompleta;2.2500 gramos y más;2
54;2;2;4.25 a 29;5.32 a 36;3.Secundario/Polimodal Completa y más;1.Menos de 2500 gramos;5
26;1;2;3.20 a 24;6.37 a 41;4.Sin especificar;1.Menos de 2500 gramos;1
06;1;1;3.20 a 24;6.37 a 41;1.Hasta Primaria/C.EGB Completa;3.Sin especificar;20
90;1;2;2.15 a 19;5.32 a 36;1.Hasta Primaria/C.EGB Completa;1.Menos de 2500 gramos;10
90;1;1;3.20 a 24;5.32 a 36;3.Secundario/Polimodal Completa y más;2.2500 gramos y más;90
22;1;2;2.15 a 19;8.Sin especificar;4.Sin especificar;2.2500 gramos y más;1
06;1;1;6.35 a 39;8.Sin especificar;3.Secundario/Polimodal Completa y más;1.Menos de 2500 gramos;6
10;2;1;3.20 a 24;6.37 a 41;2.Secundaria/Polimodal Incompleta;2.2500 gramos y más;1
14;1;2;7.40 a 44;4.28 a 31;3.Secundario/Polimodal Completa y más;1.Menos de 2500 gramos;7
26;2;2;7.40 a 44;6.37 a 41;3.Secundario/Polimodal Completa y más;2.2500 gramos y más;1
34;1;2;7.40 a 44;6.37 a 41;1.Hasta Primaria/C.EGB Completa;1.Menos de 2500 gramos;2
38;1;1;6.35 a 39;5.32 a 36;1.Hasta Primaria/C.EGB Completa;1.Menos de 2500 gramos;1
14;2;1;3.20 a 24;6.37 a 41;2.Secundaria/Polimodal Incompleta;1.Menos de 2500 gramos;4
22;1;2;6.35 a 39;6.37 a 41;1.Hasta Primaria/C.EGB Completa;2.2500 gramos y más;246
22;1;2;2.15 a 19;6.37 a 41;3.Secundario/Polimodal Completa y más;2.2500 gramos y más;180
86;1;1;8.De 45 y más;5.32 a 36;1.Hasta Primaria/C.EGB Completa;1.Menos de 2500 gramos;1
10;1;2;8.De 45 y más;6.37 a 41;3.Secundario/Polimodal Completa y más;2.2500 gramos y más;3
34;2;2;4.25 a 29;5.32 a 36;1.Hasta Primaria/C.EGB Completa;2.2500 gramos y más;2
86;1;2;3.20 a 24;5.32 a 36;2.Secundaria/Polimodal Incompleta;2.2500 gramos y más;24
06;2;2;8.De 45 y más;5.32 a 36;2.Secundaria/Polimodal Incompleta;1.Menos de 2500 gramos;2
99;2;9;4.25 a 29;5.32 a 36;3.Secundario/Polimodal Completa y más;1.Menos de 2500 gramos;1
30;1;2;1.Menor de 15;6.37 a 41;1.Hasta Primaria/C.EGB Completa;2.2500 gramos y más;5
46;1;1;5.30 a 34;6.37 a 41;1.Hasta Primaria/C.EGB Completa;2.2500 gramos y más;61
94;1;1;3.20 a 24;6.37 a 41;1.Hasta Primaria/C.EGB Completa;2.2500 gramos y más;3
06;2;2;3.20 a 24;4.28 a 31;3.Secundario/Polimodal Completa y más;2.2500 gramos y más;2
90;2;1;3.20 a 24;6.37 a 41;1.Hasta Primaria/C.EGB Completa;2.2500 gramos y más;3
06;1;1;9.Sin especificar;5.32 a 36;4.Sin especificar;2.2500 gramos y más;6
06;2;1;5.30 a 34;6.37 a 41;1.Hasta Primaria/C.EGB Completa;2.2500 gramos y más;13
14;1;1;6.35 a 39;3.24 a 27;2.Secundaria/Polimodal Incompleta;1.Menos de 2500 gramos;3
14;1;1;7.40 a 44;6.37 a 41;3.Secundario/Polimodal Completa y más;3.Sin especificar;1
99;1;2;4.25 a 29;6.37 a 41;2.Secundaria/Polimodal Incompleta;2.2500 gramos y más;2
99;1;2;2.15 a 19;6.37 a 41;1.Hasta Primaria/C.EGB Completa;2.2500 gramos y más;1
18;1;1;2.15 a 19;4.28 a 31;1.Hasta Primaria/C.EGB Completa;1.Menos de 2500 gramos;2
78;1;1;2.15 a 19;6.37 a 41;2.Secundaria/Polimodal Incompleta;1.Menos de 2500 gramos;3
78;1;1;3.20 a 24;5.32 a 36;3.Secundario/Polimodal Completa y más;1.Menos de 2500 gramos;5
50;1;2;2.15 a 19;6.37 a 41;1.Hasta Primaria/C.EGB Completa;2.2500 gramos y más;67
18;1;1;3.20 a 24;5.32 a 36;3.Secundario/Polimodal Completa y más;1.Menos de 2500 gramos;17
06;1;2;9.Sin especificar;6.37 a 41;2.Secundaria/Polimodal Incompleta;1.Menos de 2500 gramos;10
42;1;2;7.40 a 44;6.37 a 41;2.Secundaria/Polimodal Incompleta;1.Menos de 2500 gramos;1
58;1;1;4.25 a 29;6.37 a 41;2.Secundaria/Polimodal Incompleta;2.2500 gramos y más;236
34;2;1;4.25 a 29;4.28 a 31;2.Secundaria/Polimodal Incompleta;1.Menos de 2500 gramos;2
86;1;9;5.30 a 34;6.37 a 41;3.Secundario/Polimodal Completa y más;2.2500 gramos y más;2
78;1;1;6.35 a 39;6.37 a 41;4.Sin especificar;2.2500 gramos y más;1
02;2;1;5.30 a 34;6.37 a 41;2.Secundaria/Polimodal Incompleta;2.2500 gramos y más;2
46;2;1;6.35 a 39;2.22 a 23;3.Secundario/Polimodal Completa y más;1.Menos de 2500 gramos;2
86;1;1;5.30 a 34;6.37 a 41;1.Hasta Primaria/C.EGB Completa;1.Menos de 2500 gramos;13
14;1;2;6.35 a 39;6.37 a 41;2.Secundaria/Polimodal Incompleta;2.2500 gramos y más;360
86;1;2;7.40 a 44;5.32 a 36;3.Secundario/Polimodal Completa y más;1.Menos de 2500 gramos;5
50;1;1;5.30 a 34;7.42 y más;2.Secundaria/Polimodal Incompleta;2.2500 gramos y más;1
90;1;1;6.35 a 39;5.32 a 36;3.Secundario/Polimodal Completa y más;2.2500 gramos y más;74
18;1;1;7.40 a 44;6.37 a 41;1.Hasta Primaria/C.EGB Completa;1.Menos de 2500 gramos;1
06;1;2;3.20 a 24;6.37 a 41;4.Sin especificar;1.Menos de 2500 gramos;59
06;9;2;6.35 a 39;6.37 a 41;3.Secundario/Polimodal Completa y más;2.2500 gramos y más;1
06;1;2;8.De 45 y más;6.37 a 41;2.Secundaria/Polimodal Incompleta;1.Menos de 2500 gramos;2
66;1;2;5.30 a 34;5.32 a 36;2.Secundaria/Polimodal Incompleta;2.2500 gramos y más;11
66;2;1;4.25 a 29;6.37 a 41;3.Secundario/Polimodal Completa y más;1.Menos de 2500 gramos;3
94;2;2;5.30 a 34;5.32 a 36;3.Secundario/Polimodal Completa y más;1.Menos de 2500 gramos;3
30;1;2;2.15 a 19;8.Sin especificar;2.Secundaria/Polimodal Incompleta;2.2500 gramos y más;5
38;1;2;8.De 45 y más;6.37 a 41;2.Secundaria/Polimodal Incompleta;2.2500 gramos y más;1
26;1;2;5.30 a 34;4.28 a 31;4.Sin especificar;1.Menos de 2500 gramos;1
78;2;1;4.25 a 29;5.32 a 36;3.Secundario/Polimodal Completa y más;2.2500 gramos y más;1
06;2;2;3.20 a 24;6.37 a 41;1.Hasta Primaria/C.EGB Completa;1.Menos de 2500 gramos;7
62;1;2;4.25 a 29;6.37 a 41;2.Secundaria/Polimodal Incompleta;1.Menos de 2500 gramos;2
06;1;9;6.35 a 39;6.37 a 41;2.Secundaria/Polimodal Incompleta;2.2500 gramos y más;11
30;1;1;5.30 a 34;3.24 a 27;3.Secundario/Polimodal Completa y más;1.Menos de 2500 gramos;3
06;2;1;3.20 a 24;6.37 a 41;1.Hasta Primaria/C.EGB Completa;2.2500 gramos y más;9
54;1;2;2.15 a 19;5.32 a 36;4.Sin especificar;1.Menos de 2500 gramos;2
30;2;2;6.35 a 39;6.37 a 41;3.Secundario/Polimodal Completa y más;1.Menos de 2500 gramos;5
30;1;2;6.35 a 39;6.37 a 41;4.Sin especificar;1.Menos de 2500 gramos;1
50;2;1;3.20 a 24;6.37 a 41;3.Secundario/Polimodal Completa y más;1.Menos de 2500 gramos;4
06;2;1;6.35 a 39;6.37 a 41;2.Secundaria/Polimodal Incompleta;2.2500 gramos y más;9
90;1;2;6.35 a 39;7.42 y más;2.Secundaria/Polimodal Incompleta;2.2500 gramos y más;5
74;1;1;3.20 a 24;6.37 a 41;2.Secundaria/Polimodal Incompleta;1.Menos de 2500 gramos;4
34;1;1;1.Menor de 15;6.37 a 41;4.Sin especificar;1.Menos de 2500 gramos;1
66;1;1;5.30 a 34;3.24 a 27;1.Hasta Primaria/C.EGB Completa;1.Menos de 2500 gramos;1
18;2;1;5.30 a 34;4.28 a 31;3.Secundario/Polimodal Completa y más;1.Menos de 2500 gramos;1
94;1;1;6.35 a 39;5.32 a 36;3.Secundario/Polimodal Completa y más;2.2500 gramos y más;7
58;2;2;2.15 a 19;5.32 a 36;2.Secundaria/Polimodal Incompleta;1.Menos de 2500 gramos;1
70;1;2;3.20 a 24;4.28 a 31;2.Secundaria/Polimodal Incompleta;1.Menos de 2500 gramos;2
26;1;1;2.15 a 19;5.32 a 36;2.Secundaria/Polimodal Incompleta;2.2500 gramos y más;4
78;1;2;8.De 45 y más;6.37 a 41;3.Secundario/Polimodal Completa y más;2.2500 gramos y más;3
62;1;1;1.Menor de 15;6.37 a 41;4.Sin especificar;2.2500 gramos y más;1
66;1;2;5.30 a 34;8.Sin especificar;2.Secundaria/Polimodal Incompleta;1.Menos de 2500 gramos;1
82;2;2;5.30 a 34;6.37 a 41;4.Sin especificar;2.2500 gramos y más;2
82;1;2;2.15 a 19;8.Sin especificar;1.Hasta Primaria/C.EGB Completa;1.Menos de 2500 gramos;1
06;2;2;6.35 a 39;4.28 a 31;2.Secundaria/Polimodal Incompleta;1.Menos de 2500 gramos;8
34;1;2;6.35 a 39;4.28 a 31;4.Sin especificar;1.Menos de 2500 gramos;2
86;1;1;1.Menor de 15;5.32 a 36;1.Hasta Primaria/C.EGB Completa;2.2500 gramos y más;3
90;1;2;7.40 a 44;4.28 a 31;3.Secundario/Polimodal Completa y más;1.Menos de 2500 gramos;2
22;2;2;7.40 a 44;6.37 a 41;2.Secundaria/Polimodal Incompleta;1.Menos de 2500 gramos;2
26;1;1;2.15 a 19;5.32 a 36;2.Secundaria/Polimodal Incompleta;1.Menos de 2500 gramos;3
86;1;2;6.35 a 39;3.24 a 27;1.Hasta Primaria/C.EGB Completa;1.Menos de 2500 gramos;1
42;1;2;7.40 a 44;5.32 a 36;1.Hasta Primaria/C.EGB Completa;1.Menos de 2500 gramos;1
82;2;1;3.20 a 24;6.37 a 41;3.Secundario/Polimodal Completa y más;1.Menos de 2500 gramos;2
10;1;1;4.25 a 29;5.32 a 36;1.Hasta Primaria/C.EGB Completa;1.Menos de 2500 gramos;2
06;2;2;4.25 a 29;6.37 a 41;3.Secundario/Polimodal Completa y más;2.2500 gramos y más;48
06;2;1;2.15 a 19;6.37 a 41;1.Hasta Primaria/C.EGB Completa;2.2500 gramos y más;2
54;1;2;5.30 a 34;4.28 a 31;3.Secundario/Polimodal Completa y más;1.Menos de 2500 gramos;1
66;2;2;7.40 a 44;6.37 a 41;3.Secundario/Polimodal Completa y más;1.Menos de 2500 gramos;1
90;2;2;4.25 a 29;6.37 a 41;3.Secundario/Polimodal Completa y más;1.Menos de 2500 gramos;9
30;1;1;3.20 a 24;7.42 y más;3.Secundario/Polimodal Completa y más;2.2500 gramos y más;1
02;1;2;3.20 a 24;4.28 a 31;2.Secundaria/Polimodal Incompleta;1.Menos de 2500 gramos;2
18;1;2;4.25 a 29;5.32 a 36;2.Secundaria/Polimodal Incompleta;2.2500 gramos y más;15
82;1;2;6.35 a 39;3.24 a 27;2.Secundaria/Polimodal Incompleta;1.Menos de 2500 gramos;1
06;1;1;7.40 a 44;4.28 a 31;4.Sin especificar;2.2500 gramos y más;1
74;1;2;4.25 a 29;8.Sin especificar;3.Secundario/Polimodal Completa y más;3.Sin especificar;2
06;1;1;5.30 a 34;3.24 a 27;2.Secundaria/Polimodal Incompleta;1.Menos de 2500 gramos;6
38;1;2;2.15 a 19;5.32 a 36;1.Hasta Primaria/C.EGB Completa;1.Menos de 2500 gramos;1
06;2;1;7.40 a 44;5.32 a 36;2.Secundaria/Polimodal Incompleta;1.Menos de 2500 gramos;3
30;1;2;5.30 a 34;8.Sin especificar;1.Hasta Primaria/C.EGB Completa;1.Menos de 2500 gramos;1
42;2;2;2.15 a 19;6.37 a 41;3.Secundario/Polimodal Completa y más;2.2500 gramos y más;1
14;1;1;5.30 a 34;5.32 a 36;3.Secundario/Polimodal Completa y más;2.2500 gramos y más;114
86;1;1;4.25 a 29;8.Sin especificar;1.Hasta Primaria/C.EGB Completa;1.Menos de 2500 gramos;1
02;1;1;2.15 a 19;5.32 a 36;2.Secundaria/Polimodal Incompleta;1.Menos de 2500 gramos;9
34;2;2;4.25 a 29;6.37 a 41;1.Hasta Primaria/C.EGB Completa;1.Menos de 2500 gramos;2
66;1;2;6.35 a 39;6.37 a 41;4.Sin especificar;2.2500 gramos y más;9
90;1;1;8.De 45 y más;6.37 a 41;1.Hasta Primaria/C.EGB Completa;1.Menos de 2500 gramos;1
98;1;2;5.30 a 34;6.37 a 41;3.Secundario/Polimodal Completa y más;2.2500 gramos y más;4
34;1;1;4.25 a 29;5.32 a 36;4.Sin especificar;2.2500 gramos y más;22
14;2;2;5.30 a 34;5.32 a 36;3.Secundario/Polimodal Completa y más;1.Menos de 2500 gramos;45
02;1;2;6.35 a 39;4.28 a 31;4.Sin especificar;1.Menos de 2500 gramos;1
82;2;1;5.30 a 34;6.37 a 41;1.Hasta Primaria/C.EGB Completa;2.2500 gramos y más;7
30;1;2;3.20 a 24;8.Sin especificar;3.Secundario/Polimodal Completa y más;2.2500 gramos y más;8
50;2;2;7.40 a 44;5.32 a 36;3.Secundario/Polimodal Completa y más;1.Menos de 2500 gramos;6
54;1;1;3.20 a 24;8.Sin especificar;2.Secundaria/Polimodal Incompleta;1.Menos de 2500 gramos;1
62;1;2;9.Sin especificar;5.32 a 36;4.Sin especificar;2.2500 gramos y más;1
62;1;2;3.20 a 24;3.24 a 27;3.Secundario/Polimodal Completa y más;1.Menos de 2500 gramos;2
02;1;1;2.15 a 19;5.32 a 36;2.Secundaria/Polimodal Incompleta;2.2500 gramos y más;5
82;1;1;6.35 a 39;4.28 a 31;2.Secundaria/Polimodal Incompleta;1.Menos de 2500 gramos;2
02;2;2;3.20 a 24;3.24 a 27;2.Secundaria/Polimodal Incompleta;1.Menos de 2500 gramos;2
06;1;9;6.35 a 39;6.37 a 41;1.Hasta Primaria/C.EGB Completa;1.Menos de 2500 gramos;1
34;1;2;4.25 a 29;6.37 a 41;2.Secundaria/Polimodal Incompleta;1.Menos de 2500 gramos;3
66;1;1;7.40 a 44;5.32 a 36;3.Secundario/Polimodal Completa y más;2.2500 gramos y más;17
22;1;1;3.20 a 24;4.28 a 31;1.Hasta Primaria/C.EGB Completa;1.Menos de 2500 gramos;2
58;1;1;2.15 a 19;4.28 a 31;2.Secundaria/Polimodal Incompleta;1.Menos de 2500 gramos;2
18;1;1;6.35 a 39;4.28 a 31;1.Hasta Primaria/C.EGB Completa;1.Menos de 2500 gramos;1
90;2;1;2.15 a 19;5.32 a 36;3.Secundario/Polimodal Completa y más;1.Menos de 2500 gramos;3
74;2;1;2.15 a 19;6.37 a 41;1.Hasta Primaria/C.EGB Completa;2.2500 gramos y más;1
30;1;1;6.35 a 39;8.Sin especificar;2.Secundaria/Polimodal Incompleta;2.2500 gramos y más;1
06;1;2;4.25 a 29;5.32 a 36;1.Hasta Primaria/C.EGB Completa;1.Menos de 2500 gramos;85
90;1;1;7.40 a 44;4.28 a 31;3.Secundario/Polimodal Completa y más;1.Menos de 2500 gramos;1
54;1;2;3.20 a 24;6.37 a 41;4.Sin especificar;2.2500 gramos y más;132
06;2;2;4.25 a 29;8.Sin especificar;4.Sin especificar;3.Sin especificar;7
50;1;2;7.40 a 44;6.37 a 41;1.Hasta Primaria/C.EGB Completa;2.2500 gramos y más;53
70;2;2;4.25 a 29;6.37 a 41;3.Secundario/Polimodal Completa y más;2.2500 gramos y más;1
54;1;1;5.30 a 34;5.32 a 36;2.Secundaria/Polimodal Incompleta;2.2500 gramos y más;18
02;2;2;4.25 a 29;6.37 a 41;3.Secundario/Polimodal Completa y más;1.Menos de 2500 gramos;2
82;2;2;4.25 a 29;4.28 a 31;1.Hasta Primaria/C.EGB Completa;1.Menos de 2500 gramos;3
22;1;1;3.20 a 24;5.32 a 36;2.Secundaria/Polimodal Incompleta;1.Menos de 2500 gramos;22
38;1;2;2.15 a 19;6.37 a 41;1.Hasta Primaria/C.EGB Completa;1.Menos de 2500 gramos;3
22;1;2;5.30 a 34;6.37 a 41;1.Hasta Primaria/C.EGB Completa;2.2500 gramos y más;391
14;1;1;2.15 a 19;5.32 a 36;2.Secundaria/Polimodal Incompleta;2.2500 gramos y más;31
02;1;1;3.20 a 24;8.Sin especificar;1.Hasta Primaria/C.EGB Completa;2.2500 gramos y más;1
42;2;2;3.20 a 24;5.32 a 36;3.Secundario/Polimodal Completa y más;1.Menos de 2500 gramos;1
58;1;1;4.25 a 29;6.37 a 41;1.Hasta Primaria/C.EGB Completa;2.2500 gramos y más;89
90;2;1;6.35 a 39;6.37 a 41;3.Secundario/Polimodal Completa y más;2.2500 gramos y más;4
70;1;1;7.40 a 44;5.32 a 36;3.Secundario/Polimodal Completa y más;1.Menos de 2500 gramos;5
30;1;2;2.15 a 19;6.37 a 41;2.Secundaria/Polimodal Incompleta;1.Menos de 2500 gramos;14
02;1;2;6.35 a 39;3.24 a 27;1.Hasta Primaria/C.EGB Completa;1.Menos de 2500 gramos;1
22;1;1;7.40 a 44;5.32 a 36;4.Sin especificar;2.2500 gramos y más;1
50;2;2;7.40 a 44;6.37 a 41;3.Secundario/Polimodal Completa y más;2.2500 gramos y más;1
82;1;1;8.De 45 y más;5.32 a 36;1.Hasta Primaria/C.EGB Completa;2.2500 gramos y más;1
22;1;1;3.20 a 24;5.32 a 36;2.Secundaria/Polimodal Incompleta;2.2500 gramos y más;23
66;1;1;3.20 a 24;8.Sin especificar;3.Secundario/Polimodal Completa y más;2.2500 gramos y más;26
50;2;2;4.25 a 29;3.24 a 27;3.Secundario/Polimodal Completa y más;1.Menos de 2500 gramos;2
66;1;1;6.35 a 39;4.28 a 31;2.Secundaria/Polimodal Incompleta;1.Menos de 2500 gramos;1
38;1;2;6.35 a 39;5.32 a 36;2.Secundaria/Polimodal Incompleta;1.Menos de 2500 gramos;3
22;1;2;9.Sin especificar;8.Sin especificar;2.Secundaria/Polimodal Incompleta;2.2500 gramos y más;1
90;1;2;6.35 a 39;5.32 a 36;1.Hasta Primaria/C.EGB Completa;2.2500 gramos y más;38
10;1;1;6.35 a 39;5.32 a 36;3.Secundario/Polimodal Completa y más;1.Menos de 2500 gramos;11
30;1;2;7.40 a 44;5.32 a 36;3.Secundario/Polimodal Completa y más;1.Menos de 2500 gramos;6
70;1;1;2.15 a 19;5.32 a 36;3.Secundario/Polimodal Completa y más;1.Menos de 2500 gramos;8
34;2;1;5.30 a 34;5.32 a 36;1.Hasta Primaria/C.EGB Completa;1.Menos de 2500 gramos;2
26;1;1;4.25 a 29;4.28 a 31;1.Hasta Primaria/C.EGB Completa;1.Menos de 2500 gramos;1
26;2;1;6.35 a 39;5.32 a 36;2.Secundaria/Polimodal Incompleta;1.Menos de 2500 gramos;2
74;1;2;6.35 a 39;3.24 a 27;2.Secundaria/Polimodal Incompleta;1.Menos de 2500 gramos;1
86;1;2;3.20 a 24;6.37 a 41;3.Secundario/Polimodal Completa y más;1.Menos de 2500 gramos;9
30;1;2;6.35 a 39;8.Sin especificar;1.Hasta Primaria/C.EGB Completa;2.2500 gramos y más;2
58;1;2;3.20 a 24;4.28 a 31;3.Secundario/Polimodal Completa y más;1.Menos de 2500 gramos;3
06;1;1;9.Sin especificar;4.28 a 31;1.Hasta Primaria/C.EGB Completa;1.Menos de 2500 gramos;3
82;1;1;6.35 a 39;7.42 y más;3.Secundario/Polimodal Completa y más;2.2500 gramos y más;1
62;1;1;3.20 a 24;4.28 a 31;1.Hasta Primaria/C.EGB Completa;1.Menos de 2500 gramos;1
74;2;1;3.20 a 24;6.37 a 41;3.Secundario/Polimodal Completa y más;1.Menos de 2500 gramos;2
06;9;1;3.20 a 24;6.37 a 41;4.Sin especificar;2.2500 gramos y más;30
38;1;1;5.30 a 34;6.37 a 41;1.Hasta Primaria/C.EGB Completa;2.2500 gramos y más;91
14;1;2;1.Menor de 15;5.32 a 36;1.Hasta Primaria/C.EGB Completa;2.2500 gramos y más;1
06;2;2;9.Sin especificar;6.37 a 41;3.Secundario/Polimodal Completa y más;1.Menos de 2500 gramos;3
74;1;1;8.De 45 y más;8.Sin especificar;4.Sin especificar;3.Sin especificar;1
06;1;2;3.20 a 24;6.37 a 41;4.Sin especificar;3.Sin especificar;33
06;1;1;5.30 a 34;6.37 a 41;3.Secundario/Polimodal Completa y más;2.2500 gramos y más;11927
74;1;2;4.25 a 29;6.37 a 41;2.Secundaria/Polimodal Incompleta;1.Menos de 2500 gramos;4
14;1;2;4.25 a 29;6.37 a 41;3.Secundario/Polimodal Completa y más;1.Menos de 2500 gramos;71
34;1;2;3.20 a 24;6.37 a 41;4.Sin especificar;1.Menos de 2500 gramos;7
54;1;1;2.15 a 19;5.32 a 36;3.Secundario/Polimodal Completa y más;1.Menos de 2500 gramos;4
66;2;9;4.25 a 29;1.Menos de 22;3.Secundario/Polimodal Completa y más;1.Menos de 2500 gramos;1
54;1;2;6.35 a 39;5.32 a 36;4.Sin especificar;2.2500 gramos y más;2
26;1;2;3.20 a 24;6.37 a 41;2.Secundaria/Polimodal Incompleta;2.2500 gramos y más;173
02;9;2;7.40 a 44;6.37 a 41;3.Secundario/Polimodal Completa y más;2.2500 gramos y más;1
50;1;2;2.15 a 19;5.32 a 36;3.Secundario/Polimodal Completa y más;2.2500 gramos y más;1
62;1;1;4.25 a 29;5.32 a 36;3.Secundario/Polimodal Completa y más;1.Menos de 2500 gramos;15
70;1;1;3.20 a 24;6.37 a 41;2.Secundaria/Polimodal Incompleta;1.Menos de 2500 gramos;13
26;1;1;5.30 a 34;3.24 a 27;1.Hasta Primaria/C.EGB Completa;1.Menos de 2500 gramos;1
34;2;2;5.30 a 34;4.28 a 31;4.Sin especificar;1.Menos de 2500 gramos;2
90;1;1;6.35 a 39;4.28 a 31;3.Secundario/Polimodal Completa y más;1.Menos de 2500 gramos;10
14;1;1;5.30 a 34;3.24 a 27;2.Secundaria/Polimodal Incompleta;1.Menos de 2500 gramos;3
82;1;1;6.35 a 39;3.24 a 27;1.Hasta Primaria/C.EGB Completa;1.Menos de 2500 gramos;4
06;2;1;5.30 a 34;4.28 a 31;2.Secundaria/Polimodal Incompleta;1.Menos de 2500 gramos;3
58;1;1;6.35 a 39;6.37 a 41;2.Secundaria/Polimodal Incompleta;1.Menos de 2500 gramos;3
66;1;2;7.40 a 44;8.Sin especificar;2.Secundaria/Polimodal Incompleta;2.2500 gramos y más;2
06;2;1;3.20 a 24;8.Sin especificar;1.Hasta Primaria/C.EGB Completa;2.2500 gramos y más;2
06;1;1;7.40 a 44;8.Sin especificar;2.Secundaria/Polimodal Incompleta;3.Sin especificar;1
18;1;2;3.20 a 24;6.37 a 41;4.Sin especificar;1.Menos de 2500 gramos;11
30;1;1;2.15 a 19;6.37 a 41;3.Secundario/Polimodal Completa y más;1.Menos de 2500 gramos;2
22;1;1;2.15 a 19;6.37 a 41;2.Secundaria/Polimodal Incompleta;3.Sin especificar;3
74;1;2;5.30 a 34;6.37 a 41;1.Hasta Primaria/C.EGB Completa;2.2500 gramos y más;50
26;1;1;5.30 a 34;4.28 a 31;3.Secundario/Polimodal Completa y más;1.Menos de 2500 gramos;5
18;2;1;5.30 a 34;5.32 a 36;3.Secundario/Polimodal Completa y más;1.Menos de 2500 gramos;6
02;2;1;7.40 a 44;5.32 a 36;1.Hasta Primaria/C.EGB Completa;2.2500 gramos y más;1
14;1;2;6.35 a 39;4.28 a 31;2.Secundaria/Polimodal Incompleta;1.Menos de 2500 gramos;7
10;1;2;4.25 a 29;6.37 a 41;4.Sin especificar;1.Menos de 2500 gramos;1
06;1;1;2.15 a 19;8.Sin especificar;1.Hasta Primaria/C.EGB Completa;2.2500 gramos y más;4
58;2;1;3.20 a 24;4.28 a 31;2.Secundaria/Polimodal Incompleta;1.Menos de 2500 gramos;2
82;1;2;2.15 a 19;4.28 a 31;3.Secundario/Polimodal Completa y más;1.Menos de 2500 gramos;3
50;1;2;4.25 a 29;6.37 a 41;4.Sin especificar;2.2500 gramos y más;2
26;2;2;2.15 a 19;5.32 a 36;2.Secundaria/Polimodal Incompleta;1.Menos de 2500 gramos;2
10;2;2;5.30 a 34;6.37 a 41;3.Secundario/Polimodal Completa y más;2.2500 gramos y más;5
62;1;1;2.15 a 19;8.Sin especificar;1.Hasta Primaria/C.EGB Completa;2.2500 gramos y más;1
82;1;2;2.15 a 19;6.37 a 41;2.Secundaria/Polimodal Incompleta;1.Menos de 2500 gramos;43
22;2;2;3.20 a 24;5.32 a 36;2.Secundaria/Polimodal Incompleta;1.Menos de 2500 gramos;2
14;1;2;6.35 a 39;5.32 a 36;3.Secundario/Polimodal Completa y más;1.Menos de 2500 gramos;90
22;1;1;9.Sin especificar;6.37 a 41;4.Sin especificar;3.Sin especificar;1
34;1;1;2.15 a 19;5.32 a 36;3.Secundario/Polimodal Completa y más;1.Menos de 2500 gramos;5
06;2;2;5.30 a 34;5.32 a 36;3.Secundario/Polimodal Completa y más;2.2500 gramos y más;28
62;1;2;6.35 a 39;8.Sin especificar;3.Secundario/Polimodal Completa y más;1.Menos de 2500 gramos;1
50;1;2;4.25 a 29;5.32 a 36;3.Secundario/Polimodal Completa y más;1.Menos de 2500 gramos;58
10;1;1;3.20 a 24;6.37 a 41;2.Secundaria/Polimodal Incompleta;1.Menos de 2500 gramos;1
94;1;1;3.20 a 24;6.37 a 41;3.Secundario/Polimodal Completa y más;2.2500 gramos y más;72
06;2;1;6.35 a 39;4.28 a 31;2.Secundaria/Polimodal Incompleta;1.Menos de 2500 gramos;6
06;9;1;7.40 a 44;6.37 a 41;4.Sin especificar;2.2500 gramos y más;13
18;2;1;2.15 a 19;5.32 a 36;2.Secundaria/Polimodal Incompleta;1.Menos de 2500 gramos;1
82;2;1;4.25 a 29;4.28 a 31;2.Secundaria/Polimodal Incompleta;1.Menos de 2500 gramos;9
86;2;2;3.20 a 24;6.37 a 41;3.Secundario/Polimodal Completa y más;1.Menos de 2500 gramos;2
82;2;2;5.30 a 34;6.37 a 41;4.Sin especificar;1.Menos de 2500 gramos;1
46;1;2;7.40 a 44;5.32 a 36;3.Secundario/Polimodal Completa y más;2.2500 gramos y más;3
22;1;2;3.20 a 24;6.37 a 41;2.Secundaria/Polimodal Incompleta;3.Sin especificar;1
34;1;1;1.Menor de 15;5.32 a 36;1.Hasta Primaria/C.EGB Completa;2.2500 gramos y más;1
22;9;1;4.25 a 29;6.37 a 41;2.Secundaria/Polimodal Incompleta;3.Sin especificar;1
50;1;2;7.40 a 44;6.37 a 41;3.Secundario/Polimodal Completa y más;1.Menos de 2500 gramos;16
18;1;2;5.30 a 34;5.32 a 36;1.Hasta Primaria/C.EGB Completa;1.Menos de 2500 gramos;4
38;1;1;7.40 a 44;5.32 a 36;2.Secundaria/Polimodal Incompleta;2.2500 gramos y más;1
18;1;2;1.Menor de 15;4.28 a 31;2.Secundaria/Polimodal Incompleta;1.Menos de 2500 gramos;1
18;1;1;6.35 a 39;5.32 a 36;2.Secundaria/Polimodal Incompleta;1.Menos de 2500 gramos;5
06;1;1;8.De 45 y más;6.37 a 41;2.Secundaria/Polimodal Incompleta;2.2500 gramos y más;31
06;2;2;2.15 a 19;5.32 a 36;4.Sin especificar;2.2500 gramos y más;1
06;1;2;5.30 a 34;2.22 a 23;4.Sin especificar;3.Sin especificar;1
58;1;1;2.15 a 19;4.28 a 31;3.Secundario/Polimodal Completa y más;1.Menos de 2500 gramos;1
70;1;2;5.30 a 34;6.37 a 41;2.Secundaria/Polimodal Incompleta;2.2500 gramos y más;186
90;1;2;7.40 a 44;5.32 a 36;1.Hasta Primaria/C.EGB Completa;1.Menos de 2500 gramos;8
42;1;2;2.15 a 19;6.37 a 41;3.Secundario/Polimodal Completa y más;2.2500 gramos y más;67
54;1;1;2.15 a 19;5.32 a 36;3.Secundario/Polimodal Completa y más;2.2500 gramos y más;5
38;1;2;4.25 a 29;7.42 y más;2.Secundaria/Polimodal Incompleta;2.2500 gramos y más;1
02;1;2;2.15 a 19;5.32 a 36;3.Secundario/Polimodal Completa y más;2.2500 gramos y más;1
42;1;1;1.Menor de 15;6.37 a 41;3.Secundario/Polimodal Completa y más;2.2500 gramos y más;2
86;1;1;6.35 a 39;5.32 a 36;1.Hasta Primaria/C.EGB Completa;2.2500 gramos y más;33
02;1;1;4.25 a 29;6.37 a 41;4.Sin especificar;2.2500 gramos y más;93
02;9;2;4.25 a 29;8.Sin especificar;4.Sin especificar;3.Sin especificar;2
30;1;1;4.25 a 29;5.32 a 36;3.Secundario/Polimodal Completa y más;2.2500 gramos y más;31
50;1;2;6.35 a 39;4.28 a 31;3.Secundario/Polimodal Completa y más;1.Menos de 2500 gramos;8
02;1;1;3.20 a 24;2.22 a 23;3.Secundario/Polimodal Completa y más;1.Menos de 2500 gramos;1
86;2;2;5.30 a 34;4.28 a 31;1.Hasta Primaria/C.EGB Completa;1.Menos de 2500 gramos;1
66;1;1;5.30 a 34;6.37 a 41;2.Secundaria/Polimodal Incompleta;2.2500 gramos y más;293
62;1;1;6.35 a 39;6.37 a 41;3.Secundario/Polimodal Completa y más;1.Menos de 2500 gramos;6
82;1;2;5.30 a 34;6.37 a 41;1.Hasta Primaria/C.EGB Completa;2.2500 gramos y más;606
54;2;2;2.15 a 19;4.28 a 31;3.Secundario/Polimodal Completa y más;1.Menos de 2500 gramos;1
06;9;2;2.15 a 19;2.22 a 23;4.Sin especificar;3.Sin especificar;1
34;2;1;6.35 a 39;5.32 a 36;3.Secundario/Polimodal Completa y más;1.Menos de 2500 gramos;1
82;1;1;5.30 a 34;3.24 a 27;2.Secundaria/Polimodal Incompleta;1.Menos de 2500 gramos;3
90;1;2;2.15 a 19;6.37 a 41;2.Secundaria/Polimodal Incompleta;1.Menos de 2500 gramos;19
66;1;1;3.20 a 24;6.37 a 41;2.Secundaria/Polimodal Incompleta;1.Menos de 2500 gramos;8
82;1;2;5.30 a 34;4.28 a 31;1.Hasta Primaria/C.EGB Completa;1.Menos de 2500 gramos;3
82;1;1;3.20 a 24;8.Sin especificar;3.Secundario/Polimodal Completa y más;1.Menos de 2500 gramos;1
50;2;1;3.20 a 24;6.37 a 41;3.Secundario/Polimodal Completa y más;2.2500 gramos y más;7
26;2;2;3.20 a 24;5.32 a 36;3.Secundario/Polimodal Completa y más;1.Menos de 2500 gramos;2
06;2;1;6.35 a 39;3.24 a 27;1.Hasta Primaria/C.EGB Completa;1.Menos de 2500 gramos;3
22;2;2;5.30 a 34;6.37 a 41;2.Secundaria/Polimodal Incompleta;1.Menos de 2500 gramos;5
10;1;1;6.35 a 39;6.37 a 41;4.Sin especificar;2.2500 gramos y más;1
22;1;1;2.15 a 19;5.32 a 36;3.Secundario/Polimodal Completa y más;2.2500 gramos y más;4
86;1;2;2.15 a 19;6.37 a 41;2.Secundaria/Polimodal Incompleta;2.2500 gramos y más;200
06;1;2;3.20 a 24;8.Sin especificar;4.Sin especificar;3.Sin especificar;218
06;1;2;4.25 a 29;6.37 a 41;4.Sin especificar;2.2500 gramos y más;1925
02;1;1;3.20 a 24;5.32 a 36;2.Secundaria/Polimodal Incompleta;2.2500 gramos y más;10
02;1;2;4.25 a 29;6.37 a 41;2.Secundaria/Polimodal Incompleta;2.2500 gramos y más;297
30;1;1;4.25 a 29;7.42 y más;2.Secundaria/Polimodal Incompleta;2.2500 gramos y más;1
50;2;1;4.25 a 29;6.37 a 41;3.Secundario/Polimodal Completa y más;2.2500 gramos y más;12
10;1;1;5.30 a 34;5.32 a 36;1.Hasta Primaria/C.EGB Completa;1.Menos de 2500 gramos;5
42;2;2;3.20 a 24;6.37 a 41;3.Secundario/Polimodal Completa y más;2.2500 gramos y más;3
46;1;1;4.25 a 29;5.32 a 36;2.Secundaria/Polimodal Incompleta;2.2500 gramos y más;4
02;9;1;7.40 a 44;5.32 a 36;4.Sin especificar;1.Menos de 2500 gramos;1
34;2;2;3.20 a 24;5.32 a 36;3.Secundario/Polimodal Completa y más;1.Menos de 2500 gramos;4
02;1;1;4.25 a 29;3.24 a 27;3.Secundario/Polimodal Completa y más;1.Menos de 2500 gramos;3
38;1;1;4.25 a 29;5.32 a 36;1.Hasta Primaria/C.EGB Completa;2.2500 gramos y más;2
54;1;1;5.30 a 34;6.37 a 41;2.Secundaria/Polimodal Incompleta;1.Menos de 2500 gramos;14
02;1;2;8.De 45 y más;4.28 a 31;3.Secundario/Polimodal Completa y más;1.Menos de 2500 gramos;1
06;1;1;9.Sin especificar;6.37 a 41;4.Sin especificar;1.Menos de 2500 gramos;7
54;1;1;5.30 a 34;8.Sin especificar;4.Sin especificar;1.Menos de 2500 gramos;1
62;1;2;4.25 a 29;8.Sin especificar;1.Hasta Primaria/C.EGB Completa;2.2500 gramos y más;1
22;1;1;7.40 a 44;6.37 a 41;1.Hasta Primaria/C.EGB Completa;2.2500 gramos y más;103
82;1;2;2.15 a 19;6.37 a 41;2.Secundaria/Polimodal Incompleta;2.2500 gramos y más;1011
58;1;2;3.20 a 24;5.32 a 36;3.Secundario/Polimodal Completa y más;2.2500 gramos y más;8
22;1;1;7.40 a 44;4.28 a 31;3.Secundario/Polimodal Completa y más;1.Menos de 2500 gramos;1
90;2;2;5.30 a 34;6.37 a 41;3.Secundario/Polimodal Completa y más;2.2500 gramos y más;9
14;1;2;6.35 a 39;5.32 a 36;2.Secundaria/Polimodal Incompleta;1.Menos de 2500 gramos;24
06;2;2;5.30 a 34;5.32 a 36;4.Sin especificar;3.Sin especificar;1
98;1;2;4.25 a 29;5.32 a 36;1.Hasta Primaria/C.EGB Completa;1.Menos de 2500 gramos;1
02;1;1;4.25 a 29;8.Sin especificar;2.Secundaria/Polimodal Incompleta;1.Menos de 2500 gramos;1
86;1;2;4.25 a 29;6.37 a 41;1.Hasta Primaria/C.EGB Completa;2.2500 gramos y más;752
90;1;1;5.30 a 34;4.28 a 31;1.Hasta Primaria/C.EGB Completa;1.Menos de 2500 gramos;4
30;1;2;2.15 a 19;6.37 a 41;1.Hasta Primaria/C.EGB Completa;2.2500 gramos y más;156
10;1;1;6.35 a 39;3.24 a 27;3.Secundario/Polimodal Completa y más;1.Menos de 2500 gramos;1
06;1;1;4.25 a 29;6.37 a 41;2.Secundaria/Polimodal Incompleta;3.Sin especificar;40
06;1;1;2.15 a 19;5.32 a 36;4.Sin especificar;1.Menos de 2500 gramos;24
42;1;1;3.20 a 24;6.37 a 41;2.Secundaria/Polimodal Incompleta;1.Menos de 2500 gramos;2
06;1;1;8.De 45 y más;6.37 a 41;1.Hasta Primaria/C.EGB Completa;1.Menos de 2500 gramos;1
90;2;2;5.30 a 34;5.32 a 36;1.Hasta Primaria/C.EGB Completa;2.2500 gramos y más;5
26;1;2;3.20 a 24;6.37 a 41;3.Secundario/Polimodal Completa y más;1.Menos de 2500 gramos;6
22;9;1;2.15 a 19;6.37 a 41;1.Hasta Primaria/C.EGB Completa;2.2500 gramos y más;1
58;1;1;4.25 a 29;3.24 a 27;3.Secundario/Polimodal Completa y más;1.Menos de 2500 gramos;5
06;2;1;6.35 a 39;4.28 a 31;3.Secundario/Polimodal Completa y más;1.Menos de 2500 gramos;19
06;2;1;5.30 a 34;4.28 a 31;3.Secundario/Polimodal Completa y más;1.Menos de 2500 gramos;20
54;1;2;2.15 a 19;5.32 a 36;3.Secundario/Polimodal Completa y más;1.Menos de 2500 gramos;6
54;1;2;2.15 a 19;3.24 a 27;2.Secundaria/Polimodal Incompleta;1.Menos de 2500 gramos;1
06;1;2;6.35 a 39;5.32 a 36;3.Secundario/Polimodal Completa y más;3.Sin especificar;20
14;1;2;7.40 a 44;3.24 a 27;3.Secundario/Polimodal Completa y más;1.Menos de 2500 gramos;5
90;1;2;6.35 a 39;6.37 a 41;1.Hasta Primaria/C.EGB Completa;2.2500 gramos y más;239
14;1;2;5.30 a 34;7.42 y más;1.Hasta Primaria/C.EGB Completa;2.2500 gramos y más;1
18;2;1;2.15 a 19;5.32 a 36;3.Secundario/Polimodal Completa y más;1.Menos de 2500 gramos;2
62;1;2;4.25 a 29;6.37 a 41;2.Secundaria/Polimodal Incompleta;2.2500 gramos y más;200
54;1;1;6.35 a 39;5.32 a 36;4.Sin especificar;1.Menos de 2500 gramos;2
54;2;1;6.35 a 39;6.37 a 41;3.Secundario/Polimodal Completa y más;2.2500 gramos y más;2
70;1;2;6.35 a 39;6.37 a 41;3.Secundario/Polimodal Completa y más;1.Menos de 2500 gramos;9
62;1;1;4.25 a 29;6.37 a 41;2.Secundaria/Polimodal Incompleta;3.Sin especificar;1
42;2;2;5.30 a 34;3.24 a 27;3.Secundario/Polimodal Completa y más;1.Menos de 2500 gramos;1
30;1;2;3.20 a 24;5.32 a 36;1.Hasta Primaria/C.EGB Completa;1.Menos de 2500 gramos;11
90;1;1;6.35 a 39;2.22 a 23;1.Hasta Primaria/C.EGB Completa;1.Menos de 2500 gramos;1
02;2;1;7.40 a 44;6.37 a 41;3.Secundario/Polimodal Completa y más;1.Menos de 2500 gramos;4
90;1;2;7.40 a 44;6.37 a 41;2.Secundaria/Polimodal Incompleta;1.Menos de 2500 gramos;2
06;9;2;3.20 a 24;5.32 a 36;4.Sin especificar;3.Sin especificar;1
50;1;2;7.40 a 44;4.28 a 31;3.Secundario/Polimodal Completa y más;1.Menos de 2500 gramos;2
14;1;1;6.35 a 39;8.Sin especificar;2.Secundaria/Polimodal Incompleta;2.2500 gramos y más;3
02;1;1;4.25 a 29;4.28 a 31;1.Hasta Primaria/C.EGB Completa;1.Menos de 2500 gramos;3
90;1;2;5.30 a 34;7.42 y más;3.Secundario/Polimodal Completa y más;2.2500 gramos y más;39
66;1;1;3.20 a 24;6.37 a 41;1.Hasta Primaria/C.EGB Completa;1.Menos de 2500 gramos;5
22;1;1;3.20 a 24;6.37 a 41;3.Secundario/Polimodal Completa y más;2.2500 gramos y más;873
38;1;2;6.35 a 39;5.32 a 36;2.Secundaria/Polimodal Incompleta;2.2500 gramos y más;2
86;1;1;3.20 a 24;5.32 a 36;3.Secundario/Polimodal Completa y más;1.Menos de 2500 gramos;15
90;2;2;3.20 a 24;5.32 a 36;3.Secundario/Polimodal Completa y más;1.Menos de 2500 gramos;16
99;9;2;4.25 a 29;6.37 a 41;4.Sin especificar;2.2500 gramos y más;3
66;1;1;3.20 a 24;6.37 a 41;1.Hasta Primaria/C.EGB Completa;2.2500 gramos y más;426
06;2;2;9.Sin especificar;5.32 a 36;1.Hasta Primaria/C.EGB Completa;1.Menos de 2500 gramos;1
10;1;1;6.35 a 39;5.32 a 36;3.Secundario/Polimodal Completa y más;2.2500 gramos y más;10
22;1;1;4.25 a 29;4.28 a 31;2.Secundaria/Polimodal Incompleta;1.Menos de 2500 gramos;3
74;1;1;5.30 a 34;7.42 y más;3.Secundario/Polimodal Completa y más;2.2500 gramos y más;5
94;1;2;6.35 a 39;5.32 a 36;3.Secundario/Polimodal Completa y más;1.Menos de 2500 gramos;4
90;1;1;3.20 a 24;6.37 a 41;1.Hasta Primaria/C.EGB Completa;1.Menos de 2500 gramos;16
86;1;2;5.30 a 34;7.42 y más;3.Secundario/Polimodal Completa y más;2.2500 gramos y más;3
50;1;2;6.35 a 39;5.32 a 36;2.Secundaria/Polimodal Incompleta;2.2500 gramos y más;12
22;1;1;4.25 a 29;6.37 a 41;3.Secundario/Polimodal Completa y más;1.Menos de 2500 gramos;26
06;1;2;2.15 a 19;5.32 a 36;1.Hasta Primaria/C.EGB Completa;1.Menos de 2500 gramos;42
34;1;1;5.30 a 34;5.32 a 36;2.Secundaria/Polimodal Incompleta;1.Menos de 2500 gramos;5
66;1;1;7.40 a 44;2.22 a 23;3.Secundario/Polimodal Completa y más;1.Menos de 2500 gramos;1
22;1;2;5.30 a 34;5.32 a 36;2.Secundaria/Polimodal Incompleta;1.Menos de 2500 gramos;17
06;2;1;4.25 a 29;3.24 a 27;3.Secundario/Polimodal Completa y más;1.Menos de 2500 gramos;3
06;1;9;3.20 a 24;6.37 a 41;1.Hasta Primaria/C.EGB Completa;3.Sin especificar;1
06;1;1;9.Sin especificar;8.Sin especificar;1.Hasta Primaria/C.EGB Completa;1.Menos de 2500 gramos;1
82;2;2;5.30 a 34;4.28 a 31;1.Hasta Primaria/C.EGB Completa;1.Menos de 2500 gramos;4
06;1;2;6.35 a 39;4.28 a 31;2.Secundaria/Polimodal Incompleta;3.Sin especificar;1
06;2;1;6.35 a 39;3.24 a 27;3.Secundario/Polimodal Completa y más;1.Menos de 2500 gramos;2
30;1;1;4.25 a 29;6.37 a 41;3.Secundario/Polimodal Completa y más;1.Menos de 2500 gramos;19
14;1;2;5.30 a 34;6.37 a 41;2.Secundaria/Polimodal Incompleta;2.2500 gramos y más;805
74;1;2;6.35 a 39;6.37 a 41;2.Secundaria/Polimodal Incompleta;2.2500 gramos y más;25
06;1;2;3.20 a 24;8.Sin especificar;2.Secundaria/Polimodal Incompleta;1.Menos de 2500 gramos;4
26;1;1;8.De 45 y más;6.37 a 41;4.Sin especificar;2.2500 gramos y más;1
30;1;2;3.20 a 24;6.37 a 41;3.Secundario/Polimodal Completa y más;1.Menos de 2500 gramos;16
62;1;2;4.25 a 29;5.32 a 36;4.Sin especificar;2.2500 gramos y más;6
94;1;2;6.35 a 39;5.32 a 36;3.Secundario/Polimodal Completa y más;2.2500 gramos y más;5
82;1;1;2.15 a 19;6.37 a 41;2.Secundaria/Polimodal Incompleta;2.2500 gramos y más;1004
66;1;1;1.Menor de 15;6.37 a 41;1.Hasta Primaria/C.EGB Completa;1.Menos de 2500 gramos;1
18;1;1;3.20 a 24;3.24 a 27;1.Hasta Primaria/C.EGB Completa;1.Menos de 2500 gramos;1
38;1;1;3.20 a 24;6.37 a 41;3.Secundario/Polimodal Completa y más;1.Menos de 2500 gramos;6
06;1;2;8.De 45 y más;8.Sin especificar;3.Secundario/Polimodal Completa y más;1.Menos de 2500 gramos;1
62;1;2;1.Menor de 15;6.37 a 41;1.Hasta Primaria/C.EGB Completa;2.2500 gramos y más;3
82;1;2;5.30 a 34;2.22 a 23;3.Secundario/Polimodal Completa y más;1.Menos de 2500 gramos;4
30;1;2;6.35 a 39;5.32 a 36;3.Secundario/Polimodal Completa y más;2.2500 gramos y más;18
82;1;1;3.20 a 24;6.37 a 41;2.Secundaria/Polimodal Incompleta;2.2500 gramos y más;1399
06;2;1;2.15 a 19;5.32 a 36;1.Hasta Primaria/C.EGB Completa;1.Menos de 2500 gramos;5
74;1;1;3.20 a 24;4.28 a 31;3.Secundario/Polimodal Completa y más;1.Menos de 2500 gramos;2
02;1;1;8.De 45 y más;6.37 a 41;3.Secundario/Polimodal Completa y más;1.Menos de 2500 gramos;6
82;2;1;4.25 a 29;5.32 a 36;2.Secundaria/Polimodal Incompleta;1.Menos de 2500 gramos;8
66;1;1;3.20 a 24;5.32 a 36;2.Secundaria/Polimodal Incompleta;2.2500 gramos y más;22
42;1;2;5.30 a 34;5.32 a 36;3.Secundario/Polimodal Completa y más;2.2500 gramos y más;8
06;1;2;4.25 a 29;2.22 a 23;2.Secundaria/Polimodal Incompleta;3.Sin especificar;1
66;1;1;5.30 a 34;6.37 a 41;3.Secundario/Polimodal Completa y más;2.2500 gramos y más;1269
38;1;1;6.35 a 39;4.28 a 31;1.Hasta Primaria/C.EGB Completa;1.Menos de 2500 gramos;1
38;1;2;3.20 a 24;6.37 a 41;1.Hasta Primaria/C.EGB Completa;1.Menos de 2500 gramos;1
66;1;1;7.40 a 44;5.32 a 36;1.Hasta Primaria/C.EGB Completa;2.2500 gramos y más;5
70;1;1;3.20 a 24;7.42 y más;3.Secundario/Polimodal Completa y más;2.2500 gramos y más;1
54;2;2;2.15 a 19;6.37 a 41;3.Secundario/Polimodal Completa y más;2.2500 gramos y más;2
06;1;9;7.40 a 44;6.37 a 41;3.Secundario/Polimodal Completa y más;1.Menos de 2500 gramos;2
06;1;2;9.Sin especificar;6.37 a 41;1.Hasta Primaria/C.EGB Completa;2.2500 gramos y más;190
66;1;2;3.20 a 24;6.37 a 41;3.Secundario/Polimodal Completa y más;2.2500 gramos y más;1106
66;1;1;5.30 a 34;8.Sin especificar;2.Secundaria/Polimodal Incompleta;2.2500 gramos y más;5
18;2;2;5.30 a 34;6.37 a 41;1.Hasta Primaria/C.EGB Completa;2.2500 gramos y más;3
22;1;1;7.40 a 44;4.28 a 31;1.Hasta Primaria/C.EGB Completa;1.Menos de 2500 gramos;1
06;1;1;7.40 a 44;4.28 a 31;3.Secundario/Polimodal Completa y más;2.2500 gramos y más;2
50;9;2;9.Sin especificar;8.Sin especificar;4.Sin especificar;3.Sin especificar;2
54;1;2;3.20 a 24;7.42 y más;1.Hasta Primaria/C.EGB Completa;2.2500 gramos y más;3
10;1;2;7.40 a 44;5.32 a 36;1.Hasta Primaria/C.EGB Completa;1.Menos de 2500 gramos;1
74;1;2;4.25 a 29;4.28 a 31;1.Hasta Primaria/C.EGB Completa;1.Menos de 2500 gramos;1
38;1;2;2.15 a 19;6.37 a 41;1.Hasta Primaria/C.EGB Completa;2.2500 gramos y más;33
70;1;1;2.15 a 19;5.32 a 36;3.Secundario/Polimodal Completa y más;2.2500 gramos y más;1
06;1;2;1.Menor de 15;5.32 a 36;4.Sin especificar;1.Menos de 2500 gramos;1
46;1;2;6.35 a 39;6.37 a 41;4.Sin especificar;2.2500 gramos y más;1
90;1;1;6.35 a 39;6.37 a 41;1.Hasta Primaria/C.EGB Completa;2.2500 gramos y más;255
34;2;1;2.15 a 19;5.32 a 36;2.Secundaria/Polimodal Incompleta;2.2500 gramos y más;1
10;1;2;2.15 a 19;6.37 a 41;1.Hasta Primaria/C.EGB Completa;2.2500 gramos y más;20
62;1;1;8.De 45 y más;6.37 a 41;3.Secundario/Polimodal Completa y más;2.2500 gramos y más;8
22;2;2;3.20 a 24;5.32 a 36;3.Secundario/Polimodal Completa y más;2.2500 gramos y más;2
94;1;2;2.15 a 19;6.37 a 41;2.Secundaria/Polimodal Incompleta;2.2500 gramos y más;21
38;1;1;2.15 a 19;3.24 a 27;2.Secundaria/Polimodal Incompleta;1.Menos de 2500 gramos;2
70;2;1;6.35 a 39;6.37 a 41;3.Secundario/Polimodal Completa y más;1.Menos de 2500 gramos;2
78;1;1;5.30 a 34;3.24 a 27;3.Secundario/Polimodal Completa y más;1.Menos de 2500 gramos;1
34;1;1;6.35 a 39;6.37 a 41;2.Secundaria/Polimodal Incompleta;2.2500 gramos y más;41
82;2;2;2.15 a 19;5.32 a 36;1.Hasta Primaria/C.EGB Completa;2.2500 gramos y más;1
66;1;2;4.25 a 29;6.37 a 41;2.Secundaria/Polimodal Incompleta;2.2500 gramos y más;422
02;9;2;4.25 a 29;5.32 a 36;4.Sin especificar;2.2500 gramos y más;2
02;2;1;6.35 a 39;6.37 a 41;4.Sin especificar;2.2500 gramos y más;4
18;1;2;3.20 a 24;4.28 a 31;2.Secundaria/Polimodal Incompleta;1.Menos de 2500 gramos;1
30;1;1;7.40 a 44;3.24 a 27;3.Secundario/Polimodal Completa y más;1.Menos de 2500 gramos;1
06;2;2;6.35 a 39;6.37 a 41;1.Hasta Primaria/C.EGB Completa;1.Menos de 2500 gramos;5
66;2;2;3.20 a 24;6.37 a 41;2.Secundaria/Polimodal Incompleta;2.2500 gramos y más;4
06;1;9;3.20 a 24;6.37 a 41;1.Hasta Primaria/C.EGB Completa;1.Menos de 2500 gramos;1
86;1;1;2.15 a 19;7.42 y más;2.Secundaria/Polimodal Incompleta;2.2500 gramos y más;4
58;1;1;4.25 a 29;6.37 a 41;4.Sin especificar;2.2500 gramos y más;6
58;1;2;7.40 a 44;6.37 a 41;3.Secundario/Polimodal Completa y más;1.Menos de 2500 gramos;2
58;1;1;6.35 a 39;6.37 a 41;1.Hasta Primaria/C.EGB Completa;1.Menos de 2500 gramos;2
90;1;1;1.Menor de 15;5.32 a 36;2.Secundaria/Polimodal Incompleta;2.2500 gramos y más;1
54;1;1;6.35 a 39;4.28 a 31;3.Secundario/Polimodal Completa y más;1.Menos de 2500 gramos;3
06;2;2;5.30 a 34;5.32 a 36;2.Secundaria/Polimodal Incompleta;2.2500 gramos y más;4
42;2;1;5.30 a 34;6.37 a 41;2.Secundaria/Polimodal Incompleta;1.Menos de 2500 gramos;1
06;2;2;5.30 a 34;5.32 a 36;2.Secundaria/Polimodal Incompleta;1.Menos de 2500 gramos;22
06;1;1;9.Sin especificar;8.Sin especificar;1.Hasta Primaria/C.EGB Completa;3.Sin especificar;15
06;9;1;7.40 a 44;6.37 a 41;3.Secundario/Polimodal Completa y más;2.2500 gramos y más;1
14;2;1;5.30 a 34;5.32 a 36;3.Secundario/Polimodal Completa y más;1.Menos de 2500 gramos;42
62;1;1;8.De 45 y más;6.37 a 41;3.Secundario/Polimodal Completa y más;1.Menos de 2500 gramos;1
06;1;2;8.De 45 y más;6.37 a 41;4.Sin especificar;1.Menos de 2500 gramos;2
18;2;1;5.30 a 34;5.32 a 36;3.Secundario/Polimodal Completa y más;2.2500 gramos y más;1
30;1;1;3.20 a 24;8.Sin especificar;3.Secundario/Polimodal Completa y más;2.2500 gramos y más;8
18;1;2;7.40 a 44;4.28 a 31;1.Hasta Primaria/C.EGB Completa;1.Menos de 2500 gramos;1
62;1;2;3.20 a 24;6.37 a 41;1.Hasta Primaria/C.EGB Completa;1.Menos de 2500 gramos;2
54;1;2;6.35 a 39;5.32 a 36;1.Hasta Primaria/C.EGB Completa;1.Menos de 2500 gramos;9
22;1;2;6.35 a 39;6.37 a 41;2.Secundaria/Polimodal Incompleta;3.Sin especificar;1
10;1;1;6.35 a 39;6.37 a 41;2.Secundaria/Polimodal Incompleta;3.Sin especificar;1
14;1;2;6.35 a 39;3.24 a 27;2.Secundaria/Polimodal Incompleta;1.Menos de 2500 gramos;1
66;1;2;3.20 a 24;4.28 a 31;2.Secundaria/Polimodal Incompleta;1.Menos de 2500 gramos;2
14;1;1;7.40 a 44;6.37 a 41;3.Secundario/Polimodal Completa y más;2.2500 gramos y más;682
62;1;2;7.40 a 44;5.32 a 36;1.Hasta Primaria/C.EGB Completa;2.2500 gramos y más;1
74;1;2;3.20 a 24;6.37 a 41;3.Secundario/Polimodal Completa y más;1.Menos de 2500 gramos;7
02;2;2;6.35 a 39;5.32 a 36;4.Sin especificar;1.Menos de 2500 gramos;1
10;1;2;3.20 a 24;5.32 a 36;3.Secundario/Polimodal Completa y más;2.2500 gramos y más;7
06;2;2;7.40 a 44;4.28 a 31;3.Secundario/Polimodal Completa y más;1.Menos de 2500 gramos;4
38;2;2;4.25 a 29;3.24 a 27;3.Secundario/Polimodal Completa y más;1.Menos de 2500 gramos;2
90;1;1;3.20 a 24;4.28 a 31;1.Hasta Primaria/C.EGB Completa;2.2500 gramos y más;1
74;1;2;4.25 a 29;5.32 a 36;1.Hasta Primaria/C.EGB Completa;2.2500 gramos y más;5
18;1;2;7.40 a 44;6.37 a 41;3.Secundario/Polimodal Completa y más;2.2500 gramos y más;103
22;1;2;4.25 a 29;6.37 a 41;1.Hasta Primaria/C.EGB Completa;1.Menos de 2500 gramos;13
06;1;1;9.Sin especificar;8.Sin especificar;2.Secundaria/Polimodal Incompleta;2.2500 gramos y más;3
26;1;2;3.20 a 24;6.37 a 41;4.Sin especificar;2.2500 gramos y más;83
38;1;2;1.Menor de 15;5.32 a 36;2.Secundaria/Polimodal Incompleta;1.Menos de 2500 gramos;2
18;1;2;5.30 a 34;3.24 a 27;3.Secundario/Polimodal Completa y más;1.Menos de 2500 gramos;3
34;1;2;3.20 a 24;6.37 a 41;2.Secundaria/Polimodal Incompleta;2.2500 gramos y más;266
74;1;1;3.20 a 24;6.37 a 41;2.Secundaria/Polimodal Incompleta;2.2500 gramos y más;194
70;2;2;3.20 a 24;6.37 a 41;1.Hasta Primaria/C.EGB Completa;2.2500 gramos y más;2
82;1;2;3.20 a 24;6.37 a 41;2.Secundaria/Polimodal Incompleta;2.2500 gramos y más;1399
86;1;1;5.30 a 34;5.32 a 36;2.Secundaria/Polimodal Incompleta;1.Menos de 2500 gramos;6
06;1;1;1.Menor de 15;5.32 a 36;4.Sin especificar;3.Sin especificar;2
50;1;1;5.30 a 34;5.32 a 36;2.Secundaria/Polimodal Incompleta;2.2500 gramos y más;22
26;2;1;5.30 a 34;6.37 a 41;4.Sin especificar;2.2500 gramos y más;2
22;2;2;4.25 a 29;5.32 a 36;1.Hasta Primaria/C.EGB Completa;1.Menos de 2500 gramos;3
62;1;1;3.20 a 24;5.32 a 36;4.Sin especificar;1.Menos de 2500 gramos;6
10;1;1;6.35 a 39;6.37 a 41;3.Secundario/Polimodal Completa y más;2.2500 gramos y más;204
18;2;1;5.30 a 34;6.37 a 41;2.Secundaria/Polimodal Incompleta;2.2500 gramos y más;1
06;9;1;3.20 a 24;6.37 a 41;4.Sin especificar;1.Menos de 2500 gramos;1
82;1;2;2.15 a 19;5.32 a 36;1.Hasta Primaria/C.EGB Completa;2.2500 gramos y más;18
14;2;1;5.30 a 34;3.24 a 27;3.Secundario/Polimodal Completa y más;1.Menos de 2500 gramos;1
06;1;2;7.40 a 44;7.42 y más;2.Secundaria/Polimodal Incompleta;2.2500 gramos y más;1
06;1;1;5.30 a 34;6.37 a 41;1.Hasta Primaria/C.EGB Completa;1.Menos de 2500 gramos;48
90;1;2;3.20 a 24;7.42 y más;3.Secundario/Polimodal Completa y más;2.2500 gramos y más;69
06;1;2;8.De 45 y más;4.28 a 31;1.Hasta Primaria/C.EGB Completa;3.Sin especificar;1
50;2;2;4.25 a 29;4.28 a 31;3.Secundario/Polimodal Completa y más;1.Menos de 2500 gramos;6
54;1;1;4.25 a 29;5.32 a 36;4.Sin especificar;2.2500 gramos y más;8
42;1;2;6.35 a 39;6.37 a 41;1.Hasta Primaria/C.EGB Completa;2.2500 gramos y más;10
66;1;2;3.20 a 24;4.28 a 31;3.Secundario/Polimodal Completa y más;1.Menos de 2500 gramos;5
90;1;2;1.Menor de 15;6.37 a 41;3.Secundario/Polimodal Completa y más;2.2500 gramos y más;1
22;2;1;6.35 a 39;6.37 a 41;3.Secundario/Polimodal Completa y más;2.2500 gramos y más;5
66;2;1;8.De 45 y más;6.37 a 41;3.Secundario/Polimodal Completa y más;1.Menos de 2500 gramos;2
70;1;1;2.15 a 19;6.37 a 41;1.Hasta Primaria/C.EGB Completa;2.2500 gramos y más;96
06;2;2;9.Sin especificar;5.32 a 36;3.Secundario/Polimodal Completa y más;1.Menos de 2500 gramos;4
62;1;1;2.15 a 19;5.32 a 36;4.Sin especificar;2.2500 gramos y más;3
02;1;2;5.30 a 34;6.37 a 41;4.Sin especificar;2.2500 gramos y más;219
26;1;2;5.30 a 34;6.37 a 41;1.Hasta Primaria/C.EGB Completa;1.Menos de 2500 gramos;1
86;1;1;7.40 a 44;6.37 a 41;4.Sin especificar;2.2500 gramos y más;3
30;1;2;3.20 a 24;4.28 a 31;3.Secundario/Polimodal Completa y más;1.Menos de 2500 gramos;2
62;2;1;6.35 a 39;5.32 a 36;1.Hasta Primaria/C.EGB Completa;2.2500 gramos y más;2
38;1;2;7.40 a 44;5.32 a 36;1.Hasta Primaria/C.EGB Completa;2.2500 gramos y más;2
10;1;2;5.30 a 34;6.37 a 41;3.Secundario/Polimodal Completa y más;3.Sin especificar;2
38;1;1;3.20 a 24;6.37 a 41;2.Secundaria/Polimodal Incompleta;1.Menos de 2500 gramos;5
66;1;1;6.35 a 39;6.37 a 41;3.Secundario/Polimodal Completa y más;1.Menos de 2500 gramos;12
02;1;1;8.De 45 y más;6.37 a 41;2.Secundaria/Polimodal Incompleta;2.2500 gramos y más;4
06;1;2;3.20 a 24;4.28 a 31;3.Secundario/Polimodal Completa y más;1.Menos de 2500 gramos;51
98;1;2;9.Sin especificar;6.37 a 41;4.Sin especificar;2.2500 gramos y más;1
38;1;1;3.20 a 24;5.32 a 36;3.Secundario/Polimodal Completa y más;2.2500 gramos y más;21
99;1;1;9.Sin especificar;8.Sin especificar;4.Sin especificar;3.Sin especificar;198
62;1;1;2.15 a 19;4.28 a 31;2.Secundaria/Polimodal Incompleta;1.Menos de 2500 gramos;1
94;1;1;5.30 a 34;6.37 a 41;3.Secundario/Polimodal Completa y más;2.2500 gramos y más;203
10;1;1;7.40 a 44;7.42 y más;3.Secundario/Polimodal Completa y más;2.2500 gramos y más;1
02;1;2;2.15 a 19;5.32 a 36;4.Sin especificar;1.Menos de 2500 gramos;1
86;1;2;3.20 a 24;6.37 a 41;2.Secundaria/Polimodal Incompleta;1.Menos de 2500 gramos;4
34;1;1;2.15 a 19;5.32 a 36;2.Secundaria/Polimodal Incompleta;2.2500 gramos y más;22
14;1;2;6.35 a 39;7.42 y más;2.Secundaria/Polimodal Incompleta;2.2500 gramos y más;1
10;1;1;4.25 a 29;8.Sin especificar;3.Secundario/Polimodal Completa y más;1.Menos de 2500 gramos;1
66;1;2;5.30 a 34;5.32 a 36;4.Sin especificar;2.2500 gramos y más;1
54;2;1;3.20 a 24;6.37 a 41;3.Secundario/Polimodal Completa y más;2.2500 gramos y más;6
38;1;1;6.35 a 39;6.37 a 41;1.Hasta Primaria/C.EGB Completa;2.2500 gramos y más;74
06;1;1;4.25 a 29;3.24 a 27;3.Secundario/Polimodal Completa y más;3.Sin especificar;2
26;1;2;3.20 a 24;5.32 a 36;2.Secundaria/Polimodal Incompleta;1.Menos de 2500 gramos;2
90;1;1;3.20 a 24;6.37 a 41;4.Sin especificar;2.2500 gramos y más;8
18;2;2;6.35 a 39;6.37 a 41;1.Hasta Primaria/C.EGB Completa;2.2500 gramos y más;2
82;2;2;3.20 a 24;5.32 a 36;2.Secundaria/Polimodal Incompleta;2.2500 gramos y más;6
66;2;1;5.30 a 34;5.32 a 36;2.Secundaria/Polimodal Incompleta;2.2500 gramos y más;1
70;1;2;3.20 a 24;5.32 a 36;1.Hasta Primaria/C.EGB Completa;1.Menos de 2500 gramos;8
06;2;1;3.20 a 24;5.32 a 36;3.Secundario/Polimodal Completa y más;1.Menos de 2500 gramos;54
50;1;1;5.30 a 34;4.28 a 31;2.Secundaria/Polimodal Incompleta;1.Menos de 2500 gramos;4
18;1;2;5.30 a 34;5.32 a 36;1.Hasta Primaria/C.EGB Completa;2.2500 gramos y más;6
99;1;1;2.15 a 19;8.Sin especificar;1.Hasta Primaria/C.EGB Completa;3.Sin especificar;1
26;1;1;5.30 a 34;4.28 a 31;2.Secundaria/Polimodal Incompleta;1.Menos de 2500 gramos;1
86;1;2;3.20 a 24;7.42 y más;3.Secundario/Polimodal Completa y más;2.2500 gramos y más;3
94;1;1;5.30 a 34;8.Sin especificar;3.Secundario/Polimodal Completa y más;2.2500 gramos y más;1
54;1;2;5.30 a 34;6.37 a 41;1.Hasta Primaria/C.EGB Completa;2.2500 gramos y más;551
86;1;1;4.25 a 29;6.37 a 41;2.Secundaria/Polimodal Incompleta;2.2500 gramos y más;227
82;2;2;6.35 a 39;5.32 a 36;2.Secundaria/Polimodal Incompleta;2.2500 gramos y más;4
74;1;1;4.25 a 29;7.42 y más;2.Secundaria/Polimodal Incompleta;2.2500 gramos y más;6
06;2;2;2.15 a 19;5.32 a 36;1.Hasta Primaria/C.EGB Completa;1.Menos de 2500 gramos;5
90;2;2;5.30 a 34;6.37 a 41;3.Secundario/Polimodal Completa y más;1.Menos de 2500 gramos;11
74;1;1;7.40 a 44;5.32 a 36;3.Secundario/Polimodal Completa y más;1.Menos de 2500 gramos;3
86;1;1;7.40 a 44;5.32 a 36;3.Secundario/Polimodal Completa y más;1.Menos de 2500 gramos;7
30;1;1;7.40 a 44;6.37 a 41;1.Hasta Primaria/C.EGB Completa;1.Menos de 2500 gramos;3
82;1;1;7.40 a 44;5.32 a 36;1.Hasta Primaria/C.EGB Completa;2.2500 gramos y más;9
62;1;1;3.20 a 24;5.32 a 36;1.Hasta Primaria/C.EGB Completa;2.2500 gramos y más;5
90;2;2;3.20 a 24;5.32 a 36;2.Secundaria/Polimodal Incompleta;1.Menos de 2500 gramos;2
66;2;2;6.35 a 39;6.37 a 41;3.Secundario/Polimodal Completa y más;1.Menos de 2500 gramos;2
66;1;1;3.20 a 24;8.Sin especificar;4.Sin especificar;2.2500 gramos y más;4
90;2;2;4.25 a 29;4.28 a 31;2.Secundaria/Polimodal Incompleta;1.Menos de 2500 gramos;4
46;1;2;4.25 a 29;3.24 a 27;3.Secundario/Polimodal Completa y más;1.Menos de 2500 gramos;2
82;1;2;2.15 a 19;5.32 a 36;4.Sin especificar;2.2500 gramos y más;1
74;1;1;5.30 a 34;5.32 a 36;3.Secundario/Polimodal Completa y más;2.2500 gramos y más;33
82;1;1;5.30 a 34;5.32 a 36;1.Hasta Primaria/C.EGB Completa;2.2500 gramos y más;40
14;2;1;2.15 a 19;5.32 a 36;3.Secundario/Polimodal Completa y más;1.Menos de 2500 gramos;3
62;1;1;2.15 a 19;8.Sin especificar;2.Secundaria/Polimodal Incompleta;1.Menos de 2500 gramos;1
22;9;2;4.25 a 29;6.37 a 41;3.Secundario/Polimodal Completa y más;2.2500 gramos y más;4
50;1;1;8.De 45 y más;5.32 a 36;1.Hasta Primaria/C.EGB Completa;1.Menos de 2500 gramos;1
58;1;1;3.20 a 24;5.32 a 36;4.Sin especificar;2.2500 gramos y más;3
90;1;1;3.20 a 24;3.24 a 27;3.Secundario/Polimodal Completa y más;1.Menos de 2500 gramos;6
54;1;2;6.35 a 39;6.37 a 41;1.Hasta Primaria/C.EGB Completa;1.Menos de 2500 gramos;16
74;1;1;7.40 a 44;5.32 a 36;3.Secundario/Polimodal Completa y más;2.2500 gramos y más;7
38;1;1;7.40 a 44;7.42 y más;1.Hasta Primaria/C.EGB Completa;2.2500 gramos y más;1
82;1;1;4.25 a 29;4.28 a 31;2.Secundaria/Polimodal Incompleta;1.Menos de 2500 gramos;12
54;1;1;5.30 a 34;5.32 a 36;3.Secundario/Polimodal Completa y más;1.Menos de 2500 gramos;26
02;1;2;5.30 a 34;6.37 a 41;1.Hasta Primaria/C.EGB Completa;1.Menos de 2500 gramos;2
06;1;2;6.35 a 39;7.42 y más;2.Secundaria/Polimodal Incompleta;2.2500 gramos y más;10
10;1;1;4.25 a 29;7.42 y más;1.Hasta Primaria/C.EGB Completa;2.2500 gramos y más;1
82;2;1;6.35 a 39;5.32 a 36;3.Secundario/Polimodal Completa y más;2.2500 gramos y más;17
82;2;2;6.35 a 39;6.37 a 41;1.Hasta Primaria/C.EGB Completa;1.Menos de 2500 gramos;1
62;1;1;2.15 a 19;8.Sin especificar;2.Secundaria/Polimodal Incompleta;2.2500 gramos y más;2
90;2;2;2.15 a 19;6.37 a 41;1.Hasta Primaria/C.EGB Completa;2.2500 gramos y más;1
58;1;1;3.20 a 24;4.28 a 31;2.Secundaria/Polimodal Incompleta;1.Menos de 2500 gramos;1
14;1;2;6.35 a 39;4.28 a 31;3.Secundario/Polimodal Completa y más;1.Menos de 2500 gramos;14
06;1;1;4.25 a 29;8.Sin especificar;1.Hasta Primaria/C.EGB Completa;2.2500 gramos y más;15
94;1;2;2.15 a 19;5.32 a 36;2.Secundaria/Polimodal Incompleta;1.Menos de 2500 gramos;2
06;2;1;4.25 a 29;6.37 a 41;1.Hasta Primaria/C.EGB Completa;1.Menos de 2500 gramos;6
62;1;1;1.Menor de 15;6.37 a 41;1.Hasta Primaria/C.EGB Completa;2.2500 gramos y más;1
30;1;1;7.40 a 44;6.37 a 41;1.Hasta Primaria/C.EGB Completa;2.2500 gramos y más;65
10;1;2;3.20 a 24;5.32 a 36;1.Hasta Primaria/C.EGB Completa;2.2500 gramos y más;1
70;2;1;5.30 a 34;5.32 a 36;3.Secundario/Polimodal Completa y más;1.Menos de 2500 gramos;8
30;1;2;4.25 a 29;5.32 a 36;1.Hasta Primaria/C.EGB Completa;1.Menos de 2500 gramos;6
34;1;2;8.De 45 y más;6.37 a 41;1.Hasta Primaria/C.EGB Completa;2.2500 gramos y más;1
30;1;1;5.30 a 34;5.32 a 36;2.Secundaria/Polimodal Incompleta;1.Menos de 2500 gramos;9
18;1;1;4.25 a 29;6.37 a 41;2.Secundaria/Polimodal Incompleta;1.Menos de 2500 gramos;4
30;1;2;1.Menor de 15;6.37 a 41;1.Hasta Primaria/C.EGB Completa;1.Menos de 2500 gramos;1
70;1;2;2.15 a 19;2.22 a 23;2.Secundaria/Polimodal Incompleta;1.Menos de 2500 gramos;1
18;2;1;3.20 a 24;6.37 a 41;2.Secundaria/Polimodal Incompleta;2.2500 gramos y más;3
22;2;1;5.30 a 34;6.37 a 41;3.Secundario/Polimodal Completa y más;2.2500 gramos y más;8
14;1;2;7.40 a 44;8.Sin especificar;3.Secundario/Polimodal Completa y más;2.2500 gramos y más;1
62;1;1;3.20 a 24;8.Sin especificar;3.Secundario/Polimodal Completa y más;1.Menos de 2500 gramos;1
62;1;2;5.30 a 34;5.32 a 36;2.Secundaria/Polimodal Incompleta;2.2500 gramos y más;6
86;1;1;4.25 a 29;6.37 a 41;2.Secundaria/Polimodal Incompleta;1.Menos de 2500 gramos;7
82;1;2;5.30 a 34;5.32 a 36;4.Sin especificar;1.Menos de 2500 gramos;1
90;1;2;6.35 a 39;6.37 a 41;3.Secundario/Polimodal Completa y más;1.Menos de 2500 gramos;23
14;1;2;7.40 a 44;8.Sin especificar;1.Hasta Primaria/C.EGB Completa;2.2500 gramos y más;1
78;1;2;2.15 a 19;6.37 a 41;3.Secundario/Polimodal Completa y más;2.2500 gramos y más;27
42;1;2;5.30 a 34;5.32 a 36;3.Secundario/Polimodal Completa y más;1.Menos de 2500 gramos;10
70;2;1;5.30 a 34;6.37 a 41;3.Secundario/Polimodal Completa y más;2.2500 gramos y más;7
50;2;1;7.40 a 44;5.32 a 36;2.Secundaria/Polimodal Incompleta;1.Menos de 2500 gramos;1
62;1;1;7.40 a 44;5.32 a 36;2.Secundaria/Polimodal Incompleta;1.Menos de 2500 gramos;1
30;1;1;7.40 a 44;6.37 a 41;3.Secundario/Polimodal Completa y más;1.Menos de 2500 gramos;6
26;2;1;5.30 a 34;6.37 a 41;3.Secundario/Polimodal Completa y más;2.2500 gramos y más;2
50;1;1;2.15 a 19;5.32 a 36;1.Hasta Primaria/C.EGB Completa;1.Menos de 2500 gramos;1
54;1;1;6.35 a 39;6.37 a 41;4.Sin especificar;1.Menos de 2500 gramos;1
70;2;1;5.30 a 34;6.37 a 41;3.Secundario/Polimodal Completa y más;1.Menos de 2500 gramos;7
62;1;1;7.40 a 44;5.32 a 36;2.Secundaria/Polimodal Incompleta;2.2500 gramos y más;1
62;1;2;4.25 a 29;6.37 a 41;4.Sin especificar;3.Sin especificar;1
06;2;1;7.40 a 44;5.32 a 36;3.Secundario/Polimodal Completa y más;1.Menos de 2500 gramos;19
50;1;2;6.35 a 39;5.32 a 36;3.Secundario/Polimodal Completa y más;1.Menos de 2500 gramos;40
18;1;1;3.20 a 24;1.Menos de 22;3.Secundario/Polimodal Completa y más;1.Menos de 2500 gramos;1
62;1;2;3.20 a 24;3.24 a 27;4.Sin especificar;1.Menos de 2500 gramos;3
86;1;1;3.20 a 24;5.32 a 36;2.Secundaria/Polimodal Incompleta;2.2500 gramos y más;15
66;1;2;4.25 a 29;8.Sin especificar;1.Hasta Primaria/C.EGB Completa;3.Sin especificar;1
50;1;2;4.25 a 29;7.42 y más;2.Secundaria/Polimodal Incompleta;2.2500 gramos y más;1
66;1;1;3.20 a 24;6.37 a 41;4.Sin especificar;1.Menos de 2500 gramos;2
06;2;1;6.35 a 39;6.37 a 41;3.Secundario/Polimodal Completa y más;1.Menos de 2500 gramos;16
38;1;2;2.15 a 19;7.42 y más;2.Secundaria/Polimodal Incompleta;2.2500 gramos y más;1
66;1;1;3.20 a 24;5.32 a 36;2.Secundaria/Polimodal Incompleta;1.Menos de 2500 gramos;28
30;2;1;7.40 a 44;5.32 a 36;3.Secundario/Polimodal Completa y más;2.2500 gramos y más;1
14;1;2;4.25 a 29;6.37 a 41;2.Secundaria/Polimodal Incompleta;2.2500 gramos y más;1262
66;1;2;4.25 a 29;8.Sin especificar;1.Hasta Primaria/C.EGB Completa;2.2500 gramos y más;4
06;2;2;5.30 a 34;8.Sin especificar;3.Secundario/Polimodal Completa y más;2.2500 gramos y más;3
18;1;1;4.25 a 29;5.32 a 36;2.Secundaria/Polimodal Incompleta;2.2500 gramos y más;15
06;1;2;6.35 a 39;3.24 a 27;3.Secundario/Polimodal Completa y más;3.Sin especificar;1
54;1;1;7.40 a 44;3.24 a 27;1.Hasta Primaria/C.EGB Completa;1.Menos de 2500 gramos;1
54;1;2;6.35 a 39;5.32 a 36;1.Hasta Primaria/C.EGB Completa;2.2500 gramos y más;20
02;1;1;8.De 45 y más;6.37 a 41;3.Secundario/Polimodal Completa y más;2.2500 gramos y más;80
26;1;1;3.20 a 24;4.28 a 31;1.Hasta Primaria/C.EGB Completa;1.Menos de 2500 gramos;1
46;1;1;3.20 a 24;5.32 a 36;1.Hasta Primaria/C.EGB Completa;2.2500 gramos y más;7
06;1;2;7.40 a 44;4.28 a 31;4.Sin especificar;1.Menos de 2500 gramos;4
90;1;2;6.35 a 39;5.32 a 36;4.Sin especificar;1.Menos de 2500 gramos;1
90;1;1;8.De 45 y más;6.37 a 41;2.Secundaria/Polimodal Incompleta;2.2500 gramos y más;2
74;1;1;7.40 a 44;5.32 a 36;1.Hasta Primaria/C.EGB Completa;2.2500 gramos y más;3
18;1;2;5.30 a 34;6.37 a 41;2.Secundaria/Polimodal Incompleta;1.Menos de 2500 gramos;1
70;1;2;3.20 a 24;3.24 a 27;1.Hasta Primaria/C.EGB Completa;1.Menos de 2500 gramos;2
70;1;2;5.30 a 34;6.37 a 41;3.Secundario/Polimodal Completa y más;2.2500 gramos y más;701
62;1;2;2.15 a 19;6.37 a 41;1.Hasta Primaria/C.EGB Completa;1.Menos de 2500 gramos;1
22;1;1;7.40 a 44;5.32 a 36;1.Hasta Primaria/C.EGB Completa;2.2500 gramos y más;8
14;1;1;4.25 a 29;5.32 a 36;2.Secundaria/Polimodal Incompleta;2.2500 gramos y más;42
22;1;1;5.30 a 34;8.Sin especificar;4.Sin especificar;3.Sin especificar;1
82;1;2;3.20 a 24;6.37 a 41;1.Hasta Primaria/C.EGB Completa;2.2500 gramos y más;1057
86;1;2;5.30 a 34;4.28 a 31;1.Hasta Primaria/C.EGB Completa;1.Menos de 2500 gramos;3
30;2;1;2.15 a 19;5.32 a 36;3.Secundario/Polimodal Completa y más;1.Menos de 2500 gramos;2
70;1;2;5.30 a 34;6.37 a 41;3.Secundario/Polimodal Completa y más;1.Menos de 2500 gramos;21
38;1;1;3.20 a 24;6.37 a 41;3.Secundario/Polimodal Completa y más;2.2500 gramos y más;534
18;1;9;5.30 a 34;6.37 a 41;3.Secundario/Polimodal Completa y más;2.2500 gramos y más;1
06;1;9;6.35 a 39;6.37 a 41;3.Secundario/Polimodal Completa y más;3.Sin especificar;1
82;1;2;2.15 a 19;6.37 a 41;4.Sin especificar;2.2500 gramos y más;21
82;2;2;5.30 a 34;2.22 a 23;2.Secundaria/Polimodal Incompleta;1.Menos de 2500 gramos;1
70;1;1;4.25 a 29;6.37 a 41;1.Hasta Primaria/C.EGB Completa;2.2500 gramos y más;248
34;1;1;4.25 a 29;4.28 a 31;4.Sin especificar;1.Menos de 2500 gramos;2
46;2;1;5.30 a 34;4.28 a 31;3.Secundario/Polimodal Completa y más;1.Menos de 2500 gramos;1
06;1;1;7.40 a 44;1.Menos de 22;1.Hasta Primaria/C.EGB Completa;1.Menos de 2500 gramos;1
34;2;1;2.15 a 19;5.32 a 36;2.Secundaria/Polimodal Incompleta;1.Menos de 2500 gramos;1
70;1;1;3.20 a 24;6.37 a 41;2.Secundaria/Polimodal Incompleta;2.2500 gramos y más;564
90;1;2;6.35 a 39;7.42 y más;3.Secundario/Polimodal Completa y más;2.2500 gramos y más;29
02;9;1;7.40 a 44;6.37 a 41;4.Sin especificar;2.2500 gramos y más;30
22;2;2;3.20 a 24;5.32 a 36;3.Secundario/Polimodal Completa y más;1.Menos de 2500 gramos;6
14;1;1;6.35 a 39;6.37 a 41;4.Sin especificar;2.2500 gramos y más;2
14;2;1;3.20 a 24;4.28 a 31;3.Secundario/Polimodal Completa y más;1.Menos de 2500 gramos;2
06;1;2;4.25 a 29;6.37 a 41;2.Secundaria/Polimodal Incompleta;1.Menos de 2500 gramos;100
22;9;1;2.15 a 19;6.37 a 41;3.Secundario/Polimodal Completa y más;2.2500 gramos y más;1
78;1;1;4.25 a 29;5.32 a 36;1.Hasta Primaria/C.EGB Completa;1.Menos de 2500 gramos;3
06;1;9;4.25 a 29;7.42 y más;3.Secundario/Polimodal Completa y más;2.2500 gramos y más;1
82;2;2;6.35 a 39;5.32 a 36;1.Hasta Primaria/C.EGB Completa;1.Menos de 2500 gramos;11
70;1;1;4.25 a 29;3.24 a 27;2.Secundaria/Polimodal Incompleta;1.Menos de 2500 gramos;2
62;1;2;4.25 a 29;6.37 a 41;4.Sin especificar;1.Menos de 2500 gramos;5
54;1;2;4.25 a 29;5.32 a 36;2.Secundaria/Polimodal Incompleta;2.2500 gramos y más;30
70;2;2;5.30 a 34;4.28 a 31;3.Secundario/Polimodal Completa y más;1.Menos de 2500 gramos;1
14;1;2;4.25 a 29;5.32 a 36;1.Hasta Primaria/C.EGB Completa;2.2500 gramos y más;18
30;1;2;7.40 a 44;4.28 a 31;3.Secundario/Polimodal Completa y más;1.Menos de 2500 gramos;3
06;1;2;4.25 a 29;6.37 a 41;2.Secundaria/Polimodal Incompleta;3.Sin especificar;25
26;1;2;5.30 a 34;5.32 a 36;2.Secundaria/Polimodal Incompleta;1.Menos de 2500 gramos;5
06;2;1;4.25 a 29;5.32 a 36;4.Sin especificar;1.Menos de 2500 gramos;10
82;1;2;6.35 a 39;8.Sin especificar;1.Hasta Primaria/C.EGB Completa;1.Menos de 2500 gramos;1
34;1;2;2.15 a 19;8.Sin especificar;4.Sin especificar;3.Sin especificar;1
06;1;2;5.30 a 34;4.28 a 31;2.Secundaria/Polimodal Incompleta;1.Menos de 2500 gramos;20
50;2;2;4.25 a 29;5.32 a 36;2.Secundaria/Polimodal Incompleta;2.2500 gramos y más;2
66;1;1;4.25 a 29;8.Sin especificar;3.Secundario/Polimodal Completa y más;2.2500 gramos y más;25
62;1;1;4.25 a 29;8.Sin especificar;2.Secundaria/Polimodal Incompleta;2.2500 gramos y más;2
74;1;2;1.Menor de 15;6.37 a 41;1.Hasta Primaria/C.EGB Completa;2.2500 gramos y más;4
18;1;1;6.35 a 39;5.32 a 36;4.Sin especificar;1.Menos de 2500 gramos;3
99;9;2;7.40 a 44;8.Sin especificar;4.Sin especificar;3.Sin especificar;1
30;1;1;5.30 a 34;8.Sin especificar;2.Secundaria/Polimodal Incompleta;2.2500 gramos y más;10
06;1;2;6.35 a 39;4.28 a 31;4.Sin especificar;1.Menos de 2500 gramos;12
34;1;2;2.15 a 19;6.37 a 41;3.Secundario/Polimodal Completa y más;1.Menos de 2500 gramos;2
10;1;2;5.30 a 34;6.37 a 41;1.Hasta Primaria/C.EGB Completa;1.Menos de 2500 gramos;1
58;2;1;7.40 a 44;5.32 a 36;3.Secundario/Polimodal Completa y más;1.Menos de 2500 gramos;4
50;1;1;3.20 a 24;6.37 a 41;1.Hasta Primaria/C.EGB Completa;2.2500 gramos y más;223
22;1;2;7.40 a 44;6.37 a 41;4.Sin especificar;1.Menos de 2500 gramos;2
99;1;2;9.Sin especificar;6.37 a 41;4.Sin especificar;2.2500 gramos y más;5
58;2;2;4.25 a 29;5.32 a 36;2.Secundaria/Polimodal Incompleta;1.Menos de 2500 gramos;7
14;1;1;4.25 a 29;6.37 a 41;3.Secundario/Polimodal Completa y más;2.2500 gramos y más;3092
50;2;2;5.30 a 34;6.37 a 41;2.Secundaria/Polimodal Incompleta;2.2500 gramos y más;2
22;1;2;6.35 a 39;3.24 a 27;1.Hasta Primaria/C.EGB Completa;1.Menos de 2500 gramos;1
06;1;1;7.40 a 44;3.24 a 27;4.Sin especificar;1.Menos de 2500 gramos;2
66;1;2;2.15 a 19;5.32 a 36;1.Hasta Primaria/C.EGB Completa;1.Menos de 2500 gramos;11
99;1;1;6.35 a 39;5.32 a 36;3.Secundario/Polimodal Completa y más;1.Menos de 2500 gramos;1
62;1;2;2.15 a 19;6.37 a 41;3.Secundario/Polimodal Completa y más;1.Menos de 2500 gramos;1
70;1;2;8.De 45 y más;6.37 a 41;3.Secundario/Polimodal Completa y más;2.2500 gramos y más;3
14;2;1;7.40 a 44;6.37 a 41;3.Secundario/Polimodal Completa y más;2.2500 gramos y más;2
18;2;2;5.30 a 34;5.32 a 36;3.Secundario/Polimodal Completa y más;2.2500 gramos y más;1
34;1;2;8.De 45 y más;5.32 a 36;3.Secundario/Polimodal Completa y más;1.Menos de 2500 gramos;1
50;2;1;3.20 a 24;5.32 a 36;2.Secundaria/Polimodal Incompleta;1.Menos de 2500 gramos;5
06;1;2;5.30 a 34;5.32 a 36;4.Sin especificar;2.2500 gramos y más;67
14;1;2;7.40 a 44;5.32 a 36;1.Hasta Primaria/C.EGB Completa;1.Menos de 2500 gramos;13
42;1;2;2.15 a 19;3.24 a 27;2.Secundaria/Polimodal Incompleta;1.Menos de 2500 gramos;1
58;1;2;4.25 a 29;4.28 a 31;2.Secundaria/Polimodal Incompleta;1.Menos de 2500 gramos;1
50;1;2;1.Menor de 15;5.32 a 36;2.Secundaria/Polimodal Incompleta;1.Menos de 2500 gramos;2
02;1;2;4.25 a 29;5.32 a 36;4.Sin especificar;2.2500 gramos y más;1
22;1;2;5.30 a 34;7.42 y más;1.Hasta Primaria/C.EGB Completa;2.2500 gramos y más;2
14;2;1;6.35 a 39;6.37 a 41;2.Secundaria/Polimodal Incompleta;2.2500 gramos y más;5
06;1;9;3.20 a 24;6.37 a 41;1.Hasta Primaria/C.EGB Completa;2.2500 gramos y más;21
06;1;9;9.Sin especificar;4.28 a 31;2.Secundaria/Polimodal Incompleta;1.Menos de 2500 gramos;1
38;1;2;7.40 a 44;6.37 a 41;1.Hasta Primaria/C.EGB Completa;1.Menos de 2500 gramos;1
18;1;1;5.30 a 34;7.42 y más;4.Sin especificar;2.2500 gramos y más;6
06;2;1;5.30 a 34;3.24 a 27;1.Hasta Primaria/C.EGB Completa;1.Menos de 2500 gramos;2
54;2;2;5.30 a 34;6.37 a 41;1.Hasta Primaria/C.EGB Completa;2.2500 gramos y más;6
50;1;2;4.25 a 29;6.37 a 41;2.Secundaria/Polimodal Incompleta;2.2500 gramos y más;769
46;1;2;6.35 a 39;6.37 a 41;2.Secundaria/Polimodal Incompleta;1.Menos de 2500 gramos;2
74;1;2;6.35 a 39;6.37 a 41;4.Sin especificar;1.Menos de 2500 gramos;1
02;1;2;4.25 a 29;6.37 a 41;4.Sin especificar;1.Menos de 2500 gramos;3
90;1;1;4.25 a 29;8.Sin especificar;2.Secundaria/Polimodal Incompleta;2.2500 gramos y más;7
62;1;1;4.25 a 29;8.Sin especificar;4.Sin especificar;2.2500 gramos y más;3
14;1;1;5.30 a 34;6.37 a 41;1.Hasta Primaria/C.EGB Completa;3.Sin especificar;2
74;2;2;4.25 a 29;5.32 a 36;4.Sin especificar;3.Sin especificar;1
86;1;9;3.20 a 24;5.32 a 36;3.Secundario/Polimodal Completa y más;1.Menos de 2500 gramos;1
06;1;1;4.25 a 29;6.37 a 41;4.Sin especificar;3.Sin especificar;42
62;1;1;5.30 a 34;8.Sin especificar;3.Secundario/Polimodal Completa y más;3.Sin especificar;1
82;1;1;2.15 a 19;3.24 a 27;2.Secundaria/Polimodal Incompleta;1.Menos de 2500 gramos;7
18;1;1;2.15 a 19;7.42 y más;2.Secundaria/Polimodal Incompleta;2.2500 gramos y más;2
22;1;2;3.20 a 24;6.37 a 41;2.Secundaria/Polimodal Incompleta;2.2500 gramos y más;559
62;1;1;2.15 a 19;7.42 y más;2.Secundaria/Polimodal Incompleta;2.2500 gramos y más;1
74;1;2;5.30 a 34;7.42 y más;2.Secundaria/Polimodal Incompleta;2.2500 gramos y más;2
18;1;2;4.25 a 29;4.28 a 31;1.Hasta Primaria/C.EGB Completa;2.2500 gramos y más;1
90;1;1;3.20 a 24;1.Menos de 22;3.Secundario/Polimodal Completa y más;1.Menos de 2500 gramos;2
34;1;1;3.20 a 24;6.37 a 41;2.Secundaria/Polimodal Incompleta;1.Menos de 2500 gramos;4
34;1;1;1.Menor de 15;5.32 a 36;4.Sin especificar;2.2500 gramos y más;3
50;1;2;5.30 a 34;5.32 a 36;2.Secundaria/Polimodal Incompleta;1.Menos de 2500 gramos;15
66;1;2;1.Menor de 15;8.Sin especificar;2.Secundaria/Polimodal Incompleta;2.2500 gramos y más;1
06;2;2;5.30 a 34;8.Sin especificar;3.Secundario/Polimodal Completa y más;3.Sin especificar;1
22;1;1;5.30 a 34;8.Sin especificar;4.Sin especificar;2.2500 gramos y más;2
90;1;1;1.Menor de 15;6.37 a 41;2.Secundaria/Polimodal Incompleta;1.Menos de 2500 gramos;1
90;1;1;6.35 a 39;6.37 a 41;1.Hasta Primaria/C.EGB Completa;1.Menos de 2500 gramos;5
30;1;1;4.25 a 29;6.37 a 41;3.Secundario/Polimodal Completa y más;2.2500 gramos y más;1107
66;1;2;5.30 a 34;8.Sin especificar;3.Secundario/Polimodal Completa y más;1.Menos de 2500 gramos;1
66;1;1;5.30 a 34;6.37 a 41;3.Secundario/Polimodal Completa y más;1.Menos de 2500 gramos;29
70;1;1;3.20 a 24;3.24 a 27;2.Secundaria/Polimodal Incompleta;1.Menos de 2500 gramos;2
74;2;1;4.25 a 29;6.37 a 41;2.Secundaria/Polimodal Incompleta;1.Menos de 2500 gramos;1
62;1;2;2.15 a 19;6.37 a 41;1.Hasta Primaria/C.EGB Completa;2.2500 gramos y más;26
86;1;2;3.20 a 24;4.28 a 31;2.Secundaria/Polimodal Incompleta;1.Menos de 2500 gramos;3
94;1;2;3.20 a 24;5.32 a 36;3.Secundario/Polimodal Completa y más;2.2500 gramos y más;3
02;9;2;4.25 a 29;5.32 a 36;4.Sin especificar;1.Menos de 2500 gramos;2
38;1;1;4.25 a 29;6.37 a 41;2.Secundaria/Polimodal Incompleta;1.Menos de 2500 gramos;5
62;1;1;4.25 a 29;5.32 a 36;2.Secundaria/Polimodal Incompleta;2.2500 gramos y más;14
42;1;1;4.25 a 29;5.32 a 36;1.Hasta Primaria/C.EGB Completa;2.2500 gramos y más;2
54;1;2;4.25 a 29;2.22 a 23;3.Secundario/Polimodal Completa y más;1.Menos de 2500 gramos;1
30;1;2;6.35 a 39;5.32 a 36;3.Secundario/Polimodal Completa y más;1.Menos de 2500 gramos;20
18;2;2;6.35 a 39;6.37 a 41;1.Hasta Primaria/C.EGB Completa;1.Menos de 2500 gramos;1
14;2;1;5.30 a 34;5.32 a 36;3.Secundario/Polimodal Completa y más;2.2500 gramos y más;16
46;1;2;5.30 a 34;7.42 y más;1.Hasta Primaria/C.EGB Completa;2.2500 gramos y más;1
50;2;1;2.15 a 19;5.32 a 36;3.Secundario/Polimodal Completa y más;2.2500 gramos y más;1
06;1;2;6.35 a 39;8.Sin especificar;1.Hasta Primaria/C.EGB Completa;2.2500 gramos y más;8
82;1;2;7.40 a 44;5.32 a 36;1.Hasta Primaria/C.EGB Completa;1.Menos de 2500 gramos;3
66;1;1;4.25 a 29;5.32 a 36;1.Hasta Primaria/C.EGB Completa;2.2500 gramos y más;11
66;1;1;1.Menor de 15;6.37 a 41;1.Hasta Primaria/C.EGB Completa;2.2500 gramos y más;34
06;1;2;3.20 a 24;8.Sin especificar;2.Secundaria/Polimodal Incompleta;2.2500 gramos y más;9
30;1;1;1.Menor de 15;5.32 a 36;2.Secundaria/Polimodal Incompleta;1.Menos de 2500 gramos;2
50;1;2;8.De 45 y más;5.32 a 36;1.Hasta Primaria/C.EGB Completa;1.Menos de 2500 gramos;1
54;2;2;2.15 a 19;6.37 a 41;2.Secundaria/Polimodal Incompleta;1.Menos de 2500 gramos;3
02;1;1;7.40 a 44;5.32 a 36;2.Secundaria/Polimodal Incompleta;2.2500 gramos y más;4
06;1;2;7.40 a 44;5.32 a 36;3.Secundario/Polimodal Completa y más;1.Menos de 2500 gramos;105
54;1;1;4.25 a 29;7.42 y más;1.Hasta Primaria/C.EGB Completa;2.2500 gramos y más;6
06;1;1;5.30 a 34;5.32 a 36;1.Hasta Primaria/C.EGB Completa;2.2500 gramos y más;125
82;2;2;4.25 a 29;6.37 a 41;3.Secundario/Polimodal Completa y más;2.2500 gramos y más;9
54;1;1;6.35 a 39;6.37 a 41;4.Sin especificar;2.2500 gramos y más;55
14;1;2;5.30 a 34;6.37 a 41;2.Secundaria/Polimodal Incompleta;1.Menos de 2500 gramos;21
58;1;2;4.25 a 29;8.Sin especificar;2.Secundaria/Polimodal Incompleta;2.2500 gramos y más;1
54;1;1;4.25 a 29;8.Sin especificar;3.Secundario/Polimodal Completa y más;2.2500 gramos y más;1
14;1;1;7.40 a 44;8.Sin especificar;2.Secundaria/Polimodal Incompleta;2.2500 gramos y más;1
06;1;9;5.30 a 34;5.32 a 36;1.Hasta Primaria/C.EGB Completa;1.Menos de 2500 gramos;1
02;1;2;4.25 a 29;6.37 a 41;4.Sin especificar;2.2500 gramos y más;91
66;1;1;2.15 a 19;8.Sin especificar;2.Secundaria/Polimodal Incompleta;2.2500 gramos y más;11
82;2;2;2.15 a 19;3.24 a 27;3.Secundario/Polimodal Completa y más;1.Menos de 2500 gramos;1
54;1;1;2.15 a 19;6.37 a 41;1.Hasta Primaria/C.EGB Completa;2.2500 gramos y más;454
50;1;2;3.20 a 24;5.32 a 36;3.Secundario/Polimodal Completa y más;1.Menos de 2500 gramos;26
30;2;1;4.25 a 29;5.32 a 36;3.Secundario/Polimodal Completa y más;1.Menos de 2500 gramos;8
22;1;1;5.30 a 34;6.37 a 41;3.Secundario/Polimodal Completa y más;3.Sin especificar;5
14;2;1;5.30 a 34;3.24 a 27;2.Secundaria/Polimodal Incompleta;1.Menos de 2500 gramos;1
66;1;2;6.35 a 39;6.37 a 41;3.Secundario/Polimodal Completa y más;1.Menos de 2500 gramos;24
18;1;1;7.40 a 44;7.42 y más;1.Hasta Primaria/C.EGB Completa;2.2500 gramos y más;1
30;1;1;4.25 a 29;3.24 a 27;3.Secundario/Polimodal Completa y más;1.Menos de 2500 gramos;1
14;1;2;6.35 a 39;6.37 a 41;3.Secundario/Polimodal Completa y más;3.Sin especificar;4
94;2;2;6.35 a 39;6.37 a 41;3.Secundario/Polimodal Completa y más;1.Menos de 2500 gramos;1
90;2;1;4.25 a 29;6.37 a 41;2.Secundaria/Polimodal Incompleta;1.Menos de 2500 gramos;1
86;1;1;3.20 a 24;7.42 y más;4.Sin especificar;2.2500 gramos y más;2
06;1;1;8.De 45 y más;6.37 a 41;1.Hasta Primaria/C.EGB Completa;2.2500 gramos y más;35
06;2;1;2.15 a 19;5.32 a 36;2.Secundaria/Polimodal Incompleta;1.Menos de 2500 gramos;14
26;2;1;6.35 a 39;5.32 a 36;3.Secundario/Polimodal Completa y más;2.2500 gramos y más;2
06;1;9;4.25 a 29;6.37 a 41;1.Hasta Primaria/C.EGB Completa;2.2500 gramos y más;14
54;1;1;3.20 a 24;8.Sin especificar;1.Hasta Primaria/C.EGB Completa;1.Menos de 2500 gramos;1
62;1;1;2.15 a 19;6.37 a 41;1.Hasta Primaria/C.EGB Completa;2.2500 gramos y más;38
22;2;1;6.35 a 39;4.28 a 31;3.Secundario/Polimodal Completa y más;1.Menos de 2500 gramos;2
82;2;1;6.35 a 39;6.37 a 41;3.Secundario/Polimodal Completa y más;1.Menos de 2500 gramos;6
46;1;2;7.40 a 44;5.32 a 36;1.Hasta Primaria/C.EGB Completa;2.2500 gramos y más;2
99;1;1;5.30 a 34;6.37 a 41;2.Secundaria/Polimodal Incompleta;2.2500 gramos y más;3
50;2;1;6.35 a 39;4.28 a 31;3.Secundario/Polimodal Completa y más;1.Menos de 2500 gramos;1
18;2;1;5.30 a 34;6.37 a 41;3.Secundario/Polimodal Completa y más;2.2500 gramos y más;8
14;1;2;4.25 a 29;6.37 a 41;2.Secundaria/Polimodal Incompleta;1.Menos de 2500 gramos;29
90;1;2;6.35 a 39;6.37 a 41;1.Hasta Primaria/C.EGB Completa;1.Menos de 2500 gramos;9
06;1;1;4.25 a 29;5.32 a 36;1.Hasta Primaria/C.EGB Completa;3.Sin especificar;3
66;1;1;6.35 a 39;8.Sin especificar;3.Secundario/Polimodal Completa y más;1.Menos de 2500 gramos;1
70;1;1;7.40 a 44;4.28 a 31;3.Secundario/Polimodal Completa y más;1.Menos de 2500 gramos;1
82;2;1;4.25 a 29;5.32 a 36;2.Secundaria/Polimodal Incompleta;2.2500 gramos y más;3
90;1;1;3.20 a 24;6.37 a 41;2.Secundaria/Polimodal Incompleta;2.2500 gramos y más;486
46;1;1;7.40 a 44;6.37 a 41;1.Hasta Primaria/C.EGB Completa;2.2500 gramos y más;12
38;1;1;4.25 a 29;6.37 a 41;2.Secundaria/Polimodal Incompleta;2.2500 gramos y más;160
58;2;1;5.30 a 34;5.32 a 36;2.Secundaria/Polimodal Incompleta;1.Menos de 2500 gramos;2
66;1;1;5.30 a 34;6.37 a 41;1.Hasta Primaria/C.EGB Completa;1.Menos de 2500 gramos;6
46;1;1;4.25 a 29;5.32 a 36;2.Secundaria/Polimodal Incompleta;1.Menos de 2500 gramos;4
62;2;1;3.20 a 24;6.37 a 41;3.Secundario/Polimodal Completa y más;2.2500 gramos y más;1
06;1;1;9.Sin especificar;7.42 y más;2.Secundaria/Polimodal Incompleta;2.2500 gramos y más;1
06;2;2;5.30 a 34;6.37 a 41;2.Secundaria/Polimodal Incompleta;1.Menos de 2500 gramos;10
06;9;2;3.20 a 24;8.Sin especificar;4.Sin especificar;3.Sin especificar;98
06;2;1;7.40 a 44;5.32 a 36;1.Hasta Primaria/C.EGB Completa;1.Menos de 2500 gramos;5
34;1;2;3.20 a 24;6.37 a 41;1.Hasta Primaria/C.EGB Completa;1.Menos de 2500 gramos;4
06;1;2;3.20 a 24;6.37 a 41;1.Hasta Primaria/C.EGB Completa;2.2500 gramos y más;2385
02;1;2;5.30 a 34;3.24 a 27;2.Secundaria/Polimodal Incompleta;1.Menos de 2500 gramos;1
10;1;2;3.20 a 24;5.32 a 36;3.Secundario/Polimodal Completa y más;1.Menos de 2500 gramos;8
70;1;1;6.35 a 39;5.32 a 36;2.Secundaria/Polimodal Incompleta;2.2500 gramos y más;6
82;1;2;3.20 a 24;6.37 a 41;1.Hasta Primaria/C.EGB Completa;1.Menos de 2500 gramos;33
62;1;1;4.25 a 29;5.32 a 36;2.Secundaria/Polimodal Incompleta;1.Menos de 2500 gramos;9
06;1;1;9.Sin especificar;5.32 a 36;1.Hasta Primaria/C.EGB Completa;1.Menos de 2500 gramos;6
54;1;1;2.15 a 19;5.32 a 36;2.Secundaria/Polimodal Incompleta;2.2500 gramos y más;44
06;1;9;3.20 a 24;5.32 a 36;4.Sin especificar;2.2500 gramos y más;1
06;9;2;5.30 a 34;6.37 a 41;4.Sin especificar;3.Sin especificar;7
66;1;1;7.40 a 44;6.37 a 41;1.Hasta Primaria/C.EGB Completa;1.Menos de 2500 gramos;3
34;1;2;7.40 a 44;5.32 a 36;3.Secundario/Polimodal Completa y más;2.2500 gramos y más;4
54;1;2;3.20 a 24;5.32 a 36;4.Sin especificar;2.2500 gramos y más;11
99;9;1;3.20 a 24;8.Sin especificar;4.Sin especificar;3.Sin especificar;5
74;1;2;6.35 a 39;3.24 a 27;1.Hasta Primaria/C.EGB Completa;1.Menos de 2500 gramos;1
90;1;1;6.35 a 39;6.37 a 41;3.Secundario/Polimodal Completa y más;1.Menos de 2500 gramos;24
22;1;2;2.15 a 19;8.Sin especificar;1.Hasta Primaria/C.EGB Completa;2.2500 gramos y más;2
50;1;1;7.40 a 44;3.24 a 27;3.Secundario/Polimodal Completa y más;1.Menos de 2500 gramos;2
99;9;9;5.30 a 34;8.Sin especificar;4.Sin especificar;3.Sin especificar;1
66;2;2;4.25 a 29;6.37 a 41;2.Secundaria/Polimodal Incompleta;2.2500 gramos y más;1
14;2;1;5.30 a 34;6.37 a 41;1.Hasta Primaria/C.EGB Completa;2.2500 gramos y más;3
62;2;2;5.30 a 34;5.32 a 36;1.Hasta Primaria/C.EGB Completa;1.Menos de 2500 gramos;2
54;2;2;4.25 a 29;6.37 a 41;1.Hasta Primaria/C.EGB Completa;1.Menos de 2500 gramos;2
74;1;2;4.25 a 29;6.37 a 41;1.Hasta Primaria/C.EGB Completa;1.Menos de 2500 gramos;2
50;2;1;4.25 a 29;5.32 a 36;2.Secundaria/Polimodal Incompleta;1.Menos de 2500 gramos;3
38;1;1;7.40 a 44;6.37 a 41;1.Hasta Primaria/C.EGB Completa;2.2500 gramos y más;42
98;1;1;9.Sin especificar;8.Sin especificar;4.Sin especificar;3.Sin especificar;4
34;1;2;1.Menor de 15;6.37 a 41;2.Secundaria/Polimodal Incompleta;2.2500 gramos y más;5
14;1;1;4.25 a 29;7.42 y más;2.Secundaria/Polimodal Incompleta;2.2500 gramos y más;1
06;1;1;5.30 a 34;6.37 a 41;2.Secundaria/Polimodal Incompleta;2.2500 gramos y más;2704
18;2;2;4.25 a 29;6.37 a 41;4.Sin especificar;2.2500 gramos y más;4
90;1;2;6.35 a 39;5.32 a 36;2.Secundaria/Polimodal Incompleta;1.Menos de 2500 gramos;9
10;1;1;4.25 a 29;5.32 a 36;2.Secundaria/Polimodal Incompleta;1.Menos de 2500 gramos;1
22;1;1;4.25 a 29;4.28 a 31;3.Secundario/Polimodal Completa y más;1.Menos de 2500 gramos;5
94;1;2;3.20 a 24;6.37 a 41;4.Sin especificar;2.2500 gramos y más;1
66;2;2;2.15 a 19;5.32 a 36;1.Hasta Primaria/C.EGB Completa;1.Menos de 2500 gramos;1
90;1;1;6.35 a 39;6.37 a 41;3.Secundario/Polimodal Completa y más;2.2500 gramos y más;821
78;1;1;3.20 a 24;6.37 a 41;3.Secundario/Polimodal Completa y más;1.Menos de 2500 gramos;3
70;1;2;5.30 a 34;6.37 a 41;1.Hasta Primaria/C.EGB Completa;2.2500 gramos y más;135
58;1;2;5.30 a 34;8.Sin especificar;3.Secundario/Polimodal Completa y más;2.2500 gramos y más;2
58;1;1;6.35 a 39;5.32 a 36;4.Sin especificar;1.Menos de 2500 gramos;1
22;1;1;4.25 a 29;4.28 a 31;3.Secundario/Polimodal Completa y más;2.2500 gramos y más;1
10;1;2;3.20 a 24;8.Sin especificar;2.Secundaria/Polimodal Incompleta;2.2500 gramos y más;1
34;1;2;4.25 a 29;6.37 a 41;2.Secundaria/Polimodal Incompleta;2.2500 gramos y más;168
06;1;2;7.40 a 44;6.37 a 41;1.Hasta Primaria/C.EGB Completa;3.Sin especificar;11
18;1;1;4.25 a 29;6.37 a 41;2.Secundaria/Polimodal Incompleta;2.2500 gramos y más;352
18;2;2;1.Menor de 15;5.32 a 36;2.Secundaria/Polimodal Incompleta;2.2500 gramos y más;1
50;1;2;5.30 a 34;3.24 a 27;2.Secundaria/Polimodal Incompleta;1.Menos de 2500 gramos;5
66;1;2;7.40 a 44;6.37 a 41;4.Sin especificar;2.2500 gramos y más;3
06;1;1;4.25 a 29;4.28 a 31;1.Hasta Primaria/C.EGB Completa;1.Menos de 2500 gramos;22
06;2;1;2.15 a 19;5.32 a 36;2.Secundaria/Polimodal Incompleta;2.2500 gramos y más;2
18;1;2;3.20 a 24;5.32 a 36;3.Secundario/Polimodal Completa y más;1.Menos de 2500 gramos;17
18;1;2;2.15 a 19;3.24 a 27;4.Sin especificar;1.Menos de 2500 gramos;1
38;1;1;7.40 a 44;2.22 a 23;3.Secundario/Polimodal Completa y más;1.Menos de 2500 gramos;1
82;1;2;2.15 a 19;3.24 a 27;3.Secundario/Polimodal Completa y más;1.Menos de 2500 gramos;2
22;2;2;4.25 a 29;6.37 a 41;2.Secundaria/Polimodal Incompleta;2.2500 gramos y más;2
62;2;1;6.35 a 39;6.37 a 41;2.Secundaria/Polimodal Incompleta;2.2500 gramos y más;1
06;1;2;4.25 a 29;7.42 y más;2.Secundaria/Polimodal Incompleta;3.Sin especificar;1
42;1;1;3.20 a 24;6.37 a 41;2.Secundaria/Polimodal Incompleta;2.2500 gramos y más;88
34;1;1;2.15 a 19;6.37 a 41;1.Hasta Primaria/C.EGB Completa;1.Menos de 2500 gramos;5
54;2;2;1.Menor de 15;6.37 a 41;1.Hasta Primaria/C.EGB Completa;1.Menos de 2500 gramos;1
54;1;1;3.20 a 24;4.28 a 31;2.Secundaria/Polimodal Incompleta;1.Menos de 2500 gramos;7
10;1;2;3.20 a 24;6.37 a 41;3.Secundario/Polimodal Completa y más;2.2500 gramos y más;321
58;2;1;3.20 a 24;5.32 a 36;3.Secundario/Polimodal Completa y más;2.2500 gramos y más;1
18;2;2;1.Menor de 15;5.32 a 36;2.Secundaria/Polimodal Incompleta;1.Menos de 2500 gramos;1
34;1;2;5.30 a 34;5.32 a 36;3.Secundario/Polimodal Completa y más;2.2500 gramos y más;27
02;1;2;4.25 a 29;6.37 a 41;2.Secundaria/Polimodal Incompleta;1.Menos de 2500 gramos;6
26;2;2;6.35 a 39;5.32 a 36;3.Secundario/Polimodal Completa y más;2.2500 gramos y más;1
74;2;2;6.35 a 39;5.32 a 36;1.Hasta Primaria/C.EGB Completa;1.Menos de 2500 gramos;1
34;1;2;2.15 a 19;6.37 a 41;3.Secundario/Polimodal Completa y más;2.2500 gramos y más;78
74;1;2;6.35 a 39;7.42 y más;1.Hasta Primaria/C.EGB Completa;2.2500 gramos y más;1
14;1;2;6.35 a 39;5.32 a 36;2.Secundaria/Polimodal Incompleta;2.2500 gramos y más;14
22;1;1;6.35 a 39;6.37 a 41;1.Hasta Primaria/C.EGB Completa;2.2500 gramos y más;265
14;2;1;4.25 a 29;5.32 a 36;2.Secundaria/Polimodal Incompleta;1.Menos de 2500 gramos;11
14;1;1;6.35 a 39;7.42 y más;3.Secundario/Polimodal Completa y más;2.2500 gramos y más;3
66;1;1;5.30 a 34;5.32 a 36;3.Secundario/Polimodal Completa y más;1.Menos de 2500 gramos;44
86;1;2;7.40 a 44;4.28 a 31;3.Secundario/Polimodal Completa y más;1.Menos de 2500 gramos;1
78;1;2;5.30 a 34;5.32 a 36;2.Secundaria/Polimodal Incompleta;1.Menos de 2500 gramos;2
06;1;1;1.Menor de 15;1.Menos de 22;1.Hasta Primaria/C.EGB Completa;1.Menos de 2500 gramos;1
94;1;1;7.40 a 44;6.37 a 41;4.Sin especificar;2.2500 gramos y más;2
94;2;1;5.30 a 34;5.32 a 36;1.Hasta Primaria/C.EGB Completa;1.Menos de 2500 gramos;1
74;1;1;5.30 a 34;6.37 a 41;4.Sin especificar;2.2500 gramos y más;21
94;1;2;5.30 a 34;6.37 a 41;2.Secundaria/Polimodal Incompleta;2.2500 gramos y más;35
30;1;1;4.25 a 29;6.37 a 41;1.Hasta Primaria/C.EGB Completa;2.2500 gramos y más;380
02;1;2;4.25 a 29;4.28 a 31;4.Sin especificar;1.Menos de 2500 gramos;1
50;1;1;4.25 a 29;6.37 a 41;1.Hasta Primaria/C.EGB Completa;1.Menos de 2500 gramos;7
66;1;1;2.15 a 19;8.Sin especificar;4.Sin especificar;1.Menos de 2500 gramos;1
58;2;2;4.25 a 29;4.28 a 31;3.Secundario/Polimodal Completa y más;1.Menos de 2500 gramos;4
26;2;2;3.20 a 24;5.32 a 36;3.Secundario/Polimodal Completa y más;2.2500 gramos y más;2
06;9;2;8.De 45 y más;8.Sin especificar;4.Sin especificar;3.Sin especificar;8
62;2;2;4.25 a 29;3.24 a 27;4.Sin especificar;1.Menos de 2500 gramos;2
22;2;2;3.20 a 24;6.37 a 41;3.Secundario/Polimodal Completa y más;2.2500 gramos y más;4
99;1;2;4.25 a 29;8.Sin especificar;2.Secundaria/Polimodal Incompleta;2.2500 gramos y más;1
94;1;2;4.25 a 29;5.32 a 36;4.Sin especificar;1.Menos de 2500 gramos;1
06;2;2;8.De 45 y más;5.32 a 36;3.Secundario/Polimodal Completa y más;1.Menos de 2500 gramos;4
66;1;1;7.40 a 44;5.32 a 36;3.Secundario/Polimodal Completa y más;1.Menos de 2500 gramos;15
90;1;1;4.25 a 29;3.24 a 27;2.Secundaria/Polimodal Incompleta;1.Menos de 2500 gramos;2
74;1;1;3.20 a 24;3.24 a 27;2.Secundaria/Polimodal Incompleta;1.Menos de 2500 gramos;1
42;1;2;8.De 45 y más;6.37 a 41;2.Secundaria/Polimodal Incompleta;2.2500 gramos y más;1
62;2;1;5.30 a 34;5.32 a 36;2.Secundaria/Polimodal Incompleta;1.Menos de 2500 gramos;2
22;1;1;7.40 a 44;5.32 a 36;2.Secundaria/Polimodal Incompleta;2.2500 gramos y más;1
50;1;2;3.20 a 24;5.32 a 36;3.Secundario/Polimodal Completa y más;2.2500 gramos y más;24
70;2;1;7.40 a 44;2.22 a 23;3.Secundario/Polimodal Completa y más;1.Menos de 2500 gramos;1
18;2;1;2.15 a 19;5.32 a 36;4.Sin especificar;1.Menos de 2500 gramos;2
58;1;1;6.35 a 39;6.37 a 41;1.Hasta Primaria/C.EGB Completa;2.2500 gramos y más;51
30;2;1;4.25 a 29;6.37 a 41;2.Secundaria/Polimodal Incompleta;2.2500 gramos y más;2
10;1;2;2.15 a 19;6.37 a 41;1.Hasta Primaria/C.EGB Completa;1.Menos de 2500 gramos;2
34;1;1;5.30 a 34;6.37 a 41;1.Hasta Primaria/C.EGB Completa;2.2500 gramos y más;129
54;1;1;5.30 a 34;4.28 a 31;2.Secundaria/Polimodal Incompleta;1.Menos de 2500 gramos;3
58;1;2;7.40 a 44;6.37 a 41;3.Secundario/Polimodal Completa y más;2.2500 gramos y más;95
22;1;1;2.15 a 19;4.28 a 31;3.Secundario/Polimodal Completa y más;1.Menos de 2500 gramos;3
34;2;1;4.25 a 29;5.32 a 36;2.Secundaria/Polimodal Incompleta;2.2500 gramos y más;2
38;1;1;6.35 a 39;5.32 a 36;3.Secundario/Polimodal Completa y más;1.Menos de 2500 gramos;25
06;1;1;4.25 a 29;8.Sin especificar;3.Secundario/Polimodal Completa y más;3.Sin especificar;13
22;9;1;3.20 a 24;6.37 a 41;3.Secundario/Polimodal Completa y más;2.2500 gramos y más;2
06;2;2;9.Sin especificar;6.37 a 41;3.Secundario/Polimodal Completa y más;2.2500 gramos y más;2
18;1;1;4.25 a 29;7.42 y más;1.Hasta Primaria/C.EGB Completa;2.2500 gramos y más;1
70;1;2;2.15 a 19;5.32 a 36;2.Secundaria/Polimodal Incompleta;1.Menos de 2500 gramos;8
10;2;1;3.20 a 24;5.32 a 36;3.Secundario/Polimodal Completa y más;2.2500 gramos y más;1
18;2;2;5.30 a 34;6.37 a 41;1.Hasta Primaria/C.EGB Completa;1.Menos de 2500 gramos;1
14;2;1;3.20 a 24;5.32 a 36;1.Hasta Primaria/C.EGB Completa;1.Menos de 2500 gramos;8
06;1;1;4.25 a 29;3.24 a 27;4.Sin especificar;1.Menos de 2500 gramos;9
02;2;1;6.35 a 39;4.28 a 31;3.Secundario/Polimodal Completa y más;1.Menos de 2500 gramos;3
70;1;1;8.De 45 y más;5.32 a 36;1.Hasta Primaria/C.EGB Completa;2.2500 gramos y más;1
34;1;2;1.Menor de 15;6.37 a 41;1.Hasta Primaria/C.EGB Completa;1.Menos de 2500 gramos;1
66;2;2;6.35 a 39;6.37 a 41;1.Hasta Primaria/C.EGB Completa;1.Menos de 2500 gramos;1
02;1;2;4.25 a 29;5.32 a 36;2.Secundaria/Polimodal Incompleta;1.Menos de 2500 gramos;11
06;1;1;1.Menor de 15;6.37 a 41;4.Sin especificar;2.2500 gramos y más;13
06;1;1;1.Menor de 15;7.42 y más;2.Secundaria/Polimodal Incompleta;2.2500 gramos y más;2
82;1;1;5.30 a 34;5.32 a 36;2.Secundaria/Polimodal Incompleta;2.2500 gramos y más;39
14;1;2;3.20 a 24;3.24 a 27;3.Secundario/Polimodal Completa y más;1.Menos de 2500 gramos;4
94;1;2;5.30 a 34;6.37 a 41;4.Sin especificar;1.Menos de 2500 gramos;1
18;1;1;7.40 a 44;6.37 a 41;4.Sin especificar;1.Menos de 2500 gramos;1
30;1;2;7.40 a 44;5.32 a 36;3.Secundario/Polimodal Completa y más;2.2500 gramos y más;4
18;1;1;2.15 a 19;6.37 a 41;4.Sin especificar;1.Menos de 2500 gramos;5
78;1;1;2.15 a 19;5.32 a 36;2.Secundaria/Polimodal Incompleta;1.Menos de 2500 gramos;3
02;2;2;6.35 a 39;6.37 a 41;3.Secundario/Polimodal Completa y más;2.2500 gramos y más;23
06;1;1;5.30 a 34;7.42 y más;4.Sin especificar;2.2500 gramos y más;17
02;9;2;6.35 a 39;6.37 a 41;3.Secundario/Polimodal Completa y más;2.2500 gramos y más;2
90;2;1;6.35 a 39;6.37 a 41;3.Secundario/Polimodal Completa y más;1.Menos de 2500 gramos;3
58;2;1;5.30 a 34;6.37 a 41;3.Secundario/Polimodal Completa y más;2.2500 gramos y más;4
26;2;2;4.25 a 29;6.37 a 41;3.Secundario/Polimodal Completa y más;2.2500 gramos y más;1
02;9;2;7.40 a 44;5.32 a 36;4.Sin especificar;1.Menos de 2500 gramos;1
86;1;1;4.25 a 29;6.37 a 41;1.Hasta Primaria/C.EGB Completa;2.2500 gramos y más;744
22;1;2;5.30 a 34;6.37 a 41;4.Sin especificar;1.Menos de 2500 gramos;2
02;1;2;4.25 a 29;3.24 a 27;3.Secundario/Polimodal Completa y más;1.Menos de 2500 gramos;4
06;2;1;9.Sin especificar;5.32 a 36;2.Secundaria/Polimodal Incompleta;1.Menos de 2500 gramos;2
90;1;1;4.25 a 29;6.37 a 41;1.Hasta Primaria/C.EGB Completa;3.Sin especificar;1
06;1;2;4.25 a 29;6.37 a 41;2.Secundaria/Polimodal Incompleta;2.2500 gramos y más;3691
22;1;1;8.De 45 y más;5.32 a 36;2.Secundaria/Polimodal Incompleta;1.Menos de 2500 gramos;1
46;2;2;4.25 a 29;6.37 a 41;3.Secundario/Polimodal Completa y más;2.2500 gramos y más;4
26;1;2;4.25 a 29;6.37 a 41;1.Hasta Primaria/C.EGB Completa;2.2500 gramos y más;47
70;1;2;2.15 a 19;5.32 a 36;2.Secundaria/Polimodal Incompleta;2.2500 gramos y más;9
14;1;1;5.30 a 34;8.Sin especificar;2.Secundaria/Polimodal Incompleta;2.2500 gramos y más;6
94;1;2;5.30 a 34;5.32 a 36;2.Secundaria/Polimodal Incompleta;2.2500 gramos y más;5
22;1;1;2.15 a 19;7.42 y más;4.Sin especificar;2.2500 gramos y más;1
02;1;1;4.25 a 29;6.37 a 41;2.Secundaria/Polimodal Incompleta;2.2500 gramos y más;308
06;2;1;9.Sin especificar;6.37 a 41;4.Sin especificar;2.2500 gramos y más;2
06;1;1;3.20 a 24;8.Sin especificar;3.Secundario/Polimodal Completa y más;3.Sin especificar;12
34;1;2;3.20 a 24;5.32 a 36;2.Secundaria/Polimodal Incompleta;2.2500 gramos y más;13
50;2;2;4.25 a 29;6.37 a 41;3.Secundario/Polimodal Completa y más;1.Menos de 2500 gramos;8
58;2;2;7.40 a 44;5.32 a 36;3.Secundario/Polimodal Completa y más;2.2500 gramos y más;1
82;1;1;2.15 a 19;6.37 a 41;2.Secundaria/Polimodal Incompleta;1.Menos de 2500 gramos;36
22;1;2;5.30 a 34;4.28 a 31;3.Secundario/Polimodal Completa y más;1.Menos de 2500 gramos;9
74;1;1;7.40 a 44;5.32 a 36;4.Sin especificar;2.2500 gramos y más;1
26;1;1;2.15 a 19;3.24 a 27;2.Secundaria/Polimodal Incompleta;1.Menos de 2500 gramos;1
82;1;1;5.30 a 34;6.37 a 41;4.Sin especificar;2.2500 gramos y más;23
26;1;1;2.15 a 19;4.28 a 31;1.Hasta Primaria/C.EGB Completa;1.Menos de 2500 gramos;2
34;1;1;4.25 a 29;8.Sin especificar;4.Sin especificar;2.2500 gramos y más;1
34;1;1;2.15 a 19;6.37 a 41;1.Hasta Primaria/C.EGB Completa;2.2500 gramos y más;136
02;2;2;3.20 a 24;4.28 a 31;3.Secundario/Polimodal Completa y más;1.Menos de 2500 gramos;1
74;1;2;5.30 a 34;4.28 a 31;3.Secundario/Polimodal Completa y más;1.Menos de 2500 gramos;2
66;1;1;2.15 a 19;8.Sin especificar;2.Secundaria/Polimodal Incompleta;3.Sin especificar;1
18;1;2;5.30 a 34;6.37 a 41;2.Secundaria/Polimodal Incompleta;2.2500 gramos y más;219
02;9;2;7.40 a 44;8.Sin especificar;4.Sin especificar;2.2500 gramos y más;1
62;1;1;6.35 a 39;4.28 a 31;3.Secundario/Polimodal Completa y más;1.Menos de 2500 gramos;4
06;1;1;5.30 a 34;6.37 a 41;4.Sin especificar;2.2500 gramos y más;1977
02;2;2;5.30 a 34;6.37 a 41;3.Secundario/Polimodal Completa y más;2.2500 gramos y más;15
54;1;2;2.15 a 19;5.32 a 36;1.Hasta Primaria/C.EGB Completa;2.2500 gramos y más;17
06;2;1;3.20 a 24;3.24 a 27;1.Hasta Primaria/C.EGB Completa;3.Sin especificar;1
86;1;2;6.35 a 39;4.28 a 31;3.Secundario/Polimodal Completa y más;2.2500 gramos y más;1
82;1;1;2.15 a 19;1.Menos de 22;3.Secundario/Polimodal Completa y más;1.Menos de 2500 gramos;1
70;2;1;3.20 a 24;5.32 a 36;3.Secundario/Polimodal Completa y más;1.Menos de 2500 gramos;5
82;1;2;4.25 a 29;6.37 a 41;1.Hasta Primaria/C.EGB Completa;2.2500 gramos y más;969
18;1;1;4.25 a 29;5.32 a 36;4.Sin especificar;2.2500 gramos y más;15
50;1;2;3.20 a 24;6.37 a 41;4.Sin especificar;2.2500 gramos y más;1
50;1;2;2.15 a 19;5.32 a 36;2.Secundaria/Polimodal Incompleta;2.2500 gramos y más;15
14;1;2;3.20 a 24;3.24 a 27;1.Hasta Primaria/C.EGB Completa;1.Menos de 2500 gramos;1
22;9;9;5.30 a 34;8.Sin especificar;4.Sin especificar;3.Sin especificar;1
82;1;1;7.40 a 44;7.42 y más;3.Secundario/Polimodal Completa y más;2.2500 gramos y más;2
46;2;2;5.30 a 34;5.32 a 36;1.Hasta Primaria/C.EGB Completa;1.Menos de 2500 gramos;1
66;1;2;7.40 a 44;5.32 a 36;3.Secundario/Polimodal Completa y más;3.Sin especificar;1
62;1;2;3.20 a 24;5.32 a 36;3.Secundario/Polimodal Completa y más;1.Menos de 2500 gramos;10
70;2;2;6.35 a 39;6.37 a 41;2.Secundaria/Polimodal Incompleta;2.2500 gramos y más;1
30;1;2;4.25 a 29;5.32 a 36;1.Hasta Primaria/C.EGB Completa;2.2500 gramos y más;5
30;1;1;8.De 45 y más;5.32 a 36;2.Secundaria/Polimodal Incompleta;2.2500 gramos y más;1
58;1;2;3.20 a 24;5.32 a 36;3.Secundario/Polimodal Completa y más;1.Menos de 2500 gramos;9
14;1;2;5.30 a 34;8.Sin especificar;1.Hasta Primaria/C.EGB Completa;2.2500 gramos y más;1
18;1;1;6.35 a 39;6.37 a 41;3.Secundario/Polimodal Completa y más;1.Menos de 2500 gramos;12
82;1;2;4.25 a 29;6.37 a 41;3.Secundario/Polimodal Completa y más;2.2500 gramos y más;2519
14;1;1;6.35 a 39;8.Sin especificar;3.Secundario/Polimodal Completa y más;1.Menos de 2500 gramos;1
66;1;2;8.De 45 y más;5.32 a 36;3.Secundario/Polimodal Completa y más;2.2500 gramos y más;1
02;2;2;7.40 a 44;5.32 a 36;3.Secundario/Polimodal Completa y más;1.Menos de 2500 gramos;12
14;1;2;5.30 a 34;8.Sin especificar;3.Secundario/Polimodal Completa y más;2.2500 gramos y más;3
06;2;2;6.35 a 39;5.32 a 36;2.Secundaria/Polimodal Incompleta;2.2500 gramos y más;4
86;1;1;7.40 a 44;6.37 a 41;1.Hasta Primaria/C.EGB Completa;1.Menos de 2500 gramos;4
90;1;2;2.15 a 19;6.37 a 41;2.Secundaria/Polimodal Incompleta;2.2500 gramos y más;331
02;9;2;5.30 a 34;5.32 a 36;4.Sin especificar;2.2500 gramos y más;3
06;1;2;9.Sin especificar;6.37 a 41;3.Secundario/Polimodal Completa y más;1.Menos de 2500 gramos;25
82;2;1;3.20 a 24;3.24 a 27;2.Secundaria/Polimodal Incompleta;1.Menos de 2500 gramos;1
06;2;2;4.25 a 29;6.37 a 41;4.Sin especificar;2.2500 gramos y más;7
82;1;1;5.30 a 34;6.37 a 41;2.Secundaria/Polimodal Incompleta;1.Menos de 2500 gramos;11
30;1;1;3.20 a 24;5.32 a 36;1.Hasta Primaria/C.EGB Completa;3.Sin especificar;1
06;1;1;7.40 a 44;8.Sin especificar;3.Secundario/Polimodal Completa y más;1.Menos de 2500 gramos;3
26;1;2;4.25 a 29;6.37 a 41;3.Secundario/Polimodal Completa y más;2.2500 gramos y más;449
06;1;2;5.30 a 34;7.42 y más;3.Secundario/Polimodal Completa y más;2.2500 gramos y más;29
70;1;2;3.20 a 24;3.24 a 27;2.Secundaria/Polimodal Incompleta;1.Menos de 2500 gramos;2
58;1;1;8.De 45 y más;6.37 a 41;2.Secundaria/Polimodal Incompleta;2.2500 gramos y más;1
66;1;2;3.20 a 24;5.32 a 36;3.Secundario/Polimodal Completa y más;2.2500 gramos y más;54
66;1;1;7.40 a 44;6.37 a 41;4.Sin especificar;2.2500 gramos y más;1
42;1;2;6.35 a 39;5.32 a 36;3.Secundario/Polimodal Completa y más;1.Menos de 2500 gramos;4
18;1;1;7.40 a 44;6.37 a 41;4.Sin especificar;2.2500 gramos y más;28
58;2;2;6.35 a 39;6.37 a 41;3.Secundario/Polimodal Completa y más;2.2500 gramos y más;1
94;1;1;3.20 a 24;4.28 a 31;3.Secundario/Polimodal Completa y más;1.Menos de 2500 gramos;2
22;1;2;2.15 a 19;5.32 a 36;3.Secundario/Polimodal Completa y más;1.Menos de 2500 gramos;10
70;1;1;7.40 a 44;5.32 a 36;3.Secundario/Polimodal Completa y más;2.2500 gramos y más;6
42;1;2;6.35 a 39;5.32 a 36;1.Hasta Primaria/C.EGB Completa;1.Menos de 2500 gramos;1
30;1;1;4.25 a 29;3.24 a 27;1.Hasta Primaria/C.EGB Completa;1.Menos de 2500 gramos;1
50;1;1;4.25 a 29;6.37 a 41;3.Secundario/Polimodal Completa y más;1.Menos de 2500 gramos;28
86;1;2;5.30 a 34;7.42 y más;2.Secundaria/Polimodal Incompleta;2.2500 gramos y más;2
22;1;1;6.35 a 39;6.37 a 41;3.Secundario/Polimodal Completa y más;3.Sin especificar;3
42;2;2;6.35 a 39;6.37 a 41;3.Secundario/Polimodal Completa y más;1.Menos de 2500 gramos;1
26;1;1;5.30 a 34;6.37 a 41;1.Hasta Primaria/C.EGB Completa;2.2500 gramos y más;43
34;1;1;5.30 a 34;5.32 a 36;2.Secundaria/Polimodal Incompleta;2.2500 gramos y más;10
82;1;1;6.35 a 39;6.37 a 41;3.Secundario/Polimodal Completa y más;2.2500 gramos y más;2400
58;2;1;3.20 a 24;6.37 a 41;2.Secundaria/Polimodal Incompleta;2.2500 gramos y más;1
70;1;2;6.35 a 39;6.37 a 41;2.Secundaria/Polimodal Incompleta;2.2500 gramos y más;113
98;1;1;9.Sin especificar;6.37 a 41;3.Secundario/Polimodal Completa y más;2.2500 gramos y más;2
70;2;1;2.15 a 19;5.32 a 36;3.Secundario/Polimodal Completa y más;1.Menos de 2500 gramos;1
06;2;1;3.20 a 24;4.28 a 31;4.Sin especificar;1.Menos de 2500 gramos;3
66;1;1;7.40 a 44;6.37 a 41;2.Secundaria/Polimodal Incompleta;1.Menos de 2500 gramos;1
02;1;1;3.20 a 24;6.37 a 41;1.Hasta Primaria/C.EGB Completa;1.Menos de 2500 gramos;3
82;1;1;2.15 a 19;5.32 a 36;1.Hasta Primaria/C.EGB Completa;2.2500 gramos y más;31
70;1;2;6.35 a 39;4.28 a 31;1.Hasta Primaria/C.EGB Completa;1.Menos de 2500 gramos;1
58;2;2;4.25 a 29;5.32 a 36;2.Secundaria/Polimodal Incompleta;2.2500 gramos y más;2
30;1;1;2.15 a 19;6.37 a 41;2.Secundaria/Polimodal Incompleta;1.Menos de 2500 gramos;12
70;1;1;4.25 a 29;6.37 a 41;3.Secundario/Polimodal Completa y más;1.Menos de 2500 gramos;13
18;1;2;3.20 a 24;6.37 a 41;1.Hasta Primaria/C.EGB Completa;2.2500 gramos y más;222
90;1;1;5.30 a 34;8.Sin especificar;1.Hasta Primaria/C.EGB Completa;2.2500 gramos y más;8
78;1;1;2.15 a 19;6.37 a 41;3.Secundario/Polimodal Completa y más;1.Menos de 2500 gramos;1
62;2;2;6.35 a 39;4.28 a 31;3.Secundario/Polimodal Completa y más;1.Menos de 2500 gramos;2
70;1;1;6.35 a 39;4.28 a 31;2.Secundaria/Polimodal Incompleta;1.Menos de 2500 gramos;1
02;1;2;7.40 a 44;5.32 a 36;3.Secundario/Polimodal Completa y más;1.Menos de 2500 gramos;34
86;1;2;3.20 a 24;5.32 a 36;3.Secundario/Polimodal Completa y más;2.2500 gramos y más;29
10;1;1;5.30 a 34;6.37 a 41;3.Secundario/Polimodal Completa y más;3.Sin especificar;1
42;1;1;7.40 a 44;5.32 a 36;2.Secundaria/Polimodal Incompleta;2.2500 gramos y más;2
34;1;2;5.30 a 34;6.37 a 41;1.Hasta Primaria/C.EGB Completa;1.Menos de 2500 gramos;3
10;1;1;8.De 45 y más;5.32 a 36;3.Secundario/Polimodal Completa y más;1.Menos de 2500 gramos;1
18;1;2;3.20 a 24;4.28 a 31;4.Sin especificar;1.Menos de 2500 gramos;2
86;1;2;3.20 a 24;5.32 a 36;3.Secundario/Polimodal Completa y más;1.Menos de 2500 gramos;14
54;1;2;2.15 a 19;5.32 a 36;3.Secundario/Polimodal Completa y más;2.2500 gramos y más;9
06;1;1;2.15 a 19;8.Sin especificar;4.Sin especificar;2.2500 gramos y más;4
02;1;2;5.30 a 34;5.32 a 36;2.Secundaria/Polimodal Incompleta;2.2500 gramos y más;4
86;1;2;3.20 a 24;6.37 a 41;2.Secundaria/Polimodal Incompleta;2.2500 gramos y más;272
26;1;1;1.Menor de 15;6.37 a 41;4.Sin especificar;2.2500 gramos y más;2
38;1;1;8.De 45 y más;5.32 a 36;3.Secundario/Polimodal Completa y más;2.2500 gramos y más;1
82;1;2;3.20 a 24;8.Sin especificar;1.Hasta Primaria/C.EGB Completa;2.2500 gramos y más;1
06;1;9;4.25 a 29;4.28 a 31;3.Secundario/Polimodal Completa y más;1.Menos de 2500 gramos;2
42;1;2;3.20 a 24;5.32 a 36;3.Secundario/Polimodal Completa y más;1.Menos de 2500 gramos;13
34;1;2;4.25 a 29;5.32 a 36;3.Secundario/Polimodal Completa y más;1.Menos de 2500 gramos;15
54;1;2;6.35 a 39;4.28 a 31;1.Hasta Primaria/C.EGB Completa;1.Menos de 2500 gramos;4
54;9;2;4.25 a 29;6.37 a 41;4.Sin especificar;2.2500 gramos y más;1
50;1;2;3.20 a 24;5.32 a 36;1.Hasta Primaria/C.EGB Completa;2.2500 gramos y más;5
70;2;1;4.25 a 29;5.32 a 36;3.Secundario/Polimodal Completa y más;1.Menos de 2500 gramos;3
54;2;1;6.35 a 39;6.37 a 41;1.Hasta Primaria/C.EGB Completa;1.Menos de 2500 gramos;1
06;2;2;5.30 a 34;4.28 a 31;4.Sin especificar;1.Menos de 2500 gramos;1
50;1;1;6.35 a 39;3.24 a 27;1.Hasta Primaria/C.EGB Completa;1.Menos de 2500 gramos;1
42;1;1;6.35 a 39;5.32 a 36;3.Secundario/Polimodal Completa y más;2.2500 gramos y más;7
62;1;1;7.40 a 44;4.28 a 31;2.Secundaria/Polimodal Incompleta;1.Menos de 2500 gramos;1
22;1;1;7.40 a 44;6.37 a 41;1.Hasta Primaria/C.EGB Completa;1.Menos de 2500 gramos;3
90;1;2;3.20 a 24;6.37 a 41;3.Secundario/Polimodal Completa y más;3.Sin especificar;1
14;1;2;3.20 a 24;6.37 a 41;1.Hasta Primaria/C.EGB Completa;2.2500 gramos y más;557
10;2;2;4.25 a 29;6.37 a 41;1.Hasta Primaria/C.EGB Completa;2.2500 gramos y más;1
10;1;1;5.30 a 34;5.32 a 36;4.Sin especificar;3.Sin especificar;1
82;1;1;3.20 a 24;6.37 a 41;4.Sin especificar;1.Menos de 2500 gramos;1
10;1;2;6.35 a 39;5.32 a 36;4.Sin especificar;1.Menos de 2500 gramos;1
42;1;1;6.35 a 39;5.32 a 36;3.Secundario/Polimodal Completa y más;1.Menos de 2500 gramos;3
22;1;2;3.20 a 24;6.37 a 41;4.Sin especificar;1.Menos de 2500 gramos;1
66;1;2;4.25 a 29;8.Sin especificar;3.Secundario/Polimodal Completa y más;2.2500 gramos y más;30
74;1;1;5.30 a 34;5.32 a 36;2.Secundaria/Polimodal Incompleta;1.Menos de 2500 gramos;3
82;1;1;3.20 a 24;5.32 a 36;2.Secundaria/Polimodal Incompleta;2.2500 gramos y más;84
82;1;2;4.25 a 29;5.32 a 36;3.Secundario/Polimodal Completa y más;2.2500 gramos y más;110
10;1;1;2.15 a 19;5.32 a 36;2.Secundaria/Polimodal Incompleta;2.2500 gramos y más;2
82;1;1;3.20 a 24;6.37 a 41;4.Sin especificar;2.2500 gramos y más;25
90;2;2;3.20 a 24;6.37 a 41;4.Sin especificar;2.2500 gramos y más;1
94;1;1;4.25 a 29;6.37 a 41;4.Sin especificar;2.2500 gramos y más;1
14;2;2;7.40 a 44;6.37 a 41;3.Secundario/Polimodal Completa y más;1.Menos de 2500 gramos;3
18;1;1;3.20 a 24;1.Menos de 22;1.Hasta Primaria/C.EGB Completa;1.Menos de 2500 gramos;1
14;1;2;4.25 a 29;6.37 a 41;1.Hasta Primaria/C.EGB Completa;2.2500 gramos y más;513
74;1;1;2.15 a 19;5.32 a 36;3.Secundario/Polimodal Completa y más;2.2500 gramos y más;2
82;1;2;4.25 a 29;7.42 y más;3.Secundario/Polimodal Completa y más;2.2500 gramos y más;2
02;1;1;3.20 a 24;5.32 a 36;2.Secundaria/Polimodal Incompleta;1.Menos de 2500 gramos;8
34;1;1;6.35 a 39;4.28 a 31;1.Hasta Primaria/C.EGB Completa;1.Menos de 2500 gramos;1
82;1;1;5.30 a 34;8.Sin especificar;3.Secundario/Polimodal Completa y más;2.2500 gramos y más;4
58;1;2;5.30 a 34;3.24 a 27;3.Secundario/Polimodal Completa y más;1.Menos de 2500 gramos;2
54;2;1;2.15 a 19;5.32 a 36;2.Secundaria/Polimodal Incompleta;1.Menos de 2500 gramos;4
62;1;1;5.30 a 34;6.37 a 41;4.Sin especificar;2.2500 gramos y más;95
06;9;1;6.35 a 39;5.32 a 36;4.Sin especificar;2.2500 gramos y más;1
18;1;1;6.35 a 39;5.32 a 36;2.Secundaria/Polimodal Incompleta;2.2500 gramos y más;5
34;1;2;5.30 a 34;6.37 a 41;3.Secundario/Polimodal Completa y más;2.2500 gramos y más;201
06;1;9;7.40 a 44;6.37 a 41;3.Secundario/Polimodal Completa y más;2.2500 gramos y más;28
82;2;2;3.20 a 24;5.32 a 36;2.Secundaria/Polimodal Incompleta;1.Menos de 2500 gramos;16
46;2;1;3.20 a 24;5.32 a 36;3.Secundario/Polimodal Completa y más;1.Menos de 2500 gramos;2
74;2;2;4.25 a 29;4.28 a 31;3.Secundario/Polimodal Completa y más;1.Menos de 2500 gramos;2
10;1;2;4.25 a 29;6.37 a 41;1.Hasta Primaria/C.EGB Completa;3.Sin especificar;1
54;2;2;5.30 a 34;5.32 a 36;2.Secundaria/Polimodal Incompleta;1.Menos de 2500 gramos;2
06;1;2;4.25 a 29;8.Sin especificar;2.Secundaria/Polimodal Incompleta;3.Sin especificar;9
86;2;2;3.20 a 24;3.24 a 27;2.Secundaria/Polimodal Incompleta;1.Menos de 2500 gramos;1
02;2;2;3.20 a 24;5.32 a 36;1.Hasta Primaria/C.EGB Completa;1.Menos de 2500 gramos;4
38;1;2;4.25 a 29;6.37 a 41;1.Hasta Primaria/C.EGB Completa;1.Menos de 2500 gramos;3
30;1;2;6.35 a 39;7.42 y más;2.Secundaria/Polimodal Incompleta;2.2500 gramos y más;1
78;1;2;7.40 a 44;6.37 a 41;2.Secundaria/Polimodal Incompleta;2.2500 gramos y más;4
99;9;2;6.35 a 39;6.37 a 41;4.Sin especificar;2.2500 gramos y más;7
82;1;1;5.30 a 34;4.28 a 31;3.Secundario/Polimodal Completa y más;1.Menos de 2500 gramos;28
06;9;2;7.40 a 44;8.Sin especificar;4.Sin especificar;3.Sin especificar;37
14;1;2;6.35 a 39;6.37 a 41;3.Secundario/Polimodal Completa y más;1.Menos de 2500 gramos;48
58;1;1;6.35 a 39;5.32 a 36;3.Secundario/Polimodal Completa y más;2.2500 gramos y más;14
42;1;1;6.35 a 39;4.28 a 31;2.Secundaria/Polimodal Incompleta;1.Menos de 2500 gramos;1
74;1;2;3.20 a 24;3.24 a 27;3.Secundario/Polimodal Completa y más;1.Menos de 2500 gramos;3
42;1;2;7.40 a 44;6.37 a 41;2.Secundaria/Polimodal Incompleta;2.2500 gramos y más;9
86;1;2;6.35 a 39;6.37 a 41;3.Secundario/Polimodal Completa y más;1.Menos de 2500 gramos;9
18;1;1;5.30 a 34;5.32 a 36;4.Sin especificar;1.Menos de 2500 gramos;11
14;1;1;4.25 a 29;8.Sin especificar;3.Secundario/Polimodal Completa y más;2.2500 gramos y más;9
02;1;2;3.20 a 24;6.37 a 41;4.Sin especificar;1.Menos de 2500 gramos;2
06;1;2;4.25 a 29;1.Menos de 22;1.Hasta Primaria/C.EGB Completa;1.Menos de 2500 gramos;1
86;1;2;3.20 a 24;7.42 y más;1.Hasta Primaria/C.EGB Completa;2.2500 gramos y más;6
30;1;1;2.15 a 19;6.37 a 41;3.Secundario/Polimodal Completa y más;2.2500 gramos y más;106
86;1;1;2.15 a 19;4.28 a 31;3.Secundario/Polimodal Completa y más;2.2500 gramos y más;1
58;1;2;1.Menor de 15;5.32 a 36;2.Secundaria/Polimodal Incompleta;1.Menos de 2500 gramos;1
86;1;1;6.35 a 39;7.42 y más;1.Hasta Primaria/C.EGB Completa;2.2500 gramos y más;3
22;1;1;6.35 a 39;5.32 a 36;1.Hasta Primaria/C.EGB Completa;2.2500 gramos y más;10
50;1;1;1.Menor de 15;5.32 a 36;1.Hasta Primaria/C.EGB Completa;2.2500 gramos y más;1
06;1;2;5.30 a 34;5.32 a 36;4.Sin especificar;3.Sin especificar;10
30;1;2;4.25 a 29;5.32 a 36;3.Secundario/Polimodal Completa y más;1.Menos de 2500 gramos;26
06;1;2;6.35 a 39;5.32 a 36;1.Hasta Primaria/C.EGB Completa;3.Sin especificar;6
34;1;1;6.35 a 39;5.32 a 36;3.Secundario/Polimodal Completa y más;1.Menos de 2500 gramos;4
06;1;1;6.35 a 39;5.32 a 36;2.Secundaria/Polimodal Incompleta;2.2500 gramos y más;76
06;1;1;6.35 a 39;8.Sin especificar;3.Secundario/Polimodal Completa y más;3.Sin especificar;11
78;1;2;3.20 a 24;6.37 a 41;3.Secundario/Polimodal Completa y más;2.2500 gramos y más;180
62;1;1;3.20 a 24;6.37 a 41;2.Secundaria/Polimodal Incompleta;2.2500 gramos y más;248
74;1;2;2.15 a 19;6.37 a 41;2.Secundaria/Polimodal Incompleta;1.Menos de 2500 gramos;3
58;1;1;4.25 a 29;8.Sin especificar;3.Secundario/Polimodal Completa y más;2.2500 gramos y más;4
14;1;1;3.20 a 24;3.24 a 27;1.Hasta Primaria/C.EGB Completa;1.Menos de 2500 gramos;3
30;1;1;5.30 a 34;5.32 a 36;1.Hasta Primaria/C.EGB Completa;2.2500 gramos y más;6
22;1;2;6.35 a 39;4.28 a 31;1.Hasta Primaria/C.EGB Completa;2.2500 gramos y más;1
02;1;1;5.30 a 34;4.28 a 31;3.Secundario/Polimodal Completa y más;1.Menos de 2500 gramos;16
90;1;1;2.15 a 19;5.32 a 36;2.Secundaria/Polimodal Incompleta;1.Menos de 2500 gramos;19
50;2;1;6.35 a 39;5.32 a 36;2.Secundaria/Polimodal Incompleta;2.2500 gramos y más;2
06;1;2;4.25 a 29;8.Sin especificar;1.Hasta Primaria/C.EGB Completa;1.Menos de 2500 gramos;1
86;1;1;7.40 a 44;4.28 a 31;2.Secundaria/Polimodal Incompleta;1.Menos de 2500 gramos;1
06;1;1;7.40 a 44;5.32 a 36;1.Hasta Primaria/C.EGB Completa;2.2500 gramos y más;41
22;1;1;2.15 a 19;5.32 a 36;1.Hasta Primaria/C.EGB Completa;2.2500 gramos y más;12
66;1;2;5.30 a 34;7.42 y más;2.Secundaria/Polimodal Incompleta;2.2500 gramos y más;3
30;1;1;6.35 a 39;6.37 a 41;3.Secundario/Polimodal Completa y más;1.Menos de 2500 gramos;19
58;1;1;4.25 a 29;5.32 a 36;2.Secundaria/Polimodal Incompleta;1.Menos de 2500 gramos;11
02;9;2;6.35 a 39;5.32 a 36;4.Sin especificar;2.2500 gramos y más;7
90;1;1;1.Menor de 15;6.37 a 41;2.Secundaria/Polimodal Incompleta;3.Sin especificar;1
06;2;2;3.20 a 24;6.37 a 41;2.Secundaria/Polimodal Incompleta;2.2500 gramos y más;23
82;2;1;8.De 45 y más;5.32 a 36;3.Secundario/Polimodal Completa y más;1.Menos de 2500 gramos;3
06;1;1;3.20 a 24;4.28 a 31;4.Sin especificar;1.Menos de 2500 gramos;12
82;1;1;6.35 a 39;4.28 a 31;1.Hasta Primaria/C.EGB Completa;1.Menos de 2500 gramos;6
30;2;1;3.20 a 24;4.28 a 31;1.Hasta Primaria/C.EGB Completa;1.Menos de 2500 gramos;1
30;1;2;5.30 a 34;4.28 a 31;3.Secundario/Polimodal Completa y más;1.Menos de 2500 gramos;8
06;1;2;6.35 a 39;7.42 y más;4.Sin especificar;2.2500 gramos y más;5
42;2;1;6.35 a 39;6.37 a 41;3.Secundario/Polimodal Completa y más;2.2500 gramos y más;4
06;1;1;3.20 a 24;8.Sin especificar;1.Hasta Primaria/C.EGB Completa;3.Sin especificar;3
62;2;2;6.35 a 39;1.Menos de 22;3.Secundario/Polimodal Completa y más;1.Menos de 2500 gramos;1
34;1;1;2.15 a 19;5.32 a 36;4.Sin especificar;2.2500 gramos y más;14
22;1;1;5.30 a 34;5.32 a 36;3.Secundario/Polimodal Completa y más;1.Menos de 2500 gramos;48
06;1;2;1.Menor de 15;5.32 a 36;4.Sin especificar;2.2500 gramos y más;1
70;1;1;7.40 a 44;2.22 a 23;3.Secundario/Polimodal Completa y más;1.Menos de 2500 gramos;1
06;1;2;9.Sin especificar;5.32 a 36;1.Hasta Primaria/C.EGB Completa;2.2500 gramos y más;6
58;1;2;8.De 45 y más;6.37 a 41;1.Hasta Primaria/C.EGB Completa;2.2500 gramos y más;1
74;1;1;6.35 a 39;6.37 a 41;4.Sin especificar;2.2500 gramos y más;13
54;2;1;5.30 a 34;6.37 a 41;3.Secundario/Polimodal Completa y más;2.2500 gramos y más;2
62;1;2;3.20 a 24;8.Sin especificar;4.Sin especificar;2.2500 gramos y más;1
30;1;1;3.20 a 24;3.24 a 27;3.Secundario/Polimodal Completa y más;1.Menos de 2500 gramos;1
14;1;2;6.35 a 39;6.37 a 41;3.Secundario/Polimodal Completa y más;2.2500 gramos y más;2401
34;1;1;2.15 a 19;5.32 a 36;1.Hasta Primaria/C.EGB Completa;1.Menos de 2500 gramos;3
90;2;2;6.35 a 39;5.32 a 36;4.Sin especificar;2.2500 gramos y más;1
02;1;1;6.35 a 39;4.28 a 31;3.Secundario/Polimodal Completa y más;1.Menos de 2500 gramos;9
58;1;1;8.De 45 y más;5.32 a 36;3.Secundario/Polimodal Completa y más;1.Menos de 2500 gramos;2
22;9;1;3.20 a 24;6.37 a 41;1.Hasta Primaria/C.EGB Completa;2.2500 gramos y más;2
02;1;2;5.30 a 34;5.32 a 36;2.Secundaria/Polimodal Incompleta;1.Menos de 2500 gramos;5
82;1;1;5.30 a 34;4.28 a 31;1.Hasta Primaria/C.EGB Completa;1.Menos de 2500 gramos;5
02;1;2;3.20 a 24;3.24 a 27;2.Secundaria/Polimodal Incompleta;1.Menos de 2500 gramos;2
14;1;1;3.20 a 24;6.37 a 41;2.Secundaria/Polimodal Incompleta;2.2500 gramos y más;1641
06;2;1;6.35 a 39;5.32 a 36;4.Sin especificar;3.Sin especificar;1
38;1;2;8.De 45 y más;6.37 a 41;1.Hasta Primaria/C.EGB Completa;2.2500 gramos y más;3
62;1;2;3.20 a 24;7.42 y más;4.Sin especificar;2.2500 gramos y más;1
14;1;1;4.25 a 29;5.32 a 36;1.Hasta Primaria/C.EGB Completa;1.Menos de 2500 gramos;22
34;2;1;4.25 a 29;4.28 a 31;3.Secundario/Polimodal Completa y más;1.Menos de 2500 gramos;1
82;1;2;4.25 a 29;5.32 a 36;3.Secundario/Polimodal Completa y más;1.Menos de 2500 gramos;78
66;1;2;3.20 a 24;8.Sin especificar;4.Sin especificar;3.Sin especificar;1
66;1;2;1.Menor de 15;5.32 a 36;2.Secundaria/Polimodal Incompleta;2.2500 gramos y más;1
18;1;1;8.De 45 y más;6.37 a 41;3.Secundario/Polimodal Completa y más;2.2500 gramos y más;6
78;1;1;6.35 a 39;6.37 a 41;3.Secundario/Polimodal Completa y más;1.Menos de 2500 gramos;5
62;1;1;5.30 a 34;5.32 a 36;1.Hasta Primaria/C.EGB Completa;2.2500 gramos y más;3
18;1;2;5.30 a 34;4.28 a 31;2.Secundaria/Polimodal Incompleta;1.Menos de 2500 gramos;2
06;1;2;3.20 a 24;7.42 y más;2.Secundaria/Polimodal Incompleta;2.2500 gramos y más;22
86;1;1;3.20 a 24;8.Sin especificar;2.Secundaria/Polimodal Incompleta;2.2500 gramos y más;1
90;2;2;3.20 a 24;6.37 a 41;2.Secundaria/Polimodal Incompleta;1.Menos de 2500 gramos;1
22;1;1;6.35 a 39;6.37 a 41;1.Hasta Primaria/C.EGB Completa;1.Menos de 2500 gramos;6
62;1;2;4.25 a 29;5.32 a 36;2.Secundaria/Polimodal Incompleta;2.2500 gramos y más;9
18;1;1;7.40 a 44;5.32 a 36;2.Secundaria/Polimodal Incompleta;1.Menos de 2500 gramos;2
14;1;1;6.35 a 39;5.32 a 36;1.Hasta Primaria/C.EGB Completa;2.2500 gramos y más;13
94;1;1;4.25 a 29;6.37 a 41;2.Secundaria/Polimodal Incompleta;1.Menos de 2500 gramos;2
66;2;1;3.20 a 24;3.24 a 27;1.Hasta Primaria/C.EGB Completa;1.Menos de 2500 gramos;2
18;1;2;3.20 a 24;5.32 a 36;2.Secundaria/Polimodal Incompleta;2.2500 gramos y más;7
18;1;2;6.35 a 39;4.28 a 31;4.Sin especificar;1.Menos de 2500 gramos;2
06;1;2;5.30 a 34;5.32 a 36;3.Secundario/Polimodal Completa y más;3.Sin especificar;12
10;2;1;3.20 a 24;5.32 a 36;3.Secundario/Polimodal Completa y más;1.Menos de 2500 gramos;1
06;1;2;9.Sin especificar;6.37 a 41;1.Hasta Primaria/C.EGB Completa;1.Menos de 2500 gramos;10
34;1;2;5.30 a 34;5.32 a 36;3.Secundario/Polimodal Completa y más;1.Menos de 2500 gramos;12
54;2;2;2.15 a 19;5.32 a 36;1.Hasta Primaria/C.EGB Completa;1.Menos de 2500 gramos;1
14;2;2;2.15 a 19;4.28 a 31;3.Secundario/Polimodal Completa y más;1.Menos de 2500 gramos;2
54;2;2;5.30 a 34;5.32 a 36;2.Secundaria/Polimodal Incompleta;2.2500 gramos y más;1
22;1;2;8.De 45 y más;6.37 a 41;4.Sin especificar;2.2500 gramos y más;1
30;1;1;2.15 a 19;5.32 a 36;2.Secundaria/Polimodal Incompleta;1.Menos de 2500 gramos;16
78;1;2;4.25 a 29;5.32 a 36;3.Secundario/Polimodal Completa y más;2.2500 gramos y más;7
82;1;1;6.35 a 39;6.37 a 41;1.Hasta Primaria/C.EGB Completa;2.2500 gramos y más;360
14;2;2;5.30 a 34;5.32 a 36;3.Secundario/Polimodal Completa y más;2.2500 gramos y más;10
50;1;1;5.30 a 34;6.37 a 41;1.Hasta Primaria/C.EGB Completa;2.2500 gramos y más;271
66;2;2;6.35 a 39;6.37 a 41;1.Hasta Primaria/C.EGB Completa;2.2500 gramos y más;2
14;1;2;5.30 a 34;4.28 a 31;3.Secundario/Polimodal Completa y más;1.Menos de 2500 gramos;12
22;1;1;5.30 a 34;6.37 a 41;1.Hasta Primaria/C.EGB Completa;2.2500 gramos y más;443
06;1;9;2.15 a 19;5.32 a 36;3.Secundario/Polimodal Completa y más;2.2500 gramos y más;1
82;1;1;4.25 a 29;5.32 a 36;4.Sin especificar;2.2500 gramos y más;2
46;1;1;5.30 a 34;3.24 a 27;3.Secundario/Polimodal Completa y más;1.Menos de 2500 gramos;2
42;2;2;5.30 a 34;6.37 a 41;2.Secundaria/Polimodal Incompleta;2.2500 gramos y más;1
22;1;1;6.35 a 39;8.Sin especificar;3.Secundario/Polimodal Completa y más;3.Sin especificar;1
26;1;2;7.40 a 44;6.37 a 41;2.Secundaria/Polimodal Incompleta;2.2500 gramos y más;15
82;1;1;3.20 a 24;8.Sin especificar;3.Secundario/Polimodal Completa y más;2.2500 gramos y más;3
98;1;2;6.35 a 39;6.37 a 41;3.Secundario/Polimodal Completa y más;2.2500 gramos y más;1
34;1;1;3.20 a 24;5.32 a 36;2.Secundaria/Polimodal Incompleta;1.Menos de 2500 gramos;5
58;2;2;6.35 a 39;5.32 a 36;2.Secundaria/Polimodal Incompleta;2.2500 gramos y más;1
22;1;1;1.Menor de 15;4.28 a 31;4.Sin especificar;1.Menos de 2500 gramos;1
54;1;2;3.20 a 24;7.42 y más;2.Secundaria/Polimodal Incompleta;2.2500 gramos y más;4
86;1;1;4.25 a 29;5.32 a 36;3.Secundario/Polimodal Completa y más;1.Menos de 2500 gramos;22
78;1;2;6.35 a 39;5.32 a 36;2.Secundaria/Polimodal Incompleta;1.Menos de 2500 gramos;1
66;1;2;2.15 a 19;8.Sin especificar;3.Secundario/Polimodal Completa y más;2.2500 gramos y más;7
58;1;2;6.35 a 39;5.32 a 36;3.Secundario/Polimodal Completa y más;2.2500 gramos y más;28
02;9;2;5.30 a 34;6.37 a 41;4.Sin especificar;2.2500 gramos y más;92
14;2;1;4.25 a 29;5.32 a 36;2.Secundaria/Polimodal Incompleta;2.2500 gramos y más;2
90;1;1;7.40 a 44;3.24 a 27;2.Secundaria/Polimodal Incompleta;1.Menos de 2500 gramos;1
22;1;9;5.30 a 34;8.Sin especificar;3.Secundario/Polimodal Completa y más;3.Sin especificar;1
90;2;1;2.15 a 19;5.32 a 36;3.Secundario/Polimodal Completa y más;2.2500 gramos y más;1
54;2;1;6.35 a 39;5.32 a 36;3.Secundario/Polimodal Completa y más;2.2500 gramos y más;1
18;2;2;4.25 a 29;5.32 a 36;1.Hasta Primaria/C.EGB Completa;1.Menos de 2500 gramos;4
54;1;2;3.20 a 24;5.32 a 36;3.Secundario/Polimodal Completa y más;2.2500 gramos y más;41
74;2;2;7.40 a 44;6.37 a 41;2.Secundaria/Polimodal Incompleta;2.2500 gramos y más;1
30;1;1;2.15 a 19;8.Sin especificar;1.Hasta Primaria/C.EGB Completa;1.Menos de 2500 gramos;1
14;1;2;2.15 a 19;6.37 a 41;1.Hasta Primaria/C.EGB Completa;2.2500 gramos y más;219
82;2;1;5.30 a 34;5.32 a 36;3.Secundario/Polimodal Completa y más;1.Menos de 2500 gramos;38
54;2;1;6.35 a 39;5.32 a 36;3.Secundario/Polimodal Completa y más;1.Menos de 2500 gramos;5
10;1;2;5.30 a 34;5.32 a 36;3.Secundario/Polimodal Completa y más;1.Menos de 2500 gramos;8
18;1;1;4.25 a 29;4.28 a 31;4.Sin especificar;1.Menos de 2500 gramos;3
06;1;1;9.Sin especificar;3.24 a 27;4.Sin especificar;3.Sin especificar;2
58;1;2;6.35 a 39;3.24 a 27;2.Secundaria/Polimodal Incompleta;1.Menos de 2500 gramos;1
99;1;1;9.Sin especificar;6.37 a 41;3.Secundario/Polimodal Completa y más;2.2500 gramos y más;9
50;1;2;7.40 a 44;6.37 a 41;2.Secundaria/Polimodal Incompleta;1.Menos de 2500 gramos;5
30;1;2;1.Menor de 15;5.32 a 36;2.Secundaria/Polimodal Incompleta;2.2500 gramos y más;1
30;1;2;7.40 a 44;5.32 a 36;1.Hasta Primaria/C.EGB Completa;1.Menos de 2500 gramos;1
18;2;2;4.25 a 29;5.32 a 36;1.Hasta Primaria/C.EGB Completa;2.2500 gramos y más;1
34;1;1;3.20 a 24;5.32 a 36;2.Secundaria/Polimodal Incompleta;2.2500 gramos y más;20
34;1;2;2.15 a 19;2.22 a 23;2.Secundaria/Polimodal Incompleta;1.Menos de 2500 gramos;1
54;1;2;9.Sin especificar;6.37 a 41;3.Secundario/Polimodal Completa y más;2.2500 gramos y más;2
06;1;2;5.30 a 34;5.32 a 36;2.Secundaria/Polimodal Incompleta;2.2500 gramos y más;102
14;1;1;9.Sin especificar;6.37 a 41;4.Sin especificar;3.Sin especificar;1
50;2;1;4.25 a 29;4.28 a 31;2.Secundaria/Polimodal Incompleta;1.Menos de 2500 gramos;2
82;2;1;3.20 a 24;4.28 a 31;2.Secundaria/Polimodal Incompleta;1.Menos de 2500 gramos;6
54;2;1;6.35 a 39;6.37 a 41;1.Hasta Primaria/C.EGB Completa;2.2500 gramos y más;1
90;2;2;8.De 45 y más;5.32 a 36;3.Secundario/Polimodal Completa y más;1.Menos de 2500 gramos;1
46;1;9;6.35 a 39;6.37 a 41;3.Secundario/Polimodal Completa y más;2.2500 gramos y más;1
14;2;2;6.35 a 39;6.37 a 41;3.Secundario/Polimodal Completa y más;1.Menos de 2500 gramos;9
82;2;1;3.20 a 24;5.32 a 36;1.Hasta Primaria/C.EGB Completa;1.Menos de 2500 gramos;1
34;1;2;6.35 a 39;6.37 a 41;2.Secundaria/Polimodal Incompleta;2.2500 gramos y más;42
70;1;2;5.30 a 34;4.28 a 31;1.Hasta Primaria/C.EGB Completa;1.Menos de 2500 gramos;2
14;1;1;2.15 a 19;4.28 a 31;1.Hasta Primaria/C.EGB Completa;1.Menos de 2500 gramos;1
22;2;1;3.20 a 24;6.37 a 41;1.Hasta Primaria/C.EGB Completa;2.2500 gramos y más;9
30;1;2;3.20 a 24;6.37 a 41;4.Sin especificar;2.2500 gramos y más;11
06;1;1;4.25 a 29;8.Sin especificar;1.Hasta Primaria/C.EGB Completa;3.Sin especificar;3
02;1;1;3.20 a 24;6.37 a 41;1.Hasta Primaria/C.EGB Completa;2.2500 gramos y más;218
38;1;1;4.25 a 29;6.37 a 41;3.Secundario/Polimodal Completa y más;2.2500 gramos y más;806
18;1;1;3.20 a 24;4.28 a 31;2.Secundaria/Polimodal Incompleta;2.2500 gramos y más;1
50;1;1;2.15 a 19;6.37 a 41;1.Hasta Primaria/C.EGB Completa;2.2500 gramos y más;82
06;2;2;9.Sin especificar;5.32 a 36;2.Secundaria/Polimodal Incompleta;1.Menos de 2500 gramos;3
90;2;2;7.40 a 44;5.32 a 36;1.Hasta Primaria/C.EGB Completa;1.Menos de 2500 gramos;1
06;2;1;7.40 a 44;6.37 a 41;4.Sin especificar;2.2500 gramos y más;3
38;1;1;3.20 a 24;5.32 a 36;2.Secundaria/Polimodal Incompleta;2.2500 gramos y más;17
82;1;1;1.Menor de 15;6.37 a 41;1.Hasta Primaria/C.EGB Completa;1.Menos de 2500 gramos;1
78;1;2;7.40 a 44;4.28 a 31;3.Secundario/Polimodal Completa y más;1.Menos de 2500 gramos;1
30;2;1;3.20 a 24;6.37 a 41;3.Secundario/Polimodal Completa y más;1.Menos de 2500 gramos;2
42;1;1;5.30 a 34;6.37 a 41;3.Secundario/Polimodal Completa y más;2.2500 gramos y más;250
90;1;2;5.30 a 34;8.Sin especificar;1.Hasta Primaria/C.EGB Completa;2.2500 gramos y más;4
70;1;1;6.35 a 39;5.32 a 36;3.Secundario/Polimodal Completa y más;1.Menos de 2500 gramos;11
90;1;2;4.25 a 29;2.22 a 23;2.Secundaria/Polimodal Incompleta;1.Menos de 2500 gramos;1
22;2;1;5.30 a 34;4.28 a 31;3.Secundario/Polimodal Completa y más;1.Menos de 2500 gramos;4
22;2;1;6.35 a 39;5.32 a 36;3.Secundario/Polimodal Completa y más;1.Menos de 2500 gramos;1
58;2;1;3.20 a 24;5.32 a 36;2.Secundaria/Polimodal Incompleta;1.Menos de 2500 gramos;3
14;2;2;5.30 a 34;5.32 a 36;2.Secundaria/Polimodal Incompleta;2.2500 gramos y más;1
74;1;2;4.25 a 29;5.32 a 36;3.Secundario/Polimodal Completa y más;1.Menos de 2500 gramos;9
90;2;1;6.35 a 39;5.32 a 36;1.Hasta Primaria/C.EGB Completa;1.Menos de 2500 gramos;3
50;1;1;3.20 a 24;6.37 a 41;3.Secundario/Polimodal Completa y más;2.2500 gramos y más;1101
62;1;2;5.30 a 34;6.37 a 41;3.Secundario/Polimodal Completa y más;3.Sin especificar;3
06;1;1;5.30 a 34;5.32 a 36;4.Sin especificar;1.Menos de 2500 gramos;53
50;1;2;7.40 a 44;5.32 a 36;2.Secundaria/Polimodal Incompleta;1.Menos de 2500 gramos;9
22;9;2;3.20 a 24;5.32 a 36;3.Secundario/Polimodal Completa y más;2.2500 gramos y más;1
46;1;2;2.15 a 19;5.32 a 36;3.Secundario/Polimodal Completa y más;1.Menos de 2500 gramos;1
06;1;2;9.Sin especificar;8.Sin especificar;3.Secundario/Polimodal Completa y más;2.2500 gramos y más;9
26;2;2;6.35 a 39;6.37 a 41;3.Secundario/Polimodal Completa y más;1.Menos de 2500 gramos;1
74;1;2;3.20 a 24;5.32 a 36;4.Sin especificar;1.Menos de 2500 gramos;4
54;1;1;7.40 a 44;4.28 a 31;3.Secundario/Polimodal Completa y más;1.Menos de 2500 gramos;1
58;1;2;2.15 a 19;8.Sin especificar;2.Secundaria/Polimodal Incompleta;2.2500 gramos y más;1
02;9;1;6.35 a 39;6.37 a 41;4.Sin especificar;1.Menos de 2500 gramos;2
14;2;1;4.25 a 29;6.37 a 41;2.Secundaria/Polimodal Incompleta;2.2500 gramos y más;14
14;1;1;9.Sin especificar;8.Sin especificar;4.Sin especificar;3.Sin especificar;3
90;2;2;5.30 a 34;3.24 a 27;1.Hasta Primaria/C.EGB Completa;1.Menos de 2500 gramos;1
06;2;2;5.30 a 34;6.37 a 41;1.Hasta Primaria/C.EGB Completa;1.Menos de 2500 gramos;10
02;2;1;5.30 a 34;6.37 a 41;3.Secundario/Polimodal Completa y más;2.2500 gramos y más;19
30;1;2;2.15 a 19;4.28 a 31;1.Hasta Primaria/C.EGB Completa;1.Menos de 2500 gramos;1
94;1;2;3.20 a 24;6.37 a 41;2.Secundaria/Polimodal Incompleta;1.Menos de 2500 gramos;2
90;2;2;5.30 a 34;6.37 a 41;1.Hasta Primaria/C.EGB Completa;1.Menos de 2500 gramos;1
10;1;1;3.20 a 24;6.37 a 41;2.Secundaria/Polimodal Incompleta;2.2500 gramos y más;130
82;1;1;6.35 a 39;5.32 a 36;3.Secundario/Polimodal Completa y más;1.Menos de 2500 gramos;85
14;1;2;5.30 a 34;8.Sin especificar;1.Hasta Primaria/C.EGB Completa;3.Sin especificar;1
22;1;2;7.40 a 44;6.37 a 41;2.Secundaria/Polimodal Incompleta;2.2500 gramos y más;28
06;1;1;5.30 a 34;4.28 a 31;2.Secundaria/Polimodal Incompleta;3.Sin especificar;2
14;1;2;3.20 a 24;6.37 a 41;3.Secundario/Polimodal Completa y más;1.Menos de 2500 gramos;56
38;2;1;4.25 a 29;6.37 a 41;1.Hasta Primaria/C.EGB Completa;2.2500 gramos y más;1
30;1;2;7.40 a 44;6.37 a 41;2.Secundaria/Polimodal Incompleta;2.2500 gramos y más;38
06;2;2;4.25 a 29;4.28 a 31;3.Secundario/Polimodal Completa y más;1.Menos de 2500 gramos;12
06;1;2;8.De 45 y más;4.28 a 31;3.Secundario/Polimodal Completa y más;1.Menos de 2500 gramos;2
50;1;1;5.30 a 34;5.32 a 36;3.Secundario/Polimodal Completa y más;2.2500 gramos y más;54
02;1;1;6.35 a 39;6.37 a 41;1.Hasta Primaria/C.EGB Completa;2.2500 gramos y más;228
26;1;2;5.30 a 34;5.32 a 36;4.Sin especificar;1.Menos de 2500 gramos;2
34;1;1;4.25 a 29;5.32 a 36;3.Secundario/Polimodal Completa y más;1.Menos de 2500 gramos;13
30;1;1;3.20 a 24;4.28 a 31;3.Secundario/Polimodal Completa y más;1.Menos de 2500 gramos;5
46;1;1;4.25 a 29;4.28 a 31;1.Hasta Primaria/C.EGB Completa;1.Menos de 2500 gramos;1
06;1;1;2.15 a 19;8.Sin especificar;3.Secundario/Polimodal Completa y más;1.Menos de 2500 gramos;1
06;1;1;3.20 a 24;4.28 a 31;3.Secundario/Polimodal Completa y más;2.2500 gramos y más;4
06;2;2;8.De 45 y más;6.37 a 41;3.Secundario/Polimodal Completa y más;1.Menos de 2500 gramos;3
02;1;1;6.35 a 39;5.32 a 36;3.Secundario/Polimodal Completa y más;2.2500 gramos y más;86
02;1;2;1.Menor de 15;6.37 a 41;4.Sin especificar;2.2500 gramos y más;1
98;1;1;6.35 a 39;6.37 a 41;3.Secundario/Polimodal Completa y más;2.2500 gramos y más;1
86;1;1;5.30 a 34;5.32 a 36;1.Hasta Primaria/C.EGB Completa;1.Menos de 2500 gramos;20
86;1;1;6.35 a 39;5.32 a 36;2.Secundaria/Polimodal Incompleta;2.2500 gramos y más;9
58;1;1;5.30 a 34;6.37 a 41;1.Hasta Primaria/C.EGB Completa;1.Menos de 2500 gramos;1
06;1;2;1.Menor de 15;5.32 a 36;1.Hasta Primaria/C.EGB Completa;1.Menos de 2500 gramos;4
99;1;1;3.20 a 24;5.32 a 36;1.Hasta Primaria/C.EGB Completa;1.Menos de 2500 gramos;1
02;2;1;5.30 a 34;5.32 a 36;1.Hasta Primaria/C.EGB Completa;1.Menos de 2500 gramos;2
26;1;1;2.15 a 19;5.32 a 36;3.Secundario/Polimodal Completa y más;2.2500 gramos y más;3
38;1;1;4.25 a 29;4.28 a 31;1.Hasta Primaria/C.EGB Completa;1.Menos de 2500 gramos;1
30;2;1;6.35 a 39;5.32 a 36;3.Secundario/Polimodal Completa y más;1.Menos de 2500 gramos;13
06;2;1;8.De 45 y más;3.24 a 27;4.Sin especificar;1.Menos de 2500 gramos;1
06;1;1;3.20 a 24;2.22 a 23;4.Sin especificar;1.Menos de 2500 gramos;1
18;1;1;2.15 a 19;5.32 a 36;2.Secundaria/Polimodal Incompleta;2.2500 gramos y más;12
06;9;9;5.30 a 34;8.Sin especificar;4.Sin especificar;3.Sin especificar;1
30;2;2;3.20 a 24;5.32 a 36;1.Hasta Primaria/C.EGB Completa;1.Menos de 2500 gramos;5
66;1;1;1.Menor de 15;8.Sin especificar;1.Hasta Primaria/C.EGB Completa;2.2500 gramos y más;1
54;2;1;4.25 a 29;5.32 a 36;3.Secundario/Polimodal Completa y más;2.2500 gramos y más;1
94;1;2;4.25 a 29;6.37 a 41;3.Secundario/Polimodal Completa y más;1.Menos de 2500 gramos;4
50;2;2;2.15 a 19;6.37 a 41;2.Secundaria/Polimodal Incompleta;1.Menos de 2500 gramos;2
06;1;1;2.15 a 19;6.37 a 41;3.Secundario/Polimodal Completa y más;1.Menos de 2500 gramos;35
34;1;1;5.30 a 34;6.37 a 41;3.Secundario/Polimodal Completa y más;1.Menos de 2500 gramos;1
02;1;1;6.35 a 39;3.24 a 27;3.Secundario/Polimodal Completa y más;1.Menos de 2500 gramos;3
26;1;2;4.25 a 29;4.28 a 31;4.Sin especificar;1.Menos de 2500 gramos;2
70;2;1;5.30 a 34;5.32 a 36;2.Secundaria/Polimodal Incompleta;2.2500 gramos y más;1
66;1;2;4.25 a 29;6.37 a 41;4.Sin especificar;1.Menos de 2500 gramos;1
18;1;2;4.25 a 29;6.37 a 41;1.Hasta Primaria/C.EGB Completa;2.2500 gramos y más;224
46;1;1;2.15 a 19;5.32 a 36;2.Secundaria/Polimodal Incompleta;1.Menos de 2500 gramos;2
22;1;2;7.40 a 44;6.37 a 41;3.Secundario/Polimodal Completa y más;2.2500 gramos y más;111
62;1;2;4.25 a 29;5.32 a 36;3.Secundario/Polimodal Completa y más;1.Menos de 2500 gramos;9
94;9;2;6.35 a 39;5.32 a 36;4.Sin especificar;1.Menos de 2500 gramos;1
74;1;2;4.25 a 29;6.37 a 41;1.Hasta Primaria/C.EGB Completa;2.2500 gramos y más;56
66;1;2;6.35 a 39;8.Sin especificar;3.Secundario/Polimodal Completa y más;2.2500 gramos y más;19
66;1;1;5.30 a 34;5.32 a 36;3.Secundario/Polimodal Completa y más;2.2500 gramos y más;79
34;1;2;3.20 a 24;5.32 a 36;4.Sin especificar;2.2500 gramos y más;20
78;1;1;5.30 a 34;5.32 a 36;3.Secundario/Polimodal Completa y más;1.Menos de 2500 gramos;6
70;2;2;7.40 a 44;2.22 a 23;3.Secundario/Polimodal Completa y más;1.Menos de 2500 gramos;1
06;1;9;6.35 a 39;5.32 a 36;3.Secundario/Polimodal Completa y más;2.2500 gramos y más;2
86;1;1;5.30 a 34;7.42 y más;2.Secundaria/Polimodal Incompleta;2.2500 gramos y más;3
46;1;1;5.30 a 34;6.37 a 41;3.Secundario/Polimodal Completa y más;1.Menos de 2500 gramos;7
50;1;2;7.40 a 44;4.28 a 31;1.Hasta Primaria/C.EGB Completa;1.Menos de 2500 gramos;2
22;1;2;6.35 a 39;5.32 a 36;1.Hasta Primaria/C.EGB Completa;1.Menos de 2500 gramos;8
30;1;1;2.15 a 19;5.32 a 36;3.Secundario/Polimodal Completa y más;2.2500 gramos y más;3
14;1;1;2.15 a 19;6.37 a 41;3.Secundario/Polimodal Completa y más;2.2500 gramos y más;257
26;2;1;4.25 a 29;5.32 a 36;3.Secundario/Polimodal Completa y más;1.Menos de 2500 gramos;1
30;1;2;8.De 45 y más;6.37 a 41;2.Secundaria/Polimodal Incompleta;2.2500 gramos y más;1
22;9;1;2.15 a 19;8.Sin especificar;3.Secundario/Polimodal Completa y más;2.2500 gramos y más;1
70;1;1;7.40 a 44;6.37 a 41;3.Secundario/Polimodal Completa y más;1.Menos de 2500 gramos;4
90;2;1;4.25 a 29;7.42 y más;2.Secundaria/Polimodal Incompleta;2.2500 gramos y más;2
82;1;2;2.15 a 19;2.22 a 23;2.Secundaria/Polimodal Incompleta;1.Menos de 2500 gramos;1
30;2;1;6.35 a 39;6.37 a 41;3.Secundario/Polimodal Completa y más;1.Menos de 2500 gramos;2
66;1;1;4.25 a 29;5.32 a 36;3.Secundario/Polimodal Completa y más;2.2500 gramos y más;70
14;1;2;4.25 a 29;7.42 y más;1.Hasta Primaria/C.EGB Completa;2.2500 gramos y más;4
74;2;1;5.30 a 34;6.37 a 41;3.Secundario/Polimodal Completa y más;2.2500 gramos y más;3
02;1;2;3.20 a 24;6.37 a 41;2.Secundaria/Polimodal Incompleta;2.2500 gramos y más;273
10;1;1;2.15 a 19;6.37 a 41;1.Hasta Primaria/C.EGB Completa;3.Sin especificar;1
42;1;1;4.25 a 29;5.32 a 36;3.Secundario/Polimodal Completa y más;1.Menos de 2500 gramos;14
70;2;1;2.15 a 19;6.37 a 41;2.Secundaria/Polimodal Incompleta;2.2500 gramos y más;1
26;1;1;2.15 a 19;6.37 a 41;4.Sin especificar;2.2500 gramos y más;28
46;1;2;6.35 a 39;7.42 y más;3.Secundario/Polimodal Completa y más;2.2500 gramos y más;1
30;2;2;6.35 a 39;6.37 a 41;3.Secundario/Polimodal Completa y más;2.2500 gramos y más;10
90;1;1;3.20 a 24;6.37 a 41;3.Secundario/Polimodal Completa y más;1.Menos de 2500 gramos;24
70;1;1;4.25 a 29;6.37 a 41;3.Secundario/Polimodal Completa y más;2.2500 gramos y más;783
06;1;2;9.Sin especificar;6.37 a 41;3.Secundario/Polimodal Completa y más;3.Sin especificar;16
90;2;2;4.25 a 29;5.32 a 36;1.Hasta Primaria/C.EGB Completa;1.Menos de 2500 gramos;7
99;1;1;2.15 a 19;6.37 a 41;2.Secundaria/Polimodal Incompleta;2.2500 gramos y más;4
82;2;2;4.25 a 29;6.37 a 41;1.Hasta Primaria/C.EGB Completa;1.Menos de 2500 gramos;1
06;1;1;2.15 a 19;1.Menos de 22;1.Hasta Primaria/C.EGB Completa;1.Menos de 2500 gramos;1
06;1;2;2.15 a 19;5.32 a 36;3.Secundario/Polimodal Completa y más;1.Menos de 2500 gramos;47
22;1;2;7.40 a 44;4.28 a 31;2.Secundaria/Polimodal Incompleta;1.Menos de 2500 gramos;1
66;1;1;4.25 a 29;8.Sin especificar;1.Hasta Primaria/C.EGB Completa;1.Menos de 2500 gramos;2
22;1;2;3.20 a 24;6.37 a 41;1.Hasta Primaria/C.EGB Completa;1.Menos de 2500 gramos;25
14;1;1;6.35 a 39;5.32 a 36;3.Secundario/Polimodal Completa y más;1.Menos de 2500 gramos;79
70;2;1;4.25 a 29;6.37 a 41;2.Secundaria/Polimodal Incompleta;2.2500 gramos y más;5
22;1;1;8.De 45 y más;6.37 a 41;3.Secundario/Polimodal Completa y más;2.2500 gramos y más;8
58;1;1;6.35 a 39;6.37 a 41;3.Secundario/Polimodal Completa y más;1.Menos de 2500 gramos;6
62;2;2;6.35 a 39;5.32 a 36;2.Secundaria/Polimodal Incompleta;2.2500 gramos y más;1
30;1;2;2.15 a 19;5.32 a 36;2.Secundaria/Polimodal Incompleta;2.2500 gramos y más;19
66;1;1;4.25 a 29;8.Sin especificar;4.Sin especificar;2.2500 gramos y más;2
06;1;2;4.25 a 29;6.37 a 41;4.Sin especificar;3.Sin especificar;44
54;1;1;1.Menor de 15;5.32 a 36;1.Hasta Primaria/C.EGB Completa;1.Menos de 2500 gramos;1
34;1;1;1.Menor de 15;5.32 a 36;4.Sin especificar;1.Menos de 2500 gramos;3
38;1;2;2.15 a 19;5.32 a 36;3.Secundario/Polimodal Completa y más;2.2500 gramos y más;5
38;2;2;3.20 a 24;5.32 a 36;2.Secundaria/Polimodal Incompleta;2.2500 gramos y más;1
50;1;2;4.25 a 29;5.32 a 36;1.Hasta Primaria/C.EGB Completa;1.Menos de 2500 gramos;9
18;1;2;2.15 a 19;4.28 a 31;4.Sin especificar;1.Menos de 2500 gramos;3
58;1;2;4.25 a 29;6.37 a 41;1.Hasta Primaria/C.EGB Completa;2.2500 gramos y más;77
58;1;1;7.40 a 44;6.37 a 41;3.Secundario/Polimodal Completa y más;1.Menos de 2500 gramos;2
74;2;2;7.40 a 44;6.37 a 41;2.Secundaria/Polimodal Incompleta;1.Menos de 2500 gramos;1
06;9;1;6.35 a 39;6.37 a 41;4.Sin especificar;2.2500 gramos y más;37
14;1;1;8.De 45 y más;3.24 a 27;3.Secundario/Polimodal Completa y más;1.Menos de 2500 gramos;1
10;2;1;6.35 a 39;6.37 a 41;3.Secundario/Polimodal Completa y más;1.Menos de 2500 gramos;5
06;1;1;2.15 a 19;8.Sin especificar;2.Secundaria/Polimodal Incompleta;1.Menos de 2500 gramos;1
90;1;2;3.20 a 24;5.32 a 36;4.Sin especificar;2.2500 gramos y más;1
18;1;2;4.25 a 29;4.28 a 31;1.Hasta Primaria/C.EGB Completa;1.Menos de 2500 gramos;3
50;1;1;3.20 a 24;5.32 a 36;2.Secundaria/Polimodal Incompleta;2.2500 gramos y más;31
58;1;1;5.30 a 34;6.37 a 41;4.Sin especificar;2.2500 gramos y más;6
99;1;1;3.20 a 24;8.Sin especificar;3.Secundario/Polimodal Completa y más;2.2500 gramos y más;1
30;1;1;4.25 a 29;8.Sin especificar;4.Sin especificar;3.Sin especificar;1
18;1;2;6.35 a 39;7.42 y más;2.Secundaria/Polimodal Incompleta;2.2500 gramos y más;1
82;2;2;6.35 a 39;5.32 a 36;3.Secundario/Polimodal Completa y más;1.Menos de 2500 gramos;37
54;1;1;3.20 a 24;7.42 y más;4.Sin especificar;2.2500 gramos y más;2
26;1;2;3.20 a 24;6.37 a 41;1.Hasta Primaria/C.EGB Completa;1.Menos de 2500 gramos;3
26;1;2;6.35 a 39;5.32 a 36;1.Hasta Primaria/C.EGB Completa;2.2500 gramos y más;2
10;1;2;5.30 a 34;8.Sin especificar;3.Secundario/Polimodal Completa y más;1.Menos de 2500 gramos;1
30;2;2;6.35 a 39;5.32 a 36;3.Secundario/Polimodal Completa y más;2.2500 gramos y más;3
90;1;2;6.35 a 39;6.37 a 41;3.Secundario/Polimodal Completa y más;3.Sin especificar;3
82;1;1;7.40 a 44;4.28 a 31;1.Hasta Primaria/C.EGB Completa;1.Menos de 2500 gramos;5
34;1;1;4.25 a 29;6.37 a 41;1.Hasta Primaria/C.EGB Completa;1.Menos de 2500 gramos;5
90;1;1;2.15 a 19;4.28 a 31;3.Secundario/Polimodal Completa y más;1.Menos de 2500 gramos;2
82;1;1;6.35 a 39;5.32 a 36;2.Secundaria/Polimodal Incompleta;2.2500 gramos y más;26
62;2;2;6.35 a 39;5.32 a 36;3.Secundario/Polimodal Completa y más;1.Menos de 2500 gramos;3
82;1;2;2.15 a 19;7.42 y más;1.Hasta Primaria/C.EGB Completa;2.2500 gramos y más;1
38;1;2;6.35 a 39;6.37 a 41;2.Secundaria/Polimodal Incompleta;1.Menos de 2500 gramos;1
70;1;2;6.35 a 39;6.37 a 41;1.Hasta Primaria/C.EGB Completa;1.Menos de 2500 gramos;2
82;1;2;7.40 a 44;5.32 a 36;1.Hasta Primaria/C.EGB Completa;2.2500 gramos y más;13
06;2;1;4.25 a 29;5.32 a 36;3.Secundario/Polimodal Completa y más;2.2500 gramos y más;21
54;1;2;3.20 a 24;5.32 a 36;1.Hasta Primaria/C.EGB Completa;1.Menos de 2500 gramos;18
82;2;1;4.25 a 29;5.32 a 36;3.Secundario/Polimodal Completa y más;1.Menos de 2500 gramos;23
86;1;1;2.15 a 19;7.42 y más;1.Hasta Primaria/C.EGB Completa;2.2500 gramos y más;4
34;1;1;4.25 a 29;4.28 a 31;3.Secundario/Polimodal Completa y más;2.2500 gramos y más;1
06;1;1;7.40 a 44;7.42 y más;2.Secundaria/Polimodal Incompleta;1.Menos de 2500 gramos;1
90;1;2;3.20 a 24;7.42 y más;2.Secundaria/Polimodal Incompleta;2.2500 gramos y más;28
74;1;2;2.15 a 19;5.32 a 36;3.Secundario/Polimodal Completa y más;1.Menos de 2500 gramos;3
54;2;1;6.35 a 39;4.28 a 31;4.Sin especificar;1.Menos de 2500 gramos;1
90;1;2;5.30 a 34;6.37 a 41;1.Hasta Primaria/C.EGB Completa;2.2500 gramos y más;329
54;1;1;4.25 a 29;3.24 a 27;2.Secundaria/Polimodal Incompleta;1.Menos de 2500 gramos;2
02;1;2;7.40 a 44;5.32 a 36;4.Sin especificar;1.Menos de 2500 gramos;1
70;1;2;4.25 a 29;4.28 a 31;3.Secundario/Polimodal Completa y más;1.Menos de 2500 gramos;4
10;1;1;3.20 a 24;4.28 a 31;3.Secundario/Polimodal Completa y más;1.Menos de 2500 gramos;2
90;1;1;2.15 a 19;7.42 y más;1.Hasta Primaria/C.EGB Completa;2.2500 gramos y más;12
78;1;2;5.30 a 34;5.32 a 36;2.Secundaria/Polimodal Incompleta;2.2500 gramos y más;2
70;1;2;1.Menor de 15;6.37 a 41;2.Secundaria/Polimodal Incompleta;2.2500 gramos y más;2
90;2;1;6.35 a 39;6.37 a 41;1.Hasta Primaria/C.EGB Completa;1.Menos de 2500 gramos;1
90;1;1;1.Menor de 15;6.37 a 41;2.Secundaria/Polimodal Incompleta;2.2500 gramos y más;16
06;1;9;8.De 45 y más;6.37 a 41;3.Secundario/Polimodal Completa y más;2.2500 gramos y más;1
22;1;2;2.15 a 19;8.Sin especificar;2.Secundaria/Polimodal Incompleta;2.2500 gramos y más;2
70;1;2;3.20 a 24;5.32 a 36;3.Secundario/Polimodal Completa y más;1.Menos de 2500 gramos;15
14;1;1;4.25 a 29;8.Sin especificar;2.Secundaria/Polimodal Incompleta;2.2500 gramos y más;2
78;1;1;2.15 a 19;5.32 a 36;1.Hasta Primaria/C.EGB Completa;2.2500 gramos y más;1
62;2;1;4.25 a 29;6.37 a 41;3.Secundario/Polimodal Completa y más;2.2500 gramos y más;2
22;1;1;8.De 45 y más;6.37 a 41;1.Hasta Primaria/C.EGB Completa;2.2500 gramos y más;4
50;2;2;3.20 a 24;6.37 a 41;3.Secundario/Polimodal Completa y más;2.2500 gramos y más;2
22;1;2;4.25 a 29;5.32 a 36;1.Hasta Primaria/C.EGB Completa;2.2500 gramos y más;13
02;1;2;4.25 a 29;6.37 a 41;3.Secundario/Polimodal Completa y más;2.2500 gramos y más;1276
58;1;1;3.20 a 24;5.32 a 36;2.Secundaria/Polimodal Incompleta;1.Menos de 2500 gramos;7
06;2;1;4.25 a 29;4.28 a 31;3.Secundario/Polimodal Completa y más;3.Sin especificar;1
82;1;2;5.30 a 34;6.37 a 41;2.Secundaria/Polimodal Incompleta;2.2500 gramos y más;659
22;2;1;5.30 a 34;6.37 a 41;1.Hasta Primaria/C.EGB Completa;1.Menos de 2500 gramos;1
42;1;1;7.40 a 44;6.37 a 41;3.Secundario/Polimodal Completa y más;2.2500 gramos y más;49
06;1;1;6.35 a 39;6.37 a 41;4.Sin especificar;1.Menos de 2500 gramos;29
66;1;2;2.15 a 19;4.28 a 31;2.Secundaria/Polimodal Incompleta;1.Menos de 2500 gramos;4
30;1;1;3.20 a 24;4.28 a 31;3.Secundario/Polimodal Completa y más;2.2500 gramos y más;1
22;1;1;5.30 a 34;6.37 a 41;2.Secundaria/Polimodal Incompleta;2.2500 gramos y más;242
90;1;2;4.25 a 29;6.37 a 41;3.Secundario/Polimodal Completa y más;2.2500 gramos y más;1529
34;1;2;2.15 a 19;5.32 a 36;2.Secundaria/Polimodal Incompleta;1.Menos de 2500 gramos;10
22;1;2;6.35 a 39;8.Sin especificar;1.Hasta Primaria/C.EGB Completa;3.Sin especificar;2
90;1;2;6.35 a 39;6.37 a 41;3.Secundario/Polimodal Completa y más;2.2500 gramos y más;778
90;1;2;4.25 a 29;5.32 a 36;4.Sin especificar;2.2500 gramos y más;1
06;2;2;7.40 a 44;5.32 a 36;2.Secundaria/Polimodal Incompleta;1.Menos de 2500 gramos;5
18;1;1;6.35 a 39;6.37 a 41;1.Hasta Primaria/C.EGB Completa;2.2500 gramos y más;119
50;1;2;4.25 a 29;8.Sin especificar;3.Secundario/Polimodal Completa y más;1.Menos de 2500 gramos;1
82;1;1;4.25 a 29;2.22 a 23;1.Hasta Primaria/C.EGB Completa;1.Menos de 2500 gramos;1
22;1;1;2.15 a 19;7.42 y más;1.Hasta Primaria/C.EGB Completa;2.2500 gramos y más;5
38;1;2;2.15 a 19;5.32 a 36;2.Secundaria/Polimodal Incompleta;1.Menos de 2500 gramos;10
70;1;1;6.35 a 39;6.37 a 41;1.Hasta Primaria/C.EGB Completa;2.2500 gramos y más;70
90;1;2;4.25 a 29;6.37 a 41;3.Secundario/Polimodal Completa y más;1.Menos de 2500 gramos;46
46;1;1;2.15 a 19;6.37 a 41;2.Secundaria/Polimodal Incompleta;1.Menos de 2500 gramos;3
38;2;2;2.15 a 19;4.28 a 31;2.Secundaria/Polimodal Incompleta;1.Menos de 2500 gramos;2
22;1;1;1.Menor de 15;6.37 a 41;4.Sin especificar;2.2500 gramos y más;1
99;1;2;9.Sin especificar;6.37 a 41;4.Sin especificar;3.Sin especificar;1
98;1;1;6.35 a 39;6.37 a 41;3.Secundario/Polimodal Completa y más;1.Menos de 2500 gramos;1
82;1;1;6.35 a 39;8.Sin especificar;1.Hasta Primaria/C.EGB Completa;2.2500 gramos y más;1
06;1;9;5.30 a 34;6.37 a 41;2.Secundaria/Polimodal Incompleta;2.2500 gramos y más;21
06;9;1;5.30 a 34;4.28 a 31;4.Sin especificar;1.Menos de 2500 gramos;1
30;2;2;3.20 a 24;6.37 a 41;1.Hasta Primaria/C.EGB Completa;1.Menos de 2500 gramos;1
42;1;2;4.25 a 29;6.37 a 41;2.Secundaria/Polimodal Incompleta;2.2500 gramos y más;105
02;1;1;5.30 a 34;6.37 a 41;4.Sin especificar;1.Menos de 2500 gramos;2
06;2;1;4.25 a 29;5.32 a 36;4.Sin especificar;3.Sin especificar;1
10;1;1;2.15 a 19;6.37 a 41;2.Secundaria/Polimodal Incompleta;2.2500 gramos y más;122
06;1;2;7.40 a 44;7.42 y más;3.Secundario/Polimodal Completa y más;2.2500 gramos y más;2
26;1;2;4.25 a 29;5.32 a 36;2.Secundaria/Polimodal Incompleta;2.2500 gramos y más;7
54;1;1;3.20 a 24;7.42 y más;2.Secundaria/Polimodal Incompleta;2.2500 gramos y más;1
22;2;2;2.15 a 19;5.32 a 36;3.Secundario/Polimodal Completa y más;1.Menos de 2500 gramos;3
70;1;2;7.40 a 44;6.37 a 41;3.Secundario/Polimodal Completa y más;1.Menos de 2500 gramos;1
86;1;2;6.35 a 39;6.37 a 41;3.Secundario/Polimodal Completa y más;2.2500 gramos y más;287
06;1;2;2.15 a 19;8.Sin especificar;2.Secundaria/Polimodal Incompleta;1.Menos de 2500 gramos;4
70;1;2;8.De 45 y más;6.37 a 41;2.Secundaria/Polimodal Incompleta;2.2500 gramos y más;2
62;1;1;6.35 a 39;6.37 a 41;4.Sin especificar;1.Menos de 2500 gramos;2
10;1;1;2.15 a 19;6.37 a 41;2.Secundaria/Polimodal Incompleta;1.Menos de 2500 gramos;4
26;1;1;3.20 a 24;6.37 a 41;2.Secundaria/Polimodal Incompleta;1.Menos de 2500 gramos;4
06;1;1;7.40 a 44;8.Sin especificar;3.Secundario/Polimodal Completa y más;3.Sin especificar;2
50;2;2;6.35 a 39;5.32 a 36;1.Hasta Primaria/C.EGB Completa;1.Menos de 2500 gramos;1
54;1;2;7.40 a 44;5.32 a 36;1.Hasta Primaria/C.EGB Completa;2.2500 gramos y más;9
78;1;2;5.30 a 34;5.32 a 36;3.Secundario/Polimodal Completa y más;1.Menos de 2500 gramos;6
06;1;2;4.25 a 29;7.42 y más;3.Secundario/Polimodal Completa y más;2.2500 gramos y más;42
54;2;2;5.30 a 34;5.32 a 36;3.Secundario/Polimodal Completa y más;2.2500 gramos y más;1
62;1;1;6.35 a 39;5.32 a 36;2.Secundaria/Polimodal Incompleta;2.2500 gramos y más;7
38;1;2;7.40 a 44;6.37 a 41;1.Hasta Primaria/C.EGB Completa;2.2500 gramos y más;22
66;1;1;4.25 a 29;7.42 y más;1.Hasta Primaria/C.EGB Completa;2.2500 gramos y más;3
54;1;1;7.40 a 44;5.32 a 36;2.Secundaria/Polimodal Incompleta;2.2500 gramos y más;4
14;2;2;5.30 a 34;5.32 a 36;2.Secundaria/Polimodal Incompleta;1.Menos de 2500 gramos;6
66;1;1;4.25 a 29;4.28 a 31;3.Secundario/Polimodal Completa y más;2.2500 gramos y más;1
58;1;2;3.20 a 24;6.37 a 41;4.Sin especificar;2.2500 gramos y más;5
34;2;1;3.20 a 24;5.32 a 36;3.Secundario/Polimodal Completa y más;1.Menos de 2500 gramos;1
78;1;2;2.15 a 19;5.32 a 36;1.Hasta Primaria/C.EGB Completa;1.Menos de 2500 gramos;1
70;1;2;4.25 a 29;6.37 a 41;3.Secundario/Polimodal Completa y más;1.Menos de 2500 gramos;28
90;2;1;7.40 a 44;6.37 a 41;3.Secundario/Polimodal Completa y más;2.2500 gramos y más;1
50;1;2;7.40 a 44;5.32 a 36;2.Secundaria/Polimodal Incompleta;2.2500 gramos y más;3
62;1;2;2.15 a 19;5.32 a 36;2.Secundaria/Polimodal Incompleta;2.2500 gramos y más;7
06;1;1;1.Menor de 15;2.22 a 23;1.Hasta Primaria/C.EGB Completa;1.Menos de 2500 gramos;1
86;1;1;2.15 a 19;5.32 a 36;2.Secundaria/Polimodal Incompleta;2.2500 gramos y más;12
02;1;2;4.25 a 29;7.42 y más;1.Hasta Primaria/C.EGB Completa;2.2500 gramos y más;1
99;2;1;5.30 a 34;5.32 a 36;3.Secundario/Polimodal Completa y más;1.Menos de 2500 gramos;1
90;2;2;3.20 a 24;4.28 a 31;1.Hasta Primaria/C.EGB Completa;1.Menos de 2500 gramos;2
14;1;1;3.20 a 24;6.37 a 41;3.Secundario/Polimodal Completa y más;3.Sin especificar;7
10;1;2;4.25 a 29;5.32 a 36;3.Secundario/Polimodal Completa y más;2.2500 gramos y más;16
34;1;1;3.20 a 24;3.24 a 27;1.Hasta Primaria/C.EGB Completa;1.Menos de 2500 gramos;1
06;1;1;2.15 a 19;4.28 a 31;1.Hasta Primaria/C.EGB Completa;1.Menos de 2500 gramos;8
14;1;1;8.De 45 y más;6.37 a 41;1.Hasta Primaria/C.EGB Completa;1.Menos de 2500 gramos;1
22;9;2;3.20 a 24;8.Sin especificar;3.Secundario/Polimodal Completa y más;3.Sin especificar;1
42;1;1;7.40 a 44;6.37 a 41;1.Hasta Primaria/C.EGB Completa;2.2500 gramos y más;9
62;1;1;6.35 a 39;5.32 a 36;4.Sin especificar;1.Menos de 2500 gramos;5
86;1;1;2.15 a 19;1.Menos de 22;1.Hasta Primaria/C.EGB Completa;1.Menos de 2500 gramos;1
46;2;1;4.25 a 29;6.37 a 41;3.Secundario/Polimodal Completa y más;1.Menos de 2500 gramos;2
42;1;1;6.35 a 39;6.37 a 41;2.Secundaria/Polimodal Incompleta;2.2500 gramos y más;70
06;1;2;9.Sin especificar;4.28 a 31;2.Secundaria/Polimodal Incompleta;3.Sin especificar;1
22;2;1;2.15 a 19;5.32 a 36;2.Secundaria/Polimodal Incompleta;1.Menos de 2500 gramos;5
62;1;1;2.15 a 19;6.37 a 41;3.Secundario/Polimodal Completa y más;1.Menos de 2500 gramos;1
62;1;2;3.20 a 24;4.28 a 31;2.Secundaria/Polimodal Incompleta;1.Menos de 2500 gramos;1
34;1;2;2.15 a 19;5.32 a 36;1.Hasta Primaria/C.EGB Completa;2.2500 gramos y más;10
02;2;1;6.35 a 39;5.32 a 36;3.Secundario/Polimodal Completa y más;1.Menos de 2500 gramos;41
54;1;2;6.35 a 39;6.37 a 41;1.Hasta Primaria/C.EGB Completa;2.2500 gramos y más;300
06;1;2;2.15 a 19;6.37 a 41;1.Hasta Primaria/C.EGB Completa;3.Sin especificar;10
22;1;2;9.Sin especificar;6.37 a 41;2.Secundaria/Polimodal Incompleta;2.2500 gramos y más;5
82;1;1;5.30 a 34;2.22 a 23;3.Secundario/Polimodal Completa y más;1.Menos de 2500 gramos;1
02;2;1;6.35 a 39;5.32 a 36;3.Secundario/Polimodal Completa y más;2.2500 gramos y más;17
82;1;2;3.20 a 24;5.32 a 36;4.Sin especificar;1.Menos de 2500 gramos;1
90;1;2;6.35 a 39;8.Sin especificar;3.Secundario/Polimodal Completa y más;2.2500 gramos y más;5
38;1;2;5.30 a 34;6.37 a 41;2.Secundaria/Polimodal Incompleta;1.Menos de 2500 gramos;3
10;1;1;3.20 a 24;5.32 a 36;2.Secundaria/Polimodal Incompleta;2.2500 gramos y más;6
99;1;2;5.30 a 34;6.37 a 41;3.Secundario/Polimodal Completa y más;2.2500 gramos y más;5
82;1;1;4.25 a 29;8.Sin especificar;2.Secundaria/Polimodal Incompleta;1.Menos de 2500 gramos;1
38;2;2;5.30 a 34;6.37 a 41;1.Hasta Primaria/C.EGB Completa;1.Menos de 2500 gramos;1
22;9;2;6.35 a 39;6.37 a 41;3.Secundario/Polimodal Completa y más;2.2500 gramos y más;1
62;1;1;3.20 a 24;6.37 a 41;4.Sin especificar;1.Menos de 2500 gramos;1
70;2;1;4.25 a 29;6.37 a 41;2.Secundaria/Polimodal Incompleta;1.Menos de 2500 gramos;2
10;1;2;2.15 a 19;5.32 a 36;1.Hasta Primaria/C.EGB Completa;1.Menos de 2500 gramos;1
14;2;2;6.35 a 39;6.37 a 41;3.Secundario/Polimodal Completa y más;2.2500 gramos y más;13
62;1;1;2.15 a 19;6.37 a 41;3.Secundario/Polimodal Completa y más;2.2500 gramos y más;35
66;2;1;6.35 a 39;5.32 a 36;2.Secundaria/Polimodal Incompleta;2.2500 gramos y más;2
14;1;2;8.De 45 y más;6.37 a 41;2.Secundaria/Polimodal Incompleta;1.Menos de 2500 gramos;1
06;1;2;6.35 a 39;3.24 a 27;4.Sin especificar;1.Menos de 2500 gramos;4
46;1;1;8.De 45 y más;6.37 a 41;2.Secundaria/Polimodal Incompleta;1.Menos de 2500 gramos;1
06;9;1;5.30 a 34;6.37 a 41;4.Sin especificar;2.2500 gramos y más;55
26;2;2;2.15 a 19;6.37 a 41;1.Hasta Primaria/C.EGB Completa;2.2500 gramos y más;1
34;2;1;4.25 a 29;5.32 a 36;3.Secundario/Polimodal Completa y más;1.Menos de 2500 gramos;3
38;2;1;6.35 a 39;5.32 a 36;3.Secundario/Polimodal Completa y más;1.Menos de 2500 gramos;4
22;1;1;4.25 a 29;4.28 a 31;1.Hasta Primaria/C.EGB Completa;1.Menos de 2500 gramos;1
38;1;2;3.20 a 24;3.24 a 27;3.Secundario/Polimodal Completa y más;1.Menos de 2500 gramos;1
70;1;2;3.20 a 24;6.37 a 41;2.Secundaria/Polimodal Incompleta;2.2500 gramos y más;508
46;1;2;2.15 a 19;5.32 a 36;1.Hasta Primaria/C.EGB Completa;1.Menos de 2500 gramos;5
14;2;2;3.20 a 24;6.37 a 41;3.Secundario/Polimodal Completa y más;1.Menos de 2500 gramos;3
10;2;2;3.20 a 24;5.32 a 36;3.Secundario/Polimodal Completa y más;1.Menos de 2500 gramos;2
06;2;1;7.40 a 44;6.37 a 41;4.Sin especificar;1.Menos de 2500 gramos;1
06;1;2;5.30 a 34;3.24 a 27;4.Sin especificar;1.Menos de 2500 gramos;4
38;1;2;3.20 a 24;5.32 a 36;1.Hasta Primaria/C.EGB Completa;2.2500 gramos y más;2
78;1;1;3.20 a 24;6.37 a 41;3.Secundario/Polimodal Completa y más;2.2500 gramos y más;145
06;1;2;5.30 a 34;4.28 a 31;3.Secundario/Polimodal Completa y más;3.Sin especificar;4
06;1;1;6.35 a 39;6.37 a 41;2.Secundaria/Polimodal Incompleta;2.2500 gramos y más;1416
90;1;2;3.20 a 24;5.32 a 36;3.Secundario/Polimodal Completa y más;2.2500 gramos y más;92
38;1;2;5.30 a 34;6.37 a 41;2.Secundaria/Polimodal Incompleta;2.2500 gramos y más;113
62;2;2;6.35 a 39;6.37 a 41;4.Sin especificar;2.2500 gramos y más;1
26;1;1;4.25 a 29;4.28 a 31;2.Secundaria/Polimodal Incompleta;1.Menos de 2500 gramos;1
22;1;1;5.30 a 34;3.24 a 27;1.Hasta Primaria/C.EGB Completa;1.Menos de 2500 gramos;2
02;1;1;7.40 a 44;3.24 a 27;3.Secundario/Polimodal Completa y más;1.Menos de 2500 gramos;1
42;1;2;4.25 a 29;5.32 a 36;2.Secundaria/Polimodal Incompleta;1.Menos de 2500 gramos;5
90;1;2;5.30 a 34;4.28 a 31;3.Secundario/Polimodal Completa y más;2.2500 gramos y más;3
66;1;2;7.40 a 44;8.Sin especificar;3.Secundario/Polimodal Completa y más;2.2500 gramos y más;5
34;1;1;4.25 a 29;6.37 a 41;3.Secundario/Polimodal Completa y más;2.2500 gramos y más;367
06;1;1;5.30 a 34;2.22 a 23;1.Hasta Primaria/C.EGB Completa;1.Menos de 2500 gramos;1
02;1;1;2.15 a 19;6.37 a 41;1.Hasta Primaria/C.EGB Completa;2.2500 gramos y más;69
58;1;2;4.25 a 29;7.42 y más;3.Secundario/Polimodal Completa y más;2.2500 gramos y más;2
46;1;1;2.15 a 19;5.32 a 36;1.Hasta Primaria/C.EGB Completa;1.Menos de 2500 gramos;2
46;1;2;3.20 a 24;5.32 a 36;2.Secundaria/Polimodal Incompleta;1.Menos de 2500 gramos;1
82;2;1;4.25 a 29;6.37 a 41;3.Secundario/Polimodal Completa y más;2.2500 gramos y más;18
22;1;2;5.30 a 34;6.37 a 41;2.Secundaria/Polimodal Incompleta;1.Menos de 2500 gramos;12
22;1;1;4.25 a 29;7.42 y más;3.Secundario/Polimodal Completa y más;2.2500 gramos y más;4
06;1;2;4.25 a 29;8.Sin especificar;4.Sin especificar;3.Sin especificar;257
70;2;1;2.15 a 19;5.32 a 36;3.Secundario/Polimodal Completa y más;2.2500 gramos y más;1
42;1;2;3.20 a 24;5.32 a 36;3.Secundario/Polimodal Completa y más;2.2500 gramos y más;8
34;2;2;5.30 a 34;5.32 a 36;4.Sin especificar;2.2500 gramos y más;1
06;2;1;4.25 a 29;5.32 a 36;1.Hasta Primaria/C.EGB Completa;2.2500 gramos y más;9
02;1;2;9.Sin especificar;6.37 a 41;3.Secundario/Polimodal Completa y más;2.2500 gramos y más;3
22;1;1;5.30 a 34;4.28 a 31;2.Secundaria/Polimodal Incompleta;1.Menos de 2500 gramos;3
90;2;2;5.30 a 34;4.28 a 31;1.Hasta Primaria/C.EGB Completa;1.Menos de 2500 gramos;4
90;1;2;5.30 a 34;6.37 a 41;3.Secundario/Polimodal Completa y más;2.2500 gramos y más;1301
06;1;2;7.40 a 44;4.28 a 31;3.Secundario/Polimodal Completa y más;1.Menos de 2500 gramos;21
22;1;1;4.25 a 29;7.42 y más;1.Hasta Primaria/C.EGB Completa;2.2500 gramos y más;6
26;1;2;7.40 a 44;5.32 a 36;4.Sin especificar;1.Menos de 2500 gramos;1
30;2;2;3.20 a 24;6.37 a 41;4.Sin especificar;2.2500 gramos y más;2
99;1;2;2.15 a 19;7.42 y más;2.Secundaria/Polimodal Incompleta;2.2500 gramos y más;1
34;1;1;4.25 a 29;6.37 a 41;3.Secundario/Polimodal Completa y más;1.Menos de 2500 gramos;3
14;1;1;6.35 a 39;5.32 a 36;3.Secundario/Polimodal Completa y más;2.2500 gramos y más;94
06;2;2;4.25 a 29;4.28 a 31;2.Secundaria/Polimodal Incompleta;1.Menos de 2500 gramos;6
78;1;2;2.15 a 19;4.28 a 31;1.Hasta Primaria/C.EGB Completa;2.2500 gramos y más;1
06;1;2;9.Sin especificar;8.Sin especificar;3.Secundario/Polimodal Completa y más;1.Menos de 2500 gramos;1
30;2;2;3.20 a 24;5.32 a 36;3.Secundario/Polimodal Completa y más;1.Menos de 2500 gramos;6
42;1;2;7.40 a 44;5.32 a 36;2.Secundaria/Polimodal Incompleta;2.2500 gramos y más;1
06;1;1;2.15 a 19;6.37 a 41;2.Secundaria/Polimodal Incompleta;3.Sin especificar;33
22;1;9;5.30 a 34;6.37 a 41;3.Secundario/Polimodal Completa y más;2.2500 gramos y más;1
42;1;1;4.25 a 29;5.32 a 36;3.Secundario/Polimodal Completa y más;2.2500 gramos y más;15
50;1;1;7.40 a 44;4.28 a 31;2.Secundaria/Polimodal Incompleta;1.Menos de 2500 gramos;4
06;2;2;2.15 a 19;5.32 a 36;1.Hasta Primaria/C.EGB Completa;3.Sin especificar;1
18;1;2;4.25 a 29;5.32 a 36;3.Secundario/Polimodal Completa y más;2.2500 gramos y más;34
02;1;1;3.20 a 24;5.32 a 36;3.Secundario/Polimodal Completa y más;2.2500 gramos y más;24
66;1;1;5.30 a 34;6.37 a 41;3.Secundario/Polimodal Completa y más;3.Sin especificar;2
90;2;2;4.25 a 29;5.32 a 36;1.Hasta Primaria/C.EGB Completa;2.2500 gramos y más;2
14;1;2;4.25 a 29;2.22 a 23;3.Secundario/Polimodal Completa y más;1.Menos de 2500 gramos;1
54;1;2;2.15 a 19;3.24 a 27;4.Sin especificar;1.Menos de 2500 gramos;1
18;1;1;3.20 a 24;5.32 a 36;2.Secundaria/Polimodal Incompleta;1.Menos de 2500 gramos;16
38;1;2;2.15 a 19;6.37 a 41;2.Secundaria/Polimodal Incompleta;1.Menos de 2500 gramos;8
58;1;1;5.30 a 34;6.37 a 41;3.Secundario/Polimodal Completa y más;1.Menos de 2500 gramos;6
58;1;2;4.25 a 29;5.32 a 36;2.Secundaria/Polimodal Incompleta;2.2500 gramos y más;12
50;2;1;2.15 a 19;4.28 a 31;1.Hasta Primaria/C.EGB Completa;1.Menos de 2500 gramos;2
54;1;1;5.30 a 34;5.32 a 36;3.Secundario/Polimodal Completa y más;2.2500 gramos y más;38
10;1;1;4.25 a 29;8.Sin especificar;3.Secundario/Polimodal Completa y más;3.Sin especificar;4
06;1;2;4.25 a 29;4.28 a 31;3.Secundario/Polimodal Completa y más;3.Sin especificar;2
06;9;1;4.25 a 29;5.32 a 36;4.Sin especificar;2.2500 gramos y más;1
14;1;2;5.30 a 34;1.Menos de 22;1.Hasta Primaria/C.EGB Completa;1.Menos de 2500 gramos;1
06;1;1;9.Sin especificar;4.28 a 31;2.Secundaria/Polimodal Incompleta;1.Menos de 2500 gramos;1
66;1;1;6.35 a 39;6.37 a 41;3.Secundario/Polimodal Completa y más;3.Sin especificar;1
14;1;2;9.Sin especificar;8.Sin especificar;4.Sin especificar;3.Sin especificar;3
62;1;2;3.20 a 24;8.Sin especificar;2.Secundaria/Polimodal Incompleta;2.2500 gramos y más;2
22;2;2;7.40 a 44;6.37 a 41;1.Hasta Primaria/C.EGB Completa;1.Menos de 2500 gramos;1
86;1;2;3.20 a 24;3.24 a 27;1.Hasta Primaria/C.EGB Completa;1.Menos de 2500 gramos;1
46;2;2;2.15 a 19;5.32 a 36;1.Hasta Primaria/C.EGB Completa;2.2500 gramos y más;1
66;1;1;4.25 a 29;8.Sin especificar;1.Hasta Primaria/C.EGB Completa;2.2500 gramos y más;8
18;1;2;7.40 a 44;7.42 y más;4.Sin especificar;2.2500 gramos y más;2
14;1;1;2.15 a 19;6.37 a 41;3.Secundario/Polimodal Completa y más;1.Menos de 2500 gramos;13
46;2;1;4.25 a 29;6.37 a 41;3.Secundario/Polimodal Completa y más;2.2500 gramos y más;3
22;1;2;4.25 a 29;8.Sin especificar;1.Hasta Primaria/C.EGB Completa;1.Menos de 2500 gramos;2
46;1;1;6.35 a 39;4.28 a 31;3.Secundario/Polimodal Completa y más;1.Menos de 2500 gramos;2
22;1;1;2.15 a 19;6.37 a 41;3.Secundario/Polimodal Completa y más;3.Sin especificar;1
54;1;2;4.25 a 29;4.28 a 31;1.Hasta Primaria/C.EGB Completa;1.Menos de 2500 gramos;1
30;1;2;7.40 a 44;6.37 a 41;2.Secundaria/Polimodal Incompleta;1.Menos de 2500 gramos;1
14;2;2;2.15 a 19;6.37 a 41;3.Secundario/Polimodal Completa y más;2.2500 gramos y más;2
62;1;1;3.20 a 24;6.37 a 41;2.Secundaria/Polimodal Incompleta;1.Menos de 2500 gramos;1
90;1;2;4.25 a 29;5.32 a 36;4.Sin especificar;1.Menos de 2500 gramos;5
22;1;2;4.25 a 29;6.37 a 41;2.Secundaria/Polimodal Incompleta;3.Sin especificar;4
38;1;2;5.30 a 34;6.37 a 41;3.Secundario/Polimodal Completa y más;1.Menos de 2500 gramos;12
10;1;2;2.15 a 19;6.37 a 41;4.Sin especificar;2.2500 gramos y más;1
99;9;2;9.Sin especificar;5.32 a 36;4.Sin especificar;2.2500 gramos y más;1
26;1;2;4.25 a 29;5.32 a 36;2.Secundaria/Polimodal Incompleta;1.Menos de 2500 gramos;7
78;1;1;4.25 a 29;5.32 a 36;1.Hasta Primaria/C.EGB Completa;2.2500 gramos y más;3
74;1;1;8.De 45 y más;6.37 a 41;2.Secundaria/Polimodal Incompleta;2.2500 gramos y más;2
30;1;1;5.30 a 34;6.37 a 41;3.Secundario/Polimodal Completa y más;1.Menos de 2500 gramos;19
06;1;1;2.15 a 19;6.37 a 41;4.Sin especificar;1.Menos de 2500 gramos;20
90;1;1;6.35 a 39;5.32 a 36;2.Secundaria/Polimodal Incompleta;2.2500 gramos y más;19
18;1;2;5.30 a 34;7.42 y más;2.Secundaria/Polimodal Incompleta;2.2500 gramos y más;3
70;1;1;3.20 a 24;4.28 a 31;1.Hasta Primaria/C.EGB Completa;1.Menos de 2500 gramos;1
06;1;2;4.25 a 29;8.Sin especificar;1.Hasta Primaria/C.EGB Completa;2.2500 gramos y más;13
22;1;1;2.15 a 19;5.32 a 36;1.Hasta Primaria/C.EGB Completa;1.Menos de 2500 gramos;14
58;1;1;3.20 a 24;6.37 a 41;2.Secundaria/Polimodal Incompleta;2.2500 gramos y más;295
06;1;2;5.30 a 34;8.Sin especificar;1.Hasta Primaria/C.EGB Completa;1.Menos de 2500 gramos;4
46;1;1;2.15 a 19;5.32 a 36;1.Hasta Primaria/C.EGB Completa;2.2500 gramos y más;1
66;1;2;8.De 45 y más;5.32 a 36;2.Secundaria/Polimodal Incompleta;2.2500 gramos y más;1
62;2;1;7.40 a 44;6.37 a 41;3.Secundario/Polimodal Completa y más;2.2500 gramos y más;2
30;1;1;2.15 a 19;7.42 y más;1.Hasta Primaria/C.EGB Completa;2.2500 gramos y más;1
22;1;1;4.25 a 29;6.37 a 41;3.Secundario/Polimodal Completa y más;2.2500 gramos y más;1180
82;1;2;4.25 a 29;3.24 a 27;1.Hasta Primaria/C.EGB Completa;1.Menos de 2500 gramos;6
22;1;1;6.35 a 39;5.32 a 36;1.Hasta Primaria/C.EGB Completa;1.Menos de 2500 gramos;14
30;1;2;2.15 a 19;8.Sin especificar;1.Hasta Primaria/C.EGB Completa;2.2500 gramos y más;1
78;1;1;3.20 a 24;5.32 a 36;2.Secundaria/Polimodal Incompleta;1.Menos de 2500 gramos;4
66;2;2;6.35 a 39;5.32 a 36;2.Secundaria/Polimodal Incompleta;1.Menos de 2500 gramos;2
86;1;1;6.35 a 39;5.32 a 36;2.Secundaria/Polimodal Incompleta;1.Menos de 2500 gramos;3
62;1;2;6.35 a 39;3.24 a 27;3.Secundario/Polimodal Completa y más;1.Menos de 2500 gramos;1
38;2;1;5.30 a 34;3.24 a 27;3.Secundario/Polimodal Completa y más;1.Menos de 2500 gramos;4
78;1;1;6.35 a 39;5.32 a 36;1.Hasta Primaria/C.EGB Completa;2.2500 gramos y más;1
06;2;1;9.Sin especificar;5.32 a 36;2.Secundaria/Polimodal Incompleta;2.2500 gramos y más;1
50;1;1;3.20 a 24;3.24 a 27;3.Secundario/Polimodal Completa y más;1.Menos de 2500 gramos;4
06;2;2;5.30 a 34;4.28 a 31;3.Secundario/Polimodal Completa y más;1.Menos de 2500 gramos;19
18;1;2;7.40 a 44;5.32 a 36;4.Sin especificar;2.2500 gramos y más;6
86;1;2;2.15 a 19;4.28 a 31;2.Secundaria/Polimodal Incompleta;2.2500 gramos y más;1
18;1;1;5.30 a 34;3.24 a 27;3.Secundario/Polimodal Completa y más;1.Menos de 2500 gramos;2
82;1;2;6.35 a 39;4.28 a 31;3.Secundario/Polimodal Completa y más;1.Menos de 2500 gramos;19
06;1;2;8.De 45 y más;8.Sin especificar;3.Secundario/Polimodal Completa y más;2.2500 gramos y más;1
78;1;2;6.35 a 39;6.37 a 41;2.Secundaria/Polimodal Incompleta;2.2500 gramos y más;28
02;9;2;3.20 a 24;7.42 y más;4.Sin especificar;2.2500 gramos y más;1
30;1;1;3.20 a 24;6.37 a 41;1.Hasta Primaria/C.EGB Completa;2.2500 gramos y más;395
06;9;1;4.25 a 29;5.32 a 36;4.Sin especificar;1.Menos de 2500 gramos;5
58;1;2;3.20 a 24;8.Sin especificar;2.Secundaria/Polimodal Incompleta;2.2500 gramos y más;1
22;1;2;5.30 a 34;5.32 a 36;2.Secundaria/Polimodal Incompleta;2.2500 gramos y más;18
06;1;1;8.De 45 y más;4.28 a 31;1.Hasta Primaria/C.EGB Completa;1.Menos de 2500 gramos;1
54;1;2;4.25 a 29;5.32 a 36;4.Sin especificar;1.Menos de 2500 gramos;9
30;2;2;6.35 a 39;5.32 a 36;2.Secundaria/Polimodal Incompleta;1.Menos de 2500 gramos;3
38;1;2;3.20 a 24;6.37 a 41;1.Hasta Primaria/C.EGB Completa;2.2500 gramos y más;76
58;1;1;5.30 a 34;5.32 a 36;2.Secundaria/Polimodal Incompleta;2.2500 gramos y más;9
22;2;2;5.30 a 34;4.28 a 31;2.Secundaria/Polimodal Incompleta;1.Menos de 2500 gramos;1
22;1;1;4.25 a 29;6.37 a 41;3.Secundario/Polimodal Completa y más;3.Sin especificar;6
50;1;1;5.30 a 34;7.42 y más;3.Secundario/Polimodal Completa y más;2.2500 gramos y más;2
22;1;1;3.20 a 24;8.Sin especificar;2.Secundaria/Polimodal Incompleta;1.Menos de 2500 gramos;1
62;1;1;9.Sin especificar;6.37 a 41;3.Secundario/Polimodal Completa y más;2.2500 gramos y más;4
06;1;2;5.30 a 34;6.37 a 41;2.Secundaria/Polimodal Incompleta;2.2500 gramos y más;2515
06;2;1;4.25 a 29;5.32 a 36;1.Hasta Primaria/C.EGB Completa;1.Menos de 2500 gramos;24
02;1;2;3.20 a 24;6.37 a 41;4.Sin especificar;2.2500 gramos y más;29
90;1;2;7.40 a 44;4.28 a 31;1.Hasta Primaria/C.EGB Completa;1.Menos de 2500 gramos;2
86;1;2;7.40 a 44;6.37 a 41;2.Secundaria/Polimodal Incompleta;2.2500 gramos y más;15
62;1;1;4.25 a 29;8.Sin especificar;3.Secundario/Polimodal Completa y más;1.Menos de 2500 gramos;1
46;1;2;3.20 a 24;5.32 a 36;3.Secundario/Polimodal Completa y más;1.Menos de 2500 gramos;16
50;1;2;5.30 a 34;6.37 a 41;1.Hasta Primaria/C.EGB Completa;1.Menos de 2500 gramos;4
50;2;2;7.40 a 44;4.28 a 31;2.Secundaria/Polimodal Incompleta;1.Menos de 2500 gramos;1
38;1;1;6.35 a 39;6.37 a 41;2.Secundaria/Polimodal Incompleta;2.2500 gramos y más;66
10;1;2;6.35 a 39;6.37 a 41;4.Sin especificar;2.2500 gramos y más;2
06;1;9;9.Sin especificar;5.32 a 36;4.Sin especificar;1.Menos de 2500 gramos;1
58;1;2;5.30 a 34;6.37 a 41;1.Hasta Primaria/C.EGB Completa;1.Menos de 2500 gramos;2
30;2;1;6.35 a 39;5.32 a 36;2.Secundaria/Polimodal Incompleta;1.Menos de 2500 gramos;2
70;2;1;6.35 a 39;6.37 a 41;2.Secundaria/Polimodal Incompleta;2.2500 gramos y más;1
50;2;2;2.15 a 19;6.37 a 41;2.Secundaria/Polimodal Incompleta;2.2500 gramos y más;1
22;1;2;1.Menor de 15;5.32 a 36;2.Secundaria/Polimodal Incompleta;1.Menos de 2500 gramos;1
02;1;2;2.15 a 19;7.42 y más;3.Secundario/Polimodal Completa y más;2.2500 gramos y más;1
62;1;1;3.20 a 24;3.24 a 27;4.Sin especificar;1.Menos de 2500 gramos;4
58;1;2;4.25 a 29;5.32 a 36;3.Secundario/Polimodal Completa y más;1.Menos de 2500 gramos;15
30;2;2;3.20 a 24;6.37 a 41;3.Secundario/Polimodal Completa y más;2.2500 gramos y más;1
10;1;1;3.20 a 24;5.32 a 36;2.Secundaria/Polimodal Incompleta;1.Menos de 2500 gramos;6
22;1;2;5.30 a 34;5.32 a 36;1.Hasta Primaria/C.EGB Completa;1.Menos de 2500 gramos;11
06;1;1;3.20 a 24;4.28 a 31;2.Secundaria/Polimodal Incompleta;1.Menos de 2500 gramos;33
30;1;2;7.40 a 44;6.37 a 41;3.Secundario/Polimodal Completa y más;1.Menos de 2500 gramos;3
18;1;1;5.30 a 34;5.32 a 36;3.Secundario/Polimodal Completa y más;1.Menos de 2500 gramos;26
30;2;1;3.20 a 24;6.37 a 41;1.Hasta Primaria/C.EGB Completa;2.2500 gramos y más;2
70;2;1;6.35 a 39;5.32 a 36;3.Secundario/Polimodal Completa y más;2.2500 gramos y más;1
06;2;2;6.35 a 39;6.37 a 41;3.Secundario/Polimodal Completa y más;2.2500 gramos y más;54
70;1;2;7.40 a 44;6.37 a 41;2.Secundaria/Polimodal Incompleta;2.2500 gramos y más;30
86;1;2;4.25 a 29;6.37 a 41;4.Sin especificar;2.2500 gramos y más;5
46;1;1;5.30 a 34;6.37 a 41;3.Secundario/Polimodal Completa y más;2.2500 gramos y más;380
46;1;2;2.15 a 19;6.37 a 41;3.Secundario/Polimodal Completa y más;2.2500 gramos y más;44
22;1;2;7.40 a 44;6.37 a 41;3.Secundario/Polimodal Completa y más;1.Menos de 2500 gramos;4
06;2;1;6.35 a 39;6.37 a 41;1.Hasta Primaria/C.EGB Completa;2.2500 gramos y más;4
66;1;2;2.15 a 19;7.42 y más;2.Secundaria/Polimodal Incompleta;2.2500 gramos y más;2
86;1;1;2.15 a 19;4.28 a 31;1.Hasta Primaria/C.EGB Completa;1.Menos de 2500 gramos;4
18;1;1;2.15 a 19;3.24 a 27;2.Secundaria/Polimodal Incompleta;1.Menos de 2500 gramos;1
78;1;1;4.25 a 29;5.32 a 36;3.Secundario/Polimodal Completa y más;2.2500 gramos y más;9
30;1;2;6.35 a 39;5.32 a 36;1.Hasta Primaria/C.EGB Completa;1.Menos de 2500 gramos;7
82;1;2;3.20 a 24;5.32 a 36;4.Sin especificar;2.2500 gramos y más;1
06;1;2;5.30 a 34;2.22 a 23;3.Secundario/Polimodal Completa y más;1.Menos de 2500 gramos;1
74;1;1;4.25 a 29;6.37 a 41;2.Secundaria/Polimodal Incompleta;2.2500 gramos y más;136
90;1;2;5.30 a 34;7.42 y más;1.Hasta Primaria/C.EGB Completa;2.2500 gramos y más;14
54;1;1;4.25 a 29;8.Sin especificar;1.Hasta Primaria/C.EGB Completa;2.2500 gramos y más;3
34;1;2;3.20 a 24;5.32 a 36;4.Sin especificar;1.Menos de 2500 gramos;9
50;2;2;4.25 a 29;5.32 a 36;3.Secundario/Polimodal Completa y más;1.Menos de 2500 gramos;14
58;1;2;6.35 a 39;6.37 a 41;2.Secundaria/Polimodal Incompleta;1.Menos de 2500 gramos;2
22;1;2;8.De 45 y más;6.37 a 41;2.Secundaria/Polimodal Incompleta;2.2500 gramos y más;1
62;2;1;6.35 a 39;5.32 a 36;3.Secundario/Polimodal Completa y más;2.2500 gramos y más;3
82;1;2;5.30 a 34;6.37 a 41;2.Secundaria/Polimodal Incompleta;1.Menos de 2500 gramos;15
06;2;2;7.40 a 44;8.Sin especificar;4.Sin especificar;2.2500 gramos y más;1
14;1;2;3.20 a 24;6.37 a 41;2.Secundaria/Polimodal Incompleta;3.Sin especificar;1
86;1;1;3.20 a 24;5.32 a 36;1.Hasta Primaria/C.EGB Completa;1.Menos de 2500 gramos;21
62;1;2;3.20 a 24;5.32 a 36;4.Sin especificar;2.2500 gramos y más;9
90;2;2;3.20 a 24;4.28 a 31;3.Secundario/Polimodal Completa y más;1.Menos de 2500 gramos;2
34;1;1;5.30 a 34;5.32 a 36;4.Sin especificar;1.Menos de 2500 gramos;20
99;1;1;6.35 a 39;6.37 a 41;4.Sin especificar;2.2500 gramos y más;1
46;1;2;3.20 a 24;3.24 a 27;3.Secundario/Polimodal Completa y más;1.Menos de 2500 gramos;2
82;1;1;1.Menor de 15;6.37 a 41;1.Hasta Primaria/C.EGB Completa;2.2500 gramos y más;24
18;2;2;6.35 a 39;6.37 a 41;3.Secundario/Polimodal Completa y más;1.Menos de 2500 gramos;1
62;1;2;7.40 a 44;5.32 a 36;3.Secundario/Polimodal Completa y más;1.Menos de 2500 gramos;4
14;2;2;6.35 a 39;5.32 a 36;1.Hasta Primaria/C.EGB Completa;1.Menos de 2500 gramos;6
82;9;2;5.30 a 34;6.37 a 41;4.Sin especificar;2.2500 gramos y más;1
70;2;1;3.20 a 24;5.32 a 36;1.Hasta Primaria/C.EGB Completa;1.Menos de 2500 gramos;1
90;1;1;3.20 a 24;6.37 a 41;3.Secundario/Polimodal Completa y más;2.2500 gramos y más;1119
54;1;1;8.De 45 y más;6.37 a 41;1.Hasta Primaria/C.EGB Completa;2.2500 gramos y más;8
74;2;2;2.15 a 19;6.37 a 41;3.Secundario/Polimodal Completa y más;1.Menos de 2500 gramos;2
18;1;2;4.25 a 29;6.37 a 41;4.Sin especificar;2.2500 gramos y más;333
34;2;2;6.35 a 39;6.37 a 41;1.Hasta Primaria/C.EGB Completa;1.Menos de 2500 gramos;1
30;1;2;3.20 a 24;6.37 a 41;4.Sin especificar;1.Menos de 2500 gramos;1
06;1;1;9.Sin especificar;7.42 y más;1.Hasta Primaria/C.EGB Completa;2.2500 gramos y más;4
70;2;2;4.25 a 29;6.37 a 41;1.Hasta Primaria/C.EGB Completa;1.Menos de 2500 gramos;2
62;2;1;4.25 a 29;5.32 a 36;3.Secundario/Polimodal Completa y más;1.Menos de 2500 gramos;2
02;1;1;8.De 45 y más;5.32 a 36;3.Secundario/Polimodal Completa y más;2.2500 gramos y más;7
10;2;2;6.35 a 39;6.37 a 41;1.Hasta Primaria/C.EGB Completa;1.Menos de 2500 gramos;1
42;2;2;5.30 a 34;5.32 a 36;3.Secundario/Polimodal Completa y más;1.Menos de 2500 gramos;3
06;2;2;3.20 a 24;5.32 a 36;2.Secundaria/Polimodal Incompleta;1.Menos de 2500 gramos;12
66;1;2;5.30 a 34;8.Sin especificar;3.Secundario/Polimodal Completa y más;2.2500 gramos y más;21
90;1;1;2.15 a 19;2.22 a 23;1.Hasta Primaria/C.EGB Completa;1.Menos de 2500 gramos;1
38;1;2;6.35 a 39;5.32 a 36;3.Secundario/Polimodal Completa y más;2.2500 gramos y más;17
06;9;2;6.35 a 39;5.32 a 36;4.Sin especificar;2.2500 gramos y más;1
02;2;1;3.20 a 24;6.37 a 41;3.Secundario/Polimodal Completa y más;2.2500 gramos y más;3
06;1;1;3.20 a 24;4.28 a 31;4.Sin especificar;3.Sin especificar;1
38;1;1;5.30 a 34;5.32 a 36;2.Secundaria/Polimodal Incompleta;2.2500 gramos y más;5
18;1;2;1.Menor de 15;5.32 a 36;2.Secundaria/Polimodal Incompleta;2.2500 gramos y más;1
10;1;2;3.20 a 24;6.37 a 41;3.Secundario/Polimodal Completa y más;3.Sin especificar;1
10;1;2;6.35 a 39;5.32 a 36;1.Hasta Primaria/C.EGB Completa;2.2500 gramos y más;4
86;1;2;6.35 a 39;5.32 a 36;3.Secundario/Polimodal Completa y más;1.Menos de 2500 gramos;7
30;1;2;2.15 a 19;6.37 a 41;3.Secundario/Polimodal Completa y más;2.2500 gramos y más;104
10;1;2;4.25 a 29;8.Sin especificar;3.Secundario/Polimodal Completa y más;2.2500 gramos y más;6
50;1;2;2.15 a 19;4.28 a 31;1.Hasta Primaria/C.EGB Completa;1.Menos de 2500 gramos;1
99;1;2;8.De 45 y más;6.37 a 41;4.Sin especificar;2.2500 gramos y más;1
90;1;2;8.De 45 y más;6.37 a 41;1.Hasta Primaria/C.EGB Completa;2.2500 gramos y más;2
34;1;1;3.20 a 24;5.32 a 36;3.Secundario/Polimodal Completa y más;2.2500 gramos y más;31
18;1;2;4.25 a 29;7.42 y más;1.Hasta Primaria/C.EGB Completa;2.2500 gramos y más;2
02;1;2;2.15 a 19;6.37 a 41;3.Secundario/Polimodal Completa y más;1.Menos de 2500 gramos;3
06;1;2;2.15 a 19;8.Sin especificar;2.Secundaria/Polimodal Incompleta;2.2500 gramos y más;9
18;1;1;5.30 a 34;6.37 a 41;4.Sin especificar;2.2500 gramos y más;229
82;2;2;3.20 a 24;4.28 a 31;2.Secundaria/Polimodal Incompleta;1.Menos de 2500 gramos;1
18;1;2;5.30 a 34;6.37 a 41;4.Sin especificar;1.Menos de 2500 gramos;3
70;1;1;6.35 a 39;6.37 a 41;3.Secundario/Polimodal Completa y más;2.2500 gramos y más;390
18;1;1;3.20 a 24;3.24 a 27;3.Secundario/Polimodal Completa y más;1.Menos de 2500 gramos;1
62;2;2;3.20 a 24;6.37 a 41;4.Sin especificar;1.Menos de 2500 gramos;1
06;1;1;6.35 a 39;5.32 a 36;2.Secundaria/Polimodal Incompleta;1.Menos de 2500 gramos;59
82;1;2;5.30 a 34;5.32 a 36;2.Secundaria/Polimodal Incompleta;1.Menos de 2500 gramos;30
26;1;2;7.40 a 44;6.37 a 41;1.Hasta Primaria/C.EGB Completa;1.Menos de 2500 gramos;1
90;1;2;2.15 a 19;7.42 y más;1.Hasta Primaria/C.EGB Completa;1.Menos de 2500 gramos;1
66;1;1;4.25 a 29;4.28 a 31;3.Secundario/Polimodal Completa y más;1.Menos de 2500 gramos;6
74;1;1;5.30 a 34;6.37 a 41;3.Secundario/Polimodal Completa y más;2.2500 gramos y más;451
22;2;2;2.15 a 19;5.32 a 36;3.Secundario/Polimodal Completa y más;2.2500 gramos y más;1
86;1;1;3.20 a 24;6.37 a 41;4.Sin especificar;2.2500 gramos y más;12
90;1;2;6.35 a 39;3.24 a 27;2.Secundaria/Polimodal Incompleta;1.Menos de 2500 gramos;1
02;9;2;5.30 a 34;4.28 a 31;4.Sin especificar;1.Menos de 2500 gramos;2
22;1;2;4.25 a 29;8.Sin especificar;3.Secundario/Polimodal Completa y más;1.Menos de 2500 gramos;1
06;1;2;7.40 a 44;5.32 a 36;4.Sin especificar;2.2500 gramos y más;16
38;1;2;4.25 a 29;5.32 a 36;1.Hasta Primaria/C.EGB Completa;1.Menos de 2500 gramos;3
06;1;1;3.20 a 24;6.37 a 41;2.Secundaria/Polimodal Incompleta;2.2500 gramos y más;5144
26;1;2;4.25 a 29;4.28 a 31;3.Secundario/Polimodal Completa y más;1.Menos de 2500 gramos;1
86;1;2;4.25 a 29;7.42 y más;1.Hasta Primaria/C.EGB Completa;2.2500 gramos y más;7
74;1;2;2.15 a 19;6.37 a 41;2.Secundaria/Polimodal Incompleta;2.2500 gramos y más;133
50;2;2;3.20 a 24;3.24 a 27;2.Secundaria/Polimodal Incompleta;1.Menos de 2500 gramos;2
99;1;1;4.25 a 29;7.42 y más;1.Hasta Primaria/C.EGB Completa;2.2500 gramos y más;1
46;1;1;5.30 a 34;5.32 a 36;2.Secundaria/Polimodal Incompleta;2.2500 gramos y más;1
66;1;2;4.25 a 29;6.37 a 41;3.Secundario/Polimodal Completa y más;1.Menos de 2500 gramos;27
14;2;1;4.25 a 29;6.37 a 41;2.Secundaria/Polimodal Incompleta;1.Menos de 2500 gramos;5
90;2;1;3.20 a 24;4.28 a 31;2.Secundaria/Polimodal Incompleta;1.Menos de 2500 gramos;2
66;2;2;4.25 a 29;5.32 a 36;3.Secundario/Polimodal Completa y más;1.Menos de 2500 gramos;13
06;9;2;3.20 a 24;6.37 a 41;4.Sin especificar;3.Sin especificar;10
22;1;2;6.35 a 39;8.Sin especificar;3.Secundario/Polimodal Completa y más;2.2500 gramos y más;1
74;2;2;5.30 a 34;6.37 a 41;3.Secundario/Polimodal Completa y más;1.Menos de 2500 gramos;2
10;1;1;3.20 a 24;6.37 a 41;3.Secundario/Polimodal Completa y más;1.Menos de 2500 gramos;8
06;1;2;3.20 a 24;4.28 a 31;4.Sin especificar;2.2500 gramos y más;1
70;1;1;5.30 a 34;6.37 a 41;2.Secundaria/Polimodal Incompleta;1.Menos de 2500 gramos;6
78;1;2;5.30 a 34;7.42 y más;3.Secundario/Polimodal Completa y más;2.2500 gramos y más;2
30;2;2;5.30 a 34;5.32 a 36;2.Secundaria/Polimodal Incompleta;1.Menos de 2500 gramos;2
18;1;2;6.35 a 39;4.28 a 31;2.Secundaria/Polimodal Incompleta;1.Menos de 2500 gramos;1
06;1;2;7.40 a 44;5.32 a 36;1.Hasta Primaria/C.EGB Completa;1.Menos de 2500 gramos;36
58;2;1;3.20 a 24;6.37 a 41;3.Secundario/Polimodal Completa y más;2.2500 gramos y más;3
74;2;2;4.25 a 29;6.37 a 41;3.Secundario/Polimodal Completa y más;2.2500 gramos y más;2
82;1;1;7.40 a 44;5.32 a 36;2.Secundaria/Polimodal Incompleta;2.2500 gramos y más;3
74;2;2;5.30 a 34;5.32 a 36;2.Secundaria/Polimodal Incompleta;1.Menos de 2500 gramos;4
14;1;2;6.35 a 39;3.24 a 27;3.Secundario/Polimodal Completa y más;1.Menos de 2500 gramos;5
06;2;2;9.Sin especificar;6.37 a 41;1.Hasta Primaria/C.EGB Completa;3.Sin especificar;1
06;1;1;1.Menor de 15;6.37 a 41;1.Hasta Primaria/C.EGB Completa;1.Menos de 2500 gramos;2
86;1;9;6.35 a 39;6.37 a 41;3.Secundario/Polimodal Completa y más;2.2500 gramos y más;1
58;1;1;5.30 a 34;5.32 a 36;2.Secundaria/Polimodal Incompleta;1.Menos de 2500 gramos;4
18;1;1;2.15 a 19;6.37 a 41;4.Sin especificar;2.2500 gramos y más;233
22;1;2;3.20 a 24;4.28 a 31;4.Sin especificar;1.Menos de 2500 gramos;1
50;1;2;8.De 45 y más;6.37 a 41;3.Secundario/Polimodal Completa y más;1.Menos de 2500 gramos;1
34;1;1;2.15 a 19;6.37 a 41;2.Secundaria/Polimodal Incompleta;2.2500 gramos y más;231
10;2;1;4.25 a 29;5.32 a 36;2.Secundaria/Polimodal Incompleta;1.Menos de 2500 gramos;1
90;1;2;3.20 a 24;6.37 a 41;4.Sin especificar;1.Menos de 2500 gramos;1
54;1;2;5.30 a 34;6.37 a 41;2.Secundaria/Polimodal Incompleta;2.2500 gramos y más;292
06;1;2;4.25 a 29;6.37 a 41;3.Secundario/Polimodal Completa y más;3.Sin especificar;85
58;1;1;5.30 a 34;4.28 a 31;3.Secundario/Polimodal Completa y más;1.Menos de 2500 gramos;6
46;1;2;4.25 a 29;6.37 a 41;1.Hasta Primaria/C.EGB Completa;2.2500 gramos y más;92
50;1;9;5.30 a 34;5.32 a 36;2.Secundaria/Polimodal Incompleta;2.2500 gramos y más;1
14;2;2;3.20 a 24;6.37 a 41;2.Secundaria/Polimodal Incompleta;2.2500 gramos y más;11
70;1;1;6.35 a 39;5.32 a 36;3.Secundario/Polimodal Completa y más;2.2500 gramos y más;10
82;2;2;6.35 a 39;6.37 a 41;3.Secundario/Polimodal Completa y más;2.2500 gramos y más;29
02;1;2;2.15 a 19;6.37 a 41;4.Sin especificar;2.2500 gramos y más;12
06;1;2;2.15 a 19;7.42 y más;4.Sin especificar;3.Sin especificar;1
74;1;2;4.25 a 29;7.42 y más;3.Secundario/Polimodal Completa y más;2.2500 gramos y más;15
30;1;2;5.30 a 34;4.28 a 31;1.Hasta Primaria/C.EGB Completa;1.Menos de 2500 gramos;1
90;1;1;4.25 a 29;3.24 a 27;1.Hasta Primaria/C.EGB Completa;1.Menos de 2500 gramos;1
46;1;2;4.25 a 29;6.37 a 41;1.Hasta Primaria/C.EGB Completa;1.Menos de 2500 gramos;1
82;1;2;6.35 a 39;6.37 a 41;4.Sin especificar;2.2500 gramos y más;12
26;2;1;4.25 a 29;6.37 a 41;4.Sin especificar;1.Menos de 2500 gramos;1
99;9;2;3.20 a 24;8.Sin especificar;4.Sin especificar;3.Sin especificar;3
66;1;1;5.30 a 34;3.24 a 27;3.Secundario/Polimodal Completa y más;1.Menos de 2500 gramos;2
02;1;2;6.35 a 39;6.37 a 41;3.Secundario/Polimodal Completa y más;1.Menos de 2500 gramos;54
30;1;2;5.30 a 34;8.Sin especificar;3.Secundario/Polimodal Completa y más;1.Menos de 2500 gramos;1
54;1;1;4.25 a 29;7.42 y más;2.Secundaria/Polimodal Incompleta;2.2500 gramos y más;2
02;9;2;3.20 a 24;6.37 a 41;4.Sin especificar;1.Menos de 2500 gramos;1
74;1;1;2.15 a 19;6.37 a 41;4.Sin especificar;2.2500 gramos y más;3
10;1;1;5.30 a 34;4.28 a 31;3.Secundario/Polimodal Completa y más;1.Menos de 2500 gramos;2
46;1;1;5.30 a 34;5.32 a 36;3.Secundario/Polimodal Completa y más;1.Menos de 2500 gramos;13
22;1;1;6.35 a 39;3.24 a 27;3.Secundario/Polimodal Completa y más;1.Menos de 2500 gramos;3
06;1;9;4.25 a 29;5.32 a 36;1.Hasta Primaria/C.EGB Completa;1.Menos de 2500 gramos;3
26;1;1;3.20 a 24;6.37 a 41;3.Secundario/Polimodal Completa y más;2.2500 gramos y más;313
10;1;2;6.35 a 39;5.32 a 36;2.Secundaria/Polimodal Incompleta;1.Menos de 2500 gramos;2
14;1;1;6.35 a 39;6.37 a 41;1.Hasta Primaria/C.EGB Completa;3.Sin especificar;1
90;1;2;5.30 a 34;5.32 a 36;1.Hasta Primaria/C.EGB Completa;1.Menos de 2500 gramos;19
18;1;2;4.25 a 29;5.32 a 36;4.Sin especificar;2.2500 gramos y más;15
26;1;1;4.25 a 29;6.37 a 41;2.Secundaria/Polimodal Incompleta;1.Menos de 2500 gramos;3
14;1;2;3.20 a 24;5.32 a 36;1.Hasta Primaria/C.EGB Completa;1.Menos de 2500 gramos;16
14;1;1;3.20 a 24;4.28 a 31;3.Secundario/Polimodal Completa y más;1.Menos de 2500 gramos;9
66;1;1;6.35 a 39;5.32 a 36;2.Secundaria/Polimodal Incompleta;2.2500 gramos y más;12
30;2;1;6.35 a 39;4.28 a 31;1.Hasta Primaria/C.EGB Completa;1.Menos de 2500 gramos;1
26;1;2;6.35 a 39;4.28 a 31;3.Secundario/Polimodal Completa y más;1.Menos de 2500 gramos;3
10;1;2;5.30 a 34;5.32 a 36;1.Hasta Primaria/C.EGB Completa;2.2500 gramos y más;1
06;2;1;2.15 a 19;4.28 a 31;2.Secundaria/Polimodal Incompleta;1.Menos de 2500 gramos;1
02;1;2;8.De 45 y más;5.32 a 36;3.Secundario/Polimodal Completa y más;1.Menos de 2500 gramos;9
14;1;2;2.15 a 19;5.32 a 36;1.Hasta Primaria/C.EGB Completa;1.Menos de 2500 gramos;5
54;1;1;6.35 a 39;5.32 a 36;3.Secundario/Polimodal Completa y más;2.2500 gramos y más;18
10;1;1;4.25 a 29;5.32 a 36;3.Secundario/Polimodal Completa y más;1.Menos de 2500 gramos;16
06;1;2;3.20 a 24;8.Sin especificar;2.Secundaria/Polimodal Incompleta;3.Sin especificar;3
74;2;1;4.25 a 29;6.37 a 41;2.Secundaria/Polimodal Incompleta;2.2500 gramos y más;1
74;1;1;2.15 a 19;4.28 a 31;3.Secundario/Polimodal Completa y más;1.Menos de 2500 gramos;1
30;1;2;3.20 a 24;8.Sin especificar;2.Secundaria/Polimodal Incompleta;3.Sin especificar;1
06;1;2;7.40 a 44;8.Sin especificar;1.Hasta Primaria/C.EGB Completa;2.2500 gramos y más;3
98;1;2;3.20 a 24;4.28 a 31;1.Hasta Primaria/C.EGB Completa;2.2500 gramos y más;1
78;2;1;5.30 a 34;5.32 a 36;3.Secundario/Polimodal Completa y más;1.Menos de 2500 gramos;2
06;1;1;9.Sin especificar;3.24 a 27;2.Secundaria/Polimodal Incompleta;3.Sin especificar;1
82;1;2;6.35 a 39;5.32 a 36;2.Secundaria/Polimodal Incompleta;1.Menos de 2500 gramos;21
06;2;1;5.30 a 34;8.Sin especificar;4.Sin especificar;3.Sin especificar;4
58;1;2;1.Menor de 15;6.37 a 41;1.Hasta Primaria/C.EGB Completa;2.2500 gramos y más;1
38;1;2;4.25 a 29;6.37 a 41;1.Hasta Primaria/C.EGB Completa;2.2500 gramos y más;90
30;1;2;5.30 a 34;8.Sin especificar;3.Secundario/Polimodal Completa y más;2.2500 gramos y más;11
34;1;1;4.25 a 29;4.28 a 31;1.Hasta Primaria/C.EGB Completa;1.Menos de 2500 gramos;1
38;1;1;5.30 a 34;5.32 a 36;3.Secundario/Polimodal Completa y más;1.Menos de 2500 gramos;21
06;1;2;6.35 a 39;4.28 a 31;3.Secundario/Polimodal Completa y más;1.Menos de 2500 gramos;58
38;2;1;5.30 a 34;5.32 a 36;3.Secundario/Polimodal Completa y más;2.2500 gramos y más;2
38;1;1;3.20 a 24;5.32 a 36;2.Secundaria/Polimodal Incompleta;1.Menos de 2500 gramos;10
74;1;1;3.20 a 24;6.37 a 41;3.Secundario/Polimodal Completa y más;3.Sin especificar;1
42;2;2;6.35 a 39;6.37 a 41;3.Secundario/Polimodal Completa y más;2.2500 gramos y más;4
18;1;1;2.15 a 19;5.32 a 36;4.Sin especificar;1.Menos de 2500 gramos;12
98;1;2;9.Sin especificar;8.Sin especificar;4.Sin especificar;3.Sin especificar;2
99;1;1;6.35 a 39;8.Sin especificar;4.Sin especificar;3.Sin especificar;1
34;1;2;2.15 a 19;5.32 a 36;4.Sin especificar;2.2500 gramos y más;7
06;1;2;6.35 a 39;7.42 y más;1.Hasta Primaria/C.EGB Completa;2.2500 gramos y más;6
30;1;1;2.15 a 19;5.32 a 36;3.Secundario/Polimodal Completa y más;1.Menos de 2500 gramos;4
66;2;2;6.35 a 39;6.37 a 41;3.Secundario/Polimodal Completa y más;2.2500 gramos y más;11
90;1;2;4.25 a 29;5.32 a 36;2.Secundaria/Polimodal Incompleta;2.2500 gramos y más;51
10;1;2;5.30 a 34;6.37 a 41;1.Hasta Primaria/C.EGB Completa;2.2500 gramos y más;58
86;2;1;4.25 a 29;5.32 a 36;2.Secundaria/Polimodal Incompleta;1.Menos de 2500 gramos;3
82;2;1;7.40 a 44;5.32 a 36;3.Secundario/Polimodal Completa y más;1.Menos de 2500 gramos;7
06;2;1;3.20 a 24;8.Sin especificar;4.Sin especificar;3.Sin especificar;4
82;1;1;5.30 a 34;6.37 a 41;3.Secundario/Polimodal Completa y más;1.Menos de 2500 gramos;47
90;2;1;4.25 a 29;5.32 a 36;2.Secundaria/Polimodal Incompleta;2.2500 gramos y más;3
58;1;1;3.20 a 24;7.42 y más;1.Hasta Primaria/C.EGB Completa;2.2500 gramos y más;1
02;2;2;4.25 a 29;5.32 a 36;2.Secundaria/Polimodal Incompleta;1.Menos de 2500 gramos;5
62;2;2;4.25 a 29;5.32 a 36;2.Secundaria/Polimodal Incompleta;1.Menos de 2500 gramos;1
86;2;2;4.25 a 29;6.37 a 41;3.Secundario/Polimodal Completa y más;2.2500 gramos y más;2
06;1;2;2.15 a 19;7.42 y más;2.Secundaria/Polimodal Incompleta;1.Menos de 2500 gramos;1
54;1;2;2.15 a 19;7.42 y más;2.Secundaria/Polimodal Incompleta;2.2500 gramos y más;4
06;1;9;5.30 a 34;6.37 a 41;1.Hasta Primaria/C.EGB Completa;2.2500 gramos y más;13
58;2;2;6.35 a 39;6.37 a 41;1.Hasta Primaria/C.EGB Completa;2.2500 gramos y más;2
66;1;2;3.20 a 24;7.42 y más;2.Secundaria/Polimodal Incompleta;1.Menos de 2500 gramos;1
58;1;2;2.15 a 19;5.32 a 36;3.Secundario/Polimodal Completa y más;1.Menos de 2500 gramos;1
14;2;1;3.20 a 24;8.Sin especificar;3.Secundario/Polimodal Completa y más;2.2500 gramos y más;1
70;1;1;7.40 a 44;6.37 a 41;3.Secundario/Polimodal Completa y más;2.2500 gramos y más;102
02;1;2;5.30 a 34;8.Sin especificar;3.Secundario/Polimodal Completa y más;2.2500 gramos y más;5
62;1;1;5.30 a 34;7.42 y más;3.Secundario/Polimodal Completa y más;2.2500 gramos y más;2
66;1;1;4.25 a 29;5.32 a 36;3.Secundario/Polimodal Completa y más;1.Menos de 2500 gramos;70
78;1;1;2.15 a 19;5.32 a 36;3.Secundario/Polimodal Completa y más;2.2500 gramos y más;3
34;1;1;2.15 a 19;3.24 a 27;1.Hasta Primaria/C.EGB Completa;1.Menos de 2500 gramos;1
06;1;9;6.35 a 39;5.32 a 36;3.Secundario/Polimodal Completa y más;1.Menos de 2500 gramos;5
22;1;2;9.Sin especificar;5.32 a 36;3.Secundario/Polimodal Completa y más;1.Menos de 2500 gramos;1
54;2;2;2.15 a 19;6.37 a 41;1.Hasta Primaria/C.EGB Completa;1.Menos de 2500 gramos;1
22;1;1;2.15 a 19;6.37 a 41;2.Secundaria/Polimodal Incompleta;1.Menos de 2500 gramos;30
74;1;1;2.15 a 19;4.28 a 31;1.Hasta Primaria/C.EGB Completa;1.Menos de 2500 gramos;1
14;1;2;9.Sin especificar;5.32 a 36;3.Secundario/Polimodal Completa y más;1.Menos de 2500 gramos;1
06;1;1;8.De 45 y más;6.37 a 41;4.Sin especificar;1.Menos de 2500 gramos;1
99;1;1;5.30 a 34;6.37 a 41;1.Hasta Primaria/C.EGB Completa;2.2500 gramos y más;4
06;1;2;2.15 a 19;3.24 a 27;4.Sin especificar;1.Menos de 2500 gramos;4
06;1;1;7.40 a 44;6.37 a 41;2.Secundaria/Polimodal Incompleta;2.2500 gramos y más;468
06;1;1;5.30 a 34;6.37 a 41;2.Secundaria/Polimodal Incompleta;3.Sin especificar;22
66;2;1;5.30 a 34;4.28 a 31;3.Secundario/Polimodal Completa y más;1.Menos de 2500 gramos;4
22;2;1;8.De 45 y más;5.32 a 36;3.Secundario/Polimodal Completa y más;2.2500 gramos y más;1
54;1;1;8.De 45 y más;6.37 a 41;4.Sin especificar;2.2500 gramos y más;1
02;2;2;4.25 a 29;5.32 a 36;2.Secundaria/Polimodal Incompleta;2.2500 gramos y más;1
02;1;2;4.25 a 29;5.32 a 36;3.Secundario/Polimodal Completa y más;1.Menos de 2500 gramos;22
18;1;2;7.40 a 44;6.37 a 41;1.Hasta Primaria/C.EGB Completa;2.2500 gramos y más;40
82;1;1;5.30 a 34;6.37 a 41;3.Secundario/Polimodal Completa y más;2.2500 gramos y más;3317
66;1;2;3.20 a 24;7.42 y más;2.Secundaria/Polimodal Incompleta;2.2500 gramos y más;1
34;1;1;6.35 a 39;6.37 a 41;3.Secundario/Polimodal Completa y más;2.2500 gramos y más;136
02;1;2;4.25 a 29;5.32 a 36;3.Secundario/Polimodal Completa y más;2.2500 gramos y más;39
66;1;2;4.25 a 29;6.37 a 41;4.Sin especificar;2.2500 gramos y más;17
14;2;2;6.35 a 39;5.32 a 36;1.Hasta Primaria/C.EGB Completa;2.2500 gramos y más;3
38;1;1;5.30 a 34;6.37 a 41;3.Secundario/Polimodal Completa y más;2.2500 gramos y más;651
66;1;2;3.20 a 24;6.37 a 41;2.Secundaria/Polimodal Incompleta;2.2500 gramos y más;668
30;1;2;4.25 a 29;6.37 a 41;4.Sin especificar;3.Sin especificar;1
54;1;2;6.35 a 39;6.37 a 41;2.Secundaria/Polimodal Incompleta;1.Menos de 2500 gramos;5
06;2;1;2.15 a 19;5.32 a 36;3.Secundario/Polimodal Completa y más;1.Menos de 2500 gramos;10
66;1;2;4.25 a 29;5.32 a 36;2.Secundaria/Polimodal Incompleta;2.2500 gramos y más;20
62;1;1;2.15 a 19;5.32 a 36;2.Secundaria/Polimodal Incompleta;1.Menos de 2500 gramos;6
18;2;2;7.40 a 44;3.24 a 27;3.Secundario/Polimodal Completa y más;1.Menos de 2500 gramos;2
46;1;2;4.25 a 29;5.32 a 36;3.Secundario/Polimodal Completa y más;1.Menos de 2500 gramos;14
26;1;1;2.15 a 19;6.37 a 41;1.Hasta Primaria/C.EGB Completa;2.2500 gramos y más;17
50;1;2;3.20 a 24;6.37 a 41;3.Secundario/Polimodal Completa y más;1.Menos de 2500 gramos;26
06;1;1;2.15 a 19;8.Sin especificar;2.Secundaria/Polimodal Incompleta;3.Sin especificar;4
46;1;9;3.20 a 24;6.37 a 41;3.Secundario/Polimodal Completa y más;1.Menos de 2500 gramos;1
82;1;2;4.25 a 29;4.28 a 31;2.Secundaria/Polimodal Incompleta;1.Menos de 2500 gramos;11
82;1;1;4.25 a 29;6.37 a 41;4.Sin especificar;2.2500 gramos y más;25
06;1;2;6.35 a 39;5.32 a 36;4.Sin especificar;2.2500 gramos y más;44
62;1;2;3.20 a 24;5.32 a 36;1.Hasta Primaria/C.EGB Completa;1.Menos de 2500 gramos;2
66;1;1;4.25 a 29;7.42 y más;3.Secundario/Polimodal Completa y más;2.2500 gramos y más;4
02;1;1;6.35 a 39;6.37 a 41;3.Secundario/Polimodal Completa y más;2.2500 gramos y más;2657
42;2;1;5.30 a 34;4.28 a 31;3.Secundario/Polimodal Completa y más;1.Menos de 2500 gramos;1
14;1;2;3.20 a 24;6.37 a 41;3.Secundario/Polimodal Completa y más;2.2500 gramos y más;2005
78;1;1;4.25 a 29;6.37 a 41;1.Hasta Primaria/C.EGB Completa;2.2500 gramos y más;61
54;1;2;2.15 a 19;6.37 a 41;1.Hasta Primaria/C.EGB Completa;1.Menos de 2500 gramos;22
06;1;1;4.25 a 29;3.24 a 27;1.Hasta Primaria/C.EGB Completa;1.Menos de 2500 gramos;6
86;1;1;7.40 a 44;5.32 a 36;1.Hasta Primaria/C.EGB Completa;2.2500 gramos y más;5
82;1;2;4.25 a 29;8.Sin especificar;3.Secundario/Polimodal Completa y más;2.2500 gramos y más;3
06;2;1;6.35 a 39;4.28 a 31;4.Sin especificar;1.Menos de 2500 gramos;3
99;1;1;3.20 a 24;5.32 a 36;2.Secundaria/Polimodal Incompleta;2.2500 gramos y más;1
99;1;2;9.Sin especificar;8.Sin especificar;3.Secundario/Polimodal Completa y más;3.Sin especificar;1
38;2;2;2.15 a 19;5.32 a 36;2.Secundaria/Polimodal Incompleta;1.Menos de 2500 gramos;2
54;1;1;1.Menor de 15;6.37 a 41;4.Sin especificar;2.2500 gramos y más;2
74;1;2;6.35 a 39;3.24 a 27;3.Secundario/Polimodal Completa y más;1.Menos de 2500 gramos;5
22;1;1;2.15 a 19;6.37 a 41;4.Sin especificar;2.2500 gramos y más;17
22;1;2;3.20 a 24;5.32 a 36;3.Secundario/Polimodal Completa y más;2.2500 gramos y más;29
10;1;2;3.20 a 24;8.Sin especificar;3.Secundario/Polimodal Completa y más;3.Sin especificar;3
34;1;2;6.35 a 39;6.37 a 41;1.Hasta Primaria/C.EGB Completa;1.Menos de 2500 gramos;3
94;1;2;4.25 a 29;6.37 a 41;2.Secundaria/Polimodal Incompleta;2.2500 gramos y más;43
38;1;1;4.25 a 29;6.37 a 41;3.Secundario/Polimodal Completa y más;1.Menos de 2500 gramos;15
02;9;2;6.35 a 39;5.32 a 36;4.Sin especificar;1.Menos de 2500 gramos;2
14;2;1;7.40 a 44;5.32 a 36;1.Hasta Primaria/C.EGB Completa;1.Menos de 2500 gramos;2
99;1;1;3.20 a 24;6.37 a 41;3.Secundario/Polimodal Completa y más;2.2500 gramos y más;8
50;1;1;3.20 a 24;7.42 y más;3.Secundario/Polimodal Completa y más;2.2500 gramos y más;1
46;1;2;2.15 a 19;5.32 a 36;3.Secundario/Polimodal Completa y más;2.2500 gramos y más;1
74;2;1;6.35 a 39;6.37 a 41;3.Secundario/Polimodal Completa y más;2.2500 gramos y más;3
14;1;1;5.30 a 34;4.28 a 31;2.Secundaria/Polimodal Incompleta;1.Menos de 2500 gramos;5
82;1;1;4.25 a 29;6.37 a 41;1.Hasta Primaria/C.EGB Completa;1.Menos de 2500 gramos;16
14;9;1;6.35 a 39;6.37 a 41;4.Sin especificar;2.2500 gramos y más;2
66;1;2;1.Menor de 15;6.37 a 41;1.Hasta Primaria/C.EGB Completa;2.2500 gramos y más;20
86;1;1;4.25 a 29;6.37 a 41;3.Secundario/Polimodal Completa y más;2.2500 gramos y más;528
06;1;2;2.15 a 19;4.28 a 31;1.Hasta Primaria/C.EGB Completa;2.2500 gramos y más;1
82;2;1;4.25 a 29;6.37 a 41;1.Hasta Primaria/C.EGB Completa;2.2500 gramos y más;9
06;1;2;3.20 a 24;5.32 a 36;1.Hasta Primaria/C.EGB Completa;3.Sin especificar;4
22;1;2;4.25 a 29;5.32 a 36;2.Secundaria/Polimodal Incompleta;1.Menos de 2500 gramos;21
58;1;1;3.20 a 24;5.32 a 36;1.Hasta Primaria/C.EGB Completa;2.2500 gramos y más;4
38;1;2;4.25 a 29;3.24 a 27;3.Secundario/Polimodal Completa y más;1.Menos de 2500 gramos;6
38;1;2;6.35 a 39;5.32 a 36;1.Hasta Primaria/C.EGB Completa;2.2500 gramos y más;3
66;1;1;6.35 a 39;5.32 a 36;2.Secundaria/Polimodal Incompleta;1.Menos de 2500 gramos;9
34;1;1;6.35 a 39;5.32 a 36;2.Secundaria/Polimodal Incompleta;2.2500 gramos y más;3
22;1;2;6.35 a 39;5.32 a 36;2.Secundaria/Polimodal Incompleta;2.2500 gramos y más;4
34;1;2;3.20 a 24;6.37 a 41;4.Sin especificar;2.2500 gramos y más;259
54;1;2;8.De 45 y más;6.37 a 41;3.Secundario/Polimodal Completa y más;2.2500 gramos y más;7
06;1;2;5.30 a 34;3.24 a 27;1.Hasta Primaria/C.EGB Completa;1.Menos de 2500 gramos;9
22;2;1;3.20 a 24;5.32 a 36;4.Sin especificar;1.Menos de 2500 gramos;1
02;1;1;6.35 a 39;6.37 a 41;2.Secundaria/Polimodal Incompleta;1.Menos de 2500 gramos;5
94;1;2;6.35 a 39;4.28 a 31;3.Secundario/Polimodal Completa y más;1.Menos de 2500 gramos;2
70;1;2;5.30 a 34;5.32 a 36;2.Secundaria/Polimodal Incompleta;1.Menos de 2500 gramos;6
18;1;2;3.20 a 24;7.42 y más;3.Secundario/Polimodal Completa y más;2.2500 gramos y más;2
66;2;2;3.20 a 24;6.37 a 41;1.Hasta Primaria/C.EGB Completa;1.Menos de 2500 gramos;3
74;1;2;4.25 a 29;5.32 a 36;3.Secundario/Polimodal Completa y más;2.2500 gramos y más;15
18;1;1;5.30 a 34;6.37 a 41;1.Hasta Primaria/C.EGB Completa;1.Menos de 2500 gramos;4
06;1;1;6.35 a 39;6.37 a 41;3.Secundario/Polimodal Completa y más;1.Menos de 2500 gramos;151
18;1;2;4.25 a 29;5.32 a 36;4.Sin especificar;1.Menos de 2500 gramos;14
54;2;2;2.15 a 19;6.37 a 41;1.Hasta Primaria/C.EGB Completa;2.2500 gramos y más;1
82;2;2;7.40 a 44;3.24 a 27;3.Secundario/Polimodal Completa y más;1.Menos de 2500 gramos;2
99;1;9;5.30 a 34;8.Sin especificar;4.Sin especificar;1.Menos de 2500 gramos;1
82;1;2;5.30 a 34;3.24 a 27;3.Secundario/Polimodal Completa y más;1.Menos de 2500 gramos;8
94;1;1;4.25 a 29;7.42 y más;3.Secundario/Polimodal Completa y más;2.2500 gramos y más;1
22;1;1;1.Menor de 15;6.37 a 41;1.Hasta Primaria/C.EGB Completa;2.2500 gramos y más;43
50;1;2;5.30 a 34;6.37 a 41;4.Sin especificar;2.2500 gramos y más;1
06;2;2;6.35 a 39;5.32 a 36;3.Secundario/Polimodal Completa y más;2.2500 gramos y más;22
62;1;2;9.Sin especificar;6.37 a 41;2.Secundaria/Polimodal Incompleta;2.2500 gramos y más;1
14;1;2;2.15 a 19;5.32 a 36;1.Hasta Primaria/C.EGB Completa;2.2500 gramos y más;5
90;1;2;1.Menor de 15;6.37 a 41;1.Hasta Primaria/C.EGB Completa;2.2500 gramos y más;7
62;1;2;6.35 a 39;8.Sin especificar;2.Secundaria/Polimodal Incompleta;2.2500 gramos y más;2
54;2;1;4.25 a 29;6.37 a 41;3.Secundario/Polimodal Completa y más;1.Menos de 2500 gramos;2
62;1;2;4.25 a 29;3.24 a 27;3.Secundario/Polimodal Completa y más;1.Menos de 2500 gramos;1
06;1;1;2.15 a 19;3.24 a 27;1.Hasta Primaria/C.EGB Completa;1.Menos de 2500 gramos;5
74;2;2;4.25 a 29;5.32 a 36;2.Secundaria/Polimodal Incompleta;1.Menos de 2500 gramos;4
18;1;1;3.20 a 24;7.42 y más;2.Secundaria/Polimodal Incompleta;2.2500 gramos y más;6
78;1;2;5.30 a 34;6.37 a 41;2.Secundaria/Polimodal Incompleta;1.Menos de 2500 gramos;2
54;1;2;8.De 45 y más;6.37 a 41;4.Sin especificar;2.2500 gramos y más;1
82;1;2;2.15 a 19;2.22 a 23;1.Hasta Primaria/C.EGB Completa;1.Menos de 2500 gramos;1
82;1;1;2.15 a 19;2.22 a 23;2.Secundaria/Polimodal Incompleta;1.Menos de 2500 gramos;2
30;1;1;4.25 a 29;4.28 a 31;2.Secundaria/Polimodal Incompleta;2.2500 gramos y más;1
06;1;1;6.35 a 39;6.37 a 41;1.Hasta Primaria/C.EGB Completa;2.2500 gramos y más;1524
99;1;1;2.15 a 19;6.37 a 41;3.Secundario/Polimodal Completa y más;2.2500 gramos y más;2
38;2;1;3.20 a 24;6.37 a 41;2.Secundaria/Polimodal Incompleta;1.Menos de 2500 gramos;1
66;1;2;3.20 a 24;5.32 a 36;1.Hasta Primaria/C.EGB Completa;1.Menos de 2500 gramos;21
22;1;2;6.35 a 39;5.32 a 36;3.Secundario/Polimodal Completa y más;1.Menos de 2500 gramos;30
30;1;1;2.15 a 19;5.32 a 36;1.Hasta Primaria/C.EGB Completa;2.2500 gramos y más;7
82;1;2;3.20 a 24;2.22 a 23;1.Hasta Primaria/C.EGB Completa;1.Menos de 2500 gramos;1
38;1;2;1.Menor de 15;2.22 a 23;1.Hasta Primaria/C.EGB Completa;1.Menos de 2500 gramos;1
66;1;2;7.40 a 44;6.37 a 41;2.Secundaria/Polimodal Incompleta;1.Menos de 2500 gramos;3
06;1;1;6.35 a 39;8.Sin especificar;3.Secundario/Polimodal Completa y más;2.2500 gramos y más;29
06;1;2;8.De 45 y más;6.37 a 41;1.Hasta Primaria/C.EGB Completa;3.Sin especificar;1
34;1;1;5.30 a 34;4.28 a 31;3.Secundario/Polimodal Completa y más;1.Menos de 2500 gramos;4
06;1;1;3.20 a 24;7.42 y más;2.Secundaria/Polimodal Incompleta;2.2500 gramos y más;35
22;1;1;2.15 a 19;6.37 a 41;3.Secundario/Polimodal Completa y más;2.2500 gramos y más;190
02;1;2;3.20 a 24;6.37 a 41;1.Hasta Primaria/C.EGB Completa;2.2500 gramos y más;233
06;1;1;7.40 a 44;6.37 a 41;3.Secundario/Polimodal Completa y más;2.2500 gramos y más;2191
66;1;1;4.25 a 29;5.32 a 36;2.Secundaria/Polimodal Incompleta;2.2500 gramos y más;23
22;1;9;4.25 a 29;6.37 a 41;3.Secundario/Polimodal Completa y más;3.Sin especificar;1
90;1;2;5.30 a 34;6.37 a 41;3.Secundario/Polimodal Completa y más;3.Sin especificar;2
30;2;2;3.20 a 24;5.32 a 36;2.Secundaria/Polimodal Incompleta;1.Menos de 2500 gramos;4
06;1;1;1.Menor de 15;6.37 a 41;1.Hasta Primaria/C.EGB Completa;2.2500 gramos y más;25
62;1;1;4.25 a 29;8.Sin especificar;3.Secundario/Polimodal Completa y más;2.2500 gramos y más;2
26;1;2;7.40 a 44;6.37 a 41;1.Hasta Primaria/C.EGB Completa;2.2500 gramos y más;13
74;1;1;3.20 a 24;8.Sin especificar;3.Secundario/Polimodal Completa y más;2.2500 gramos y más;1
74;1;2;4.25 a 29;6.37 a 41;2.Secundaria/Polimodal Incompleta;2.2500 gramos y más;127
50;1;2;2.15 a 19;3.24 a 27;2.Secundaria/Polimodal Incompleta;1.Menos de 2500 gramos;3
99;1;1;3.20 a 24;6.37 a 41;4.Sin especificar;3.Sin especificar;1
46;1;2;5.30 a 34;5.32 a 36;1.Hasta Primaria/C.EGB Completa;2.2500 gramos y más;3
46;1;2;6.35 a 39;4.28 a 31;3.Secundario/Polimodal Completa y más;1.Menos de 2500 gramos;1
06;1;1;2.15 a 19;6.37 a 41;4.Sin especificar;2.2500 gramos y más;682
38;2;1;6.35 a 39;6.37 a 41;1.Hasta Primaria/C.EGB Completa;2.2500 gramos y más;2
02;1;1;5.30 a 34;5.32 a 36;2.Secundaria/Polimodal Incompleta;2.2500 gramos y más;7
66;2;1;5.30 a 34;5.32 a 36;3.Secundario/Polimodal Completa y más;2.2500 gramos y más;1
10;1;1;3.20 a 24;7.42 y más;3.Secundario/Polimodal Completa y más;2.2500 gramos y más;3
26;1;2;4.25 a 29;4.28 a 31;3.Secundario/Polimodal Completa y más;2.2500 gramos y más;1
34;1;2;7.40 a 44;5.32 a 36;2.Secundaria/Polimodal Incompleta;2.2500 gramos y más;1
82;1;2;5.30 a 34;6.37 a 41;3.Secundario/Polimodal Completa y más;2.2500 gramos y más;3172
06;1;2;4.25 a 29;5.32 a 36;1.Hasta Primaria/C.EGB Completa;3.Sin especificar;6
90;1;2;4.25 a 29;3.24 a 27;3.Secundario/Polimodal Completa y más;1.Menos de 2500 gramos;5
14;1;2;6.35 a 39;7.42 y más;3.Secundario/Polimodal Completa y más;2.2500 gramos y más;3
06;2;2;5.30 a 34;3.24 a 27;4.Sin especificar;1.Menos de 2500 gramos;3
90;1;2;6.35 a 39;4.28 a 31;2.Secundaria/Polimodal Incompleta;1.Menos de 2500 gramos;2
14;2;2;4.25 a 29;5.32 a 36;2.Secundaria/Polimodal Incompleta;1.Menos de 2500 gramos;16
90;1;2;3.20 a 24;5.32 a 36;2.Secundaria/Polimodal Incompleta;2.2500 gramos y más;61
50;1;1;5.30 a 34;5.32 a 36;3.Secundario/Polimodal Completa y más;1.Menos de 2500 gramos;52
50;1;1;5.30 a 34;6.37 a 41;2.Secundaria/Polimodal Incompleta;2.2500 gramos y más;481
66;1;1;4.25 a 29;6.37 a 41;1.Hasta Primaria/C.EGB Completa;3.Sin especificar;1
46;2;2;2.15 a 19;5.32 a 36;1.Hasta Primaria/C.EGB Completa;1.Menos de 2500 gramos;3
82;2;2;4.25 a 29;5.32 a 36;2.Secundaria/Polimodal Incompleta;2.2500 gramos y más;2
06;1;1;7.40 a 44;6.37 a 41;2.Secundaria/Polimodal Incompleta;1.Menos de 2500 gramos;14
86;1;2;5.30 a 34;6.37 a 41;1.Hasta Primaria/C.EGB Completa;2.2500 gramos y más;533
86;1;1;6.35 a 39;7.42 y más;3.Secundario/Polimodal Completa y más;2.2500 gramos y más;1
58;2;1;3.20 a 24;6.37 a 41;3.Secundario/Polimodal Completa y más;1.Menos de 2500 gramos;2
30;1;2;4.25 a 29;6.37 a 41;3.Secundario/Polimodal Completa y más;1.Menos de 2500 gramos;26
06;1;1;8.De 45 y más;6.37 a 41;1.Hasta Primaria/C.EGB Completa;3.Sin especificar;1
58;1;2;3.20 a 24;5.32 a 36;1.Hasta Primaria/C.EGB Completa;1.Menos de 2500 gramos;1
70;2;1;4.25 a 29;5.32 a 36;3.Secundario/Polimodal Completa y más;2.2500 gramos y más;2
70;1;2;2.15 a 19;4.28 a 31;1.Hasta Primaria/C.EGB Completa;1.Menos de 2500 gramos;3
26;1;1;5.30 a 34;3.24 a 27;3.Secundario/Polimodal Completa y más;1.Menos de 2500 gramos;1
06;2;2;6.35 a 39;5.32 a 36;2.Secundaria/Polimodal Incompleta;3.Sin especificar;1
34;1;1;7.40 a 44;6.37 a 41;3.Secundario/Polimodal Completa y más;2.2500 gramos y más;38
38;1;1;3.20 a 24;4.28 a 31;3.Secundario/Polimodal Completa y más;1.Menos de 2500 gramos;3
86;1;2;5.30 a 34;6.37 a 41;1.Hasta Primaria/C.EGB Completa;1.Menos de 2500 gramos;12
66;1;2;4.25 a 29;5.32 a 36;2.Secundaria/Polimodal Incompleta;1.Menos de 2500 gramos;20
86;1;2;1.Menor de 15;6.37 a 41;2.Secundaria/Polimodal Incompleta;2.2500 gramos y más;4
50;2;1;5.30 a 34;3.24 a 27;2.Secundaria/Polimodal Incompleta;1.Menos de 2500 gramos;4
06;1;2;6.35 a 39;3.24 a 27;1.Hasta Primaria/C.EGB Completa;1.Menos de 2500 gramos;5
62;2;2;4.25 a 29;3.24 a 27;4.Sin especificar;3.Sin especificar;1
06;1;1;5.30 a 34;8.Sin especificar;3.Secundario/Polimodal Completa y más;1.Menos de 2500 gramos;8
42;1;1;2.15 a 19;6.37 a 41;2.Secundaria/Polimodal Incompleta;2.2500 gramos y más;40
34;2;1;5.30 a 34;5.32 a 36;3.Secundario/Polimodal Completa y más;2.2500 gramos y más;4
38;1;1;6.35 a 39;5.32 a 36;1.Hasta Primaria/C.EGB Completa;2.2500 gramos y más;3
18;1;2;4.25 a 29;3.24 a 27;4.Sin especificar;1.Menos de 2500 gramos;1
66;1;2;7.40 a 44;4.28 a 31;2.Secundaria/Polimodal Incompleta;1.Menos de 2500 gramos;1
18;1;1;3.20 a 24;4.28 a 31;2.Secundaria/Polimodal Incompleta;1.Menos de 2500 gramos;7
74;2;1;4.25 a 29;5.32 a 36;2.Secundaria/Polimodal Incompleta;2.2500 gramos y más;1
78;1;2;6.35 a 39;4.28 a 31;3.Secundario/Polimodal Completa y más;2.2500 gramos y más;1
18;1;2;2.15 a 19;6.37 a 41;2.Secundaria/Polimodal Incompleta;1.Menos de 2500 gramos;17
82;1;1;6.35 a 39;7.42 y más;1.Hasta Primaria/C.EGB Completa;2.2500 gramos y más;2
14;1;1;3.20 a 24;4.28 a 31;1.Hasta Primaria/C.EGB Completa;1.Menos de 2500 gramos;2
10;1;2;7.40 a 44;5.32 a 36;3.Secundario/Polimodal Completa y más;1.Menos de 2500 gramos;2
30;1;1;6.35 a 39;4.28 a 31;1.Hasta Primaria/C.EGB Completa;2.2500 gramos y más;1
66;2;1;6.35 a 39;6.37 a 41;1.Hasta Primaria/C.EGB Completa;2.2500 gramos y más;4
30;1;2;3.20 a 24;6.37 a 41;1.Hasta Primaria/C.EGB Completa;1.Menos de 2500 gramos;9
30;1;1;3.20 a 24;6.37 a 41;2.Secundaria/Polimodal Incompleta;1.Menos de 2500 gramos;11
90;2;1;3.20 a 24;6.37 a 41;2.Secundaria/Polimodal Incompleta;1.Menos de 2500 gramos;4
14;1;2;1.Menor de 15;6.37 a 41;1.Hasta Primaria/C.EGB Completa;1.Menos de 2500 gramos;1
86;1;1;3.20 a 24;5.32 a 36;1.Hasta Primaria/C.EGB Completa;2.2500 gramos y más;39
58;1;2;5.30 a 34;5.32 a 36;2.Secundaria/Polimodal Incompleta;2.2500 gramos y más;4
10;2;1;7.40 a 44;5.32 a 36;3.Secundario/Polimodal Completa y más;2.2500 gramos y más;1
90;1;2;5.30 a 34;8.Sin especificar;2.Secundaria/Polimodal Incompleta;2.2500 gramos y más;2
22;2;1;6.35 a 39;5.32 a 36;1.Hasta Primaria/C.EGB Completa;1.Menos de 2500 gramos;3
06;2;1;5.30 a 34;6.37 a 41;1.Hasta Primaria/C.EGB Completa;1.Menos de 2500 gramos;3
66;1;1;5.30 a 34;8.Sin especificar;3.Secundario/Polimodal Completa y más;2.2500 gramos y más;24
02;2;2;7.40 a 44;4.28 a 31;3.Secundario/Polimodal Completa y más;1.Menos de 2500 gramos;5
30;1;2;7.40 a 44;8.Sin especificar;2.Secundaria/Polimodal Incompleta;2.2500 gramos y más;1
14;1;2;5.30 a 34;5.32 a 36;2.Secundaria/Polimodal Incompleta;2.2500 gramos y más;22
06;2;1;4.25 a 29;3.24 a 27;1.Hasta Primaria/C.EGB Completa;1.Menos de 2500 gramos;2
30;1;1;5.30 a 34;4.28 a 31;3.Secundario/Polimodal Completa y más;1.Menos de 2500 gramos;6
18;2;1;3.20 a 24;5.32 a 36;3.Secundario/Polimodal Completa y más;2.2500 gramos y más;1
06;1;9;4.25 a 29;6.37 a 41;2.Secundaria/Polimodal Incompleta;1.Menos de 2500 gramos;1
46;1;1;4.25 a 29;8.Sin especificar;3.Secundario/Polimodal Completa y más;2.2500 gramos y más;3
14;1;2;5.30 a 34;6.37 a 41;1.Hasta Primaria/C.EGB Completa;3.Sin especificar;1
06;2;2;6.35 a 39;6.37 a 41;3.Secundario/Polimodal Completa y más;1.Menos de 2500 gramos;35
90;2;1;5.30 a 34;6.37 a 41;1.Hasta Primaria/C.EGB Completa;1.Menos de 2500 gramos;1
86;2;1;5.30 a 34;6.37 a 41;1.Hasta Primaria/C.EGB Completa;2.2500 gramos y más;2
26;2;2;5.30 a 34;8.Sin especificar;3.Secundario/Polimodal Completa y más;2.2500 gramos y más;1
86;1;2;6.35 a 39;5.32 a 36;2.Secundaria/Polimodal Incompleta;1.Menos de 2500 gramos;2
50;1;1;6.35 a 39;4.28 a 31;3.Secundario/Polimodal Completa y más;1.Menos de 2500 gramos;9
06;1;1;1.Menor de 15;4.28 a 31;2.Secundaria/Polimodal Incompleta;2.2500 gramos y más;1
22;1;1;5.30 a 34;4.28 a 31;3.Secundario/Polimodal Completa y más;1.Menos de 2500 gramos;6
34;2;1;5.30 a 34;4.28 a 31;3.Secundario/Polimodal Completa y más;1.Menos de 2500 gramos;5
54;1;1;2.15 a 19;5.32 a 36;1.Hasta Primaria/C.EGB Completa;2.2500 gramos y más;20
54;1;2;3.20 a 24;4.28 a 31;1.Hasta Primaria/C.EGB Completa;1.Menos de 2500 gramos;3
06;2;2;4.25 a 29;5.32 a 36;3.Secundario/Polimodal Completa y más;1.Menos de 2500 gramos;71
22;1;1;3.20 a 24;6.37 a 41;1.Hasta Primaria/C.EGB Completa;2.2500 gramos y más;524
86;1;1;6.35 a 39;6.37 a 41;1.Hasta Primaria/C.EGB Completa;1.Menos de 2500 gramos;8
22;1;2;6.35 a 39;4.28 a 31;1.Hasta Primaria/C.EGB Completa;1.Menos de 2500 gramos;1
50;1;1;6.35 a 39;4.28 a 31;2.Secundaria/Polimodal Incompleta;1.Menos de 2500 gramos;2
50;9;1;9.Sin especificar;8.Sin especificar;4.Sin especificar;2.2500 gramos y más;1
30;1;2;6.35 a 39;8.Sin especificar;3.Secundario/Polimodal Completa y más;2.2500 gramos y más;5
14;2;2;6.35 a 39;6.37 a 41;2.Secundaria/Polimodal Incompleta;1.Menos de 2500 gramos;2
14;1;1;3.20 a 24;5.32 a 36;2.Secundaria/Polimodal Incompleta;1.Menos de 2500 gramos;50
06;1;2;5.30 a 34;8.Sin especificar;4.Sin especificar;1.Menos de 2500 gramos;1
90;1;2;3.20 a 24;3.24 a 27;3.Secundario/Polimodal Completa y más;1.Menos de 2500 gramos;6
14;1;2;5.30 a 34;3.24 a 27;1.Hasta Primaria/C.EGB Completa;1.Menos de 2500 gramos;4
42;9;1;5.30 a 34;6.37 a 41;1.Hasta Primaria/C.EGB Completa;2.2500 gramos y más;1
82;2;2;5.30 a 34;5.32 a 36;2.Secundaria/Polimodal Incompleta;2.2500 gramos y más;5
26;1;2;6.35 a 39;5.32 a 36;4.Sin especificar;1.Menos de 2500 gramos;4
50;1;1;5.30 a 34;6.37 a 41;3.Secundario/Polimodal Completa y más;2.2500 gramos y más;1882
22;1;1;9.Sin especificar;8.Sin especificar;4.Sin especificar;3.Sin especificar;1
06;2;2;3.20 a 24;6.37 a 41;3.Secundario/Polimodal Completa y más;1.Menos de 2500 gramos;21
99;1;1;4.25 a 29;5.32 a 36;3.Secundario/Polimodal Completa y más;2.2500 gramos y más;2
02;1;2;8.De 45 y más;6.37 a 41;3.Secundario/Polimodal Completa y más;2.2500 gramos y más;88
30;1;1;6.35 a 39;5.32 a 36;1.Hasta Primaria/C.EGB Completa;2.2500 gramos y más;6
66;1;1;8.De 45 y más;5.32 a 36;3.Secundario/Polimodal Completa y más;1.Menos de 2500 gramos;1
06;2;1;6.35 a 39;3.24 a 27;2.Secundaria/Polimodal Incompleta;3.Sin especificar;2
30;2;2;4.25 a 29;5.32 a 36;3.Secundario/Polimodal Completa y más;1.Menos de 2500 gramos;12
30;1;1;4.25 a 29;7.42 y más;1.Hasta Primaria/C.EGB Completa;2.2500 gramos y más;1
90;1;2;6.35 a 39;6.37 a 41;1.Hasta Primaria/C.EGB Completa;3.Sin especificar;1
50;1;1;3.20 a 24;6.37 a 41;2.Secundaria/Polimodal Incompleta;1.Menos de 2500 gramos;23
66;2;2;2.15 a 19;6.37 a 41;2.Secundaria/Polimodal Incompleta;1.Menos de 2500 gramos;2
10;1;1;7.40 a 44;8.Sin especificar;1.Hasta Primaria/C.EGB Completa;2.2500 gramos y más;1
62;2;2;6.35 a 39;6.37 a 41;3.Secundario/Polimodal Completa y más;2.2500 gramos y más;7
30;2;1;6.35 a 39;5.32 a 36;2.Secundaria/Polimodal Incompleta;2.2500 gramos y más;3
90;1;2;3.20 a 24;5.32 a 36;1.Hasta Primaria/C.EGB Completa;3.Sin especificar;1
18;1;2;2.15 a 19;6.37 a 41;2.Secundaria/Polimodal Incompleta;2.2500 gramos y más;371
58;2;1;4.25 a 29;6.37 a 41;1.Hasta Primaria/C.EGB Completa;2.2500 gramos y más;3
58;1;1;7.40 a 44;5.32 a 36;3.Secundario/Polimodal Completa y más;2.2500 gramos y más;6
46;1;2;3.20 a 24;6.37 a 41;1.Hasta Primaria/C.EGB Completa;1.Menos de 2500 gramos;2
14;1;1;7.40 a 44;5.32 a 36;2.Secundaria/Polimodal Incompleta;1.Menos de 2500 gramos;11
06;2;2;2.15 a 19;5.32 a 36;2.Secundaria/Polimodal Incompleta;2.2500 gramos y más;4
66;1;1;4.25 a 29;6.37 a 41;1.Hasta Primaria/C.EGB Completa;2.2500 gramos y más;350
06;1;2;3.20 a 24;4.28 a 31;1.Hasta Primaria/C.EGB Completa;1.Menos de 2500 gramos;14
62;1;1;9.Sin especificar;3.24 a 27;2.Secundaria/Polimodal Incompleta;1.Menos de 2500 gramos;1
58;1;2;8.De 45 y más;6.37 a 41;3.Secundario/Polimodal Completa y más;2.2500 gramos y más;4
38;1;1;5.30 a 34;5.32 a 36;3.Secundario/Polimodal Completa y más;2.2500 gramos y más;23
30;1;1;5.30 a 34;4.28 a 31;2.Secundaria/Polimodal Incompleta;1.Menos de 2500 gramos;3
06;1;2;5.30 a 34;3.24 a 27;3.Secundario/Polimodal Completa y más;1.Menos de 2500 gramos;30
54;1;1;3.20 a 24;5.32 a 36;2.Secundaria/Polimodal Incompleta;1.Menos de 2500 gramos;25
06;1;2;6.35 a 39;7.42 y más;3.Secundario/Polimodal Completa y más;3.Sin especificar;1
50;2;2;7.40 a 44;5.32 a 36;2.Secundaria/Polimodal Incompleta;1.Menos de 2500 gramos;1
22;1;2;2.15 a 19;3.24 a 27;1.Hasta Primaria/C.EGB Completa;1.Menos de 2500 gramos;2
06;2;2;3.20 a 24;5.32 a 36;1.Hasta Primaria/C.EGB Completa;2.2500 gramos y más;6
06;1;1;2.15 a 19;7.42 y más;3.Secundario/Polimodal Completa y más;2.2500 gramos y más;7
66;1;2;4.25 a 29;5.32 a 36;3.Secundario/Polimodal Completa y más;2.2500 gramos y más;62
22;1;2;1.Menor de 15;4.28 a 31;1.Hasta Primaria/C.EGB Completa;1.Menos de 2500 gramos;2
30;1;1;6.35 a 39;6.37 a 41;4.Sin especificar;2.2500 gramos y más;11
10;1;1;3.20 a 24;5.32 a 36;3.Secundario/Polimodal Completa y más;2.2500 gramos y más;11
06;1;1;4.25 a 29;5.32 a 36;3.Secundario/Polimodal Completa y más;3.Sin especificar;28
42;1;2;7.40 a 44;6.37 a 41;1.Hasta Primaria/C.EGB Completa;2.2500 gramos y más;7
06;1;2;3.20 a 24;7.42 y más;1.Hasta Primaria/C.EGB Completa;2.2500 gramos y más;12
62;1;1;2.15 a 19;5.32 a 36;2.Secundaria/Polimodal Incompleta;2.2500 gramos y más;8
94;1;2;5.30 a 34;5.32 a 36;3.Secundario/Polimodal Completa y más;2.2500 gramos y más;7
82;2;2;7.40 a 44;4.28 a 31;2.Secundaria/Polimodal Incompleta;1.Menos de 2500 gramos;2
66;1;1;4.25 a 29;8.Sin especificar;2.Secundaria/Polimodal Incompleta;2.2500 gramos y más;3
42;1;2;3.20 a 24;4.28 a 31;3.Secundario/Polimodal Completa y más;1.Menos de 2500 gramos;1
58;1;1;3.20 a 24;6.37 a 41;4.Sin especificar;2.2500 gramos y más;4
30;1;2;6.35 a 39;5.32 a 36;2.Secundaria/Polimodal Incompleta;2.2500 gramos y más;4
66;1;1;3.20 a 24;5.32 a 36;1.Hasta Primaria/C.EGB Completa;1.Menos de 2500 gramos;10
14;1;1;4.25 a 29;8.Sin especificar;1.Hasta Primaria/C.EGB Completa;2.2500 gramos y más;2
06;1;2;5.30 a 34;4.28 a 31;3.Secundario/Polimodal Completa y más;1.Menos de 2500 gramos;80
06;1;1;4.25 a 29;2.22 a 23;2.Secundaria/Polimodal Incompleta;1.Menos de 2500 gramos;1
90;1;2;5.30 a 34;4.28 a 31;3.Secundario/Polimodal Completa y más;1.Menos de 2500 gramos;8
06;1;2;3.20 a 24;4.28 a 31;4.Sin especificar;1.Menos de 2500 gramos;10
50;2;1;7.40 a 44;6.37 a 41;3.Secundario/Polimodal Completa y más;2.2500 gramos y más;4
82;2;2;7.40 a 44;4.28 a 31;3.Secundario/Polimodal Completa y más;1.Menos de 2500 gramos;5
74;1;1;2.15 a 19;6.37 a 41;2.Secundaria/Polimodal Incompleta;1.Menos de 2500 gramos;4
58;2;1;7.40 a 44;5.32 a 36;2.Secundaria/Polimodal Incompleta;1.Menos de 2500 gramos;1
14;1;2;5.30 a 34;6.37 a 41;3.Secundario/Polimodal Completa y más;2.2500 gramos y más;3389
82;1;1;1.Menor de 15;7.42 y más;1.Hasta Primaria/C.EGB Completa;2.2500 gramos y más;1
58;1;2;4.25 a 29;5.32 a 36;3.Secundario/Polimodal Completa y más;2.2500 gramos y más;14
66;1;1;6.35 a 39;5.32 a 36;3.Secundario/Polimodal Completa y más;1.Menos de 2500 gramos;27
14;2;1;7.40 a 44;3.24 a 27;3.Secundario/Polimodal Completa y más;1.Menos de 2500 gramos;2
78;1;2;5.30 a 34;5.32 a 36;1.Hasta Primaria/C.EGB Completa;2.2500 gramos y más;7
18;1;1;3.20 a 24;5.32 a 36;4.Sin especificar;1.Menos de 2500 gramos;13
58;1;1;5.30 a 34;4.28 a 31;1.Hasta Primaria/C.EGB Completa;1.Menos de 2500 gramos;1
90;1;2;5.30 a 34;5.32 a 36;2.Secundaria/Polimodal Incompleta;2.2500 gramos y más;34
06;1;1;5.30 a 34;4.28 a 31;4.Sin especificar;3.Sin especificar;1
62;1;1;6.35 a 39;5.32 a 36;1.Hasta Primaria/C.EGB Completa;1.Menos de 2500 gramos;3
30;1;1;4.25 a 29;6.37 a 41;2.Secundaria/Polimodal Incompleta;2.2500 gramos y más;421
94;1;2;3.20 a 24;5.32 a 36;2.Secundaria/Polimodal Incompleta;1.Menos de 2500 gramos;2
70;1;2;4.25 a 29;7.42 y más;3.Secundario/Polimodal Completa y más;2.2500 gramos y más;1
50;2;2;3.20 a 24;6.37 a 41;2.Secundaria/Polimodal Incompleta;1.Menos de 2500 gramos;5
38;1;2;2.15 a 19;6.37 a 41;3.Secundario/Polimodal Completa y más;2.2500 gramos y más;83
62;1;1;4.25 a 29;5.32 a 36;4.Sin especificar;1.Menos de 2500 gramos;4
62;1;2;8.De 45 y más;6.37 a 41;3.Secundario/Polimodal Completa y más;2.2500 gramos y más;5
18;2;1;5.30 a 34;5.32 a 36;2.Secundaria/Polimodal Incompleta;1.Menos de 2500 gramos;2
30;1;2;2.15 a 19;6.37 a 41;4.Sin especificar;3.Sin especificar;1
34;1;2;5.30 a 34;4.28 a 31;3.Secundario/Polimodal Completa y más;1.Menos de 2500 gramos;1
06;1;9;5.30 a 34;5.32 a 36;2.Secundaria/Polimodal Incompleta;2.2500 gramos y más;1
54;2;2;6.35 a 39;3.24 a 27;3.Secundario/Polimodal Completa y más;1.Menos de 2500 gramos;1
14;2;1;4.25 a 29;4.28 a 31;3.Secundario/Polimodal Completa y más;1.Menos de 2500 gramos;4
34;1;1;5.30 a 34;3.24 a 27;3.Secundario/Polimodal Completa y más;1.Menos de 2500 gramos;1
30;1;2;5.30 a 34;6.37 a 41;3.Secundario/Polimodal Completa y más;2.2500 gramos y más;1191
66;1;2;4.25 a 29;6.37 a 41;1.Hasta Primaria/C.EGB Completa;2.2500 gramos y más;376
90;1;2;4.25 a 29;8.Sin especificar;3.Secundario/Polimodal Completa y más;2.2500 gramos y más;9
10;2;1;4.25 a 29;5.32 a 36;3.Secundario/Polimodal Completa y más;2.2500 gramos y más;2
10;1;2;2.15 a 19;6.37 a 41;2.Secundaria/Polimodal Incompleta;2.2500 gramos y más;125
90;1;1;4.25 a 29;7.42 y más;3.Secundario/Polimodal Completa y más;1.Menos de 2500 gramos;1
78;1;2;2.15 a 19;5.32 a 36;2.Secundaria/Polimodal Incompleta;2.2500 gramos y más;2
22;1;1;4.25 a 29;6.37 a 41;2.Secundaria/Polimodal Incompleta;3.Sin especificar;3
42;9;2;2.15 a 19;6.37 a 41;3.Secundario/Polimodal Completa y más;2.2500 gramos y más;1
78;1;1;5.30 a 34;6.37 a 41;4.Sin especificar;2.2500 gramos y más;2
78;2;2;5.30 a 34;6.37 a 41;3.Secundario/Polimodal Completa y más;2.2500 gramos y más;1
14;2;1;6.35 a 39;5.32 a 36;2.Secundaria/Polimodal Incompleta;2.2500 gramos y más;2
54;1;2;7.40 a 44;6.37 a 41;1.Hasta Primaria/C.EGB Completa;1.Menos de 2500 gramos;4
02;1;2;8.De 45 y más;6.37 a 41;1.Hasta Primaria/C.EGB Completa;2.2500 gramos y más;4
14;1;2;7.40 a 44;5.32 a 36;2.Secundaria/Polimodal Incompleta;1.Menos de 2500 gramos;5
14;1;1;4.25 a 29;6.37 a 41;2.Secundaria/Polimodal Incompleta;2.2500 gramos y más;1316
90;1;1;5.30 a 34;7.42 y más;3.Secundario/Polimodal Completa y más;2.2500 gramos y más;61
26;1;1;3.20 a 24;6.37 a 41;4.Sin especificar;1.Menos de 2500 gramos;2
62;2;1;4.25 a 29;6.37 a 41;2.Secundaria/Polimodal Incompleta;2.2500 gramos y más;1
62;1;1;5.30 a 34;6.37 a 41;3.Secundario/Polimodal Completa y más;1.Menos de 2500 gramos;6
82;1;2;8.De 45 y más;4.28 a 31;3.Secundario/Polimodal Completa y más;1.Menos de 2500 gramos;1
22;2;1;2.15 a 19;5.32 a 36;2.Secundaria/Polimodal Incompleta;2.2500 gramos y más;3
02;1;1;4.25 a 29;6.37 a 41;3.Secundario/Polimodal Completa y más;2.2500 gramos y más;1265
02;2;1;3.20 a 24;5.32 a 36;1.Hasta Primaria/C.EGB Completa;1.Menos de 2500 gramos;5
06;2;2;4.25 a 29;6.37 a 41;3.Secundario/Polimodal Completa y más;3.Sin especificar;3
62;2;1;5.30 a 34;5.32 a 36;3.Secundario/Polimodal Completa y más;2.2500 gramos y más;4
74;1;2;2.15 a 19;5.32 a 36;2.Secundaria/Polimodal Incompleta;1.Menos de 2500 gramos;14
26;1;1;5.30 a 34;6.37 a 41;3.Secundario/Polimodal Completa y más;2.2500 gramos y más;459
30;1;2;4.25 a 29;8.Sin especificar;2.Secundaria/Polimodal Incompleta;2.2500 gramos y más;5
38;2;2;5.30 a 34;6.37 a 41;1.Hasta Primaria/C.EGB Completa;2.2500 gramos y más;1
18;1;2;7.40 a 44;6.37 a 41;4.Sin especificar;2.2500 gramos y más;31
06;2;2;4.25 a 29;3.24 a 27;3.Secundario/Polimodal Completa y más;1.Menos de 2500 gramos;4
14;1;1;5.30 a 34;6.37 a 41;3.Secundario/Polimodal Completa y más;3.Sin especificar;2
30;1;2;1.Menor de 15;3.24 a 27;2.Secundaria/Polimodal Incompleta;1.Menos de 2500 gramos;1
26;1;2;3.20 a 24;5.32 a 36;3.Secundario/Polimodal Completa y más;1.Menos de 2500 gramos;16
06;2;1;4.25 a 29;8.Sin especificar;4.Sin especificar;1.Menos de 2500 gramos;1
90;2;2;5.30 a 34;5.32 a 36;2.Secundaria/Polimodal Incompleta;2.2500 gramos y más;1
70;2;1;7.40 a 44;6.37 a 41;3.Secundario/Polimodal Completa y más;1.Menos de 2500 gramos;2
06;9;1;2.15 a 19;6.37 a 41;4.Sin especificar;2.2500 gramos y más;10
34;1;1;2.15 a 19;4.28 a 31;1.Hasta Primaria/C.EGB Completa;1.Menos de 2500 gramos;1
34;1;2;3.20 a 24;5.32 a 36;3.Secundario/Polimodal Completa y más;3.Sin especificar;1
14;1;1;6.35 a 39;4.28 a 31;2.Secundaria/Polimodal Incompleta;1.Menos de 2500 gramos;4
74;1;2;3.20 a 24;5.32 a 36;1.Hasta Primaria/C.EGB Completa;2.2500 gramos y más;4
70;1;1;2.15 a 19;4.28 a 31;1.Hasta Primaria/C.EGB Completa;1.Menos de 2500 gramos;1
86;1;2;1.Menor de 15;5.32 a 36;1.Hasta Primaria/C.EGB Completa;2.2500 gramos y más;2
10;1;2;2.15 a 19;5.32 a 36;2.Secundaria/Polimodal Incompleta;2.2500 gramos y más;2
54;1;2;4.25 a 29;5.32 a 36;4.Sin especificar;2.2500 gramos y más;5
74;1;2;3.20 a 24;5.32 a 36;1.Hasta Primaria/C.EGB Completa;1.Menos de 2500 gramos;4
22;2;2;5.30 a 34;3.24 a 27;3.Secundario/Polimodal Completa y más;1.Menos de 2500 gramos;5
22;1;9;3.20 a 24;6.37 a 41;3.Secundario/Polimodal Completa y más;2.2500 gramos y más;1
58;1;2;7.40 a 44;5.32 a 36;1.Hasta Primaria/C.EGB Completa;2.2500 gramos y más;1
62;1;2;6.35 a 39;6.37 a 41;4.Sin especificar;2.2500 gramos y más;44
82;1;1;6.35 a 39;5.32 a 36;3.Secundario/Polimodal Completa y más;2.2500 gramos y más;123
02;2;2;4.25 a 29;5.32 a 36;1.Hasta Primaria/C.EGB Completa;2.2500 gramos y más;1
74;1;1;4.25 a 29;6.37 a 41;3.Secundario/Polimodal Completa y más;2.2500 gramos y más;492
06;1;1;4.25 a 29;5.32 a 36;2.Secundaria/Polimodal Incompleta;2.2500 gramos y más;156
34;1;1;2.15 a 19;7.42 y más;2.Secundaria/Polimodal Incompleta;2.2500 gramos y más;1
30;2;2;4.25 a 29;5.32 a 36;2.Secundaria/Polimodal Incompleta;1.Menos de 2500 gramos;5
74;2;2;4.25 a 29;5.32 a 36;3.Secundario/Polimodal Completa y más;2.2500 gramos y más;1
90;2;1;4.25 a 29;3.24 a 27;3.Secundario/Polimodal Completa y más;1.Menos de 2500 gramos;2
62;1;1;3.20 a 24;8.Sin especificar;4.Sin especificar;2.2500 gramos y más;2
10;1;1;5.30 a 34;6.37 a 41;1.Hasta Primaria/C.EGB Completa;2.2500 gramos y más;51
82;1;2;4.25 a 29;4.28 a 31;3.Secundario/Polimodal Completa y más;1.Menos de 2500 gramos;17
90;1;2;8.De 45 y más;5.32 a 36;3.Secundario/Polimodal Completa y más;2.2500 gramos y más;1
62;1;2;7.40 a 44;6.37 a 41;3.Secundario/Polimodal Completa y más;2.2500 gramos y más;87
30;1;2;5.30 a 34;6.37 a 41;1.Hasta Primaria/C.EGB Completa;1.Menos de 2500 gramos;5
18;1;1;3.20 a 24;6.37 a 41;4.Sin especificar;1.Menos de 2500 gramos;7
34;2;2;3.20 a 24;6.37 a 41;4.Sin especificar;2.2500 gramos y más;1
90;1;2;2.15 a 19;4.28 a 31;3.Secundario/Polimodal Completa y más;1.Menos de 2500 gramos;1
06;1;1;4.25 a 29;4.28 a 31;3.Secundario/Polimodal Completa y más;2.2500 gramos y más;2
70;2;1;5.30 a 34;1.Menos de 22;1.Hasta Primaria/C.EGB Completa;1.Menos de 2500 gramos;1
82;1;2;3.20 a 24;3.24 a 27;1.Hasta Primaria/C.EGB Completa;1.Menos de 2500 gramos;4
50;2;1;4.25 a 29;4.28 a 31;3.Secundario/Polimodal Completa y más;1.Menos de 2500 gramos;4
66;1;2;3.20 a 24;2.22 a 23;2.Secundaria/Polimodal Incompleta;1.Menos de 2500 gramos;1
98;1;1;9.Sin especificar;6.37 a 41;4.Sin especificar;2.2500 gramos y más;1
14;2;2;2.15 a 19;5.32 a 36;3.Secundario/Polimodal Completa y más;1.Menos de 2500 gramos;3
70;2;2;6.35 a 39;6.37 a 41;3.Secundario/Polimodal Completa y más;2.2500 gramos y más;2
18;1;1;4.25 a 29;7.42 y más;4.Sin especificar;2.2500 gramos y más;10
06;1;9;2.15 a 19;5.32 a 36;2.Secundaria/Polimodal Incompleta;1.Menos de 2500 gramos;3
78;1;2;3.20 a 24;4.28 a 31;2.Secundaria/Polimodal Incompleta;1.Menos de 2500 gramos;1
46;1;2;6.35 a 39;6.37 a 41;1.Hasta Primaria/C.EGB Completa;2.2500 gramos y más;35
50;1;1;7.40 a 44;6.37 a 41;2.Secundaria/Polimodal Incompleta;2.2500 gramos y más;60
06;1;2;7.40 a 44;8.Sin especificar;4.Sin especificar;2.2500 gramos y más;1
70;2;2;7.40 a 44;6.37 a 41;2.Secundaria/Polimodal Incompleta;1.Menos de 2500 gramos;1
90;2;1;5.30 a 34;5.32 a 36;3.Secundario/Polimodal Completa y más;2.2500 gramos y más;11
06;2;2;2.15 a 19;5.32 a 36;3.Secundario/Polimodal Completa y más;1.Menos de 2500 gramos;7
50;1;1;6.35 a 39;3.24 a 27;2.Secundaria/Polimodal Incompleta;1.Menos de 2500 gramos;1
06;1;1;3.20 a 24;6.37 a 41;4.Sin especificar;1.Menos de 2500 gramos;38
30;2;1;2.15 a 19;4.28 a 31;2.Secundaria/Polimodal Incompleta;1.Menos de 2500 gramos;2
18;1;2;4.25 a 29;7.42 y más;3.Secundario/Polimodal Completa y más;2.2500 gramos y más;2
22;2;2;6.35 a 39;6.37 a 41;1.Hasta Primaria/C.EGB Completa;1.Menos de 2500 gramos;4
30;1;2;5.30 a 34;5.32 a 36;3.Secundario/Polimodal Completa y más;1.Menos de 2500 gramos;27
50;1;1;3.20 a 24;5.32 a 36;1.Hasta Primaria/C.EGB Completa;1.Menos de 2500 gramos;5
30;2;2;6.35 a 39;4.28 a 31;3.Secundario/Polimodal Completa y más;1.Menos de 2500 gramos;1
70;2;2;4.25 a 29;6.37 a 41;2.Secundaria/Polimodal Incompleta;1.Menos de 2500 gramos;2
06;1;2;9.Sin especificar;6.37 a 41;4.Sin especificar;1.Menos de 2500 gramos;3
90;2;2;5.30 a 34;6.37 a 41;1.Hasta Primaria/C.EGB Completa;2.2500 gramos y más;4
78;1;1;3.20 a 24;1.Menos de 22;3.Secundario/Polimodal Completa y más;1.Menos de 2500 gramos;1
14;1;2;9.Sin especificar;5.32 a 36;2.Secundaria/Polimodal Incompleta;1.Menos de 2500 gramos;1
86;1;2;8.De 45 y más;7.42 y más;1.Hasta Primaria/C.EGB Completa;2.2500 gramos y más;1
06;1;2;6.35 a 39;8.Sin especificar;2.Secundaria/Polimodal Incompleta;2.2500 gramos y más;6
34;1;1;4.25 a 29;5.32 a 36;2.Secundaria/Polimodal Incompleta;1.Menos de 2500 gramos;8
70;1;2;4.25 a 29;4.28 a 31;2.Secundaria/Polimodal Incompleta;1.Menos de 2500 gramos;1
06;1;2;2.15 a 19;8.Sin especificar;4.Sin especificar;2.2500 gramos y más;2
02;2;2;3.20 a 24;5.32 a 36;2.Secundaria/Polimodal Incompleta;2.2500 gramos y más;4
06;1;2;7.40 a 44;8.Sin especificar;2.Secundaria/Polimodal Incompleta;2.2500 gramos y más;2
82;1;1;2.15 a 19;5.32 a 36;4.Sin especificar;2.2500 gramos y más;1
10;2;2;3.20 a 24;5.32 a 36;1.Hasta Primaria/C.EGB Completa;1.Menos de 2500 gramos;1
66;1;2;2.15 a 19;8.Sin especificar;2.Secundaria/Polimodal Incompleta;2.2500 gramos y más;8
06;1;1;2.15 a 19;7.42 y más;1.Hasta Primaria/C.EGB Completa;2.2500 gramos y más;7
06;1;1;3.20 a 24;4.28 a 31;1.Hasta Primaria/C.EGB Completa;2.2500 gramos y más;1
62;1;2;5.30 a 34;8.Sin especificar;4.Sin especificar;2.2500 gramos y más;1
86;1;2;7.40 a 44;4.28 a 31;2.Secundaria/Polimodal Incompleta;1.Menos de 2500 gramos;1
22;1;1;3.20 a 24;8.Sin especificar;2.Secundaria/Polimodal Incompleta;2.2500 gramos y más;2
06;1;2;7.40 a 44;4.28 a 31;2.Secundaria/Polimodal Incompleta;1.Menos de 2500 gramos;3
90;2;1;4.25 a 29;5.32 a 36;3.Secundario/Polimodal Completa y más;2.2500 gramos y más;7
42;1;2;4.25 a 29;5.32 a 36;1.Hasta Primaria/C.EGB Completa;2.2500 gramos y más;7
78;1;1;7.40 a 44;6.37 a 41;2.Secundaria/Polimodal Incompleta;2.2500 gramos y más;8
42;1;2;7.40 a 44;6.37 a 41;3.Secundario/Polimodal Completa y más;2.2500 gramos y más;45
14;1;1;2.15 a 19;5.32 a 36;3.Secundario/Polimodal Completa y más;2.2500 gramos y más;14
74;1;1;4.25 a 29;8.Sin especificar;1.Hasta Primaria/C.EGB Completa;2.2500 gramos y más;1
74;2;2;4.25 a 29;5.32 a 36;3.Secundario/Polimodal Completa y más;1.Menos de 2500 gramos;4
66;1;2;5.30 a 34;7.42 y más;3.Secundario/Polimodal Completa y más;2.2500 gramos y más;1
26;1;2;7.40 a 44;5.32 a 36;3.Secundario/Polimodal Completa y más;2.2500 gramos y más;2
42;1;1;4.25 a 29;5.32 a 36;2.Secundaria/Polimodal Incompleta;2.2500 gramos y más;2
54;1;2;7.40 a 44;6.37 a 41;4.Sin especificar;2.2500 gramos y más;9
78;1;2;2.15 a 19;6.37 a 41;2.Secundaria/Polimodal Incompleta;2.2500 gramos y más;65
90;1;2;7.40 a 44;4.28 a 31;1.Hasta Primaria/C.EGB Completa;2.2500 gramos y más;1
99;1;2;4.25 a 29;6.37 a 41;4.Sin especificar;2.2500 gramos y más;6
22;1;1;6.35 a 39;3.24 a 27;2.Secundaria/Polimodal Incompleta;1.Menos de 2500 gramos;1
14;2;1;2.15 a 19;6.37 a 41;1.Hasta Primaria/C.EGB Completa;1.Menos de 2500 gramos;1
06;1;1;6.35 a 39;3.24 a 27;4.Sin especificar;1.Menos de 2500 gramos;4
78;1;1;4.25 a 29;3.24 a 27;1.Hasta Primaria/C.EGB Completa;1.Menos de 2500 gramos;1
26;1;1;4.25 a 29;6.37 a 41;1.Hasta Primaria/C.EGB Completa;1.Menos de 2500 gramos;1
70;2;1;4.25 a 29;6.37 a 41;3.Secundario/Polimodal Completa y más;2.2500 gramos y más;5
70;1;2;8.De 45 y más;5.32 a 36;1.Hasta Primaria/C.EGB Completa;1.Menos de 2500 gramos;1
34;1;1;6.35 a 39;5.32 a 36;1.Hasta Primaria/C.EGB Completa;1.Menos de 2500 gramos;2
70;1;2;4.25 a 29;6.37 a 41;3.Secundario/Polimodal Completa y más;2.2500 gramos y más;726
22;1;2;7.40 a 44;5.32 a 36;2.Secundaria/Polimodal Incompleta;2.2500 gramos y más;1
02;1;2;3.20 a 24;6.37 a 41;3.Secundario/Polimodal Completa y más;2.2500 gramos y más;550
54;1;2;7.40 a 44;6.37 a 41;2.Secundaria/Polimodal Incompleta;2.2500 gramos y más;35
14;1;1;3.20 a 24;3.24 a 27;2.Secundaria/Polimodal Incompleta;1.Menos de 2500 gramos;6
50;1;1;2.15 a 19;6.37 a 41;2.Secundaria/Polimodal Incompleta;2.2500 gramos y más;540
06;1;1;6.35 a 39;5.32 a 36;1.Hasta Primaria/C.EGB Completa;2.2500 gramos y más;88
62;2;2;3.20 a 24;6.37 a 41;1.Hasta Primaria/C.EGB Completa;2.2500 gramos y más;2
26;2;2;2.15 a 19;6.37 a 41;1.Hasta Primaria/C.EGB Completa;1.Menos de 2500 gramos;1
82;1;2;1.Menor de 15;6.37 a 41;4.Sin especificar;2.2500 gramos y más;1
30;1;1;2.15 a 19;6.37 a 41;1.Hasta Primaria/C.EGB Completa;1.Menos de 2500 gramos;7
34;2;1;4.25 a 29;5.32 a 36;1.Hasta Primaria/C.EGB Completa;1.Menos de 2500 gramos;3
90;1;2;3.20 a 24;8.Sin especificar;1.Hasta Primaria/C.EGB Completa;2.2500 gramos y más;4
06;9;1;2.15 a 19;5.32 a 36;4.Sin especificar;1.Menos de 2500 gramos;1
34;1;2;5.30 a 34;4.28 a 31;4.Sin especificar;1.Menos de 2500 gramos;4
34;1;2;6.35 a 39;6.37 a 41;3.Secundario/Polimodal Completa y más;1.Menos de 2500 gramos;4
74;2;1;3.20 a 24;6.37 a 41;2.Secundaria/Polimodal Incompleta;1.Menos de 2500 gramos;1
46;2;2;5.30 a 34;6.37 a 41;3.Secundario/Polimodal Completa y más;2.2500 gramos y más;1
82;2;1;5.30 a 34;6.37 a 41;2.Secundaria/Polimodal Incompleta;2.2500 gramos y más;9
30;1;2;3.20 a 24;8.Sin especificar;2.Secundaria/Polimodal Incompleta;1.Menos de 2500 gramos;1
02;1;2;7.40 a 44;5.32 a 36;1.Hasta Primaria/C.EGB Completa;2.2500 gramos y más;7
86;1;1;3.20 a 24;6.37 a 41;2.Secundaria/Polimodal Incompleta;2.2500 gramos y más;318
02;1;1;2.15 a 19;5.32 a 36;3.Secundario/Polimodal Completa y más;1.Menos de 2500 gramos;1
30;1;1;4.25 a 29;6.37 a 41;2.Secundaria/Polimodal Incompleta;1.Menos de 2500 gramos;17
50;1;2;1.Menor de 15;5.32 a 36;1.Hasta Primaria/C.EGB Completa;2.2500 gramos y más;1
86;1;2;4.25 a 29;5.32 a 36;1.Hasta Primaria/C.EGB Completa;2.2500 gramos y más;38
06;1;2;6.35 a 39;6.37 a 41;2.Secundaria/Polimodal Incompleta;2.2500 gramos y más;1379
82;1;1;7.40 a 44;5.32 a 36;3.Secundario/Polimodal Completa y más;2.2500 gramos y más;35
38;1;1;3.20 a 24;7.42 y más;3.Secundario/Polimodal Completa y más;2.2500 gramos y más;7
50;2;1;6.35 a 39;5.32 a 36;1.Hasta Primaria/C.EGB Completa;2.2500 gramos y más;2
74;1;1;4.25 a 29;8.Sin especificar;4.Sin especificar;3.Sin especificar;1
06;1;1;6.35 a 39;8.Sin especificar;1.Hasta Primaria/C.EGB Completa;2.2500 gramos y más;8
18;1;2;2.15 a 19;6.37 a 41;1.Hasta Primaria/C.EGB Completa;1.Menos de 2500 gramos;2
50;1;1;2.15 a 19;7.42 y más;2.Secundaria/Polimodal Incompleta;2.2500 gramos y más;1
30;2;2;7.40 a 44;6.37 a 41;2.Secundaria/Polimodal Incompleta;1.Menos de 2500 gramos;2
46;1;2;5.30 a 34;6.37 a 41;2.Secundaria/Polimodal Incompleta;2.2500 gramos y más;30
18;1;2;5.30 a 34;4.28 a 31;3.Secundario/Polimodal Completa y más;1.Menos de 2500 gramos;9
14;1;2;4.25 a 29;4.28 a 31;3.Secundario/Polimodal Completa y más;1.Menos de 2500 gramos;15
34;1;2;3.20 a 24;6.37 a 41;3.Secundario/Polimodal Completa y más;2.2500 gramos y más;338
14;1;2;6.35 a 39;7.42 y más;1.Hasta Primaria/C.EGB Completa;2.2500 gramos y más;4
18;1;2;4.25 a 29;5.32 a 36;3.Secundario/Polimodal Completa y más;1.Menos de 2500 gramos;27
66;1;2;5.30 a 34;5.32 a 36;1.Hasta Primaria/C.EGB Completa;2.2500 gramos y más;7
50;1;1;1.Menor de 15;5.32 a 36;2.Secundaria/Polimodal Incompleta;2.2500 gramos y más;2
14;1;2;4.25 a 29;4.28 a 31;3.Secundario/Polimodal Completa y más;2.2500 gramos y más;1
14;1;2;2.15 a 19;6.37 a 41;2.Secundaria/Polimodal Incompleta;3.Sin especificar;1
02;1;1;4.25 a 29;5.32 a 36;1.Hasta Primaria/C.EGB Completa;1.Menos de 2500 gramos;11
22;1;1;5.30 a 34;6.37 a 41;4.Sin especificar;2.2500 gramos y más;20
18;1;2;7.40 a 44;6.37 a 41;4.Sin especificar;1.Menos de 2500 gramos;1
22;2;1;3.20 a 24;4.28 a 31;3.Secundario/Polimodal Completa y más;1.Menos de 2500 gramos;3
34;1;1;3.20 a 24;6.37 a 41;1.Hasta Primaria/C.EGB Completa;1.Menos de 2500 gramos;2
62;1;1;6.35 a 39;5.32 a 36;4.Sin especificar;2.2500 gramos y más;1
58;1;1;2.15 a 19;6.37 a 41;3.Secundario/Polimodal Completa y más;2.2500 gramos y más;41
14;1;1;6.35 a 39;7.42 y más;2.Secundaria/Polimodal Incompleta;1.Menos de 2500 gramos;1
06;1;9;9.Sin especificar;6.37 a 41;3.Secundario/Polimodal Completa y más;2.2500 gramos y más;50
06;1;2;4.25 a 29;5.32 a 36;3.Secundario/Polimodal Completa y más;3.Sin especificar;15
90;2;1;5.30 a 34;3.24 a 27;1.Hasta Primaria/C.EGB Completa;1.Menos de 2500 gramos;1
22;1;1;6.35 a 39;4.28 a 31;3.Secundario/Polimodal Completa y más;2.2500 gramos y más;1
54;1;2;2.15 a 19;7.42 y más;3.Secundario/Polimodal Completa y más;2.2500 gramos y más;2
10;1;2;4.25 a 29;8.Sin especificar;1.Hasta Primaria/C.EGB Completa;2.2500 gramos y más;1
26;1;2;4.25 a 29;6.37 a 41;2.Secundaria/Polimodal Incompleta;2.2500 gramos y más;160
90;1;1;4.25 a 29;6.37 a 41;3.Secundario/Polimodal Completa y más;2.2500 gramos y más;1582
22;1;2;9.Sin especificar;6.37 a 41;2.Secundaria/Polimodal Incompleta;1.Menos de 2500 gramos;1
34;1;2;2.15 a 19;5.32 a 36;4.Sin especificar;1.Menos de 2500 gramos;3
06;2;2;6.35 a 39;8.Sin especificar;2.Secundaria/Polimodal Incompleta;2.2500 gramos y más;1
26;1;2;5.30 a 34;6.37 a 41;2.Secundaria/Polimodal Incompleta;1.Menos de 2500 gramos;2
18;1;2;2.15 a 19;7.42 y más;2.Secundaria/Polimodal Incompleta;2.2500 gramos y más;3
34;1;2;3.20 a 24;6.37 a 41;3.Secundario/Polimodal Completa y más;1.Menos de 2500 gramos;7
82;1;2;5.30 a 34;5.32 a 36;2.Secundaria/Polimodal Incompleta;2.2500 gramos y más;26
26;1;2;3.20 a 24;5.32 a 36;1.Hasta Primaria/C.EGB Completa;1.Menos de 2500 gramos;1
06;2;2;3.20 a 24;4.28 a 31;3.Secundario/Polimodal Completa y más;1.Menos de 2500 gramos;10
06;2;1;5.30 a 34;6.37 a 41;4.Sin especificar;1.Menos de 2500 gramos;6
18;2;1;5.30 a 34;3.24 a 27;4.Sin especificar;1.Menos de 2500 gramos;2
42;1;1;4.25 a 29;6.37 a 41;1.Hasta Primaria/C.EGB Completa;2.2500 gramos y más;41
02;1;1;8.De 45 y más;6.37 a 41;1.Hasta Primaria/C.EGB Completa;1.Menos de 2500 gramos;1
34;1;1;3.20 a 24;6.37 a 41;1.Hasta Primaria/C.EGB Completa;2.2500 gramos y más;213
06;1;2;5.30 a 34;7.42 y más;4.Sin especificar;2.2500 gramos y más;4
82;1;1;8.De 45 y más;5.32 a 36;3.Secundario/Polimodal Completa y más;2.2500 gramos y más;2
58;1;2;5.30 a 34;6.37 a 41;4.Sin especificar;2.2500 gramos y más;9
06;2;1;5.30 a 34;5.32 a 36;2.Secundaria/Polimodal Incompleta;2.2500 gramos y más;7
02;1;2;7.40 a 44;6.37 a 41;2.Secundaria/Polimodal Incompleta;2.2500 gramos y más;71
30;1;2;5.30 a 34;6.37 a 41;3.Secundario/Polimodal Completa y más;1.Menos de 2500 gramos;21
86;1;1;2.15 a 19;5.32 a 36;1.Hasta Primaria/C.EGB Completa;2.2500 gramos y más;37
02;1;1;2.15 a 19;6.37 a 41;1.Hasta Primaria/C.EGB Completa;1.Menos de 2500 gramos;1
18;1;2;8.De 45 y más;6.37 a 41;3.Secundario/Polimodal Completa y más;2.2500 gramos y más;2
98;1;2;9.Sin especificar;5.32 a 36;3.Secundario/Polimodal Completa y más;2.2500 gramos y más;1
50;2;1;5.30 a 34;5.32 a 36;3.Secundario/Polimodal Completa y más;2.2500 gramos y más;10
14;1;2;3.20 a 24;6.37 a 41;2.Secundaria/Polimodal Incompleta;2.2500 gramos y más;1577
90;1;1;6.35 a 39;3.24 a 27;2.Secundaria/Polimodal Incompleta;1.Menos de 2500 gramos;1
30;1;2;3.20 a 24;3.24 a 27;1.Hasta Primaria/C.EGB Completa;1.Menos de 2500 gramos;1
54;1;1;2.15 a 19;6.37 a 41;3.Secundario/Polimodal Completa y más;2.2500 gramos y más;177
78;1;2;1.Menor de 15;6.37 a 41;2.Secundaria/Polimodal Incompleta;2.2500 gramos y más;1
14;1;1;4.25 a 29;6.37 a 41;2.Secundaria/Polimodal Incompleta;1.Menos de 2500 gramos;23
82;1;2;6.35 a 39;5.32 a 36;3.Secundario/Polimodal Completa y más;2.2500 gramos y más;102
14;2;2;7.40 a 44;5.32 a 36;1.Hasta Primaria/C.EGB Completa;1.Menos de 2500 gramos;2
66;1;2;8.De 45 y más;6.37 a 41;3.Secundario/Polimodal Completa y más;2.2500 gramos y más;11
74;1;2;3.20 a 24;6.37 a 41;4.Sin especificar;1.Menos de 2500 gramos;2
70;1;1;5.30 a 34;4.28 a 31;3.Secundario/Polimodal Completa y más;1.Menos de 2500 gramos;5
02;2;1;8.De 45 y más;5.32 a 36;3.Secundario/Polimodal Completa y más;1.Menos de 2500 gramos;7
02;1;1;7.40 a 44;6.37 a 41;1.Hasta Primaria/C.EGB Completa;2.2500 gramos y más;83
30;1;1;5.30 a 34;8.Sin especificar;1.Hasta Primaria/C.EGB Completa;1.Menos de 2500 gramos;1
06;2;2;2.15 a 19;5.32 a 36;3.Secundario/Polimodal Completa y más;2.2500 gramos y más;3
30;1;2;4.25 a 29;5.32 a 36;3.Secundario/Polimodal Completa y más;2.2500 gramos y más;24
06;2;1;4.25 a 29;2.22 a 23;2.Secundaria/Polimodal Incompleta;1.Menos de 2500 gramos;1
06;1;2;5.30 a 34;1.Menos de 22;3.Secundario/Polimodal Completa y más;1.Menos de 2500 gramos;2
06;1;2;7.40 a 44;6.37 a 41;2.Secundaria/Polimodal Incompleta;2.2500 gramos y más;414
74;1;2;7.40 a 44;6.37 a 41;2.Secundaria/Polimodal Incompleta;2.2500 gramos y más;9
06;1;2;1.Menor de 15;5.32 a 36;2.Secundaria/Polimodal Incompleta;1.Menos de 2500 gramos;1
54;1;2;7.40 a 44;5.32 a 36;1.Hasta Primaria/C.EGB Completa;1.Menos de 2500 gramos;6
42;1;2;4.25 a 29;6.37 a 41;2.Secundaria/Polimodal Incompleta;1.Menos de 2500 gramos;7
06;2;2;9.Sin especificar;5.32 a 36;4.Sin especificar;1.Menos de 2500 gramos;2
06;1;2;6.35 a 39;5.32 a 36;1.Hasta Primaria/C.EGB Completa;1.Menos de 2500 gramos;57
22;1;2;3.20 a 24;6.37 a 41;3.Secundario/Polimodal Completa y más;3.Sin especificar;3
38;1;1;6.35 a 39;3.24 a 27;2.Secundaria/Polimodal Incompleta;1.Menos de 2500 gramos;1
66;1;2;4.25 a 29;5.32 a 36;3.Secundario/Polimodal Completa y más;1.Menos de 2500 gramos;54
86;1;1;5.30 a 34;5.32 a 36;1.Hasta Primaria/C.EGB Completa;2.2500 gramos y más;47
02;1;1;2.15 a 19;5.32 a 36;3.Secundario/Polimodal Completa y más;2.2500 gramos y más;4
06;1;2;3.20 a 24;4.28 a 31;2.Secundaria/Polimodal Incompleta;1.Menos de 2500 gramos;41
82;2;1;4.25 a 29;4.28 a 31;3.Secundario/Polimodal Completa y más;1.Menos de 2500 gramos;4
18;1;1;7.40 a 44;6.37 a 41;3.Secundario/Polimodal Completa y más;2.2500 gramos y más;121
74;1;2;8.De 45 y más;6.37 a 41;1.Hasta Primaria/C.EGB Completa;2.2500 gramos y más;1
50;1;2;3.20 a 24;6.37 a 41;2.Secundaria/Polimodal Incompleta;1.Menos de 2500 gramos;17
26;1;2;3.20 a 24;6.37 a 41;1.Hasta Primaria/C.EGB Completa;2.2500 gramos y más;27
06;1;1;3.20 a 24;4.28 a 31;3.Secundario/Polimodal Completa y más;1.Menos de 2500 gramos;51
02;1;2;6.35 a 39;4.28 a 31;3.Secundario/Polimodal Completa y más;1.Menos de 2500 gramos;12
70;1;1;8.De 45 y más;6.37 a 41;3.Secundario/Polimodal Completa y más;2.2500 gramos y más;4
06;1;1;7.40 a 44;5.32 a 36;4.Sin especificar;2.2500 gramos y más;21
14;1;1;7.40 a 44;4.28 a 31;2.Secundaria/Polimodal Incompleta;1.Menos de 2500 gramos;1
34;1;2;5.30 a 34;7.42 y más;1.Hasta Primaria/C.EGB Completa;2.2500 gramos y más;1
06;1;1;2.15 a 19;8.Sin especificar;3.Secundario/Polimodal Completa y más;2.2500 gramos y más;5
02;9;1;4.25 a 29;6.37 a 41;4.Sin especificar;2.2500 gramos y más;59
14;1;2;7.40 a 44;4.28 a 31;1.Hasta Primaria/C.EGB Completa;1.Menos de 2500 gramos;5
30;2;2;4.25 a 29;5.32 a 36;2.Secundaria/Polimodal Incompleta;2.2500 gramos y más;1
02;1;2;5.30 a 34;8.Sin especificar;2.Secundaria/Polimodal Incompleta;1.Menos de 2500 gramos;1
06;1;1;7.40 a 44;7.42 y más;4.Sin especificar;2.2500 gramos y más;1
06;9;1;3.20 a 24;6.37 a 41;4.Sin especificar;3.Sin especificar;9
54;1;1;6.35 a 39;5.32 a 36;2.Secundaria/Polimodal Incompleta;2.2500 gramos y más;12
02;1;1;5.30 a 34;6.37 a 41;4.Sin especificar;2.2500 gramos y más;213
06;1;2;7.40 a 44;7.42 y más;3.Secundario/Polimodal Completa y más;1.Menos de 2500 gramos;1
62;1;2;9.Sin especificar;5.32 a 36;3.Secundario/Polimodal Completa y más;2.2500 gramos y más;1
74;1;1;7.40 a 44;6.37 a 41;3.Secundario/Polimodal Completa y más;2.2500 gramos y más;71
06;2;2;6.35 a 39;4.28 a 31;3.Secundario/Polimodal Completa y más;1.Menos de 2500 gramos;16
74;1;1;3.20 a 24;6.37 a 41;1.Hasta Primaria/C.EGB Completa;1.Menos de 2500 gramos;4
06;2;2;5.30 a 34;6.37 a 41;1.Hasta Primaria/C.EGB Completa;2.2500 gramos y más;17
82;1;2;7.40 a 44;6.37 a 41;3.Secundario/Polimodal Completa y más;1.Menos de 2500 gramos;16
14;1;1;5.30 a 34;3.24 a 27;3.Secundario/Polimodal Completa y más;1.Menos de 2500 gramos;5
14;1;2;9.Sin especificar;6.37 a 41;4.Sin especificar;3.Sin especificar;1
02;1;2;7.40 a 44;4.28 a 31;2.Secundaria/Polimodal Incompleta;1.Menos de 2500 gramos;1
70;1;1;5.30 a 34;7.42 y más;2.Secundaria/Polimodal Incompleta;2.2500 gramos y más;1
06;1;1;6.35 a 39;6.37 a 41;4.Sin especificar;3.Sin especificar;19
38;1;1;5.30 a 34;3.24 a 27;1.Hasta Primaria/C.EGB Completa;1.Menos de 2500 gramos;2
22;1;1;5.30 a 34;5.32 a 36;1.Hasta Primaria/C.EGB Completa;1.Menos de 2500 gramos;16
50;1;1;3.20 a 24;2.22 a 23;3.Secundario/Polimodal Completa y más;1.Menos de 2500 gramos;2
54;2;2;1.Menor de 15;5.32 a 36;1.Hasta Primaria/C.EGB Completa;1.Menos de 2500 gramos;1
06;1;1;6.35 a 39;7.42 y más;1.Hasta Primaria/C.EGB Completa;2.2500 gramos y más;12
18;1;2;1.Menor de 15;5.32 a 36;1.Hasta Primaria/C.EGB Completa;1.Menos de 2500 gramos;1
14;1;1;7.40 a 44;5.32 a 36;2.Secundaria/Polimodal Incompleta;2.2500 gramos y más;7
06;1;9;9.Sin especificar;5.32 a 36;3.Secundario/Polimodal Completa y más;2.2500 gramos y más;1
34;1;2;2.15 a 19;3.24 a 27;1.Hasta Primaria/C.EGB Completa;1.Menos de 2500 gramos;2
10;2;2;3.20 a 24;5.32 a 36;1.Hasta Primaria/C.EGB Completa;2.2500 gramos y más;1
06;1;2;5.30 a 34;8.Sin especificar;4.Sin especificar;2.2500 gramos y más;6
06;2;1;5.30 a 34;4.28 a 31;4.Sin especificar;1.Menos de 2500 gramos;2
50;1;2;3.20 a 24;3.24 a 27;2.Secundaria/Polimodal Incompleta;1.Menos de 2500 gramos;3
06;1;2;5.30 a 34;8.Sin especificar;4.Sin especificar;3.Sin especificar;224
78;1;2;2.15 a 19;5.32 a 36;2.Secundaria/Polimodal Incompleta;1.Menos de 2500 gramos;4
14;1;1;5.30 a 34;4.28 a 31;3.Secundario/Polimodal Completa y más;1.Menos de 2500 gramos;15
06;1;1;6.35 a 39;6.37 a 41;2.Secundaria/Polimodal Incompleta;1.Menos de 2500 gramos;34
66;1;1;5.30 a 34;6.37 a 41;2.Secundaria/Polimodal Incompleta;3.Sin especificar;1
06;1;1;1.Menor de 15;4.28 a 31;2.Secundaria/Polimodal Incompleta;1.Menos de 2500 gramos;1
06;2;1;9.Sin especificar;6.37 a 41;2.Secundaria/Polimodal Incompleta;2.2500 gramos y más;3
66;2;2;5.30 a 34;6.37 a 41;2.Secundaria/Polimodal Incompleta;1.Menos de 2500 gramos;1
58;1;1;4.25 a 29;4.28 a 31;2.Secundaria/Polimodal Incompleta;1.Menos de 2500 gramos;3
50;1;2;5.30 a 34;5.32 a 36;1.Hasta Primaria/C.EGB Completa;1.Menos de 2500 gramos;5
50;2;2;3.20 a 24;6.37 a 41;2.Secundaria/Polimodal Incompleta;2.2500 gramos y más;5
38;1;2;6.35 a 39;5.32 a 36;3.Secundario/Polimodal Completa y más;1.Menos de 2500 gramos;18
22;2;2;2.15 a 19;6.37 a 41;2.Secundaria/Polimodal Incompleta;2.2500 gramos y más;2
62;1;2;3.20 a 24;6.37 a 41;3.Secundario/Polimodal Completa y más;3.Sin especificar;1
62;1;1;3.20 a 24;6.37 a 41;1.Hasta Primaria/C.EGB Completa;1.Menos de 2500 gramos;5
82;1;2;1.Menor de 15;5.32 a 36;4.Sin especificar;1.Menos de 2500 gramos;1
62;1;2;5.30 a 34;8.Sin especificar;3.Secundario/Polimodal Completa y más;2.2500 gramos y más;3
02;9;1;5.30 a 34;8.Sin especificar;4.Sin especificar;3.Sin especificar;1
06;1;2;5.30 a 34;4.28 a 31;3.Secundario/Polimodal Completa y más;2.2500 gramos y más;1
50;2;2;3.20 a 24;4.28 a 31;2.Secundaria/Polimodal Incompleta;1.Menos de 2500 gramos;3
42;2;2;5.30 a 34;4.28 a 31;1.Hasta Primaria/C.EGB Completa;1.Menos de 2500 gramos;1
34;1;1;4.25 a 29;5.32 a 36;2.Secundaria/Polimodal Incompleta;2.2500 gramos y más;10
90;1;2;3.20 a 24;4.28 a 31;1.Hasta Primaria/C.EGB Completa;1.Menos de 2500 gramos;4
06;1;1;6.35 a 39;7.42 y más;3.Secundario/Polimodal Completa y más;3.Sin especificar;1
30;1;1;3.20 a 24;6.37 a 41;2.Secundaria/Polimodal Incompleta;2.2500 gramos y más;577
14;1;1;8.De 45 y más;7.42 y más;1.Hasta Primaria/C.EGB Completa;2.2500 gramos y más;1
06;1;1;7.40 a 44;4.28 a 31;4.Sin especificar;1.Menos de 2500 gramos;3
94;1;2;4.25 a 29;6.37 a 41;3.Secundario/Polimodal Completa y más;2.2500 gramos y más;178
10;1;2;7.40 a 44;5.32 a 36;3.Secundario/Polimodal Completa y más;2.2500 gramos y más;3
90;2;1;3.20 a 24;6.37 a 41;2.Secundaria/Polimodal Incompleta;2.2500 gramos y más;2
50;1;2;6.35 a 39;4.28 a 31;2.Secundaria/Polimodal Incompleta;1.Menos de 2500 gramos;3
18;2;1;3.20 a 24;5.32 a 36;3.Secundario/Polimodal Completa y más;1.Menos de 2500 gramos;3
58;1;2;4.25 a 29;7.42 y más;2.Secundaria/Polimodal Incompleta;2.2500 gramos y más;1
26;1;1;6.35 a 39;6.37 a 41;4.Sin especificar;1.Menos de 2500 gramos;2
70;1;2;5.30 a 34;5.32 a 36;2.Secundaria/Polimodal Incompleta;2.2500 gramos y más;10
06;1;1;2.15 a 19;6.37 a 41;3.Secundario/Polimodal Completa y más;2.2500 gramos y más;1304
66;2;1;3.20 a 24;6.37 a 41;2.Secundaria/Polimodal Incompleta;2.2500 gramos y más;1
50;1;2;2.15 a 19;6.37 a 41;3.Secundario/Polimodal Completa y más;2.2500 gramos y más;154
70;2;2;4.25 a 29;5.32 a 36;2.Secundaria/Polimodal Incompleta;1.Menos de 2500 gramos;5
54;1;1;6.35 a 39;6.37 a 41;3.Secundario/Polimodal Completa y más;1.Menos de 2500 gramos;17
82;2;1;4.25 a 29;5.32 a 36;3.Secundario/Polimodal Completa y más;2.2500 gramos y más;13
10;1;2;6.35 a 39;8.Sin especificar;4.Sin especificar;3.Sin especificar;1
06;1;1;2.15 a 19;6.37 a 41;3.Secundario/Polimodal Completa y más;3.Sin especificar;10
58;1;1;6.35 a 39;3.24 a 27;3.Secundario/Polimodal Completa y más;1.Menos de 2500 gramos;1
06;2;2;6.35 a 39;6.37 a 41;3.Secundario/Polimodal Completa y más;3.Sin especificar;3
34;1;2;5.30 a 34;3.24 a 27;1.Hasta Primaria/C.EGB Completa;1.Menos de 2500 gramos;1
30;1;2;2.15 a 19;5.32 a 36;2.Secundaria/Polimodal Incompleta;1.Menos de 2500 gramos;13
22;1;2;5.30 a 34;6.37 a 41;3.Secundario/Polimodal Completa y más;3.Sin especificar;1
90;1;1;4.25 a 29;7.42 y más;3.Secundario/Polimodal Completa y más;2.2500 gramos y más;51
62;1;2;2.15 a 19;8.Sin especificar;1.Hasta Primaria/C.EGB Completa;2.2500 gramos y más;1
18;1;2;2.15 a 19;6.37 a 41;1.Hasta Primaria/C.EGB Completa;2.2500 gramos y más;141
62;1;2;6.35 a 39;4.28 a 31;4.Sin especificar;1.Menos de 2500 gramos;1
06;1;2;2.15 a 19;5.32 a 36;2.Secundaria/Polimodal Incompleta;2.2500 gramos y más;123
66;1;1;3.20 a 24;5.32 a 36;1.Hasta Primaria/C.EGB Completa;2.2500 gramos y más;14
74;1;2;4.25 a 29;6.37 a 41;4.Sin especificar;2.2500 gramos y más;19
34;2;2;5.30 a 34;4.28 a 31;2.Secundaria/Polimodal Incompleta;1.Menos de 2500 gramos;2
30;2;2;6.35 a 39;4.28 a 31;1.Hasta Primaria/C.EGB Completa;1.Menos de 2500 gramos;1
94;1;1;5.30 a 34;5.32 a 36;2.Secundaria/Polimodal Incompleta;2.2500 gramos y más;1
50;1;2;7.40 a 44;6.37 a 41;3.Secundario/Polimodal Completa y más;2.2500 gramos y más;269
62;1;2;7.40 a 44;8.Sin especificar;3.Secundario/Polimodal Completa y más;2.2500 gramos y más;1
34;1;1;6.35 a 39;5.32 a 36;1.Hasta Primaria/C.EGB Completa;2.2500 gramos y más;8
18;1;2;6.35 a 39;5.32 a 36;2.Secundaria/Polimodal Incompleta;1.Menos de 2500 gramos;5
82;1;1;1.Menor de 15;3.24 a 27;1.Hasta Primaria/C.EGB Completa;1.Menos de 2500 gramos;1
02;1;2;3.20 a 24;6.37 a 41;3.Secundario/Polimodal Completa y más;1.Menos de 2500 gramos;11
90;1;2;4.25 a 29;7.42 y más;2.Secundaria/Polimodal Incompleta;2.2500 gramos y más;25
38;1;2;2.15 a 19;6.37 a 41;3.Secundario/Polimodal Completa y más;1.Menos de 2500 gramos;1
78;1;2;3.20 a 24;7.42 y más;2.Secundaria/Polimodal Incompleta;2.2500 gramos y más;1
06;9;1;7.40 a 44;8.Sin especificar;4.Sin especificar;3.Sin especificar;32
82;1;2;6.35 a 39;4.28 a 31;3.Secundario/Polimodal Completa y más;2.2500 gramos y más;1
86;1;2;3.20 a 24;6.37 a 41;1.Hasta Primaria/C.EGB Completa;2.2500 gramos y más;829
54;1;1;5.30 a 34;6.37 a 41;3.Secundario/Polimodal Completa y más;1.Menos de 2500 gramos;19
34;1;2;5.30 a 34;5.32 a 36;2.Secundaria/Polimodal Incompleta;1.Menos de 2500 gramos;7
02;2;1;4.25 a 29;4.28 a 31;3.Secundario/Polimodal Completa y más;1.Menos de 2500 gramos;2
66;1;2;7.40 a 44;5.32 a 36;1.Hasta Primaria/C.EGB Completa;1.Menos de 2500 gramos;8
06;1;1;4.25 a 29;4.28 a 31;3.Secundario/Polimodal Completa y más;1.Menos de 2500 gramos;74
66;2;1;5.30 a 34;5.32 a 36;3.Secundario/Polimodal Completa y más;1.Menos de 2500 gramos;7
42;1;2;5.30 a 34;5.32 a 36;1.Hasta Primaria/C.EGB Completa;1.Menos de 2500 gramos;2
70;1;2;2.15 a 19;5.32 a 36;3.Secundario/Polimodal Completa y más;2.2500 gramos y más;2
18;1;1;3.20 a 24;6.37 a 41;4.Sin especificar;2.2500 gramos y más;400
82;1;1;6.35 a 39;1.Menos de 22;3.Secundario/Polimodal Completa y más;1.Menos de 2500 gramos;1
74;1;2;2.15 a 19;3.24 a 27;2.Secundaria/Polimodal Incompleta;1.Menos de 2500 gramos;1
06;1;1;3.20 a 24;7.42 y más;3.Secundario/Polimodal Completa y más;3.Sin especificar;1
30;1;1;4.25 a 29;5.32 a 36;2.Secundaria/Polimodal Incompleta;2.2500 gramos y más;15
62;1;1;6.35 a 39;6.37 a 41;2.Secundaria/Polimodal Incompleta;1.Menos de 2500 gramos;1
34;1;1;4.25 a 29;3.24 a 27;4.Sin especificar;1.Menos de 2500 gramos;2
06;2;1;6.35 a 39;1.Menos de 22;3.Secundario/Polimodal Completa y más;1.Menos de 2500 gramos;1
90;1;1;5.30 a 34;3.24 a 27;2.Secundaria/Polimodal Incompleta;1.Menos de 2500 gramos;1
82;1;1;3.20 a 24;2.22 a 23;3.Secundario/Polimodal Completa y más;1.Menos de 2500 gramos;2
66;2;1;2.15 a 19;5.32 a 36;2.Secundaria/Polimodal Incompleta;1.Menos de 2500 gramos;2
54;2;1;4.25 a 29;5.32 a 36;2.Secundaria/Polimodal Incompleta;2.2500 gramos y más;1
34;1;1;2.15 a 19;6.37 a 41;3.Secundario/Polimodal Completa y más;2.2500 gramos y más;82
06;1;1;8.De 45 y más;6.37 a 41;3.Secundario/Polimodal Completa y más;2.2500 gramos y más;139
42;1;2;3.20 a 24;4.28 a 31;1.Hasta Primaria/C.EGB Completa;1.Menos de 2500 gramos;2
46;1;1;3.20 a 24;5.32 a 36;3.Secundario/Polimodal Completa y más;2.2500 gramos y más;15
90;2;1;5.30 a 34;6.37 a 41;1.Hasta Primaria/C.EGB Completa;2.2500 gramos y más;3
30;1;2;5.30 a 34;5.32 a 36;3.Secundario/Polimodal Completa y más;2.2500 gramos y más;25
02;1;1;1.Menor de 15;6.37 a 41;2.Secundaria/Polimodal Incompleta;3.Sin especificar;1
66;2;1;6.35 a 39;6.37 a 41;3.Secundario/Polimodal Completa y más;2.2500 gramos y más;6
18;1;2;2.15 a 19;6.37 a 41;3.Secundario/Polimodal Completa y más;1.Menos de 2500 gramos;6
46;1;1;7.40 a 44;5.32 a 36;1.Hasta Primaria/C.EGB Completa;1.Menos de 2500 gramos;1
38;2;1;6.35 a 39;5.32 a 36;3.Secundario/Polimodal Completa y más;2.2500 gramos y más;2
82;2;1;2.15 a 19;5.32 a 36;1.Hasta Primaria/C.EGB Completa;2.2500 gramos y más;3
14;1;1;2.15 a 19;6.37 a 41;2.Secundaria/Polimodal Incompleta;3.Sin especificar;2
54;1;1;2.15 a 19;3.24 a 27;1.Hasta Primaria/C.EGB Completa;1.Menos de 2500 gramos;1
42;1;1;2.15 a 19;6.37 a 41;3.Secundario/Polimodal Completa y más;1.Menos de 2500 gramos;1
98;1;1;7.40 a 44;6.37 a 41;3.Secundario/Polimodal Completa y más;2.2500 gramos y más;1
30;1;2;2.15 a 19;5.32 a 36;1.Hasta Primaria/C.EGB Completa;1.Menos de 2500 gramos;5
66;2;1;3.20 a 24;5.32 a 36;3.Secundario/Polimodal Completa y más;2.2500 gramos y más;3
70;2;2;2.15 a 19;6.37 a 41;2.Secundaria/Polimodal Incompleta;2.2500 gramos y más;2
10;1;2;2.15 a 19;5.32 a 36;1.Hasta Primaria/C.EGB Completa;2.2500 gramos y más;1
06;1;1;3.20 a 24;5.32 a 36;2.Secundaria/Polimodal Incompleta;1.Menos de 2500 gramos;142
06;1;1;7.40 a 44;6.37 a 41;3.Secundario/Polimodal Completa y más;1.Menos de 2500 gramos;61
99;1;9;6.35 a 39;6.37 a 41;3.Secundario/Polimodal Completa y más;2.2500 gramos y más;1
82;1;1;6.35 a 39;4.28 a 31;3.Secundario/Polimodal Completa y más;1.Menos de 2500 gramos;16
78;1;2;7.40 a 44;6.37 a 41;3.Secundario/Polimodal Completa y más;2.2500 gramos y más;42
62;1;1;3.20 a 24;6.37 a 41;4.Sin especificar;2.2500 gramos y más;130
02;2;2;7.40 a 44;5.32 a 36;1.Hasta Primaria/C.EGB Completa;1.Menos de 2500 gramos;2
06;1;1;5.30 a 34;8.Sin especificar;1.Hasta Primaria/C.EGB Completa;3.Sin especificar;5
82;2;2;4.25 a 29;5.32 a 36;3.Secundario/Polimodal Completa y más;2.2500 gramos y más;8
54;2;1;5.30 a 34;5.32 a 36;1.Hasta Primaria/C.EGB Completa;1.Menos de 2500 gramos;3
22;1;1;5.30 a 34;6.37 a 41;4.Sin especificar;1.Menos de 2500 gramos;1
90;1;1;5.30 a 34;7.42 y más;3.Secundario/Polimodal Completa y más;1.Menos de 2500 gramos;4
62;1;2;2.15 a 19;5.32 a 36;1.Hasta Primaria/C.EGB Completa;2.2500 gramos y más;2
26;1;2;5.30 a 34;6.37 a 41;2.Secundaria/Polimodal Incompleta;2.2500 gramos y más;95
74;1;2;4.25 a 29;5.32 a 36;2.Secundaria/Polimodal Incompleta;1.Menos de 2500 gramos;5
42;1;1;6.35 a 39;6.37 a 41;4.Sin especificar;2.2500 gramos y más;1
06;1;1;7.40 a 44;5.32 a 36;4.Sin especificar;1.Menos de 2500 gramos;20
06;2;1;7.40 a 44;6.37 a 41;3.Secundario/Polimodal Completa y más;2.2500 gramos y más;20
46;2;1;4.25 a 29;5.32 a 36;3.Secundario/Polimodal Completa y más;1.Menos de 2500 gramos;4
62;1;2;7.40 a 44;5.32 a 36;2.Secundaria/Polimodal Incompleta;1.Menos de 2500 gramos;1
58;1;2;4.25 a 29;8.Sin especificar;3.Secundario/Polimodal Completa y más;2.2500 gramos y más;4
62;2;1;2.15 a 19;5.32 a 36;4.Sin especificar;1.Menos de 2500 gramos;2
82;1;1;4.25 a 29;6.37 a 41;3.Secundario/Polimodal Completa y más;1.Menos de 2500 gramos;41
06;2;2;6.35 a 39;6.37 a 41;4.Sin especificar;1.Menos de 2500 gramos;2
54;1;1;1.Menor de 15;6.37 a 41;2.Secundaria/Polimodal Incompleta;1.Menos de 2500 gramos;2
62;1;1;6.35 a 39;6.37 a 41;1.Hasta Primaria/C.EGB Completa;2.2500 gramos y más;48
22;2;1;6.35 a 39;5.32 a 36;3.Secundario/Polimodal Completa y más;2.2500 gramos y más;1
54;1;1;3.20 a 24;7.42 y más;3.Secundario/Polimodal Completa y más;2.2500 gramos y más;6
02;2;1;6.35 a 39;2.22 a 23;3.Secundario/Polimodal Completa y más;1.Menos de 2500 gramos;1
58;1;2;6.35 a 39;6.37 a 41;3.Secundario/Polimodal Completa y más;1.Menos de 2500 gramos;8
50;1;1;3.20 a 24;5.32 a 36;1.Hasta Primaria/C.EGB Completa;2.2500 gramos y más;10
18;1;2;6.35 a 39;3.24 a 27;3.Secundario/Polimodal Completa y más;1.Menos de 2500 gramos;1
14;1;2;7.40 a 44;6.37 a 41;2.Secundaria/Polimodal Incompleta;2.2500 gramos y más;110
14;2;1;6.35 a 39;5.32 a 36;1.Hasta Primaria/C.EGB Completa;1.Menos de 2500 gramos;8
06;1;1;5.30 a 34;7.42 y más;1.Hasta Primaria/C.EGB Completa;2.2500 gramos y más;21
18;1;2;7.40 a 44;5.32 a 36;3.Secundario/Polimodal Completa y más;1.Menos de 2500 gramos;5
74;1;1;5.30 a 34;5.32 a 36;1.Hasta Primaria/C.EGB Completa;1.Menos de 2500 gramos;2
46;1;1;6.35 a 39;6.37 a 41;2.Secundaria/Polimodal Incompleta;1.Menos de 2500 gramos;1
06;1;2;5.30 a 34;5.32 a 36;1.Hasta Primaria/C.EGB Completa;3.Sin especificar;2
22;1;2;6.35 a 39;5.32 a 36;3.Secundario/Polimodal Completa y más;2.2500 gramos y más;25
22;1;1;2.15 a 19;6.37 a 41;3.Secundario/Polimodal Completa y más;1.Menos de 2500 gramos;6
38;2;2;7.40 a 44;5.32 a 36;1.Hasta Primaria/C.EGB Completa;1.Menos de 2500 gramos;1
78;2;1;5.30 a 34;5.32 a 36;3.Secundario/Polimodal Completa y más;2.2500 gramos y más;2
06;2;1;6.35 a 39;5.32 a 36;1.Hasta Primaria/C.EGB Completa;1.Menos de 2500 gramos;20
50;1;1;7.40 a 44;6.37 a 41;2.Secundaria/Polimodal Incompleta;1.Menos de 2500 gramos;2
14;1;1;6.35 a 39;3.24 a 27;3.Secundario/Polimodal Completa y más;1.Menos de 2500 gramos;5
26;1;2;1.Menor de 15;6.37 a 41;2.Secundaria/Polimodal Incompleta;2.2500 gramos y más;3
10;2;1;5.30 a 34;6.37 a 41;3.Secundario/Polimodal Completa y más;2.2500 gramos y más;1
54;1;2;5.30 a 34;5.32 a 36;4.Sin especificar;2.2500 gramos y más;5
14;2;1;4.25 a 29;6.37 a 41;3.Secundario/Polimodal Completa y más;1.Menos de 2500 gramos;2
70;2;1;4.25 a 29;6.37 a 41;3.Secundario/Polimodal Completa y más;1.Menos de 2500 gramos;2
34;2;2;4.25 a 29;5.32 a 36;4.Sin especificar;1.Menos de 2500 gramos;4
38;1;2;6.35 a 39;6.37 a 41;1.Hasta Primaria/C.EGB Completa;2.2500 gramos y más;73
66;1;2;3.20 a 24;5.32 a 36;1.Hasta Primaria/C.EGB Completa;2.2500 gramos y más;6
34;1;2;2.15 a 19;5.32 a 36;2.Secundaria/Polimodal Incompleta;2.2500 gramos y más;17
86;1;2;8.De 45 y más;6.37 a 41;1.Hasta Primaria/C.EGB Completa;2.2500 gramos y más;11
78;1;1;1.Menor de 15;6.37 a 41;1.Hasta Primaria/C.EGB Completa;2.2500 gramos y más;1
02;1;2;7.40 a 44;5.32 a 36;1.Hasta Primaria/C.EGB Completa;1.Menos de 2500 gramos;2
90;1;2;5.30 a 34;6.37 a 41;3.Secundario/Polimodal Completa y más;1.Menos de 2500 gramos;38
10;1;2;2.15 a 19;5.32 a 36;2.Secundaria/Polimodal Incompleta;1.Menos de 2500 gramos;6
38;1;1;3.20 a 24;5.32 a 36;1.Hasta Primaria/C.EGB Completa;1.Menos de 2500 gramos;3
18;1;1;3.20 a 24;5.32 a 36;2.Secundaria/Polimodal Incompleta;2.2500 gramos y más;26
66;1;2;7.40 a 44;6.37 a 41;2.Secundaria/Polimodal Incompleta;2.2500 gramos y más;37
02;1;2;4.25 a 29;5.32 a 36;1.Hasta Primaria/C.EGB Completa;1.Menos de 2500 gramos;10
06;1;2;5.30 a 34;2.22 a 23;1.Hasta Primaria/C.EGB Completa;1.Menos de 2500 gramos;1
46;2;2;6.35 a 39;6.37 a 41;3.Secundario/Polimodal Completa y más;2.2500 gramos y más;2
50;1;2;8.De 45 y más;6.37 a 41;3.Secundario/Polimodal Completa y más;2.2500 gramos y más;17
46;1;1;2.15 a 19;3.24 a 27;2.Secundaria/Polimodal Incompleta;1.Menos de 2500 gramos;2
34;1;1;5.30 a 34;5.32 a 36;3.Secundario/Polimodal Completa y más;2.2500 gramos y más;22
54;1;1;3.20 a 24;6.37 a 41;2.Secundaria/Polimodal Incompleta;2.2500 gramos y más;691
90;2;2;5.30 a 34;5.32 a 36;2.Secundaria/Polimodal Incompleta;1.Menos de 2500 gramos;1
06;2;2;1.Menor de 15;6.37 a 41;2.Secundaria/Polimodal Incompleta;1.Menos de 2500 gramos;1
26;2;2;6.35 a 39;6.37 a 41;3.Secundario/Polimodal Completa y más;2.2500 gramos y más;2
50;1;2;5.30 a 34;4.28 a 31;3.Secundario/Polimodal Completa y más;1.Menos de 2500 gramos;6
54;1;2;5.30 a 34;4.28 a 31;1.Hasta Primaria/C.EGB Completa;2.2500 gramos y más;1
02;9;1;4.25 a 29;6.37 a 41;1.Hasta Primaria/C.EGB Completa;2.2500 gramos y más;1
82;1;1;7.40 a 44;5.32 a 36;3.Secundario/Polimodal Completa y más;1.Menos de 2500 gramos;30
99;1;2;2.15 a 19;6.37 a 41;2.Secundaria/Polimodal Incompleta;2.2500 gramos y más;4
22;9;1;4.25 a 29;6.37 a 41;3.Secundario/Polimodal Completa y más;3.Sin especificar;1
42;1;1;5.30 a 34;6.37 a 41;3.Secundario/Polimodal Completa y más;1.Menos de 2500 gramos;6
06;1;2;9.Sin especificar;6.37 a 41;2.Secundaria/Polimodal Incompleta;3.Sin especificar;3
90;1;1;5.30 a 34;4.28 a 31;2.Secundaria/Polimodal Incompleta;1.Menos de 2500 gramos;5
26;1;1;5.30 a 34;6.37 a 41;4.Sin especificar;2.2500 gramos y más;91
10;1;2;6.35 a 39;5.32 a 36;2.Secundaria/Polimodal Incompleta;2.2500 gramos y más;2
30;1;1;6.35 a 39;5.32 a 36;1.Hasta Primaria/C.EGB Completa;1.Menos de 2500 gramos;4
02;2;1;7.40 a 44;5.32 a 36;1.Hasta Primaria/C.EGB Completa;1.Menos de 2500 gramos;1
42;1;2;7.40 a 44;5.32 a 36;3.Secundario/Polimodal Completa y más;2.2500 gramos y más;1
66;1;2;4.25 a 29;3.24 a 27;3.Secundario/Polimodal Completa y más;1.Menos de 2500 gramos;1
18;1;1;1.Menor de 15;6.37 a 41;1.Hasta Primaria/C.EGB Completa;2.2500 gramos y más;3
74;1;1;5.30 a 34;3.24 a 27;3.Secundario/Polimodal Completa y más;1.Menos de 2500 gramos;1
26;1;2;6.35 a 39;6.37 a 41;2.Secundaria/Polimodal Incompleta;2.2500 gramos y más;52
10;2;1;3.20 a 24;6.37 a 41;3.Secundario/Polimodal Completa y más;2.2500 gramos y más;2
98;1;1;5.30 a 34;5.32 a 36;2.Secundaria/Polimodal Incompleta;2.2500 gramos y más;1
82;1;2;4.25 a 29;6.37 a 41;2.Secundaria/Polimodal Incompleta;2.2500 gramos y más;1078
99;1;2;6.35 a 39;8.Sin especificar;2.Secundaria/Polimodal Incompleta;2.2500 gramos y más;1
62;1;1;4.25 a 29;5.32 a 36;4.Sin especificar;2.2500 gramos y más;5
90;1;2;5.30 a 34;5.32 a 36;2.Secundaria/Polimodal Incompleta;1.Menos de 2500 gramos;5
02;1;2;3.20 a 24;3.24 a 27;3.Secundario/Polimodal Completa y más;1.Menos de 2500 gramos;1
38;1;2;4.25 a 29;7.42 y más;3.Secundario/Polimodal Completa y más;2.2500 gramos y más;5
22;1;2;1.Menor de 15;6.37 a 41;4.Sin especificar;2.2500 gramos y más;4
06;1;9;5.30 a 34;6.37 a 41;1.Hasta Primaria/C.EGB Completa;3.Sin especificar;1
90;2;1;4.25 a 29;5.32 a 36;3.Secundario/Polimodal Completa y más;1.Menos de 2500 gramos;14
82;2;1;4.25 a 29;6.37 a 41;2.Secundaria/Polimodal Incompleta;2.2500 gramos y más;8
06;1;1;3.20 a 24;4.28 a 31;1.Hasta Primaria/C.EGB Completa;1.Menos de 2500 gramos;15
18;1;2;2.15 a 19;5.32 a 36;2.Secundaria/Polimodal Incompleta;2.2500 gramos y más;13
18;2;2;3.20 a 24;5.32 a 36;2.Secundaria/Polimodal Incompleta;1.Menos de 2500 gramos;1
50;1;2;4.25 a 29;6.37 a 41;3.Secundario/Polimodal Completa y más;3.Sin especificar;1
10;1;1;3.20 a 24;8.Sin especificar;3.Secundario/Polimodal Completa y más;3.Sin especificar;3
06;1;1;5.30 a 34;5.32 a 36;3.Secundario/Polimodal Completa y más;2.2500 gramos y más;514
82;1;2;5.30 a 34;5.32 a 36;3.Secundario/Polimodal Completa y más;2.2500 gramos y más;106
42;9;2;5.30 a 34;6.37 a 41;3.Secundario/Polimodal Completa y más;2.2500 gramos y más;1
06;2;2;4.25 a 29;5.32 a 36;1.Hasta Primaria/C.EGB Completa;1.Menos de 2500 gramos;25
78;1;2;2.15 a 19;3.24 a 27;1.Hasta Primaria/C.EGB Completa;1.Menos de 2500 gramos;1
06;1;9;4.25 a 29;5.32 a 36;3.Secundario/Polimodal Completa y más;2.2500 gramos y más;5
14;1;1;3.20 a 24;8.Sin especificar;1.Hasta Primaria/C.EGB Completa;1.Menos de 2500 gramos;1
38;1;1;5.30 a 34;5.32 a 36;1.Hasta Primaria/C.EGB Completa;1.Menos de 2500 gramos;3
62;1;2;3.20 a 24;6.37 a 41;2.Secundaria/Polimodal Incompleta;2.2500 gramos y más;244
98;1;1;4.25 a 29;6.37 a 41;1.Hasta Primaria/C.EGB Completa;2.2500 gramos y más;2
70;1;1;5.30 a 34;5.32 a 36;1.Hasta Primaria/C.EGB Completa;1.Menos de 2500 gramos;4
46;1;1;2.15 a 19;6.37 a 41;1.Hasta Primaria/C.EGB Completa;2.2500 gramos y más;31
58;1;1;6.35 a 39;7.42 y más;3.Secundario/Polimodal Completa y más;2.2500 gramos y más;1
42;1;2;4.25 a 29;5.32 a 36;1.Hasta Primaria/C.EGB Completa;1.Menos de 2500 gramos;5
58;1;1;8.De 45 y más;6.37 a 41;1.Hasta Primaria/C.EGB Completa;2.2500 gramos y más;1
86;1;2;6.35 a 39;7.42 y más;1.Hasta Primaria/C.EGB Completa;2.2500 gramos y más;5
22;1;1;2.15 a 19;7.42 y más;2.Secundaria/Polimodal Incompleta;2.2500 gramos y más;2
62;2;1;6.35 a 39;5.32 a 36;3.Secundario/Polimodal Completa y más;1.Menos de 2500 gramos;6
14;1;2;8.De 45 y más;5.32 a 36;1.Hasta Primaria/C.EGB Completa;2.2500 gramos y más;1
54;1;2;8.De 45 y más;6.37 a 41;3.Secundario/Polimodal Completa y más;1.Menos de 2500 gramos;1
50;1;2;6.35 a 39;3.24 a 27;3.Secundario/Polimodal Completa y más;1.Menos de 2500 gramos;1
06;1;1;7.40 a 44;5.32 a 36;3.Secundario/Polimodal Completa y más;1.Menos de 2500 gramos;122
70;1;1;5.30 a 34;5.32 a 36;1.Hasta Primaria/C.EGB Completa;2.2500 gramos y más;3
02;1;1;3.20 a 24;8.Sin especificar;3.Secundario/Polimodal Completa y más;2.2500 gramos y más;1
14;1;1;6.35 a 39;6.37 a 41;2.Secundaria/Polimodal Incompleta;2.2500 gramos y más;416
74;1;1;7.40 a 44;6.37 a 41;2.Secundaria/Polimodal Incompleta;1.Menos de 2500 gramos;1
14;2;1;3.20 a 24;5.32 a 36;3.Secundario/Polimodal Completa y más;1.Menos de 2500 gramos;16
26;1;2;4.25 a 29;5.32 a 36;3.Secundario/Polimodal Completa y más;1.Menos de 2500 gramos;14
46;1;2;3.20 a 24;5.32 a 36;1.Hasta Primaria/C.EGB Completa;1.Menos de 2500 gramos;1
38;1;1;1.Menor de 15;6.37 a 41;1.Hasta Primaria/C.EGB Completa;2.2500 gramos y más;5
34;1;1;7.40 a 44;5.32 a 36;4.Sin especificar;2.2500 gramos y más;1
46;1;1;2.15 a 19;5.32 a 36;2.Secundaria/Polimodal Incompleta;2.2500 gramos y más;3
82;1;1;2.15 a 19;7.42 y más;1.Hasta Primaria/C.EGB Completa;2.2500 gramos y más;1
22;2;1;8.De 45 y más;5.32 a 36;3.Secundario/Polimodal Completa y más;1.Menos de 2500 gramos;1
06;1;1;6.35 a 39;7.42 y más;3.Secundario/Polimodal Completa y más;2.2500 gramos y más;24
10;1;1;8.De 45 y más;6.37 a 41;2.Secundaria/Polimodal Incompleta;2.2500 gramos y más;2
06;1;9;7.40 a 44;5.32 a 36;3.Secundario/Polimodal Completa y más;2.2500 gramos y más;1
02;1;1;4.25 a 29;5.32 a 36;4.Sin especificar;2.2500 gramos y más;1
14;1;1;6.35 a 39;6.37 a 41;2.Secundaria/Polimodal Incompleta;1.Menos de 2500 gramos;11
70;1;2;5.30 a 34;6.37 a 41;2.Secundaria/Polimodal Incompleta;1.Menos de 2500 gramos;5
30;2;1;3.20 a 24;3.24 a 27;1.Hasta Primaria/C.EGB Completa;1.Menos de 2500 gramos;2
90;1;1;6.35 a 39;6.37 a 41;2.Secundaria/Polimodal Incompleta;1.Menos de 2500 gramos;1
18;1;2;5.30 a 34;7.42 y más;4.Sin especificar;2.2500 gramos y más;3
14;2;1;3.20 a 24;5.32 a 36;3.Secundario/Polimodal Completa y más;2.2500 gramos y más;5
18;1;2;4.25 a 29;6.37 a 41;1.Hasta Primaria/C.EGB Completa;1.Menos de 2500 gramos;10
14;1;2;7.40 a 44;6.37 a 41;1.Hasta Primaria/C.EGB Completa;2.2500 gramos y más;135
06;2;1;4.25 a 29;4.28 a 31;3.Secundario/Polimodal Completa y más;1.Menos de 2500 gramos;14
22;1;1;4.25 a 29;6.37 a 41;1.Hasta Primaria/C.EGB Completa;1.Menos de 2500 gramos;16
06;2;2;8.De 45 y más;3.24 a 27;4.Sin especificar;1.Menos de 2500 gramos;1
82;2;2;5.30 a 34;5.32 a 36;1.Hasta Primaria/C.EGB Completa;1.Menos de 2500 gramos;8
66;1;1;3.20 a 24;8.Sin especificar;2.Secundaria/Polimodal Incompleta;2.2500 gramos y más;9
86;1;2;5.30 a 34;5.32 a 36;4.Sin especificar;2.2500 gramos y más;1
14;1;2;7.40 a 44;6.37 a 41;3.Secundario/Polimodal Completa y más;2.2500 gramos y más;657
58;2;2;4.25 a 29;5.32 a 36;3.Secundario/Polimodal Completa y más;2.2500 gramos y más;1
14;1;1;6.35 a 39;5.32 a 36;2.Secundaria/Polimodal Incompleta;1.Menos de 2500 gramos;28
54;1;2;1.Menor de 15;5.32 a 36;1.Hasta Primaria/C.EGB Completa;1.Menos de 2500 gramos;1
70;1;2;3.20 a 24;6.37 a 41;3.Secundario/Polimodal Completa y más;2.2500 gramos y más;533
82;1;2;7.40 a 44;6.37 a 41;1.Hasta Primaria/C.EGB Completa;1.Menos de 2500 gramos;4
38;2;2;2.15 a 19;3.24 a 27;2.Secundaria/Polimodal Incompleta;1.Menos de 2500 gramos;3
50;2;1;7.40 a 44;6.37 a 41;3.Secundario/Polimodal Completa y más;1.Menos de 2500 gramos;3
99;1;1;2.15 a 19;6.37 a 41;4.Sin especificar;2.2500 gramos y más;1
14;2;1;5.30 a 34;3.24 a 27;1.Hasta Primaria/C.EGB Completa;1.Menos de 2500 gramos;1
06;1;2;1.Menor de 15;5.32 a 36;2.Secundaria/Polimodal Incompleta;2.2500 gramos y más;3
14;1;1;1.Menor de 15;6.37 a 41;3.Secundario/Polimodal Completa y más;2.2500 gramos y más;1
14;2;1;6.35 a 39;5.32 a 36;3.Secundario/Polimodal Completa y más;1.Menos de 2500 gramos;16
18;1;1;6.35 a 39;6.37 a 41;1.Hasta Primaria/C.EGB Completa;1.Menos de 2500 gramos;6
02;1;1;3.20 a 24;5.32 a 36;4.Sin especificar;1.Menos de 2500 gramos;2
82;1;2;5.30 a 34;4.28 a 31;3.Secundario/Polimodal Completa y más;2.2500 gramos y más;1
42;1;2;4.25 a 29;6.37 a 41;1.Hasta Primaria/C.EGB Completa;1.Menos de 2500 gramos;1
34;1;1;1.Menor de 15;6.37 a 41;2.Secundaria/Polimodal Incompleta;1.Menos de 2500 gramos;1
82;1;2;5.30 a 34;6.37 a 41;3.Secundario/Polimodal Completa y más;1.Menos de 2500 gramos;69
90;1;2;3.20 a 24;6.37 a 41;1.Hasta Primaria/C.EGB Completa;2.2500 gramos y más;445
74;1;1;3.20 a 24;3.24 a 27;3.Secundario/Polimodal Completa y más;1.Menos de 2500 gramos;2
06;1;1;5.30 a 34;5.32 a 36;4.Sin especificar;3.Sin especificar;4
82;1;1;4.25 a 29;5.32 a 36;1.Hasta Primaria/C.EGB Completa;2.2500 gramos y más;52
90;1;2;3.20 a 24;4.28 a 31;2.Secundaria/Polimodal Incompleta;1.Menos de 2500 gramos;5
99;1;2;6.35 a 39;5.32 a 36;1.Hasta Primaria/C.EGB Completa;1.Menos de 2500 gramos;1
90;1;1;4.25 a 29;5.32 a 36;1.Hasta Primaria/C.EGB Completa;1.Menos de 2500 gramos;15
46;1;2;3.20 a 24;5.32 a 36;1.Hasta Primaria/C.EGB Completa;2.2500 gramos y más;4
14;1;1;6.35 a 39;8.Sin especificar;2.Secundaria/Polimodal Incompleta;3.Sin especificar;2
10;1;2;6.35 a 39;6.37 a 41;3.Secundario/Polimodal Completa y más;1.Menos de 2500 gramos;10
54;1;1;9.Sin especificar;6.37 a 41;3.Secundario/Polimodal Completa y más;2.2500 gramos y más;1
74;2;1;4.25 a 29;6.37 a 41;3.Secundario/Polimodal Completa y más;1.Menos de 2500 gramos;1
14;1;1;8.De 45 y más;6.37 a 41;2.Secundaria/Polimodal Incompleta;2.2500 gramos y más;4
10;2;1;4.25 a 29;5.32 a 36;3.Secundario/Polimodal Completa y más;1.Menos de 2500 gramos;6
66;1;2;4.25 a 29;6.37 a 41;1.Hasta Primaria/C.EGB Completa;1.Menos de 2500 gramos;7
74;2;1;5.30 a 34;3.24 a 27;3.Secundario/Polimodal Completa y más;1.Menos de 2500 gramos;2
22;1;2;2.15 a 19;5.32 a 36;1.Hasta Primaria/C.EGB Completa;1.Menos de 2500 gramos;21
10;1;2;2.15 a 19;6.37 a 41;2.Secundaria/Polimodal Incompleta;1.Menos de 2500 gramos;2
74;1;1;4.25 a 29;6.37 a 41;1.Hasta Primaria/C.EGB Completa;2.2500 gramos y más;64
22;1;1;1.Menor de 15;3.24 a 27;1.Hasta Primaria/C.EGB Completa;1.Menos de 2500 gramos;1
82;1;1;4.25 a 29;4.28 a 31;3.Secundario/Polimodal Completa y más;2.2500 gramos y más;1
06;1;1;3.20 a 24;5.32 a 36;3.Secundario/Polimodal Completa y más;3.Sin especificar;14
82;2;2;3.20 a 24;4.28 a 31;1.Hasta Primaria/C.EGB Completa;1.Menos de 2500 gramos;2
18;1;1;2.15 a 19;5.32 a 36;3.Secundario/Polimodal Completa y más;2.2500 gramos y más;6
90;1;1;2.15 a 19;5.32 a 36;2.Secundaria/Polimodal Incompleta;2.2500 gramos y más;47
50;2;2;5.30 a 34;5.32 a 36;3.Secundario/Polimodal Completa y más;1.Menos de 2500 gramos;15
82;1;1;2.15 a 19;4.28 a 31;2.Secundaria/Polimodal Incompleta;1.Menos de 2500 gramos;17
54;1;2;3.20 a 24;4.28 a 31;4.Sin especificar;1.Menos de 2500 gramos;1
74;1;1;5.30 a 34;8.Sin especificar;3.Secundario/Polimodal Completa y más;3.Sin especificar;2
14;2;2;5.30 a 34;6.37 a 41;2.Secundaria/Polimodal Incompleta;1.Menos de 2500 gramos;1
30;2;1;5.30 a 34;5.32 a 36;3.Secundario/Polimodal Completa y más;2.2500 gramos y más;10
98;1;9;5.30 a 34;6.37 a 41;3.Secundario/Polimodal Completa y más;2.2500 gramos y más;1
46;1;2;5.30 a 34;6.37 a 41;3.Secundario/Polimodal Completa y más;1.Menos de 2500 gramos;5
86;1;2;3.20 a 24;6.37 a 41;3.Secundario/Polimodal Completa y más;2.2500 gramos y más;368
46;1;2;5.30 a 34;8.Sin especificar;3.Secundario/Polimodal Completa y más;1.Menos de 2500 gramos;1
66;1;2;5.30 a 34;3.24 a 27;3.Secundario/Polimodal Completa y más;1.Menos de 2500 gramos;5
86;1;1;8.De 45 y más;6.37 a 41;2.Secundaria/Polimodal Incompleta;2.2500 gramos y más;1
38;1;1;7.40 a 44;7.42 y más;3.Secundario/Polimodal Completa y más;2.2500 gramos y más;2
54;1;1;7.40 a 44;5.32 a 36;1.Hasta Primaria/C.EGB Completa;2.2500 gramos y más;3
22;1;2;5.30 a 34;8.Sin especificar;1.Hasta Primaria/C.EGB Completa;2.2500 gramos y más;2
66;1;1;4.25 a 29;7.42 y más;2.Secundaria/Polimodal Incompleta;2.2500 gramos y más;2
82;1;1;7.40 a 44;6.37 a 41;2.Secundaria/Polimodal Incompleta;1.Menos de 2500 gramos;3
14;2;2;3.20 a 24;6.37 a 41;1.Hasta Primaria/C.EGB Completa;1.Menos de 2500 gramos;3
46;2;2;3.20 a 24;3.24 a 27;1.Hasta Primaria/C.EGB Completa;1.Menos de 2500 gramos;1
06;2;2;4.25 a 29;5.32 a 36;3.Secundario/Polimodal Completa y más;2.2500 gramos y más;21
50;2;1;6.35 a 39;5.32 a 36;3.Secundario/Polimodal Completa y más;1.Menos de 2500 gramos;8
14;1;1;4.25 a 29;7.42 y más;1.Hasta Primaria/C.EGB Completa;2.2500 gramos y más;3
26;1;1;4.25 a 29;6.37 a 41;2.Secundaria/Polimodal Incompleta;2.2500 gramos y más;163
14;2;2;3.20 a 24;4.28 a 31;1.Hasta Primaria/C.EGB Completa;1.Menos de 2500 gramos;5
70;2;2;7.40 a 44;5.32 a 36;3.Secundario/Polimodal Completa y más;2.2500 gramos y más;1
38;1;1;6.35 a 39;6.37 a 41;2.Secundaria/Polimodal Incompleta;1.Menos de 2500 gramos;3
18;1;1;4.25 a 29;6.37 a 41;1.Hasta Primaria/C.EGB Completa;2.2500 gramos y más;204
34;2;1;3.20 a 24;5.32 a 36;2.Secundaria/Polimodal Incompleta;2.2500 gramos y más;1
30;2;2;6.35 a 39;6.37 a 41;1.Hasta Primaria/C.EGB Completa;1.Menos de 2500 gramos;2
82;1;1;4.25 a 29;8.Sin especificar;3.Secundario/Polimodal Completa y más;2.2500 gramos y más;2
06;2;1;3.20 a 24;3.24 a 27;4.Sin especificar;3.Sin especificar;1
54;1;9;2.15 a 19;5.32 a 36;2.Secundaria/Polimodal Incompleta;1.Menos de 2500 gramos;1
62;1;1;4.25 a 29;6.37 a 41;1.Hasta Primaria/C.EGB Completa;1.Menos de 2500 gramos;3
86;1;2;7.40 a 44;7.42 y más;3.Secundario/Polimodal Completa y más;2.2500 gramos y más;1
06;2;2;7.40 a 44;6.37 a 41;4.Sin especificar;2.2500 gramos y más;1
62;1;1;6.35 a 39;5.32 a 36;3.Secundario/Polimodal Completa y más;1.Menos de 2500 gramos;10
66;1;2;7.40 a 44;8.Sin especificar;1.Hasta Primaria/C.EGB Completa;1.Menos de 2500 gramos;1
30;2;2;6.35 a 39;6.37 a 41;1.Hasta Primaria/C.EGB Completa;2.2500 gramos y más;2
58;1;2;4.25 a 29;6.37 a 41;3.Secundario/Polimodal Completa y más;2.2500 gramos y más;579
06;1;1;2.15 a 19;5.32 a 36;2.Secundaria/Polimodal Incompleta;3.Sin especificar;7
10;2;2;5.30 a 34;6.37 a 41;2.Secundaria/Polimodal Incompleta;2.2500 gramos y más;2
06;1;2;4.25 a 29;3.24 a 27;3.Secundario/Polimodal Completa y más;1.Menos de 2500 gramos;27
18;1;1;3.20 a 24;6.37 a 41;1.Hasta Primaria/C.EGB Completa;1.Menos de 2500 gramos;3
66;1;1;3.20 a 24;7.42 y más;2.Secundaria/Polimodal Incompleta;2.2500 gramos y más;4
42;1;2;7.40 a 44;5.32 a 36;3.Secundario/Polimodal Completa y más;1.Menos de 2500 gramos;1
66;1;2;7.40 a 44;8.Sin especificar;1.Hasta Primaria/C.EGB Completa;2.2500 gramos y más;1
86;1;2;6.35 a 39;3.24 a 27;3.Secundario/Polimodal Completa y más;1.Menos de 2500 gramos;1
94;1;1;5.30 a 34;3.24 a 27;2.Secundaria/Polimodal Incompleta;1.Menos de 2500 gramos;1
22;1;2;8.De 45 y más;5.32 a 36;1.Hasta Primaria/C.EGB Completa;2.2500 gramos y más;1
74;1;2;4.25 a 29;4.28 a 31;4.Sin especificar;1.Menos de 2500 gramos;1
06;1;1;9.Sin especificar;8.Sin especificar;4.Sin especificar;1.Menos de 2500 gramos;1
78;1;1;7.40 a 44;5.32 a 36;1.Hasta Primaria/C.EGB Completa;2.2500 gramos y más;1
22;1;1;2.15 a 19;5.32 a 36;2.Secundaria/Polimodal Incompleta;1.Menos de 2500 gramos;27
30;1;1;5.30 a 34;7.42 y más;3.Secundario/Polimodal Completa y más;2.2500 gramos y más;2
98;1;1;2.15 a 19;6.37 a 41;3.Secundario/Polimodal Completa y más;2.2500 gramos y más;1
46;1;2;4.25 a 29;5.32 a 36;2.Secundaria/Polimodal Incompleta;1.Menos de 2500 gramos;1
62;1;1;4.25 a 29;6.37 a 41;1.Hasta Primaria/C.EGB Completa;2.2500 gramos y más;113
78;1;1;2.15 a 19;6.37 a 41;1.Hasta Primaria/C.EGB Completa;1.Menos de 2500 gramos;1
18;2;2;4.25 a 29;5.32 a 36;3.Secundario/Polimodal Completa y más;1.Menos de 2500 gramos;4
10;1;1;3.20 a 24;5.32 a 36;3.Secundario/Polimodal Completa y más;1.Menos de 2500 gramos;10
42;1;2;4.25 a 29;5.32 a 36;3.Secundario/Polimodal Completa y más;1.Menos de 2500 gramos;8
50;1;1;4.25 a 29;4.28 a 31;1.Hasta Primaria/C.EGB Completa;1.Menos de 2500 gramos;2
10;1;2;2.15 a 19;8.Sin especificar;3.Secundario/Polimodal Completa y más;2.2500 gramos y más;1
06;2;2;5.30 a 34;8.Sin especificar;2.Secundaria/Polimodal Incompleta;1.Menos de 2500 gramos;1
18;1;2;3.20 a 24;8.Sin especificar;2.Secundaria/Polimodal Incompleta;2.2500 gramos y más;1
94;1;1;5.30 a 34;4.28 a 31;4.Sin especificar;1.Menos de 2500 gramos;1
06;2;1;3.20 a 24;3.24 a 27;3.Secundario/Polimodal Completa y más;1.Menos de 2500 gramos;4
10;1;1;7.40 a 44;6.37 a 41;1.Hasta Primaria/C.EGB Completa;2.2500 gramos y más;3
78;1;1;4.25 a 29;4.28 a 31;3.Secundario/Polimodal Completa y más;1.Menos de 2500 gramos;1
46;1;1;4.25 a 29;7.42 y más;3.Secundario/Polimodal Completa y más;2.2500 gramos y más;2
10;1;1;3.20 a 24;6.37 a 41;3.Secundario/Polimodal Completa y más;3.Sin especificar;2
94;2;1;6.35 a 39;5.32 a 36;3.Secundario/Polimodal Completa y más;1.Menos de 2500 gramos;1
94;1;2;4.25 a 29;5.32 a 36;3.Secundario/Polimodal Completa y más;2.2500 gramos y más;6
42;1;2;4.25 a 29;5.32 a 36;3.Secundario/Polimodal Completa y más;2.2500 gramos y más;2
46;1;1;4.25 a 29;5.32 a 36;3.Secundario/Polimodal Completa y más;1.Menos de 2500 gramos;15
70;1;1;4.25 a 29;6.37 a 41;2.Secundaria/Polimodal Incompleta;2.2500 gramos y más;461
94;2;1;6.35 a 39;5.32 a 36;3.Secundario/Polimodal Completa y más;2.2500 gramos y más;1
30;2;1;5.30 a 34;3.24 a 27;4.Sin especificar;1.Menos de 2500 gramos;2
22;1;2;2.15 a 19;6.37 a 41;2.Secundaria/Polimodal Incompleta;1.Menos de 2500 gramos;27
74;1;2;6.35 a 39;7.42 y más;3.Secundario/Polimodal Completa y más;2.2500 gramos y más;2
62;1;2;3.20 a 24;6.37 a 41;4.Sin especificar;1.Menos de 2500 gramos;2
62;2;2;3.20 a 24;6.37 a 41;3.Secundario/Polimodal Completa y más;1.Menos de 2500 gramos;2
06;1;9;2.15 a 19;4.28 a 31;2.Secundaria/Polimodal Incompleta;2.2500 gramos y más;1
78;2;1;3.20 a 24;6.37 a 41;3.Secundario/Polimodal Completa y más;2.2500 gramos y más;1
46;1;1;5.30 a 34;5.32 a 36;1.Hasta Primaria/C.EGB Completa;1.Menos de 2500 gramos;1
74;1;2;6.35 a 39;8.Sin especificar;2.Secundaria/Polimodal Incompleta;2.2500 gramos y más;1
46;1;1;7.40 a 44;5.32 a 36;2.Secundaria/Polimodal Incompleta;2.2500 gramos y más;1
54;1;2;3.20 a 24;8.Sin especificar;1.Hasta Primaria/C.EGB Completa;2.2500 gramos y más;1
54;1;2;7.40 a 44;5.32 a 36;2.Secundaria/Polimodal Incompleta;1.Menos de 2500 gramos;2
30;1;2;3.20 a 24;6.37 a 41;1.Hasta Primaria/C.EGB Completa;2.2500 gramos y más;413
46;1;1;1.Menor de 15;6.37 a 41;1.Hasta Primaria/C.EGB Completa;2.2500 gramos y más;1
82;2;1;6.35 a 39;4.28 a 31;1.Hasta Primaria/C.EGB Completa;1.Menos de 2500 gramos;3
86;1;1;2.15 a 19;6.37 a 41;2.Secundaria/Polimodal Incompleta;1.Menos de 2500 gramos;8
66;1;1;3.20 a 24;6.37 a 41;3.Secundario/Polimodal Completa y más;2.2500 gramos y más;1085
58;2;2;3.20 a 24;8.Sin especificar;3.Secundario/Polimodal Completa y más;2.2500 gramos y más;1
94;1;2;4.25 a 29;7.42 y más;4.Sin especificar;2.2500 gramos y más;1
02;9;1;6.35 a 39;5.32 a 36;4.Sin especificar;2.2500 gramos y más;2
54;1;1;2.15 a 19;4.28 a 31;2.Secundaria/Polimodal Incompleta;1.Menos de 2500 gramos;5
02;1;1;5.30 a 34;3.24 a 27;2.Secundaria/Polimodal Incompleta;1.Menos de 2500 gramos;2
06;1;2;3.20 a 24;6.37 a 41;2.Secundaria/Polimodal Incompleta;2.2500 gramos y más;4724
06;1;2;2.15 a 19;6.37 a 41;1.Hasta Primaria/C.EGB Completa;2.2500 gramos y más;915
62;1;2;6.35 a 39;7.42 y más;3.Secundario/Polimodal Completa y más;2.2500 gramos y más;1
18;2;1;6.35 a 39;6.37 a 41;4.Sin especificar;2.2500 gramos y más;1
18;2;2;2.15 a 19;5.32 a 36;4.Sin especificar;2.2500 gramos y más;1
06;1;1;6.35 a 39;5.32 a 36;3.Secundario/Polimodal Completa y más;1.Menos de 2500 gramos;316
74;2;2;5.30 a 34;5.32 a 36;3.Secundario/Polimodal Completa y más;1.Menos de 2500 gramos;4
54;1;1;3.20 a 24;8.Sin especificar;2.Secundaria/Polimodal Incompleta;2.2500 gramos y más;2
06;1;2;6.35 a 39;5.32 a 36;2.Secundaria/Polimodal Incompleta;1.Menos de 2500 gramos;61
62;1;1;3.20 a 24;6.37 a 41;3.Secundario/Polimodal Completa y más;2.2500 gramos y más;291
50;2;2;5.30 a 34;4.28 a 31;3.Secundario/Polimodal Completa y más;1.Menos de 2500 gramos;2
90;1;2;2.15 a 19;7.42 y más;2.Secundaria/Polimodal Incompleta;2.2500 gramos y más;28
86;1;1;3.20 a 24;4.28 a 31;2.Secundaria/Polimodal Incompleta;1.Menos de 2500 gramos;2
02;9;1;6.35 a 39;5.32 a 36;4.Sin especificar;1.Menos de 2500 gramos;1
34;2;2;6.35 a 39;5.32 a 36;2.Secundaria/Polimodal Incompleta;1.Menos de 2500 gramos;3
42;1;2;5.30 a 34;6.37 a 41;3.Secundario/Polimodal Completa y más;2.2500 gramos y más;240
50;1;2;2.15 a 19;5.32 a 36;1.Hasta Primaria/C.EGB Completa;1.Menos de 2500 gramos;2
06;1;1;6.35 a 39;5.32 a 36;4.Sin especificar;3.Sin especificar;4
54;1;1;3.20 a 24;7.42 y más;1.Hasta Primaria/C.EGB Completa;2.2500 gramos y más;7
54;1;2;6.35 a 39;6.37 a 41;4.Sin especificar;1.Menos de 2500 gramos;4
82;2;2;3.20 a 24;3.24 a 27;2.Secundaria/Polimodal Incompleta;1.Menos de 2500 gramos;1
22;1;1;2.15 a 19;3.24 a 27;2.Secundaria/Polimodal Incompleta;1.Menos de 2500 gramos;2
86;1;2;4.25 a 29;5.32 a 36;2.Secundaria/Polimodal Incompleta;1.Menos de 2500 gramos;7
22;1;1;3.20 a 24;3.24 a 27;2.Secundaria/Polimodal Incompleta;1.Menos de 2500 gramos;1
02;1;1;5.30 a 34;5.32 a 36;1.Hasta Primaria/C.EGB Completa;2.2500 gramos y más;12
54;1;1;2.15 a 19;6.37 a 41;3.Secundario/Polimodal Completa y más;1.Menos de 2500 gramos;7
86;1;2;4.25 a 29;4.28 a 31;3.Secundario/Polimodal Completa y más;1.Menos de 2500 gramos;5
90;2;2;7.40 a 44;6.37 a 41;3.Secundario/Polimodal Completa y más;1.Menos de 2500 gramos;2
90;2;1;3.20 a 24;4.28 a 31;1.Hasta Primaria/C.EGB Completa;1.Menos de 2500 gramos;1
66;1;2;6.35 a 39;5.32 a 36;2.Secundaria/Polimodal Incompleta;2.2500 gramos y más;3
82;1;2;4.25 a 29;6.37 a 41;2.Secundaria/Polimodal Incompleta;1.Menos de 2500 gramos;26
74;1;2;4.25 a 29;5.32 a 36;2.Secundaria/Polimodal Incompleta;2.2500 gramos y más;7
06;1;2;3.20 a 24;2.22 a 23;4.Sin especificar;1.Menos de 2500 gramos;3
50;2;1;4.25 a 29;3.24 a 27;3.Secundario/Polimodal Completa y más;1.Menos de 2500 gramos;2
14;2;2;5.30 a 34;6.37 a 41;2.Secundaria/Polimodal Incompleta;2.2500 gramos y más;2
06;1;2;4.25 a 29;5.32 a 36;2.Secundaria/Polimodal Incompleta;2.2500 gramos y más;118
70;1;1;6.35 a 39;5.32 a 36;1.Hasta Primaria/C.EGB Completa;1.Menos de 2500 gramos;3
14;1;1;5.30 a 34;6.37 a 41;1.Hasta Primaria/C.EGB Completa;1.Menos de 2500 gramos;12
02;1;2;8.De 45 y más;3.24 a 27;4.Sin especificar;1.Menos de 2500 gramos;1
90;1;2;3.20 a 24;2.22 a 23;2.Secundaria/Polimodal Incompleta;1.Menos de 2500 gramos;1
06;1;1;8.De 45 y más;2.22 a 23;3.Secundario/Polimodal Completa y más;1.Menos de 2500 gramos;2
22;1;2;2.15 a 19;4.28 a 31;3.Secundario/Polimodal Completa y más;1.Menos de 2500 gramos;1
06;1;1;3.20 a 24;2.22 a 23;2.Secundaria/Polimodal Incompleta;1.Menos de 2500 gramos;4
62;1;1;5.30 a 34;6.37 a 41;3.Secundario/Polimodal Completa y más;3.Sin especificar;4
22;2;2;4.25 a 29;5.32 a 36;3.Secundario/Polimodal Completa y más;2.2500 gramos y más;3
66;1;2;2.15 a 19;3.24 a 27;4.Sin especificar;1.Menos de 2500 gramos;1
62;1;1;2.15 a 19;5.32 a 36;1.Hasta Primaria/C.EGB Completa;2.2500 gramos y más;3
22;1;1;4.25 a 29;5.32 a 36;3.Secundario/Polimodal Completa y más;3.Sin especificar;1
66;1;2;6.35 a 39;6.37 a 41;1.Hasta Primaria/C.EGB Completa;2.2500 gramos y más;197
06;2;2;5.30 a 34;5.32 a 36;4.Sin especificar;2.2500 gramos y más;4
30;1;2;5.30 a 34;5.32 a 36;4.Sin especificar;1.Menos de 2500 gramos;1
94;1;1;6.35 a 39;6.37 a 41;1.Hasta Primaria/C.EGB Completa;2.2500 gramos y más;7
34;2;1;6.35 a 39;5.32 a 36;4.Sin especificar;1.Menos de 2500 gramos;1
06;1;1;6.35 a 39;6.37 a 41;1.Hasta Primaria/C.EGB Completa;1.Menos de 2500 gramos;49
06;1;1;5.30 a 34;6.37 a 41;3.Secundario/Polimodal Completa y más;3.Sin especificar;105
10;2;2;6.35 a 39;6.37 a 41;2.Secundaria/Polimodal Incompleta;2.2500 gramos y más;1
10;1;2;3.20 a 24;6.37 a 41;2.Secundaria/Polimodal Incompleta;2.2500 gramos y más;111
82;1;2;7.40 a 44;5.32 a 36;2.Secundaria/Polimodal Incompleta;1.Menos de 2500 gramos;5
06;2;1;6.35 a 39;5.32 a 36;3.Secundario/Polimodal Completa y más;1.Menos de 2500 gramos;80
14;2;2;4.25 a 29;6.37 a 41;2.Secundaria/Polimodal Incompleta;2.2500 gramos y más;4
06;1;1;8.De 45 y más;4.28 a 31;2.Secundaria/Polimodal Incompleta;1.Menos de 2500 gramos;1
26;1;2;6.35 a 39;6.37 a 41;2.Secundaria/Polimodal Incompleta;1.Menos de 2500 gramos;1
74;1;1;8.De 45 y más;6.37 a 41;3.Secundario/Polimodal Completa y más;2.2500 gramos y más;2
06;1;2;2.15 a 19;7.42 y más;4.Sin especificar;2.2500 gramos y más;4
06;1;2;4.25 a 29;4.28 a 31;4.Sin especificar;2.2500 gramos y más;2
90;1;2;4.25 a 29;7.42 y más;1.Hasta Primaria/C.EGB Completa;2.2500 gramos y más;19
82;1;2;5.30 a 34;6.37 a 41;4.Sin especificar;2.2500 gramos y más;19
50;2;2;6.35 a 39;6.37 a 41;1.Hasta Primaria/C.EGB Completa;1.Menos de 2500 gramos;1
58;1;2;4.25 a 29;4.28 a 31;3.Secundario/Polimodal Completa y más;1.Menos de 2500 gramos;2
38;1;1;6.35 a 39;7.42 y más;3.Secundario/Polimodal Completa y más;2.2500 gramos y más;1
70;1;2;7.40 a 44;3.24 a 27;2.Secundaria/Polimodal Incompleta;1.Menos de 2500 gramos;1
74;1;1;5.30 a 34;6.37 a 41;2.Secundaria/Polimodal Incompleta;2.2500 gramos y más;76
90;1;2;4.25 a 29;2.22 a 23;3.Secundario/Polimodal Completa y más;1.Menos de 2500 gramos;1
06;2;1;5.30 a 34;5.32 a 36;4.Sin especificar;2.2500 gramos y más;4
02;9;1;3.20 a 24;6.37 a 41;4.Sin especificar;2.2500 gramos y más;40
22;9;2;2.15 a 19;6.37 a 41;1.Hasta Primaria/C.EGB Completa;2.2500 gramos y más;2
14;2;1;6.35 a 39;4.28 a 31;2.Secundaria/Polimodal Incompleta;1.Menos de 2500 gramos;1
98;1;1;4.25 a 29;8.Sin especificar;4.Sin especificar;3.Sin especificar;1
86;2;1;5.30 a 34;5.32 a 36;3.Secundario/Polimodal Completa y más;1.Menos de 2500 gramos;5
50;1;2;5.30 a 34;6.37 a 41;2.Secundaria/Polimodal Incompleta;1.Menos de 2500 gramos;16
74;2;1;4.25 a 29;5.32 a 36;2.Secundaria/Polimodal Incompleta;1.Menos de 2500 gramos;1
46;1;1;3.20 a 24;4.28 a 31;3.Secundario/Polimodal Completa y más;1.Menos de 2500 gramos;2
10;1;1;4.25 a 29;5.32 a 36;1.Hasta Primaria/C.EGB Completa;2.2500 gramos y más;2
06;1;2;9.Sin especificar;5.32 a 36;3.Secundario/Polimodal Completa y más;2.2500 gramos y más;15
78;1;2;4.25 a 29;5.32 a 36;1.Hasta Primaria/C.EGB Completa;2.2500 gramos y más;1
54;1;2;6.35 a 39;6.37 a 41;4.Sin especificar;2.2500 gramos y más;41
30;1;2;4.25 a 29;6.37 a 41;1.Hasta Primaria/C.EGB Completa;1.Menos de 2500 gramos;12
70;1;2;4.25 a 29;6.37 a 41;1.Hasta Primaria/C.EGB Completa;2.2500 gramos y más;207
22;2;2;5.30 a 34;6.37 a 41;3.Secundario/Polimodal Completa y más;3.Sin especificar;2
26;1;2;4.25 a 29;5.32 a 36;1.Hasta Primaria/C.EGB Completa;1.Menos de 2500 gramos;5
10;1;1;6.35 a 39;8.Sin especificar;3.Secundario/Polimodal Completa y más;2.2500 gramos y más;2
42;1;1;7.40 a 44;6.37 a 41;2.Secundaria/Polimodal Incompleta;2.2500 gramos y más;22
82;2;1;4.25 a 29;3.24 a 27;3.Secundario/Polimodal Completa y más;1.Menos de 2500 gramos;1
38;1;2;7.40 a 44;6.37 a 41;3.Secundario/Polimodal Completa y más;1.Menos de 2500 gramos;6
58;1;1;3.20 a 24;2.22 a 23;3.Secundario/Polimodal Completa y más;1.Menos de 2500 gramos;1
62;1;1;6.35 a 39;5.32 a 36;3.Secundario/Polimodal Completa y más;2.2500 gramos y más;22
06;1;2;9.Sin especificar;4.28 a 31;3.Secundario/Polimodal Completa y más;3.Sin especificar;2
38;1;2;6.35 a 39;6.37 a 41;1.Hasta Primaria/C.EGB Completa;1.Menos de 2500 gramos;3
14;2;1;2.15 a 19;5.32 a 36;2.Secundaria/Polimodal Incompleta;1.Menos de 2500 gramos;6
06;1;1;5.30 a 34;8.Sin especificar;1.Hasta Primaria/C.EGB Completa;1.Menos de 2500 gramos;4
78;1;1;9.Sin especificar;8.Sin especificar;4.Sin especificar;1.Menos de 2500 gramos;1
50;2;2;3.20 a 24;3.24 a 27;3.Secundario/Polimodal Completa y más;1.Menos de 2500 gramos;3
70;1;1;5.30 a 34;4.28 a 31;1.Hasta Primaria/C.EGB Completa;1.Menos de 2500 gramos;1
66;1;1;6.35 a 39;6.37 a 41;1.Hasta Primaria/C.EGB Completa;1.Menos de 2500 gramos;1
90;1;2;7.40 a 44;6.37 a 41;2.Secundaria/Polimodal Incompleta;2.2500 gramos y más;34
38;1;2;6.35 a 39;6.37 a 41;3.Secundario/Polimodal Completa y más;1.Menos de 2500 gramos;13
62;1;2;2.15 a 19;6.37 a 41;4.Sin especificar;2.2500 gramos y más;44
06;1;2;2.15 a 19;6.37 a 41;3.Secundario/Polimodal Completa y más;1.Menos de 2500 gramos;33
70;2;2;6.35 a 39;5.32 a 36;3.Secundario/Polimodal Completa y más;1.Menos de 2500 gramos;7
34;2;1;5.30 a 34;5.32 a 36;3.Secundario/Polimodal Completa y más;1.Menos de 2500 gramos;2
70;1;1;3.20 a 24;2.22 a 23;3.Secundario/Polimodal Completa y más;1.Menos de 2500 gramos;1
30;1;1;3.20 a 24;8.Sin especificar;2.Secundaria/Polimodal Incompleta;2.2500 gramos y más;11
82;2;1;5.30 a 34;6.37 a 41;1.Hasta Primaria/C.EGB Completa;1.Menos de 2500 gramos;4
38;1;1;5.30 a 34;5.32 a 36;1.Hasta Primaria/C.EGB Completa;2.2500 gramos y más;2
18;1;1;3.20 a 24;3.24 a 27;2.Secundaria/Polimodal Incompleta;1.Menos de 2500 gramos;2
06;1;2;3.20 a 24;5.32 a 36;2.Secundaria/Polimodal Incompleta;2.2500 gramos y más;165
42;1;2;2.15 a 19;5.32 a 36;1.Hasta Primaria/C.EGB Completa;1.Menos de 2500 gramos;1
70;1;1;2.15 a 19;4.28 a 31;2.Secundaria/Polimodal Incompleta;1.Menos de 2500 gramos;2
90;1;1;8.De 45 y más;6.37 a 41;3.Secundario/Polimodal Completa y más;2.2500 gramos y más;7
86;1;2;4.25 a 29;3.24 a 27;3.Secundario/Polimodal Completa y más;1.Menos de 2500 gramos;2
54;1;2;2.15 a 19;6.37 a 41;4.Sin especificar;2.2500 gramos y más;70
02;2;1;4.25 a 29;5.32 a 36;2.Secundaria/Polimodal Incompleta;1.Menos de 2500 gramos;2
06;1;1;7.40 a 44;6.37 a 41;4.Sin especificar;1.Menos de 2500 gramos;8
99;1;2;5.30 a 34;6.37 a 41;4.Sin especificar;2.2500 gramos y más;5
54;2;1;6.35 a 39;5.32 a 36;1.Hasta Primaria/C.EGB Completa;1.Menos de 2500 gramos;2
66;1;1;3.20 a 24;8.Sin especificar;3.Secundario/Polimodal Completa y más;3.Sin especificar;4
46;1;1;2.15 a 19;6.37 a 41;3.Secundario/Polimodal Completa y más;1.Menos de 2500 gramos;2
18;1;2;4.25 a 29;6.37 a 41;2.Secundaria/Polimodal Incompleta;2.2500 gramos y más;330
62;1;1;3.20 a 24;6.37 a 41;3.Secundario/Polimodal Completa y más;3.Sin especificar;3
90;1;1;6.35 a 39;5.32 a 36;2.Secundaria/Polimodal Incompleta;1.Menos de 2500 gramos;10
66;2;2;3.20 a 24;3.24 a 27;2.Secundaria/Polimodal Incompleta;1.Menos de 2500 gramos;2
90;1;1;2.15 a 19;7.42 y más;2.Secundaria/Polimodal Incompleta;2.2500 gramos y más;17
66;2;2;4.25 a 29;1.Menos de 22;3.Secundario/Polimodal Completa y más;1.Menos de 2500 gramos;1
70;2;2;6.35 a 39;4.28 a 31;1.Hasta Primaria/C.EGB Completa;1.Menos de 2500 gramos;1
90;2;2;7.40 a 44;5.32 a 36;3.Secundario/Polimodal Completa y más;1.Menos de 2500 gramos;5
66;1;1;2.15 a 19;5.32 a 36;2.Secundaria/Polimodal Incompleta;2.2500 gramos y más;15
58;1;1;4.25 a 29;5.32 a 36;3.Secundario/Polimodal Completa y más;1.Menos de 2500 gramos;19
54;1;1;6.35 a 39;5.32 a 36;2.Secundaria/Polimodal Incompleta;1.Menos de 2500 gramos;8
90;1;1;4.25 a 29;4.28 a 31;3.Secundario/Polimodal Completa y más;1.Menos de 2500 gramos;16
22;1;9;2.15 a 19;4.28 a 31;2.Secundaria/Polimodal Incompleta;1.Menos de 2500 gramos;1
90;1;1;2.15 a 19;6.37 a 41;1.Hasta Primaria/C.EGB Completa;1.Menos de 2500 gramos;4
38;1;2;1.Menor de 15;6.37 a 41;2.Secundaria/Polimodal Incompleta;2.2500 gramos y más;6
78;2;2;4.25 a 29;6.37 a 41;1.Hasta Primaria/C.EGB Completa;2.2500 gramos y más;2
14;1;2;7.40 a 44;5.32 a 36;3.Secundario/Polimodal Completa y más;1.Menos de 2500 gramos;32
90;1;2;2.15 a 19;7.42 y más;1.Hasta Primaria/C.EGB Completa;2.2500 gramos y más;15
02;1;2;5.30 a 34;5.32 a 36;4.Sin especificar;1.Menos de 2500 gramos;10
82;1;2;8.De 45 y más;4.28 a 31;1.Hasta Primaria/C.EGB Completa;1.Menos de 2500 gramos;1
30;1;1;5.30 a 34;8.Sin especificar;1.Hasta Primaria/C.EGB Completa;2.2500 gramos y más;5
66;1;1;6.35 a 39;6.37 a 41;1.Hasta Primaria/C.EGB Completa;2.2500 gramos y más;190
54;1;2;4.25 a 29;4.28 a 31;2.Secundaria/Polimodal Incompleta;1.Menos de 2500 gramos;4
54;2;2;3.20 a 24;4.28 a 31;1.Hasta Primaria/C.EGB Completa;1.Menos de 2500 gramos;2
50;1;1;3.20 a 24;4.28 a 31;2.Secundaria/Polimodal Incompleta;1.Menos de 2500 gramos;9
74;1;2;7.40 a 44;5.32 a 36;3.Secundario/Polimodal Completa y más;1.Menos de 2500 gramos;3
22;9;2;4.25 a 29;6.37 a 41;1.Hasta Primaria/C.EGB Completa;2.2500 gramos y más;2
94;1;2;5.30 a 34;8.Sin especificar;3.Secundario/Polimodal Completa y más;2.2500 gramos y más;1
74;2;1;8.De 45 y más;4.28 a 31;3.Secundario/Polimodal Completa y más;1.Menos de 2500 gramos;1
38;1;1;4.25 a 29;5.32 a 36;3.Secundario/Polimodal Completa y más;2.2500 gramos y más;24
02;2;1;6.35 a 39;3.24 a 27;1.Hasta Primaria/C.EGB Completa;1.Menos de 2500 gramos;2
90;1;1;7.40 a 44;7.42 y más;1.Hasta Primaria/C.EGB Completa;2.2500 gramos y más;3
50;1;1;4.25 a 29;3.24 a 27;2.Secundaria/Polimodal Incompleta;1.Menos de 2500 gramos;2
38;1;2;3.20 a 24;6.37 a 41;2.Secundaria/Polimodal Incompleta;1.Menos de 2500 gramos;7
06;1;1;6.35 a 39;6.37 a 41;1.Hasta Primaria/C.EGB Completa;3.Sin especificar;14
22;2;1;2.15 a 19;3.24 a 27;2.Secundaria/Polimodal Incompleta;1.Menos de 2500 gramos;1
06;2;1;2.15 a 19;8.Sin especificar;2.Secundaria/Polimodal Incompleta;1.Menos de 2500 gramos;1
58;1;1;4.25 a 29;3.24 a 27;1.Hasta Primaria/C.EGB Completa;1.Menos de 2500 gramos;1
26;1;1;4.25 a 29;5.32 a 36;3.Secundario/Polimodal Completa y más;1.Menos de 2500 gramos;15
74;1;2;5.30 a 34;6.37 a 41;2.Secundaria/Polimodal Incompleta;1.Menos de 2500 gramos;2
14;1;2;5.30 a 34;5.32 a 36;3.Secundario/Polimodal Completa y más;2.2500 gramos y más;96
06;2;1;3.20 a 24;5.32 a 36;1.Hasta Primaria/C.EGB Completa;1.Menos de 2500 gramos;16
99;1;1;6.35 a 39;6.37 a 41;3.Secundario/Polimodal Completa y más;2.2500 gramos y más;5
90;2;1;5.30 a 34;6.37 a 41;3.Secundario/Polimodal Completa y más;1.Menos de 2500 gramos;2
62;1;2;6.35 a 39;5.32 a 36;1.Hasta Primaria/C.EGB Completa;1.Menos de 2500 gramos;1
06;2;2;3.20 a 24;5.32 a 36;3.Secundario/Polimodal Completa y más;2.2500 gramos y más;6
14;1;1;9.Sin especificar;6.37 a 41;2.Secundaria/Polimodal Incompleta;1.Menos de 2500 gramos;1
58;1;1;3.20 a 24;7.42 y más;3.Secundario/Polimodal Completa y más;2.2500 gramos y más;2
06;1;2;5.30 a 34;8.Sin especificar;1.Hasta Primaria/C.EGB Completa;3.Sin especificar;6
22;1;1;4.25 a 29;5.32 a 36;1.Hasta Primaria/C.EGB Completa;2.2500 gramos y más;23
14;1;2;2.15 a 19;6.37 a 41;3.Secundario/Polimodal Completa y más;1.Menos de 2500 gramos;9
90;1;1;7.40 a 44;6.37 a 41;4.Sin especificar;2.2500 gramos y más;1
06;1;1;5.30 a 34;3.24 a 27;3.Secundario/Polimodal Completa y más;1.Menos de 2500 gramos;32
86;1;9;5.30 a 34;5.32 a 36;1.Hasta Primaria/C.EGB Completa;1.Menos de 2500 gramos;1
58;1;2;7.40 a 44;3.24 a 27;3.Secundario/Polimodal Completa y más;1.Menos de 2500 gramos;1
02;2;1;6.35 a 39;5.32 a 36;2.Secundaria/Polimodal Incompleta;1.Menos de 2500 gramos;3
14;1;1;1.Menor de 15;6.37 a 41;4.Sin especificar;1.Menos de 2500 gramos;1
38;1;1;5.30 a 34;7.42 y más;2.Secundaria/Polimodal Incompleta;2.2500 gramos y más;2
02;2;2;5.30 a 34;5.32 a 36;4.Sin especificar;2.2500 gramos y más;1
62;1;2;7.40 a 44;6.37 a 41;1.Hasta Primaria/C.EGB Completa;2.2500 gramos y más;14
06;1;2;5.30 a 34;6.37 a 41;3.Secundario/Polimodal Completa y más;2.2500 gramos y más;11152
90;1;1;3.20 a 24;8.Sin especificar;2.Secundaria/Polimodal Incompleta;2.2500 gramos y más;9
06;1;1;7.40 a 44;4.28 a 31;1.Hasta Primaria/C.EGB Completa;1.Menos de 2500 gramos;8
62;1;2;5.30 a 34;5.32 a 36;3.Secundario/Polimodal Completa y más;2.2500 gramos y más;25
99;1;1;2.15 a 19;6.37 a 41;1.Hasta Primaria/C.EGB Completa;2.2500 gramos y más;1
18;1;2;1.Menor de 15;7.42 y más;2.Secundaria/Polimodal Incompleta;1.Menos de 2500 gramos;1
90;1;2;7.40 a 44;5.32 a 36;2.Secundaria/Polimodal Incompleta;1.Menos de 2500 gramos;5
10;1;1;2.15 a 19;4.28 a 31;3.Secundario/Polimodal Completa y más;1.Menos de 2500 gramos;1
02;2;1;2.15 a 19;4.28 a 31;1.Hasta Primaria/C.EGB Completa;1.Menos de 2500 gramos;2
99;9;1;6.35 a 39;6.37 a 41;4.Sin especificar;2.2500 gramos y más;4
18;1;1;3.20 a 24;7.42 y más;4.Sin especificar;2.2500 gramos y más;5
78;1;1;5.30 a 34;6.37 a 41;2.Secundaria/Polimodal Incompleta;2.2500 gramos y más;72
30;1;2;4.25 a 29;4.28 a 31;2.Secundaria/Polimodal Incompleta;2.2500 gramos y más;1
82;1;2;7.40 a 44;6.37 a 41;2.Secundaria/Polimodal Incompleta;2.2500 gramos y más;88
86;1;1;6.35 a 39;4.28 a 31;1.Hasta Primaria/C.EGB Completa;2.2500 gramos y más;1
06;1;1;3.20 a 24;5.32 a 36;4.Sin especificar;1.Menos de 2500 gramos;56
66;1;1;2.15 a 19;3.24 a 27;2.Secundaria/Polimodal Incompleta;1.Menos de 2500 gramos;2
82;1;2;6.35 a 39;6.37 a 41;2.Secundaria/Polimodal Incompleta;2.2500 gramos y más;296
18;1;2;4.25 a 29;6.37 a 41;4.Sin especificar;1.Menos de 2500 gramos;10
06;2;9;4.25 a 29;5.32 a 36;2.Secundaria/Polimodal Incompleta;2.2500 gramos y más;1
90;1;2;1.Menor de 15;6.37 a 41;2.Secundaria/Polimodal Incompleta;2.2500 gramos y más;9
22;9;2;3.20 a 24;6.37 a 41;3.Secundario/Polimodal Completa y más;2.2500 gramos y más;2
06;1;9;5.30 a 34;6.37 a 41;4.Sin especificar;3.Sin especificar;1
18;1;1;5.30 a 34;7.42 y más;2.Secundaria/Polimodal Incompleta;2.2500 gramos y más;1
22;1;1;4.25 a 29;7.42 y más;2.Secundaria/Polimodal Incompleta;2.2500 gramos y más;2
22;1;2;3.20 a 24;4.28 a 31;3.Secundario/Polimodal Completa y más;1.Menos de 2500 gramos;5
90;1;2;7.40 a 44;2.22 a 23;1.Hasta Primaria/C.EGB Completa;1.Menos de 2500 gramos;1
90;2;1;5.30 a 34;5.32 a 36;2.Secundaria/Polimodal Incompleta;1.Menos de 2500 gramos;4
66;1;2;2.15 a 19;6.37 a 41;1.Hasta Primaria/C.EGB Completa;1.Menos de 2500 gramos;12
99;9;1;2.15 a 19;6.37 a 41;4.Sin especificar;2.2500 gramos y más;2
86;1;2;5.30 a 34;5.32 a 36;2.Secundaria/Polimodal Incompleta;2.2500 gramos y más;6
34;2;1;3.20 a 24;5.32 a 36;4.Sin especificar;1.Menos de 2500 gramos;2
02;1;1;9.Sin especificar;6.37 a 41;2.Secundaria/Polimodal Incompleta;3.Sin especificar;1
46;1;1;1.Menor de 15;6.37 a 41;2.Secundaria/Polimodal Incompleta;2.2500 gramos y más;3
30;1;1;6.35 a 39;6.37 a 41;2.Secundaria/Polimodal Incompleta;2.2500 gramos y más;149
82;2;2;8.De 45 y más;6.37 a 41;3.Secundario/Polimodal Completa y más;1.Menos de 2500 gramos;2
66;1;2;2.15 a 19;6.37 a 41;1.Hasta Primaria/C.EGB Completa;2.2500 gramos y más;284
82;1;1;6.35 a 39;5.32 a 36;1.Hasta Primaria/C.EGB Completa;1.Menos de 2500 gramos;20
74;1;2;4.25 a 29;8.Sin especificar;3.Secundario/Polimodal Completa y más;2.2500 gramos y más;1
82;1;1;4.25 a 29;3.24 a 27;3.Secundario/Polimodal Completa y más;1.Menos de 2500 gramos;8
50;1;2;2.15 a 19;3.24 a 27;3.Secundario/Polimodal Completa y más;1.Menos de 2500 gramos;2
38;1;1;6.35 a 39;6.37 a 41;3.Secundario/Polimodal Completa y más;2.2500 gramos y más;393
18;1;1;2.15 a 19;6.37 a 41;3.Secundario/Polimodal Completa y más;1.Menos de 2500 gramos;4
06;1;9;3.20 a 24;7.42 y más;3.Secundario/Polimodal Completa y más;2.2500 gramos y más;1
94;1;1;2.15 a 19;5.32 a 36;3.Secundario/Polimodal Completa y más;1.Menos de 2500 gramos;1
74;1;2;3.20 a 24;6.37 a 41;1.Hasta Primaria/C.EGB Completa;2.2500 gramos y más;70
66;1;2;4.25 a 29;6.37 a 41;1.Hasta Primaria/C.EGB Completa;3.Sin especificar;1
18;1;1;3.20 a 24;5.32 a 36;4.Sin especificar;2.2500 gramos y más;25
90;1;2;7.40 a 44;5.32 a 36;2.Secundaria/Polimodal Incompleta;2.2500 gramos y más;7
10;1;1;6.35 a 39;7.42 y más;1.Hasta Primaria/C.EGB Completa;2.2500 gramos y más;1
50;1;2;6.35 a 39;5.32 a 36;1.Hasta Primaria/C.EGB Completa;1.Menos de 2500 gramos;6
94;1;1;3.20 a 24;5.32 a 36;3.Secundario/Polimodal Completa y más;1.Menos de 2500 gramos;6
46;1;1;3.20 a 24;5.32 a 36;3.Secundario/Polimodal Completa y más;1.Menos de 2500 gramos;12
66;1;1;2.15 a 19;6.37 a 41;2.Secundaria/Polimodal Incompleta;1.Menos de 2500 gramos;10
22;2;1;4.25 a 29;5.32 a 36;1.Hasta Primaria/C.EGB Completa;1.Menos de 2500 gramos;1
34;1;1;7.40 a 44;5.32 a 36;1.Hasta Primaria/C.EGB Completa;2.2500 gramos y más;2
30;1;2;4.25 a 29;7.42 y más;1.Hasta Primaria/C.EGB Completa;2.2500 gramos y más;1
74;1;2;2.15 a 19;5.32 a 36;2.Secundaria/Polimodal Incompleta;2.2500 gramos y más;6
90;1;1;3.20 a 24;2.22 a 23;3.Secundario/Polimodal Completa y más;1.Menos de 2500 gramos;1
06;9;2;4.25 a 29;6.37 a 41;4.Sin especificar;1.Menos de 2500 gramos;1
99;1;9;5.30 a 34;6.37 a 41;4.Sin especificar;3.Sin especificar;1
78;1;2;3.20 a 24;5.32 a 36;2.Secundaria/Polimodal Incompleta;2.2500 gramos y más;1
26;1;2;3.20 a 24;4.28 a 31;2.Secundaria/Polimodal Incompleta;1.Menos de 2500 gramos;3
02;2;2;4.25 a 29;3.24 a 27;1.Hasta Primaria/C.EGB Completa;1.Menos de 2500 gramos;1
06;1;1;9.Sin especificar;3.24 a 27;4.Sin especificar;1.Menos de 2500 gramos;3
22;1;1;5.30 a 34;5.32 a 36;3.Secundario/Polimodal Completa y más;3.Sin especificar;1
30;1;2;2.15 a 19;3.24 a 27;3.Secundario/Polimodal Completa y más;1.Menos de 2500 gramos;1
90;2;2;4.25 a 29;5.32 a 36;4.Sin especificar;1.Menos de 2500 gramos;1
50;1;1;6.35 a 39;5.32 a 36;3.Secundario/Polimodal Completa y más;1.Menos de 2500 gramos;38
50;2;1;6.35 a 39;5.32 a 36;3.Secundario/Polimodal Completa y más;2.2500 gramos y más;3
06;1;2;3.20 a 24;6.37 a 41;2.Secundaria/Polimodal Incompleta;1.Menos de 2500 gramos;147
06;1;1;7.40 a 44;8.Sin especificar;4.Sin especificar;2.2500 gramos y más;1
22;1;1;3.20 a 24;4.28 a 31;2.Secundaria/Polimodal Incompleta;1.Menos de 2500 gramos;2
62;1;1;3.20 a 24;6.37 a 41;3.Secundario/Polimodal Completa y más;1.Menos de 2500 gramos;5
10;2;1;4.25 a 29;6.37 a 41;1.Hasta Primaria/C.EGB Completa;2.2500 gramos y más;1
74;1;1;6.35 a 39;5.32 a 36;3.Secundario/Polimodal Completa y más;2.2500 gramos y más;16
06;2;2;4.25 a 29;3.24 a 27;4.Sin especificar;1.Menos de 2500 gramos;1
90;1;2;7.40 a 44;3.24 a 27;3.Secundario/Polimodal Completa y más;1.Menos de 2500 gramos;2
06;1;1;7.40 a 44;6.37 a 41;4.Sin especificar;2.2500 gramos y más;342
90;1;2;2.15 a 19;7.42 y más;2.Secundaria/Polimodal Incompleta;1.Menos de 2500 gramos;1
74;2;1;3.20 a 24;5.32 a 36;3.Secundario/Polimodal Completa y más;2.2500 gramos y más;1
66;1;2;3.20 a 24;6.37 a 41;2.Secundaria/Polimodal Incompleta;1.Menos de 2500 gramos;14
06;1;1;5.30 a 34;5.32 a 36;2.Secundaria/Polimodal Incompleta;3.Sin especificar;5
54;1;2;4.25 a 29;7.42 y más;1.Hasta Primaria/C.EGB Completa;2.2500 gramos y más;7
90;2;2;3.20 a 24;5.32 a 36;3.Secundario/Polimodal Completa y más;2.2500 gramos y más;1
90;2;1;7.40 a 44;5.32 a 36;3.Secundario/Polimodal Completa y más;1.Menos de 2500 gramos;5
06;1;2;2.15 a 19;6.37 a 41;1.Hasta Primaria/C.EGB Completa;1.Menos de 2500 gramos;32
26;1;1;4.25 a 29;6.37 a 41;4.Sin especificar;2.2500 gramos y más;111
94;1;2;4.25 a 29;5.32 a 36;3.Secundario/Polimodal Completa y más;1.Menos de 2500 gramos;5
02;1;1;4.25 a 29;5.32 a 36;2.Secundaria/Polimodal Incompleta;1.Menos de 2500 gramos;11
06;1;1;6.35 a 39;7.42 y más;4.Sin especificar;3.Sin especificar;1
98;1;1;3.20 a 24;6.37 a 41;3.Secundario/Polimodal Completa y más;2.2500 gramos y más;3
90;1;1;5.30 a 34;6.37 a 41;3.Secundario/Polimodal Completa y más;3.Sin especificar;3
38;1;2;7.40 a 44;5.32 a 36;2.Secundaria/Polimodal Incompleta;1.Menos de 2500 gramos;2
14;2;1;5.30 a 34;5.32 a 36;1.Hasta Primaria/C.EGB Completa;1.Menos de 2500 gramos;1
06;1;1;6.35 a 39;4.28 a 31;4.Sin especificar;2.2500 gramos y más;1
02;1;1;3.20 a 24;6.37 a 41;3.Secundario/Polimodal Completa y más;1.Menos de 2500 gramos;8
62;1;1;9.Sin especificar;6.37 a 41;4.Sin especificar;2.2500 gramos y más;1
46;1;2;6.35 a 39;4.28 a 31;1.Hasta Primaria/C.EGB Completa;1.Menos de 2500 gramos;1
06;1;2;7.40 a 44;4.28 a 31;4.Sin especificar;3.Sin especificar;1
22;9;1;2.15 a 19;6.37 a 41;3.Secundario/Polimodal Completa y más;3.Sin especificar;1
10;2;2;5.30 a 34;5.32 a 36;1.Hasta Primaria/C.EGB Completa;1.Menos de 2500 gramos;2
18;2;1;4.25 a 29;5.32 a 36;4.Sin especificar;1.Menos de 2500 gramos;2
58;1;2;6.35 a 39;6.37 a 41;2.Secundaria/Polimodal Incompleta;2.2500 gramos y más;61
22;1;2;7.40 a 44;5.32 a 36;3.Secundario/Polimodal Completa y más;2.2500 gramos y más;4
74;2;2;5.30 a 34;5.32 a 36;3.Secundario/Polimodal Completa y más;2.2500 gramos y más;2
82;2;2;2.15 a 19;6.37 a 41;2.Secundaria/Polimodal Incompleta;2.2500 gramos y más;1
38;1;1;5.30 a 34;6.37 a 41;2.Secundaria/Polimodal Incompleta;1.Menos de 2500 gramos;2
82;1;2;3.20 a 24;3.24 a 27;2.Secundaria/Polimodal Incompleta;1.Menos de 2500 gramos;3
02;1;1;5.30 a 34;4.28 a 31;1.Hasta Primaria/C.EGB Completa;1.Menos de 2500 gramos;5
06;1;2;6.35 a 39;6.37 a 41;3.Secundario/Polimodal Completa y más;2.2500 gramos y más;7462
18;1;1;1.Menor de 15;6.37 a 41;2.Secundaria/Polimodal Incompleta;2.2500 gramos y más;6
62;1;2;5.30 a 34;4.28 a 31;3.Secundario/Polimodal Completa y más;2.2500 gramos y más;1
06;1;2;2.15 a 19;3.24 a 27;2.Secundaria/Polimodal Incompleta;1.Menos de 2500 gramos;17
90;1;2;2.15 a 19;4.28 a 31;1.Hasta Primaria/C.EGB Completa;2.2500 gramos y más;2
22;1;2;1.Menor de 15;5.32 a 36;1.Hasta Primaria/C.EGB Completa;2.2500 gramos y más;2
18;2;1;5.30 a 34;6.37 a 41;1.Hasta Primaria/C.EGB Completa;2.2500 gramos y más;2
42;1;2;6.35 a 39;6.37 a 41;3.Secundario/Polimodal Completa y más;2.2500 gramos y más;161
86;1;1;5.30 a 34;6.37 a 41;2.Secundaria/Polimodal Incompleta;2.2500 gramos y más;149
82;1;2;4.25 a 29;2.22 a 23;2.Secundaria/Polimodal Incompleta;1.Menos de 2500 gramos;1
14;2;1;3.20 a 24;6.37 a 41;3.Secundario/Polimodal Completa y más;2.2500 gramos y más;13
82;2;2;5.30 a 34;4.28 a 31;3.Secundario/Polimodal Completa y más;1.Menos de 2500 gramos;6
06;1;9;6.35 a 39;6.37 a 41;3.Secundario/Polimodal Completa y más;1.Menos de 2500 gramos;2
34;1;2;4.25 a 29;5.32 a 36;1.Hasta Primaria/C.EGB Completa;1.Menos de 2500 gramos;1
50;1;2;5.30 a 34;5.32 a 36;1.Hasta Primaria/C.EGB Completa;2.2500 gramos y más;9
14;1;1;4.25 a 29;4.28 a 31;3.Secundario/Polimodal Completa y más;1.Menos de 2500 gramos;14
99;1;9;5.30 a 34;6.37 a 41;3.Secundario/Polimodal Completa y más;2.2500 gramos y más;1
02;2;1;7.40 a 44;5.32 a 36;2.Secundaria/Polimodal Incompleta;1.Menos de 2500 gramos;2
14;1;1;4.25 a 29;3.24 a 27;1.Hasta Primaria/C.EGB Completa;1.Menos de 2500 gramos;3
42;9;1;6.35 a 39;6.37 a 41;2.Secundaria/Polimodal Incompleta;2.2500 gramos y más;1
06;1;9;3.20 a 24;8.Sin especificar;3.Secundario/Polimodal Completa y más;2.2500 gramos y más;1
22;9;1;5.30 a 34;6.37 a 41;3.Secundario/Polimodal Completa y más;2.2500 gramos y más;2
90;1;2;5.30 a 34;8.Sin especificar;3.Secundario/Polimodal Completa y más;2.2500 gramos y más;10
58;1;2;6.35 a 39;6.37 a 41;3.Secundario/Polimodal Completa y más;3.Sin especificar;1
10;1;1;5.30 a 34;5.32 a 36;2.Secundaria/Polimodal Incompleta;1.Menos de 2500 gramos;1
50;1;1;6.35 a 39;5.32 a 36;1.Hasta Primaria/C.EGB Completa;2.2500 gramos y más;6
06;1;9;2.15 a 19;6.37 a 41;4.Sin especificar;2.2500 gramos y más;5
22;1;1;2.15 a 19;4.28 a 31;2.Secundaria/Polimodal Incompleta;2.2500 gramos y más;1
54;2;2;3.20 a 24;5.32 a 36;1.Hasta Primaria/C.EGB Completa;2.2500 gramos y más;1
06;1;1;8.De 45 y más;6.37 a 41;3.Secundario/Polimodal Completa y más;3.Sin especificar;1
82;1;1;7.40 a 44;6.37 a 41;2.Secundaria/Polimodal Incompleta;2.2500 gramos y más;75
06;2;1;5.30 a 34;6.37 a 41;2.Secundaria/Polimodal Incompleta;1.Menos de 2500 gramos;9
90;9;1;4.25 a 29;6.37 a 41;4.Sin especificar;2.2500 gramos y más;1
58;1;1;2.15 a 19;5.32 a 36;3.Secundario/Polimodal Completa y más;1.Menos de 2500 gramos;2
94;1;1;7.40 a 44;6.37 a 41;2.Secundaria/Polimodal Incompleta;2.2500 gramos y más;2
62;1;2;4.25 a 29;8.Sin especificar;2.Secundaria/Polimodal Incompleta;2.2500 gramos y más;1
62;2;2;4.25 a 29;6.37 a 41;2.Secundaria/Polimodal Incompleta;2.2500 gramos y más;1
30;2;1;5.30 a 34;5.32 a 36;3.Secundario/Polimodal Completa y más;1.Menos de 2500 gramos;13
14;1;2;4.25 a 29;7.42 y más;3.Secundario/Polimodal Completa y más;2.2500 gramos y más;5
90;1;2;4.25 a 29;4.28 a 31;2.Secundaria/Polimodal Incompleta;1.Menos de 2500 gramos;3
06;2;1;3.20 a 24;4.28 a 31;2.Secundaria/Polimodal Incompleta;1.Menos de 2500 gramos;6
06;1;1;2.15 a 19;6.37 a 41;1.Hasta Primaria/C.EGB Completa;1.Menos de 2500 gramos;32
50;1;2;6.35 a 39;6.37 a 41;1.Hasta Primaria/C.EGB Completa;1.Menos de 2500 gramos;3
34;2;2;5.30 a 34;6.37 a 41;2.Secundaria/Polimodal Incompleta;2.2500 gramos y más;2
18;1;2;7.40 a 44;7.42 y más;3.Secundario/Polimodal Completa y más;2.2500 gramos y más;2
66;2;1;6.35 a 39;6.37 a 41;2.Secundaria/Polimodal Incompleta;2.2500 gramos y más;4
18;2;2;6.35 a 39;5.32 a 36;2.Secundaria/Polimodal Incompleta;1.Menos de 2500 gramos;3
14;1;1;2.15 a 19;6.37 a 41;1.Hasta Primaria/C.EGB Completa;1.Menos de 2500 gramos;5
38;1;2;2.15 a 19;4.28 a 31;3.Secundario/Polimodal Completa y más;1.Menos de 2500 gramos;1
06;2;1;5.30 a 34;5.32 a 36;4.Sin especificar;3.Sin especificar;1
22;1;1;7.40 a 44;6.37 a 41;3.Secundario/Polimodal Completa y más;2.2500 gramos y más;119
78;1;1;7.40 a 44;6.37 a 41;3.Secundario/Polimodal Completa y más;2.2500 gramos y más;41
22;1;2;6.35 a 39;7.42 y más;3.Secundario/Polimodal Completa y más;2.2500 gramos y más;1
22;1;2;4.25 a 29;5.32 a 36;3.Secundario/Polimodal Completa y más;2.2500 gramos y más;48
06;1;1;4.25 a 29;6.37 a 41;1.Hasta Primaria/C.EGB Completa;3.Sin especificar;22
38;1;2;3.20 a 24;5.32 a 36;3.Secundario/Polimodal Completa y más;1.Menos de 2500 gramos;15
10;1;2;4.25 a 29;6.37 a 41;1.Hasta Primaria/C.EGB Completa;1.Menos de 2500 gramos;1
38;1;1;7.40 a 44;5.32 a 36;3.Secundario/Polimodal Completa y más;2.2500 gramos y más;5
26;1;1;6.35 a 39;6.37 a 41;2.Secundaria/Polimodal Incompleta;2.2500 gramos y más;56
86;2;1;2.15 a 19;5.32 a 36;1.Hasta Primaria/C.EGB Completa;2.2500 gramos y más;2
02;1;2;7.40 a 44;6.37 a 41;3.Secundario/Polimodal Completa y más;1.Menos de 2500 gramos;22
26;2;2;3.20 a 24;6.37 a 41;3.Secundario/Polimodal Completa y más;1.Menos de 2500 gramos;1
18;1;1;7.40 a 44;5.32 a 36;1.Hasta Primaria/C.EGB Completa;2.2500 gramos y más;2
54;2;2;3.20 a 24;4.28 a 31;2.Secundaria/Polimodal Incompleta;1.Menos de 2500 gramos;1
06;2;1;4.25 a 29;6.37 a 41;3.Secundario/Polimodal Completa y más;1.Menos de 2500 gramos;10
90;1;1;4.25 a 29;6.37 a 41;1.Hasta Primaria/C.EGB Completa;2.2500 gramos y más;410
58;1;2;4.25 a 29;3.24 a 27;3.Secundario/Polimodal Completa y más;1.Menos de 2500 gramos;1
06;1;2;3.20 a 24;4.28 a 31;2.Secundaria/Polimodal Incompleta;2.2500 gramos y más;1
54;1;2;5.30 a 34;3.24 a 27;3.Secundario/Polimodal Completa y más;1.Menos de 2500 gramos;2
18;1;2;2.15 a 19;5.32 a 36;4.Sin especificar;1.Menos de 2500 gramos;12
66;1;1;2.15 a 19;6.37 a 41;4.Sin especificar;1.Menos de 2500 gramos;1
62;2;2;7.40 a 44;5.32 a 36;3.Secundario/Polimodal Completa y más;1.Menos de 2500 gramos;2
02;1;1;6.35 a 39;8.Sin especificar;3.Secundario/Polimodal Completa y más;2.2500 gramos y más;1
38;1;2;4.25 a 29;5.32 a 36;2.Secundaria/Polimodal Incompleta;2.2500 gramos y más;8
82;1;2;6.35 a 39;2.22 a 23;3.Secundario/Polimodal Completa y más;1.Menos de 2500 gramos;1
58;1;1;3.20 a 24;5.32 a 36;3.Secundario/Polimodal Completa y más;2.2500 gramos y más;13
14;1;2;5.30 a 34;5.32 a 36;3.Secundario/Polimodal Completa y más;1.Menos de 2500 gramos;100
46;1;1;6.35 a 39;6.37 a 41;2.Secundaria/Polimodal Incompleta;2.2500 gramos y más;20
26;1;1;7.40 a 44;5.32 a 36;3.Secundario/Polimodal Completa y más;1.Menos de 2500 gramos;3
70;1;2;5.30 a 34;4.28 a 31;2.Secundaria/Polimodal Incompleta;1.Menos de 2500 gramos;1
58;1;1;3.20 a 24;5.32 a 36;3.Secundario/Polimodal Completa y más;1.Menos de 2500 gramos;6
06;2;2;3.20 a 24;6.37 a 41;2.Secundaria/Polimodal Incompleta;1.Menos de 2500 gramos;10
10;2;2;5.30 a 34;5.32 a 36;3.Secundario/Polimodal Completa y más;1.Menos de 2500 gramos;3
86;1;2;5.30 a 34;6.37 a 41;2.Secundaria/Polimodal Incompleta;2.2500 gramos y más;127
62;1;2;5.30 a 34;5.32 a 36;4.Sin especificar;1.Menos de 2500 gramos;2
06;1;9;3.20 a 24;5.32 a 36;2.Secundaria/Polimodal Incompleta;1.Menos de 2500 gramos;2
06;1;1;7.40 a 44;6.37 a 41;4.Sin especificar;3.Sin especificar;7
78;2;1;6.35 a 39;5.32 a 36;3.Secundario/Polimodal Completa y más;1.Menos de 2500 gramos;2
22;1;2;4.25 a 29;8.Sin especificar;1.Hasta Primaria/C.EGB Completa;2.2500 gramos y más;2
06;9;1;2.15 a 19;8.Sin especificar;4.Sin especificar;3.Sin especificar;25
30;2;1;4.25 a 29;5.32 a 36;1.Hasta Primaria/C.EGB Completa;1.Menos de 2500 gramos;5
34;1;2;3.20 a 24;3.24 a 27;3.Secundario/Polimodal Completa y más;1.Menos de 2500 gramos;1
30;2;1;6.35 a 39;5.32 a 36;1.Hasta Primaria/C.EGB Completa;1.Menos de 2500 gramos;2
58;2;2;5.30 a 34;5.32 a 36;1.Hasta Primaria/C.EGB Completa;1.Menos de 2500 gramos;1
42;1;1;8.De 45 y más;6.37 a 41;3.Secundario/Polimodal Completa y más;2.2500 gramos y más;4
74;2;1;4.25 a 29;6.37 a 41;1.Hasta Primaria/C.EGB Completa;2.2500 gramos y más;2
14;1;2;2.15 a 19;5.32 a 36;2.Secundaria/Polimodal Incompleta;2.2500 gramos y más;30
34;1;1;4.25 a 29;5.32 a 36;1.Hasta Primaria/C.EGB Completa;2.2500 gramos y más;10
26;1;1;5.30 a 34;6.37 a 41;3.Secundario/Polimodal Completa y más;1.Menos de 2500 gramos;3
99;9;2;9.Sin especificar;6.37 a 41;4.Sin especificar;2.2500 gramos y más;2
90;1;2;4.25 a 29;6.37 a 41;1.Hasta Primaria/C.EGB Completa;1.Menos de 2500 gramos;20
26;1;1;3.20 a 24;4.28 a 31;3.Secundario/Polimodal Completa y más;1.Menos de 2500 gramos;1
62;1;2;3.20 a 24;4.28 a 31;4.Sin especificar;1.Menos de 2500 gramos;5
34;1;1;4.25 a 29;4.28 a 31;2.Secundaria/Polimodal Incompleta;1.Menos de 2500 gramos;1
99;1;2;9.Sin especificar;6.37 a 41;2.Secundaria/Polimodal Incompleta;3.Sin especificar;1
78;1;1;6.35 a 39;5.32 a 36;3.Secundario/Polimodal Completa y más;1.Menos de 2500 gramos;6
06;1;2;5.30 a 34;6.37 a 41;1.Hasta Primaria/C.EGB Completa;1.Menos de 2500 gramos;73
06;1;1;4.25 a 29;6.37 a 41;2.Secundaria/Polimodal Incompleta;1.Menos de 2500 gramos;82
82;1;2;4.25 a 29;3.24 a 27;2.Secundaria/Polimodal Incompleta;1.Menos de 2500 gramos;2
02;1;1;6.35 a 39;6.37 a 41;3.Secundario/Polimodal Completa y más;1.Menos de 2500 gramos;35
90;1;1;7.40 a 44;5.32 a 36;3.Secundario/Polimodal Completa y más;2.2500 gramos y más;24
06;2;2;3.20 a 24;6.37 a 41;4.Sin especificar;2.2500 gramos y más;6
74;1;1;3.20 a 24;5.32 a 36;1.Hasta Primaria/C.EGB Completa;2.2500 gramos y más;6
38;1;1;3.20 a 24;6.37 a 41;1.Hasta Primaria/C.EGB Completa;1.Menos de 2500 gramos;3
50;1;2;8.De 45 y más;5.32 a 36;3.Secundario/Polimodal Completa y más;2.2500 gramos y más;2
82;1;1;4.25 a 29;2.22 a 23;3.Secundario/Polimodal Completa y más;1.Menos de 2500 gramos;1
30;1;2;6.35 a 39;3.24 a 27;1.Hasta Primaria/C.EGB Completa;1.Menos de 2500 gramos;1
30;1;1;6.35 a 39;8.Sin especificar;3.Secundario/Polimodal Completa y más;2.2500 gramos y más;8
90;1;1;7.40 a 44;7.42 y más;3.Secundario/Polimodal Completa y más;2.2500 gramos y más;6
58;1;2;3.20 a 24;4.28 a 31;2.Secundaria/Polimodal Incompleta;2.2500 gramos y más;1
54;2;1;2.15 a 19;3.24 a 27;2.Secundaria/Polimodal Incompleta;1.Menos de 2500 gramos;2
06;1;2;9.Sin especificar;8.Sin especificar;2.Secundaria/Polimodal Incompleta;3.Sin especificar;14
62;1;1;4.25 a 29;3.24 a 27;3.Secundario/Polimodal Completa y más;1.Menos de 2500 gramos;1
30;2;2;3.20 a 24;6.37 a 41;3.Secundario/Polimodal Completa y más;1.Menos de 2500 gramos;1
30;1;1;5.30 a 34;6.37 a 41;4.Sin especificar;2.2500 gramos y más;17
86;1;1;5.30 a 34;5.32 a 36;3.Secundario/Polimodal Completa y más;1.Menos de 2500 gramos;25
99;9;2;7.40 a 44;4.28 a 31;4.Sin especificar;1.Menos de 2500 gramos;1
06;1;2;3.20 a 24;5.32 a 36;3.Secundario/Polimodal Completa y más;2.2500 gramos y más;242
86;1;1;3.20 a 24;8.Sin especificar;1.Hasta Primaria/C.EGB Completa;1.Menos de 2500 gramos;1
58;1;2;2.15 a 19;6.37 a 41;2.Secundaria/Polimodal Incompleta;2.2500 gramos y más;179
54;1;1;4.25 a 29;5.32 a 36;1.Hasta Primaria/C.EGB Completa;1.Menos de 2500 gramos;11
14;1;1;7.40 a 44;5.32 a 36;3.Secundario/Polimodal Completa y más;2.2500 gramos y más;27
22;2;2;5.30 a 34;4.28 a 31;1.Hasta Primaria/C.EGB Completa;1.Menos de 2500 gramos;1
02;9;1;4.25 a 29;5.32 a 36;4.Sin especificar;1.Menos de 2500 gramos;2
66;1;1;1.Menor de 15;5.32 a 36;1.Hasta Primaria/C.EGB Completa;3.Sin especificar;1
78;2;2;4.25 a 29;5.32 a 36;1.Hasta Primaria/C.EGB Completa;1.Menos de 2500 gramos;1
14;2;2;5.30 a 34;4.28 a 31;1.Hasta Primaria/C.EGB Completa;1.Menos de 2500 gramos;1
86;1;1;5.30 a 34;5.32 a 36;3.Secundario/Polimodal Completa y más;2.2500 gramos y más;39
46;1;2;5.30 a 34;6.37 a 41;2.Secundaria/Polimodal Incompleta;1.Menos de 2500 gramos;2
02;2;2;6.35 a 39;5.32 a 36;2.Secundaria/Polimodal Incompleta;1.Menos de 2500 gramos;3
38;1;1;5.30 a 34;4.28 a 31;2.Secundaria/Polimodal Incompleta;1.Menos de 2500 gramos;1
82;1;1;6.35 a 39;3.24 a 27;3.Secundario/Polimodal Completa y más;1.Menos de 2500 gramos;8
58;1;2;2.15 a 19;6.37 a 41;2.Secundaria/Polimodal Incompleta;1.Menos de 2500 gramos;3
90;2;1;3.20 a 24;5.32 a 36;3.Secundario/Polimodal Completa y más;2.2500 gramos y más;4
94;2;2;6.35 a 39;5.32 a 36;3.Secundario/Polimodal Completa y más;1.Menos de 2500 gramos;1
10;1;2;2.15 a 19;6.37 a 41;3.Secundario/Polimodal Completa y más;1.Menos de 2500 gramos;4
74;2;1;5.30 a 34;6.37 a 41;3.Secundario/Polimodal Completa y más;1.Menos de 2500 gramos;2
02;1;2;6.35 a 39;6.37 a 41;2.Secundaria/Polimodal Incompleta;1.Menos de 2500 gramos;4
18;1;1;7.40 a 44;4.28 a 31;4.Sin especificar;1.Menos de 2500 gramos;1
34;1;2;6.35 a 39;3.24 a 27;2.Secundaria/Polimodal Incompleta;1.Menos de 2500 gramos;1
30;1;2;6.35 a 39;5.32 a 36;2.Secundaria/Polimodal Incompleta;1.Menos de 2500 gramos;2
66;2;2;6.35 a 39;5.32 a 36;1.Hasta Primaria/C.EGB Completa;1.Menos de 2500 gramos;4
54;1;2;3.20 a 24;3.24 a 27;2.Secundaria/Polimodal Incompleta;1.Menos de 2500 gramos;4
62;1;1;6.35 a 39;5.32 a 36;1.Hasta Primaria/C.EGB Completa;2.2500 gramos y más;3
06;1;2;2.15 a 19;6.37 a 41;4.Sin especificar;1.Menos de 2500 gramos;24
02;1;1;8.De 45 y más;5.32 a 36;2.Secundaria/Polimodal Incompleta;1.Menos de 2500 gramos;2
74;1;2;6.35 a 39;4.28 a 31;2.Secundaria/Polimodal Incompleta;1.Menos de 2500 gramos;1
58;2;1;4.25 a 29;5.32 a 36;2.Secundaria/Polimodal Incompleta;2.2500 gramos y más;1
10;1;2;4.25 a 29;6.37 a 41;3.Secundario/Polimodal Completa y más;2.2500 gramos y más;435
06;1;1;4.25 a 29;7.42 y más;2.Secundaria/Polimodal Incompleta;2.2500 gramos y más;23
38;2;2;4.25 a 29;4.28 a 31;3.Secundario/Polimodal Completa y más;1.Menos de 2500 gramos;4
90;2;1;3.20 a 24;5.32 a 36;1.Hasta Primaria/C.EGB Completa;1.Menos de 2500 gramos;2
54;2;1;3.20 a 24;6.37 a 41;1.Hasta Primaria/C.EGB Completa;2.2500 gramos y más;7
06;1;2;2.15 a 19;4.28 a 31;4.Sin especificar;1.Menos de 2500 gramos;3
02;1;1;2.15 a 19;6.37 a 41;4.Sin especificar;1.Menos de 2500 gramos;2
26;2;2;5.30 a 34;5.32 a 36;3.Secundario/Polimodal Completa y más;1.Menos de 2500 gramos;9
14;1;1;3.20 a 24;3.24 a 27;3.Secundario/Polimodal Completa y más;1.Menos de 2500 gramos;5
06;1;1;2.15 a 19;6.37 a 41;4.Sin especificar;3.Sin especificar;27
54;1;2;3.20 a 24;6.37 a 41;1.Hasta Primaria/C.EGB Completa;2.2500 gramos y más;702
02;1;2;7.40 a 44;6.37 a 41;4.Sin especificar;2.2500 gramos y más;65
42;2;1;6.35 a 39;5.32 a 36;3.Secundario/Polimodal Completa y más;1.Menos de 2500 gramos;1
86;2;2;2.15 a 19;6.37 a 41;3.Secundario/Polimodal Completa y más;2.2500 gramos y más;2
30;1;1;3.20 a 24;3.24 a 27;1.Hasta Primaria/C.EGB Completa;1.Menos de 2500 gramos;2
66;1;2;2.15 a 19;6.37 a 41;2.Secundaria/Polimodal Incompleta;2.2500 gramos y más;552
90;2;2;7.40 a 44;7.42 y más;3.Secundario/Polimodal Completa y más;2.2500 gramos y más;2
54;1;1;4.25 a 29;8.Sin especificar;1.Hasta Primaria/C.EGB Completa;1.Menos de 2500 gramos;1
06;1;9;3.20 a 24;6.37 a 41;2.Secundaria/Polimodal Incompleta;2.2500 gramos y más;34
30;1;1;6.35 a 39;3.24 a 27;2.Secundaria/Polimodal Incompleta;1.Menos de 2500 gramos;2
74;1;1;3.20 a 24;5.32 a 36;3.Secundario/Polimodal Completa y más;1.Menos de 2500 gramos;8
62;1;2;7.40 a 44;6.37 a 41;4.Sin especificar;2.2500 gramos y más;8
78;1;2;2.15 a 19;4.28 a 31;2.Secundaria/Polimodal Incompleta;1.Menos de 2500 gramos;2
22;1;2;6.35 a 39;6.37 a 41;2.Secundaria/Polimodal Incompleta;1.Menos de 2500 gramos;7
70;2;2;3.20 a 24;6.37 a 41;2.Secundaria/Polimodal Incompleta;1.Menos de 2500 gramos;2
90;1;1;6.35 a 39;7.42 y más;1.Hasta Primaria/C.EGB Completa;2.2500 gramos y más;11
50;1;1;3.20 a 24;4.28 a 31;1.Hasta Primaria/C.EGB Completa;1.Menos de 2500 gramos;1
54;1;1;3.20 a 24;3.24 a 27;2.Secundaria/Polimodal Incompleta;1.Menos de 2500 gramos;5
82;1;2;3.20 a 24;8.Sin especificar;4.Sin especificar;2.2500 gramos y más;1
02;1;1;3.20 a 24;6.37 a 41;4.Sin especificar;2.2500 gramos y más;51
10;1;1;7.40 a 44;5.32 a 36;2.Secundaria/Polimodal Incompleta;2.2500 gramos y más;1
10;1;2;4.25 a 29;5.32 a 36;1.Hasta Primaria/C.EGB Completa;1.Menos de 2500 gramos;2
02;2;1;5.30 a 34;5.32 a 36;2.Secundaria/Polimodal Incompleta;1.Menos de 2500 gramos;2
66;1;1;2.15 a 19;4.28 a 31;3.Secundario/Polimodal Completa y más;2.2500 gramos y más;1
99;1;2;9.Sin especificar;6.37 a 41;2.Secundaria/Polimodal Incompleta;2.2500 gramos y más;2
38;2;2;4.25 a 29;5.32 a 36;2.Secundaria/Polimodal Incompleta;2.2500 gramos y más;1
14;1;2;4.25 a 29;5.32 a 36;3.Secundario/Polimodal Completa y más;2.2500 gramos y más;95
58;1;2;2.15 a 19;5.32 a 36;1.Hasta Primaria/C.EGB Completa;2.2500 gramos y más;1
90;1;1;5.30 a 34;2.22 a 23;3.Secundario/Polimodal Completa y más;1.Menos de 2500 gramos;1
90;1;1;5.30 a 34;5.32 a 36;2.Secundaria/Polimodal Incompleta;1.Menos de 2500 gramos;8
82;1;1;4.25 a 29;5.32 a 36;2.Secundaria/Polimodal Incompleta;1.Menos de 2500 gramos;38
30;1;2;6.35 a 39;6.37 a 41;1.Hasta Primaria/C.EGB Completa;2.2500 gramos y más;151
90;1;1;6.35 a 39;8.Sin especificar;1.Hasta Primaria/C.EGB Completa;2.2500 gramos y más;4
86;1;2;7.40 a 44;6.37 a 41;3.Secundario/Polimodal Completa y más;2.2500 gramos y más;81
06;9;2;4.25 a 29;6.37 a 41;4.Sin especificar;2.2500 gramos y más;49
06;1;1;9.Sin especificar;8.Sin especificar;3.Secundario/Polimodal Completa y más;2.2500 gramos y más;7
46;2;2;6.35 a 39;5.32 a 36;2.Secundaria/Polimodal Incompleta;1.Menos de 2500 gramos;2
02;2;2;3.20 a 24;6.37 a 41;2.Secundaria/Polimodal Incompleta;1.Menos de 2500 gramos;3
14;2;1;3.20 a 24;4.28 a 31;1.Hasta Primaria/C.EGB Completa;1.Menos de 2500 gramos;1
46;1;1;3.20 a 24;8.Sin especificar;1.Hasta Primaria/C.EGB Completa;2.2500 gramos y más;1
22;1;2;4.25 a 29;4.28 a 31;3.Secundario/Polimodal Completa y más;2.2500 gramos y más;1
94;2;1;5.30 a 34;5.32 a 36;3.Secundario/Polimodal Completa y más;2.2500 gramos y más;4
86;2;1;3.20 a 24;6.37 a 41;1.Hasta Primaria/C.EGB Completa;2.2500 gramos y más;2
66;1;2;2.15 a 19;7.42 y más;1.Hasta Primaria/C.EGB Completa;1.Menos de 2500 gramos;1
30;1;1;5.30 a 34;4.28 a 31;1.Hasta Primaria/C.EGB Completa;2.2500 gramos y más;1
66;1;2;3.20 a 24;7.42 y más;3.Secundario/Polimodal Completa y más;2.2500 gramos y más;5
06;2;9;6.35 a 39;4.28 a 31;3.Secundario/Polimodal Completa y más;1.Menos de 2500 gramos;1
90;2;2;5.30 a 34;6.37 a 41;2.Secundaria/Polimodal Incompleta;1.Menos de 2500 gramos;1
78;1;2;5.30 a 34;6.37 a 41;1.Hasta Primaria/C.EGB Completa;2.2500 gramos y más;49
38;1;2;3.20 a 24;6.37 a 41;2.Secundaria/Polimodal Incompleta;2.2500 gramos y más;232
58;1;1;2.15 a 19;5.32 a 36;2.Secundaria/Polimodal Incompleta;2.2500 gramos y más;5
06;1;2;2.15 a 19;6.37 a 41;3.Secundario/Polimodal Completa y más;3.Sin especificar;11
66;1;2;6.35 a 39;5.32 a 36;3.Secundario/Polimodal Completa y más;1.Menos de 2500 gramos;41
78;1;1;7.40 a 44;5.32 a 36;2.Secundaria/Polimodal Incompleta;1.Menos de 2500 gramos;2
50;1;1;6.35 a 39;6.37 a 41;2.Secundaria/Polimodal Incompleta;1.Menos de 2500 gramos;8
06;2;9;5.30 a 34;5.32 a 36;3.Secundario/Polimodal Completa y más;1.Menos de 2500 gramos;1
38;2;1;4.25 a 29;5.32 a 36;2.Secundaria/Polimodal Incompleta;2.2500 gramos y más;2
54;1;2;2.15 a 19;7.42 y más;1.Hasta Primaria/C.EGB Completa;2.2500 gramos y más;1
02;2;1;5.30 a 34;3.24 a 27;3.Secundario/Polimodal Completa y más;1.Menos de 2500 gramos;2
02;1;2;6.35 a 39;7.42 y más;4.Sin especificar;2.2500 gramos y más;2
90;2;1;4.25 a 29;5.32 a 36;1.Hasta Primaria/C.EGB Completa;2.2500 gramos y más;4
06;2;2;9.Sin especificar;3.24 a 27;3.Secundario/Polimodal Completa y más;1.Menos de 2500 gramos;1
22;1;2;9.Sin especificar;6.37 a 41;4.Sin especificar;3.Sin especificar;1
22;2;1;6.35 a 39;6.37 a 41;2.Secundaria/Polimodal Incompleta;2.2500 gramos y más;3
86;2;2;5.30 a 34;6.37 a 41;1.Hasta Primaria/C.EGB Completa;1.Menos de 2500 gramos;1
06;1;9;3.20 a 24;5.32 a 36;2.Secundaria/Polimodal Incompleta;2.2500 gramos y más;2
82;1;2;2.15 a 19;3.24 a 27;1.Hasta Primaria/C.EGB Completa;1.Menos de 2500 gramos;2
86;1;2;6.35 a 39;5.32 a 36;1.Hasta Primaria/C.EGB Completa;1.Menos de 2500 gramos;8
99;9;1;5.30 a 34;8.Sin especificar;4.Sin especificar;3.Sin especificar;15
66;1;1;2.15 a 19;6.37 a 41;4.Sin especificar;2.2500 gramos y más;17
78;1;2;5.30 a 34;5.32 a 36;3.Secundario/Polimodal Completa y más;2.2500 gramos y más;10
14;2;2;6.35 a 39;5.32 a 36;2.Secundaria/Polimodal Incompleta;2.2500 gramos y más;1
62;2;2;5.30 a 34;5.32 a 36;3.Secundario/Polimodal Completa y más;1.Menos de 2500 gramos;2
06;1;9;5.30 a 34;7.42 y más;3.Secundario/Polimodal Completa y más;2.2500 gramos y más;1
86;2;2;5.30 a 34;6.37 a 41;1.Hasta Primaria/C.EGB Completa;2.2500 gramos y más;1
42;1;2;3.20 a 24;6.37 a 41;3.Secundario/Polimodal Completa y más;1.Menos de 2500 gramos;10
66;1;1;5.30 a 34;4.28 a 31;2.Secundaria/Polimodal Incompleta;1.Menos de 2500 gramos;1
06;1;1;3.20 a 24;5.32 a 36;2.Secundaria/Polimodal Incompleta;2.2500 gramos y más;177
86;1;1;3.20 a 24;6.37 a 41;4.Sin especificar;1.Menos de 2500 gramos;1
30;2;2;4.25 a 29;6.37 a 41;4.Sin especificar;2.2500 gramos y más;1
99;1;2;5.30 a 34;6.37 a 41;1.Hasta Primaria/C.EGB Completa;2.2500 gramos y más;4
78;1;1;3.20 a 24;5.32 a 36;2.Secundaria/Polimodal Incompleta;2.2500 gramos y más;4
38;1;2;7.40 a 44;5.32 a 36;2.Secundaria/Polimodal Incompleta;2.2500 gramos y más;2
50;2;2;3.20 a 24;5.32 a 36;2.Secundaria/Polimodal Incompleta;2.2500 gramos y más;1
38;1;2;2.15 a 19;5.32 a 36;2.Secundaria/Polimodal Incompleta;2.2500 gramos y más;5
30;1;1;2.15 a 19;8.Sin especificar;2.Secundaria/Polimodal Incompleta;2.2500 gramos y más;6
30;1;2;5.30 a 34;6.37 a 41;1.Hasta Primaria/C.EGB Completa;2.2500 gramos y más;252
18;1;2;2.15 a 19;7.42 y más;4.Sin especificar;2.2500 gramos y más;2
86;1;1;2.15 a 19;5.32 a 36;2.Secundaria/Polimodal Incompleta;1.Menos de 2500 gramos;8
18;1;2;2.15 a 19;6.37 a 41;3.Secundario/Polimodal Completa y más;2.2500 gramos y más;110
70;1;2;4.25 a 29;5.32 a 36;2.Secundaria/Polimodal Incompleta;1.Menos de 2500 gramos;9
06;1;1;2.15 a 19;7.42 y más;4.Sin especificar;2.2500 gramos y más;8
30;2;1;6.35 a 39;5.32 a 36;3.Secundario/Polimodal Completa y más;2.2500 gramos y más;1
86;2;2;3.20 a 24;4.28 a 31;1.Hasta Primaria/C.EGB Completa;1.Menos de 2500 gramos;1
78;2;1;3.20 a 24;5.32 a 36;1.Hasta Primaria/C.EGB Completa;2.2500 gramos y más;2
74;1;1;3.20 a 24;6.37 a 41;1.Hasta Primaria/C.EGB Completa;2.2500 gramos y más;45
06;1;2;9.Sin especificar;6.37 a 41;1.Hasta Primaria/C.EGB Completa;3.Sin especificar;3
74;1;1;3.20 a 24;8.Sin especificar;3.Secundario/Polimodal Completa y más;3.Sin especificar;2
90;1;2;1.Menor de 15;7.42 y más;1.Hasta Primaria/C.EGB Completa;2.2500 gramos y más;1
26;1;2;8.De 45 y más;6.37 a 41;3.Secundario/Polimodal Completa y más;2.2500 gramos y más;2
74;2;2;6.35 a 39;5.32 a 36;3.Secundario/Polimodal Completa y más;2.2500 gramos y más;3
50;1;1;3.20 a 24;6.37 a 41;3.Secundario/Polimodal Completa y más;1.Menos de 2500 gramos;12
38;1;1;5.30 a 34;6.37 a 41;2.Secundaria/Polimodal Incompleta;2.2500 gramos y más;93
06;1;1;3.20 a 24;3.24 a 27;1.Hasta Primaria/C.EGB Completa;1.Menos de 2500 gramos;6
82;2;1;3.20 a 24;6.37 a 41;4.Sin especificar;2.2500 gramos y más;1
30;1;1;3.20 a 24;5.32 a 36;2.Secundaria/Polimodal Incompleta;2.2500 gramos y más;15
58;2;1;7.40 a 44;6.37 a 41;3.Secundario/Polimodal Completa y más;1.Menos de 2500 gramos;1
46;1;2;4.25 a 29;3.24 a 27;1.Hasta Primaria/C.EGB Completa;1.Menos de 2500 gramos;1
82;1;2;4.25 a 29;8.Sin especificar;2.Secundaria/Polimodal Incompleta;2.2500 gramos y más;1
86;1;2;4.25 a 29;7.42 y más;3.Secundario/Polimodal Completa y más;2.2500 gramos y más;3
14;2;1;3.20 a 24;6.37 a 41;3.Secundario/Polimodal Completa y más;1.Menos de 2500 gramos;1
06;1;1;5.30 a 34;2.22 a 23;3.Secundario/Polimodal Completa y más;1.Menos de 2500 gramos;3
70;1;1;7.40 a 44;5.32 a 36;2.Secundaria/Polimodal Incompleta;2.2500 gramos y más;3
22;1;2;2.15 a 19;6.37 a 41;2.Secundaria/Polimodal Incompleta;2.2500 gramos y más;559
30;2;2;3.20 a 24;3.24 a 27;2.Secundaria/Polimodal Incompleta;1.Menos de 2500 gramos;2
06;1;2;3.20 a 24;7.42 y más;1.Hasta Primaria/C.EGB Completa;1.Menos de 2500 gramos;1
06;1;1;6.35 a 39;2.22 a 23;4.Sin especificar;1.Menos de 2500 gramos;1
54;1;2;3.20 a 24;6.37 a 41;1.Hasta Primaria/C.EGB Completa;1.Menos de 2500 gramos;36
86;1;1;5.30 a 34;7.42 y más;4.Sin especificar;2.2500 gramos y más;1
82;1;1;3.20 a 24;4.28 a 31;1.Hasta Primaria/C.EGB Completa;1.Menos de 2500 gramos;10
30;1;1;4.25 a 29;4.28 a 31;2.Secundaria/Polimodal Incompleta;1.Menos de 2500 gramos;3
50;1;1;6.35 a 39;6.37 a 41;1.Hasta Primaria/C.EGB Completa;1.Menos de 2500 gramos;6
06;1;1;5.30 a 34;5.32 a 36;3.Secundario/Polimodal Completa y más;3.Sin especificar;29
06;1;2;4.25 a 29;6.37 a 41;1.Hasta Primaria/C.EGB Completa;2.2500 gramos y más;2725
26;1;2;4.25 a 29;4.28 a 31;1.Hasta Primaria/C.EGB Completa;1.Menos de 2500 gramos;1
62;1;2;5.30 a 34;4.28 a 31;3.Secundario/Polimodal Completa y más;1.Menos de 2500 gramos;3
18;1;1;4.25 a 29;7.42 y más;3.Secundario/Polimodal Completa y más;1.Menos de 2500 gramos;1
50;1;1;7.40 a 44;6.37 a 41;1.Hasta Primaria/C.EGB Completa;1.Menos de 2500 gramos;3
58;1;1;7.40 a 44;3.24 a 27;3.Secundario/Polimodal Completa y más;1.Menos de 2500 gramos;1
99;9;2;5.30 a 34;8.Sin especificar;4.Sin especificar;3.Sin especificar;15
14;1;1;2.15 a 19;5.32 a 36;1.Hasta Primaria/C.EGB Completa;2.2500 gramos y más;12
66;2;2;4.25 a 29;5.32 a 36;1.Hasta Primaria/C.EGB Completa;1.Menos de 2500 gramos;6
22;1;1;6.35 a 39;5.32 a 36;3.Secundario/Polimodal Completa y más;1.Menos de 2500 gramos;23
18;1;1;5.30 a 34;8.Sin especificar;1.Hasta Primaria/C.EGB Completa;3.Sin especificar;1
06;9;2;4.25 a 29;6.37 a 41;4.Sin especificar;3.Sin especificar;7
22;1;1;3.20 a 24;6.37 a 41;3.Secundario/Polimodal Completa y más;3.Sin especificar;5
26;1;1;3.20 a 24;6.37 a 41;1.Hasta Primaria/C.EGB Completa;2.2500 gramos y más;49
78;1;1;6.35 a 39;5.32 a 36;3.Secundario/Polimodal Completa y más;2.2500 gramos y más;14
82;1;2;3.20 a 24;6.37 a 41;3.Secundario/Polimodal Completa y más;1.Menos de 2500 gramos;38
38;1;2;6.35 a 39;6.37 a 41;2.Secundaria/Polimodal Incompleta;2.2500 gramos y más;50
38;2;2;3.20 a 24;6.37 a 41;2.Secundaria/Polimodal Incompleta;2.2500 gramos y más;2
62;2;2;5.30 a 34;6.37 a 41;3.Secundario/Polimodal Completa y más;2.2500 gramos y más;1
30;2;1;4.25 a 29;3.24 a 27;3.Secundario/Polimodal Completa y más;1.Menos de 2500 gramos;1
14;1;1;7.40 a 44;8.Sin especificar;1.Hasta Primaria/C.EGB Completa;1.Menos de 2500 gramos;1
66;2;1;3.20 a 24;6.37 a 41;1.Hasta Primaria/C.EGB Completa;2.2500 gramos y más;1
82;1;2;6.35 a 39;4.28 a 31;1.Hasta Primaria/C.EGB Completa;1.Menos de 2500 gramos;6
22;1;1;3.20 a 24;8.Sin especificar;4.Sin especificar;3.Sin especificar;1
90;1;2;3.20 a 24;3.24 a 27;2.Secundaria/Polimodal Incompleta;1.Menos de 2500 gramos;2
94;1;1;3.20 a 24;6.37 a 41;2.Secundaria/Polimodal Incompleta;2.2500 gramos y más;33
06;1;1;5.30 a 34;5.32 a 36;3.Secundario/Polimodal Completa y más;1.Menos de 2500 gramos;368
30;2;2;5.30 a 34;5.32 a 36;3.Secundario/Polimodal Completa y más;1.Menos de 2500 gramos;23
66;1;1;3.20 a 24;4.28 a 31;1.Hasta Primaria/C.EGB Completa;1.Menos de 2500 gramos;2
14;2;1;5.30 a 34;5.32 a 36;1.Hasta Primaria/C.EGB Completa;2.2500 gramos y más;1
06;1;2;6.35 a 39;6.37 a 41;4.Sin especificar;2.2500 gramos y más;1090
10;1;2;5.30 a 34;6.37 a 41;2.Secundaria/Polimodal Incompleta;2.2500 gramos y más;46
82;1;2;3.20 a 24;4.28 a 31;2.Secundaria/Polimodal Incompleta;1.Menos de 2500 gramos;13
18;1;2;7.40 a 44;5.32 a 36;2.Secundaria/Polimodal Incompleta;2.2500 gramos y más;2
94;1;1;3.20 a 24;5.32 a 36;3.Secundario/Polimodal Completa y más;2.2500 gramos y más;3
90;2;1;3.20 a 24;2.22 a 23;2.Secundaria/Polimodal Incompleta;1.Menos de 2500 gramos;2
82;2;2;6.35 a 39;6.37 a 41;1.Hasta Primaria/C.EGB Completa;2.2500 gramos y más;2
78;1;2;3.20 a 24;6.37 a 41;2.Secundaria/Polimodal Incompleta;1.Menos de 2500 gramos;7
62;1;1;7.40 a 44;5.32 a 36;1.Hasta Primaria/C.EGB Completa;2.2500 gramos y más;1
90;2;1;6.35 a 39;6.37 a 41;1.Hasta Primaria/C.EGB Completa;2.2500 gramos y más;2
06;2;1;6.35 a 39;8.Sin especificar;3.Secundario/Polimodal Completa y más;1.Menos de 2500 gramos;3
38;2;2;4.25 a 29;5.32 a 36;2.Secundaria/Polimodal Incompleta;1.Menos de 2500 gramos;1
66;1;2;8.De 45 y más;7.42 y más;3.Secundario/Polimodal Completa y más;1.Menos de 2500 gramos;1
54;2;2;3.20 a 24;5.32 a 36;2.Secundaria/Polimodal Incompleta;1.Menos de 2500 gramos;1
86;1;2;7.40 a 44;7.42 y más;1.Hasta Primaria/C.EGB Completa;2.2500 gramos y más;1
82;2;2;4.25 a 29;6.37 a 41;1.Hasta Primaria/C.EGB Completa;2.2500 gramos y más;10
22;2;1;5.30 a 34;5.32 a 36;1.Hasta Primaria/C.EGB Completa;1.Menos de 2500 gramos;7
02;1;2;2.15 a 19;6.37 a 41;2.Secundaria/Polimodal Incompleta;2.2500 gramos y más;116
66;2;1;6.35 a 39;5.32 a 36;2.Secundaria/Polimodal Incompleta;1.Menos de 2500 gramos;2
54;1;1;7.40 a 44;5.32 a 36;1.Hasta Primaria/C.EGB Completa;1.Menos de 2500 gramos;6
54;1;1;7.40 a 44;6.37 a 41;3.Secundario/Polimodal Completa y más;1.Menos de 2500 gramos;5
06;1;2;3.20 a 24;8.Sin especificar;4.Sin especificar;1.Menos de 2500 gramos;1
99;1;2;4.25 a 29;6.37 a 41;3.Secundario/Polimodal Completa y más;2.2500 gramos y más;10
22;1;1;5.30 a 34;7.42 y más;1.Hasta Primaria/C.EGB Completa;2.2500 gramos y más;6
06;1;1;7.40 a 44;5.32 a 36;4.Sin especificar;3.Sin especificar;1
70;1;1;4.25 a 29;5.32 a 36;1.Hasta Primaria/C.EGB Completa;2.2500 gramos y más;8
78;1;2;5.30 a 34;5.32 a 36;1.Hasta Primaria/C.EGB Completa;1.Menos de 2500 gramos;2
54;2;2;5.30 a 34;6.37 a 41;3.Secundario/Polimodal Completa y más;1.Menos de 2500 gramos;2
30;1;1;8.De 45 y más;6.37 a 41;3.Secundario/Polimodal Completa y más;2.2500 gramos y más;13
70;1;2;6.35 a 39;5.32 a 36;3.Secundario/Polimodal Completa y más;2.2500 gramos y más;9
58;1;2;3.20 a 24;6.37 a 41;2.Secundaria/Polimodal Incompleta;2.2500 gramos y más;286
18;1;2;7.40 a 44;5.32 a 36;2.Secundaria/Polimodal Incompleta;1.Menos de 2500 gramos;1
46;1;2;4.25 a 29;6.37 a 41;3.Secundario/Polimodal Completa y más;1.Menos de 2500 gramos;10
30;1;2;2.15 a 19;6.37 a 41;1.Hasta Primaria/C.EGB Completa;3.Sin especificar;1
66;1;2;8.De 45 y más;6.37 a 41;2.Secundaria/Polimodal Incompleta;1.Menos de 2500 gramos;1
66;1;2;7.40 a 44;3.24 a 27;1.Hasta Primaria/C.EGB Completa;1.Menos de 2500 gramos;1
66;1;2;3.20 a 24;7.42 y más;1.Hasta Primaria/C.EGB Completa;2.2500 gramos y más;6
26;2;1;5.30 a 34;6.37 a 41;1.Hasta Primaria/C.EGB Completa;1.Menos de 2500 gramos;1
82;2;1;3.20 a 24;5.32 a 36;2.Secundaria/Polimodal Incompleta;1.Menos de 2500 gramos;5
02;1;2;7.40 a 44;5.32 a 36;2.Secundaria/Polimodal Incompleta;1.Menos de 2500 gramos;2
02;1;1;5.30 a 34;6.37 a 41;2.Secundaria/Polimodal Incompleta;1.Menos de 2500 gramos;5
06;2;2;9.Sin especificar;6.37 a 41;2.Secundaria/Polimodal Incompleta;2.2500 gramos y más;1
34;2;2;5.30 a 34;5.32 a 36;1.Hasta Primaria/C.EGB Completa;1.Menos de 2500 gramos;4
90;1;1;2.15 a 19;6.37 a 41;2.Secundaria/Polimodal Incompleta;1.Menos de 2500 gramos;14
58;1;1;3.20 a 24;3.24 a 27;2.Secundaria/Polimodal Incompleta;1.Menos de 2500 gramos;2
06;1;1;4.25 a 29;5.32 a 36;4.Sin especificar;2.2500 gramos y más;70
06;1;2;1.Menor de 15;6.37 a 41;1.Hasta Primaria/C.EGB Completa;2.2500 gramos y más;32
50;2;1;6.35 a 39;6.37 a 41;2.Secundaria/Polimodal Incompleta;1.Menos de 2500 gramos;1
14;1;1;3.20 a 24;5.32 a 36;3.Secundario/Polimodal Completa y más;1.Menos de 2500 gramos;75
34;1;2;7.40 a 44;3.24 a 27;4.Sin especificar;1.Menos de 2500 gramos;2
58;2;1;4.25 a 29;4.28 a 31;3.Secundario/Polimodal Completa y más;1.Menos de 2500 gramos;1
38;1;2;5.30 a 34;4.28 a 31;3.Secundario/Polimodal Completa y más;2.2500 gramos y más;2
30;1;2;3.20 a 24;2.22 a 23;1.Hasta Primaria/C.EGB Completa;1.Menos de 2500 gramos;1
30;1;2;5.30 a 34;3.24 a 27;1.Hasta Primaria/C.EGB Completa;1.Menos de 2500 gramos;2
82;2;1;3.20 a 24;6.37 a 41;2.Secundaria/Polimodal Incompleta;2.2500 gramos y más;12
06;1;1;4.25 a 29;3.24 a 27;3.Secundario/Polimodal Completa y más;1.Menos de 2500 gramos;28
02;1;1;6.35 a 39;1.Menos de 22;3.Secundario/Polimodal Completa y más;1.Menos de 2500 gramos;1
54;2;2;4.25 a 29;6.37 a 41;3.Secundario/Polimodal Completa y más;1.Menos de 2500 gramos;4
66;1;2;6.35 a 39;6.37 a 41;3.Secundario/Polimodal Completa y más;2.2500 gramos y más;684
99;1;2;4.25 a 29;6.37 a 41;3.Secundario/Polimodal Completa y más;3.Sin especificar;1
14;1;2;2.15 a 19;6.37 a 41;2.Secundaria/Polimodal Incompleta;2.2500 gramos y más;971
06;1;2;3.20 a 24;6.37 a 41;3.Secundario/Polimodal Completa y más;2.2500 gramos y más;7187
30;2;2;5.30 a 34;6.37 a 41;3.Secundario/Polimodal Completa y más;1.Menos de 2500 gramos;3
02;9;2;2.15 a 19;6.37 a 41;4.Sin especificar;2.2500 gramos y más;10
70;2;1;3.20 a 24;6.37 a 41;3.Secundario/Polimodal Completa y más;2.2500 gramos y más;1
14;1;2;5.30 a 34;5.32 a 36;1.Hasta Primaria/C.EGB Completa;1.Menos de 2500 gramos;17
06;2;1;4.25 a 29;3.24 a 27;1.Hasta Primaria/C.EGB Completa;3.Sin especificar;1
46;1;1;3.20 a 24;4.28 a 31;2.Secundaria/Polimodal Incompleta;2.2500 gramos y más;1
54;1;1;6.35 a 39;6.37 a 41;2.Secundaria/Polimodal Incompleta;1.Menos de 2500 gramos;4
10;1;1;4.25 a 29;5.32 a 36;4.Sin especificar;1.Menos de 2500 gramos;1
14;1;1;2.15 a 19;7.42 y más;2.Secundaria/Polimodal Incompleta;1.Menos de 2500 gramos;1
06;1;1;6.35 a 39;2.22 a 23;3.Secundario/Polimodal Completa y más;1.Menos de 2500 gramos;3
66;1;1;3.20 a 24;1.Menos de 22;2.Secundaria/Polimodal Incompleta;1.Menos de 2500 gramos;2
14;1;1;8.De 45 y más;6.37 a 41;1.Hasta Primaria/C.EGB Completa;2.2500 gramos y más;4
74;1;1;3.20 a 24;5.32 a 36;1.Hasta Primaria/C.EGB Completa;1.Menos de 2500 gramos;4
06;1;1;3.20 a 24;8.Sin especificar;4.Sin especificar;2.2500 gramos y más;12
26;1;2;5.30 a 34;6.37 a 41;4.Sin especificar;2.2500 gramos y más;93
90;1;1;5.30 a 34;6.37 a 41;3.Secundario/Polimodal Completa y más;1.Menos de 2500 gramos;23
18;2;1;6.35 a 39;5.32 a 36;3.Secundario/Polimodal Completa y más;1.Menos de 2500 gramos;1
90;1;2;5.30 a 34;7.42 y más;2.Secundaria/Polimodal Incompleta;2.2500 gramos y más;11
50;1;1;4.25 a 29;5.32 a 36;1.Hasta Primaria/C.EGB Completa;2.2500 gramos y más;8
06;1;2;5.30 a 34;5.32 a 36;3.Secundario/Polimodal Completa y más;1.Menos de 2500 gramos;405
90;1;2;8.De 45 y más;7.42 y más;3.Secundario/Polimodal Completa y más;2.2500 gramos y más;1
02;1;1;7.40 a 44;7.42 y más;3.Secundario/Polimodal Completa y más;2.2500 gramos y más;1
42;2;2;5.30 a 34;5.32 a 36;3.Secundario/Polimodal Completa y más;2.2500 gramos y más;3
34;1;1;7.40 a 44;3.24 a 27;1.Hasta Primaria/C.EGB Completa;1.Menos de 2500 gramos;1
46;1;1;7.40 a 44;6.37 a 41;3.Secundario/Polimodal Completa y más;2.2500 gramos y más;52
06;1;2;6.35 a 39;8.Sin especificar;1.Hasta Primaria/C.EGB Completa;3.Sin especificar;1
66;2;2;7.40 a 44;5.32 a 36;3.Secundario/Polimodal Completa y más;2.2500 gramos y más;1
58;1;2;3.20 a 24;4.28 a 31;2.Secundaria/Polimodal Incompleta;1.Menos de 2500 gramos;3
94;1;2;7.40 a 44;5.32 a 36;2.Secundaria/Polimodal Incompleta;2.2500 gramos y más;1
02;9;2;6.35 a 39;6.37 a 41;4.Sin especificar;2.2500 gramos y más;101
06;1;2;5.30 a 34;6.37 a 41;1.Hasta Primaria/C.EGB Completa;2.2500 gramos y más;2404
06;1;2;1.Menor de 15;5.32 a 36;1.Hasta Primaria/C.EGB Completa;3.Sin especificar;1
50;2;1;3.20 a 24;6.37 a 41;1.Hasta Primaria/C.EGB Completa;1.Menos de 2500 gramos;1
06;2;2;6.35 a 39;6.37 a 41;1.Hasta Primaria/C.EGB Completa;2.2500 gramos y más;6
18;2;2;6.35 a 39;5.32 a 36;2.Secundaria/Polimodal Incompleta;2.2500 gramos y más;1
42;1;1;3.20 a 24;6.37 a 41;3.Secundario/Polimodal Completa y más;2.2500 gramos y más;250
14;1;1;6.35 a 39;6.37 a 41;3.Secundario/Polimodal Completa y más;1.Menos de 2500 gramos;43
66;1;1;8.De 45 y más;3.24 a 27;3.Secundario/Polimodal Completa y más;1.Menos de 2500 gramos;1
26;1;2;2.15 a 19;6.37 a 41;2.Secundaria/Polimodal Incompleta;1.Menos de 2500 gramos;3
06;1;1;2.15 a 19;6.37 a 41;1.Hasta Primaria/C.EGB Completa;2.2500 gramos y más;969
34;1;1;4.25 a 29;3.24 a 27;2.Secundaria/Polimodal Incompleta;1.Menos de 2500 gramos;1
34;2;2;6.35 a 39;5.32 a 36;4.Sin especificar;1.Menos de 2500 gramos;3
90;1;2;4.25 a 29;5.32 a 36;1.Hasta Primaria/C.EGB Completa;2.2500 gramos y más;66
06;1;1;2.15 a 19;8.Sin especificar;3.Secundario/Polimodal Completa y más;3.Sin especificar;2
10;2;2;5.30 a 34;5.32 a 36;3.Secundario/Polimodal Completa y más;2.2500 gramos y más;1
02;1;1;2.15 a 19;8.Sin especificar;4.Sin especificar;2.2500 gramos y más;1
06;1;9;7.40 a 44;8.Sin especificar;2.Secundaria/Polimodal Incompleta;2.2500 gramos y más;1
70;1;1;5.30 a 34;6.37 a 41;1.Hasta Primaria/C.EGB Completa;1.Menos de 2500 gramos;6
62;2;1;5.30 a 34;6.37 a 41;3.Secundario/Polimodal Completa y más;2.2500 gramos y más;3
02;1;2;5.30 a 34;5.32 a 36;1.Hasta Primaria/C.EGB Completa;1.Menos de 2500 gramos;8
50;1;2;6.35 a 39;3.24 a 27;4.Sin especificar;1.Menos de 2500 gramos;1
14;1;1;3.20 a 24;4.28 a 31;3.Secundario/Polimodal Completa y más;2.2500 gramos y más;2
90;2;2;3.20 a 24;4.28 a 31;2.Secundaria/Polimodal Incompleta;1.Menos de 2500 gramos;1
82;1;1;8.De 45 y más;4.28 a 31;3.Secundario/Polimodal Completa y más;1.Menos de 2500 gramos;3
22;1;2;1.Menor de 15;5.32 a 36;1.Hasta Primaria/C.EGB Completa;1.Menos de 2500 gramos;1
46;1;1;3.20 a 24;6.37 a 41;3.Secundario/Polimodal Completa y más;2.2500 gramos y más;336
34;1;2;4.25 a 29;8.Sin especificar;3.Secundario/Polimodal Completa y más;2.2500 gramos y más;1
50;1;2;6.35 a 39;6.37 a 41;1.Hasta Primaria/C.EGB Completa;2.2500 gramos y más;172
46;1;1;5.30 a 34;5.32 a 36;3.Secundario/Polimodal Completa y más;2.2500 gramos y más;15
74;1;2;2.15 a 19;4.28 a 31;2.Secundaria/Polimodal Incompleta;1.Menos de 2500 gramos;1
62;1;2;6.35 a 39;4.28 a 31;2.Secundaria/Polimodal Incompleta;1.Menos de 2500 gramos;1
58;1;2;7.40 a 44;5.32 a 36;1.Hasta Primaria/C.EGB Completa;1.Menos de 2500 gramos;1
38;1;2;8.De 45 y más;6.37 a 41;3.Secundario/Polimodal Completa y más;2.2500 gramos y más;8
02;2;1;4.25 a 29;6.37 a 41;4.Sin especificar;2.2500 gramos y más;2
06;1;1;4.25 a 29;4.28 a 31;3.Secundario/Polimodal Completa y más;3.Sin especificar;1
06;1;9;6.35 a 39;6.37 a 41;3.Secundario/Polimodal Completa y más;2.2500 gramos y más;59
06;2;2;6.35 a 39;8.Sin especificar;3.Secundario/Polimodal Completa y más;1.Menos de 2500 gramos;1
02;1;2;5.30 a 34;5.32 a 36;4.Sin especificar;2.2500 gramos y más;8
54;1;1;7.40 a 44;6.37 a 41;4.Sin especificar;2.2500 gramos y más;13
62;1;2;4.25 a 29;4.28 a 31;2.Secundaria/Polimodal Incompleta;1.Menos de 2500 gramos;1
78;1;1;6.35 a 39;7.42 y más;1.Hasta Primaria/C.EGB Completa;2.2500 gramos y más;1
90;1;1;5.30 a 34;8.Sin especificar;2.Secundaria/Polimodal Incompleta;2.2500 gramos y más;3
82;1;2;4.25 a 29;5.32 a 36;1.Hasta Primaria/C.EGB Completa;1.Menos de 2500 gramos;39
06;1;9;4.25 a 29;6.37 a 41;3.Secundario/Polimodal Completa y más;2.2500 gramos y más;93
50;1;1;8.De 45 y más;5.32 a 36;2.Secundaria/Polimodal Incompleta;2.2500 gramos y más;1
70;1;2;7.40 a 44;3.24 a 27;3.Secundario/Polimodal Completa y más;1.Menos de 2500 gramos;1
26;1;2;5.30 a 34;5.32 a 36;1.Hasta Primaria/C.EGB Completa;2.2500 gramos y más;1
46;1;2;3.20 a 24;5.32 a 36;3.Secundario/Polimodal Completa y más;2.2500 gramos y más;11
26;1;2;5.30 a 34;2.22 a 23;3.Secundario/Polimodal Completa y más;1.Menos de 2500 gramos;1
18;1;2;3.20 a 24;6.37 a 41;3.Secundario/Polimodal Completa y más;2.2500 gramos y más;633
14;1;2;4.25 a 29;6.37 a 41;3.Secundario/Polimodal Completa y más;3.Sin especificar;7
50;1;2;2.15 a 19;6.37 a 41;2.Secundaria/Polimodal Incompleta;1.Menos de 2500 gramos;12
86;2;1;3.20 a 24;5.32 a 36;1.Hasta Primaria/C.EGB Completa;1.Menos de 2500 gramos;2
54;1;1;5.30 a 34;7.42 y más;1.Hasta Primaria/C.EGB Completa;2.2500 gramos y más;4
66;1;1;2.15 a 19;4.28 a 31;3.Secundario/Polimodal Completa y más;1.Menos de 2500 gramos;3
06;1;1;6.35 a 39;4.28 a 31;3.Secundario/Polimodal Completa y más;2.2500 gramos y más;2
02;1;2;7.40 a 44;3.24 a 27;3.Secundario/Polimodal Completa y más;1.Menos de 2500 gramos;3
94;2;2;5.30 a 34;5.32 a 36;1.Hasta Primaria/C.EGB Completa;1.Menos de 2500 gramos;1
78;1;1;4.25 a 29;5.32 a 36;2.Secundaria/Polimodal Incompleta;2.2500 gramos y más;8
02;1;1;5.30 a 34;5.32 a 36;2.Secundaria/Polimodal Incompleta;1.Menos de 2500 gramos;8
70;1;1;4.25 a 29;5.32 a 36;3.Secundario/Polimodal Completa y más;1.Menos de 2500 gramos;23
14;2;2;4.25 a 29;5.32 a 36;3.Secundario/Polimodal Completa y más;2.2500 gramos y más;5
94;1;1;4.25 a 29;3.24 a 27;3.Secundario/Polimodal Completa y más;1.Menos de 2500 gramos;1
02;2;1;5.30 a 34;6.37 a 41;3.Secundario/Polimodal Completa y más;1.Menos de 2500 gramos;8
86;1;1;6.35 a 39;6.37 a 41;1.Hasta Primaria/C.EGB Completa;2.2500 gramos y más;359
26;2;1;4.25 a 29;6.37 a 41;4.Sin especificar;2.2500 gramos y más;3
42;1;1;2.15 a 19;4.28 a 31;3.Secundario/Polimodal Completa y más;1.Menos de 2500 gramos;1
06;9;1;9.Sin especificar;8.Sin especificar;4.Sin especificar;3.Sin especificar;83
34;1;2;5.30 a 34;5.32 a 36;1.Hasta Primaria/C.EGB Completa;1.Menos de 2500 gramos;5
38;1;1;2.15 a 19;6.37 a 41;2.Secundaria/Polimodal Incompleta;2.2500 gramos y más;209
62;1;2;6.35 a 39;6.37 a 41;4.Sin especificar;3.Sin especificar;1
22;1;2;4.25 a 29;7.42 y más;3.Secundario/Polimodal Completa y más;2.2500 gramos y más;1
02;2;1;5.30 a 34;5.32 a 36;4.Sin especificar;1.Menos de 2500 gramos;1
06;1;1;2.15 a 19;6.37 a 41;1.Hasta Primaria/C.EGB Completa;3.Sin especificar;6
06;1;2;6.35 a 39;5.32 a 36;4.Sin especificar;1.Menos de 2500 gramos;45
14;1;2;5.30 a 34;7.42 y más;2.Secundaria/Polimodal Incompleta;2.2500 gramos y más;3
06;2;1;4.25 a 29;6.37 a 41;4.Sin especificar;1.Menos de 2500 gramos;1
82;2;1;2.15 a 19;6.37 a 41;2.Secundaria/Polimodal Incompleta;2.2500 gramos y más;3
14;1;1;7.40 a 44;6.37 a 41;2.Secundaria/Polimodal Incompleta;2.2500 gramos y más;120
38;1;1;3.20 a 24;7.42 y más;2.Secundaria/Polimodal Incompleta;2.2500 gramos y más;6
54;1;1;7.40 a 44;6.37 a 41;2.Secundaria/Polimodal Incompleta;2.2500 gramos y más;35
74;2;1;3.20 a 24;5.32 a 36;3.Secundario/Polimodal Completa y más;1.Menos de 2500 gramos;1
06;1;2;6.35 a 39;8.Sin especificar;3.Secundario/Polimodal Completa y más;2.2500 gramos y más;20
90;1;1;4.25 a 29;6.37 a 41;3.Secundario/Polimodal Completa y más;3.Sin especificar;5
42;1;2;2.15 a 19;6.37 a 41;1.Hasta Primaria/C.EGB Completa;2.2500 gramos y más;9
90;1;2;1.Menor de 15;6.37 a 41;2.Secundaria/Polimodal Incompleta;3.Sin especificar;1
06;2;1;9.Sin especificar;8.Sin especificar;4.Sin especificar;1.Menos de 2500 gramos;1
14;1;2;8.De 45 y más;6.37 a 41;3.Secundario/Polimodal Completa y más;2.2500 gramos y más;41
82;2;1;7.40 a 44;5.32 a 36;3.Secundario/Polimodal Completa y más;2.2500 gramos y más;7
18;2;1;6.35 a 39;4.28 a 31;3.Secundario/Polimodal Completa y más;1.Menos de 2500 gramos;1
26;1;1;4.25 a 29;7.42 y más;1.Hasta Primaria/C.EGB Completa;2.2500 gramos y más;1
02;1;2;5.30 a 34;4.28 a 31;1.Hasta Primaria/C.EGB Completa;1.Menos de 2500 gramos;3
06;1;9;3.20 a 24;6.37 a 41;2.Secundaria/Polimodal Incompleta;1.Menos de 2500 gramos;2
26;1;1;5.30 a 34;5.32 a 36;4.Sin especificar;1.Menos de 2500 gramos;2
34;1;2;7.40 a 44;6.37 a 41;2.Secundaria/Polimodal Incompleta;1.Menos de 2500 gramos;1
50;1;2;5.30 a 34;6.37 a 41;2.Secundaria/Polimodal Incompleta;2.2500 gramos y más;516
22;1;2;5.30 a 34;5.32 a 36;4.Sin especificar;2.2500 gramos y más;1
34;1;1;3.20 a 24;6.37 a 41;4.Sin especificar;1.Menos de 2500 gramos;5
66;1;2;7.40 a 44;5.32 a 36;2.Secundaria/Polimodal Incompleta;2.2500 gramos y más;4
86;1;2;4.25 a 29;3.24 a 27;1.Hasta Primaria/C.EGB Completa;1.Menos de 2500 gramos;1
74;1;2;5.30 a 34;5.32 a 36;1.Hasta Primaria/C.EGB Completa;2.2500 gramos y más;3
34;1;1;5.30 a 34;5.32 a 36;4.Sin especificar;2.2500 gramos y más;22
30;2;1;3.20 a 24;5.32 a 36;2.Secundaria/Polimodal Incompleta;1.Menos de 2500 gramos;2
54;1;2;5.30 a 34;6.37 a 41;4.Sin especificar;2.2500 gramos y más;86
54;2;2;5.30 a 34;6.37 a 41;3.Secundario/Polimodal Completa y más;2.2500 gramos y más;6
90;1;1;4.25 a 29;6.37 a 41;2.Secundaria/Polimodal Incompleta;1.Menos de 2500 gramos;7
90;1;1;6.35 a 39;4.28 a 31;1.Hasta Primaria/C.EGB Completa;1.Menos de 2500 gramos;7
26;1;1;5.30 a 34;5.32 a 36;4.Sin especificar;2.2500 gramos y más;3
18;1;1;4.25 a 29;7.42 y más;3.Secundario/Polimodal Completa y más;2.2500 gramos y más;6
90;1;2;2.15 a 19;4.28 a 31;1.Hasta Primaria/C.EGB Completa;1.Menos de 2500 gramos;2
06;9;1;6.35 a 39;8.Sin especificar;4.Sin especificar;3.Sin especificar;139
10;2;2;4.25 a 29;5.32 a 36;2.Secundaria/Polimodal Incompleta;1.Menos de 2500 gramos;1
58;1;1;5.30 a 34;6.37 a 41;2.Secundaria/Polimodal Incompleta;1.Menos de 2500 gramos;1
74;1;2;5.30 a 34;5.32 a 36;1.Hasta Primaria/C.EGB Completa;1.Menos de 2500 gramos;2
54;1;2;5.30 a 34;6.37 a 41;4.Sin especificar;1.Menos de 2500 gramos;4
30;1;1;7.40 a 44;5.32 a 36;2.Secundaria/Polimodal Incompleta;2.2500 gramos y más;2
82;2;1;5.30 a 34;5.32 a 36;3.Secundario/Polimodal Completa y más;2.2500 gramos y más;10
02;2;2;6.35 a 39;6.37 a 41;1.Hasta Primaria/C.EGB Completa;1.Menos de 2500 gramos;2
62;1;1;9.Sin especificar;8.Sin especificar;3.Secundario/Polimodal Completa y más;2.2500 gramos y más;1
74;1;2;7.40 a 44;8.Sin especificar;3.Secundario/Polimodal Completa y más;3.Sin especificar;1
06;1;2;9.Sin especificar;8.Sin especificar;1.Hasta Primaria/C.EGB Completa;3.Sin especificar;13
22;2;2;5.30 a 34;5.32 a 36;3.Secundario/Polimodal Completa y más;1.Menos de 2500 gramos;9
30;2;2;4.25 a 29;6.37 a 41;3.Secundario/Polimodal Completa y más;2.2500 gramos y más;9
14;1;1;7.40 a 44;6.37 a 41;2.Secundaria/Polimodal Incompleta;1.Menos de 2500 gramos;4
06;2;2;4.25 a 29;5.32 a 36;1.Hasta Primaria/C.EGB Completa;2.2500 gramos y más;5
54;1;2;6.35 a 39;5.32 a 36;2.Secundaria/Polimodal Incompleta;2.2500 gramos y más;6
10;2;2;6.35 a 39;6.37 a 41;1.Hasta Primaria/C.EGB Completa;2.2500 gramos y más;1
90;1;1;4.25 a 29;5.32 a 36;1.Hasta Primaria/C.EGB Completa;2.2500 gramos y más;67
70;1;1;5.30 a 34;6.37 a 41;3.Secundario/Polimodal Completa y más;2.2500 gramos y más;709
90;1;1;7.40 a 44;8.Sin especificar;1.Hasta Primaria/C.EGB Completa;2.2500 gramos y más;2
82;1;2;1.Menor de 15;5.32 a 36;1.Hasta Primaria/C.EGB Completa;1.Menos de 2500 gramos;2
06;1;1;3.20 a 24;6.37 a 41;3.Secundario/Polimodal Completa y más;2.2500 gramos y más;7780
90;1;2;5.30 a 34;6.37 a 41;1.Hasta Primaria/C.EGB Completa;1.Menos de 2500 gramos;11
34;1;1;1.Menor de 15;5.32 a 36;2.Secundaria/Polimodal Incompleta;1.Menos de 2500 gramos;1
02;9;1;9.Sin especificar;6.37 a 41;4.Sin especificar;2.2500 gramos y más;1
22;1;2;1.Menor de 15;6.37 a 41;1.Hasta Primaria/C.EGB Completa;2.2500 gramos y más;35
66;1;2;2.15 a 19;6.37 a 41;4.Sin especificar;1.Menos de 2500 gramos;1
06;2;1;4.25 a 29;6.37 a 41;4.Sin especificar;2.2500 gramos y más;8
66;1;2;2.15 a 19;4.28 a 31;3.Secundario/Polimodal Completa y más;1.Menos de 2500 gramos;2
74;1;1;4.25 a 29;3.24 a 27;2.Secundaria/Polimodal Incompleta;1.Menos de 2500 gramos;2
06;1;2;5.30 a 34;8.Sin especificar;2.Secundaria/Polimodal Incompleta;1.Menos de 2500 gramos;1
06;2;1;3.20 a 24;5.32 a 36;3.Secundario/Polimodal Completa y más;2.2500 gramos y más;9
26;1;1;3.20 a 24;6.37 a 41;1.Hasta Primaria/C.EGB Completa;1.Menos de 2500 gramos;1
22;1;2;9.Sin especificar;6.37 a 41;4.Sin especificar;2.2500 gramos y más;3
02;1;2;6.35 a 39;5.32 a 36;1.Hasta Primaria/C.EGB Completa;2.2500 gramos y más;10
02;1;1;7.40 a 44;6.37 a 41;2.Secundaria/Polimodal Incompleta;1.Menos de 2500 gramos;1
38;1;2;4.25 a 29;5.32 a 36;3.Secundario/Polimodal Completa y más;1.Menos de 2500 gramos;16
86;1;2;4.25 a 29;2.22 a 23;3.Secundario/Polimodal Completa y más;1.Menos de 2500 gramos;1
62;1;1;5.30 a 34;6.37 a 41;2.Secundaria/Polimodal Incompleta;1.Menos de 2500 gramos;6
06;2;2;5.30 a 34;5.32 a 36;4.Sin especificar;1.Menos de 2500 gramos;18
54;1;2;6.35 a 39;6.37 a 41;2.Secundaria/Polimodal Incompleta;2.2500 gramos y más;159
70;2;2;5.30 a 34;5.32 a 36;1.Hasta Primaria/C.EGB Completa;1.Menos de 2500 gramos;3
02;1;2;3.20 a 24;6.37 a 41;1.Hasta Primaria/C.EGB Completa;1.Menos de 2500 gramos;6
26;1;1;4.25 a 29;5.32 a 36;4.Sin especificar;1.Menos de 2500 gramos;7
06;1;2;8.De 45 y más;5.32 a 36;3.Secundario/Polimodal Completa y más;2.2500 gramos y más;14
18;2;2;5.30 a 34;6.37 a 41;3.Secundario/Polimodal Completa y más;1.Menos de 2500 gramos;1
62;1;1;4.25 a 29;6.37 a 41;2.Secundaria/Polimodal Incompleta;2.2500 gramos y más;188
74;1;1;7.40 a 44;6.37 a 41;2.Secundaria/Polimodal Incompleta;2.2500 gramos y más;11
38;2;1;7.40 a 44;5.32 a 36;2.Secundaria/Polimodal Incompleta;1.Menos de 2500 gramos;1
30;1;1;7.40 a 44;5.32 a 36;2.Secundaria/Polimodal Incompleta;1.Menos de 2500 gramos;4
98;1;2;2.15 a 19;6.37 a 41;1.Hasta Primaria/C.EGB Completa;2.2500 gramos y más;3
30;1;1;3.20 a 24;6.37 a 41;3.Secundario/Polimodal Completa y más;2.2500 gramos y más;741
26;1;1;2.15 a 19;6.37 a 41;2.Secundaria/Polimodal Incompleta;2.2500 gramos y más;116
30;1;2;2.15 a 19;7.42 y más;2.Secundaria/Polimodal Incompleta;2.2500 gramos y más;1
82;1;1;5.30 a 34;8.Sin especificar;1.Hasta Primaria/C.EGB Completa;2.2500 gramos y más;2
82;1;1;6.35 a 39;8.Sin especificar;3.Secundario/Polimodal Completa y más;2.2500 gramos y más;4
70;1;1;5.30 a 34;4.28 a 31;2.Secundaria/Polimodal Incompleta;2.2500 gramos y más;1
22;2;1;2.15 a 19;5.32 a 36;3.Secundario/Polimodal Completa y más;1.Menos de 2500 gramos;2
86;1;2;4.25 a 29;5.32 a 36;2.Secundaria/Polimodal Incompleta;2.2500 gramos y más;13
22;1;1;6.35 a 39;6.37 a 41;2.Secundaria/Polimodal Incompleta;2.2500 gramos y más;91
70;1;1;6.35 a 39;4.28 a 31;3.Secundario/Polimodal Completa y más;1.Menos de 2500 gramos;4
50;1;2;8.De 45 y más;5.32 a 36;3.Secundario/Polimodal Completa y más;1.Menos de 2500 gramos;1
30;1;1;3.20 a 24;4.28 a 31;2.Secundaria/Polimodal Incompleta;1.Menos de 2500 gramos;6
90;1;1;4.25 a 29;6.37 a 41;2.Secundaria/Polimodal Incompleta;2.2500 gramos y más;370
66;1;2;3.20 a 24;8.Sin especificar;1.Hasta Primaria/C.EGB Completa;2.2500 gramos y más;6
70;2;1;5.30 a 34;5.32 a 36;2.Secundaria/Polimodal Incompleta;1.Menos de 2500 gramos;6
22;1;2;4.25 a 29;3.24 a 27;2.Secundaria/Polimodal Incompleta;1.Menos de 2500 gramos;1
62;1;2;7.40 a 44;5.32 a 36;4.Sin especificar;1.Menos de 2500 gramos;2
90;1;2;5.30 a 34;5.32 a 36;3.Secundario/Polimodal Completa y más;1.Menos de 2500 gramos;55
86;1;1;7.40 a 44;6.37 a 41;3.Secundario/Polimodal Completa y más;1.Menos de 2500 gramos;1
46;1;2;8.De 45 y más;6.37 a 41;2.Secundaria/Polimodal Incompleta;2.2500 gramos y más;3
50;1;2;7.40 a 44;5.32 a 36;3.Secundario/Polimodal Completa y más;2.2500 gramos y más;12
38;2;2;6.35 a 39;5.32 a 36;3.Secundario/Polimodal Completa y más;1.Menos de 2500 gramos;5
30;1;1;4.25 a 29;4.28 a 31;1.Hasta Primaria/C.EGB Completa;1.Menos de 2500 gramos;2
70;1;1;2.15 a 19;5.32 a 36;1.Hasta Primaria/C.EGB Completa;1.Menos de 2500 gramos;5
14;1;2;5.30 a 34;7.42 y más;3.Secundario/Polimodal Completa y más;2.2500 gramos y más;2
90;2;2;4.25 a 29;5.32 a 36;2.Secundaria/Polimodal Incompleta;1.Menos de 2500 gramos;1
66;1;2;3.20 a 24;5.32 a 36;2.Secundaria/Polimodal Incompleta;2.2500 gramos y más;28
54;1;1;2.15 a 19;7.42 y más;1.Hasta Primaria/C.EGB Completa;2.2500 gramos y más;6
34;1;2;2.15 a 19;4.28 a 31;4.Sin especificar;2.2500 gramos y más;1
10;1;1;4.25 a 29;6.37 a 41;4.Sin especificar;2.2500 gramos y más;6
78;1;2;4.25 a 29;6.37 a 41;3.Secundario/Polimodal Completa y más;1.Menos de 2500 gramos;7
06;2;1;3.20 a 24;3.24 a 27;3.Secundario/Polimodal Completa y más;3.Sin especificar;1
06;2;1;7.40 a 44;4.28 a 31;3.Secundario/Polimodal Completa y más;1.Menos de 2500 gramos;4
38;1;1;2.15 a 19;5.32 a 36;3.Secundario/Polimodal Completa y más;1.Menos de 2500 gramos;3
46;2;2;5.30 a 34;5.32 a 36;3.Secundario/Polimodal Completa y más;1.Menos de 2500 gramos;1
22;9;1;7.40 a 44;8.Sin especificar;3.Secundario/Polimodal Completa y más;2.2500 gramos y más;1
06;1;1;5.30 a 34;6.37 a 41;1.Hasta Primaria/C.EGB Completa;3.Sin especificar;26
94;1;2;4.25 a 29;5.32 a 36;2.Secundaria/Polimodal Incompleta;1.Menos de 2500 gramos;1
46;1;1;2.15 a 19;4.28 a 31;2.Secundaria/Polimodal Incompleta;1.Menos de 2500 gramos;2
74;1;2;2.15 a 19;7.42 y más;2.Secundaria/Polimodal Incompleta;2.2500 gramos y más;4
42;1;1;3.20 a 24;4.28 a 31;2.Secundaria/Polimodal Incompleta;1.Menos de 2500 gramos;1
50;1;1;7.40 a 44;5.32 a 36;1.Hasta Primaria/C.EGB Completa;1.Menos de 2500 gramos;7
30;2;1;7.40 a 44;6.37 a 41;1.Hasta Primaria/C.EGB Completa;2.2500 gramos y más;1
54;1;2;4.25 a 29;7.42 y más;3.Secundario/Polimodal Completa y más;2.2500 gramos y más;3
02;2;1;3.20 a 24;5.32 a 36;2.Secundaria/Polimodal Incompleta;1.Menos de 2500 gramos;3
62;1;1;5.30 a 34;5.32 a 36;3.Secundario/Polimodal Completa y más;2.2500 gramos y más;34
02;1;2;5.30 a 34;4.28 a 31;4.Sin especificar;1.Menos de 2500 gramos;1
82;1;1;1.Menor de 15;5.32 a 36;1.Hasta Primaria/C.EGB Completa;2.2500 gramos y más;2
74;1;1;8.De 45 y más;5.32 a 36;3.Secundario/Polimodal Completa y más;1.Menos de 2500 gramos;1
18;1;1;5.30 a 34;4.28 a 31;2.Secundaria/Polimodal Incompleta;1.Menos de 2500 gramos;4
02;1;2;3.20 a 24;5.32 a 36;3.Secundario/Polimodal Completa y más;1.Menos de 2500 gramos;15
54;1;1;4.25 a 29;5.32 a 36;2.Secundaria/Polimodal Incompleta;1.Menos de 2500 gramos;21
90;1;2;3.20 a 24;7.42 y más;1.Hasta Primaria/C.EGB Completa;2.2500 gramos y más;30
70;1;1;2.15 a 19;3.24 a 27;2.Secundaria/Polimodal Incompleta;1.Menos de 2500 gramos;3
90;2;2;2.15 a 19;6.37 a 41;2.Secundaria/Polimodal Incompleta;1.Menos de 2500 gramos;4
22;1;1;6.35 a 39;6.37 a 41;3.Secundario/Polimodal Completa y más;1.Menos de 2500 gramos;6
70;1;2;4.25 a 29;3.24 a 27;3.Secundario/Polimodal Completa y más;1.Menos de 2500 gramos;1
54;1;1;6.35 a 39;7.42 y más;1.Hasta Primaria/C.EGB Completa;2.2500 gramos y más;1
42;1;1;5.30 a 34;5.32 a 36;1.Hasta Primaria/C.EGB Completa;1.Menos de 2500 gramos;1
06;1;2;6.35 a 39;3.24 a 27;3.Secundario/Polimodal Completa y más;1.Menos de 2500 gramos;21
06;1;1;4.25 a 29;8.Sin especificar;2.Secundaria/Polimodal Incompleta;1.Menos de 2500 gramos;5
06;1;9;4.25 a 29;5.32 a 36;1.Hasta Primaria/C.EGB Completa;2.2500 gramos y más;2
22;1;2;2.15 a 19;5.32 a 36;1.Hasta Primaria/C.EGB Completa;3.Sin especificar;1
26;2;1;6.35 a 39;4.28 a 31;3.Secundario/Polimodal Completa y más;1.Menos de 2500 gramos;2
02;1;1;2.15 a 19;4.28 a 31;1.Hasta Primaria/C.EGB Completa;1.Menos de 2500 gramos;2
42;1;2;3.20 a 24;5.32 a 36;1.Hasta Primaria/C.EGB Completa;1.Menos de 2500 gramos;1
54;1;1;6.35 a 39;8.Sin especificar;3.Secundario/Polimodal Completa y más;1.Menos de 2500 gramos;1
50;2;2;6.35 a 39;3.24 a 27;3.Secundario/Polimodal Completa y más;1.Menos de 2500 gramos;2
22;1;1;6.35 a 39;6.37 a 41;3.Secundario/Polimodal Completa y más;2.2500 gramos y más;464
86;1;1;4.25 a 29;8.Sin especificar;3.Secundario/Polimodal Completa y más;2.2500 gramos y más;1
82;1;2;4.25 a 29;7.42 y más;1.Hasta Primaria/C.EGB Completa;2.2500 gramos y más;9
54;1;1;4.25 a 29;4.28 a 31;3.Secundario/Polimodal Completa y más;1.Menos de 2500 gramos;8
10;1;2;3.20 a 24;6.37 a 41;4.Sin especificar;2.2500 gramos y más;6
30;2;1;2.15 a 19;6.37 a 41;2.Secundaria/Polimodal Incompleta;1.Menos de 2500 gramos;2
18;1;1;3.20 a 24;2.22 a 23;4.Sin especificar;1.Menos de 2500 gramos;1
02;1;1;8.De 45 y más;4.28 a 31;3.Secundario/Polimodal Completa y más;1.Menos de 2500 gramos;2
02;2;2;5.30 a 34;6.37 a 41;2.Secundaria/Polimodal Incompleta;1.Menos de 2500 gramos;1
54;1;2;7.40 a 44;5.32 a 36;4.Sin especificar;1.Menos de 2500 gramos;1
66;1;2;2.15 a 19;4.28 a 31;1.Hasta Primaria/C.EGB Completa;1.Menos de 2500 gramos;1
26;1;1;5.30 a 34;5.32 a 36;2.Secundaria/Polimodal Incompleta;1.Menos de 2500 gramos;6
18;1;1;4.25 a 29;6.37 a 41;1.Hasta Primaria/C.EGB Completa;1.Menos de 2500 gramos;2
99;1;9;3.20 a 24;6.37 a 41;3.Secundario/Polimodal Completa y más;2.2500 gramos y más;1
06;1;1;3.20 a 24;6.37 a 41;1.Hasta Primaria/C.EGB Completa;1.Menos de 2500 gramos;70
66;2;1;7.40 a 44;5.32 a 36;3.Secundario/Polimodal Completa y más;1.Menos de 2500 gramos;5
14;1;1;5.30 a 34;5.32 a 36;1.Hasta Primaria/C.EGB Completa;1.Menos de 2500 gramos;13
02;1;1;2.15 a 19;6.37 a 41;2.Secundaria/Polimodal Incompleta;2.2500 gramos y más;118
82;1;1;4.25 a 29;6.37 a 41;2.Secundaria/Polimodal Incompleta;2.2500 gramos y más;1150
99;9;1;8.De 45 y más;6.37 a 41;4.Sin especificar;2.2500 gramos y más;1
30;1;1;1.Menor de 15;6.37 a 41;1.Hasta Primaria/C.EGB Completa;2.2500 gramos y más;7
58;1;2;4.25 a 29;6.37 a 41;3.Secundario/Polimodal Completa y más;1.Menos de 2500 gramos;7
10;1;1;4.25 a 29;5.32 a 36;3.Secundario/Polimodal Completa y más;2.2500 gramos y más;16
78;1;2;5.30 a 34;6.37 a 41;2.Secundaria/Polimodal Incompleta;2.2500 gramos y más;66
82;1;2;1.Menor de 15;6.37 a 41;1.Hasta Primaria/C.EGB Completa;1.Menos de 2500 gramos;1
82;2;1;5.30 a 34;5.32 a 36;1.Hasta Primaria/C.EGB Completa;2.2500 gramos y más;3
30;2;1;3.20 a 24;8.Sin especificar;1.Hasta Primaria/C.EGB Completa;2.2500 gramos y más;1
06;1;1;6.35 a 39;8.Sin especificar;2.Secundaria/Polimodal Incompleta;1.Menos de 2500 gramos;1
42;1;2;3.20 a 24;3.24 a 27;3.Secundario/Polimodal Completa y más;1.Menos de 2500 gramos;1
30;2;2;7.40 a 44;6.37 a 41;1.Hasta Primaria/C.EGB Completa;1.Menos de 2500 gramos;2
50;1;2;3.20 a 24;7.42 y más;2.Secundaria/Polimodal Incompleta;2.2500 gramos y más;1
66;1;1;7.40 a 44;8.Sin especificar;2.Secundaria/Polimodal Incompleta;2.2500 gramos y más;1
02;9;1;2.15 a 19;6.37 a 41;4.Sin especificar;2.2500 gramos y más;7
34;1;2;5.30 a 34;5.32 a 36;1.Hasta Primaria/C.EGB Completa;2.2500 gramos y más;4
62;1;2;2.15 a 19;5.32 a 36;2.Secundaria/Polimodal Incompleta;1.Menos de 2500 gramos;6
14;1;2;5.30 a 34;6.37 a 41;2.Secundaria/Polimodal Incompleta;3.Sin especificar;1
74;1;2;5.30 a 34;5.32 a 36;3.Secundario/Polimodal Completa y más;2.2500 gramos y más;24
18;1;1;3.20 a 24;6.37 a 41;1.Hasta Primaria/C.EGB Completa;2.2500 gramos y más;260
38;2;2;6.35 a 39;6.37 a 41;3.Secundario/Polimodal Completa y más;1.Menos de 2500 gramos;2
30;9;2;5.30 a 34;6.37 a 41;4.Sin especificar;2.2500 gramos y más;2
90;1;1;2.15 a 19;6.37 a 41;1.Hasta Primaria/C.EGB Completa;2.2500 gramos y más;182
14;2;1;5.30 a 34;6.37 a 41;2.Secundaria/Polimodal Incompleta;1.Menos de 2500 gramos;1
70;1;1;1.Menor de 15;6.37 a 41;2.Secundaria/Polimodal Incompleta;2.2500 gramos y más;12
54;1;1;4.25 a 29;6.37 a 41;4.Sin especificar;2.2500 gramos y más;113
06;1;1;4.25 a 29;6.37 a 41;1.Hasta Primaria/C.EGB Completa;2.2500 gramos y más;2754
90;1;1;4.25 a 29;6.37 a 41;4.Sin especificar;1.Menos de 2500 gramos;1
30;1;1;6.35 a 39;6.37 a 41;1.Hasta Primaria/C.EGB Completa;2.2500 gramos y más;166
50;1;1;6.35 a 39;6.37 a 41;1.Hasta Primaria/C.EGB Completa;2.2500 gramos y más;179
62;1;1;4.25 a 29;6.37 a 41;3.Secundario/Polimodal Completa y más;1.Menos de 2500 gramos;6
06;1;2;6.35 a 39;8.Sin especificar;3.Secundario/Polimodal Completa y más;1.Menos de 2500 gramos;2
82;2;2;3.20 a 24;3.24 a 27;1.Hasta Primaria/C.EGB Completa;1.Menos de 2500 gramos;4
66;2;1;2.15 a 19;6.37 a 41;1.Hasta Primaria/C.EGB Completa;2.2500 gramos y más;1
70;1;1;3.20 a 24;5.32 a 36;2.Secundaria/Polimodal Incompleta;2.2500 gramos y más;7
18;1;1;3.20 a 24;5.32 a 36;1.Hasta Primaria/C.EGB Completa;1.Menos de 2500 gramos;8
02;1;1;5.30 a 34;5.32 a 36;4.Sin especificar;1.Menos de 2500 gramos;1
06;1;2;8.De 45 y más;6.37 a 41;3.Secundario/Polimodal Completa y más;2.2500 gramos y más;143
06;2;1;5.30 a 34;6.37 a 41;3.Secundario/Polimodal Completa y más;2.2500 gramos y más;69
06;9;2;5.30 a 34;5.32 a 36;4.Sin especificar;1.Menos de 2500 gramos;1
10;2;1;5.30 a 34;6.37 a 41;1.Hasta Primaria/C.EGB Completa;2.2500 gramos y más;1
22;1;2;4.25 a 29;5.32 a 36;1.Hasta Primaria/C.EGB Completa;1.Menos de 2500 gramos;20
22;1;1;4.25 a 29;6.37 a 41;1.Hasta Primaria/C.EGB Completa;2.2500 gramos y más;545
18;1;1;6.35 a 39;5.32 a 36;4.Sin especificar;2.2500 gramos y más;7
54;1;1;2.15 a 19;5.32 a 36;1.Hasta Primaria/C.EGB Completa;1.Menos de 2500 gramos;14
90;1;2;4.25 a 29;2.22 a 23;1.Hasta Primaria/C.EGB Completa;1.Menos de 2500 gramos;1
70;1;1;5.30 a 34;6.37 a 41;3.Secundario/Polimodal Completa y más;1.Menos de 2500 gramos;20
14;1;2;2.15 a 19;5.32 a 36;3.Secundario/Polimodal Completa y más;1.Menos de 2500 gramos;5
62;1;2;2.15 a 19;6.37 a 41;2.Secundaria/Polimodal Incompleta;1.Menos de 2500 gramos;5
74;2;1;4.25 a 29;6.37 a 41;4.Sin especificar;1.Menos de 2500 gramos;2
86;1;1;8.De 45 y más;6.37 a 41;1.Hasta Primaria/C.EGB Completa;2.2500 gramos y más;3
02;2;1;3.20 a 24;6.37 a 41;2.Secundaria/Polimodal Incompleta;2.2500 gramos y más;2
54;1;2;5.30 a 34;8.Sin especificar;3.Secundario/Polimodal Completa y más;2.2500 gramos y más;1
82;1;2;7.40 a 44;8.Sin especificar;1.Hasta Primaria/C.EGB Completa;2.2500 gramos y más;1
14;1;1;4.25 a 29;4.28 a 31;1.Hasta Primaria/C.EGB Completa;1.Menos de 2500 gramos;1
06;1;1;4.25 a 29;6.37 a 41;2.Secundaria/Polimodal Incompleta;2.2500 gramos y más;3902
54;1;1;6.35 a 39;6.37 a 41;3.Secundario/Polimodal Completa y más;2.2500 gramos y más;438
66;1;1;2.15 a 19;6.37 a 41;3.Secundario/Polimodal Completa y más;1.Menos de 2500 gramos;3
22;2;1;3.20 a 24;6.37 a 41;4.Sin especificar;1.Menos de 2500 gramos;2
18;2;2;5.30 a 34;6.37 a 41;3.Secundario/Polimodal Completa y más;2.2500 gramos y más;13
26;1;2;2.15 a 19;6.37 a 41;3.Secundario/Polimodal Completa y más;2.2500 gramos y más;60
70;1;1;2.15 a 19;5.32 a 36;1.Hasta Primaria/C.EGB Completa;2.2500 gramos y más;4
06;1;1;9.Sin especificar;6.37 a 41;1.Hasta Primaria/C.EGB Completa;2.2500 gramos y más;182
42;1;1;5.30 a 34;5.32 a 36;2.Secundaria/Polimodal Incompleta;2.2500 gramos y más;2
06;2;2;1.Menor de 15;5.32 a 36;2.Secundaria/Polimodal Incompleta;1.Menos de 2500 gramos;1
14;1;1;2.15 a 19;3.24 a 27;2.Secundaria/Polimodal Incompleta;1.Menos de 2500 gramos;3
30;2;2;5.30 a 34;5.32 a 36;3.Secundario/Polimodal Completa y más;2.2500 gramos y más;2
58;1;2;5.30 a 34;6.37 a 41;1.Hasta Primaria/C.EGB Completa;2.2500 gramos y más;57
54;1;1;3.20 a 24;3.24 a 27;3.Secundario/Polimodal Completa y más;1.Menos de 2500 gramos;3
06;1;1;9.Sin especificar;4.28 a 31;3.Secundario/Polimodal Completa y más;1.Menos de 2500 gramos;9
82;1;1;7.40 a 44;3.24 a 27;3.Secundario/Polimodal Completa y más;1.Menos de 2500 gramos;5
54;1;1;6.35 a 39;5.32 a 36;1.Hasta Primaria/C.EGB Completa;1.Menos de 2500 gramos;7
22;2;1;2.15 a 19;6.37 a 41;1.Hasta Primaria/C.EGB Completa;2.2500 gramos y más;2
22;1;2;3.20 a 24;8.Sin especificar;3.Secundario/Polimodal Completa y más;2.2500 gramos y más;5
06;2;2;3.20 a 24;8.Sin especificar;2.Secundaria/Polimodal Incompleta;2.2500 gramos y más;1
34;1;2;3.20 a 24;4.28 a 31;2.Secundaria/Polimodal Incompleta;1.Menos de 2500 gramos;2
30;1;2;3.20 a 24;5.32 a 36;2.Secundaria/Polimodal Incompleta;1.Menos de 2500 gramos;17
90;2;2;6.35 a 39;5.32 a 36;1.Hasta Primaria/C.EGB Completa;1.Menos de 2500 gramos;4
66;2;2;4.25 a 29;3.24 a 27;3.Secundario/Polimodal Completa y más;1.Menos de 2500 gramos;2
14;1;1;5.30 a 34;8.Sin especificar;3.Secundario/Polimodal Completa y más;1.Menos de 2500 gramos;1
58;2;2;3.20 a 24;4.28 a 31;3.Secundario/Polimodal Completa y más;1.Menos de 2500 gramos;2
06;1;2;1.Menor de 15;8.Sin especificar;4.Sin especificar;3.Sin especificar;4
90;1;1;2.15 a 19;8.Sin especificar;2.Secundaria/Polimodal Incompleta;2.2500 gramos y más;3
46;1;9;4.25 a 29;6.37 a 41;3.Secundario/Polimodal Completa y más;2.2500 gramos y más;1
86;2;2;5.30 a 34;6.37 a 41;2.Secundaria/Polimodal Incompleta;2.2500 gramos y más;2
14;2;1;3.20 a 24;6.37 a 41;1.Hasta Primaria/C.EGB Completa;2.2500 gramos y más;1
18;1;1;5.30 a 34;5.32 a 36;3.Secundario/Polimodal Completa y más;2.2500 gramos y más;36
02;1;1;2.15 a 19;6.37 a 41;3.Secundario/Polimodal Completa y más;2.2500 gramos y más;74
06;1;1;8.De 45 y más;6.37 a 41;4.Sin especificar;2.2500 gramos y más;18
06;1;2;5.30 a 34;6.37 a 41;4.Sin especificar;1.Menos de 2500 gramos;63
18;1;2;2.15 a 19;4.28 a 31;1.Hasta Primaria/C.EGB Completa;1.Menos de 2500 gramos;1
30;2;1;3.20 a 24;6.37 a 41;1.Hasta Primaria/C.EGB Completa;1.Menos de 2500 gramos;1
18;1;2;1.Menor de 15;6.37 a 41;2.Secundaria/Polimodal Incompleta;2.2500 gramos y más;5
06;1;2;4.25 a 29;8.Sin especificar;3.Secundario/Polimodal Completa y más;1.Menos de 2500 gramos;5
18;2;2;3.20 a 24;6.37 a 41;3.Secundario/Polimodal Completa y más;1.Menos de 2500 gramos;3
10;1;2;4.25 a 29;5.32 a 36;3.Secundario/Polimodal Completa y más;1.Menos de 2500 gramos;15
06;2;1;7.40 a 44;5.32 a 36;1.Hasta Primaria/C.EGB Completa;3.Sin especificar;1
50;1;1;5.30 a 34;5.32 a 36;1.Hasta Primaria/C.EGB Completa;1.Menos de 2500 gramos;4
90;1;1;4.25 a 29;5.32 a 36;3.Secundario/Polimodal Completa y más;1.Menos de 2500 gramos;49
06;1;1;7.40 a 44;6.37 a 41;1.Hasta Primaria/C.EGB Completa;1.Menos de 2500 gramos;18
86;1;2;2.15 a 19;5.32 a 36;2.Secundaria/Polimodal Incompleta;1.Menos de 2500 gramos;12
98;1;1;3.20 a 24;6.37 a 41;1.Hasta Primaria/C.EGB Completa;2.2500 gramos y más;3
14;2;2;4.25 a 29;4.28 a 31;2.Secundaria/Polimodal Incompleta;1.Menos de 2500 gramos;1
18;1;1;5.30 a 34;5.32 a 36;2.Secundaria/Polimodal Incompleta;1.Menos de 2500 gramos;10
06;1;2;2.15 a 19;6.37 a 41;2.Secundaria/Polimodal Incompleta;2.2500 gramos y más;2998
74;1;1;2.15 a 19;6.37 a 41;3.Secundario/Polimodal Completa y más;1.Menos de 2500 gramos;2
66;1;2;1.Menor de 15;5.32 a 36;4.Sin especificar;2.2500 gramos y más;1
90;1;2;6.35 a 39;8.Sin especificar;3.Secundario/Polimodal Completa y más;1.Menos de 2500 gramos;1
06;1;2;5.30 a 34;4.28 a 31;2.Secundaria/Polimodal Incompleta;3.Sin especificar;1
86;1;2;3.20 a 24;6.37 a 41;4.Sin especificar;1.Menos de 2500 gramos;1
90;1;2;2.15 a 19;6.37 a 41;4.Sin especificar;2.2500 gramos y más;5
54;1;2;5.30 a 34;5.32 a 36;3.Secundario/Polimodal Completa y más;1.Menos de 2500 gramos;27
06;1;2;4.25 a 29;5.32 a 36;4.Sin especificar;1.Menos de 2500 gramos;76
34;1;2;7.40 a 44;5.32 a 36;4.Sin especificar;1.Menos de 2500 gramos;3
86;1;2;5.30 a 34;6.37 a 41;3.Secundario/Polimodal Completa y más;2.2500 gramos y más;515
90;1;2;7.40 a 44;6.37 a 41;4.Sin especificar;2.2500 gramos y más;2
26;2;2;6.35 a 39;6.37 a 41;2.Secundaria/Polimodal Incompleta;2.2500 gramos y más;1
82;1;2;6.35 a 39;6.37 a 41;3.Secundario/Polimodal Completa y más;1.Menos de 2500 gramos;46
90;1;1;4.25 a 29;3.24 a 27;3.Secundario/Polimodal Completa y más;1.Menos de 2500 gramos;5
02;9;1;5.30 a 34;5.32 a 36;4.Sin especificar;1.Menos de 2500 gramos;4
62;1;2;5.30 a 34;5.32 a 36;3.Secundario/Polimodal Completa y más;1.Menos de 2500 gramos;15
06;1;2;3.20 a 24;3.24 a 27;1.Hasta Primaria/C.EGB Completa;1.Menos de 2500 gramos;1
90;2;1;5.30 a 34;6.37 a 41;3.Secundario/Polimodal Completa y más;2.2500 gramos y más;10
18;1;2;4.25 a 29;4.28 a 31;3.Secundario/Polimodal Completa y más;1.Menos de 2500 gramos;7
74;1;1;2.15 a 19;5.32 a 36;1.Hasta Primaria/C.EGB Completa;2.2500 gramos y más;1
42;1;2;3.20 a 24;5.32 a 36;1.Hasta Primaria/C.EGB Completa;2.2500 gramos y más;1
50;1;1;7.40 a 44;5.32 a 36;3.Secundario/Polimodal Completa y más;1.Menos de 2500 gramos;10
30;1;1;8.De 45 y más;6.37 a 41;1.Hasta Primaria/C.EGB Completa;2.2500 gramos y más;3
50;1;2;4.25 a 29;3.24 a 27;2.Secundaria/Polimodal Incompleta;1.Menos de 2500 gramos;2
10;1;1;6.35 a 39;6.37 a 41;1.Hasta Primaria/C.EGB Completa;2.2500 gramos y más;34
06;1;1;5.30 a 34;3.24 a 27;4.Sin especificar;1.Menos de 2500 gramos;2
30;1;1;5.30 a 34;5.32 a 36;3.Secundario/Polimodal Completa y más;1.Menos de 2500 gramos;24
62;1;1;6.35 a 39;8.Sin especificar;1.Hasta Primaria/C.EGB Completa;2.2500 gramos y más;1
90;1;2;4.25 a 29;6.37 a 41;2.Secundaria/Polimodal Incompleta;1.Menos de 2500 gramos;15
78;1;1;3.20 a 24;8.Sin especificar;2.Secundaria/Polimodal Incompleta;2.2500 gramos y más;1
90;1;2;3.20 a 24;3.24 a 27;1.Hasta Primaria/C.EGB Completa;1.Menos de 2500 gramos;2
06;1;1;5.30 a 34;4.28 a 31;3.Secundario/Polimodal Completa y más;2.2500 gramos y más;4
86;1;1;3.20 a 24;6.37 a 41;1.Hasta Primaria/C.EGB Completa;1.Menos de 2500 gramos;19
78;1;2;1.Menor de 15;5.32 a 36;2.Secundaria/Polimodal Incompleta;2.2500 gramos y más;1
18;2;1;5.30 a 34;3.24 a 27;1.Hasta Primaria/C.EGB Completa;1.Menos de 2500 gramos;1
06;1;1;4.25 a 29;5.32 a 36;1.Hasta Primaria/C.EGB Completa;1.Menos de 2500 gramos;89
22;1;1;4.25 a 29;5.32 a 36;3.Secundario/Polimodal Completa y más;2.2500 gramos y más;52
58;1;2;5.30 a 34;5.32 a 36;1.Hasta Primaria/C.EGB Completa;1.Menos de 2500 gramos;1
22;1;1;3.20 a 24;5.32 a 36;3.Secundario/Polimodal Completa y más;1.Menos de 2500 gramos;47
18;9;1;6.35 a 39;6.37 a 41;4.Sin especificar;2.2500 gramos y más;1
06;1;1;7.40 a 44;6.37 a 41;3.Secundario/Polimodal Completa y más;3.Sin especificar;24
70;2;2;5.30 a 34;6.37 a 41;3.Secundario/Polimodal Completa y más;2.2500 gramos y más;5
54;1;1;4.25 a 29;6.37 a 41;2.Secundaria/Polimodal Incompleta;2.2500 gramos y más;432
26;1;2;5.30 a 34;6.37 a 41;3.Secundario/Polimodal Completa y más;1.Menos de 2500 gramos;9
30;1;1;2.15 a 19;4.28 a 31;1.Hasta Primaria/C.EGB Completa;2.2500 gramos y más;1
26;1;1;5.30 a 34;5.32 a 36;2.Secundaria/Polimodal Incompleta;2.2500 gramos y más;4
06;1;2;8.De 45 y más;6.37 a 41;3.Secundario/Polimodal Completa y más;1.Menos de 2500 gramos;8
54;1;2;3.20 a 24;6.37 a 41;3.Secundario/Polimodal Completa y más;2.2500 gramos y más;756
22;2;1;5.30 a 34;6.37 a 41;2.Secundaria/Polimodal Incompleta;1.Menos de 2500 gramos;1
06;1;1;3.20 a 24;3.24 a 27;2.Secundaria/Polimodal Incompleta;1.Menos de 2500 gramos;6
66;2;1;4.25 a 29;6.37 a 41;2.Secundaria/Polimodal Incompleta;1.Menos de 2500 gramos;1
90;1;2;3.20 a 24;8.Sin especificar;2.Secundaria/Polimodal Incompleta;2.2500 gramos y más;16
50;1;1;7.40 a 44;6.37 a 41;1.Hasta Primaria/C.EGB Completa;2.2500 gramos y más;65
46;1;2;4.25 a 29;6.37 a 41;3.Secundario/Polimodal Completa y más;2.2500 gramos y más;427
26;1;1;3.20 a 24;5.32 a 36;3.Secundario/Polimodal Completa y más;2.2500 gramos y más;7
74;1;2;3.20 a 24;4.28 a 31;3.Secundario/Polimodal Completa y más;1.Menos de 2500 gramos;5
22;2;2;2.15 a 19;3.24 a 27;1.Hasta Primaria/C.EGB Completa;1.Menos de 2500 gramos;2
66;1;1;4.25 a 29;4.28 a 31;2.Secundaria/Polimodal Incompleta;1.Menos de 2500 gramos;2
30;2;1;6.35 a 39;6.37 a 41;2.Secundaria/Polimodal Incompleta;2.2500 gramos y más;3
46;1;1;2.15 a 19;6.37 a 41;3.Secundario/Polimodal Completa y más;2.2500 gramos y más;61
06;1;1;7.40 a 44;6.37 a 41;1.Hasta Primaria/C.EGB Completa;3.Sin especificar;6
58;1;1;3.20 a 24;6.37 a 41;2.Secundaria/Polimodal Incompleta;1.Menos de 2500 gramos;2
30;1;1;5.30 a 34;6.37 a 41;3.Secundario/Polimodal Completa y más;2.2500 gramos y más;1121
78;2;2;5.30 a 34;4.28 a 31;3.Secundario/Polimodal Completa y más;1.Menos de 2500 gramos;1
70;2;1;4.25 a 29;5.32 a 36;1.Hasta Primaria/C.EGB Completa;1.Menos de 2500 gramos;3
18;1;2;6.35 a 39;7.42 y más;3.Secundario/Polimodal Completa y más;2.2500 gramos y más;1
10;1;1;2.15 a 19;5.32 a 36;3.Secundario/Polimodal Completa y más;1.Menos de 2500 gramos;1
58;1;2;4.25 a 29;5.32 a 36;1.Hasta Primaria/C.EGB Completa;2.2500 gramos y más;4
90;1;2;3.20 a 24;7.42 y más;1.Hasta Primaria/C.EGB Completa;1.Menos de 2500 gramos;1
22;1;2;3.20 a 24;3.24 a 27;3.Secundario/Polimodal Completa y más;1.Menos de 2500 gramos;3
02;1;1;7.40 a 44;5.32 a 36;3.Secundario/Polimodal Completa y más;1.Menos de 2500 gramos;34
26;1;2;5.30 a 34;6.37 a 41;3.Secundario/Polimodal Completa y más;2.2500 gramos y más;487
90;1;1;2.15 a 19;8.Sin especificar;3.Secundario/Polimodal Completa y más;2.2500 gramos y más;4
46;1;2;5.30 a 34;4.28 a 31;3.Secundario/Polimodal Completa y más;1.Menos de 2500 gramos;1
02;1;2;8.De 45 y más;6.37 a 41;2.Secundaria/Polimodal Incompleta;2.2500 gramos y más;3
46;1;2;4.25 a 29;8.Sin especificar;3.Secundario/Polimodal Completa y más;2.2500 gramos y más;1
54;2;2;3.20 a 24;6.37 a 41;3.Secundario/Polimodal Completa y más;2.2500 gramos y más;2
10;1;2;4.25 a 29;5.32 a 36;2.Secundaria/Polimodal Incompleta;1.Menos de 2500 gramos;1
02;2;1;4.25 a 29;3.24 a 27;3.Secundario/Polimodal Completa y más;1.Menos de 2500 gramos;2
82;2;1;3.20 a 24;5.32 a 36;3.Secundario/Polimodal Completa y más;1.Menos de 2500 gramos;3
30;2;2;5.30 a 34;8.Sin especificar;2.Secundaria/Polimodal Incompleta;2.2500 gramos y más;1
66;1;1;2.15 a 19;6.37 a 41;1.Hasta Primaria/C.EGB Completa;1.Menos de 2500 gramos;10
10;1;2;1.Menor de 15;6.37 a 41;2.Secundaria/Polimodal Incompleta;1.Menos de 2500 gramos;1
06;1;1;4.25 a 29;4.28 a 31;2.Secundaria/Polimodal Incompleta;1.Menos de 2500 gramos;25
06;1;1;6.35 a 39;5.32 a 36;2.Secundaria/Polimodal Incompleta;3.Sin especificar;6
02;2;1;3.20 a 24;5.32 a 36;2.Secundaria/Polimodal Incompleta;2.2500 gramos y más;1
46;2;2;3.20 a 24;5.32 a 36;2.Secundaria/Polimodal Incompleta;1.Menos de 2500 gramos;4
06;1;1;8.De 45 y más;8.Sin especificar;4.Sin especificar;3.Sin especificar;1
78;1;2;2.15 a 19;5.32 a 36;1.Hasta Primaria/C.EGB Completa;2.2500 gramos y más;2
26;9;2;5.30 a 34;5.32 a 36;4.Sin especificar;1.Menos de 2500 gramos;2
82;2;2;5.30 a 34;6.37 a 41;2.Secundaria/Polimodal Incompleta;2.2500 gramos y más;7
78;1;1;5.30 a 34;6.37 a 41;3.Secundario/Polimodal Completa y más;1.Menos de 2500 gramos;8
66;1;2;5.30 a 34;6.37 a 41;2.Secundaria/Polimodal Incompleta;1.Menos de 2500 gramos;4
90;1;1;5.30 a 34;3.24 a 27;3.Secundario/Polimodal Completa y más;1.Menos de 2500 gramos;4
54;2;1;3.20 a 24;5.32 a 36;2.Secundaria/Polimodal Incompleta;2.2500 gramos y más;1
06;1;1;7.40 a 44;2.22 a 23;3.Secundario/Polimodal Completa y más;1.Menos de 2500 gramos;2
54;1;2;7.40 a 44;6.37 a 41;3.Secundario/Polimodal Completa y más;1.Menos de 2500 gramos;3
86;1;1;5.30 a 34;7.42 y más;1.Hasta Primaria/C.EGB Completa;2.2500 gramos y más;11
14;1;2;2.15 a 19;8.Sin especificar;2.Secundaria/Polimodal Incompleta;1.Menos de 2500 gramos;1
66;1;1;6.35 a 39;6.37 a 41;4.Sin especificar;1.Menos de 2500 gramos;1
06;9;1;2.15 a 19;6.37 a 41;4.Sin especificar;3.Sin especificar;3
02;2;2;3.20 a 24;3.24 a 27;3.Secundario/Polimodal Completa y más;1.Menos de 2500 gramos;2
90;1;2;2.15 a 19;4.28 a 31;2.Secundaria/Polimodal Incompleta;2.2500 gramos y más;1
46;1;2;1.Menor de 15;6.37 a 41;2.Secundaria/Polimodal Incompleta;2.2500 gramos y más;3
78;1;2;2.15 a 19;3.24 a 27;2.Secundaria/Polimodal Incompleta;1.Menos de 2500 gramos;1
46;1;1;3.20 a 24;3.24 a 27;3.Secundario/Polimodal Completa y más;1.Menos de 2500 gramos;1
06;1;1;5.30 a 34;8.Sin especificar;2.Secundaria/Polimodal Incompleta;2.2500 gramos y más;8
66;2;2;5.30 a 34;4.28 a 31;3.Secundario/Polimodal Completa y más;1.Menos de 2500 gramos;2
18;1;1;5.30 a 34;7.42 y más;1.Hasta Primaria/C.EGB Completa;2.2500 gramos y más;1
38;1;1;2.15 a 19;5.32 a 36;1.Hasta Primaria/C.EGB Completa;1.Menos de 2500 gramos;6
54;1;1;4.25 a 29;6.37 a 41;1.Hasta Primaria/C.EGB Completa;2.2500 gramos y más;678
06;1;1;5.30 a 34;8.Sin especificar;2.Secundaria/Polimodal Incompleta;3.Sin especificar;3
86;1;1;5.30 a 34;6.37 a 41;3.Secundario/Polimodal Completa y más;2.2500 gramos y más;454
78;1;2;6.35 a 39;8.Sin especificar;1.Hasta Primaria/C.EGB Completa;2.2500 gramos y más;1
06;9;1;8.De 45 y más;8.Sin especificar;4.Sin especificar;3.Sin especificar;6
82;2;1;3.20 a 24;6.37 a 41;1.Hasta Primaria/C.EGB Completa;2.2500 gramos y más;7
90;2;1;5.30 a 34;5.32 a 36;1.Hasta Primaria/C.EGB Completa;1.Menos de 2500 gramos;13
30;1;2;4.25 a 29;6.37 a 41;2.Secundaria/Polimodal Incompleta;2.2500 gramos y más;407
86;1;1;6.35 a 39;4.28 a 31;3.Secundario/Polimodal Completa y más;2.2500 gramos y más;1
30;1;2;6.35 a 39;6.37 a 41;2.Secundaria/Polimodal Incompleta;2.2500 gramos y más;123
66;1;2;3.20 a 24;1.Menos de 22;1.Hasta Primaria/C.EGB Completa;1.Menos de 2500 gramos;1
54;2;2;3.20 a 24;5.32 a 36;4.Sin especificar;1.Menos de 2500 gramos;2
78;1;1;3.20 a 24;5.32 a 36;1.Hasta Primaria/C.EGB Completa;2.2500 gramos y más;4
99;1;1;3.20 a 24;8.Sin especificar;4.Sin especificar;3.Sin especificar;1
42;1;1;7.40 a 44;5.32 a 36;3.Secundario/Polimodal Completa y más;1.Menos de 2500 gramos;2
06;2;1;4.25 a 29;8.Sin especificar;3.Secundario/Polimodal Completa y más;2.2500 gramos y más;1
06;1;2;9.Sin especificar;7.42 y más;3.Secundario/Polimodal Completa y más;1.Menos de 2500 gramos;1
50;1;2;2.15 a 19;6.37 a 41;3.Secundario/Polimodal Completa y más;1.Menos de 2500 gramos;3
38;1;2;7.40 a 44;5.32 a 36;3.Secundario/Polimodal Completa y más;1.Menos de 2500 gramos;3
94;1;2;5.30 a 34;6.37 a 41;3.Secundario/Polimodal Completa y más;1.Menos de 2500 gramos;3
22;2;2;2.15 a 19;6.37 a 41;3.Secundario/Polimodal Completa y más;1.Menos de 2500 gramos;4
70;1;2;3.20 a 24;6.37 a 41;3.Secundario/Polimodal Completa y más;1.Menos de 2500 gramos;17
06;9;1;5.30 a 34;6.37 a 41;4.Sin especificar;3.Sin especificar;6
62;1;2;7.40 a 44;5.32 a 36;3.Secundario/Polimodal Completa y más;2.2500 gramos y más;10
50;1;2;1.Menor de 15;6.37 a 41;1.Hasta Primaria/C.EGB Completa;2.2500 gramos y más;2
54;1;1;4.25 a 29;3.24 a 27;3.Secundario/Polimodal Completa y más;1.Menos de 2500 gramos;1
82;1;2;5.30 a 34;2.22 a 23;1.Hasta Primaria/C.EGB Completa;1.Menos de 2500 gramos;1
90;1;1;3.20 a 24;5.32 a 36;1.Hasta Primaria/C.EGB Completa;1.Menos de 2500 gramos;23
62;1;2;2.15 a 19;8.Sin especificar;4.Sin especificar;2.2500 gramos y más;1
70;1;1;4.25 a 29;5.32 a 36;1.Hasta Primaria/C.EGB Completa;1.Menos de 2500 gramos;6
06;1;1;4.25 a 29;7.42 y más;3.Secundario/Polimodal Completa y más;2.2500 gramos y más;46
94;2;1;6.35 a 39;6.37 a 41;3.Secundario/Polimodal Completa y más;2.2500 gramos y más;1
06;1;2;9.Sin especificar;5.32 a 36;4.Sin especificar;3.Sin especificar;1
86;2;1;4.25 a 29;6.37 a 41;1.Hasta Primaria/C.EGB Completa;2.2500 gramos y más;2
90;1;1;2.15 a 19;7.42 y más;3.Secundario/Polimodal Completa y más;2.2500 gramos y más;8
86;1;1;6.35 a 39;4.28 a 31;1.Hasta Primaria/C.EGB Completa;1.Menos de 2500 gramos;3
30;2;1;5.30 a 34;5.32 a 36;1.Hasta Primaria/C.EGB Completa;1.Menos de 2500 gramos;4
78;1;2;7.40 a 44;5.32 a 36;2.Secundaria/Polimodal Incompleta;2.2500 gramos y más;4
74;1;2;6.35 a 39;4.28 a 31;3.Secundario/Polimodal Completa y más;1.Menos de 2500 gramos;1
02;1;2;2.15 a 19;6.37 a 41;2.Secundaria/Polimodal Incompleta;1.Menos de 2500 gramos;2
78;1;2;2.15 a 19;6.37 a 41;1.Hasta Primaria/C.EGB Completa;2.2500 gramos y más;22
06;9;1;2.15 a 19;4.28 a 31;4.Sin especificar;1.Menos de 2500 gramos;1
94;1;1;6.35 a 39;6.37 a 41;4.Sin especificar;2.2500 gramos y más;1
99;1;2;3.20 a 24;6.37 a 41;4.Sin especificar;2.2500 gramos y más;3
70;2;1;6.35 a 39;6.37 a 41;2.Secundaria/Polimodal Incompleta;1.Menos de 2500 gramos;1
18;1;1;1.Menor de 15;5.32 a 36;4.Sin especificar;1.Menos de 2500 gramos;1
34;1;2;2.15 a 19;4.28 a 31;1.Hasta Primaria/C.EGB Completa;1.Menos de 2500 gramos;1
22;1;2;4.25 a 29;8.Sin especificar;2.Secundaria/Polimodal Incompleta;2.2500 gramos y más;4
90;1;2;7.40 a 44;6.37 a 41;1.Hasta Primaria/C.EGB Completa;2.2500 gramos y más;92
06;1;1;9.Sin especificar;6.37 a 41;1.Hasta Primaria/C.EGB Completa;3.Sin especificar;7
90;1;2;2.15 a 19;1.Menos de 22;3.Secundario/Polimodal Completa y más;1.Menos de 2500 gramos;1
06;1;1;6.35 a 39;6.37 a 41;2.Secundaria/Polimodal Incompleta;3.Sin especificar;10
06;9;1;3.20 a 24;5.32 a 36;4.Sin especificar;1.Menos de 2500 gramos;1
50;1;2;6.35 a 39;5.32 a 36;1.Hasta Primaria/C.EGB Completa;2.2500 gramos y más;7
06;9;2;5.30 a 34;6.37 a 41;3.Secundario/Polimodal Completa y más;2.2500 gramos y más;2
06;1;1;7.40 a 44;6.37 a 41;2.Secundaria/Polimodal Incompleta;3.Sin especificar;7
70;1;1;6.35 a 39;6.37 a 41;3.Secundario/Polimodal Completa y más;1.Menos de 2500 gramos;13
70;1;2;4.25 a 29;6.37 a 41;2.Secundaria/Polimodal Incompleta;2.2500 gramos y más;426
54;1;1;3.20 a 24;5.32 a 36;1.Hasta Primaria/C.EGB Completa;1.Menos de 2500 gramos;11
06;1;9;5.30 a 34;6.37 a 41;4.Sin especificar;2.2500 gramos y más;17
86;2;2;3.20 a 24;5.32 a 36;2.Secundaria/Polimodal Incompleta;1.Menos de 2500 gramos;1
90;1;2;3.20 a 24;8.Sin especificar;1.Hasta Primaria/C.EGB Completa;1.Menos de 2500 gramos;1
62;1;1;2.15 a 19;5.32 a 36;1.Hasta Primaria/C.EGB Completa;1.Menos de 2500 gramos;3
06;2;2;7.40 a 44;6.37 a 41;3.Secundario/Polimodal Completa y más;2.2500 gramos y más;10
50;1;2;4.25 a 29;3.24 a 27;3.Secundario/Polimodal Completa y más;1.Menos de 2500 gramos;6
18;1;2;2.15 a 19;6.37 a 41;2.Secundaria/Polimodal Incompleta;3.Sin especificar;1
99;1;1;3.20 a 24;5.32 a 36;3.Secundario/Polimodal Completa y más;2.2500 gramos y más;1
50;1;1;3.20 a 24;5.32 a 36;3.Secundario/Polimodal Completa y más;2.2500 gramos y más;24
06;2;2;6.35 a 39;3.24 a 27;3.Secundario/Polimodal Completa y más;1.Menos de 2500 gramos;3
22;1;2;3.20 a 24;6.37 a 41;1.Hasta Primaria/C.EGB Completa;2.2500 gramos y más;522
74;1;2;7.40 a 44;5.32 a 36;2.Secundaria/Polimodal Incompleta;2.2500 gramos y más;1
46;1;2;7.40 a 44;6.37 a 41;2.Secundaria/Polimodal Incompleta;2.2500 gramos y más;4
26;1;1;5.30 a 34;5.32 a 36;1.Hasta Primaria/C.EGB Completa;2.2500 gramos y más;3
46;1;2;9.Sin especificar;6.37 a 41;1.Hasta Primaria/C.EGB Completa;2.2500 gramos y más;1
06;2;2;7.40 a 44;6.37 a 41;3.Secundario/Polimodal Completa y más;1.Menos de 2500 gramos;6
10;1;1;5.30 a 34;6.37 a 41;3.Secundario/Polimodal Completa y más;1.Menos de 2500 gramos;6
46;1;2;9.Sin especificar;6.37 a 41;4.Sin especificar;3.Sin especificar;4
54;1;1;1.Menor de 15;5.32 a 36;1.Hasta Primaria/C.EGB Completa;2.2500 gramos y más;2
78;1;1;5.30 a 34;6.37 a 41;1.Hasta Primaria/C.EGB Completa;2.2500 gramos y más;53
14;2;1;6.35 a 39;6.37 a 41;3.Secundario/Polimodal Completa y más;2.2500 gramos y más;18
70;1;2;7.40 a 44;5.32 a 36;2.Secundaria/Polimodal Incompleta;1.Menos de 2500 gramos;1
66;1;2;2.15 a 19;6.37 a 41;4.Sin especificar;2.2500 gramos y más;14
82;2;2;7.40 a 44;5.32 a 36;3.Secundario/Polimodal Completa y más;1.Menos de 2500 gramos;8
18;1;2;1.Menor de 15;6.37 a 41;1.Hasta Primaria/C.EGB Completa;2.2500 gramos y más;8
14;1;1;2.15 a 19;2.22 a 23;3.Secundario/Polimodal Completa y más;1.Menos de 2500 gramos;1
78;2;2;4.25 a 29;6.37 a 41;2.Secundaria/Polimodal Incompleta;2.2500 gramos y más;2
50;1;1;7.40 a 44;6.37 a 41;3.Secundario/Polimodal Completa y más;2.2500 gramos y más;290
94;1;2;7.40 a 44;6.37 a 41;1.Hasta Primaria/C.EGB Completa;2.2500 gramos y más;1
06;1;1;6.35 a 39;5.32 a 36;3.Secundario/Polimodal Completa y más;2.2500 gramos y más;399
70;1;1;2.15 a 19;2.22 a 23;2.Secundaria/Polimodal Incompleta;1.Menos de 2500 gramos;2
22;1;2;5.30 a 34;4.28 a 31;1.Hasta Primaria/C.EGB Completa;1.Menos de 2500 gramos;2
30;1;1;6.35 a 39;6.37 a 41;1.Hasta Primaria/C.EGB Completa;1.Menos de 2500 gramos;2
42;2;2;5.30 a 34;5.32 a 36;2.Secundaria/Polimodal Incompleta;1.Menos de 2500 gramos;1
54;1;2;6.35 a 39;5.32 a 36;2.Secundaria/Polimodal Incompleta;1.Menos de 2500 gramos;4
06;9;2;5.30 a 34;5.32 a 36;4.Sin especificar;2.2500 gramos y más;4
34;1;1;2.15 a 19;3.24 a 27;3.Secundario/Polimodal Completa y más;1.Menos de 2500 gramos;1
18;1;2;6.35 a 39;5.32 a 36;3.Secundario/Polimodal Completa y más;1.Menos de 2500 gramos;17
62;1;2;5.30 a 34;5.32 a 36;2.Secundaria/Polimodal Incompleta;3.Sin especificar;1
34;1;1;7.40 a 44;5.32 a 36;2.Secundaria/Polimodal Incompleta;2.2500 gramos y más;3
26;1;1;7.40 a 44;6.37 a 41;1.Hasta Primaria/C.EGB Completa;2.2500 gramos y más;10
22;1;2;2.15 a 19;8.Sin especificar;1.Hasta Primaria/C.EGB Completa;3.Sin especificar;1
18;2;2;3.20 a 24;6.37 a 41;2.Secundaria/Polimodal Incompleta;1.Menos de 2500 gramos;1
94;1;2;5.30 a 34;5.32 a 36;1.Hasta Primaria/C.EGB Completa;2.2500 gramos y más;1
18;2;1;5.30 a 34;6.37 a 41;4.Sin especificar;1.Menos de 2500 gramos;1
54;2;2;6.35 a 39;6.37 a 41;3.Secundario/Polimodal Completa y más;2.2500 gramos y más;3
54;1;1;1.Menor de 15;6.37 a 41;2.Secundaria/Polimodal Incompleta;2.2500 gramos y más;33
34;1;2;4.25 a 29;5.32 a 36;4.Sin especificar;2.2500 gramos y más;29
66;1;1;5.30 a 34;3.24 a 27;2.Secundaria/Polimodal Incompleta;1.Menos de 2500 gramos;1
02;9;1;1.Menor de 15;6.37 a 41;4.Sin especificar;2.2500 gramos y más;2
90;2;2;5.30 a 34;5.32 a 36;3.Secundario/Polimodal Completa y más;2.2500 gramos y más;5
90;2;1;2.15 a 19;5.32 a 36;2.Secundaria/Polimodal Incompleta;1.Menos de 2500 gramos;5
06;2;2;5.30 a 34;8.Sin especificar;4.Sin especificar;3.Sin especificar;3
86;1;1;4.25 a 29;3.24 a 27;3.Secundario/Polimodal Completa y más;1.Menos de 2500 gramos;4
02;1;1;6.35 a 39;2.22 a 23;3.Secundario/Polimodal Completa y más;1.Menos de 2500 gramos;1
38;2;1;4.25 a 29;5.32 a 36;3.Secundario/Polimodal Completa y más;1.Menos de 2500 gramos;5
14;1;2;2.15 a 19;5.32 a 36;2.Secundaria/Polimodal Incompleta;1.Menos de 2500 gramos;40
26;1;1;4.25 a 29;5.32 a 36;2.Secundaria/Polimodal Incompleta;1.Menos de 2500 gramos;8
66;1;1;2.15 a 19;5.32 a 36;1.Hasta Primaria/C.EGB Completa;2.2500 gramos y más;5
70;2;1;4.25 a 29;6.37 a 41;1.Hasta Primaria/C.EGB Completa;2.2500 gramos y más;1
50;2;2;8.De 45 y más;4.28 a 31;3.Secundario/Polimodal Completa y más;1.Menos de 2500 gramos;3
78;1;1;5.30 a 34;6.37 a 41;1.Hasta Primaria/C.EGB Completa;1.Menos de 2500 gramos;1
02;2;1;6.35 a 39;6.37 a 41;1.Hasta Primaria/C.EGB Completa;1.Menos de 2500 gramos;1
58;1;1;3.20 a 24;6.37 a 41;1.Hasta Primaria/C.EGB Completa;1.Menos de 2500 gramos;1
06;1;1;1.Menor de 15;5.32 a 36;2.Secundaria/Polimodal Incompleta;1.Menos de 2500 gramos;5
50;1;2;6.35 a 39;6.37 a 41;2.Secundaria/Polimodal Incompleta;1.Menos de 2500 gramos;7
90;2;2;2.15 a 19;5.32 a 36;1.Hasta Primaria/C.EGB Completa;1.Menos de 2500 gramos;6
82;1;2;3.20 a 24;4.28 a 31;3.Secundario/Polimodal Completa y más;2.2500 gramos y más;2
78;1;1;1.Menor de 15;6.37 a 41;2.Secundaria/Polimodal Incompleta;2.2500 gramos y más;1
70;2;2;4.25 a 29;5.32 a 36;3.Secundario/Polimodal Completa y más;2.2500 gramos y más;1
38;1;2;4.25 a 29;3.24 a 27;2.Secundaria/Polimodal Incompleta;1.Menos de 2500 gramos;1
34;1;2;2.15 a 19;8.Sin especificar;1.Hasta Primaria/C.EGB Completa;2.2500 gramos y más;1
22;1;2;1.Menor de 15;5.32 a 36;2.Secundaria/Polimodal Incompleta;2.2500 gramos y más;2
90;2;2;6.35 a 39;6.37 a 41;3.Secundario/Polimodal Completa y más;2.2500 gramos y más;10
14;2;1;4.25 a 29;5.32 a 36;1.Hasta Primaria/C.EGB Completa;2.2500 gramos y más;1
86;1;1;4.25 a 29;3.24 a 27;1.Hasta Primaria/C.EGB Completa;1.Menos de 2500 gramos;3
86;1;1;7.40 a 44;2.22 a 23;3.Secundario/Polimodal Completa y más;1.Menos de 2500 gramos;1
30;1;2;7.40 a 44;6.37 a 41;3.Secundario/Polimodal Completa y más;2.2500 gramos y más;176
06;1;2;2.15 a 19;6.37 a 41;4.Sin especificar;2.2500 gramos y más;642
50;2;2;2.15 a 19;5.32 a 36;2.Secundaria/Polimodal Incompleta;1.Menos de 2500 gramos;1
99;9;2;2.15 a 19;8.Sin especificar;4.Sin especificar;3.Sin especificar;2
66;2;1;4.25 a 29;5.32 a 36;3.Secundario/Polimodal Completa y más;2.2500 gramos y más;2
22;1;1;6.35 a 39;6.37 a 41;4.Sin especificar;2.2500 gramos y más;7
30;1;2;2.15 a 19;3.24 a 27;2.Secundaria/Polimodal Incompleta;1.Menos de 2500 gramos;2
06;1;9;3.20 a 24;5.32 a 36;3.Secundario/Polimodal Completa y más;1.Menos de 2500 gramos;1
22;1;2;4.25 a 29;5.32 a 36;4.Sin especificar;1.Menos de 2500 gramos;3
54;1;1;4.25 a 29;4.28 a 31;2.Secundaria/Polimodal Incompleta;1.Menos de 2500 gramos;4
02;1;2;6.35 a 39;5.32 a 36;2.Secundaria/Polimodal Incompleta;1.Menos de 2500 gramos;11
70;1;2;3.20 a 24;6.37 a 41;1.Hasta Primaria/C.EGB Completa;1.Menos de 2500 gramos;6
70;2;2;3.20 a 24;6.37 a 41;3.Secundario/Polimodal Completa y más;1.Menos de 2500 gramos;4
10;2;2;6.35 a 39;6.37 a 41;3.Secundario/Polimodal Completa y más;2.2500 gramos y más;1
22;1;2;2.15 a 19;3.24 a 27;2.Secundaria/Polimodal Incompleta;1.Menos de 2500 gramos;4
86;1;2;5.30 a 34;2.22 a 23;1.Hasta Primaria/C.EGB Completa;1.Menos de 2500 gramos;1
90;1;2;5.30 a 34;5.32 a 36;3.Secundario/Polimodal Completa y más;2.2500 gramos y más;96
34;1;1;4.25 a 29;6.37 a 41;2.Secundaria/Polimodal Incompleta;1.Menos de 2500 gramos;3
46;1;2;5.30 a 34;5.32 a 36;2.Secundaria/Polimodal Incompleta;2.2500 gramos y más;2
66;1;2;3.20 a 24;5.32 a 36;4.Sin especificar;2.2500 gramos y más;1
14;1;2;4.25 a 29;8.Sin especificar;1.Hasta Primaria/C.EGB Completa;2.2500 gramos y más;1
22;1;1;4.25 a 29;8.Sin especificar;2.Secundaria/Polimodal Incompleta;1.Menos de 2500 gramos;1
90;1;1;7.40 a 44;6.37 a 41;1.Hasta Primaria/C.EGB Completa;1.Menos de 2500 gramos;6
06;1;1;1.Menor de 15;6.37 a 41;2.Secundaria/Polimodal Incompleta;2.2500 gramos y más;70
66;1;2;4.25 a 29;7.42 y más;3.Secundario/Polimodal Completa y más;2.2500 gramos y más;1
46;1;1;5.30 a 34;1.Menos de 22;3.Secundario/Polimodal Completa y más;1.Menos de 2500 gramos;1
02;1;1;5.30 a 34;7.42 y más;2.Secundaria/Polimodal Incompleta;2.2500 gramos y más;1
34;1;1;3.20 a 24;8.Sin especificar;1.Hasta Primaria/C.EGB Completa;2.2500 gramos y más;1
34;1;2;4.25 a 29;5.32 a 36;2.Secundaria/Polimodal Incompleta;2.2500 gramos y más;11
22;1;1;3.20 a 24;4.28 a 31;3.Secundario/Polimodal Completa y más;2.2500 gramos y más;1
50;2;2;3.20 a 24;5.32 a 36;2.Secundaria/Polimodal Incompleta;1.Menos de 2500 gramos;8
06;1;9;4.25 a 29;8.Sin especificar;2.Secundaria/Polimodal Incompleta;2.2500 gramos y más;2
74;1;2;3.20 a 24;5.32 a 36;4.Sin especificar;2.2500 gramos y más;1
90;1;2;5.30 a 34;6.37 a 41;2.Secundaria/Polimodal Incompleta;2.2500 gramos y más;212
10;1;2;3.20 a 24;6.37 a 41;1.Hasta Primaria/C.EGB Completa;1.Menos de 2500 gramos;1
02;2;1;4.25 a 29;5.32 a 36;1.Hasta Primaria/C.EGB Completa;1.Menos de 2500 gramos;2
02;1;1;6.35 a 39;6.37 a 41;2.Secundaria/Polimodal Incompleta;2.2500 gramos y más;190
26;1;1;3.20 a 24;5.32 a 36;4.Sin especificar;1.Menos de 2500 gramos;4
06;2;1;5.30 a 34;6.37 a 41;2.Secundaria/Polimodal Incompleta;2.2500 gramos y más;23
86;1;2;2.15 a 19;4.28 a 31;2.Secundaria/Polimodal Incompleta;1.Menos de 2500 gramos;2
66;2;1;4.25 a 29;5.32 a 36;3.Secundario/Polimodal Completa y más;1.Menos de 2500 gramos;16
26;1;1;7.40 a 44;5.32 a 36;3.Secundario/Polimodal Completa y más;2.2500 gramos y más;4
02;1;1;6.35 a 39;5.32 a 36;3.Secundario/Polimodal Completa y más;1.Menos de 2500 gramos;57
62;1;2;7.40 a 44;5.32 a 36;4.Sin especificar;2.2500 gramos y más;1
06;1;1;7.40 a 44;4.28 a 31;2.Secundaria/Polimodal Incompleta;1.Menos de 2500 gramos;6
18;1;1;2.15 a 19;5.32 a 36;2.Secundaria/Polimodal Incompleta;1.Menos de 2500 gramos;13
90;1;1;4.25 a 29;7.42 y más;2.Secundaria/Polimodal Incompleta;2.2500 gramos y más;28
70;1;1;5.30 a 34;5.32 a 36;2.Secundaria/Polimodal Incompleta;1.Menos de 2500 gramos;11
54;1;1;4.25 a 29;6.37 a 41;1.Hasta Primaria/C.EGB Completa;1.Menos de 2500 gramos;19
50;2;2;5.30 a 34;3.24 a 27;2.Secundaria/Polimodal Incompleta;1.Menos de 2500 gramos;1
06;2;2;4.25 a 29;5.32 a 36;2.Secundaria/Polimodal Incompleta;1.Menos de 2500 gramos;27
70;2;2;5.30 a 34;6.37 a 41;2.Secundaria/Polimodal Incompleta;1.Menos de 2500 gramos;1
30;1;2;4.25 a 29;6.37 a 41;2.Secundaria/Polimodal Incompleta;1.Menos de 2500 gramos;14
02;1;2;5.30 a 34;5.32 a 36;1.Hasta Primaria/C.EGB Completa;2.2500 gramos y más;13
62;2;2;4.25 a 29;6.37 a 41;3.Secundario/Polimodal Completa y más;1.Menos de 2500 gramos;1
18;1;1;2.15 a 19;7.42 y más;1.Hasta Primaria/C.EGB Completa;2.2500 gramos y más;1
90;1;2;3.20 a 24;4.28 a 31;3.Secundario/Polimodal Completa y más;1.Menos de 2500 gramos;6
90;1;1;4.25 a 29;5.32 a 36;2.Secundaria/Polimodal Incompleta;2.2500 gramos y más;64
70;1;1;5.30 a 34;5.32 a 36;2.Secundaria/Polimodal Incompleta;2.2500 gramos y más;4
30;1;2;6.35 a 39;6.37 a 41;2.Secundaria/Polimodal Incompleta;1.Menos de 2500 gramos;6
38;1;1;2.15 a 19;5.32 a 36;3.Secundario/Polimodal Completa y más;2.2500 gramos y más;2
86;1;2;7.40 a 44;6.37 a 41;3.Secundario/Polimodal Completa y más;1.Menos de 2500 gramos;2
18;1;2;2.15 a 19;5.32 a 36;1.Hasta Primaria/C.EGB Completa;1.Menos de 2500 gramos;3
06;2;2;7.40 a 44;6.37 a 41;1.Hasta Primaria/C.EGB Completa;1.Menos de 2500 gramos;1
18;1;2;4.25 a 29;3.24 a 27;3.Secundario/Polimodal Completa y más;1.Menos de 2500 gramos;2
62;1;1;7.40 a 44;4.28 a 31;3.Secundario/Polimodal Completa y más;1.Menos de 2500 gramos;1
34;1;2;2.15 a 19;4.28 a 31;3.Secundario/Polimodal Completa y más;1.Menos de 2500 gramos;1
70;1;2;6.35 a 39;3.24 a 27;1.Hasta Primaria/C.EGB Completa;1.Menos de 2500 gramos;2
30;1;1;7.40 a 44;5.32 a 36;1.Hasta Primaria/C.EGB Completa;2.2500 gramos y más;2
62;1;2;6.35 a 39;7.42 y más;4.Sin especificar;2.2500 gramos y más;1
30;1;2;1.Menor de 15;5.32 a 36;1.Hasta Primaria/C.EGB Completa;2.2500 gramos y más;1
06;1;9;9.Sin especificar;5.32 a 36;2.Secundaria/Polimodal Incompleta;1.Menos de 2500 gramos;3
02;1;1;9.Sin especificar;6.37 a 41;3.Secundario/Polimodal Completa y más;2.2500 gramos y más;6
74;2;1;4.25 a 29;5.32 a 36;3.Secundario/Polimodal Completa y más;1.Menos de 2500 gramos;3
06;2;9;3.20 a 24;6.37 a 41;3.Secundario/Polimodal Completa y más;2.2500 gramos y más;1
46;2;1;6.35 a 39;5.32 a 36;3.Secundario/Polimodal Completa y más;2.2500 gramos y más;1
18;1;2;5.30 a 34;7.42 y más;1.Hasta Primaria/C.EGB Completa;2.2500 gramos y más;2
06;2;2;4.25 a 29;5.32 a 36;4.Sin especificar;1.Menos de 2500 gramos;14
86;2;2;3.20 a 24;6.37 a 41;1.Hasta Primaria/C.EGB Completa;1.Menos de 2500 gramos;1
14;2;2;2.15 a 19;5.32 a 36;1.Hasta Primaria/C.EGB Completa;1.Menos de 2500 gramos;3
22;1;2;5.30 a 34;5.32 a 36;1.Hasta Primaria/C.EGB Completa;2.2500 gramos y más;11
62;1;2;4.25 a 29;5.32 a 36;3.Secundario/Polimodal Completa y más;2.2500 gramos y más;26
26;1;1;5.30 a 34;5.32 a 36;1.Hasta Primaria/C.EGB Completa;1.Menos de 2500 gramos;1
70;1;1;4.25 a 29;4.28 a 31;2.Secundaria/Polimodal Incompleta;1.Menos de 2500 gramos;3
86;1;1;2.15 a 19;6.37 a 41;3.Secundario/Polimodal Completa y más;2.2500 gramos y más;73
22;1;1;9.Sin especificar;5.32 a 36;1.Hasta Primaria/C.EGB Completa;1.Menos de 2500 gramos;1
18;1;1;2.15 a 19;6.37 a 41;3.Secundario/Polimodal Completa y más;2.2500 gramos y más;135
06;1;1;6.35 a 39;4.28 a 31;1.Hasta Primaria/C.EGB Completa;1.Menos de 2500 gramos;14
86;2;2;3.20 a 24;5.32 a 36;2.Secundaria/Polimodal Incompleta;2.2500 gramos y más;1
06;1;1;5.30 a 34;3.24 a 27;1.Hasta Primaria/C.EGB Completa;1.Menos de 2500 gramos;15
99;1;1;9.Sin especificar;6.37 a 41;2.Secundaria/Polimodal Incompleta;2.2500 gramos y más;2
66;1;1;6.35 a 39;6.37 a 41;2.Secundaria/Polimodal Incompleta;2.2500 gramos y más;140
10;1;2;6.35 a 39;8.Sin especificar;1.Hasta Primaria/C.EGB Completa;2.2500 gramos y más;1
06;1;2;4.25 a 29;6.37 a 41;1.Hasta Primaria/C.EGB Completa;1.Menos de 2500 gramos;80
50;1;1;5.30 a 34;3.24 a 27;3.Secundario/Polimodal Completa y más;1.Menos de 2500 gramos;2
18;1;1;8.De 45 y más;6.37 a 41;4.Sin especificar;2.2500 gramos y más;3
50;2;2;4.25 a 29;5.32 a 36;3.Secundario/Polimodal Completa y más;2.2500 gramos y más;3
06;1;1;6.35 a 39;8.Sin especificar;1.Hasta Primaria/C.EGB Completa;1.Menos de 2500 gramos;4
70;1;2;3.20 a 24;3.24 a 27;3.Secundario/Polimodal Completa y más;1.Menos de 2500 gramos;1
02;1;1;5.30 a 34;5.32 a 36;1.Hasta Primaria/C.EGB Completa;1.Menos de 2500 gramos;9
14;1;2;7.40 a 44;5.32 a 36;2.Secundaria/Polimodal Incompleta;2.2500 gramos y más;7
70;1;2;5.30 a 34;5.32 a 36;3.Secundario/Polimodal Completa y más;1.Menos de 2500 gramos;22
22;1;1;4.25 a 29;6.37 a 41;4.Sin especificar;1.Menos de 2500 gramos;1
62;9;2;5.30 a 34;6.37 a 41;4.Sin especificar;2.2500 gramos y más;1
18;1;1;2.15 a 19;8.Sin especificar;1.Hasta Primaria/C.EGB Completa;2.2500 gramos y más;1
14;1;2;5.30 a 34;4.28 a 31;2.Secundaria/Polimodal Incompleta;1.Menos de 2500 gramos;6
50;2;1;5.30 a 34;6.37 a 41;3.Secundario/Polimodal Completa y más;1.Menos de 2500 gramos;8
26;1;2;2.15 a 19;2.22 a 23;2.Secundaria/Polimodal Incompleta;1.Menos de 2500 gramos;1
06;1;2;3.20 a 24;5.32 a 36;3.Secundario/Polimodal Completa y más;1.Menos de 2500 gramos;289
34;1;2;3.20 a 24;5.32 a 36;1.Hasta Primaria/C.EGB Completa;1.Menos de 2500 gramos;5
06;1;2;4.25 a 29;8.Sin especificar;3.Secundario/Polimodal Completa y más;3.Sin especificar;14
30;2;1;2.15 a 19;6.37 a 41;1.Hasta Primaria/C.EGB Completa;2.2500 gramos y más;2
38;2;1;3.20 a 24;6.37 a 41;3.Secundario/Polimodal Completa y más;2.2500 gramos y más;2
06;2;1;5.30 a 34;5.32 a 36;1.Hasta Primaria/C.EGB Completa;2.2500 gramos y más;8
86;1;1;6.35 a 39;6.37 a 41;2.Secundaria/Polimodal Incompleta;2.2500 gramos y más;64
50;9;1;9.Sin especificar;8.Sin especificar;4.Sin especificar;3.Sin especificar;6
82;1;2;5.30 a 34;8.Sin especificar;3.Secundario/Polimodal Completa y más;2.2500 gramos y más;2
34;2;2;6.35 a 39;5.32 a 36;3.Secundario/Polimodal Completa y más;2.2500 gramos y más;1
14;1;1;7.40 a 44;5.32 a 36;3.Secundario/Polimodal Completa y más;1.Menos de 2500 gramos;27
66;1;2;3.20 a 24;6.37 a 41;1.Hasta Primaria/C.EGB Completa;2.2500 gramos y más;410
90;1;2;7.40 a 44;6.37 a 41;1.Hasta Primaria/C.EGB Completa;1.Menos de 2500 gramos;7
06;9;2;6.35 a 39;6.37 a 41;4.Sin especificar;1.Menos de 2500 gramos;2
70;1;1;3.20 a 24;6.37 a 41;1.Hasta Primaria/C.EGB Completa;2.2500 gramos y más;244
42;1;1;5.30 a 34;5.32 a 36;2.Secundaria/Polimodal Incompleta;1.Menos de 2500 gramos;6
34;1;2;3.20 a 24;5.32 a 36;1.Hasta Primaria/C.EGB Completa;2.2500 gramos y más;7
22;1;2;4.25 a 29;6.37 a 41;1.Hasta Primaria/C.EGB Completa;3.Sin especificar;4
86;1;1;2.15 a 19;6.37 a 41;3.Secundario/Polimodal Completa y más;1.Menos de 2500 gramos;2
54;2;1;6.35 a 39;5.32 a 36;2.Secundaria/Polimodal Incompleta;2.2500 gramos y más;2
82;2;1;3.20 a 24;3.24 a 27;3.Secundario/Polimodal Completa y más;1.Menos de 2500 gramos;2
22;2;2;4.25 a 29;6.37 a 41;3.Secundario/Polimodal Completa y más;1.Menos de 2500 gramos;2
22;1;2;3.20 a 24;1.Menos de 22;2.Secundaria/Polimodal Incompleta;1.Menos de 2500 gramos;1
02;2;1;5.30 a 34;6.37 a 41;1.Hasta Primaria/C.EGB Completa;2.2500 gramos y más;1
54;1;1;4.25 a 29;7.42 y más;3.Secundario/Polimodal Completa y más;2.2500 gramos y más;6
26;2;1;5.30 a 34;5.32 a 36;3.Secundario/Polimodal Completa y más;2.2500 gramos y más;6
22;1;2;2.15 a 19;8.Sin especificar;2.Secundaria/Polimodal Incompleta;1.Menos de 2500 gramos;1
70;2;1;3.20 a 24;6.37 a 41;2.Secundaria/Polimodal Incompleta;2.2500 gramos y más;3
06;1;2;9.Sin especificar;7.42 y más;3.Secundario/Polimodal Completa y más;2.2500 gramos y más;5
86;1;2;6.35 a 39;5.32 a 36;3.Secundario/Polimodal Completa y más;2.2500 gramos y más;23
54;2;1;2.15 a 19;6.37 a 41;2.Secundaria/Polimodal Incompleta;2.2500 gramos y más;1
06;1;2;8.De 45 y más;5.32 a 36;1.Hasta Primaria/C.EGB Completa;2.2500 gramos y más;3
06;1;9;5.30 a 34;6.37 a 41;2.Secundaria/Polimodal Incompleta;3.Sin especificar;1
10;1;2;6.35 a 39;5.32 a 36;3.Secundario/Polimodal Completa y más;2.2500 gramos y más;7
30;2;2;5.30 a 34;3.24 a 27;2.Secundaria/Polimodal Incompleta;1.Menos de 2500 gramos;1
46;1;1;4.25 a 29;5.32 a 36;3.Secundario/Polimodal Completa y más;2.2500 gramos y más;24
06;1;1;8.De 45 y más;5.32 a 36;1.Hasta Primaria/C.EGB Completa;1.Menos de 2500 gramos;2
50;1;1;3.20 a 24;4.28 a 31;3.Secundario/Polimodal Completa y más;1.Menos de 2500 gramos;7
30;1;1;3.20 a 24;5.32 a 36;1.Hasta Primaria/C.EGB Completa;1.Menos de 2500 gramos;9
06;9;1;4.25 a 29;6.37 a 41;4.Sin especificar;1.Menos de 2500 gramos;2
82;2;2;3.20 a 24;6.37 a 41;4.Sin especificar;1.Menos de 2500 gramos;1
62;2;2;5.30 a 34;5.32 a 36;2.Secundaria/Polimodal Incompleta;2.2500 gramos y más;1
78;2;1;2.15 a 19;5.32 a 36;3.Secundario/Polimodal Completa y más;1.Menos de 2500 gramos;1
06;2;1;3.20 a 24;4.28 a 31;3.Secundario/Polimodal Completa y más;1.Menos de 2500 gramos;8
66;2;1;5.30 a 34;4.28 a 31;2.Secundaria/Polimodal Incompleta;1.Menos de 2500 gramos;1
14;2;1;6.35 a 39;6.37 a 41;1.Hasta Primaria/C.EGB Completa;2.2500 gramos y más;3
22;1;1;5.30 a 34;8.Sin especificar;3.Secundario/Polimodal Completa y más;2.2500 gramos y más;5
38;1;2;4.25 a 29;6.37 a 41;3.Secundario/Polimodal Completa y más;2.2500 gramos y más;767
66;1;9;1.Menor de 15;6.37 a 41;2.Secundaria/Polimodal Incompleta;2.2500 gramos y más;1
22;1;2;7.40 a 44;4.28 a 31;3.Secundario/Polimodal Completa y más;1.Menos de 2500 gramos;1
82;1;2;5.30 a 34;8.Sin especificar;2.Secundaria/Polimodal Incompleta;3.Sin especificar;1
66;1;1;6.35 a 39;5.32 a 36;1.Hasta Primaria/C.EGB Completa;2.2500 gramos y más;3
78;1;2;3.20 a 24;4.28 a 31;3.Secundario/Polimodal Completa y más;1.Menos de 2500 gramos;1
90;1;2;7.40 a 44;5.32 a 36;3.Secundario/Polimodal Completa y más;1.Menos de 2500 gramos;11
22;2;1;3.20 a 24;5.32 a 36;3.Secundario/Polimodal Completa y más;2.2500 gramos y más;2
18;2;1;7.40 a 44;6.37 a 41;3.Secundario/Polimodal Completa y más;2.2500 gramos y más;2
46;1;1;6.35 a 39;6.37 a 41;3.Secundario/Polimodal Completa y más;2.2500 gramos y más;185
22;9;1;2.15 a 19;6.37 a 41;2.Secundaria/Polimodal Incompleta;2.2500 gramos y más;1
02;1;1;6.35 a 39;4.28 a 31;1.Hasta Primaria/C.EGB Completa;1.Menos de 2500 gramos;5
02;1;1;7.40 a 44;4.28 a 31;3.Secundario/Polimodal Completa y más;1.Menos de 2500 gramos;9
34;1;1;4.25 a 29;6.37 a 41;4.Sin especificar;2.2500 gramos y más;255
02;1;2;4.25 a 29;4.28 a 31;3.Secundario/Polimodal Completa y más;1.Menos de 2500 gramos;12
02;9;1;8.De 45 y más;4.28 a 31;4.Sin especificar;1.Menos de 2500 gramos;1
22;2;1;5.30 a 34;4.28 a 31;1.Hasta Primaria/C.EGB Completa;1.Menos de 2500 gramos;1
58;1;2;3.20 a 24;8.Sin especificar;3.Secundario/Polimodal Completa y más;2.2500 gramos y más;1
50;1;1;7.40 a 44;5.32 a 36;2.Secundaria/Polimodal Incompleta;2.2500 gramos y más;3
50;1;1;1.Menor de 15;6.37 a 41;1.Hasta Primaria/C.EGB Completa;2.2500 gramos y más;3
58;1;1;5.30 a 34;5.32 a 36;3.Secundario/Polimodal Completa y más;2.2500 gramos y más;24
14;1;1;8.De 45 y más;6.37 a 41;3.Secundario/Polimodal Completa y más;2.2500 gramos y más;41
02;1;1;8.De 45 y más;5.32 a 36;3.Secundario/Polimodal Completa y más;1.Menos de 2500 gramos;3
62;1;2;5.30 a 34;6.37 a 41;4.Sin especificar;2.2500 gramos y más;79
06;1;1;3.20 a 24;6.37 a 41;4.Sin especificar;2.2500 gramos y más;1763
22;2;1;6.35 a 39;6.37 a 41;2.Secundaria/Polimodal Incompleta;1.Menos de 2500 gramos;1
54;1;1;5.30 a 34;6.37 a 41;1.Hasta Primaria/C.EGB Completa;1.Menos de 2500 gramos;13
22;1;2;1.Menor de 15;6.37 a 41;2.Secundaria/Polimodal Incompleta;1.Menos de 2500 gramos;1
30;2;1;3.20 a 24;5.32 a 36;3.Secundario/Polimodal Completa y más;2.2500 gramos y más;1
22;1;1;5.30 a 34;3.24 a 27;3.Secundario/Polimodal Completa y más;1.Menos de 2500 gramos;1
34;2;2;5.30 a 34;4.28 a 31;3.Secundario/Polimodal Completa y más;1.Menos de 2500 gramos;3
66;1;2;5.30 a 34;8.Sin especificar;1.Hasta Primaria/C.EGB Completa;2.2500 gramos y más;6
30;2;1;6.35 a 39;6.37 a 41;1.Hasta Primaria/C.EGB Completa;2.2500 gramos y más;4
46;1;1;2.15 a 19;6.37 a 41;2.Secundaria/Polimodal Incompleta;2.2500 gramos y más;82
22;1;1;4.25 a 29;3.24 a 27;1.Hasta Primaria/C.EGB Completa;1.Menos de 2500 gramos;2
26;1;1;2.15 a 19;6.37 a 41;3.Secundario/Polimodal Completa y más;2.2500 gramos y más;49
14;2;2;4.25 a 29;5.32 a 36;3.Secundario/Polimodal Completa y más;1.Menos de 2500 gramos;18
66;1;2;6.35 a 39;8.Sin especificar;2.Secundaria/Polimodal Incompleta;2.2500 gramos y más;1
58;1;2;5.30 a 34;7.42 y más;2.Secundaria/Polimodal Incompleta;2.2500 gramos y más;1
22;1;1;5.30 a 34;7.42 y más;2.Secundaria/Polimodal Incompleta;2.2500 gramos y más;1
94;1;1;3.20 a 24;5.32 a 36;2.Secundaria/Polimodal Incompleta;2.2500 gramos y más;2
10;1;2;2.15 a 19;5.32 a 36;3.Secundario/Polimodal Completa y más;2.2500 gramos y más;1
06;1;2;7.40 a 44;5.32 a 36;3.Secundario/Polimodal Completa y más;3.Sin especificar;7
22;1;2;7.40 a 44;6.37 a 41;2.Secundaria/Polimodal Incompleta;1.Menos de 2500 gramos;2
62;1;2;6.35 a 39;3.24 a 27;4.Sin especificar;1.Menos de 2500 gramos;2
82;2;1;4.25 a 29;2.22 a 23;2.Secundaria/Polimodal Incompleta;1.Menos de 2500 gramos;2
02;2;2;5.30 a 34;5.32 a 36;1.Hasta Primaria/C.EGB Completa;1.Menos de 2500 gramos;2
90;1;2;3.20 a 24;8.Sin especificar;3.Secundario/Polimodal Completa y más;2.2500 gramos y más;11
18;1;1;1.Menor de 15;6.37 a 41;4.Sin especificar;2.2500 gramos y más;15
62;1;2;2.15 a 19;7.42 y más;1.Hasta Primaria/C.EGB Completa;2.2500 gramos y más;2
82;1;2;3.20 a 24;6.37 a 41;3.Secundario/Polimodal Completa y más;2.2500 gramos y más;1472
06;1;2;6.35 a 39;3.24 a 27;2.Secundaria/Polimodal Incompleta;1.Menos de 2500 gramos;6
70;1;1;3.20 a 24;6.37 a 41;1.Hasta Primaria/C.EGB Completa;1.Menos de 2500 gramos;2
02;1;2;6.35 a 39;6.37 a 41;4.Sin especificar;2.2500 gramos y más;176
02;1;1;5.30 a 34;7.42 y más;1.Hasta Primaria/C.EGB Completa;2.2500 gramos y más;2
50;1;2;3.20 a 24;4.28 a 31;1.Hasta Primaria/C.EGB Completa;1.Menos de 2500 gramos;1
06;1;2;5.30 a 34;3.24 a 27;2.Secundaria/Polimodal Incompleta;1.Menos de 2500 gramos;7
30;2;1;4.25 a 29;3.24 a 27;2.Secundaria/Polimodal Incompleta;1.Menos de 2500 gramos;1
26;1;1;3.20 a 24;5.32 a 36;4.Sin especificar;2.2500 gramos y más;4
82;1;1;3.20 a 24;7.42 y más;3.Secundario/Polimodal Completa y más;2.2500 gramos y más;2
22;2;1;5.30 a 34;5.32 a 36;2.Secundaria/Polimodal Incompleta;1.Menos de 2500 gramos;5
22;1;2;8.De 45 y más;6.37 a 41;3.Secundario/Polimodal Completa y más;2.2500 gramos y más;6
02;1;1;4.25 a 29;6.37 a 41;1.Hasta Primaria/C.EGB Completa;2.2500 gramos y más;338
02;1;2;5.30 a 34;4.28 a 31;2.Secundaria/Polimodal Incompleta;1.Menos de 2500 gramos;2
70;1;1;3.20 a 24;5.32 a 36;3.Secundario/Polimodal Completa y más;1.Menos de 2500 gramos;13
42;1;1;2.15 a 19;6.37 a 41;1.Hasta Primaria/C.EGB Completa;1.Menos de 2500 gramos;1
50;1;1;5.30 a 34;6.37 a 41;2.Secundaria/Polimodal Incompleta;1.Menos de 2500 gramos;10
34;1;1;6.35 a 39;5.32 a 36;3.Secundario/Polimodal Completa y más;2.2500 gramos y más;12
14;2;1;2.15 a 19;4.28 a 31;2.Secundaria/Polimodal Incompleta;1.Menos de 2500 gramos;2
26;1;2;4.25 a 29;6.37 a 41;4.Sin especificar;1.Menos de 2500 gramos;3
58;2;1;7.40 a 44;6.37 a 41;3.Secundario/Polimodal Completa y más;2.2500 gramos y más;4
10;1;1;7.40 a 44;6.37 a 41;2.Secundaria/Polimodal Incompleta;2.2500 gramos y más;6
06;2;1;9.Sin especificar;6.37 a 41;1.Hasta Primaria/C.EGB Completa;2.2500 gramos y más;1
22;1;1;3.20 a 24;4.28 a 31;3.Secundario/Polimodal Completa y más;1.Menos de 2500 gramos;8
22;2;1;2.15 a 19;4.28 a 31;1.Hasta Primaria/C.EGB Completa;1.Menos de 2500 gramos;2
26;1;2;4.25 a 29;6.37 a 41;4.Sin especificar;2.2500 gramos y más;104
38;1;1;3.20 a 24;5.32 a 36;1.Hasta Primaria/C.EGB Completa;2.2500 gramos y más;3
66;1;1;7.40 a 44;5.32 a 36;4.Sin especificar;2.2500 gramos y más;1
06;1;2;4.25 a 29;8.Sin especificar;1.Hasta Primaria/C.EGB Completa;3.Sin especificar;11
02;1;1;4.25 a 29;1.Menos de 22;3.Secundario/Polimodal Completa y más;1.Menos de 2500 gramos;1
82;2;2;3.20 a 24;5.32 a 36;1.Hasta Primaria/C.EGB Completa;1.Menos de 2500 gramos;9
90;1;1;4.25 a 29;6.37 a 41;1.Hasta Primaria/C.EGB Completa;1.Menos de 2500 gramos;14
18;1;1;6.35 a 39;3.24 a 27;4.Sin especificar;1.Menos de 2500 gramos;1
38;1;1;2.15 a 19;6.37 a 41;3.Secundario/Polimodal Completa y más;1.Menos de 2500 gramos;2
22;9;2;2.15 a 19;6.37 a 41;2.Secundaria/Polimodal Incompleta;3.Sin especificar;1
99;1;1;9.Sin especificar;6.37 a 41;4.Sin especificar;2.2500 gramos y más;3
54;2;1;3.20 a 24;5.32 a 36;2.Secundaria/Polimodal Incompleta;1.Menos de 2500 gramos;5
54;1;1;7.40 a 44;7.42 y más;1.Hasta Primaria/C.EGB Completa;2.2500 gramos y más;1
82;2;2;5.30 a 34;6.37 a 41;2.Secundaria/Polimodal Incompleta;1.Menos de 2500 gramos;3
74;1;1;3.20 a 24;6.37 a 41;4.Sin especificar;2.2500 gramos y más;22
74;1;1;5.30 a 34;6.37 a 41;3.Secundario/Polimodal Completa y más;1.Menos de 2500 gramos;9
18;1;1;3.20 a 24;3.24 a 27;4.Sin especificar;1.Menos de 2500 gramos;4
90;1;1;7.40 a 44;5.32 a 36;2.Secundaria/Polimodal Incompleta;2.2500 gramos y más;4
18;2;2;4.25 a 29;5.32 a 36;2.Secundaria/Polimodal Incompleta;1.Menos de 2500 gramos;3
06;1;1;2.15 a 19;5.32 a 36;3.Secundario/Polimodal Completa y más;3.Sin especificar;4
14;1;1;3.20 a 24;5.32 a 36;2.Secundaria/Polimodal Incompleta;2.2500 gramos y más;46
86;1;2;6.35 a 39;5.32 a 36;1.Hasta Primaria/C.EGB Completa;2.2500 gramos y más;20
06;1;2;5.30 a 34;5.32 a 36;3.Secundario/Polimodal Completa y más;2.2500 gramos y más;376
90;1;2;7.40 a 44;7.42 y más;3.Secundario/Polimodal Completa y más;1.Menos de 2500 gramos;1
02;1;1;3.20 a 24;7.42 y más;3.Secundario/Polimodal Completa y más;2.2500 gramos y más;1
06;1;9;4.25 a 29;8.Sin especificar;2.Secundaria/Polimodal Incompleta;3.Sin especificar;1
14;1;1;4.25 a 29;8.Sin especificar;2.Secundaria/Polimodal Incompleta;1.Menos de 2500 gramos;1
06;2;2;7.40 a 44;5.32 a 36;3.Secundario/Polimodal Completa y más;2.2500 gramos y más;4
66;1;1;2.15 a 19;5.32 a 36;2.Secundaria/Polimodal Incompleta;1.Menos de 2500 gramos;33
62;1;2;5.30 a 34;5.32 a 36;4.Sin especificar;2.2500 gramos y más;2
10;1;1;7.40 a 44;8.Sin especificar;3.Secundario/Polimodal Completa y más;2.2500 gramos y más;1
06;1;1;6.35 a 39;6.37 a 41;4.Sin especificar;2.2500 gramos y más;1244
22;1;1;3.20 a 24;6.37 a 41;1.Hasta Primaria/C.EGB Completa;1.Menos de 2500 gramos;18
90;1;1;4.25 a 29;6.37 a 41;4.Sin especificar;2.2500 gramos y más;8
54;1;2;3.20 a 24;3.24 a 27;1.Hasta Primaria/C.EGB Completa;1.Menos de 2500 gramos;1
14;1;2;2.15 a 19;6.37 a 41;3.Secundario/Polimodal Completa y más;2.2500 gramos y más;264
06;1;2;8.De 45 y más;4.28 a 31;3.Secundario/Polimodal Completa y más;3.Sin especificar;1
70;1;2;6.35 a 39;4.28 a 31;3.Secundario/Polimodal Completa y más;1.Menos de 2500 gramos;2
86;1;2;8.De 45 y más;5.32 a 36;2.Secundaria/Polimodal Incompleta;2.2500 gramos y más;1
22;9;1;5.30 a 34;8.Sin especificar;4.Sin especificar;3.Sin especificar;1
18;1;2;2.15 a 19;5.32 a 36;1.Hasta Primaria/C.EGB Completa;2.2500 gramos y más;2
90;1;1;6.35 a 39;6.37 a 41;4.Sin especificar;2.2500 gramos y más;2
70;1;2;3.20 a 24;5.32 a 36;2.Secundaria/Polimodal Incompleta;1.Menos de 2500 gramos;13
06;1;2;7.40 a 44;5.32 a 36;4.Sin especificar;3.Sin especificar;3
06;1;2;6.35 a 39;6.37 a 41;3.Secundario/Polimodal Completa y más;1.Menos de 2500 gramos;209
70;2;2;3.20 a 24;3.24 a 27;3.Secundario/Polimodal Completa y más;1.Menos de 2500 gramos;1
22;1;2;4.25 a 29;8.Sin especificar;2.Secundaria/Polimodal Incompleta;3.Sin especificar;2
06;1;2;7.40 a 44;4.28 a 31;3.Secundario/Polimodal Completa y más;2.2500 gramos y más;1
66;1;1;6.35 a 39;6.37 a 41;2.Secundaria/Polimodal Incompleta;1.Menos de 2500 gramos;7
06;2;2;5.30 a 34;4.28 a 31;2.Secundaria/Polimodal Incompleta;1.Menos de 2500 gramos;5
90;2;2;6.35 a 39;6.37 a 41;3.Secundario/Polimodal Completa y más;1.Menos de 2500 gramos;5
22;1;2;4.25 a 29;3.24 a 27;3.Secundario/Polimodal Completa y más;1.Menos de 2500 gramos;4
62;1;2;2.15 a 19;6.37 a 41;2.Secundaria/Polimodal Incompleta;2.2500 gramos y más;116
06;9;2;7.40 a 44;5.32 a 36;4.Sin especificar;2.2500 gramos y más;1
30;2;1;4.25 a 29;5.32 a 36;2.Secundaria/Polimodal Incompleta;1.Menos de 2500 gramos;7
50;1;1;7.40 a 44;5.32 a 36;2.Secundaria/Polimodal Incompleta;1.Menos de 2500 gramos;3
46;2;2;7.40 a 44;5.32 a 36;3.Secundario/Polimodal Completa y más;2.2500 gramos y más;1
26;1;1;6.35 a 39;5.32 a 36;2.Secundaria/Polimodal Incompleta;2.2500 gramos y más;1
06;2;1;4.25 a 29;8.Sin especificar;3.Secundario/Polimodal Completa y más;1.Menos de 2500 gramos;1
74;1;2;2.15 a 19;8.Sin especificar;3.Secundario/Polimodal Completa y más;3.Sin especificar;1
50;1;1;2.15 a 19;6.37 a 41;1.Hasta Primaria/C.EGB Completa;1.Menos de 2500 gramos;2
74;1;2;8.De 45 y más;6.37 a 41;3.Secundario/Polimodal Completa y más;2.2500 gramos y más;2
99;1;1;3.20 a 24;6.37 a 41;2.Secundaria/Polimodal Incompleta;2.2500 gramos y más;4
06;1;2;4.25 a 29;8.Sin especificar;3.Secundario/Polimodal Completa y más;2.2500 gramos y más;41
22;2;2;5.30 a 34;6.37 a 41;1.Hasta Primaria/C.EGB Completa;2.2500 gramos y más;1
74;1;1;4.25 a 29;5.32 a 36;3.Secundario/Polimodal Completa y más;1.Menos de 2500 gramos;20
50;1;1;2.15 a 19;6.37 a 41;4.Sin especificar;2.2500 gramos y más;2
54;2;2;5.30 a 34;5.32 a 36;4.Sin especificar;1.Menos de 2500 gramos;2
26;1;2;5.30 a 34;2.22 a 23;1.Hasta Primaria/C.EGB Completa;1.Menos de 2500 gramos;1
78;1;1;3.20 a 24;5.32 a 36;1.Hasta Primaria/C.EGB Completa;1.Menos de 2500 gramos;2
22;2;1;2.15 a 19;6.37 a 41;1.Hasta Primaria/C.EGB Completa;1.Menos de 2500 gramos;1
90;1;1;8.De 45 y más;5.32 a 36;2.Secundaria/Polimodal Incompleta;2.2500 gramos y más;1
62;2;2;3.20 a 24;6.37 a 41;4.Sin especificar;2.2500 gramos y más;1
42;1;2;6.35 a 39;5.32 a 36;2.Secundaria/Polimodal Incompleta;1.Menos de 2500 gramos;3
62;1;2;4.25 a 29;4.28 a 31;4.Sin especificar;1.Menos de 2500 gramos;2
66;1;2;6.35 a 39;5.32 a 36;2.Secundaria/Polimodal Incompleta;1.Menos de 2500 gramos;7
22;1;1;5.30 a 34;8.Sin especificar;3.Secundario/Polimodal Completa y más;1.Menos de 2500 gramos;1
06;1;2;6.35 a 39;4.28 a 31;4.Sin especificar;3.Sin especificar;2
10;1;2;5.30 a 34;8.Sin especificar;3.Secundario/Polimodal Completa y más;2.2500 gramos y más;8
94;1;1;2.15 a 19;6.37 a 41;1.Hasta Primaria/C.EGB Completa;2.2500 gramos y más;3
50;2;1;7.40 a 44;3.24 a 27;2.Secundaria/Polimodal Incompleta;1.Menos de 2500 gramos;2
22;1;1;1.Menor de 15;4.28 a 31;1.Hasta Primaria/C.EGB Completa;1.Menos de 2500 gramos;1
26;1;2;7.40 a 44;5.32 a 36;3.Secundario/Polimodal Completa y más;1.Menos de 2500 gramos;9
82;2;1;2.15 a 19;3.24 a 27;3.Secundario/Polimodal Completa y más;1.Menos de 2500 gramos;1
78;1;1;4.25 a 29;6.37 a 41;2.Secundaria/Polimodal Incompleta;1.Menos de 2500 gramos;3
58;2;1;4.25 a 29;5.32 a 36;3.Secundario/Polimodal Completa y más;1.Menos de 2500 gramos;2
70;1;2;4.25 a 29;6.37 a 41;2.Secundaria/Polimodal Incompleta;1.Menos de 2500 gramos;8
90;1;1;3.20 a 24;5.32 a 36;1.Hasta Primaria/C.EGB Completa;2.2500 gramos y más;60
30;1;2;5.30 a 34;4.28 a 31;2.Secundaria/Polimodal Incompleta;1.Menos de 2500 gramos;2
06;1;2;5.30 a 34;5.32 a 36;2.Secundaria/Polimodal Incompleta;3.Sin especificar;5
34;2;1;2.15 a 19;6.37 a 41;2.Secundaria/Polimodal Incompleta;1.Menos de 2500 gramos;1
74;1;1;3.20 a 24;5.32 a 36;4.Sin especificar;1.Menos de 2500 gramos;1
30;1;1;2.15 a 19;7.42 y más;2.Secundaria/Polimodal Incompleta;2.2500 gramos y más;1
62;1;2;5.30 a 34;6.37 a 41;4.Sin especificar;1.Menos de 2500 gramos;2
99;1;1;4.25 a 29;6.37 a 41;1.Hasta Primaria/C.EGB Completa;2.2500 gramos y más;7
66;1;1;5.30 a 34;6.37 a 41;4.Sin especificar;2.2500 gramos y más;17
06;1;1;9.Sin especificar;6.37 a 41;4.Sin especificar;3.Sin especificar;20
74;1;2;5.30 a 34;2.22 a 23;3.Secundario/Polimodal Completa y más;1.Menos de 2500 gramos;1
86;2;1;4.25 a 29;6.37 a 41;1.Hasta Primaria/C.EGB Completa;1.Menos de 2500 gramos;1
94;1;2;6.35 a 39;6.37 a 41;3.Secundario/Polimodal Completa y más;2.2500 gramos y más;115
82;1;2;6.35 a 39;6.37 a 41;2.Secundaria/Polimodal Incompleta;1.Menos de 2500 gramos;11
06;1;2;4.25 a 29;1.Menos de 22;3.Secundario/Polimodal Completa y más;3.Sin especificar;1
82;2;2;3.20 a 24;6.37 a 41;2.Secundaria/Polimodal Incompleta;1.Menos de 2500 gramos;1
06;1;1;6.35 a 39;4.28 a 31;4.Sin especificar;1.Menos de 2500 gramos;10
86;1;1;5.30 a 34;3.24 a 27;1.Hasta Primaria/C.EGB Completa;1.Menos de 2500 gramos;2
74;1;1;2.15 a 19;3.24 a 27;2.Secundaria/Polimodal Incompleta;1.Menos de 2500 gramos;2
90;1;2;4.25 a 29;4.28 a 31;3.Secundario/Polimodal Completa y más;2.2500 gramos y más;4
22;1;2;4.25 a 29;5.32 a 36;4.Sin especificar;2.2500 gramos y más;1
06;1;2;7.40 a 44;5.32 a 36;2.Secundaria/Polimodal Incompleta;2.2500 gramos y más;22
18;1;1;6.35 a 39;5.32 a 36;3.Secundario/Polimodal Completa y más;1.Menos de 2500 gramos;12
18;2;1;6.35 a 39;5.32 a 36;2.Secundaria/Polimodal Incompleta;1.Menos de 2500 gramos;1
78;1;1;7.40 a 44;5.32 a 36;3.Secundario/Polimodal Completa y más;2.2500 gramos y más;1
26;1;1;7.40 a 44;6.37 a 41;3.Secundario/Polimodal Completa y más;2.2500 gramos y más;79
99;1;2;6.35 a 39;6.37 a 41;1.Hasta Primaria/C.EGB Completa;2.2500 gramos y más;2
50;1;1;6.35 a 39;6.37 a 41;2.Secundaria/Polimodal Incompleta;2.2500 gramos y más;257
82;1;1;3.20 a 24;7.42 y más;1.Hasta Primaria/C.EGB Completa;2.2500 gramos y más;6
62;1;2;6.35 a 39;5.32 a 36;1.Hasta Primaria/C.EGB Completa;2.2500 gramos y más;4
70;1;1;3.20 a 24;6.37 a 41;3.Secundario/Polimodal Completa y más;1.Menos de 2500 gramos;11
78;1;1;4.25 a 29;5.32 a 36;3.Secundario/Polimodal Completa y más;1.Menos de 2500 gramos;6
78;2;1;3.20 a 24;5.32 a 36;1.Hasta Primaria/C.EGB Completa;1.Menos de 2500 gramos;1
38;1;1;2.15 a 19;6.37 a 41;3.Secundario/Polimodal Completa y más;2.2500 gramos y más;68
66;1;2;7.40 a 44;4.28 a 31;3.Secundario/Polimodal Completa y más;1.Menos de 2500 gramos;3
82;2;2;2.15 a 19;6.37 a 41;1.Hasta Primaria/C.EGB Completa;1.Menos de 2500 gramos;1
58;1;2;6.35 a 39;5.32 a 36;2.Secundaria/Polimodal Incompleta;1.Menos de 2500 gramos;1
06;2;1;5.30 a 34;5.32 a 36;1.Hasta Primaria/C.EGB Completa;1.Menos de 2500 gramos;13
58;1;1;3.20 a 24;6.37 a 41;3.Secundario/Polimodal Completa y más;1.Menos de 2500 gramos;3
82;1;2;4.25 a 29;5.32 a 36;4.Sin especificar;2.2500 gramos y más;1
94;1;1;5.30 a 34;4.28 a 31;3.Secundario/Polimodal Completa y más;1.Menos de 2500 gramos;4
62;1;1;4.25 a 29;6.37 a 41;4.Sin especificar;2.2500 gramos y más;128
74;2;1;4.25 a 29;5.32 a 36;3.Secundario/Polimodal Completa y más;2.2500 gramos y más;1
18;1;1;6.35 a 39;5.32 a 36;1.Hasta Primaria/C.EGB Completa;2.2500 gramos y más;6
66;1;1;5.30 a 34;8.Sin especificar;3.Secundario/Polimodal Completa y más;3.Sin especificar;2
46;1;1;5.30 a 34;4.28 a 31;3.Secundario/Polimodal Completa y más;1.Menos de 2500 gramos;1
70;2;2;3.20 a 24;5.32 a 36;2.Secundaria/Polimodal Incompleta;2.2500 gramos y más;2
66;1;2;8.De 45 y más;6.37 a 41;3.Secundario/Polimodal Completa y más;1.Menos de 2500 gramos;3
70;1;1;3.20 a 24;5.32 a 36;3.Secundario/Polimodal Completa y más;2.2500 gramos y más;11
58;2;2;6.35 a 39;5.32 a 36;1.Hasta Primaria/C.EGB Completa;1.Menos de 2500 gramos;1
54;1;1;3.20 a 24;6.37 a 41;1.Hasta Primaria/C.EGB Completa;1.Menos de 2500 gramos;19
06;1;2;5.30 a 34;8.Sin especificar;1.Hasta Primaria/C.EGB Completa;2.2500 gramos y más;8
38;1;1;5.30 a 34;4.28 a 31;3.Secundario/Polimodal Completa y más;1.Menos de 2500 gramos;4
06;1;2;9.Sin especificar;8.Sin especificar;4.Sin especificar;3.Sin especificar;2740
14;1;1;7.40 a 44;6.37 a 41;1.Hasta Primaria/C.EGB Completa;1.Menos de 2500 gramos;5
54;2;2;6.35 a 39;6.37 a 41;1.Hasta Primaria/C.EGB Completa;2.2500 gramos y más;2
06;9;1;3.20 a 24;5.32 a 36;4.Sin especificar;2.2500 gramos y más;1
02;1;1;4.25 a 29;6.37 a 41;1.Hasta Primaria/C.EGB Completa;1.Menos de 2500 gramos;1
58;1;2;3.20 a 24;5.32 a 36;4.Sin especificar;2.2500 gramos y más;1
50;1;1;6.35 a 39;5.32 a 36;1.Hasta Primaria/C.EGB Completa;1.Menos de 2500 gramos;9
22;1;1;5.30 a 34;5.32 a 36;4.Sin especificar;2.2500 gramos y más;1
86;1;2;5.30 a 34;5.32 a 36;3.Secundario/Polimodal Completa y más;1.Menos de 2500 gramos;16
38;1;1;4.25 a 29;5.32 a 36;2.Secundaria/Polimodal Incompleta;1.Menos de 2500 gramos;6
22;1;1;1.Menor de 15;6.37 a 41;3.Secundario/Polimodal Completa y más;2.2500 gramos y más;1
66;1;1;8.De 45 y más;6.37 a 41;3.Secundario/Polimodal Completa y más;2.2500 gramos y más;4
54;1;2;5.30 a 34;5.32 a 36;1.Hasta Primaria/C.EGB Completa;1.Menos de 2500 gramos;12
22;2;2;4.25 a 29;6.37 a 41;3.Secundario/Polimodal Completa y más;2.2500 gramos y más;5
30;2;1;6.35 a 39;6.37 a 41;3.Secundario/Polimodal Completa y más;2.2500 gramos y más;9
14;2;1;3.20 a 24;5.32 a 36;2.Secundaria/Polimodal Incompleta;2.2500 gramos y más;4
22;9;2;6.35 a 39;8.Sin especificar;4.Sin especificar;3.Sin especificar;2
34;1;2;5.30 a 34;6.37 a 41;4.Sin especificar;2.2500 gramos y más;199
54;2;1;3.20 a 24;5.32 a 36;1.Hasta Primaria/C.EGB Completa;1.Menos de 2500 gramos;3
62;1;2;9.Sin especificar;6.37 a 41;3.Secundario/Polimodal Completa y más;2.2500 gramos y más;4
82;1;2;2.15 a 19;6.37 a 41;3.Secundario/Polimodal Completa y más;1.Menos de 2500 gramos;7
18;1;1;2.15 a 19;6.37 a 41;2.Secundaria/Polimodal Incompleta;1.Menos de 2500 gramos;12
10;1;2;1.Menor de 15;6.37 a 41;2.Secundaria/Polimodal Incompleta;2.2500 gramos y más;6
06;1;2;3.20 a 24;8.Sin especificar;1.Hasta Primaria/C.EGB Completa;2.2500 gramos y más;9
10;1;1;4.25 a 29;6.37 a 41;1.Hasta Primaria/C.EGB Completa;1.Menos de 2500 gramos;4
54;1;1;3.20 a 24;8.Sin especificar;4.Sin especificar;2.2500 gramos y más;1
10;1;1;5.30 a 34;5.32 a 36;3.Secundario/Polimodal Completa y más;2.2500 gramos y más;11
14;1;2;2.15 a 19;8.Sin especificar;2.Secundaria/Polimodal Incompleta;2.2500 gramos y más;2
14;1;2;7.40 a 44;3.24 a 27;1.Hasta Primaria/C.EGB Completa;1.Menos de 2500 gramos;2
42;1;2;4.25 a 29;6.37 a 41;3.Secundario/Polimodal Completa y más;1.Menos de 2500 gramos;6
02;1;2;5.30 a 34;6.37 a 41;2.Secundaria/Polimodal Incompleta;2.2500 gramos y más;292
22;1;2;7.40 a 44;7.42 y más;3.Secundario/Polimodal Completa y más;2.2500 gramos y más;1
74;1;1;4.25 a 29;5.32 a 36;1.Hasta Primaria/C.EGB Completa;1.Menos de 2500 gramos;1
99;1;1;3.20 a 24;6.37 a 41;1.Hasta Primaria/C.EGB Completa;2.2500 gramos y más;2
26;1;1;2.15 a 19;3.24 a 27;3.Secundario/Polimodal Completa y más;1.Menos de 2500 gramos;1
66;1;2;7.40 a 44;6.37 a 41;3.Secundario/Polimodal Completa y más;2.2500 gramos y más;180
34;1;2;6.35 a 39;6.37 a 41;2.Secundaria/Polimodal Incompleta;1.Menos de 2500 gramos;2
54;1;2;3.20 a 24;4.28 a 31;2.Secundaria/Polimodal Incompleta;1.Menos de 2500 gramos;4
34;2;1;4.25 a 29;6.37 a 41;3.Secundario/Polimodal Completa y más;2.2500 gramos y más;1
66;1;1;3.20 a 24;8.Sin especificar;1.Hasta Primaria/C.EGB Completa;3.Sin especificar;1
06;1;2;9.Sin especificar;8.Sin especificar;4.Sin especificar;1.Menos de 2500 gramos;4
34;1;1;3.20 a 24;3.24 a 27;4.Sin especificar;1.Menos de 2500 gramos;1
14;2;1;6.35 a 39;5.32 a 36;2.Secundaria/Polimodal Incompleta;1.Menos de 2500 gramos;4
50;2;1;3.20 a 24;5.32 a 36;1.Hasta Primaria/C.EGB Completa;2.2500 gramos y más;1
22;1;1;3.20 a 24;5.32 a 36;3.Secundario/Polimodal Completa y más;2.2500 gramos y más;40
70;1;2;8.De 45 y más;6.37 a 41;1.Hasta Primaria/C.EGB Completa;2.2500 gramos y más;3
90;1;1;6.35 a 39;6.37 a 41;3.Secundario/Polimodal Completa y más;3.Sin especificar;1
82;2;2;4.25 a 29;5.32 a 36;2.Secundaria/Polimodal Incompleta;1.Menos de 2500 gramos;7
18;2;2;6.35 a 39;6.37 a 41;3.Secundario/Polimodal Completa y más;2.2500 gramos y más;5
54;2;1;3.20 a 24;6.37 a 41;2.Secundaria/Polimodal Incompleta;1.Menos de 2500 gramos;1
02;2;1;8.De 45 y más;4.28 a 31;3.Secundario/Polimodal Completa y más;1.Menos de 2500 gramos;1
74;1;1;4.25 a 29;6.37 a 41;2.Secundaria/Polimodal Incompleta;1.Menos de 2500 gramos;1
06;1;2;7.40 a 44;6.37 a 41;1.Hasta Primaria/C.EGB Completa;2.2500 gramos y más;576
46;1;1;3.20 a 24;5.32 a 36;2.Secundaria/Polimodal Incompleta;2.2500 gramos y más;2
54;1;2;2.15 a 19;4.28 a 31;1.Hasta Primaria/C.EGB Completa;2.2500 gramos y más;1
90;2;1;4.25 a 29;6.37 a 41;1.Hasta Primaria/C.EGB Completa;1.Menos de 2500 gramos;1
38;2;2;6.35 a 39;5.32 a 36;3.Secundario/Polimodal Completa y más;2.2500 gramos y más;2
06;1;9;3.20 a 24;5.32 a 36;3.Secundario/Polimodal Completa y más;2.2500 gramos y más;3
38;1;1;5.30 a 34;6.37 a 41;3.Secundario/Polimodal Completa y más;1.Menos de 2500 gramos;6
14;1;2;4.25 a 29;7.42 y más;1.Hasta Primaria/C.EGB Completa;1.Menos de 2500 gramos;1
62;1;1;5.30 a 34;8.Sin especificar;4.Sin especificar;2.2500 gramos y más;2
06;1;1;3.20 a 24;8.Sin especificar;1.Hasta Primaria/C.EGB Completa;1.Menos de 2500 gramos;2
18;1;1;8.De 45 y más;3.24 a 27;4.Sin especificar;1.Menos de 2500 gramos;1
38;1;2;5.30 a 34;7.42 y más;2.Secundaria/Polimodal Incompleta;2.2500 gramos y más;1
06;1;2;4.25 a 29;5.32 a 36;2.Secundaria/Polimodal Incompleta;1.Menos de 2500 gramos;111
22;1;2;9.Sin especificar;6.37 a 41;1.Hasta Primaria/C.EGB Completa;2.2500 gramos y más;8
02;1;2;5.30 a 34;6.37 a 41;2.Secundaria/Polimodal Incompleta;1.Menos de 2500 gramos;5
50;2;2;7.40 a 44;6.37 a 41;1.Hasta Primaria/C.EGB Completa;2.2500 gramos y más;2
70;1;1;7.40 a 44;5.32 a 36;1.Hasta Primaria/C.EGB Completa;1.Menos de 2500 gramos;1
26;1;1;4.25 a 29;5.32 a 36;2.Secundaria/Polimodal Incompleta;2.2500 gramos y más;5
99;1;1;4.25 a 29;6.37 a 41;4.Sin especificar;2.2500 gramos y más;6
26;1;1;6.35 a 39;5.32 a 36;4.Sin especificar;2.2500 gramos y más;2
74;1;1;4.25 a 29;5.32 a 36;3.Secundario/Polimodal Completa y más;2.2500 gramos y más;26
06;9;1;4.25 a 29;8.Sin especificar;4.Sin especificar;3.Sin especificar;132
46;1;1;6.35 a 39;6.37 a 41;1.Hasta Primaria/C.EGB Completa;2.2500 gramos y más;42
06;2;2;1.Menor de 15;5.32 a 36;2.Secundaria/Polimodal Incompleta;2.2500 gramos y más;1
50;1;2;3.20 a 24;6.37 a 41;3.Secundario/Polimodal Completa y más;2.2500 gramos y más;1106
50;2;1;8.De 45 y más;4.28 a 31;3.Secundario/Polimodal Completa y más;1.Menos de 2500 gramos;1
34;1;1;6.35 a 39;5.32 a 36;4.Sin especificar;2.2500 gramos y más;12
14;2;2;3.20 a 24;4.28 a 31;3.Secundario/Polimodal Completa y más;1.Menos de 2500 gramos;4
54;1;1;6.35 a 39;5.32 a 36;1.Hasta Primaria/C.EGB Completa;2.2500 gramos y más;14
06;1;1;3.20 a 24;5.32 a 36;1.Hasta Primaria/C.EGB Completa;2.2500 gramos y más;82
18;2;1;3.20 a 24;6.37 a 41;1.Hasta Primaria/C.EGB Completa;2.2500 gramos y más;1
06;1;2;7.40 a 44;5.32 a 36;2.Secundaria/Polimodal Incompleta;1.Menos de 2500 gramos;28
06;1;2;2.15 a 19;7.42 y más;2.Secundaria/Polimodal Incompleta;2.2500 gramos y más;23
74;1;1;2.15 a 19;6.37 a 41;2.Secundaria/Polimodal Incompleta;2.2500 gramos y más;130
30;2;1;2.15 a 19;5.32 a 36;2.Secundaria/Polimodal Incompleta;1.Menos de 2500 gramos;4
82;1;1;1.Menor de 15;5.32 a 36;2.Secundaria/Polimodal Incompleta;1.Menos de 2500 gramos;3
06;1;1;4.25 a 29;8.Sin especificar;4.Sin especificar;2.2500 gramos y más;9
18;2;2;3.20 a 24;6.37 a 41;4.Sin especificar;2.2500 gramos y más;1
34;1;1;6.35 a 39;7.42 y más;4.Sin especificar;2.2500 gramos y más;1
06;1;2;5.30 a 34;7.42 y más;1.Hasta Primaria/C.EGB Completa;2.2500 gramos y más;13
34;2;1;3.20 a 24;4.28 a 31;2.Secundaria/Polimodal Incompleta;1.Menos de 2500 gramos;2
06;1;2;2.15 a 19;6.37 a 41;2.Secundaria/Polimodal Incompleta;3.Sin especificar;23
18;1;1;3.20 a 24;5.32 a 36;1.Hasta Primaria/C.EGB Completa;2.2500 gramos y más;5
34;1;1;3.20 a 24;4.28 a 31;3.Secundario/Polimodal Completa y más;1.Menos de 2500 gramos;4
06;1;1;4.25 a 29;3.24 a 27;2.Secundaria/Polimodal Incompleta;1.Menos de 2500 gramos;15
62;1;1;5.30 a 34;6.37 a 41;2.Secundaria/Polimodal Incompleta;2.2500 gramos y más;143
82;1;2;1.Menor de 15;5.32 a 36;1.Hasta Primaria/C.EGB Completa;2.2500 gramos y más;1
30;1;1;7.40 a 44;5.32 a 36;1.Hasta Primaria/C.EGB Completa;1.Menos de 2500 gramos;1
70;2;1;5.30 a 34;5.32 a 36;1.Hasta Primaria/C.EGB Completa;1.Menos de 2500 gramos;2
22;1;2;7.40 a 44;5.32 a 36;3.Secundario/Polimodal Completa y más;1.Menos de 2500 gramos;4
06;2;2;6.35 a 39;5.32 a 36;3.Secundario/Polimodal Completa y más;3.Sin especificar;1
82;1;2;7.40 a 44;6.37 a 41;4.Sin especificar;2.2500 gramos y más;7
14;2;1;4.25 a 29;5.32 a 36;1.Hasta Primaria/C.EGB Completa;1.Menos de 2500 gramos;5
22;1;1;3.20 a 24;6.37 a 41;1.Hasta Primaria/C.EGB Completa;3.Sin especificar;1
34;1;1;4.25 a 29;5.32 a 36;3.Secundario/Polimodal Completa y más;2.2500 gramos y más;27
54;2;2;5.30 a 34;6.37 a 41;4.Sin especificar;2.2500 gramos y más;2
38;1;2;5.30 a 34;5.32 a 36;2.Secundaria/Polimodal Incompleta;1.Menos de 2500 gramos;6
22;1;2;4.25 a 29;5.32 a 36;3.Secundario/Polimodal Completa y más;1.Menos de 2500 gramos;56
90;1;1;4.25 a 29;5.32 a 36;2.Secundaria/Polimodal Incompleta;1.Menos de 2500 gramos;13
06;9;2;3.20 a 24;5.32 a 36;4.Sin especificar;1.Menos de 2500 gramos;1
54;2;1;4.25 a 29;6.37 a 41;3.Secundario/Polimodal Completa y más;2.2500 gramos y más;5
06;1;1;3.20 a 24;6.37 a 41;2.Secundaria/Polimodal Incompleta;3.Sin especificar;54
34;1;1;4.25 a 29;6.37 a 41;2.Secundaria/Polimodal Incompleta;2.2500 gramos y más;132
54;1;2;7.40 a 44;6.37 a 41;3.Secundario/Polimodal Completa y más;2.2500 gramos y más;108
66;1;2;8.De 45 y más;6.37 a 41;1.Hasta Primaria/C.EGB Completa;2.2500 gramos y más;3
18;1;1;2.15 a 19;3.24 a 27;1.Hasta Primaria/C.EGB Completa;1.Menos de 2500 gramos;1
90;1;1;4.25 a 29;4.28 a 31;3.Secundario/Polimodal Completa y más;2.2500 gramos y más;2
62;1;1;5.30 a 34;4.28 a 31;3.Secundario/Polimodal Completa y más;1.Menos de 2500 gramos;4
06;1;2;2.15 a 19;6.37 a 41;3.Secundario/Polimodal Completa y más;2.2500 gramos y más;1210
02;1;1;5.30 a 34;3.24 a 27;1.Hasta Primaria/C.EGB Completa;1.Menos de 2500 gramos;3
14;1;1;9.Sin especificar;6.37 a 41;2.Secundaria/Polimodal Incompleta;2.2500 gramos y más;2
50;1;1;4.25 a 29;6.37 a 41;2.Secundaria/Polimodal Incompleta;1.Menos de 2500 gramos;6
34;1;2;7.40 a 44;5.32 a 36;4.Sin especificar;2.2500 gramos y más;1
90;2;1;6.35 a 39;5.32 a 36;1.Hasta Primaria/C.EGB Completa;2.2500 gramos y más;4
86;1;1;5.30 a 34;6.37 a 41;3.Secundario/Polimodal Completa y más;1.Menos de 2500 gramos;7
90;2;1;3.20 a 24;5.32 a 36;1.Hasta Primaria/C.EGB Completa;2.2500 gramos y más;1
70;1;2;3.20 a 24;6.37 a 41;1.Hasta Primaria/C.EGB Completa;2.2500 gramos y más;204
58;1;1;6.35 a 39;4.28 a 31;3.Secundario/Polimodal Completa y más;1.Menos de 2500 gramos;2
14;2;2;4.25 a 29;6.37 a 41;1.Hasta Primaria/C.EGB Completa;1.Menos de 2500 gramos;1
66;1;1;8.De 45 y más;5.32 a 36;3.Secundario/Polimodal Completa y más;2.2500 gramos y más;1
62;1;2;2.15 a 19;6.37 a 41;4.Sin especificar;1.Menos de 2500 gramos;1
06;1;2;1.Menor de 15;5.32 a 36;1.Hasta Primaria/C.EGB Completa;2.2500 gramos y más;5
06;9;1;5.30 a 34;5.32 a 36;4.Sin especificar;2.2500 gramos y más;3
50;2;1;5.30 a 34;4.28 a 31;3.Secundario/Polimodal Completa y más;1.Menos de 2500 gramos;3
82;1;2;6.35 a 39;7.42 y más;1.Hasta Primaria/C.EGB Completa;2.2500 gramos y más;2
86;1;2;4.25 a 29;5.32 a 36;4.Sin especificar;2.2500 gramos y más;1
66;2;1;6.35 a 39;5.32 a 36;1.Hasta Primaria/C.EGB Completa;1.Menos de 2500 gramos;4
22;9;1;5.30 a 34;5.32 a 36;3.Secundario/Polimodal Completa y más;1.Menos de 2500 gramos;1
66;1;1;5.30 a 34;2.22 a 23;3.Secundario/Polimodal Completa y más;1.Menos de 2500 gramos;1
06;1;9;3.20 a 24;6.37 a 41;4.Sin especificar;2.2500 gramos y más;14
86;1;1;3.20 a 24;6.37 a 41;1.Hasta Primaria/C.EGB Completa;2.2500 gramos y más;867
82;1;1;2.15 a 19;4.28 a 31;1.Hasta Primaria/C.EGB Completa;1.Menos de 2500 gramos;5
06;1;2;5.30 a 34;6.37 a 41;2.Secundaria/Polimodal Incompleta;1.Menos de 2500 gramos;76
22;2;2;4.25 a 29;8.Sin especificar;3.Secundario/Polimodal Completa y más;1.Menos de 2500 gramos;1
54;1;1;7.40 a 44;6.37 a 41;1.Hasta Primaria/C.EGB Completa;2.2500 gramos y más;115
62;1;2;3.20 a 24;8.Sin especificar;3.Secundario/Polimodal Completa y más;2.2500 gramos y más;4
30;1;1;4.25 a 29;5.32 a 36;1.Hasta Primaria/C.EGB Completa;2.2500 gramos y más;14
14;1;1;5.30 a 34;7.42 y más;1.Hasta Primaria/C.EGB Completa;2.2500 gramos y más;1
30;1;2;3.20 a 24;8.Sin especificar;1.Hasta Primaria/C.EGB Completa;2.2500 gramos y más;6
30;1;2;5.30 a 34;6.37 a 41;2.Secundaria/Polimodal Incompleta;1.Menos de 2500 gramos;10
02;1;1;2.15 a 19;7.42 y más;2.Secundaria/Polimodal Incompleta;2.2500 gramos y más;1
10;1;2;2.15 a 19;8.Sin especificar;3.Secundario/Polimodal Completa y más;1.Menos de 2500 gramos;1
30;1;1;5.30 a 34;5.32 a 36;1.Hasta Primaria/C.EGB Completa;1.Menos de 2500 gramos;7
14;1;1;5.30 a 34;5.32 a 36;1.Hasta Primaria/C.EGB Completa;2.2500 gramos y más;16
82;1;2;3.20 a 24;5.32 a 36;3.Secundario/Polimodal Completa y más;1.Menos de 2500 gramos;51
30;1;1;4.25 a 29;5.32 a 36;1.Hasta Primaria/C.EGB Completa;1.Menos de 2500 gramos;11
74;1;1;4.25 a 29;5.32 a 36;1.Hasta Primaria/C.EGB Completa;2.2500 gramos y más;6
22;1;1;5.30 a 34;6.37 a 41;3.Secundario/Polimodal Completa y más;1.Menos de 2500 gramos;21
94;1;2;7.40 a 44;5.32 a 36;3.Secundario/Polimodal Completa y más;2.2500 gramos y más;4
66;2;2;5.30 a 34;6.37 a 41;1.Hasta Primaria/C.EGB Completa;2.2500 gramos y más;3
70;2;2;2.15 a 19;5.32 a 36;1.Hasta Primaria/C.EGB Completa;1.Menos de 2500 gramos;1
02;9;2;5.30 a 34;8.Sin especificar;4.Sin especificar;3.Sin especificar;1
90;1;1;3.20 a 24;8.Sin especificar;3.Secundario/Polimodal Completa y más;1.Menos de 2500 gramos;1
86;1;1;2.15 a 19;3.24 a 27;1.Hasta Primaria/C.EGB Completa;1.Menos de 2500 gramos;2
86;1;2;5.30 a 34;5.32 a 36;1.Hasta Primaria/C.EGB Completa;1.Menos de 2500 gramos;15
38;1;2;7.40 a 44;5.32 a 36;3.Secundario/Polimodal Completa y más;2.2500 gramos y más;8
82;1;2;4.25 a 29;3.24 a 27;3.Secundario/Polimodal Completa y más;1.Menos de 2500 gramos;12
30;1;1;4.25 a 29;6.37 a 41;4.Sin especificar;1.Menos de 2500 gramos;1
06;2;2;5.30 a 34;5.32 a 36;1.Hasta Primaria/C.EGB Completa;2.2500 gramos y más;17
46;1;2;5.30 a 34;5.32 a 36;2.Secundaria/Polimodal Incompleta;1.Menos de 2500 gramos;2
54;1;1;7.40 a 44;6.37 a 41;2.Secundaria/Polimodal Incompleta;1.Menos de 2500 gramos;3
06;1;2;4.25 a 29;7.42 y más;1.Hasta Primaria/C.EGB Completa;2.2500 gramos y más;18
10;2;2;3.20 a 24;6.37 a 41;1.Hasta Primaria/C.EGB Completa;2.2500 gramos y más;1
66;2;2;3.20 a 24;5.32 a 36;2.Secundaria/Polimodal Incompleta;1.Menos de 2500 gramos;2
74;1;2;3.20 a 24;8.Sin especificar;4.Sin especificar;3.Sin especificar;1
06;1;9;2.15 a 19;5.32 a 36;1.Hasta Primaria/C.EGB Completa;2.2500 gramos y más;1
06;2;2;4.25 a 29;4.28 a 31;4.Sin especificar;1.Menos de 2500 gramos;7
58;1;2;4.25 a 29;4.28 a 31;1.Hasta Primaria/C.EGB Completa;1.Menos de 2500 gramos;1
06;2;1;5.30 a 34;3.24 a 27;3.Secundario/Polimodal Completa y más;1.Menos de 2500 gramos;6
26;2;2;7.40 a 44;5.32 a 36;3.Secundario/Polimodal Completa y más;1.Menos de 2500 gramos;4
54;1;1;3.20 a 24;5.32 a 36;1.Hasta Primaria/C.EGB Completa;2.2500 gramos y más;30
82;1;1;4.25 a 29;3.24 a 27;2.Secundaria/Polimodal Incompleta;1.Menos de 2500 gramos;7
30;1;2;3.20 a 24;5.32 a 36;2.Secundaria/Polimodal Incompleta;2.2500 gramos y más;15
86;1;2;4.25 a 29;6.37 a 41;2.Secundaria/Polimodal Incompleta;1.Menos de 2500 gramos;5
22;1;2;3.20 a 24;7.42 y más;1.Hasta Primaria/C.EGB Completa;2.2500 gramos y más;4
58;1;1;2.15 a 19;5.32 a 36;3.Secundario/Polimodal Completa y más;2.2500 gramos y más;2
54;2;2;3.20 a 24;6.37 a 41;3.Secundario/Polimodal Completa y más;1.Menos de 2500 gramos;2
62;1;1;9.Sin especificar;8.Sin especificar;1.Hasta Primaria/C.EGB Completa;3.Sin especificar;1
82;1;1;3.20 a 24;6.37 a 41;3.Secundario/Polimodal Completa y más;1.Menos de 2500 gramos;32
46;1;2;2.15 a 19;5.32 a 36;2.Secundaria/Polimodal Incompleta;2.2500 gramos y más;3
02;1;1;6.35 a 39;6.37 a 41;4.Sin especificar;1.Menos de 2500 gramos;5
10;2;1;4.25 a 29;6.37 a 41;3.Secundario/Polimodal Completa y más;2.2500 gramos y más;6
66;1;1;1.Menor de 15;6.37 a 41;2.Secundaria/Polimodal Incompleta;2.2500 gramos y más;14
06;1;1;3.20 a 24;7.42 y más;1.Hasta Primaria/C.EGB Completa;1.Menos de 2500 gramos;1
62;2;1;5.30 a 34;5.32 a 36;3.Secundario/Polimodal Completa y más;1.Menos de 2500 gramos;8
58;1;2;5.30 a 34;5.32 a 36;2.Secundaria/Polimodal Incompleta;1.Menos de 2500 gramos;3
78;1;2;3.20 a 24;7.42 y más;3.Secundario/Polimodal Completa y más;2.2500 gramos y más;1
22;1;1;3.20 a 24;5.32 a 36;3.Secundario/Polimodal Completa y más;3.Sin especificar;1
82;1;1;8.De 45 y más;6.37 a 41;3.Secundario/Polimodal Completa y más;1.Menos de 2500 gramos;1
90;1;2;4.25 a 29;4.28 a 31;3.Secundario/Polimodal Completa y más;1.Menos de 2500 gramos;16
38;2;2;5.30 a 34;5.32 a 36;3.Secundario/Polimodal Completa y más;1.Menos de 2500 gramos;5
30;1;1;2.15 a 19;4.28 a 31;2.Secundaria/Polimodal Incompleta;2.2500 gramos y más;1
30;2;2;3.20 a 24;6.37 a 41;2.Secundaria/Polimodal Incompleta;2.2500 gramos y más;4
66;2;1;6.35 a 39;5.32 a 36;3.Secundario/Polimodal Completa y más;1.Menos de 2500 gramos;8
54;1;1;2.15 a 19;4.28 a 31;1.Hasta Primaria/C.EGB Completa;1.Menos de 2500 gramos;1
02;2;2;5.30 a 34;4.28 a 31;3.Secundario/Polimodal Completa y más;1.Menos de 2500 gramos;2
18;1;1;6.35 a 39;5.32 a 36;3.Secundario/Polimodal Completa y más;2.2500 gramos y más;31
66;1;2;7.40 a 44;1.Menos de 22;3.Secundario/Polimodal Completa y más;1.Menos de 2500 gramos;1
26;2;2;5.30 a 34;6.37 a 41;3.Secundario/Polimodal Completa y más;2.2500 gramos y más;5
50;1;2;3.20 a 24;6.37 a 41;1.Hasta Primaria/C.EGB Completa;1.Menos de 2500 gramos;1
74;1;2;7.40 a 44;6.37 a 41;3.Secundario/Polimodal Completa y más;2.2500 gramos y más;90
30;1;2;4.25 a 29;8.Sin especificar;3.Secundario/Polimodal Completa y más;3.Sin especificar;1
90;1;1;3.20 a 24;6.37 a 41;3.Secundario/Polimodal Completa y más;3.Sin especificar;4
06;1;2;2.15 a 19;5.32 a 36;2.Secundaria/Polimodal Incompleta;3.Sin especificar;7
22;2;1;6.35 a 39;6.37 a 41;1.Hasta Primaria/C.EGB Completa;2.2500 gramos y más;1
26;2;1;7.40 a 44;6.37 a 41;3.Secundario/Polimodal Completa y más;1.Menos de 2500 gramos;1
06;2;2;8.De 45 y más;5.32 a 36;4.Sin especificar;1.Menos de 2500 gramos;1
26;1;1;3.20 a 24;6.37 a 41;3.Secundario/Polimodal Completa y más;1.Menos de 2500 gramos;4
06;1;1;3.20 a 24;5.32 a 36;1.Hasta Primaria/C.EGB Completa;1.Menos de 2500 gramos;75
06;1;1;2.15 a 19;5.32 a 36;3.Secundario/Polimodal Completa y más;2.2500 gramos y más;59
90;1;2;4.25 a 29;8.Sin especificar;1.Hasta Primaria/C.EGB Completa;2.2500 gramos y más;10
14;1;1;2.15 a 19;8.Sin especificar;2.Secundaria/Polimodal Incompleta;1.Menos de 2500 gramos;1
06;2;1;9.Sin especificar;5.32 a 36;4.Sin especificar;1.Menos de 2500 gramos;1
78;1;1;7.40 a 44;5.32 a 36;3.Secundario/Polimodal Completa y más;1.Menos de 2500 gramos;4
22;1;1;2.15 a 19;6.37 a 41;2.Secundaria/Polimodal Incompleta;2.2500 gramos y más;584
74;1;1;4.25 a 29;7.42 y más;1.Hasta Primaria/C.EGB Completa;2.2500 gramos y más;5
06;1;1;4.25 a 29;8.Sin especificar;2.Secundaria/Polimodal Incompleta;2.2500 gramos y más;22
26;1;2;3.20 a 24;3.24 a 27;2.Secundaria/Polimodal Incompleta;1.Menos de 2500 gramos;1
78;2;1;5.30 a 34;6.37 a 41;3.Secundario/Polimodal Completa y más;2.2500 gramos y más;1
26;1;1;7.40 a 44;7.42 y más;3.Secundario/Polimodal Completa y más;2.2500 gramos y más;1
54;2;2;4.25 a 29;6.37 a 41;2.Secundaria/Polimodal Incompleta;2.2500 gramos y más;2
18;2;1;3.20 a 24;6.37 a 41;3.Secundario/Polimodal Completa y más;2.2500 gramos y más;1
26;1;2;7.40 a 44;6.37 a 41;4.Sin especificar;2.2500 gramos y más;18
22;1;1;9.Sin especificar;8.Sin especificar;3.Secundario/Polimodal Completa y más;2.2500 gramos y más;1
26;1;2;2.15 a 19;5.32 a 36;2.Secundaria/Polimodal Incompleta;2.2500 gramos y más;3
98;1;2;5.30 a 34;8.Sin especificar;3.Secundario/Polimodal Completa y más;2.2500 gramos y más;1
02;1;1;5.30 a 34;6.37 a 41;1.Hasta Primaria/C.EGB Completa;1.Menos de 2500 gramos;2
74;1;1;6.35 a 39;5.32 a 36;1.Hasta Primaria/C.EGB Completa;2.2500 gramos y más;4
22;9;2;3.20 a 24;6.37 a 41;2.Secundaria/Polimodal Incompleta;2.2500 gramos y más;1
82;2;2;4.25 a 29;3.24 a 27;2.Secundaria/Polimodal Incompleta;1.Menos de 2500 gramos;2
54;1;1;4.25 a 29;3.24 a 27;1.Hasta Primaria/C.EGB Completa;1.Menos de 2500 gramos;1
74;1;2;5.30 a 34;3.24 a 27;2.Secundaria/Polimodal Incompleta;1.Menos de 2500 gramos;2
90;1;1;7.40 a 44;5.32 a 36;2.Secundaria/Polimodal Incompleta;1.Menos de 2500 gramos;4
34;1;2;3.20 a 24;4.28 a 31;3.Secundario/Polimodal Completa y más;2.2500 gramos y más;1
82;1;2;5.30 a 34;5.32 a 36;1.Hasta Primaria/C.EGB Completa;2.2500 gramos y más;29
62;1;2;9.Sin especificar;8.Sin especificar;4.Sin especificar;3.Sin especificar;9
34;1;1;2.15 a 19;6.37 a 41;2.Secundaria/Polimodal Incompleta;1.Menos de 2500 gramos;10
06;1;1;9.Sin especificar;8.Sin especificar;4.Sin especificar;2.2500 gramos y más;1
18;2;2;3.20 a 24;6.37 a 41;2.Secundaria/Polimodal Incompleta;2.2500 gramos y más;3
14;2;2;3.20 a 24;6.37 a 41;2.Secundaria/Polimodal Incompleta;1.Menos de 2500 gramos;9
14;2;1;6.35 a 39;6.37 a 41;3.Secundario/Polimodal Completa y más;1.Menos de 2500 gramos;10
66;2;2;4.25 a 29;5.32 a 36;3.Secundario/Polimodal Completa y más;2.2500 gramos y más;5
54;2;2;4.25 a 29;6.37 a 41;2.Secundaria/Polimodal Incompleta;1.Menos de 2500 gramos;1
42;9;2;4.25 a 29;5.32 a 36;3.Secundario/Polimodal Completa y más;1.Menos de 2500 gramos;1
10;1;2;5.30 a 34;3.24 a 27;3.Secundario/Polimodal Completa y más;1.Menos de 2500 gramos;1
06;1;2;2.15 a 19;8.Sin especificar;1.Hasta Primaria/C.EGB Completa;1.Menos de 2500 gramos;3
54;2;1;4.25 a 29;5.32 a 36;1.Hasta Primaria/C.EGB Completa;2.2500 gramos y más;1
30;2;2;4.25 a 29;6.37 a 41;1.Hasta Primaria/C.EGB Completa;1.Menos de 2500 gramos;1
06;2;1;4.25 a 29;6.37 a 41;2.Secundaria/Polimodal Incompleta;2.2500 gramos y más;20
46;1;2;5.30 a 34;6.37 a 41;3.Secundario/Polimodal Completa y más;2.2500 gramos y más;333
42;1;1;3.20 a 24;5.32 a 36;2.Secundaria/Polimodal Incompleta;2.2500 gramos y más;4
54;2;1;2.15 a 19;6.37 a 41;4.Sin especificar;2.2500 gramos y más;1
82;1;1;7.40 a 44;8.Sin especificar;3.Secundario/Polimodal Completa y más;2.2500 gramos y más;1
54;2;1;4.25 a 29;5.32 a 36;1.Hasta Primaria/C.EGB Completa;1.Menos de 2500 gramos;6
38;2;2;6.35 a 39;6.37 a 41;3.Secundario/Polimodal Completa y más;2.2500 gramos y más;1
58;1;2;6.35 a 39;6.37 a 41;3.Secundario/Polimodal Completa y más;2.2500 gramos y más;379
14;2;1;5.30 a 34;6.37 a 41;2.Secundaria/Polimodal Incompleta;2.2500 gramos y más;1
10;1;2;4.25 a 29;5.32 a 36;2.Secundaria/Polimodal Incompleta;2.2500 gramos y más;1
82;2;1;7.40 a 44;6.37 a 41;3.Secundario/Polimodal Completa y más;1.Menos de 2500 gramos;1
02;2;1;5.30 a 34;5.32 a 36;4.Sin especificar;2.2500 gramos y más;2
22;2;2;5.30 a 34;6.37 a 41;1.Hasta Primaria/C.EGB Completa;1.Menos de 2500 gramos;1
10;2;2;2.15 a 19;5.32 a 36;3.Secundario/Polimodal Completa y más;1.Menos de 2500 gramos;2
50;1;1;5.30 a 34;8.Sin especificar;3.Secundario/Polimodal Completa y más;2.2500 gramos y más;3
06;1;1;9.Sin especificar;5.32 a 36;1.Hasta Primaria/C.EGB Completa;3.Sin especificar;2
62;1;2;4.25 a 29;4.28 a 31;3.Secundario/Polimodal Completa y más;1.Menos de 2500 gramos;4
62;1;2;5.30 a 34;4.28 a 31;2.Secundaria/Polimodal Incompleta;1.Menos de 2500 gramos;1
02;2;2;6.35 a 39;5.32 a 36;1.Hasta Primaria/C.EGB Completa;1.Menos de 2500 gramos;4
86;1;1;2.15 a 19;5.32 a 36;3.Secundario/Polimodal Completa y más;2.2500 gramos y más;4
06;2;1;4.25 a 29;6.37 a 41;2.Secundaria/Polimodal Incompleta;1.Menos de 2500 gramos;5
10;1;1;2.15 a 19;6.37 a 41;3.Secundario/Polimodal Completa y más;2.2500 gramos y más;48
26;1;1;6.35 a 39;6.37 a 41;3.Secundario/Polimodal Completa y más;2.2500 gramos y más;291
06;1;1;9.Sin especificar;3.24 a 27;1.Hasta Primaria/C.EGB Completa;1.Menos de 2500 gramos;1
90;1;2;6.35 a 39;8.Sin especificar;2.Secundaria/Polimodal Incompleta;2.2500 gramos y más;4
54;1;1;7.40 a 44;6.37 a 41;1.Hasta Primaria/C.EGB Completa;1.Menos de 2500 gramos;10
02;1;1;3.20 a 24;8.Sin especificar;2.Secundaria/Polimodal Incompleta;3.Sin especificar;1
02;1;1;7.40 a 44;5.32 a 36;3.Secundario/Polimodal Completa y más;2.2500 gramos y más;44
06;1;1;5.30 a 34;4.28 a 31;1.Hasta Primaria/C.EGB Completa;2.2500 gramos y más;1
62;1;1;7.40 a 44;7.42 y más;1.Hasta Primaria/C.EGB Completa;2.2500 gramos y más;2
22;1;1;3.20 a 24;7.42 y más;3.Secundario/Polimodal Completa y más;2.2500 gramos y más;2
66;2;2;5.30 a 34;6.37 a 41;3.Secundario/Polimodal Completa y más;1.Menos de 2500 gramos;3
99;1;2;5.30 a 34;8.Sin especificar;4.Sin especificar;3.Sin especificar;2
94;1;1;6.35 a 39;6.37 a 41;2.Secundaria/Polimodal Incompleta;2.2500 gramos y más;13
34;1;1;6.35 a 39;7.42 y más;2.Secundaria/Polimodal Incompleta;2.2500 gramos y más;1
06;1;2;5.30 a 34;4.28 a 31;4.Sin especificar;3.Sin especificar;2
30;1;2;4.25 a 29;8.Sin especificar;3.Secundario/Polimodal Completa y más;1.Menos de 2500 gramos;1
34;1;2;7.40 a 44;5.32 a 36;2.Secundaria/Polimodal Incompleta;1.Menos de 2500 gramos;1
99;1;9;9.Sin especificar;8.Sin especificar;4.Sin especificar;3.Sin especificar;14
22;1;2;4.25 a 29;6.37 a 41;3.Secundario/Polimodal Completa y más;1.Menos de 2500 gramos;30
14;1;1;3.20 a 24;6.37 a 41;4.Sin especificar;2.2500 gramos y más;2
54;1;1;8.De 45 y más;6.37 a 41;2.Secundaria/Polimodal Incompleta;2.2500 gramos y más;4
70;1;1;6.35 a 39;2.22 a 23;3.Secundario/Polimodal Completa y más;1.Menos de 2500 gramos;1
90;1;2;5.30 a 34;4.28 a 31;2.Secundaria/Polimodal Incompleta;2.2500 gramos y más;2
02;1;1;5.30 a 34;5.32 a 36;3.Secundario/Polimodal Completa y más;1.Menos de 2500 gramos;75
66;1;2;7.40 a 44;5.32 a 36;3.Secundario/Polimodal Completa y más;2.2500 gramos y más;12
58;1;1;4.25 a 29;2.22 a 23;3.Secundario/Polimodal Completa y más;1.Menos de 2500 gramos;1
22;1;1;4.25 a 29;5.32 a 36;2.Secundaria/Polimodal Incompleta;1.Menos de 2500 gramos;11
74;1;1;4.25 a 29;5.32 a 36;2.Secundaria/Polimodal Incompleta;1.Menos de 2500 gramos;4
06;2;1;3.20 a 24;5.32 a 36;1.Hasta Primaria/C.EGB Completa;2.2500 gramos y más;3
38;1;1;3.20 a 24;5.32 a 36;3.Secundario/Polimodal Completa y más;1.Menos de 2500 gramos;14
50;1;2;7.40 a 44;4.28 a 31;2.Secundaria/Polimodal Incompleta;1.Menos de 2500 gramos;2
62;1;1;7.40 a 44;6.37 a 41;2.Secundaria/Polimodal Incompleta;2.2500 gramos y más;19
06;9;2;5.30 a 34;8.Sin especificar;4.Sin especificar;2.2500 gramos y más;1
14;2;2;3.20 a 24;5.32 a 36;3.Secundario/Polimodal Completa y más;1.Menos de 2500 gramos;20
02;1;2;2.15 a 19;7.42 y más;2.Secundaria/Polimodal Incompleta;2.2500 gramos y más;1
18;1;2;5.30 a 34;6.37 a 41;3.Secundario/Polimodal Completa y más;1.Menos de 2500 gramos;17
06;2;2;6.35 a 39;6.37 a 41;2.Secundaria/Polimodal Incompleta;2.2500 gramos y más;13
46;1;2;2.15 a 19;6.37 a 41;2.Secundaria/Polimodal Incompleta;2.2500 gramos y más;80
06;1;2;5.30 a 34;8.Sin especificar;3.Secundario/Polimodal Completa y más;1.Menos de 2500 gramos;6
78;2;1;6.35 a 39;6.37 a 41;3.Secundario/Polimodal Completa y más;1.Menos de 2500 gramos;1
06;2;1;8.De 45 y más;5.32 a 36;3.Secundario/Polimodal Completa y más;1.Menos de 2500 gramos;5
86;1;1;4.25 a 29;6.37 a 41;1.Hasta Primaria/C.EGB Completa;1.Menos de 2500 gramos;24
99;1;2;4.25 a 29;6.37 a 41;1.Hasta Primaria/C.EGB Completa;2.2500 gramos y más;4
66;1;1;4.25 a 29;5.32 a 36;4.Sin especificar;1.Menos de 2500 gramos;1
14;2;2;2.15 a 19;5.32 a 36;1.Hasta Primaria/C.EGB Completa;2.2500 gramos y más;1
62;2;1;6.35 a 39;6.37 a 41;3.Secundario/Polimodal Completa y más;2.2500 gramos y más;5
50;1;2;7.40 a 44;5.32 a 36;1.Hasta Primaria/C.EGB Completa;1.Menos de 2500 gramos;3
54;2;1;2.15 a 19;4.28 a 31;3.Secundario/Polimodal Completa y más;1.Menos de 2500 gramos;3
62;1;1;4.25 a 29;4.28 a 31;3.Secundario/Polimodal Completa y más;1.Menos de 2500 gramos;2
18;1;1;4.25 a 29;6.37 a 41;3.Secundario/Polimodal Completa y más;1.Menos de 2500 gramos;16
54;2;2;4.25 a 29;5.32 a 36;1.Hasta Primaria/C.EGB Completa;1.Menos de 2500 gramos;2
82;1;1;5.30 a 34;8.Sin especificar;2.Secundaria/Polimodal Incompleta;2.2500 gramos y más;1
06;2;1;6.35 a 39;8.Sin especificar;4.Sin especificar;3.Sin especificar;8
50;1;2;3.20 a 24;5.32 a 36;1.Hasta Primaria/C.EGB Completa;1.Menos de 2500 gramos;6
94;1;1;5.30 a 34;6.37 a 41;3.Secundario/Polimodal Completa y más;1.Menos de 2500 gramos;4
62;1;2;4.25 a 29;6.37 a 41;4.Sin especificar;2.2500 gramos y más;129
90;2;2;6.35 a 39;6.37 a 41;1.Hasta Primaria/C.EGB Completa;1.Menos de 2500 gramos;2
66;1;1;1.Menor de 15;4.28 a 31;1.Hasta Primaria/C.EGB Completa;1.Menos de 2500 gramos;1
06;1;1;9.Sin especificar;6.37 a 41;3.Secundario/Polimodal Completa y más;1.Menos de 2500 gramos;13
22;2;1;7.40 a 44;6.37 a 41;1.Hasta Primaria/C.EGB Completa;1.Menos de 2500 gramos;1
22;1;2;5.30 a 34;3.24 a 27;3.Secundario/Polimodal Completa y más;1.Menos de 2500 gramos;4
42;2;2;6.35 a 39;5.32 a 36;3.Secundario/Polimodal Completa y más;1.Menos de 2500 gramos;1
34;2;2;3.20 a 24;5.32 a 36;4.Sin especificar;1.Menos de 2500 gramos;2
38;1;2;3.20 a 24;5.32 a 36;3.Secundario/Polimodal Completa y más;2.2500 gramos y más;15
42;2;1;5.30 a 34;6.37 a 41;2.Secundaria/Polimodal Incompleta;2.2500 gramos y más;1
82;2;2;3.20 a 24;6.37 a 41;1.Hasta Primaria/C.EGB Completa;1.Menos de 2500 gramos;1
30;1;1;3.20 a 24;5.32 a 36;1.Hasta Primaria/C.EGB Completa;2.2500 gramos y más;12
50;2;2;4.25 a 29;5.32 a 36;2.Secundaria/Polimodal Incompleta;1.Menos de 2500 gramos;3
70;1;2;8.De 45 y más;6.37 a 41;3.Secundario/Polimodal Completa y más;1.Menos de 2500 gramos;1
50;1;2;4.25 a 29;6.37 a 41;2.Secundaria/Polimodal Incompleta;1.Menos de 2500 gramos;22
06;1;1;2.15 a 19;5.32 a 36;4.Sin especificar;2.2500 gramos y más;27
66;1;1;2.15 a 19;8.Sin especificar;3.Secundario/Polimodal Completa y más;2.2500 gramos y más;2
62;1;2;6.35 a 39;4.28 a 31;1.Hasta Primaria/C.EGB Completa;1.Menos de 2500 gramos;2
06;9;2;5.30 a 34;6.37 a 41;4.Sin especificar;2.2500 gramos y más;72
18;2;2;5.30 a 34;5.32 a 36;3.Secundario/Polimodal Completa y más;1.Menos de 2500 gramos;8
50;2;1;7.40 a 44;5.32 a 36;3.Secundario/Polimodal Completa y más;1.Menos de 2500 gramos;3
42;1;1;2.15 a 19;4.28 a 31;2.Secundaria/Polimodal Incompleta;1.Menos de 2500 gramos;1
06;1;2;4.25 a 29;8.Sin especificar;2.Secundaria/Polimodal Incompleta;2.2500 gramos y más;9
02;1;2;4.25 a 29;5.32 a 36;4.Sin especificar;1.Menos de 2500 gramos;2
82;2;2;5.30 a 34;6.37 a 41;3.Secundario/Polimodal Completa y más;1.Menos de 2500 gramos;13
06;2;1;6.35 a 39;5.32 a 36;2.Secundaria/Polimodal Incompleta;2.2500 gramos y más;5
26;1;2;5.30 a 34;4.28 a 31;2.Secundaria/Polimodal Incompleta;1.Menos de 2500 gramos;1
66;2;1;5.30 a 34;6.37 a 41;2.Secundaria/Polimodal Incompleta;2.2500 gramos y más;2
06;1;1;9.Sin especificar;6.37 a 41;2.Secundaria/Polimodal Incompleta;3.Sin especificar;5
22;1;1;1.Menor de 15;5.32 a 36;1.Hasta Primaria/C.EGB Completa;2.2500 gramos y más;2
66;2;1;7.40 a 44;6.37 a 41;3.Secundario/Polimodal Completa y más;1.Menos de 2500 gramos;1
22;1;2;2.15 a 19;5.32 a 36;3.Secundario/Polimodal Completa y más;2.2500 gramos y más;5
54;1;1;4.25 a 29;8.Sin especificar;2.Secundaria/Polimodal Incompleta;1.Menos de 2500 gramos;1
38;1;1;5.30 a 34;6.37 a 41;1.Hasta Primaria/C.EGB Completa;1.Menos de 2500 gramos;4
22;1;1;4.25 a 29;8.Sin especificar;1.Hasta Primaria/C.EGB Completa;3.Sin especificar;1
10;1;1;2.15 a 19;4.28 a 31;2.Secundaria/Polimodal Incompleta;2.2500 gramos y más;1
74;1;2;7.40 a 44;5.32 a 36;1.Hasta Primaria/C.EGB Completa;2.2500 gramos y más;1
54;2;2;6.35 a 39;5.32 a 36;2.Secundaria/Polimodal Incompleta;1.Menos de 2500 gramos;2
06;2;2;2.15 a 19;5.32 a 36;2.Secundaria/Polimodal Incompleta;3.Sin especificar;1
90;1;2;7.40 a 44;7.42 y más;1.Hasta Primaria/C.EGB Completa;2.2500 gramos y más;5
22;1;1;3.20 a 24;6.37 a 41;3.Secundario/Polimodal Completa y más;1.Menos de 2500 gramos;25
10;1;1;6.35 a 39;5.32 a 36;1.Hasta Primaria/C.EGB Completa;2.2500 gramos y más;1
30;1;1;4.25 a 29;8.Sin especificar;4.Sin especificar;2.2500 gramos y más;1
50;1;1;5.30 a 34;6.37 a 41;1.Hasta Primaria/C.EGB Completa;1.Menos de 2500 gramos;5
74;1;2;4.25 a 29;1.Menos de 22;3.Secundario/Polimodal Completa y más;1.Menos de 2500 gramos;1
02;1;1;4.25 a 29;6.37 a 41;2.Secundaria/Polimodal Incompleta;1.Menos de 2500 gramos;4
66;2;2;3.20 a 24;2.22 a 23;2.Secundaria/Polimodal Incompleta;1.Menos de 2500 gramos;1
90;2;2;2.15 a 19;5.32 a 36;2.Secundaria/Polimodal Incompleta;1.Menos de 2500 gramos;4
82;1;2;6.35 a 39;6.37 a 41;3.Secundario/Polimodal Completa y más;2.2500 gramos y más;2242
66;1;2;4.25 a 29;4.28 a 31;3.Secundario/Polimodal Completa y más;1.Menos de 2500 gramos;6
42;2;1;4.25 a 29;6.37 a 41;3.Secundario/Polimodal Completa y más;2.2500 gramos y más;2
02;1;2;3.20 a 24;5.32 a 36;1.Hasta Primaria/C.EGB Completa;2.2500 gramos y más;4
18;1;2;3.20 a 24;4.28 a 31;2.Secundaria/Polimodal Incompleta;2.2500 gramos y más;1
54;1;1;5.30 a 34;7.42 y más;3.Secundario/Polimodal Completa y más;2.2500 gramos y más;1
50;2;2;6.35 a 39;4.28 a 31;3.Secundario/Polimodal Completa y más;1.Menos de 2500 gramos;1
78;1;1;5.30 a 34;4.28 a 31;1.Hasta Primaria/C.EGB Completa;1.Menos de 2500 gramos;1
18;1;1;6.35 a 39;7.42 y más;2.Secundaria/Polimodal Incompleta;2.2500 gramos y más;2
90;1;2;4.25 a 29;5.32 a 36;3.Secundario/Polimodal Completa y más;3.Sin especificar;1
82;2;1;2.15 a 19;5.32 a 36;2.Secundaria/Polimodal Incompleta;1.Menos de 2500 gramos;4
66;1;1;3.20 a 24;5.32 a 36;3.Secundario/Polimodal Completa y más;2.2500 gramos y más;44
30;1;2;5.30 a 34;5.32 a 36;2.Secundaria/Polimodal Incompleta;1.Menos de 2500 gramos;5
70;2;2;3.20 a 24;5.32 a 36;3.Secundario/Polimodal Completa y más;1.Menos de 2500 gramos;5
86;2;1;5.30 a 34;5.32 a 36;1.Hasta Primaria/C.EGB Completa;2.2500 gramos y más;1
26;1;2;3.20 a 24;6.37 a 41;2.Secundaria/Polimodal Incompleta;1.Menos de 2500 gramos;3
18;1;1;5.30 a 34;6.37 a 41;3.Secundario/Polimodal Completa y más;2.2500 gramos y más;838
58;1;1;3.20 a 24;3.24 a 27;1.Hasta Primaria/C.EGB Completa;1.Menos de 2500 gramos;1
66;1;2;6.35 a 39;6.37 a 41;2.Secundaria/Polimodal Incompleta;1.Menos de 2500 gramos;5
34;1;2;4.25 a 29;6.37 a 41;1.Hasta Primaria/C.EGB Completa;1.Menos de 2500 gramos;2
34;1;1;3.20 a 24;5.32 a 36;4.Sin especificar;2.2500 gramos y más;17
22;1;2;1.Menor de 15;6.37 a 41;3.Secundario/Polimodal Completa y más;2.2500 gramos y más;1
86;1;1;6.35 a 39;6.37 a 41;3.Secundario/Polimodal Completa y más;2.2500 gramos y más;308
54;1;2;1.Menor de 15;6.37 a 41;4.Sin especificar;2.2500 gramos y más;4
46;1;1;4.25 a 29;5.32 a 36;1.Hasta Primaria/C.EGB Completa;1.Menos de 2500 gramos;1
74;1;1;1.Menor de 15;5.32 a 36;1.Hasta Primaria/C.EGB Completa;2.2500 gramos y más;1
30;1;1;5.30 a 34;8.Sin especificar;2.Secundaria/Polimodal Incompleta;1.Menos de 2500 gramos;1
10;1;1;2.15 a 19;7.42 y más;1.Hasta Primaria/C.EGB Completa;2.2500 gramos y más;1
30;1;2;4.25 a 29;7.42 y más;2.Secundaria/Polimodal Incompleta;2.2500 gramos y más;1
02;1;1;6.35 a 39;5.32 a 36;4.Sin especificar;1.Menos de 2500 gramos;6
26;1;2;5.30 a 34;6.37 a 41;1.Hasta Primaria/C.EGB Completa;2.2500 gramos y más;40
06;1;2;3.20 a 24;5.32 a 36;4.Sin especificar;1.Menos de 2500 gramos;49
82;1;1;4.25 a 29;8.Sin especificar;1.Hasta Primaria/C.EGB Completa;2.2500 gramos y más;2
82;2;1;3.20 a 24;5.32 a 36;3.Secundario/Polimodal Completa y más;2.2500 gramos y más;2
10;1;1;3.20 a 24;5.32 a 36;1.Hasta Primaria/C.EGB Completa;1.Menos de 2500 gramos;2
74;1;1;2.15 a 19;5.32 a 36;3.Secundario/Polimodal Completa y más;1.Menos de 2500 gramos;1
58;1;2;6.35 a 39;6.37 a 41;1.Hasta Primaria/C.EGB Completa;2.2500 gramos y más;41
10;1;1;2.15 a 19;6.37 a 41;1.Hasta Primaria/C.EGB Completa;1.Menos de 2500 gramos;1
30;1;2;3.20 a 24;6.37 a 41;3.Secundario/Polimodal Completa y más;2.2500 gramos y más;641
14;1;1;1.Menor de 15;6.37 a 41;2.Secundaria/Polimodal Incompleta;1.Menos de 2500 gramos;3
10;1;2;4.25 a 29;2.22 a 23;1.Hasta Primaria/C.EGB Completa;1.Menos de 2500 gramos;1
58;1;2;2.15 a 19;6.37 a 41;1.Hasta Primaria/C.EGB Completa;2.2500 gramos y más;25
82;1;2;2.15 a 19;3.24 a 27;2.Secundaria/Polimodal Incompleta;1.Menos de 2500 gramos;9
70;1;1;3.20 a 24;3.24 a 27;3.Secundario/Polimodal Completa y más;1.Menos de 2500 gramos;1
14;1;1;2.15 a 19;4.28 a 31;2.Secundaria/Polimodal Incompleta;1.Menos de 2500 gramos;8
66;1;2;5.30 a 34;5.32 a 36;2.Secundaria/Polimodal Incompleta;1.Menos de 2500 gramos;10
30;1;1;3.20 a 24;5.32 a 36;3.Secundario/Polimodal Completa y más;2.2500 gramos y más;28
90;1;2;6.35 a 39;3.24 a 27;1.Hasta Primaria/C.EGB Completa;1.Menos de 2500 gramos;1
90;2;2;6.35 a 39;5.32 a 36;4.Sin especificar;1.Menos de 2500 gramos;1
86;1;2;2.15 a 19;5.32 a 36;2.Secundaria/Polimodal Incompleta;2.2500 gramos y más;12
06;9;1;4.25 a 29;6.37 a 41;2.Secundaria/Polimodal Incompleta;2.2500 gramos y más;1
10;1;2;3.20 a 24;5.32 a 36;2.Secundaria/Polimodal Incompleta;2.2500 gramos y más;3
38;1;1;4.25 a 29;3.24 a 27;3.Secundario/Polimodal Completa y más;1.Menos de 2500 gramos;1
86;2;1;4.25 a 29;6.37 a 41;3.Secundario/Polimodal Completa y más;2.2500 gramos y más;1
10;1;2;3.20 a 24;8.Sin especificar;3.Secundario/Polimodal Completa y más;2.2500 gramos y más;2
38;1;2;2.15 a 19;5.32 a 36;3.Secundario/Polimodal Completa y más;1.Menos de 2500 gramos;2
50;1;2;5.30 a 34;3.24 a 27;3.Secundario/Polimodal Completa y más;1.Menos de 2500 gramos;2
26;2;2;4.25 a 29;5.32 a 36;3.Secundario/Polimodal Completa y más;1.Menos de 2500 gramos;1
54;2;1;5.30 a 34;6.37 a 41;1.Hasta Primaria/C.EGB Completa;1.Menos de 2500 gramos;3
78;1;1;5.30 a 34;5.32 a 36;2.Secundaria/Polimodal Incompleta;2.2500 gramos y más;4
14;2;2;7.40 a 44;5.32 a 36;3.Secundario/Polimodal Completa y más;1.Menos de 2500 gramos;11
02;1;2;4.25 a 29;6.37 a 41;1.Hasta Primaria/C.EGB Completa;1.Menos de 2500 gramos;6
22;1;1;9.Sin especificar;6.37 a 41;2.Secundaria/Polimodal Incompleta;2.2500 gramos y más;3
10;2;1;7.40 a 44;6.37 a 41;3.Secundario/Polimodal Completa y más;2.2500 gramos y más;1
18;1;2;6.35 a 39;5.32 a 36;1.Hasta Primaria/C.EGB Completa;2.2500 gramos y más;2
02;2;2;6.35 a 39;5.32 a 36;3.Secundario/Polimodal Completa y más;2.2500 gramos y más;12
42;1;2;5.30 a 34;5.32 a 36;2.Secundaria/Polimodal Incompleta;1.Menos de 2500 gramos;9
34;2;1;4.25 a 29;5.32 a 36;2.Secundaria/Polimodal Incompleta;1.Menos de 2500 gramos;1
06;1;1;7.40 a 44;7.42 y más;3.Secundario/Polimodal Completa y más;2.2500 gramos y más;4
86;1;1;3.20 a 24;7.42 y más;1.Hasta Primaria/C.EGB Completa;2.2500 gramos y más;20
34;2;2;3.20 a 24;6.37 a 41;1.Hasta Primaria/C.EGB Completa;1.Menos de 2500 gramos;1
14;2;2;3.20 a 24;5.32 a 36;2.Secundaria/Polimodal Incompleta;2.2500 gramos y más;2
54;1;2;8.De 45 y más;6.37 a 41;1.Hasta Primaria/C.EGB Completa;1.Menos de 2500 gramos;1
34;1;1;2.15 a 19;5.32 a 36;1.Hasta Primaria/C.EGB Completa;2.2500 gramos y más;5
54;1;2;6.35 a 39;4.28 a 31;3.Secundario/Polimodal Completa y más;1.Menos de 2500 gramos;3
86;1;1;2.15 a 19;3.24 a 27;3.Secundario/Polimodal Completa y más;1.Menos de 2500 gramos;1
58;1;2;5.30 a 34;5.32 a 36;3.Secundario/Polimodal Completa y más;2.2500 gramos y más;28
06;1;1;6.35 a 39;8.Sin especificar;2.Secundaria/Polimodal Incompleta;2.2500 gramos y más;4
78;1;2;2.15 a 19;7.42 y más;1.Hasta Primaria/C.EGB Completa;2.2500 gramos y más;1
26;1;1;5.30 a 34;7.42 y más;4.Sin especificar;2.2500 gramos y más;1
82;1;1;5.30 a 34;5.32 a 36;3.Secundario/Polimodal Completa y más;1.Menos de 2500 gramos;90
66;2;2;7.40 a 44;6.37 a 41;3.Secundario/Polimodal Completa y más;2.2500 gramos y más;1
02;1;1;3.20 a 24;5.32 a 36;1.Hasta Primaria/C.EGB Completa;1.Menos de 2500 gramos;8
90;1;1;3.20 a 24;4.28 a 31;3.Secundario/Polimodal Completa y más;1.Menos de 2500 gramos;14
66;1;2;4.25 a 29;3.24 a 27;1.Hasta Primaria/C.EGB Completa;1.Menos de 2500 gramos;1
14;1;2;2.15 a 19;6.37 a 41;2.Secundaria/Polimodal Incompleta;1.Menos de 2500 gramos;32
62;1;1;7.40 a 44;6.37 a 41;4.Sin especificar;2.2500 gramos y más;11
30;1;1;6.35 a 39;2.22 a 23;3.Secundario/Polimodal Completa y más;1.Menos de 2500 gramos;1
02;1;1;4.25 a 29;5.32 a 36;3.Secundario/Polimodal Completa y más;2.2500 gramos y más;45
06;1;1;3.20 a 24;4.28 a 31;3.Secundario/Polimodal Completa y más;3.Sin especificar;1
90;1;1;5.30 a 34;1.Menos de 22;3.Secundario/Polimodal Completa y más;1.Menos de 2500 gramos;1
66;2;1;5.30 a 34;6.37 a 41;3.Secundario/Polimodal Completa y más;1.Menos de 2500 gramos;1
82;2;2;8.De 45 y más;6.37 a 41;2.Secundaria/Polimodal Incompleta;2.2500 gramos y más;2
02;9;1;5.30 a 34;6.37 a 41;3.Secundario/Polimodal Completa y más;2.2500 gramos y más;1
06;1;1;3.20 a 24;8.Sin especificar;2.Secundaria/Polimodal Incompleta;1.Menos de 2500 gramos;4
30;1;1;7.40 a 44;5.32 a 36;3.Secundario/Polimodal Completa y más;2.2500 gramos y más;10
86;1;1;2.15 a 19;3.24 a 27;2.Secundaria/Polimodal Incompleta;1.Menos de 2500 gramos;1
46;1;9;5.30 a 34;6.37 a 41;3.Secundario/Polimodal Completa y más;2.2500 gramos y más;2
90;2;1;3.20 a 24;6.37 a 41;3.Secundario/Polimodal Completa y más;1.Menos de 2500 gramos;3
02;1;2;2.15 a 19;3.24 a 27;1.Hasta Primaria/C.EGB Completa;1.Menos de 2500 gramos;1
18;1;2;6.35 a 39;5.32 a 36;4.Sin especificar;1.Menos de 2500 gramos;5
42;1;2;3.20 a 24;6.37 a 41;2.Secundaria/Polimodal Incompleta;2.2500 gramos y más;86
42;2;1;5.30 a 34;6.37 a 41;3.Secundario/Polimodal Completa y más;1.Menos de 2500 gramos;1
74;1;2;4.25 a 29;6.37 a 41;3.Secundario/Polimodal Completa y más;2.2500 gramos y más;460
54;1;1;3.20 a 24;5.32 a 36;4.Sin especificar;2.2500 gramos y más;3
86;1;2;4.25 a 29;6.37 a 41;3.Secundario/Polimodal Completa y más;2.2500 gramos y más;534
58;1;1;7.40 a 44;5.32 a 36;1.Hasta Primaria/C.EGB Completa;1.Menos de 2500 gramos;2
62;1;2;6.35 a 39;5.32 a 36;4.Sin especificar;2.2500 gramos y más;1
46;1;2;4.25 a 29;5.32 a 36;1.Hasta Primaria/C.EGB Completa;2.2500 gramos y más;3
06;1;2;3.20 a 24;6.37 a 41;4.Sin especificar;2.2500 gramos y más;1677
18;1;2;7.40 a 44;5.32 a 36;1.Hasta Primaria/C.EGB Completa;2.2500 gramos y más;3
06;2;2;7.40 a 44;6.37 a 41;2.Secundaria/Polimodal Incompleta;2.2500 gramos y más;4
14;1;1;2.15 a 19;6.37 a 41;2.Secundaria/Polimodal Incompleta;2.2500 gramos y más;1055
54;1;1;3.20 a 24;8.Sin especificar;3.Secundario/Polimodal Completa y más;2.2500 gramos y más;1
06;1;1;3.20 a 24;7.42 y más;3.Secundario/Polimodal Completa y más;2.2500 gramos y más;40
66;1;2;6.35 a 39;5.32 a 36;3.Secundario/Polimodal Completa y más;2.2500 gramos y más;29
30;1;2;3.20 a 24;5.32 a 36;3.Secundario/Polimodal Completa y más;1.Menos de 2500 gramos;17
62;2;1;2.15 a 19;5.32 a 36;3.Secundario/Polimodal Completa y más;1.Menos de 2500 gramos;1
90;1;1;3.20 a 24;8.Sin especificar;1.Hasta Primaria/C.EGB Completa;2.2500 gramos y más;14
14;1;2;3.20 a 24;8.Sin especificar;3.Secundario/Polimodal Completa y más;3.Sin especificar;1
86;1;2;3.20 a 24;5.32 a 36;2.Secundaria/Polimodal Incompleta;1.Menos de 2500 gramos;11
06;1;1;6.35 a 39;5.32 a 36;3.Secundario/Polimodal Completa y más;3.Sin especificar;11
18;2;2;4.25 a 29;6.37 a 41;4.Sin especificar;1.Menos de 2500 gramos;1
70;1;2;6.35 a 39;5.32 a 36;2.Secundaria/Polimodal Incompleta;2.2500 gramos y más;2
50;2;1;2.15 a 19;6.37 a 41;2.Secundaria/Polimodal Incompleta;2.2500 gramos y más;1
34;1;2;3.20 a 24;3.24 a 27;1.Hasta Primaria/C.EGB Completa;1.Menos de 2500 gramos;1
06;1;2;6.35 a 39;4.28 a 31;1.Hasta Primaria/C.EGB Completa;1.Menos de 2500 gramos;12
50;1;2;8.De 45 y más;6.37 a 41;1.Hasta Primaria/C.EGB Completa;2.2500 gramos y más;5
06;2;2;3.20 a 24;5.32 a 36;4.Sin especificar;2.2500 gramos y más;4
02;1;2;6.35 a 39;5.32 a 36;4.Sin especificar;2.2500 gramos y más;3
86;1;1;2.15 a 19;6.37 a 41;4.Sin especificar;2.2500 gramos y más;6
06;1;1;2.15 a 19;4.28 a 31;4.Sin especificar;1.Menos de 2500 gramos;8
06;2;2;4.25 a 29;4.28 a 31;1.Hasta Primaria/C.EGB Completa;1.Menos de 2500 gramos;5
54;1;1;7.40 a 44;6.37 a 41;3.Secundario/Polimodal Completa y más;2.2500 gramos y más;83
62;1;2;7.40 a 44;6.37 a 41;2.Secundaria/Polimodal Incompleta;1.Menos de 2500 gramos;1
10;2;2;3.20 a 24;6.37 a 41;2.Secundaria/Polimodal Incompleta;2.2500 gramos y más;2
54;2;1;4.25 a 29;6.37 a 41;2.Secundaria/Polimodal Incompleta;2.2500 gramos y más;1
99;1;1;6.35 a 39;6.37 a 41;1.Hasta Primaria/C.EGB Completa;2.2500 gramos y más;2
06;1;9;9.Sin especificar;6.37 a 41;4.Sin especificar;2.2500 gramos y más;19
14;1;1;4.25 a 29;5.32 a 36;3.Secundario/Polimodal Completa y más;2.2500 gramos y más;108
10;1;1;2.15 a 19;5.32 a 36;2.Secundaria/Polimodal Incompleta;1.Menos de 2500 gramos;4
14;1;1;1.Menor de 15;5.32 a 36;2.Secundaria/Polimodal Incompleta;2.2500 gramos y más;2
14;2;1;7.40 a 44;5.32 a 36;3.Secundario/Polimodal Completa y más;2.2500 gramos y más;1
18;2;2;5.30 a 34;6.37 a 41;2.Secundaria/Polimodal Incompleta;2.2500 gramos y más;5
06;1;9;5.30 a 34;5.32 a 36;3.Secundario/Polimodal Completa y más;2.2500 gramos y más;2
06;2;2;4.25 a 29;6.37 a 41;1.Hasta Primaria/C.EGB Completa;2.2500 gramos y más;13
66;1;2;3.20 a 24;6.37 a 41;3.Secundario/Polimodal Completa y más;3.Sin especificar;2
86;2;1;6.35 a 39;6.37 a 41;1.Hasta Primaria/C.EGB Completa;2.2500 gramos y más;2
74;1;2;6.35 a 39;5.32 a 36;1.Hasta Primaria/C.EGB Completa;2.2500 gramos y más;2
22;1;2;4.25 a 29;6.37 a 41;4.Sin especificar;1.Menos de 2500 gramos;2
18;1;2;6.35 a 39;5.32 a 36;2.Secundaria/Polimodal Incompleta;2.2500 gramos y más;5
66;1;1;7.40 a 44;2.22 a 23;2.Secundaria/Polimodal Incompleta;1.Menos de 2500 gramos;1
54;1;1;1.Menor de 15;6.37 a 41;1.Hasta Primaria/C.EGB Completa;2.2500 gramos y más;43
06;1;1;4.25 a 29;7.42 y más;1.Hasta Primaria/C.EGB Completa;2.2500 gramos y más;25
14;1;2;3.20 a 24;6.37 a 41;1.Hasta Primaria/C.EGB Completa;1.Menos de 2500 gramos;16
06;2;1;7.40 a 44;5.32 a 36;3.Secundario/Polimodal Completa y más;2.2500 gramos y más;9
90;2;2;3.20 a 24;6.37 a 41;3.Secundario/Polimodal Completa y más;2.2500 gramos y más;7
82;2;2;4.25 a 29;6.37 a 41;2.Secundaria/Polimodal Incompleta;2.2500 gramos y más;2
66;2;1;4.25 a 29;5.32 a 36;1.Hasta Primaria/C.EGB Completa;1.Menos de 2500 gramos;4
02;9;1;6.35 a 39;4.28 a 31;4.Sin especificar;1.Menos de 2500 gramos;1
42;1;1;2.15 a 19;5.32 a 36;3.Secundario/Polimodal Completa y más;1.Menos de 2500 gramos;3
14;1;1;5.30 a 34;4.28 a 31;1.Hasta Primaria/C.EGB Completa;1.Menos de 2500 gramos;3
99;1;2;9.Sin especificar;6.37 a 41;1.Hasta Primaria/C.EGB Completa;2.2500 gramos y más;4
46;1;2;4.25 a 29;6.37 a 41;2.Secundaria/Polimodal Incompleta;1.Menos de 2500 gramos;1
66;1;2;5.30 a 34;4.28 a 31;3.Secundario/Polimodal Completa y más;2.2500 gramos y más;1
06;9;2;7.40 a 44;6.37 a 41;4.Sin especificar;2.2500 gramos y más;10
06;2;1;2.15 a 19;6.37 a 41;2.Secundaria/Polimodal Incompleta;1.Menos de 2500 gramos;3
06;1;1;5.30 a 34;6.37 a 41;4.Sin especificar;1.Menos de 2500 gramos;36
66;1;2;5.30 a 34;6.37 a 41;1.Hasta Primaria/C.EGB Completa;1.Menos de 2500 gramos;3
30;2;1;5.30 a 34;8.Sin especificar;2.Secundaria/Polimodal Incompleta;2.2500 gramos y más;1
02;1;2;5.30 a 34;7.42 y más;3.Secundario/Polimodal Completa y más;2.2500 gramos y más;5
82;2;1;3.20 a 24;4.28 a 31;3.Secundario/Polimodal Completa y más;1.Menos de 2500 gramos;3
10;1;1;4.25 a 29;6.37 a 41;2.Secundaria/Polimodal Incompleta;1.Menos de 2500 gramos;2
58;2;2;7.40 a 44;5.32 a 36;2.Secundaria/Polimodal Incompleta;1.Menos de 2500 gramos;1
62;1;1;6.35 a 39;6.37 a 41;2.Secundaria/Polimodal Incompleta;2.2500 gramos y más;68
58;1;1;2.15 a 19;5.32 a 36;2.Secundaria/Polimodal Incompleta;1.Menos de 2500 gramos;5
62;1;2;3.20 a 24;4.28 a 31;4.Sin especificar;2.2500 gramos y más;1
30;1;2;5.30 a 34;8.Sin especificar;2.Secundaria/Polimodal Incompleta;2.2500 gramos y más;2
34;1;2;6.35 a 39;4.28 a 31;3.Secundario/Polimodal Completa y más;1.Menos de 2500 gramos;4
90;2;2;4.25 a 29;6.37 a 41;2.Secundaria/Polimodal Incompleta;1.Menos de 2500 gramos;3
14;1;2;1.Menor de 15;5.32 a 36;2.Secundaria/Polimodal Incompleta;1.Menos de 2500 gramos;1
26;1;1;8.De 45 y más;5.32 a 36;3.Secundario/Polimodal Completa y más;1.Menos de 2500 gramos;1
54;1;1;8.De 45 y más;6.37 a 41;3.Secundario/Polimodal Completa y más;1.Menos de 2500 gramos;2
62;1;1;4.25 a 29;8.Sin especificar;4.Sin especificar;1.Menos de 2500 gramos;1
30;2;1;4.25 a 29;6.37 a 41;1.Hasta Primaria/C.EGB Completa;2.2500 gramos y más;4
58;1;1;3.20 a 24;7.42 y más;2.Secundaria/Polimodal Incompleta;2.2500 gramos y más;2
02;2;2;3.20 a 24;6.37 a 41;4.Sin especificar;2.2500 gramos y más;1
14;1;2;3.20 a 24;6.37 a 41;4.Sin especificar;2.2500 gramos y más;1
62;1;2;3.20 a 24;6.37 a 41;3.Secundario/Polimodal Completa y más;1.Menos de 2500 gramos;6
30;1;2;7.40 a 44;5.32 a 36;2.Secundaria/Polimodal Incompleta;1.Menos de 2500 gramos;4
30;1;1;6.35 a 39;5.32 a 36;2.Secundaria/Polimodal Incompleta;2.2500 gramos y más;10
82;1;2;4.25 a 29;6.37 a 41;2.Secundaria/Polimodal Incompleta;3.Sin especificar;1
06;1;1;2.15 a 19;2.22 a 23;4.Sin especificar;1.Menos de 2500 gramos;1
22;1;1;3.20 a 24;6.37 a 41;4.Sin especificar;2.2500 gramos y más;38
26;1;1;2.15 a 19;5.32 a 36;1.Hasta Primaria/C.EGB Completa;2.2500 gramos y más;1
82;2;2;4.25 a 29;5.32 a 36;1.Hasta Primaria/C.EGB Completa;1.Menos de 2500 gramos;8
34;2;1;5.30 a 34;3.24 a 27;3.Secundario/Polimodal Completa y más;1.Menos de 2500 gramos;2
02;1;1;3.20 a 24;4.28 a 31;2.Secundaria/Polimodal Incompleta;1.Menos de 2500 gramos;3
50;1;1;4.25 a 29;3.24 a 27;3.Secundario/Polimodal Completa y más;1.Menos de 2500 gramos;5
90;1;2;2.15 a 19;7.42 y más;3.Secundario/Polimodal Completa y más;2.2500 gramos y más;9
06;9;1;8.De 45 y más;6.37 a 41;4.Sin especificar;2.2500 gramos y más;2
62;1;2;4.25 a 29;5.32 a 36;1.Hasta Primaria/C.EGB Completa;2.2500 gramos y más;4
50;2;1;5.30 a 34;3.24 a 27;3.Secundario/Polimodal Completa y más;1.Menos de 2500 gramos;1
66;1;1;7.40 a 44;5.32 a 36;2.Secundaria/Polimodal Incompleta;2.2500 gramos y más;1
54;1;1;3.20 a 24;6.37 a 41;3.Secundario/Polimodal Completa y más;2.2500 gramos y más;806
54;1;1;4.25 a 29;5.32 a 36;3.Secundario/Polimodal Completa y más;2.2500 gramos y más;52
02;2;1;4.25 a 29;6.37 a 41;3.Secundario/Polimodal Completa y más;1.Menos de 2500 gramos;4
22;1;2;2.15 a 19;6.37 a 41;2.Secundaria/Polimodal Incompleta;3.Sin especificar;3
34;1;2;5.30 a 34;5.32 a 36;4.Sin especificar;2.2500 gramos y más;21
06;1;9;3.20 a 24;6.37 a 41;2.Secundaria/Polimodal Incompleta;3.Sin especificar;1
90;1;2;5.30 a 34;4.28 a 31;1.Hasta Primaria/C.EGB Completa;1.Menos de 2500 gramos;10
06;1;1;4.25 a 29;8.Sin especificar;2.Secundaria/Polimodal Incompleta;3.Sin especificar;4
06;1;2;2.15 a 19;8.Sin especificar;4.Sin especificar;1.Menos de 2500 gramos;1
10;1;2;3.20 a 24;7.42 y más;3.Secundario/Polimodal Completa y más;2.2500 gramos y más;2
06;2;2;4.25 a 29;6.37 a 41;4.Sin especificar;1.Menos de 2500 gramos;2
70;1;1;5.30 a 34;3.24 a 27;3.Secundario/Polimodal Completa y más;1.Menos de 2500 gramos;3
02;2;2;3.20 a 24;6.37 a 41;2.Secundaria/Polimodal Incompleta;2.2500 gramos y más;2
94;1;2;5.30 a 34;5.32 a 36;3.Secundario/Polimodal Completa y más;1.Menos de 2500 gramos;2
99;1;2;6.35 a 39;8.Sin especificar;2.Secundaria/Polimodal Incompleta;3.Sin especificar;1
82;2;1;4.25 a 29;4.28 a 31;1.Hasta Primaria/C.EGB Completa;1.Menos de 2500 gramos;3
50;2;1;5.30 a 34;5.32 a 36;2.Secundaria/Polimodal Incompleta;2.2500 gramos y más;3
54;1;2;3.20 a 24;8.Sin especificar;2.Secundaria/Polimodal Incompleta;1.Menos de 2500 gramos;1
42;2;1;5.30 a 34;5.32 a 36;2.Secundaria/Polimodal Incompleta;1.Menos de 2500 gramos;1
22;1;1;2.15 a 19;7.42 y más;3.Secundario/Polimodal Completa y más;2.2500 gramos y más;1
30;1;1;5.30 a 34;6.37 a 41;2.Secundaria/Polimodal Incompleta;1.Menos de 2500 gramos;6
54;2;2;4.25 a 29;6.37 a 41;3.Secundario/Polimodal Completa y más;2.2500 gramos y más;2
38;1;2;4.25 a 29;7.42 y más;1.Hasta Primaria/C.EGB Completa;2.2500 gramos y más;2
18;2;1;6.35 a 39;5.32 a 36;3.Secundario/Polimodal Completa y más;2.2500 gramos y más;1
62;1;2;2.15 a 19;4.28 a 31;2.Secundaria/Polimodal Incompleta;1.Menos de 2500 gramos;1
54;1;1;6.35 a 39;8.Sin especificar;2.Secundaria/Polimodal Incompleta;2.2500 gramos y más;1
82;1;2;1.Menor de 15;6.37 a 41;2.Secundaria/Polimodal Incompleta;1.Menos de 2500 gramos;1
82;2;1;6.35 a 39;6.37 a 41;1.Hasta Primaria/C.EGB Completa;2.2500 gramos y más;3
06;1;9;2.15 a 19;6.37 a 41;3.Secundario/Polimodal Completa y más;2.2500 gramos y más;6
14;1;1;3.20 a 24;8.Sin especificar;4.Sin especificar;3.Sin especificar;2
42;1;2;6.35 a 39;6.37 a 41;3.Secundario/Polimodal Completa y más;1.Menos de 2500 gramos;4
66;2;2;3.20 a 24;6.37 a 41;3.Secundario/Polimodal Completa y más;2.2500 gramos y más;4
90;1;2;2.15 a 19;6.37 a 41;1.Hasta Primaria/C.EGB Completa;2.2500 gramos y más;164
06;1;2;4.25 a 29;6.37 a 41;3.Secundario/Polimodal Completa y más;2.2500 gramos y más;10566
06;1;1;1.Menor de 15;5.32 a 36;1.Hasta Primaria/C.EGB Completa;2.2500 gramos y más;4
02;2;2;5.30 a 34;5.32 a 36;3.Secundario/Polimodal Completa y más;2.2500 gramos y más;8
46;1;1;8.De 45 y más;6.37 a 41;3.Secundario/Polimodal Completa y más;2.2500 gramos y más;3
70;1;1;6.35 a 39;5.32 a 36;1.Hasta Primaria/C.EGB Completa;2.2500 gramos y más;3
14;1;2;4.25 a 29;8.Sin especificar;2.Secundaria/Polimodal Incompleta;2.2500 gramos y más;2
82;1;1;7.40 a 44;6.37 a 41;1.Hasta Primaria/C.EGB Completa;1.Menos de 2500 gramos;5
66;1;2;4.25 a 29;7.42 y más;2.Secundaria/Polimodal Incompleta;2.2500 gramos y más;3
74;1;1;4.25 a 29;6.37 a 41;3.Secundario/Polimodal Completa y más;3.Sin especificar;1
82;2;1;6.35 a 39;3.24 a 27;3.Secundario/Polimodal Completa y más;1.Menos de 2500 gramos;2
14;1;1;4.25 a 29;2.22 a 23;3.Secundario/Polimodal Completa y más;1.Menos de 2500 gramos;1
22;1;2;7.40 a 44;8.Sin especificar;3.Secundario/Polimodal Completa y más;1.Menos de 2500 gramos;1
50;1;2;4.25 a 29;6.37 a 41;3.Secundario/Polimodal Completa y más;1.Menos de 2500 gramos;44
74;1;1;2.15 a 19;6.37 a 41;1.Hasta Primaria/C.EGB Completa;2.2500 gramos y más;28
06;1;2;2.15 a 19;7.42 y más;1.Hasta Primaria/C.EGB Completa;2.2500 gramos y más;5
34;1;2;6.35 a 39;5.32 a 36;4.Sin especificar;2.2500 gramos y más;15
02;1;2;8.De 45 y más;5.32 a 36;4.Sin especificar;1.Menos de 2500 gramos;1
14;2;2;3.20 a 24;3.24 a 27;3.Secundario/Polimodal Completa y más;1.Menos de 2500 gramos;1
30;2;1;8.De 45 y más;3.24 a 27;1.Hasta Primaria/C.EGB Completa;1.Menos de 2500 gramos;2
10;1;2;5.30 a 34;8.Sin especificar;1.Hasta Primaria/C.EGB Completa;2.2500 gramos y más;1
22;1;1;5.30 a 34;6.37 a 41;2.Secundaria/Polimodal Incompleta;3.Sin especificar;2
34;1;1;4.25 a 29;7.42 y más;3.Secundario/Polimodal Completa y más;2.2500 gramos y más;2
46;1;2;6.35 a 39;5.32 a 36;3.Secundario/Polimodal Completa y más;1.Menos de 2500 gramos;12
06;1;2;6.35 a 39;2.22 a 23;2.Secundaria/Polimodal Incompleta;1.Menos de 2500 gramos;1
14;1;2;2.15 a 19;3.24 a 27;1.Hasta Primaria/C.EGB Completa;1.Menos de 2500 gramos;3
90;1;1;7.40 a 44;5.32 a 36;1.Hasta Primaria/C.EGB Completa;1.Menos de 2500 gramos;11
66;1;1;2.15 a 19;5.32 a 36;4.Sin especificar;2.2500 gramos y más;2
50;1;2;4.25 a 29;8.Sin especificar;1.Hasta Primaria/C.EGB Completa;2.2500 gramos y más;1
86;1;1;4.25 a 29;5.32 a 36;2.Secundaria/Polimodal Incompleta;1.Menos de 2500 gramos;5
02;9;2;3.20 a 24;5.32 a 36;4.Sin especificar;1.Menos de 2500 gramos;3
06;9;1;6.35 a 39;6.37 a 41;4.Sin especificar;3.Sin especificar;2
02;1;1;5.30 a 34;4.28 a 31;4.Sin especificar;1.Menos de 2500 gramos;1
10;2;1;6.35 a 39;6.37 a 41;3.Secundario/Polimodal Completa y más;2.2500 gramos y más;4
50;1;1;6.35 a 39;6.37 a 41;3.Secundario/Polimodal Completa y más;1.Menos de 2500 gramos;20
06;2;1;9.Sin especificar;5.32 a 36;1.Hasta Primaria/C.EGB Completa;1.Menos de 2500 gramos;1
06;2;2;2.15 a 19;6.37 a 41;1.Hasta Primaria/C.EGB Completa;1.Menos de 2500 gramos;1
66;1;1;5.30 a 34;7.42 y más;3.Secundario/Polimodal Completa y más;2.2500 gramos y más;2
22;1;1;4.25 a 29;6.37 a 41;1.Hasta Primaria/C.EGB Completa;3.Sin especificar;6
22;9;1;4.25 a 29;6.37 a 41;2.Secundaria/Polimodal Incompleta;2.2500 gramos y más;1
54;1;1;5.30 a 34;5.32 a 36;4.Sin especificar;2.2500 gramos y más;4
06;1;2;7.40 a 44;6.37 a 41;2.Secundaria/Polimodal Incompleta;3.Sin especificar;10
74;1;2;3.20 a 24;7.42 y más;2.Secundaria/Polimodal Incompleta;2.2500 gramos y más;11
82;2;2;5.30 a 34;6.37 a 41;1.Hasta Primaria/C.EGB Completa;1.Menos de 2500 gramos;3
42;1;1;6.35 a 39;5.32 a 36;2.Secundaria/Polimodal Incompleta;2.2500 gramos y más;1
46;1;1;6.35 a 39;5.32 a 36;3.Secundario/Polimodal Completa y más;2.2500 gramos y más;9
78;1;1;5.30 a 34;5.32 a 36;1.Hasta Primaria/C.EGB Completa;2.2500 gramos y más;1
90;1;2;2.15 a 19;8.Sin especificar;1.Hasta Primaria/C.EGB Completa;2.2500 gramos y más;1
90;1;1;8.De 45 y más;5.32 a 36;1.Hasta Primaria/C.EGB Completa;2.2500 gramos y más;1
06;1;9;4.25 a 29;6.37 a 41;4.Sin especificar;2.2500 gramos y más;9
10;1;1;1.Menor de 15;6.37 a 41;3.Secundario/Polimodal Completa y más;2.2500 gramos y más;2
54;1;1;4.25 a 29;2.22 a 23;1.Hasta Primaria/C.EGB Completa;1.Menos de 2500 gramos;1
30;2;1;4.25 a 29;4.28 a 31;1.Hasta Primaria/C.EGB Completa;1.Menos de 2500 gramos;1
58;1;1;2.15 a 19;6.37 a 41;4.Sin especificar;2.2500 gramos y más;1
82;1;1;6.35 a 39;3.24 a 27;2.Secundaria/Polimodal Incompleta;1.Menos de 2500 gramos;3
90;1;1;4.25 a 29;4.28 a 31;2.Secundaria/Polimodal Incompleta;2.2500 gramos y más;1
06;1;9;6.35 a 39;6.37 a 41;1.Hasta Primaria/C.EGB Completa;2.2500 gramos y más;9
66;1;1;2.15 a 19;4.28 a 31;2.Secundaria/Polimodal Incompleta;1.Menos de 2500 gramos;1
58;1;1;8.De 45 y más;4.28 a 31;3.Secundario/Polimodal Completa y más;1.Menos de 2500 gramos;1
54;1;1;3.20 a 24;4.28 a 31;1.Hasta Primaria/C.EGB Completa;1.Menos de 2500 gramos;3
30;1;1;3.20 a 24;8.Sin especificar;2.Secundaria/Polimodal Incompleta;3.Sin especificar;1
34;1;2;4.25 a 29;6.37 a 41;3.Secundario/Polimodal Completa y más;1.Menos de 2500 gramos;9
06;1;1;4.25 a 29;5.32 a 36;3.Secundario/Polimodal Completa y más;2.2500 gramos y más;443
06;1;2;7.40 a 44;6.37 a 41;3.Secundario/Polimodal Completa y más;1.Menos de 2500 gramos;63
06;1;1;4.25 a 29;6.37 a 41;3.Secundario/Polimodal Completa y más;1.Menos de 2500 gramos;204
06;2;2;5.30 a 34;6.37 a 41;3.Secundario/Polimodal Completa y más;2.2500 gramos y más;67
34;1;1;7.40 a 44;5.32 a 36;3.Secundario/Polimodal Completa y más;1.Menos de 2500 gramos;2
06;2;2;2.15 a 19;6.37 a 41;3.Secundario/Polimodal Completa y más;1.Menos de 2500 gramos;3
06;1;1;7.40 a 44;8.Sin especificar;2.Secundaria/Polimodal Incompleta;2.2500 gramos y más;2
34;1;2;2.15 a 19;5.32 a 36;3.Secundario/Polimodal Completa y más;1.Menos de 2500 gramos;2
18;1;1;5.30 a 34;7.42 y más;3.Secundario/Polimodal Completa y más;2.2500 gramos y más;3
58;1;1;5.30 a 34;8.Sin especificar;3.Secundario/Polimodal Completa y más;2.2500 gramos y más;4
06;2;1;6.35 a 39;2.22 a 23;3.Secundario/Polimodal Completa y más;1.Menos de 2500 gramos;1
62;1;2;9.Sin especificar;6.37 a 41;4.Sin especificar;2.2500 gramos y más;2
14;1;2;6.35 a 39;5.32 a 36;1.Hasta Primaria/C.EGB Completa;2.2500 gramos y más;11
62;1;2;6.35 a 39;6.37 a 41;3.Secundario/Polimodal Completa y más;2.2500 gramos y más;328
90;1;2;4.25 a 29;4.28 a 31;1.Hasta Primaria/C.EGB Completa;2.2500 gramos y más;2
86;2;2;4.25 a 29;6.37 a 41;1.Hasta Primaria/C.EGB Completa;2.2500 gramos y más;2
62;1;1;2.15 a 19;6.37 a 41;4.Sin especificar;2.2500 gramos y más;38
62;1;1;7.40 a 44;8.Sin especificar;4.Sin especificar;2.2500 gramos y más;1
74;1;2;3.20 a 24;5.32 a 36;2.Secundaria/Polimodal Incompleta;1.Menos de 2500 gramos;10
78;1;1;4.25 a 29;6.37 a 41;3.Secundario/Polimodal Completa y más;1.Menos de 2500 gramos;1
50;2;1;4.25 a 29;5.32 a 36;3.Secundario/Polimodal Completa y más;2.2500 gramos y más;2
50;2;2;6.35 a 39;6.37 a 41;3.Secundario/Polimodal Completa y más;2.2500 gramos y más;6
02;2;1;6.35 a 39;3.24 a 27;3.Secundario/Polimodal Completa y más;1.Menos de 2500 gramos;5
54;1;2;2.15 a 19;5.32 a 36;4.Sin especificar;2.2500 gramos y más;2
50;1;1;2.15 a 19;5.32 a 36;3.Secundario/Polimodal Completa y más;2.2500 gramos y más;6
62;1;1;4.25 a 29;5.32 a 36;3.Secundario/Polimodal Completa y más;2.2500 gramos y más;27
26;1;1;6.35 a 39;3.24 a 27;4.Sin especificar;1.Menos de 2500 gramos;1
06;1;2;1.Menor de 15;6.37 a 41;4.Sin especificar;2.2500 gramos y más;8
70;1;1;4.25 a 29;5.32 a 36;2.Secundaria/Polimodal Incompleta;2.2500 gramos y más;7
18;1;2;2.15 a 19;5.32 a 36;3.Secundario/Polimodal Completa y más;2.2500 gramos y más;5
99;1;2;3.20 a 24;6.37 a 41;1.Hasta Primaria/C.EGB Completa;3.Sin especificar;1
06;1;2;7.40 a 44;8.Sin especificar;3.Secundario/Polimodal Completa y más;1.Menos de 2500 gramos;1
02;1;2;7.40 a 44;8.Sin especificar;3.Secundario/Polimodal Completa y más;2.2500 gramos y más;2
06;1;1;5.30 a 34;4.28 a 31;3.Secundario/Polimodal Completa y más;1.Menos de 2500 gramos;82
06;2;1;3.20 a 24;6.37 a 41;4.Sin especificar;2.2500 gramos y más;6
46;1;2;5.30 a 34;4.28 a 31;2.Secundaria/Polimodal Incompleta;1.Menos de 2500 gramos;1
50;1;1;4.25 a 29;8.Sin especificar;3.Secundario/Polimodal Completa y más;2.2500 gramos y más;1
78;1;2;7.40 a 44;6.37 a 41;4.Sin especificar;2.2500 gramos y más;1
30;1;2;4.25 a 29;5.32 a 36;2.Secundaria/Polimodal Incompleta;2.2500 gramos y más;17
82;1;2;3.20 a 24;5.32 a 36;1.Hasta Primaria/C.EGB Completa;2.2500 gramos y más;36
54;1;1;2.15 a 19;3.24 a 27;2.Secundaria/Polimodal Incompleta;1.Menos de 2500 gramos;3
34;2;1;6.35 a 39;6.37 a 41;1.Hasta Primaria/C.EGB Completa;2.2500 gramos y más;1
06;1;2;3.20 a 24;8.Sin especificar;3.Secundario/Polimodal Completa y más;1.Menos de 2500 gramos;3
94;1;1;5.30 a 34;5.32 a 36;3.Secundario/Polimodal Completa y más;2.2500 gramos y más;10
50;1;1;9.Sin especificar;6.37 a 41;2.Secundaria/Polimodal Incompleta;2.2500 gramos y más;1
22;1;2;6.35 a 39;6.37 a 41;3.Secundario/Polimodal Completa y más;3.Sin especificar;2
90;1;1;5.30 a 34;5.32 a 36;3.Secundario/Polimodal Completa y más;3.Sin especificar;1
22;1;1;7.40 a 44;7.42 y más;1.Hasta Primaria/C.EGB Completa;2.2500 gramos y más;1
62;1;1;6.35 a 39;3.24 a 27;2.Secundaria/Polimodal Incompleta;1.Menos de 2500 gramos;1
62;1;1;5.30 a 34;6.37 a 41;4.Sin especificar;1.Menos de 2500 gramos;1
02;9;2;4.25 a 29;6.37 a 41;4.Sin especificar;2.2500 gramos y más;54
58;1;1;4.25 a 29;5.32 a 36;1.Hasta Primaria/C.EGB Completa;2.2500 gramos y más;3
02;1;1;3.20 a 24;3.24 a 27;3.Secundario/Polimodal Completa y más;1.Menos de 2500 gramos;2
02;1;1;6.35 a 39;8.Sin especificar;4.Sin especificar;2.2500 gramos y más;1
18;1;1;4.25 a 29;2.22 a 23;3.Secundario/Polimodal Completa y más;1.Menos de 2500 gramos;2
14;1;2;8.De 45 y más;5.32 a 36;3.Secundario/Polimodal Completa y más;1.Menos de 2500 gramos;4
82;1;2;2.15 a 19;7.42 y más;2.Secundaria/Polimodal Incompleta;2.2500 gramos y más;1
99;1;2;3.20 a 24;5.32 a 36;3.Secundario/Polimodal Completa y más;1.Menos de 2500 gramos;1
22;1;1;9.Sin especificar;6.37 a 41;4.Sin especificar;2.2500 gramos y más;3
90;1;1;7.40 a 44;8.Sin especificar;3.Secundario/Polimodal Completa y más;2.2500 gramos y más;2
18;1;2;2.15 a 19;7.42 y más;1.Hasta Primaria/C.EGB Completa;2.2500 gramos y más;2
02;1;1;6.35 a 39;6.37 a 41;3.Secundario/Polimodal Completa y más;3.Sin especificar;3
10;2;1;3.20 a 24;6.37 a 41;1.Hasta Primaria/C.EGB Completa;2.2500 gramos y más;1
82;2;1;8.De 45 y más;6.37 a 41;3.Secundario/Polimodal Completa y más;1.Menos de 2500 gramos;1
14;1;1;7.40 a 44;4.28 a 31;3.Secundario/Polimodal Completa y más;1.Menos de 2500 gramos;6
18;2;2;2.15 a 19;5.32 a 36;2.Secundaria/Polimodal Incompleta;1.Menos de 2500 gramos;2
86;1;1;6.35 a 39;5.32 a 36;1.Hasta Primaria/C.EGB Completa;1.Menos de 2500 gramos;14
18;1;1;4.25 a 29;5.32 a 36;1.Hasta Primaria/C.EGB Completa;2.2500 gramos y más;6
22;1;2;3.20 a 24;5.32 a 36;2.Secundaria/Polimodal Incompleta;1.Menos de 2500 gramos;27
34;1;2;1.Menor de 15;6.37 a 41;1.Hasta Primaria/C.EGB Completa;2.2500 gramos y más;21
90;1;1;2.15 a 19;8.Sin especificar;1.Hasta Primaria/C.EGB Completa;1.Menos de 2500 gramos;1
74;2;2;3.20 a 24;5.32 a 36;2.Secundaria/Polimodal Incompleta;2.2500 gramos y más;1
06;1;1;2.15 a 19;3.24 a 27;2.Secundaria/Polimodal Incompleta;3.Sin especificar;2
58;1;1;2.15 a 19;6.37 a 41;2.Secundaria/Polimodal Incompleta;2.2500 gramos y más;176
66;2;1;7.40 a 44;5.32 a 36;3.Secundario/Polimodal Completa y más;2.2500 gramos y más;2
06;9;2;2.15 a 19;6.37 a 41;4.Sin especificar;3.Sin especificar;2
06;1;1;2.15 a 19;5.32 a 36;1.Hasta Primaria/C.EGB Completa;1.Menos de 2500 gramos;38
18;1;2;4.25 a 29;6.37 a 41;3.Secundario/Polimodal Completa y más;2.2500 gramos y más;814
50;1;1;6.35 a 39;5.32 a 36;3.Secundario/Polimodal Completa y más;2.2500 gramos y más;27
18;1;2;3.20 a 24;6.37 a 41;4.Sin especificar;2.2500 gramos y más;402
78;1;1;2.15 a 19;4.28 a 31;2.Secundaria/Polimodal Incompleta;1.Menos de 2500 gramos;1
90;1;1;6.35 a 39;5.32 a 36;3.Secundario/Polimodal Completa y más;1.Menos de 2500 gramos;31
10;1;2;6.35 a 39;5.32 a 36;1.Hasta Primaria/C.EGB Completa;1.Menos de 2500 gramos;2
54;1;1;6.35 a 39;4.28 a 31;2.Secundaria/Polimodal Incompleta;1.Menos de 2500 gramos;3
46;1;2;5.30 a 34;3.24 a 27;3.Secundario/Polimodal Completa y más;1.Menos de 2500 gramos;4
82;1;2;9.Sin especificar;5.32 a 36;4.Sin especificar;1.Menos de 2500 gramos;1
86;1;2;4.25 a 29;4.28 a 31;2.Secundaria/Polimodal Incompleta;1.Menos de 2500 gramos;2
58;1;2;6.35 a 39;4.28 a 31;1.Hasta Primaria/C.EGB Completa;1.Menos de 2500 gramos;2
14;1;1;9.Sin especificar;6.37 a 41;4.Sin especificar;2.2500 gramos y más;1
99;1;1;5.30 a 34;5.32 a 36;3.Secundario/Polimodal Completa y más;2.2500 gramos y más;1
26;1;2;5.30 a 34;5.32 a 36;3.Secundario/Polimodal Completa y más;1.Menos de 2500 gramos;14
06;1;2;5.30 a 34;5.32 a 36;2.Secundaria/Polimodal Incompleta;1.Menos de 2500 gramos;103
22;1;2;5.30 a 34;4.28 a 31;3.Secundario/Polimodal Completa y más;2.2500 gramos y más;1
06;2;2;3.20 a 24;6.37 a 41;1.Hasta Primaria/C.EGB Completa;2.2500 gramos y más;12
30;1;1;3.20 a 24;8.Sin especificar;4.Sin especificar;3.Sin especificar;1
74;1;2;5.30 a 34;5.32 a 36;2.Secundaria/Polimodal Incompleta;1.Menos de 2500 gramos;3
06;2;1;7.40 a 44;6.37 a 41;2.Secundaria/Polimodal Incompleta;1.Menos de 2500 gramos;4
82;1;2;4.25 a 29;6.37 a 41;3.Secundario/Polimodal Completa y más;1.Menos de 2500 gramos;64
34;1;1;6.35 a 39;6.37 a 41;4.Sin especificar;2.2500 gramos y más;126
46;2;2;5.30 a 34;4.28 a 31;3.Secundario/Polimodal Completa y más;1.Menos de 2500 gramos;1
58;2;2;4.25 a 29;5.32 a 36;3.Secundario/Polimodal Completa y más;1.Menos de 2500 gramos;5
82;1;2;8.De 45 y más;5.32 a 36;3.Secundario/Polimodal Completa y más;2.2500 gramos y más;2
78;2;1;4.25 a 29;5.32 a 36;3.Secundario/Polimodal Completa y más;1.Menos de 2500 gramos;4
06;2;2;4.25 a 29;2.22 a 23;4.Sin especificar;1.Menos de 2500 gramos;1
66;2;2;2.15 a 19;6.37 a 41;3.Secundario/Polimodal Completa y más;1.Menos de 2500 gramos;1
22;2;2;4.25 a 29;5.32 a 36;4.Sin especificar;1.Menos de 2500 gramos;1
14;2;2;2.15 a 19;6.37 a 41;1.Hasta Primaria/C.EGB Completa;1.Menos de 2500 gramos;2
42;9;2;3.20 a 24;6.37 a 41;3.Secundario/Polimodal Completa y más;2.2500 gramos y más;2
06;1;1;6.35 a 39;4.28 a 31;4.Sin especificar;3.Sin especificar;1
22;1;2;2.15 a 19;6.37 a 41;3.Secundario/Polimodal Completa y más;1.Menos de 2500 gramos;7
70;1;2;5.30 a 34;4.28 a 31;3.Secundario/Polimodal Completa y más;1.Menos de 2500 gramos;3
78;1;1;3.20 a 24;5.32 a 36;3.Secundario/Polimodal Completa y más;2.2500 gramos y más;5
22;1;2;6.35 a 39;6.37 a 41;1.Hasta Primaria/C.EGB Completa;1.Menos de 2500 gramos;10
22;1;1;2.15 a 19;6.37 a 41;4.Sin especificar;1.Menos de 2500 gramos;1
30;2;2;6.35 a 39;6.37 a 41;2.Secundaria/Polimodal Incompleta;2.2500 gramos y más;2
70;1;1;3.20 a 24;7.42 y más;2.Secundaria/Polimodal Incompleta;2.2500 gramos y más;1
82;1;2;6.35 a 39;1.Menos de 22;3.Secundario/Polimodal Completa y más;1.Menos de 2500 gramos;1
82;1;1;5.30 a 34;3.24 a 27;3.Secundario/Polimodal Completa y más;1.Menos de 2500 gramos;13
66;1;9;6.35 a 39;6.37 a 41;1.Hasta Primaria/C.EGB Completa;2.2500 gramos y más;1
62;2;1;3.20 a 24;5.32 a 36;3.Secundario/Polimodal Completa y más;2.2500 gramos y más;1
30;9;2;7.40 a 44;6.37 a 41;4.Sin especificar;2.2500 gramos y más;1
62;1;2;3.20 a 24;5.32 a 36;3.Secundario/Polimodal Completa y más;2.2500 gramos y más;19
06;1;2;3.20 a 24;3.24 a 27;4.Sin especificar;1.Menos de 2500 gramos;5
26;1;2;6.35 a 39;6.37 a 41;3.Secundario/Polimodal Completa y más;2.2500 gramos y más;295
14;1;2;4.25 a 29;7.42 y más;2.Secundaria/Polimodal Incompleta;2.2500 gramos y más;4
62;1;2;7.40 a 44;7.42 y más;2.Secundaria/Polimodal Incompleta;2.2500 gramos y más;1
10;1;1;7.40 a 44;6.37 a 41;3.Secundario/Polimodal Completa y más;3.Sin especificar;1
10;1;2;6.35 a 39;6.37 a 41;1.Hasta Primaria/C.EGB Completa;2.2500 gramos y más;25
58;1;2;4.25 a 29;6.37 a 41;2.Secundaria/Polimodal Incompleta;2.2500 gramos y más;255
26;2;1;5.30 a 34;5.32 a 36;4.Sin especificar;2.2500 gramos y más;1
54;1;1;1.Menor de 15;4.28 a 31;2.Secundaria/Polimodal Incompleta;1.Menos de 2500 gramos;1
82;1;1;2.15 a 19;6.37 a 41;3.Secundario/Polimodal Completa y más;1.Menos de 2500 gramos;4
06;1;1;9.Sin especificar;8.Sin especificar;2.Secundaria/Polimodal Incompleta;3.Sin especificar;13
18;1;1;3.20 a 24;5.32 a 36;3.Secundario/Polimodal Completa y más;2.2500 gramos y más;26
06;2;2;5.30 a 34;5.32 a 36;3.Secundario/Polimodal Completa y más;1.Menos de 2500 gramos;111
14;1;2;7.40 a 44;6.37 a 41;3.Secundario/Polimodal Completa y más;1.Menos de 2500 gramos;16
06;2;2;4.25 a 29;3.24 a 27;1.Hasta Primaria/C.EGB Completa;3.Sin especificar;1
54;1;1;7.40 a 44;4.28 a 31;2.Secundaria/Polimodal Incompleta;1.Menos de 2500 gramos;1
66;1;2;4.25 a 29;8.Sin especificar;2.Secundaria/Polimodal Incompleta;2.2500 gramos y más;8
54;1;1;5.30 a 34;6.37 a 41;1.Hasta Primaria/C.EGB Completa;2.2500 gramos y más;480
30;2;1;5.30 a 34;5.32 a 36;2.Secundaria/Polimodal Incompleta;1.Menos de 2500 gramos;2
06;2;1;3.20 a 24;6.37 a 41;1.Hasta Primaria/C.EGB Completa;1.Menos de 2500 gramos;4
06;1;1;5.30 a 34;6.37 a 41;4.Sin especificar;3.Sin especificar;30
50;1;2;9.Sin especificar;8.Sin especificar;4.Sin especificar;3.Sin especificar;1
10;2;2;4.25 a 29;5.32 a 36;3.Secundario/Polimodal Completa y más;1.Menos de 2500 gramos;1
94;1;1;3.20 a 24;5.32 a 36;4.Sin especificar;1.Menos de 2500 gramos;1
06;1;1;1.Menor de 15;6.37 a 41;4.Sin especificar;1.Menos de 2500 gramos;2
74;1;2;4.25 a 29;5.32 a 36;1.Hasta Primaria/C.EGB Completa;1.Menos de 2500 gramos;3
34;1;1;2.15 a 19;5.32 a 36;4.Sin especificar;1.Menos de 2500 gramos;2
50;1;2;6.35 a 39;6.37 a 41;4.Sin especificar;2.2500 gramos y más;1
86;1;2;6.35 a 39;7.42 y más;3.Secundario/Polimodal Completa y más;2.2500 gramos y más;2
06;1;2;7.40 a 44;5.32 a 36;3.Secundario/Polimodal Completa y más;2.2500 gramos y más;104
06;2;2;8.De 45 y más;5.32 a 36;2.Secundaria/Polimodal Incompleta;2.2500 gramos y más;1
50;2;1;2.15 a 19;5.32 a 36;2.Secundaria/Polimodal Incompleta;1.Menos de 2500 gramos;1
62;2;2;5.30 a 34;5.32 a 36;4.Sin especificar;1.Menos de 2500 gramos;1
82;1;2;4.25 a 29;4.28 a 31;1.Hasta Primaria/C.EGB Completa;1.Menos de 2500 gramos;9
70;1;1;6.35 a 39;5.32 a 36;2.Secundaria/Polimodal Incompleta;1.Menos de 2500 gramos;3
94;2;1;5.30 a 34;6.37 a 41;3.Secundario/Polimodal Completa y más;2.2500 gramos y más;2
22;1;1;4.25 a 29;6.37 a 41;2.Secundaria/Polimodal Incompleta;2.2500 gramos y más;464
62;1;2;6.35 a 39;6.37 a 41;1.Hasta Primaria/C.EGB Completa;2.2500 gramos y más;58
22;1;2;5.30 a 34;7.42 y más;1.Hasta Primaria/C.EGB Completa;1.Menos de 2500 gramos;1
14;1;1;5.30 a 34;5.32 a 36;2.Secundaria/Polimodal Incompleta;2.2500 gramos y más;27
54;1;1;2.15 a 19;6.37 a 41;4.Sin especificar;2.2500 gramos y más;64
10;1;1;1.Menor de 15;6.37 a 41;2.Secundaria/Polimodal Incompleta;2.2500 gramos y más;2
54;1;2;7.40 a 44;6.37 a 41;1.Hasta Primaria/C.EGB Completa;2.2500 gramos y más;99
78;1;2;6.35 a 39;5.32 a 36;3.Secundario/Polimodal Completa y más;2.2500 gramos y más;2
90;2;2;4.25 a 29;4.28 a 31;3.Secundario/Polimodal Completa y más;1.Menos de 2500 gramos;1
18;1;1;4.25 a 29;6.37 a 41;4.Sin especificar;2.2500 gramos y más;358
26;1;2;7.40 a 44;6.37 a 41;3.Secundario/Polimodal Completa y más;2.2500 gramos y más;84
42;2;2;5.30 a 34;6.37 a 41;3.Secundario/Polimodal Completa y más;2.2500 gramos y más;4
98;1;2;4.25 a 29;6.37 a 41;1.Hasta Primaria/C.EGB Completa;2.2500 gramos y más;1
42;1;1;3.20 a 24;5.32 a 36;3.Secundario/Polimodal Completa y más;2.2500 gramos y más;11
50;1;1;2.15 a 19;5.32 a 36;1.Hasta Primaria/C.EGB Completa;2.2500 gramos y más;1
62;1;2;6.35 a 39;8.Sin especificar;3.Secundario/Polimodal Completa y más;2.2500 gramos y más;4
38;1;1;4.25 a 29;8.Sin especificar;1.Hasta Primaria/C.EGB Completa;2.2500 gramos y más;1
42;2;1;3.20 a 24;6.37 a 41;3.Secundario/Polimodal Completa y más;2.2500 gramos y más;3
54;1;2;4.25 a 29;6.37 a 41;2.Secundaria/Polimodal Incompleta;2.2500 gramos y más;503
10;1;2;7.40 a 44;6.37 a 41;1.Hasta Primaria/C.EGB Completa;2.2500 gramos y más;7
30;2;1;4.25 a 29;6.37 a 41;3.Secundario/Polimodal Completa y más;2.2500 gramos y más;12
66;1;2;2.15 a 19;5.32 a 36;3.Secundario/Polimodal Completa y más;2.2500 gramos y más;4
74;1;2;1.Menor de 15;6.37 a 41;2.Secundaria/Polimodal Incompleta;2.2500 gramos y más;6
30;1;2;4.25 a 29;4.28 a 31;1.Hasta Primaria/C.EGB Completa;1.Menos de 2500 gramos;2
62;2;1;4.25 a 29;3.24 a 27;4.Sin especificar;1.Menos de 2500 gramos;1
34;2;2;3.20 a 24;5.32 a 36;2.Secundaria/Polimodal Incompleta;1.Menos de 2500 gramos;1
34;1;2;2.15 a 19;6.37 a 41;4.Sin especificar;2.2500 gramos y más;125
66;1;2;2.15 a 19;8.Sin especificar;2.Secundaria/Polimodal Incompleta;1.Menos de 2500 gramos;2
06;9;9;7.40 a 44;8.Sin especificar;4.Sin especificar;3.Sin especificar;1
02;9;2;9.Sin especificar;6.37 a 41;4.Sin especificar;2.2500 gramos y más;3
30;1;1;4.25 a 29;6.37 a 41;4.Sin especificar;2.2500 gramos y más;22
66;1;1;4.25 a 29;8.Sin especificar;3.Secundario/Polimodal Completa y más;1.Menos de 2500 gramos;2
06;1;1;5.30 a 34;7.42 y más;3.Secundario/Polimodal Completa y más;2.2500 gramos y más;42
82;1;1;8.De 45 y más;6.37 a 41;1.Hasta Primaria/C.EGB Completa;2.2500 gramos y más;6
66;1;1;7.40 a 44;6.37 a 41;1.Hasta Primaria/C.EGB Completa;2.2500 gramos y más;70
62;1;1;5.30 a 34;3.24 a 27;3.Secundario/Polimodal Completa y más;1.Menos de 2500 gramos;2
86;1;1;5.30 a 34;3.24 a 27;3.Secundario/Polimodal Completa y más;1.Menos de 2500 gramos;4
34;1;1;7.40 a 44;6.37 a 41;4.Sin especificar;2.2500 gramos y más;29
62;1;1;5.30 a 34;5.32 a 36;2.Secundaria/Polimodal Incompleta;2.2500 gramos y más;10
34;1;2;1.Menor de 15;5.32 a 36;2.Secundaria/Polimodal Incompleta;2.2500 gramos y más;1
38;2;2;4.25 a 29;6.37 a 41;2.Secundaria/Polimodal Incompleta;2.2500 gramos y más;2
34;1;2;3.20 a 24;5.32 a 36;3.Secundario/Polimodal Completa y más;2.2500 gramos y más;29
14;1;1;7.40 a 44;7.42 y más;3.Secundario/Polimodal Completa y más;2.2500 gramos y más;3
62;1;2;5.30 a 34;6.37 a 41;2.Secundaria/Polimodal Incompleta;1.Menos de 2500 gramos;3
90;1;2;3.20 a 24;6.37 a 41;2.Secundaria/Polimodal Incompleta;3.Sin especificar;1
06;2;1;3.20 a 24;5.32 a 36;4.Sin especificar;1.Menos de 2500 gramos;13
30;2;2;3.20 a 24;4.28 a 31;1.Hasta Primaria/C.EGB Completa;1.Menos de 2500 gramos;1
02;2;2;5.30 a 34;6.37 a 41;3.Secundario/Polimodal Completa y más;1.Menos de 2500 gramos;7
62;1;2;4.25 a 29;6.37 a 41;3.Secundario/Polimodal Completa y más;1.Menos de 2500 gramos;5
54;2;1;4.25 a 29;5.32 a 36;2.Secundaria/Polimodal Incompleta;1.Menos de 2500 gramos;3
70;1;2;7.40 a 44;6.37 a 41;1.Hasta Primaria/C.EGB Completa;2.2500 gramos y más;33
86;1;2;2.15 a 19;6.37 a 41;2.Secundaria/Polimodal Incompleta;1.Menos de 2500 gramos;6
66;2;2;5.30 a 34;5.32 a 36;3.Secundario/Polimodal Completa y más;1.Menos de 2500 gramos;24
06;2;1;7.40 a 44;5.32 a 36;1.Hasta Primaria/C.EGB Completa;2.2500 gramos y más;2
14;2;2;5.30 a 34;4.28 a 31;3.Secundario/Polimodal Completa y más;1.Menos de 2500 gramos;4
06;2;2;6.35 a 39;8.Sin especificar;4.Sin especificar;2.2500 gramos y más;1
82;1;1;3.20 a 24;5.32 a 36;3.Secundario/Polimodal Completa y más;1.Menos de 2500 gramos;43
70;2;1;2.15 a 19;6.37 a 41;3.Secundario/Polimodal Completa y más;2.2500 gramos y más;3
70;1;2;2.15 a 19;3.24 a 27;2.Secundaria/Polimodal Incompleta;1.Menos de 2500 gramos;2
14;1;2;6.35 a 39;6.37 a 41;2.Secundaria/Polimodal Incompleta;1.Menos de 2500 gramos;14
38;1;1;6.35 a 39;5.32 a 36;2.Secundaria/Polimodal Incompleta;1.Menos de 2500 gramos;3
02;1;2;3.20 a 24;5.32 a 36;4.Sin especificar;1.Menos de 2500 gramos;2
30;2;1;3.20 a 24;3.24 a 27;2.Secundaria/Polimodal Incompleta;1.Menos de 2500 gramos;2
86;1;1;3.20 a 24;4.28 a 31;3.Secundario/Polimodal Completa y más;1.Menos de 2500 gramos;3
54;1;2;9.Sin especificar;6.37 a 41;4.Sin especificar;2.2500 gramos y más;11
94;1;1;7.40 a 44;5.32 a 36;3.Secundario/Polimodal Completa y más;2.2500 gramos y más;1
86;1;2;6.35 a 39;6.37 a 41;1.Hasta Primaria/C.EGB Completa;2.2500 gramos y más;338
82;1;1;4.25 a 29;7.42 y más;3.Secundario/Polimodal Completa y más;2.2500 gramos y más;9
78;2;2;4.25 a 29;5.32 a 36;3.Secundario/Polimodal Completa y más;2.2500 gramos y más;1
46;1;1;7.40 a 44;5.32 a 36;3.Secundario/Polimodal Completa y más;2.2500 gramos y más;3
02;1;1;5.30 a 34;3.24 a 27;3.Secundario/Polimodal Completa y más;1.Menos de 2500 gramos;6
34;1;1;3.20 a 24;5.32 a 36;1.Hasta Primaria/C.EGB Completa;1.Menos de 2500 gramos;2
46;1;2;2.15 a 19;6.37 a 41;4.Sin especificar;2.2500 gramos y más;1
22;1;2;5.30 a 34;5.32 a 36;3.Secundario/Polimodal Completa y más;1.Menos de 2500 gramos;37
10;1;1;8.De 45 y más;6.37 a 41;1.Hasta Primaria/C.EGB Completa;2.2500 gramos y más;1
06;1;1;9.Sin especificar;5.32 a 36;1.Hasta Primaria/C.EGB Completa;2.2500 gramos y más;11
30;1;1;4.25 a 29;8.Sin especificar;3.Secundario/Polimodal Completa y más;1.Menos de 2500 gramos;1
90;1;2;7.40 a 44;6.37 a 41;3.Secundario/Polimodal Completa y más;1.Menos de 2500 gramos;5
54;1;2;5.30 a 34;7.42 y más;1.Hasta Primaria/C.EGB Completa;2.2500 gramos y más;2
54;2;1;5.30 a 34;4.28 a 31;1.Hasta Primaria/C.EGB Completa;1.Menos de 2500 gramos;1
18;1;2;4.25 a 29;7.42 y más;2.Secundaria/Polimodal Incompleta;2.2500 gramos y más;3
14;1;1;4.25 a 29;8.Sin especificar;4.Sin especificar;3.Sin especificar;1
06;9;1;5.30 a 34;8.Sin especificar;4.Sin especificar;3.Sin especificar;181
22;1;2;7.40 a 44;6.37 a 41;1.Hasta Primaria/C.EGB Completa;1.Menos de 2500 gramos;6
14;1;1;3.20 a 24;7.42 y más;1.Hasta Primaria/C.EGB Completa;2.2500 gramos y más;3
66;1;1;2.15 a 19;6.37 a 41;3.Secundario/Polimodal Completa y más;2.2500 gramos y más;165
46;1;2;6.35 a 39;6.37 a 41;2.Secundaria/Polimodal Incompleta;2.2500 gramos y más;21
34;1;2;6.35 a 39;6.37 a 41;4.Sin especificar;1.Menos de 2500 gramos;4
99;1;1;9.Sin especificar;8.Sin especificar;3.Secundario/Polimodal Completa y más;3.Sin especificar;1
66;2;1;4.25 a 29;3.24 a 27;1.Hasta Primaria/C.EGB Completa;1.Menos de 2500 gramos;2
86;1;1;3.20 a 24;2.22 a 23;3.Secundario/Polimodal Completa y más;1.Menos de 2500 gramos;1
62;2;1;6.35 a 39;5.32 a 36;2.Secundaria/Polimodal Incompleta;2.2500 gramos y más;1
70;1;1;8.De 45 y más;6.37 a 41;1.Hasta Primaria/C.EGB Completa;2.2500 gramos y más;4
50;2;1;4.25 a 29;6.37 a 41;3.Secundario/Polimodal Completa y más;1.Menos de 2500 gramos;4
54;1;2;2.15 a 19;5.32 a 36;2.Secundaria/Polimodal Incompleta;2.2500 gramos y más;38
14;1;1;4.25 a 29;6.37 a 41;4.Sin especificar;2.2500 gramos y más;2
30;1;2;7.40 a 44;6.37 a 41;1.Hasta Primaria/C.EGB Completa;1.Menos de 2500 gramos;2
70;1;1;2.15 a 19;6.37 a 41;1.Hasta Primaria/C.EGB Completa;1.Menos de 2500 gramos;2
42;1;2;3.20 a 24;5.32 a 36;2.Secundaria/Polimodal Incompleta;1.Menos de 2500 gramos;3
26;1;1;4.25 a 29;4.28 a 31;3.Secundario/Polimodal Completa y más;1.Menos de 2500 gramos;2
90;1;1;7.40 a 44;6.37 a 41;3.Secundario/Polimodal Completa y más;2.2500 gramos y más;207
26;1;2;8.De 45 y más;5.32 a 36;3.Secundario/Polimodal Completa y más;2.2500 gramos y más;1
99;1;1;2.15 a 19;5.32 a 36;1.Hasta Primaria/C.EGB Completa;1.Menos de 2500 gramos;1
74;1;1;5.30 a 34;5.32 a 36;2.Secundaria/Polimodal Incompleta;2.2500 gramos y más;6
06;1;1;6.35 a 39;3.24 a 27;2.Secundaria/Polimodal Incompleta;1.Menos de 2500 gramos;6
58;1;2;7.40 a 44;7.42 y más;3.Secundario/Polimodal Completa y más;2.2500 gramos y más;1
74;1;1;3.20 a 24;7.42 y más;1.Hasta Primaria/C.EGB Completa;2.2500 gramos y más;3
82;1;2;3.20 a 24;6.37 a 41;2.Secundaria/Polimodal Incompleta;1.Menos de 2500 gramos;44
06;1;2;4.25 a 29;6.37 a 41;1.Hasta Primaria/C.EGB Completa;3.Sin especificar;25
06;1;9;6.35 a 39;8.Sin especificar;3.Secundario/Polimodal Completa y más;2.2500 gramos y más;1
90;1;1;5.30 a 34;8.Sin especificar;3.Secundario/Polimodal Completa y más;2.2500 gramos y más;9
30;1;1;7.40 a 44;6.37 a 41;2.Secundaria/Polimodal Incompleta;1.Menos de 2500 gramos;3
82;2;2;7.40 a 44;6.37 a 41;3.Secundario/Polimodal Completa y más;1.Menos de 2500 gramos;3
74;1;1;7.40 a 44;5.32 a 36;2.Secundaria/Polimodal Incompleta;2.2500 gramos y más;2
50;2;1;4.25 a 29;6.37 a 41;2.Secundaria/Polimodal Incompleta;1.Menos de 2500 gramos;4
74;1;2;6.35 a 39;6.37 a 41;3.Secundario/Polimodal Completa y más;1.Menos de 2500 gramos;10
06;1;9;2.15 a 19;6.37 a 41;1.Hasta Primaria/C.EGB Completa;2.2500 gramos y más;5
02;2;2;4.25 a 29;5.32 a 36;3.Secundario/Polimodal Completa y más;1.Menos de 2500 gramos;10
54;1;2;4.25 a 29;6.37 a 41;4.Sin especificar;2.2500 gramos y más;105
02;2;2;6.35 a 39;2.22 a 23;3.Secundario/Polimodal Completa y más;1.Menos de 2500 gramos;1
58;1;1;7.40 a 44;4.28 a 31;2.Secundaria/Polimodal Incompleta;1.Menos de 2500 gramos;1
06;1;1;5.30 a 34;5.32 a 36;2.Secundaria/Polimodal Incompleta;2.2500 gramos y más;105
14;1;2;5.30 a 34;6.37 a 41;1.Hasta Primaria/C.EGB Completa;1.Menos de 2500 gramos;16
50;1;2;5.30 a 34;4.28 a 31;2.Secundaria/Polimodal Incompleta;1.Menos de 2500 gramos;2
38;1;2;3.20 a 24;4.28 a 31;3.Secundario/Polimodal Completa y más;1.Menos de 2500 gramos;1
14;2;2;6.35 a 39;5.32 a 36;3.Secundario/Polimodal Completa y más;1.Menos de 2500 gramos;13
14;1;1;6.35 a 39;5.32 a 36;1.Hasta Primaria/C.EGB Completa;1.Menos de 2500 gramos;20
54;1;2;5.30 a 34;6.37 a 41;2.Secundaria/Polimodal Incompleta;1.Menos de 2500 gramos;11
86;2;1;5.30 a 34;5.32 a 36;2.Secundaria/Polimodal Incompleta;1.Menos de 2500 gramos;1
62;1;2;6.35 a 39;4.28 a 31;3.Secundario/Polimodal Completa y más;1.Menos de 2500 gramos;2
06;1;1;3.20 a 24;8.Sin especificar;2.Secundaria/Polimodal Incompleta;3.Sin especificar;19
06;1;2;4.25 a 29;5.32 a 36;3.Secundario/Polimodal Completa y más;1.Menos de 2500 gramos;378
42;1;1;5.30 a 34;6.37 a 41;2.Secundaria/Polimodal Incompleta;1.Menos de 2500 gramos;3
58;2;2;3.20 a 24;5.32 a 36;3.Secundario/Polimodal Completa y más;1.Menos de 2500 gramos;2
26;1;2;2.15 a 19;6.37 a 41;4.Sin especificar;2.2500 gramos y más;26
58;1;1;5.30 a 34;5.32 a 36;1.Hasta Primaria/C.EGB Completa;1.Menos de 2500 gramos;2
90;2;1;8.De 45 y más;5.32 a 36;3.Secundario/Polimodal Completa y más;1.Menos de 2500 gramos;1
58;2;2;8.De 45 y más;6.37 a 41;3.Secundario/Polimodal Completa y más;2.2500 gramos y más;1
26;1;2;7.40 a 44;4.28 a 31;3.Secundario/Polimodal Completa y más;1.Menos de 2500 gramos;1
46;1;1;6.35 a 39;5.32 a 36;1.Hasta Primaria/C.EGB Completa;2.2500 gramos y más;3
90;1;2;2.15 a 19;3.24 a 27;3.Secundario/Polimodal Completa y más;1.Menos de 2500 gramos;1
70;1;2;5.30 a 34;7.42 y más;3.Secundario/Polimodal Completa y más;2.2500 gramos y más;1
82;1;1;6.35 a 39;5.32 a 36;2.Secundaria/Polimodal Incompleta;1.Menos de 2500 gramos;16
82;1;2;3.20 a 24;4.28 a 31;1.Hasta Primaria/C.EGB Completa;1.Menos de 2500 gramos;8
78;2;2;7.40 a 44;5.32 a 36;3.Secundario/Polimodal Completa y más;1.Menos de 2500 gramos;2
54;1;2;5.30 a 34;6.37 a 41;1.Hasta Primaria/C.EGB Completa;1.Menos de 2500 gramos;18
06;1;2;5.30 a 34;4.28 a 31;2.Secundaria/Polimodal Incompleta;2.2500 gramos y más;2
58;1;2;4.25 a 29;5.32 a 36;2.Secundaria/Polimodal Incompleta;1.Menos de 2500 gramos;3
06;1;2;8.De 45 y más;7.42 y más;2.Secundaria/Polimodal Incompleta;2.2500 gramos y más;1
02;1;2;2.15 a 19;4.28 a 31;2.Secundaria/Polimodal Incompleta;3.Sin especificar;1
54;1;1;5.30 a 34;8.Sin especificar;2.Secundaria/Polimodal Incompleta;2.2500 gramos y más;1
30;1;2;4.25 a 29;4.28 a 31;3.Secundario/Polimodal Completa y más;1.Menos de 2500 gramos;4
02;2;2;7.40 a 44;6.37 a 41;3.Secundario/Polimodal Completa y más;1.Menos de 2500 gramos;5
74;1;1;4.25 a 29;6.37 a 41;4.Sin especificar;2.2500 gramos y más;18
50;2;1;5.30 a 34;6.37 a 41;1.Hasta Primaria/C.EGB Completa;2.2500 gramos y más;2
14;1;2;3.20 a 24;3.24 a 27;2.Secundaria/Polimodal Incompleta;1.Menos de 2500 gramos;5
22;1;2;7.40 a 44;6.37 a 41;4.Sin especificar;2.2500 gramos y más;4
34;1;2;6.35 a 39;5.32 a 36;1.Hasta Primaria/C.EGB Completa;1.Menos de 2500 gramos;2
26;1;2;4.25 a 29;5.32 a 36;4.Sin especificar;1.Menos de 2500 gramos;5
38;1;1;3.20 a 24;6.37 a 41;2.Secundaria/Polimodal Incompleta;2.2500 gramos y más;231
14;1;1;6.35 a 39;3.24 a 27;1.Hasta Primaria/C.EGB Completa;1.Menos de 2500 gramos;1
18;1;1;3.20 a 24;7.42 y más;3.Secundario/Polimodal Completa y más;2.2500 gramos y más;2
18;2;2;6.35 a 39;6.37 a 41;2.Secundaria/Polimodal Incompleta;2.2500 gramos y más;1
22;1;2;4.25 a 29;6.37 a 41;1.Hasta Primaria/C.EGB Completa;2.2500 gramos y más;557
14;2;1;4.25 a 29;5.32 a 36;3.Secundario/Polimodal Completa y más;1.Menos de 2500 gramos;20
02;1;1;5.30 a 34;8.Sin especificar;2.Secundaria/Polimodal Incompleta;2.2500 gramos y más;1
38;1;1;7.40 a 44;6.37 a 41;2.Secundaria/Polimodal Incompleta;2.2500 gramos y más;20
86;1;1;3.20 a 24;7.42 y más;3.Secundario/Polimodal Completa y más;2.2500 gramos y más;3
66;1;1;2.15 a 19;5.32 a 36;3.Secundario/Polimodal Completa y más;1.Menos de 2500 gramos;6
50;1;2;2.15 a 19;5.32 a 36;3.Secundario/Polimodal Completa y más;1.Menos de 2500 gramos;7
66;1;1;5.30 a 34;6.37 a 41;2.Secundaria/Polimodal Incompleta;1.Menos de 2500 gramos;5
66;1;1;5.30 a 34;5.32 a 36;2.Secundaria/Polimodal Incompleta;2.2500 gramos y más;11
02;1;2;6.35 a 39;4.28 a 31;2.Secundaria/Polimodal Incompleta;1.Menos de 2500 gramos;5
86;1;1;7.40 a 44;4.28 a 31;3.Secundario/Polimodal Completa y más;1.Menos de 2500 gramos;3
62;1;1;4.25 a 29;4.28 a 31;2.Secundaria/Polimodal Incompleta;2.2500 gramos y más;1
98;1;1;4.25 a 29;6.37 a 41;1.Hasta Primaria/C.EGB Completa;1.Menos de 2500 gramos;1
90;2;2;3.20 a 24;5.32 a 36;1.Hasta Primaria/C.EGB Completa;1.Menos de 2500 gramos;4
34;1;1;8.De 45 y más;4.28 a 31;3.Secundario/Polimodal Completa y más;1.Menos de 2500 gramos;1
22;2;1;4.25 a 29;5.32 a 36;2.Secundaria/Polimodal Incompleta;2.2500 gramos y más;1
02;9;1;7.40 a 44;4.28 a 31;4.Sin especificar;1.Menos de 2500 gramos;1
06;1;2;2.15 a 19;4.28 a 31;1.Hasta Primaria/C.EGB Completa;1.Menos de 2500 gramos;13
42;2;2;3.20 a 24;5.32 a 36;2.Secundaria/Polimodal Incompleta;2.2500 gramos y más;1
50;1;1;5.30 a 34;5.32 a 36;2.Secundaria/Polimodal Incompleta;1.Menos de 2500 gramos;22
06;2;1;6.35 a 39;6.37 a 41;2.Secundaria/Polimodal Incompleta;1.Menos de 2500 gramos;7
14;2;1;3.20 a 24;3.24 a 27;2.Secundaria/Polimodal Incompleta;1.Menos de 2500 gramos;1
02;1;2;2.15 a 19;5.32 a 36;3.Secundario/Polimodal Completa y más;1.Menos de 2500 gramos;1
70;2;1;7.40 a 44;6.37 a 41;2.Secundaria/Polimodal Incompleta;1.Menos de 2500 gramos;1
06;1;1;7.40 a 44;5.32 a 36;3.Secundario/Polimodal Completa y más;3.Sin especificar;5
34;1;2;8.De 45 y más;6.37 a 41;4.Sin especificar;2.2500 gramos y más;1
18;1;2;7.40 a 44;6.37 a 41;3.Secundario/Polimodal Completa y más;1.Menos de 2500 gramos;5
22;1;2;6.35 a 39;6.37 a 41;1.Hasta Primaria/C.EGB Completa;3.Sin especificar;1
14;1;2;5.30 a 34;6.37 a 41;3.Secundario/Polimodal Completa y más;1.Menos de 2500 gramos;76
70;1;2;6.35 a 39;6.37 a 41;3.Secundario/Polimodal Completa y más;2.2500 gramos y más;373
90;1;2;6.35 a 39;5.32 a 36;3.Secundario/Polimodal Completa y más;2.2500 gramos y más;58
02;1;1;8.De 45 y más;6.37 a 41;4.Sin especificar;1.Menos de 2500 gramos;2
58;2;1;5.30 a 34;5.32 a 36;3.Secundario/Polimodal Completa y más;2.2500 gramos y más;4
54;1;2;4.25 a 29;5.32 a 36;3.Secundario/Polimodal Completa y más;1.Menos de 2500 gramos;23
02;2;2;6.35 a 39;6.37 a 41;3.Secundario/Polimodal Completa y más;1.Menos de 2500 gramos;16
90;1;1;3.20 a 24;6.37 a 41;1.Hasta Primaria/C.EGB Completa;2.2500 gramos y más;459
02;1;1;5.30 a 34;6.37 a 41;1.Hasta Primaria/C.EGB Completa;2.2500 gramos y más;302
42;1;2;2.15 a 19;5.32 a 36;3.Secundario/Polimodal Completa y más;2.2500 gramos y más;2
90;2;2;8.De 45 y más;4.28 a 31;3.Secundario/Polimodal Completa y más;1.Menos de 2500 gramos;1
50;1;2;6.35 a 39;5.32 a 36;2.Secundaria/Polimodal Incompleta;1.Menos de 2500 gramos;16
02;2;2;8.De 45 y más;6.37 a 41;3.Secundario/Polimodal Completa y más;2.2500 gramos y más;1
70;1;2;4.25 a 29;5.32 a 36;1.Hasta Primaria/C.EGB Completa;2.2500 gramos y más;4
06;2;1;6.35 a 39;5.32 a 36;1.Hasta Primaria/C.EGB Completa;2.2500 gramos y más;1
90;1;1;2.15 a 19;5.32 a 36;3.Secundario/Polimodal Completa y más;1.Menos de 2500 gramos;10
86;1;1;3.20 a 24;5.32 a 36;3.Secundario/Polimodal Completa y más;2.2500 gramos y más;29
06;1;1;4.25 a 29;4.28 a 31;4.Sin especificar;2.2500 gramos y más;2
18;1;2;8.De 45 y más;6.37 a 41;2.Secundaria/Polimodal Incompleta;2.2500 gramos y más;1
22;1;2;3.20 a 24;8.Sin especificar;4.Sin especificar;2.2500 gramos y más;1
14;2;2;5.30 a 34;6.37 a 41;3.Secundario/Polimodal Completa y más;2.2500 gramos y más;28
90;1;2;6.35 a 39;6.37 a 41;2.Secundaria/Polimodal Incompleta;1.Menos de 2500 gramos;9
06;2;2;2.15 a 19;5.32 a 36;4.Sin especificar;1.Menos de 2500 gramos;4
14;1;2;3.20 a 24;6.37 a 41;1.Hasta Primaria/C.EGB Completa;3.Sin especificar;1
38;1;1;7.40 a 44;5.32 a 36;2.Secundaria/Polimodal Incompleta;1.Menos de 2500 gramos;2
02;2;1;7.40 a 44;6.37 a 41;3.Secundario/Polimodal Completa y más;2.2500 gramos y más;10
78;1;2;4.25 a 29;5.32 a 36;3.Secundario/Polimodal Completa y más;1.Menos de 2500 gramos;4
06;1;1;9.Sin especificar;5.32 a 36;4.Sin especificar;1.Menos de 2500 gramos;11
30;2;2;7.40 a 44;5.32 a 36;3.Secundario/Polimodal Completa y más;1.Menos de 2500 gramos;4
70;2;2;5.30 a 34;5.32 a 36;2.Secundaria/Polimodal Incompleta;1.Menos de 2500 gramos;4
02;1;1;4.25 a 29;6.37 a 41;4.Sin especificar;1.Menos de 2500 gramos;1
58;2;1;5.30 a 34;5.32 a 36;1.Hasta Primaria/C.EGB Completa;2.2500 gramos y más;2
78;2;1;4.25 a 29;6.37 a 41;3.Secundario/Polimodal Completa y más;2.2500 gramos y más;2
06;1;1;5.30 a 34;2.22 a 23;2.Secundaria/Polimodal Incompleta;1.Menos de 2500 gramos;3
22;1;1;2.15 a 19;8.Sin especificar;1.Hasta Primaria/C.EGB Completa;2.2500 gramos y más;3
26;1;1;5.30 a 34;6.37 a 41;2.Secundaria/Polimodal Incompleta;2.2500 gramos y más;113
10;1;2;5.30 a 34;5.32 a 36;3.Secundario/Polimodal Completa y más;2.2500 gramos y más;12
54;1;1;3.20 a 24;4.28 a 31;3.Secundario/Polimodal Completa y más;1.Menos de 2500 gramos;8
22;2;2;4.25 a 29;5.32 a 36;1.Hasta Primaria/C.EGB Completa;2.2500 gramos y más;2
86;2;2;2.15 a 19;5.32 a 36;1.Hasta Primaria/C.EGB Completa;2.2500 gramos y más;1
22;2;1;3.20 a 24;6.37 a 41;3.Secundario/Polimodal Completa y más;2.2500 gramos y más;2
06;2;1;3.20 a 24;3.24 a 27;2.Secundaria/Polimodal Incompleta;1.Menos de 2500 gramos;1
14;1;2;8.De 45 y más;5.32 a 36;2.Secundaria/Polimodal Incompleta;1.Menos de 2500 gramos;1
94;1;2;3.20 a 24;5.32 a 36;3.Secundario/Polimodal Completa y más;1.Menos de 2500 gramos;5
50;1;1;8.De 45 y más;6.37 a 41;3.Secundario/Polimodal Completa y más;2.2500 gramos y más;14
26;1;1;4.25 a 29;5.32 a 36;1.Hasta Primaria/C.EGB Completa;1.Menos de 2500 gramos;1
54;2;2;3.20 a 24;6.37 a 41;2.Secundaria/Polimodal Incompleta;2.2500 gramos y más;1
06;2;2;6.35 a 39;5.32 a 36;2.Secundaria/Polimodal Incompleta;1.Menos de 2500 gramos;15
86;1;1;4.25 a 29;5.32 a 36;3.Secundario/Polimodal Completa y más;2.2500 gramos y más;49
38;2;2;4.25 a 29;6.37 a 41;3.Secundario/Polimodal Completa y más;2.2500 gramos y más;2
06;1;1;5.30 a 34;6.37 a 41;2.Secundaria/Polimodal Incompleta;1.Menos de 2500 gramos;85
86;1;2;6.35 a 39;6.37 a 41;2.Secundaria/Polimodal Incompleta;1.Menos de 2500 gramos;1
86;1;2;7.40 a 44;5.32 a 36;3.Secundario/Polimodal Completa y más;2.2500 gramos y más;11
74;1;1;5.30 a 34;4.28 a 31;3.Secundario/Polimodal Completa y más;3.Sin especificar;1
62;1;1;3.20 a 24;4.28 a 31;2.Secundaria/Polimodal Incompleta;1.Menos de 2500 gramos;1
82;1;1;6.35 a 39;6.37 a 41;1.Hasta Primaria/C.EGB Completa;1.Menos de 2500 gramos;11
66;2;1;4.25 a 29;6.37 a 41;3.Secundario/Polimodal Completa y más;2.2500 gramos y más;7
14;2;2;2.15 a 19;5.32 a 36;2.Secundaria/Polimodal Incompleta;1.Menos de 2500 gramos;2
22;1;1;3.20 a 24;5.32 a 36;4.Sin especificar;1.Menos de 2500 gramos;2
46;1;1;4.25 a 29;3.24 a 27;3.Secundario/Polimodal Completa y más;1.Menos de 2500 gramos;3
82;1;1;5.30 a 34;6.37 a 41;2.Secundaria/Polimodal Incompleta;2.2500 gramos y más;643
50;1;1;4.25 a 29;6.37 a 41;1.Hasta Primaria/C.EGB Completa;2.2500 gramos y más;307
86;1;1;1.Menor de 15;6.37 a 41;1.Hasta Primaria/C.EGB Completa;2.2500 gramos y más;13
06;1;1;9.Sin especificar;5.32 a 36;3.Secundario/Polimodal Completa y más;2.2500 gramos y más;19
22;1;2;5.30 a 34;6.37 a 41;4.Sin especificar;2.2500 gramos y más;30
14;1;1;5.30 a 34;8.Sin especificar;2.Secundaria/Polimodal Incompleta;1.Menos de 2500 gramos;1
86;1;1;5.30 a 34;5.32 a 36;2.Secundaria/Polimodal Incompleta;2.2500 gramos y más;10
99;9;1;5.30 a 34;6.37 a 41;4.Sin especificar;2.2500 gramos y más;11
02;1;2;2.15 a 19;3.24 a 27;3.Secundario/Polimodal Completa y más;1.Menos de 2500 gramos;1
82;1;2;7.40 a 44;4.28 a 31;3.Secundario/Polimodal Completa y más;1.Menos de 2500 gramos;7
06;1;2;3.20 a 24;5.32 a 36;4.Sin especificar;3.Sin especificar;8
30;1;1;4.25 a 29;6.37 a 41;1.Hasta Primaria/C.EGB Completa;1.Menos de 2500 gramos;9
30;1;2;5.30 a 34;4.28 a 31;3.Secundario/Polimodal Completa y más;2.2500 gramos y más;1
74;1;1;5.30 a 34;6.37 a 41;4.Sin especificar;1.Menos de 2500 gramos;1
50;1;2;2.15 a 19;5.32 a 36;2.Secundaria/Polimodal Incompleta;1.Menos de 2500 gramos;24
86;1;1;4.25 a 29;5.32 a 36;1.Hasta Primaria/C.EGB Completa;2.2500 gramos y más;55
06;1;2;8.De 45 y más;6.37 a 41;2.Secundaria/Polimodal Incompleta;2.2500 gramos y más;24
94;1;1;4.25 a 29;5.32 a 36;3.Secundario/Polimodal Completa y más;1.Menos de 2500 gramos;7
50;1;1;4.25 a 29;6.37 a 41;3.Secundario/Polimodal Completa y más;2.2500 gramos y más;1663
06;1;1;7.40 a 44;8.Sin especificar;1.Hasta Primaria/C.EGB Completa;2.2500 gramos y más;2
90;2;2;7.40 a 44;6.37 a 41;1.Hasta Primaria/C.EGB Completa;1.Menos de 2500 gramos;2
14;1;2;4.25 a 29;3.24 a 27;2.Secundaria/Polimodal Incompleta;1.Menos de 2500 gramos;3
22;1;2;3.20 a 24;5.32 a 36;1.Hasta Primaria/C.EGB Completa;1.Menos de 2500 gramos;22
46;2;1;6.35 a 39;6.37 a 41;3.Secundario/Polimodal Completa y más;2.2500 gramos y más;1
62;1;1;3.20 a 24;8.Sin especificar;3.Secundario/Polimodal Completa y más;2.2500 gramos y más;3
46;1;2;3.20 a 24;4.28 a 31;3.Secundario/Polimodal Completa y más;1.Menos de 2500 gramos;1
82;2;1;7.40 a 44;4.28 a 31;1.Hasta Primaria/C.EGB Completa;1.Menos de 2500 gramos;4
94;1;1;4.25 a 29;6.37 a 41;2.Secundaria/Polimodal Incompleta;2.2500 gramos y más;42
70;1;1;4.25 a 29;4.28 a 31;3.Secundario/Polimodal Completa y más;1.Menos de 2500 gramos;1
22;1;1;5.30 a 34;5.32 a 36;3.Secundario/Polimodal Completa y más;2.2500 gramos y más;45
06;1;2;8.De 45 y más;5.32 a 36;3.Secundario/Polimodal Completa y más;1.Menos de 2500 gramos;12
42;1;2;2.15 a 19;6.37 a 41;3.Secundario/Polimodal Completa y más;1.Menos de 2500 gramos;1
82;1;2;3.20 a 24;5.32 a 36;2.Secundaria/Polimodal Incompleta;2.2500 gramos y más;70
22;1;2;2.15 a 19;6.37 a 41;4.Sin especificar;2.2500 gramos y más;15
66;1;1;6.35 a 39;8.Sin especificar;3.Secundario/Polimodal Completa y más;2.2500 gramos y más;19
06;1;1;7.40 a 44;8.Sin especificar;3.Secundario/Polimodal Completa y más;2.2500 gramos y más;7
82;2;1;2.15 a 19;5.32 a 36;3.Secundario/Polimodal Completa y más;1.Menos de 2500 gramos;2
74;1;2;2.15 a 19;6.37 a 41;3.Secundario/Polimodal Completa y más;1.Menos de 2500 gramos;1
14;1;1;6.35 a 39;6.37 a 41;1.Hasta Primaria/C.EGB Completa;2.2500 gramos y más;312
06;1;1;7.40 a 44;3.24 a 27;3.Secundario/Polimodal Completa y más;1.Menos de 2500 gramos;7
18;1;1;4.25 a 29;5.32 a 36;4.Sin especificar;1.Menos de 2500 gramos;10
90;1;1;3.20 a 24;4.28 a 31;1.Hasta Primaria/C.EGB Completa;1.Menos de 2500 gramos;4
02;1;2;7.40 a 44;6.37 a 41;1.Hasta Primaria/C.EGB Completa;2.2500 gramos y más;71
54;1;1;6.35 a 39;5.32 a 36;4.Sin especificar;2.2500 gramos y más;6
34;1;1;7.40 a 44;4.28 a 31;4.Sin especificar;1.Menos de 2500 gramos;2
90;1;2;4.25 a 29;8.Sin especificar;2.Secundaria/Polimodal Incompleta;2.2500 gramos y más;7
54;1;2;6.35 a 39;7.42 y más;3.Secundario/Polimodal Completa y más;2.2500 gramos y más;1
78;1;2;7.40 a 44;5.32 a 36;1.Hasta Primaria/C.EGB Completa;2.2500 gramos y más;1
62;1;1;3.20 a 24;5.32 a 36;1.Hasta Primaria/C.EGB Completa;1.Menos de 2500 gramos;3
58;2;2;6.35 a 39;6.37 a 41;3.Secundario/Polimodal Completa y más;1.Menos de 2500 gramos;1
06;1;2;9.Sin especificar;5.32 a 36;1.Hasta Primaria/C.EGB Completa;1.Menos de 2500 gramos;5
62;2;2;3.20 a 24;3.24 a 27;4.Sin especificar;1.Menos de 2500 gramos;2
18;1;1;6.35 a 39;4.28 a 31;3.Secundario/Polimodal Completa y más;1.Menos de 2500 gramos;2
14;2;2;5.30 a 34;5.32 a 36;1.Hasta Primaria/C.EGB Completa;1.Menos de 2500 gramos;5
50;1;2;4.25 a 29;5.32 a 36;3.Secundario/Polimodal Completa y más;2.2500 gramos y más;33
62;2;2;5.30 a 34;6.37 a 41;3.Secundario/Polimodal Completa y más;1.Menos de 2500 gramos;2
66;2;2;5.30 a 34;5.32 a 36;1.Hasta Primaria/C.EGB Completa;1.Menos de 2500 gramos;3
06;1;2;8.De 45 y más;8.Sin especificar;4.Sin especificar;2.2500 gramos y más;1
06;1;2;4.25 a 29;5.32 a 36;2.Secundaria/Polimodal Incompleta;3.Sin especificar;6
02;2;2;5.30 a 34;5.32 a 36;2.Secundaria/Polimodal Incompleta;1.Menos de 2500 gramos;2
50;2;1;7.40 a 44;4.28 a 31;2.Secundaria/Polimodal Incompleta;1.Menos de 2500 gramos;1
14;1;2;8.De 45 y más;3.24 a 27;3.Secundario/Polimodal Completa y más;1.Menos de 2500 gramos;2
06;2;2;2.15 a 19;3.24 a 27;2.Secundaria/Polimodal Incompleta;1.Menos de 2500 gramos;1
74;1;2;5.30 a 34;5.32 a 36;3.Secundario/Polimodal Completa y más;1.Menos de 2500 gramos;15
54;1;1;2.15 a 19;6.37 a 41;1.Hasta Primaria/C.EGB Completa;1.Menos de 2500 gramos;18
18;1;2;3.20 a 24;6.37 a 41;1.Hasta Primaria/C.EGB Completa;1.Menos de 2500 gramos;5
34;1;2;1.Menor de 15;6.37 a 41;2.Secundaria/Polimodal Incompleta;1.Menos de 2500 gramos;2
38;1;2;3.20 a 24;7.42 y más;3.Secundario/Polimodal Completa y más;2.2500 gramos y más;8
66;1;2;4.25 a 29;5.32 a 36;1.Hasta Primaria/C.EGB Completa;1.Menos de 2500 gramos;12
90;2;2;2.15 a 19;6.37 a 41;1.Hasta Primaria/C.EGB Completa;1.Menos de 2500 gramos;1
70;2;1;5.30 a 34;5.32 a 36;3.Secundario/Polimodal Completa y más;2.2500 gramos y más;1
34;1;1;8.De 45 y más;6.37 a 41;3.Secundario/Polimodal Completa y más;2.2500 gramos y más;1
66;2;2;3.20 a 24;6.37 a 41;2.Secundaria/Polimodal Incompleta;1.Menos de 2500 gramos;1
90;1;1;3.20 a 24;6.37 a 41;2.Secundaria/Polimodal Incompleta;1.Menos de 2500 gramos;8
82;2;1;6.35 a 39;5.32 a 36;3.Secundario/Polimodal Completa y más;1.Menos de 2500 gramos;22
06;1;2;3.20 a 24;6.37 a 41;1.Hasta Primaria/C.EGB Completa;1.Menos de 2500 gramos;82
38;2;1;2.15 a 19;6.37 a 41;2.Secundaria/Polimodal Incompleta;2.2500 gramos y más;2
54;1;1;5.30 a 34;5.32 a 36;1.Hasta Primaria/C.EGB Completa;1.Menos de 2500 gramos;16
18;2;1;4.25 a 29;6.37 a 41;3.Secundario/Polimodal Completa y más;2.2500 gramos y más;3
22;1;1;2.15 a 19;6.37 a 41;1.Hasta Primaria/C.EGB Completa;2.2500 gramos y más;358
26;2;1;6.35 a 39;5.32 a 36;3.Secundario/Polimodal Completa y más;1.Menos de 2500 gramos;3
66;1;1;5.30 a 34;6.37 a 41;1.Hasta Primaria/C.EGB Completa;2.2500 gramos y más;343
58;1;1;4.25 a 29;4.28 a 31;3.Secundario/Polimodal Completa y más;1.Menos de 2500 gramos;5
02;1;1;4.25 a 29;7.42 y más;3.Secundario/Polimodal Completa y más;2.2500 gramos y más;2
46;2;1;5.30 a 34;5.32 a 36;3.Secundario/Polimodal Completa y más;1.Menos de 2500 gramos;1
62;2;1;3.20 a 24;6.37 a 41;3.Secundario/Polimodal Completa y más;1.Menos de 2500 gramos;1
70;1;2;2.15 a 19;6.37 a 41;3.Secundario/Polimodal Completa y más;2.2500 gramos y más;86
46;1;1;5.30 a 34;6.37 a 41;2.Secundaria/Polimodal Incompleta;2.2500 gramos y más;47
82;1;1;4.25 a 29;3.24 a 27;1.Hasta Primaria/C.EGB Completa;1.Menos de 2500 gramos;5
42;1;1;4.25 a 29;6.37 a 41;3.Secundario/Polimodal Completa y más;1.Menos de 2500 gramos;5
62;1;1;4.25 a 29;7.42 y más;3.Secundario/Polimodal Completa y más;2.2500 gramos y más;1
50;1;1;2.15 a 19;4.28 a 31;3.Secundario/Polimodal Completa y más;1.Menos de 2500 gramos;1
54;1;2;4.25 a 29;5.32 a 36;2.Secundaria/Polimodal Incompleta;1.Menos de 2500 gramos;20
66;2;1;5.30 a 34;6.37 a 41;1.Hasta Primaria/C.EGB Completa;1.Menos de 2500 gramos;1
02;2;1;8.De 45 y más;5.32 a 36;4.Sin especificar;1.Menos de 2500 gramos;2
90;1;1;3.20 a 24;4.28 a 31;2.Secundaria/Polimodal Incompleta;1.Menos de 2500 gramos;7
50;1;2;6.35 a 39;3.24 a 27;2.Secundaria/Polimodal Incompleta;1.Menos de 2500 gramos;2
10;2;1;5.30 a 34;5.32 a 36;2.Secundaria/Polimodal Incompleta;2.2500 gramos y más;2
06;2;2;2.15 a 19;5.32 a 36;1.Hasta Primaria/C.EGB Completa;2.2500 gramos y más;1
34;1;1;5.30 a 34;4.28 a 31;2.Secundaria/Polimodal Incompleta;1.Menos de 2500 gramos;2
34;1;1;3.20 a 24;4.28 a 31;2.Secundaria/Polimodal Incompleta;1.Menos de 2500 gramos;2
46;1;2;1.Menor de 15;6.37 a 41;1.Hasta Primaria/C.EGB Completa;2.2500 gramos y más;3
54;1;2;6.35 a 39;7.42 y más;1.Hasta Primaria/C.EGB Completa;2.2500 gramos y más;1
02;9;2;3.20 a 24;8.Sin especificar;4.Sin especificar;3.Sin especificar;1
14;1;1;6.35 a 39;8.Sin especificar;3.Secundario/Polimodal Completa y más;2.2500 gramos y más;3
10;1;1;3.20 a 24;7.42 y más;2.Secundaria/Polimodal Incompleta;2.2500 gramos y más;1
22;1;2;4.25 a 29;6.37 a 41;2.Secundaria/Polimodal Incompleta;1.Menos de 2500 gramos;14
38;2;1;5.30 a 34;6.37 a 41;3.Secundario/Polimodal Completa y más;2.2500 gramos y más;2
90;1;2;3.20 a 24;6.37 a 41;3.Secundario/Polimodal Completa y más;1.Menos de 2500 gramos;36
18;1;1;6.35 a 39;6.37 a 41;3.Secundario/Polimodal Completa y más;2.2500 gramos y más;474
90;1;2;2.15 a 19;8.Sin especificar;3.Secundario/Polimodal Completa y más;2.2500 gramos y más;2
54;1;2;5.30 a 34;6.37 a 41;3.Secundario/Polimodal Completa y más;1.Menos de 2500 gramos;22
90;1;2;1.Menor de 15;5.32 a 36;2.Secundaria/Polimodal Incompleta;1.Menos de 2500 gramos;1
10;1;2;4.25 a 29;6.37 a 41;3.Secundario/Polimodal Completa y más;1.Menos de 2500 gramos;13
70;1;1;6.35 a 39;6.37 a 41;1.Hasta Primaria/C.EGB Completa;1.Menos de 2500 gramos;2
30;2;2;7.40 a 44;3.24 a 27;3.Secundario/Polimodal Completa y más;1.Menos de 2500 gramos;2
74;1;1;3.20 a 24;6.37 a 41;3.Secundario/Polimodal Completa y más;1.Menos de 2500 gramos;7
22;1;1;6.35 a 39;4.28 a 31;1.Hasta Primaria/C.EGB Completa;1.Menos de 2500 gramos;1
50;1;1;4.25 a 29;5.32 a 36;3.Secundario/Polimodal Completa y más;1.Menos de 2500 gramos;51
74;1;1;6.35 a 39;5.32 a 36;2.Secundaria/Polimodal Incompleta;2.2500 gramos y más;4
46;1;1;3.20 a 24;5.32 a 36;1.Hasta Primaria/C.EGB Completa;1.Menos de 2500 gramos;3
10;2;1;6.35 a 39;5.32 a 36;3.Secundario/Polimodal Completa y más;1.Menos de 2500 gramos;4
86;1;2;3.20 a 24;5.32 a 36;1.Hasta Primaria/C.EGB Completa;2.2500 gramos y más;41
18;2;1;5.30 a 34;6.37 a 41;3.Secundario/Polimodal Completa y más;1.Menos de 2500 gramos;2
22;9;1;4.25 a 29;6.37 a 41;1.Hasta Primaria/C.EGB Completa;2.2500 gramos y más;2
54;2;2;4.25 a 29;6.37 a 41;1.Hasta Primaria/C.EGB Completa;2.2500 gramos y más;2
62;1;2;2.15 a 19;5.32 a 36;3.Secundario/Polimodal Completa y más;1.Menos de 2500 gramos;5
06;1;2;6.35 a 39;5.32 a 36;3.Secundario/Polimodal Completa y más;2.2500 gramos y más;327
82;2;1;5.30 a 34;4.28 a 31;3.Secundario/Polimodal Completa y más;1.Menos de 2500 gramos;5
50;1;2;7.40 a 44;6.37 a 41;2.Secundaria/Polimodal Incompleta;2.2500 gramos y más;48
30;1;1;2.15 a 19;3.24 a 27;1.Hasta Primaria/C.EGB Completa;1.Menos de 2500 gramos;1
26;1;1;6.35 a 39;5.32 a 36;3.Secundario/Polimodal Completa y más;2.2500 gramos y más;12
30;2;1;4.25 a 29;3.24 a 27;1.Hasta Primaria/C.EGB Completa;1.Menos de 2500 gramos;1
90;1;1;3.20 a 24;7.42 y más;3.Secundario/Polimodal Completa y más;2.2500 gramos y más;52
14;1;1;3.20 a 24;2.22 a 23;3.Secundario/Polimodal Completa y más;1.Menos de 2500 gramos;2
06;1;1;2.15 a 19;8.Sin especificar;2.Secundaria/Polimodal Incompleta;2.2500 gramos y más;15
06;1;1;6.35 a 39;3.24 a 27;1.Hasta Primaria/C.EGB Completa;1.Menos de 2500 gramos;4
54;1;2;3.20 a 24;5.32 a 36;4.Sin especificar;1.Menos de 2500 gramos;1
90;1;1;8.De 45 y más;7.42 y más;1.Hasta Primaria/C.EGB Completa;2.2500 gramos y más;1
22;9;2;9.Sin especificar;8.Sin especificar;4.Sin especificar;3.Sin especificar;1
70;1;1;4.25 a 29;7.42 y más;3.Secundario/Polimodal Completa y más;2.2500 gramos y más;1
62;1;2;4.25 a 29;3.24 a 27;2.Secundaria/Polimodal Incompleta;1.Menos de 2500 gramos;1
22;1;1;3.20 a 24;6.37 a 41;2.Secundaria/Polimodal Incompleta;3.Sin especificar;1
90;1;2;7.40 a 44;8.Sin especificar;1.Hasta Primaria/C.EGB Completa;2.2500 gramos y más;2
30;1;2;2.15 a 19;6.37 a 41;1.Hasta Primaria/C.EGB Completa;1.Menos de 2500 gramos;6
30;1;2;5.30 a 34;3.24 a 27;2.Secundaria/Polimodal Incompleta;1.Menos de 2500 gramos;1
34;1;1;4.25 a 29;3.24 a 27;3.Secundario/Polimodal Completa y más;1.Menos de 2500 gramos;2
02;1;1;7.40 a 44;4.28 a 31;4.Sin especificar;1.Menos de 2500 gramos;2
14;1;1;3.20 a 24;6.37 a 41;2.Secundaria/Polimodal Incompleta;3.Sin especificar;3
02;1;1;9.Sin especificar;8.Sin especificar;4.Sin especificar;3.Sin especificar;4
26;1;2;5.30 a 34;5.32 a 36;2.Secundaria/Polimodal Incompleta;2.2500 gramos y más;6
06;1;9;7.40 a 44;6.37 a 41;1.Hasta Primaria/C.EGB Completa;2.2500 gramos y más;6
90;1;1;3.20 a 24;5.32 a 36;2.Secundaria/Polimodal Incompleta;2.2500 gramos y más;88
62;1;2;2.15 a 19;6.37 a 41;3.Secundario/Polimodal Completa y más;2.2500 gramos y más;53
46;2;1;3.20 a 24;6.37 a 41;1.Hasta Primaria/C.EGB Completa;2.2500 gramos y más;2
34;1;1;5.30 a 34;4.28 a 31;4.Sin especificar;1.Menos de 2500 gramos;2
14;1;2;7.40 a 44;5.32 a 36;1.Hasta Primaria/C.EGB Completa;2.2500 gramos y más;3
86;1;1;3.20 a 24;3.24 a 27;1.Hasta Primaria/C.EGB Completa;1.Menos de 2500 gramos;1
06;1;1;9.Sin especificar;6.37 a 41;4.Sin especificar;2.2500 gramos y más;250
30;1;2;2.15 a 19;6.37 a 41;3.Secundario/Polimodal Completa y más;1.Menos de 2500 gramos;6
06;2;1;4.25 a 29;5.32 a 36;3.Secundario/Polimodal Completa y más;1.Menos de 2500 gramos;73
06;1;2;4.25 a 29;7.42 y más;4.Sin especificar;2.2500 gramos y más;9
26;1;2;6.35 a 39;5.32 a 36;3.Secundario/Polimodal Completa y más;1.Menos de 2500 gramos;13
06;1;1;4.25 a 29;7.42 y más;4.Sin especificar;3.Sin especificar;1
78;1;2;5.30 a 34;6.37 a 41;4.Sin especificar;2.2500 gramos y más;1
06;2;1;8.De 45 y más;6.37 a 41;2.Secundaria/Polimodal Incompleta;2.2500 gramos y más;2
18;1;1;4.25 a 29;5.32 a 36;2.Secundaria/Polimodal Incompleta;1.Menos de 2500 gramos;9
14;1;2;1.Menor de 15;6.37 a 41;2.Secundaria/Polimodal Incompleta;2.2500 gramos y más;16
50;2;2;5.30 a 34;6.37 a 41;2.Secundaria/Polimodal Incompleta;1.Menos de 2500 gramos;2
06;1;2;9.Sin especificar;7.42 y más;2.Secundaria/Polimodal Incompleta;2.2500 gramos y más;1
22;2;2;6.35 a 39;6.37 a 41;3.Secundario/Polimodal Completa y más;2.2500 gramos y más;2
38;1;2;3.20 a 24;2.22 a 23;2.Secundaria/Polimodal Incompleta;1.Menos de 2500 gramos;1
74;1;2;4.25 a 29;3.24 a 27;3.Secundario/Polimodal Completa y más;1.Menos de 2500 gramos;2
30;1;1;4.25 a 29;8.Sin especificar;2.Secundaria/Polimodal Incompleta;2.2500 gramos y más;2
54;1;1;6.35 a 39;4.28 a 31;4.Sin especificar;1.Menos de 2500 gramos;2
74;1;2;6.35 a 39;6.37 a 41;2.Secundaria/Polimodal Incompleta;1.Menos de 2500 gramos;1
06;1;2;5.30 a 34;5.32 a 36;4.Sin especificar;1.Menos de 2500 gramos;61
22;1;2;5.30 a 34;3.24 a 27;2.Secundaria/Polimodal Incompleta;1.Menos de 2500 gramos;2
70;1;2;2.15 a 19;7.42 y más;2.Secundaria/Polimodal Incompleta;2.2500 gramos y más;1
38;1;2;6.35 a 39;5.32 a 36;1.Hasta Primaria/C.EGB Completa;1.Menos de 2500 gramos;2
34;2;2;5.30 a 34;6.37 a 41;4.Sin especificar;2.2500 gramos y más;2
42;2;2;5.30 a 34;4.28 a 31;3.Secundario/Polimodal Completa y más;1.Menos de 2500 gramos;1
26;1;1;1.Menor de 15;6.37 a 41;2.Secundaria/Polimodal Incompleta;2.2500 gramos y más;2
86;1;2;3.20 a 24;7.42 y más;3.Secundario/Polimodal Completa y más;1.Menos de 2500 gramos;1
02;2;1;6.35 a 39;5.32 a 36;4.Sin especificar;2.2500 gramos y más;2
82;1;2;2.15 a 19;5.32 a 36;2.Secundaria/Polimodal Incompleta;1.Menos de 2500 gramos;48
90;1;2;6.35 a 39;2.22 a 23;3.Secundario/Polimodal Completa y más;1.Menos de 2500 gramos;1
22;9;1;4.25 a 29;6.37 a 41;1.Hasta Primaria/C.EGB Completa;3.Sin especificar;1
30;1;2;4.25 a 29;6.37 a 41;4.Sin especificar;1.Menos de 2500 gramos;1
98;1;1;4.25 a 29;6.37 a 41;2.Secundaria/Polimodal Incompleta;2.2500 gramos y más;3
34;2;2;5.30 a 34;6.37 a 41;3.Secundario/Polimodal Completa y más;1.Menos de 2500 gramos;2
90;2;1;4.25 a 29;6.37 a 41;2.Secundaria/Polimodal Incompleta;2.2500 gramos y más;2
58;1;2;6.35 a 39;4.28 a 31;3.Secundario/Polimodal Completa y más;1.Menos de 2500 gramos;5
42;1;1;6.35 a 39;6.37 a 41;3.Secundario/Polimodal Completa y más;2.2500 gramos y más;158
82;2;1;4.25 a 29;6.37 a 41;1.Hasta Primaria/C.EGB Completa;1.Menos de 2500 gramos;3
82;1;1;1.Menor de 15;6.37 a 41;3.Secundario/Polimodal Completa y más;2.2500 gramos y más;1
38;1;1;6.35 a 39;6.37 a 41;1.Hasta Primaria/C.EGB Completa;1.Menos de 2500 gramos;3
06;1;2;4.25 a 29;4.28 a 31;2.Secundaria/Polimodal Incompleta;1.Menos de 2500 gramos;18
02;1;2;3.20 a 24;6.37 a 41;2.Secundaria/Polimodal Incompleta;1.Menos de 2500 gramos;11
62;2;1;4.25 a 29;5.32 a 36;2.Secundaria/Polimodal Incompleta;1.Menos de 2500 gramos;1
90;1;1;5.30 a 34;4.28 a 31;3.Secundario/Polimodal Completa y más;1.Menos de 2500 gramos;12
90;2;2;6.35 a 39;5.32 a 36;2.Secundaria/Polimodal Incompleta;1.Menos de 2500 gramos;1
82;1;2;2.15 a 19;5.32 a 36;1.Hasta Primaria/C.EGB Completa;1.Menos de 2500 gramos;22
34;1;2;3.20 a 24;6.37 a 41;2.Secundaria/Polimodal Incompleta;1.Menos de 2500 gramos;3
34;1;1;5.30 a 34;3.24 a 27;2.Secundaria/Polimodal Incompleta;1.Menos de 2500 gramos;1
30;1;1;2.15 a 19;8.Sin especificar;1.Hasta Primaria/C.EGB Completa;2.2500 gramos y más;4
58;1;2;4.25 a 29;6.37 a 41;1.Hasta Primaria/C.EGB Completa;1.Menos de 2500 gramos;2
50;1;1;7.40 a 44;6.37 a 41;3.Secundario/Polimodal Completa y más;1.Menos de 2500 gramos;5
06;9;2;3.20 a 24;4.28 a 31;4.Sin especificar;1.Menos de 2500 gramos;1
26;1;2;4.25 a 29;6.37 a 41;1.Hasta Primaria/C.EGB Completa;1.Menos de 2500 gramos;2
66;2;2;7.40 a 44;6.37 a 41;2.Secundaria/Polimodal Incompleta;2.2500 gramos y más;2
34;2;1;4.25 a 29;6.37 a 41;1.Hasta Primaria/C.EGB Completa;1.Menos de 2500 gramos;1
22;2;2;5.30 a 34;5.32 a 36;1.Hasta Primaria/C.EGB Completa;1.Menos de 2500 gramos;6
30;1;2;7.40 a 44;5.32 a 36;1.Hasta Primaria/C.EGB Completa;2.2500 gramos y más;2
90;2;1;6.35 a 39;4.28 a 31;3.Secundario/Polimodal Completa y más;1.Menos de 2500 gramos;2
58;2;2;6.35 a 39;5.32 a 36;2.Secundaria/Polimodal Incompleta;1.Menos de 2500 gramos;1
50;2;1;2.15 a 19;5.32 a 36;3.Secundario/Polimodal Completa y más;1.Menos de 2500 gramos;1
54;1;1;4.25 a 29;4.28 a 31;1.Hasta Primaria/C.EGB Completa;1.Menos de 2500 gramos;4
82;1;1;2.15 a 19;5.32 a 36;3.Secundario/Polimodal Completa y más;2.2500 gramos y más;14
38;1;1;4.25 a 29;5.32 a 36;1.Hasta Primaria/C.EGB Completa;1.Menos de 2500 gramos;4
74;1;1;5.30 a 34;8.Sin especificar;4.Sin especificar;3.Sin especificar;1
06;1;9;9.Sin especificar;6.37 a 41;2.Secundaria/Polimodal Incompleta;2.2500 gramos y más;21
66;1;1;4.25 a 29;6.37 a 41;3.Secundario/Polimodal Completa y más;1.Menos de 2500 gramos;29
18;1;1;7.40 a 44;5.32 a 36;4.Sin especificar;2.2500 gramos y más;1
06;1;1;7.40 a 44;5.32 a 36;1.Hasta Primaria/C.EGB Completa;1.Menos de 2500 gramos;27
26;1;2;4.25 a 29;6.37 a 41;3.Secundario/Polimodal Completa y más;1.Menos de 2500 gramos;8
70;1;1;4.25 a 29;4.28 a 31;1.Hasta Primaria/C.EGB Completa;1.Menos de 2500 gramos;1
06;1;2;3.20 a 24;7.42 y más;4.Sin especificar;2.2500 gramos y más;5
70;1;1;5.30 a 34;5.32 a 36;3.Secundario/Polimodal Completa y más;1.Menos de 2500 gramos;8
26;1;2;3.20 a 24;5.32 a 36;2.Secundaria/Polimodal Incompleta;2.2500 gramos y más;5
06;1;1;7.40 a 44;4.28 a 31;3.Secundario/Polimodal Completa y más;1.Menos de 2500 gramos;31
30;1;1;7.40 a 44;7.42 y más;3.Secundario/Polimodal Completa y más;2.2500 gramos y más;1
82;1;1;3.20 a 24;3.24 a 27;3.Secundario/Polimodal Completa y más;1.Menos de 2500 gramos;12
90;2;1;6.35 a 39;5.32 a 36;3.Secundario/Polimodal Completa y más;2.2500 gramos y más;6
58;1;1;8.De 45 y más;5.32 a 36;3.Secundario/Polimodal Completa y más;2.2500 gramos y más;1
66;1;2;3.20 a 24;6.37 a 41;4.Sin especificar;2.2500 gramos y más;19
78;1;1;2.15 a 19;5.32 a 36;2.Secundaria/Polimodal Incompleta;2.2500 gramos y más;3
74;1;2;6.35 a 39;5.32 a 36;3.Secundario/Polimodal Completa y más;2.2500 gramos y más;15
14;1;2;2.15 a 19;7.42 y más;3.Secundario/Polimodal Completa y más;2.2500 gramos y más;1
90;2;2;4.25 a 29;6.37 a 41;3.Secundario/Polimodal Completa y más;2.2500 gramos y más;10
26;1;1;3.20 a 24;5.32 a 36;1.Hasta Primaria/C.EGB Completa;1.Menos de 2500 gramos;1
66;1;1;7.40 a 44;5.32 a 36;1.Hasta Primaria/C.EGB Completa;1.Menos de 2500 gramos;3
14;1;1;4.25 a 29;6.37 a 41;3.Secundario/Polimodal Completa y más;3.Sin especificar;3
14;1;1;3.20 a 24;6.37 a 41;2.Secundaria/Polimodal Incompleta;1.Menos de 2500 gramos;40
38;1;2;5.30 a 34;8.Sin especificar;3.Secundario/Polimodal Completa y más;2.2500 gramos y más;1
58;2;2;7.40 a 44;6.37 a 41;3.Secundario/Polimodal Completa y más;1.Menos de 2500 gramos;1
50;2;2;4.25 a 29;6.37 a 41;1.Hasta Primaria/C.EGB Completa;1.Menos de 2500 gramos;1
38;2;2;3.20 a 24;5.32 a 36;2.Secundaria/Polimodal Incompleta;1.Menos de 2500 gramos;1
62;1;2;3.20 a 24;2.22 a 23;3.Secundario/Polimodal Completa y más;1.Menos de 2500 gramos;1
22;1;2;3.20 a 24;3.24 a 27;1.Hasta Primaria/C.EGB Completa;1.Menos de 2500 gramos;1
14;1;2;4.25 a 29;4.28 a 31;2.Secundaria/Polimodal Incompleta;1.Menos de 2500 gramos;2
10;1;1;4.25 a 29;8.Sin especificar;3.Secundario/Polimodal Completa y más;2.2500 gramos y más;9
34;1;1;3.20 a 24;6.37 a 41;2.Secundaria/Polimodal Incompleta;2.2500 gramos y más;214
58;1;1;6.35 a 39;5.32 a 36;3.Secundario/Polimodal Completa y más;1.Menos de 2500 gramos;13
66;1;1;6.35 a 39;6.37 a 41;3.Secundario/Polimodal Completa y más;2.2500 gramos y más;747
02;1;2;5.30 a 34;4.28 a 31;3.Secundario/Polimodal Completa y más;1.Menos de 2500 gramos;14
90;1;2;6.35 a 39;4.28 a 31;3.Secundario/Polimodal Completa y más;1.Menos de 2500 gramos;6
58;1;2;2.15 a 19;5.32 a 36;1.Hasta Primaria/C.EGB Completa;1.Menos de 2500 gramos;3
94;1;2;6.35 a 39;6.37 a 41;4.Sin especificar;2.2500 gramos y más;2
06;2;1;6.35 a 39;6.37 a 41;4.Sin especificar;1.Menos de 2500 gramos;1
54;2;2;3.20 a 24;5.32 a 36;3.Secundario/Polimodal Completa y más;1.Menos de 2500 gramos;3
62;1;2;4.25 a 29;5.32 a 36;4.Sin especificar;1.Menos de 2500 gramos;6
66;1;1;6.35 a 39;7.42 y más;1.Hasta Primaria/C.EGB Completa;2.2500 gramos y más;3
66;1;2;5.30 a 34;6.37 a 41;3.Secundario/Polimodal Completa y más;3.Sin especificar;2
06;1;1;2.15 a 19;3.24 a 27;3.Secundario/Polimodal Completa y más;1.Menos de 2500 gramos;3
46;1;2;3.20 a 24;6.37 a 41;3.Secundario/Polimodal Completa y más;2.2500 gramos y más;313
10;1;1;4.25 a 29;6.37 a 41;3.Secundario/Polimodal Completa y más;2.2500 gramos y más;456
06;2;2;5.30 a 34;3.24 a 27;1.Hasta Primaria/C.EGB Completa;1.Menos de 2500 gramos;3
14;2;2;6.35 a 39;3.24 a 27;3.Secundario/Polimodal Completa y más;1.Menos de 2500 gramos;2
38;1;2;5.30 a 34;4.28 a 31;2.Secundaria/Polimodal Incompleta;1.Menos de 2500 gramos;1
90;1;2;3.20 a 24;5.32 a 36;4.Sin especificar;1.Menos de 2500 gramos;1
82;1;2;3.20 a 24;6.37 a 41;4.Sin especificar;1.Menos de 2500 gramos;1
50;2;2;7.40 a 44;5.32 a 36;3.Secundario/Polimodal Completa y más;2.2500 gramos y más;3
62;1;1;7.40 a 44;4.28 a 31;4.Sin especificar;1.Menos de 2500 gramos;1
02;2;1;3.20 a 24;4.28 a 31;3.Secundario/Polimodal Completa y más;1.Menos de 2500 gramos;1
06;2;2;4.25 a 29;8.Sin especificar;3.Secundario/Polimodal Completa y más;2.2500 gramos y más;1
46;1;1;3.20 a 24;6.37 a 41;4.Sin especificar;2.2500 gramos y más;2
06;1;1;2.15 a 19;4.28 a 31;2.Secundaria/Polimodal Incompleta;1.Menos de 2500 gramos;33
46;1;2;7.40 a 44;5.32 a 36;3.Secundario/Polimodal Completa y más;1.Menos de 2500 gramos;5
46;1;1;5.30 a 34;6.37 a 41;1.Hasta Primaria/C.EGB Completa;1.Menos de 2500 gramos;1
06;1;2;1.Menor de 15;6.37 a 41;1.Hasta Primaria/C.EGB Completa;3.Sin especificar;2
02;2;2;5.30 a 34;6.37 a 41;4.Sin especificar;2.2500 gramos y más;3
90;1;2;2.15 a 19;5.32 a 36;2.Secundaria/Polimodal Incompleta;2.2500 gramos y más;44
54;2;1;1.Menor de 15;6.37 a 41;1.Hasta Primaria/C.EGB Completa;1.Menos de 2500 gramos;1
30;1;2;3.20 a 24;7.42 y más;2.Secundaria/Polimodal Incompleta;2.2500 gramos y más;1
02;1;1;4.25 a 29;5.32 a 36;2.Secundaria/Polimodal Incompleta;2.2500 gramos y más;9
82;2;1;2.15 a 19;5.32 a 36;1.Hasta Primaria/C.EGB Completa;1.Menos de 2500 gramos;1
86;1;1;5.30 a 34;6.37 a 41;1.Hasta Primaria/C.EGB Completa;2.2500 gramos y más;579
58;1;1;6.35 a 39;6.37 a 41;2.Secundaria/Polimodal Incompleta;2.2500 gramos y más;75
02;1;2;4.25 a 29;6.37 a 41;3.Secundario/Polimodal Completa y más;3.Sin especificar;1
02;1;1;4.25 a 29;3.24 a 27;1.Hasta Primaria/C.EGB Completa;1.Menos de 2500 gramos;2
62;1;1;6.35 a 39;6.37 a 41;4.Sin especificar;2.2500 gramos y más;29
46;1;1;4.25 a 29;6.37 a 41;3.Secundario/Polimodal Completa y más;2.2500 gramos y más;466
06;1;2;4.25 a 29;3.24 a 27;2.Secundaria/Polimodal Incompleta;1.Menos de 2500 gramos;13
54;1;1;2.15 a 19;7.42 y más;4.Sin especificar;2.2500 gramos y más;1
46;1;2;1.Menor de 15;5.32 a 36;2.Secundaria/Polimodal Incompleta;2.2500 gramos y más;1
50;2;2;5.30 a 34;5.32 a 36;3.Secundario/Polimodal Completa y más;2.2500 gramos y más;5
66;2;2;5.30 a 34;4.28 a 31;2.Secundaria/Polimodal Incompleta;1.Menos de 2500 gramos;1
14;1;2;3.20 a 24;5.32 a 36;1.Hasta Primaria/C.EGB Completa;2.2500 gramos y más;14
90;1;2;6.35 a 39;4.28 a 31;1.Hasta Primaria/C.EGB Completa;1.Menos de 2500 gramos;4
34;1;1;7.40 a 44;6.37 a 41;2.Secundaria/Polimodal Incompleta;2.2500 gramos y más;13
70;1;1;5.30 a 34;4.28 a 31;2.Secundaria/Polimodal Incompleta;1.Menos de 2500 gramos;1
90;1;2;3.20 a 24;4.28 a 31;2.Secundaria/Polimodal Incompleta;2.2500 gramos y más;4
62;1;2;3.20 a 24;5.32 a 36;1.Hasta Primaria/C.EGB Completa;2.2500 gramos y más;6
06;2;2;3.20 a 24;6.37 a 41;3.Secundario/Polimodal Completa y más;2.2500 gramos y más;17
62;1;1;6.35 a 39;6.37 a 41;1.Hasta Primaria/C.EGB Completa;1.Menos de 2500 gramos;4
38;1;2;1.Menor de 15;6.37 a 41;1.Hasta Primaria/C.EGB Completa;2.2500 gramos y más;4
50;1;2;5.30 a 34;5.32 a 36;2.Secundaria/Polimodal Incompleta;2.2500 gramos y más;17
18;1;2;7.40 a 44;5.32 a 36;3.Secundario/Polimodal Completa y más;2.2500 gramos y más;5
14;2;1;3.20 a 24;5.32 a 36;2.Secundaria/Polimodal Incompleta;1.Menos de 2500 gramos;19
54;1;9;6.35 a 39;6.37 a 41;1.Hasta Primaria/C.EGB Completa;2.2500 gramos y más;1
22;1;1;5.30 a 34;5.32 a 36;1.Hasta Primaria/C.EGB Completa;2.2500 gramos y más;18
14;2;1;4.25 a 29;4.28 a 31;2.Secundaria/Polimodal Incompleta;1.Menos de 2500 gramos;1
54;1;1;5.30 a 34;2.22 a 23;4.Sin especificar;1.Menos de 2500 gramos;1
34;1;1;6.35 a 39;6.37 a 41;3.Secundario/Polimodal Completa y más;1.Menos de 2500 gramos;4
46;1;2;2.15 a 19;6.37 a 41;3.Secundario/Polimodal Completa y más;1.Menos de 2500 gramos;2
86;1;2;4.25 a 29;7.42 y más;4.Sin especificar;2.2500 gramos y más;1
06;2;2;3.20 a 24;5.32 a 36;2.Secundaria/Polimodal Incompleta;2.2500 gramos y más;7
90;1;2;4.25 a 29;3.24 a 27;2.Secundaria/Polimodal Incompleta;1.Menos de 2500 gramos;1
78;1;1;6.35 a 39;4.28 a 31;3.Secundario/Polimodal Completa y más;1.Menos de 2500 gramos;2
66;1;1;3.20 a 24;7.42 y más;3.Secundario/Polimodal Completa y más;2.2500 gramos y más;8
42;2;2;7.40 a 44;6.37 a 41;3.Secundario/Polimodal Completa y más;2.2500 gramos y más;1
18;1;2;7.40 a 44;5.32 a 36;4.Sin especificar;1.Menos de 2500 gramos;1
06;1;1;3.20 a 24;4.28 a 31;1.Hasta Primaria/C.EGB Completa;3.Sin especificar;1
22;9;1;3.20 a 24;6.37 a 41;2.Secundaria/Polimodal Incompleta;2.2500 gramos y más;3
30;2;2;4.25 a 29;6.37 a 41;3.Secundario/Polimodal Completa y más;1.Menos de 2500 gramos;5
26;1;2;4.25 a 29;5.32 a 36;1.Hasta Primaria/C.EGB Completa;2.2500 gramos y más;1
26;1;2;2.15 a 19;6.37 a 41;2.Secundaria/Polimodal Incompleta;2.2500 gramos y más;104
06;2;2;7.40 a 44;5.32 a 36;3.Secundario/Polimodal Completa y más;1.Menos de 2500 gramos;25
18;1;1;5.30 a 34;4.28 a 31;3.Secundario/Polimodal Completa y más;1.Menos de 2500 gramos;4
66;1;2;5.30 a 34;6.37 a 41;4.Sin especificar;2.2500 gramos y más;13
78;2;2;3.20 a 24;6.37 a 41;3.Secundario/Polimodal Completa y más;2.2500 gramos y más;2
66;1;2;7.40 a 44;5.32 a 36;2.Secundaria/Polimodal Incompleta;1.Menos de 2500 gramos;3
26;2;1;6.35 a 39;5.32 a 36;1.Hasta Primaria/C.EGB Completa;1.Menos de 2500 gramos;1
78;1;1;2.15 a 19;6.37 a 41;3.Secundario/Polimodal Completa y más;2.2500 gramos y más;28
78;1;1;4.25 a 29;5.32 a 36;2.Secundaria/Polimodal Incompleta;1.Menos de 2500 gramos;1
22;9;1;5.30 a 34;5.32 a 36;3.Secundario/Polimodal Completa y más;2.2500 gramos y más;1
14;1;2;9.Sin especificar;6.37 a 41;3.Secundario/Polimodal Completa y más;2.2500 gramos y más;3
66;1;2;1.Menor de 15;6.37 a 41;1.Hasta Primaria/C.EGB Completa;1.Menos de 2500 gramos;1
10;1;1;6.35 a 39;8.Sin especificar;3.Secundario/Polimodal Completa y más;3.Sin especificar;2
34;1;2;4.25 a 29;5.32 a 36;3.Secundario/Polimodal Completa y más;2.2500 gramos y más;26
34;1;1;5.30 a 34;5.32 a 36;3.Secundario/Polimodal Completa y más;1.Menos de 2500 gramos;8
86;1;2;7.40 a 44;6.37 a 41;2.Secundaria/Polimodal Incompleta;1.Menos de 2500 gramos;1
22;1;2;3.20 a 24;5.32 a 36;3.Secundario/Polimodal Completa y más;1.Menos de 2500 gramos;41
90;1;2;6.35 a 39;8.Sin especificar;1.Hasta Primaria/C.EGB Completa;2.2500 gramos y más;2
82;1;1;4.25 a 29;6.37 a 41;3.Secundario/Polimodal Completa y más;2.2500 gramos y más;2464
50;2;1;5.30 a 34;5.32 a 36;3.Secundario/Polimodal Completa y más;1.Menos de 2500 gramos;17
06;1;2;2.15 a 19;7.42 y más;3.Secundario/Polimodal Completa y más;2.2500 gramos y más;6
82;1;1;4.25 a 29;4.28 a 31;3.Secundario/Polimodal Completa y más;1.Menos de 2500 gramos;29
70;2;1;3.20 a 24;5.32 a 36;3.Secundario/Polimodal Completa y más;2.2500 gramos y más;2
26;1;1;6.35 a 39;5.32 a 36;2.Secundaria/Polimodal Incompleta;1.Menos de 2500 gramos;4
22;1;2;4.25 a 29;7.42 y más;2.Secundaria/Polimodal Incompleta;2.2500 gramos y más;4
02;1;1;6.35 a 39;6.37 a 41;4.Sin especificar;2.2500 gramos y más;187
50;2;1;3.20 a 24;6.37 a 41;1.Hasta Primaria/C.EGB Completa;2.2500 gramos y más;1
06;1;2;7.40 a 44;5.32 a 36;4.Sin especificar;1.Menos de 2500 gramos;18
78;1;2;3.20 a 24;6.37 a 41;2.Secundaria/Polimodal Incompleta;2.2500 gramos y más;125
06;2;2;3.20 a 24;3.24 a 27;3.Secundario/Polimodal Completa y más;1.Menos de 2500 gramos;2
18;1;1;2.15 a 19;7.42 y más;4.Sin especificar;2.2500 gramos y más;6
66;1;1;3.20 a 24;2.22 a 23;3.Secundario/Polimodal Completa y más;1.Menos de 2500 gramos;1
66;1;1;6.35 a 39;8.Sin especificar;1.Hasta Primaria/C.EGB Completa;2.2500 gramos y más;8
78;1;2;6.35 a 39;6.37 a 41;2.Secundaria/Polimodal Incompleta;1.Menos de 2500 gramos;2
06;1;9;5.30 a 34;5.32 a 36;1.Hasta Primaria/C.EGB Completa;2.2500 gramos y más;1
42;9;2;5.30 a 34;6.37 a 41;2.Secundaria/Polimodal Incompleta;2.2500 gramos y más;1
66;1;1;4.25 a 29;6.37 a 41;3.Secundario/Polimodal Completa y más;3.Sin especificar;3
02;1;2;6.35 a 39;6.37 a 41;4.Sin especificar;1.Menos de 2500 gramos;5
70;2;2;4.25 a 29;6.37 a 41;1.Hasta Primaria/C.EGB Completa;2.2500 gramos y más;2
50;1;1;3.20 a 24;5.32 a 36;3.Secundario/Polimodal Completa y más;1.Menos de 2500 gramos;32
50;1;2;2.15 a 19;6.37 a 41;2.Secundaria/Polimodal Incompleta;2.2500 gramos y más;513
14;2;2;3.20 a 24;4.28 a 31;2.Secundaria/Polimodal Incompleta;1.Menos de 2500 gramos;2
74;1;1;4.25 a 29;6.37 a 41;1.Hasta Primaria/C.EGB Completa;1.Menos de 2500 gramos;1
06;1;2;2.15 a 19;6.37 a 41;2.Secundaria/Polimodal Incompleta;1.Menos de 2500 gramos;136
02;1;1;8.De 45 y más;6.37 a 41;1.Hasta Primaria/C.EGB Completa;2.2500 gramos y más;5
02;2;1;7.40 a 44;4.28 a 31;3.Secundario/Polimodal Completa y más;1.Menos de 2500 gramos;1
70;1;2;3.20 a 24;5.32 a 36;3.Secundario/Polimodal Completa y más;2.2500 gramos y más;12
34;1;1;3.20 a 24;5.32 a 36;3.Secundario/Polimodal Completa y más;1.Menos de 2500 gramos;12
02;1;2;6.35 a 39;2.22 a 23;4.Sin especificar;1.Menos de 2500 gramos;1
78;1;1;5.30 a 34;5.32 a 36;3.Secundario/Polimodal Completa y más;2.2500 gramos y más;9
02;1;2;7.40 a 44;5.32 a 36;2.Secundaria/Polimodal Incompleta;2.2500 gramos y más;1
82;1;1;8.De 45 y más;5.32 a 36;2.Secundaria/Polimodal Incompleta;2.2500 gramos y más;1
62;1;1;3.20 a 24;8.Sin especificar;2.Secundaria/Polimodal Incompleta;2.2500 gramos y más;1
06;1;2;7.40 a 44;3.24 a 27;4.Sin especificar;1.Menos de 2500 gramos;1
06;1;1;2.15 a 19;6.37 a 41;2.Secundaria/Polimodal Incompleta;2.2500 gramos y más;3288
22;2;1;3.20 a 24;5.32 a 36;1.Hasta Primaria/C.EGB Completa;1.Menos de 2500 gramos;3
58;1;1;4.25 a 29;4.28 a 31;1.Hasta Primaria/C.EGB Completa;1.Menos de 2500 gramos;1
38;1;1;5.30 a 34;3.24 a 27;2.Secundaria/Polimodal Incompleta;1.Menos de 2500 gramos;2
06;1;1;4.25 a 29;5.32 a 36;2.Secundaria/Polimodal Incompleta;1.Menos de 2500 gramos;135
06;1;2;8.De 45 y más;6.37 a 41;4.Sin especificar;2.2500 gramos y más;24
50;2;1;3.20 a 24;3.24 a 27;3.Secundario/Polimodal Completa y más;1.Menos de 2500 gramos;1
99;9;2;2.15 a 19;6.37 a 41;4.Sin especificar;2.2500 gramos y más;4
54;1;2;2.15 a 19;3.24 a 27;1.Hasta Primaria/C.EGB Completa;1.Menos de 2500 gramos;1
58;1;1;5.30 a 34;6.37 a 41;3.Secundario/Polimodal Completa y más;2.2500 gramos y más;653
26;1;1;3.20 a 24;6.37 a 41;4.Sin especificar;2.2500 gramos y más;124
02;9;2;8.De 45 y más;6.37 a 41;4.Sin especificar;2.2500 gramos y más;7
99;9;1;8.De 45 y más;5.32 a 36;4.Sin especificar;2.2500 gramos y más;1
99;1;2;5.30 a 34;8.Sin especificar;4.Sin especificar;2.2500 gramos y más;1
38;1;2;2.15 a 19;6.37 a 41;2.Secundaria/Polimodal Incompleta;2.2500 gramos y más;190
74;1;1;2.15 a 19;6.37 a 41;3.Secundario/Polimodal Completa y más;2.2500 gramos y más;50
42;1;1;6.35 a 39;6.37 a 41;2.Secundaria/Polimodal Incompleta;1.Menos de 2500 gramos;1
46;2;1;6.35 a 39;5.32 a 36;3.Secundario/Polimodal Completa y más;1.Menos de 2500 gramos;5
66;1;1;2.15 a 19;6.37 a 41;2.Secundaria/Polimodal Incompleta;2.2500 gramos y más;579
62;1;2;2.15 a 19;5.32 a 36;1.Hasta Primaria/C.EGB Completa;1.Menos de 2500 gramos;1
94;1;2;7.40 a 44;6.37 a 41;4.Sin especificar;2.2500 gramos y más;1
02;1;2;2.15 a 19;6.37 a 41;3.Secundario/Polimodal Completa y más;2.2500 gramos y más;75
50;2;1;6.35 a 39;5.32 a 36;2.Secundaria/Polimodal Incompleta;1.Menos de 2500 gramos;1
26;1;2;3.20 a 24;5.32 a 36;3.Secundario/Polimodal Completa y más;2.2500 gramos y más;6
54;2;2;5.30 a 34;5.32 a 36;3.Secundario/Polimodal Completa y más;1.Menos de 2500 gramos;4
06;1;1;7.40 a 44;7.42 y más;2.Secundaria/Polimodal Incompleta;2.2500 gramos y más;1
06;1;9;5.30 a 34;6.37 a 41;2.Secundaria/Polimodal Incompleta;1.Menos de 2500 gramos;2
86;1;2;5.30 a 34;6.37 a 41;4.Sin especificar;2.2500 gramos y más;3
06;1;1;3.20 a 24;6.37 a 41;2.Secundaria/Polimodal Incompleta;1.Menos de 2500 gramos;111
30;2;2;3.20 a 24;6.37 a 41;1.Hasta Primaria/C.EGB Completa;2.2500 gramos y más;3
06;1;1;7.40 a 44;3.24 a 27;1.Hasta Primaria/C.EGB Completa;1.Menos de 2500 gramos;1
50;1;1;7.40 a 44;5.32 a 36;1.Hasta Primaria/C.EGB Completa;2.2500 gramos y más;3
14;2;1;6.35 a 39;5.32 a 36;3.Secundario/Polimodal Completa y más;2.2500 gramos y más;10
02;1;2;8.De 45 y más;6.37 a 41;4.Sin especificar;2.2500 gramos y más;7
26;1;1;4.25 a 29;7.42 y más;3.Secundario/Polimodal Completa y más;2.2500 gramos y más;1
46;1;2;4.25 a 29;5.32 a 36;3.Secundario/Polimodal Completa y más;2.2500 gramos y más;18
06;2;1;3.20 a 24;3.24 a 27;4.Sin especificar;1.Menos de 2500 gramos;1
70;2;2;4.25 a 29;5.32 a 36;3.Secundario/Polimodal Completa y más;1.Menos de 2500 gramos;1
02;1;1;3.20 a 24;5.32 a 36;3.Secundario/Polimodal Completa y más;1.Menos de 2500 gramos;23
38;1;2;3.20 a 24;5.32 a 36;1.Hasta Primaria/C.EGB Completa;1.Menos de 2500 gramos;2
26;1;2;5.30 a 34;5.32 a 36;4.Sin especificar;2.2500 gramos y más;2
06;2;2;6.35 a 39;6.37 a 41;4.Sin especificar;2.2500 gramos y más;7
86;1;1;7.40 a 44;6.37 a 41;3.Secundario/Polimodal Completa y más;2.2500 gramos y más;67
38;1;1;1.Menor de 15;6.37 a 41;2.Secundaria/Polimodal Incompleta;2.2500 gramos y más;10
46;2;1;3.20 a 24;3.24 a 27;1.Hasta Primaria/C.EGB Completa;1.Menos de 2500 gramos;1
06;1;2;6.35 a 39;5.32 a 36;1.Hasta Primaria/C.EGB Completa;2.2500 gramos y más;69
42;1;2;4.25 a 29;5.32 a 36;2.Secundaria/Polimodal Incompleta;2.2500 gramos y más;2
74;2;2;6.35 a 39;5.32 a 36;3.Secundario/Polimodal Completa y más;1.Menos de 2500 gramos;1
82;2;1;3.20 a 24;6.37 a 41;2.Secundaria/Polimodal Incompleta;1.Menos de 2500 gramos;4
34;2;1;3.20 a 24;4.28 a 31;3.Secundario/Polimodal Completa y más;1.Menos de 2500 gramos;2
82;1;2;7.40 a 44;6.37 a 41;2.Secundaria/Polimodal Incompleta;1.Menos de 2500 gramos;3
42;1;1;3.20 a 24;6.37 a 41;3.Secundario/Polimodal Completa y más;1.Menos de 2500 gramos;4
26;1;2;2.15 a 19;3.24 a 27;2.Secundaria/Polimodal Incompleta;1.Menos de 2500 gramos;1
82;1;1;6.35 a 39;4.28 a 31;3.Secundario/Polimodal Completa y más;2.2500 gramos y más;1
34;1;2;5.30 a 34;3.24 a 27;3.Secundario/Polimodal Completa y más;1.Menos de 2500 gramos;1
02;1;1;6.35 a 39;6.37 a 41;1.Hasta Primaria/C.EGB Completa;1.Menos de 2500 gramos;5
50;1;1;4.25 a 29;4.28 a 31;2.Secundaria/Polimodal Incompleta;1.Menos de 2500 gramos;7
26;1;1;8.De 45 y más;6.37 a 41;3.Secundario/Polimodal Completa y más;2.2500 gramos y más;5
66;1;2;6.35 a 39;8.Sin especificar;3.Secundario/Polimodal Completa y más;1.Menos de 2500 gramos;1
90;1;1;7.40 a 44;3.24 a 27;3.Secundario/Polimodal Completa y más;1.Menos de 2500 gramos;1
46;1;2;7.40 a 44;6.37 a 41;3.Secundario/Polimodal Completa y más;2.2500 gramos y más;62
02;1;2;3.20 a 24;4.28 a 31;3.Secundario/Polimodal Completa y más;1.Menos de 2500 gramos;4
06;1;1;5.30 a 34;5.32 a 36;4.Sin especificar;2.2500 gramos y más;92
06;1;2;9.Sin especificar;5.32 a 36;1.Hasta Primaria/C.EGB Completa;3.Sin especificar;2
06;1;1;6.35 a 39;7.42 y más;2.Secundaria/Polimodal Incompleta;2.2500 gramos y más;5
06;1;2;2.15 a 19;5.32 a 36;3.Secundario/Polimodal Completa y más;2.2500 gramos y más;34
54;2;1;4.25 a 29;5.32 a 36;3.Secundario/Polimodal Completa y más;1.Menos de 2500 gramos;4
54;1;2;3.20 a 24;5.32 a 36;1.Hasta Primaria/C.EGB Completa;2.2500 gramos y más;28
14;1;1;2.15 a 19;7.42 y más;2.Secundaria/Polimodal Incompleta;2.2500 gramos y más;5
99;9;1;3.20 a 24;6.37 a 41;4.Sin especificar;2.2500 gramos y más;5
74;1;1;4.25 a 29;8.Sin especificar;3.Secundario/Polimodal Completa y más;1.Menos de 2500 gramos;1
18;2;1;3.20 a 24;6.37 a 41;3.Secundario/Polimodal Completa y más;1.Menos de 2500 gramos;2
26;1;2;6.35 a 39;5.32 a 36;4.Sin especificar;2.2500 gramos y más;2
38;2;2;5.30 a 34;6.37 a 41;3.Secundario/Polimodal Completa y más;1.Menos de 2500 gramos;2
22;1;2;4.25 a 29;3.24 a 27;1.Hasta Primaria/C.EGB Completa;1.Menos de 2500 gramos;1
22;1;1;4.25 a 29;5.32 a 36;1.Hasta Primaria/C.EGB Completa;1.Menos de 2500 gramos;18
74;1;2;7.40 a 44;5.32 a 36;3.Secundario/Polimodal Completa y más;2.2500 gramos y más;4
34;1;1;6.35 a 39;5.32 a 36;4.Sin especificar;1.Menos de 2500 gramos;5
46;1;2;5.30 a 34;5.32 a 36;4.Sin especificar;2.2500 gramos y más;2
02;9;2;3.20 a 24;6.37 a 41;4.Sin especificar;2.2500 gramos y más;33
14;1;2;7.40 a 44;5.32 a 36;3.Secundario/Polimodal Completa y más;2.2500 gramos y más;24
26;1;1;4.25 a 29;6.37 a 41;1.Hasta Primaria/C.EGB Completa;2.2500 gramos y más;44
14;1;2;8.De 45 y más;6.37 a 41;2.Secundaria/Polimodal Incompleta;2.2500 gramos y más;11
22;9;2;6.35 a 39;8.Sin especificar;4.Sin especificar;2.2500 gramos y más;1
30;1;1;2.15 a 19;5.32 a 36;1.Hasta Primaria/C.EGB Completa;1.Menos de 2500 gramos;9
82;1;1;7.40 a 44;6.37 a 41;4.Sin especificar;2.2500 gramos y más;1
30;1;2;1.Menor de 15;8.Sin especificar;2.Secundaria/Polimodal Incompleta;2.2500 gramos y más;1
06;2;1;8.De 45 y más;5.32 a 36;1.Hasta Primaria/C.EGB Completa;1.Menos de 2500 gramos;5
82;2;1;4.25 a 29;6.37 a 41;3.Secundario/Polimodal Completa y más;1.Menos de 2500 gramos;3
34;1;1;4.25 a 29;4.28 a 31;3.Secundario/Polimodal Completa y más;1.Menos de 2500 gramos;9
62;1;1;3.20 a 24;7.42 y más;2.Secundaria/Polimodal Incompleta;2.2500 gramos y más;1
18;1;1;5.30 a 34;5.32 a 36;4.Sin especificar;2.2500 gramos y más;13
38;2;1;7.40 a 44;5.32 a 36;1.Hasta Primaria/C.EGB Completa;1.Menos de 2500 gramos;2
74;1;2;2.15 a 19;5.32 a 36;3.Secundario/Polimodal Completa y más;2.2500 gramos y más;3
46;1;2;3.20 a 24;5.32 a 36;2.Secundaria/Polimodal Incompleta;2.2500 gramos y más;1
62;2;1;4.25 a 29;6.37 a 41;3.Secundario/Polimodal Completa y más;1.Menos de 2500 gramos;1
78;1;2;3.20 a 24;6.37 a 41;3.Secundario/Polimodal Completa y más;1.Menos de 2500 gramos;7
90;1;1;6.35 a 39;6.37 a 41;2.Secundaria/Polimodal Incompleta;2.2500 gramos y más;119
34;1;1;5.30 a 34;6.37 a 41;3.Secundario/Polimodal Completa y más;2.2500 gramos y más;236
06;1;2;5.30 a 34;6.37 a 41;3.Secundario/Polimodal Completa y más;1.Menos de 2500 gramos;317
38;1;1;6.35 a 39;6.37 a 41;3.Secundario/Polimodal Completa y más;1.Menos de 2500 gramos;8
02;9;1;7.40 a 44;5.32 a 36;4.Sin especificar;2.2500 gramos y más;3
22;2;2;6.35 a 39;4.28 a 31;2.Secundaria/Polimodal Incompleta;1.Menos de 2500 gramos;2
99;1;2;3.20 a 24;6.37 a 41;2.Secundaria/Polimodal Incompleta;2.2500 gramos y más;2
06;2;1;4.25 a 29;3.24 a 27;4.Sin especificar;1.Menos de 2500 gramos;1
06;1;2;6.35 a 39;6.37 a 41;2.Secundaria/Polimodal Incompleta;1.Menos de 2500 gramos;38
86;1;2;2.15 a 19;4.28 a 31;3.Secundario/Polimodal Completa y más;1.Menos de 2500 gramos;3
06;1;2;9.Sin especificar;8.Sin especificar;4.Sin especificar;2.2500 gramos y más;7
46;1;2;6.35 a 39;6.37 a 41;3.Secundario/Polimodal Completa y más;2.2500 gramos y más;176
02;2;1;6.35 a 39;6.37 a 41;3.Secundario/Polimodal Completa y más;2.2500 gramos y más;29
14;1;1;8.De 45 y más;6.37 a 41;3.Secundario/Polimodal Completa y más;1.Menos de 2500 gramos;1
70;1;2;4.25 a 29;6.37 a 41;1.Hasta Primaria/C.EGB Completa;1.Menos de 2500 gramos;6
10;1;1;2.15 a 19;5.32 a 36;3.Secundario/Polimodal Completa y más;2.2500 gramos y más;3
90;2;1;4.25 a 29;5.32 a 36;2.Secundaria/Polimodal Incompleta;1.Menos de 2500 gramos;1
22;1;2;4.25 a 29;5.32 a 36;2.Secundaria/Polimodal Incompleta;2.2500 gramos y más;9
06;1;1;5.30 a 34;5.32 a 36;1.Hasta Primaria/C.EGB Completa;3.Sin especificar;6
78;1;2;2.15 a 19;4.28 a 31;1.Hasta Primaria/C.EGB Completa;1.Menos de 2500 gramos;1
82;1;1;3.20 a 24;3.24 a 27;1.Hasta Primaria/C.EGB Completa;1.Menos de 2500 gramos;7
10;2;2;6.35 a 39;6.37 a 41;3.Secundario/Polimodal Completa y más;1.Menos de 2500 gramos;1
06;1;2;9.Sin especificar;5.32 a 36;2.Secundaria/Polimodal Incompleta;3.Sin especificar;1
74;1;2;4.25 a 29;7.42 y más;4.Sin especificar;2.2500 gramos y más;1
22;1;2;7.40 a 44;5.32 a 36;2.Secundaria/Polimodal Incompleta;1.Menos de 2500 gramos;2
18;2;1;3.20 a 24;5.32 a 36;2.Secundaria/Polimodal Incompleta;1.Menos de 2500 gramos;5
46;1;1;6.35 a 39;6.37 a 41;3.Secundario/Polimodal Completa y más;1.Menos de 2500 gramos;4
26;1;2;1.Menor de 15;6.37 a 41;1.Hasta Primaria/C.EGB Completa;2.2500 gramos y más;1
26;2;2;5.30 a 34;6.37 a 41;3.Secundario/Polimodal Completa y más;1.Menos de 2500 gramos;1
02;9;1;6.35 a 39;6.37 a 41;4.Sin especificar;2.2500 gramos y más;103
62;2;2;4.25 a 29;5.32 a 36;2.Secundaria/Polimodal Incompleta;2.2500 gramos y más;1
90;1;1;5.30 a 34;7.42 y más;2.Secundaria/Polimodal Incompleta;2.2500 gramos y más;12
14;1;1;4.25 a 29;8.Sin especificar;3.Secundario/Polimodal Completa y más;1.Menos de 2500 gramos;1
10;1;1;5.30 a 34;8.Sin especificar;2.Secundaria/Polimodal Incompleta;2.2500 gramos y más;1
22;9;2;2.15 a 19;6.37 a 41;2.Secundaria/Polimodal Incompleta;2.2500 gramos y más;2
86;2;1;3.20 a 24;3.24 a 27;2.Secundaria/Polimodal Incompleta;1.Menos de 2500 gramos;1
10;1;1;5.30 a 34;8.Sin especificar;3.Secundario/Polimodal Completa y más;3.Sin especificar;1
18;1;2;3.20 a 24;3.24 a 27;2.Secundaria/Polimodal Incompleta;1.Menos de 2500 gramos;1
10;1;2;5.30 a 34;4.28 a 31;3.Secundario/Polimodal Completa y más;1.Menos de 2500 gramos;1
06;9;1;2.15 a 19;6.37 a 41;4.Sin especificar;1.Menos de 2500 gramos;1
02;1;2;1.Menor de 15;6.37 a 41;1.Hasta Primaria/C.EGB Completa;2.2500 gramos y más;1
54;1;1;3.20 a 24;6.37 a 41;2.Secundaria/Polimodal Incompleta;1.Menos de 2500 gramos;16
30;1;2;4.25 a 29;6.37 a 41;3.Secundario/Polimodal Completa y más;2.2500 gramos y más;1018
90;1;2;4.25 a 29;6.37 a 41;4.Sin especificar;2.2500 gramos y más;5
02;1;2;6.35 a 39;4.28 a 31;3.Secundario/Polimodal Completa y más;3.Sin especificar;1
74;1;1;5.30 a 34;6.37 a 41;4.Sin especificar;3.Sin especificar;1
34;2;2;5.30 a 34;5.32 a 36;4.Sin especificar;1.Menos de 2500 gramos;5
26;2;1;6.35 a 39;6.37 a 41;3.Secundario/Polimodal Completa y más;2.2500 gramos y más;5
10;1;2;5.30 a 34;5.32 a 36;1.Hasta Primaria/C.EGB Completa;1.Menos de 2500 gramos;1
06;2;1;2.15 a 19;5.32 a 36;3.Secundario/Polimodal Completa y más;2.2500 gramos y más;2
06;1;1;5.30 a 34;8.Sin especificar;3.Secundario/Polimodal Completa y más;2.2500 gramos y más;37
66;1;1;3.20 a 24;6.37 a 41;2.Secundaria/Polimodal Incompleta;3.Sin especificar;2
62;1;2;3.20 a 24;5.32 a 36;4.Sin especificar;1.Menos de 2500 gramos;5
06;1;2;6.35 a 39;8.Sin especificar;4.Sin especificar;3.Sin especificar;115
50;2;1;3.20 a 24;4.28 a 31;2.Secundaria/Polimodal Incompleta;1.Menos de 2500 gramos;3
74;2;1;5.30 a 34;5.32 a 36;3.Secundario/Polimodal Completa y más;1.Menos de 2500 gramos;11
66;1;2;3.20 a 24;5.32 a 36;2.Secundaria/Polimodal Incompleta;1.Menos de 2500 gramos;24
22;1;1;2.15 a 19;3.24 a 27;1.Hasta Primaria/C.EGB Completa;1.Menos de 2500 gramos;1
74;1;1;5.30 a 34;4.28 a 31;1.Hasta Primaria/C.EGB Completa;1.Menos de 2500 gramos;1
78;1;1;2.15 a 19;5.32 a 36;3.Secundario/Polimodal Completa y más;1.Menos de 2500 gramos;2
66;1;2;7.40 a 44;6.37 a 41;3.Secundario/Polimodal Completa y más;1.Menos de 2500 gramos;1
90;1;2;3.20 a 24;5.32 a 36;2.Secundaria/Polimodal Incompleta;1.Menos de 2500 gramos;18
70;2;1;3.20 a 24;4.28 a 31;1.Hasta Primaria/C.EGB Completa;1.Menos de 2500 gramos;1
30;1;2;6.35 a 39;3.24 a 27;4.Sin especificar;1.Menos de 2500 gramos;1
18;1;1;5.30 a 34;6.37 a 41;1.Hasta Primaria/C.EGB Completa;2.2500 gramos y más;189
42;1;1;8.De 45 y más;6.37 a 41;2.Secundaria/Polimodal Incompleta;2.2500 gramos y más;1
22;1;2;6.35 a 39;5.32 a 36;2.Secundaria/Polimodal Incompleta;1.Menos de 2500 gramos;7
66;1;1;5.30 a 34;7.42 y más;1.Hasta Primaria/C.EGB Completa;2.2500 gramos y más;2
74;1;1;5.30 a 34;7.42 y más;1.Hasta Primaria/C.EGB Completa;2.2500 gramos y más;1
78;1;2;4.25 a 29;5.32 a 36;1.Hasta Primaria/C.EGB Completa;1.Menos de 2500 gramos;1
82;1;1;4.25 a 29;2.22 a 23;2.Secundaria/Polimodal Incompleta;1.Menos de 2500 gramos;1
86;2;2;3.20 a 24;5.32 a 36;1.Hasta Primaria/C.EGB Completa;1.Menos de 2500 gramos;3
18;2;1;3.20 a 24;6.37 a 41;1.Hasta Primaria/C.EGB Completa;1.Menos de 2500 gramos;3
18;1;2;3.20 a 24;6.37 a 41;3.Secundario/Polimodal Completa y más;1.Menos de 2500 gramos;22
30;1;1;3.20 a 24;7.42 y más;1.Hasta Primaria/C.EGB Completa;2.2500 gramos y más;2
82;1;1;5.30 a 34;4.28 a 31;3.Secundario/Polimodal Completa y más;2.2500 gramos y más;1
02;1;2;5.30 a 34;8.Sin especificar;4.Sin especificar;3.Sin especificar;1
06;2;2;3.20 a 24;4.28 a 31;2.Secundaria/Polimodal Incompleta;1.Menos de 2500 gramos;5
90;1;1;6.35 a 39;3.24 a 27;3.Secundario/Polimodal Completa y más;1.Menos de 2500 gramos;4
74;1;1;6.35 a 39;4.28 a 31;3.Secundario/Polimodal Completa y más;1.Menos de 2500 gramos;3
06;1;2;7.40 a 44;8.Sin especificar;4.Sin especificar;3.Sin especificar;40
70;2;1;5.30 a 34;3.24 a 27;1.Hasta Primaria/C.EGB Completa;1.Menos de 2500 gramos;1
82;2;2;6.35 a 39;5.32 a 36;3.Secundario/Polimodal Completa y más;2.2500 gramos y más;11
58;1;2;6.35 a 39;2.22 a 23;2.Secundaria/Polimodal Incompleta;1.Menos de 2500 gramos;1
99;9;1;7.40 a 44;6.37 a 41;4.Sin especificar;2.2500 gramos y más;2
54;1;2;2.15 a 19;6.37 a 41;4.Sin especificar;1.Menos de 2500 gramos;3
66;1;1;6.35 a 39;7.42 y más;3.Secundario/Polimodal Completa y más;2.2500 gramos y más;1
82;1;2;5.30 a 34;3.24 a 27;1.Hasta Primaria/C.EGB Completa;1.Menos de 2500 gramos;4
86;1;1;4.25 a 29;8.Sin especificar;3.Secundario/Polimodal Completa y más;1.Menos de 2500 gramos;2
14;2;1;8.De 45 y más;5.32 a 36;3.Secundario/Polimodal Completa y más;1.Menos de 2500 gramos;2
38;1;2;7.40 a 44;6.37 a 41;3.Secundario/Polimodal Completa y más;2.2500 gramos y más;110
58;1;2;6.35 a 39;7.42 y más;3.Secundario/Polimodal Completa y más;2.2500 gramos y más;1
90;2;1;7.40 a 44;6.37 a 41;3.Secundario/Polimodal Completa y más;1.Menos de 2500 gramos;2
30;2;1;4.25 a 29;4.28 a 31;3.Secundario/Polimodal Completa y más;1.Menos de 2500 gramos;2
82;1;2;6.35 a 39;5.32 a 36;2.Secundaria/Polimodal Incompleta;2.2500 gramos y más;9
06;2;2;2.15 a 19;5.32 a 36;2.Secundaria/Polimodal Incompleta;1.Menos de 2500 gramos;13
82;1;1;2.15 a 19;6.37 a 41;4.Sin especificar;2.2500 gramos y más;18
82;1;2;7.40 a 44;6.37 a 41;1.Hasta Primaria/C.EGB Completa;2.2500 gramos y más;127
54;1;1;4.25 a 29;6.37 a 41;2.Secundaria/Polimodal Incompleta;1.Menos de 2500 gramos;18
42;1;2;5.30 a 34;6.37 a 41;3.Secundario/Polimodal Completa y más;1.Menos de 2500 gramos;2
58;1;2;3.20 a 24;5.32 a 36;1.Hasta Primaria/C.EGB Completa;2.2500 gramos y más;3
54;1;2;4.25 a 29;4.28 a 31;4.Sin especificar;1.Menos de 2500 gramos;1
54;1;2;3.20 a 24;6.37 a 41;3.Secundario/Polimodal Completa y más;1.Menos de 2500 gramos;35
02;2;2;8.De 45 y más;5.32 a 36;3.Secundario/Polimodal Completa y más;1.Menos de 2500 gramos;3
06;2;9;3.20 a 24;6.37 a 41;2.Secundaria/Polimodal Incompleta;2.2500 gramos y más;2
86;1;1;2.15 a 19;5.32 a 36;3.Secundario/Polimodal Completa y más;1.Menos de 2500 gramos;3
66;1;1;3.20 a 24;6.37 a 41;3.Secundario/Polimodal Completa y más;1.Menos de 2500 gramos;26
82;2;2;5.30 a 34;5.32 a 36;2.Secundaria/Polimodal Incompleta;1.Menos de 2500 gramos;11
26;1;1;7.40 a 44;5.32 a 36;2.Secundaria/Polimodal Incompleta;1.Menos de 2500 gramos;1
46;1;2;3.20 a 24;6.37 a 41;1.Hasta Primaria/C.EGB Completa;2.2500 gramos y más;71
66;1;1;3.20 a 24;8.Sin especificar;1.Hasta Primaria/C.EGB Completa;2.2500 gramos y más;10
62;2;2;6.35 a 39;6.37 a 41;3.Secundario/Polimodal Completa y más;1.Menos de 2500 gramos;1
22;9;2;5.30 a 34;6.37 a 41;3.Secundario/Polimodal Completa y más;2.2500 gramos y más;2
30;1;2;4.25 a 29;8.Sin especificar;3.Secundario/Polimodal Completa y más;2.2500 gramos y más;13
10;1;2;6.35 a 39;6.37 a 41;2.Secundaria/Polimodal Incompleta;2.2500 gramos y más;24
14;1;2;2.15 a 19;7.42 y más;1.Hasta Primaria/C.EGB Completa;2.2500 gramos y más;2
58;2;1;4.25 a 29;4.28 a 31;4.Sin especificar;1.Menos de 2500 gramos;1
06;1;2;3.20 a 24;5.32 a 36;2.Secundaria/Polimodal Incompleta;1.Menos de 2500 gramos;161
06;2;2;6.35 a 39;5.32 a 36;3.Secundario/Polimodal Completa y más;1.Menos de 2500 gramos;90
22;1;1;1.Menor de 15;6.37 a 41;1.Hasta Primaria/C.EGB Completa;1.Menos de 2500 gramos;2
82;1;2;7.40 a 44;5.32 a 36;2.Secundaria/Polimodal Incompleta;2.2500 gramos y más;7
06;1;2;4.25 a 29;8.Sin especificar;4.Sin especificar;2.2500 gramos y más;15
26;1;1;6.35 a 39;6.37 a 41;4.Sin especificar;2.2500 gramos y más;58
06;1;1;7.40 a 44;6.37 a 41;1.Hasta Primaria/C.EGB Completa;2.2500 gramos y más;552
54;1;2;5.30 a 34;4.28 a 31;1.Hasta Primaria/C.EGB Completa;1.Menos de 2500 gramos;1
26;1;1;3.20 a 24;5.32 a 36;3.Secundario/Polimodal Completa y más;1.Menos de 2500 gramos;4
38;1;1;4.25 a 29;6.37 a 41;1.Hasta Primaria/C.EGB Completa;2.2500 gramos y más;87
46;1;1;7.40 a 44;5.32 a 36;2.Secundaria/Polimodal Incompleta;1.Menos de 2500 gramos;1
30;2;1;7.40 a 44;6.37 a 41;1.Hasta Primaria/C.EGB Completa;1.Menos de 2500 gramos;1
10;1;2;6.35 a 39;5.32 a 36;3.Secundario/Polimodal Completa y más;1.Menos de 2500 gramos;8
46;2;2;5.30 a 34;5.32 a 36;3.Secundario/Polimodal Completa y más;2.2500 gramos y más;1
06;2;1;5.30 a 34;6.37 a 41;4.Sin especificar;2.2500 gramos y más;16
14;2;1;6.35 a 39;5.32 a 36;1.Hasta Primaria/C.EGB Completa;2.2500 gramos y más;2
82;1;1;5.30 a 34;6.37 a 41;1.Hasta Primaria/C.EGB Completa;3.Sin especificar;1
90;1;1;6.35 a 39;7.42 y más;2.Secundaria/Polimodal Incompleta;2.2500 gramos y más;3
99;1;2;5.30 a 34;6.37 a 41;2.Secundaria/Polimodal Incompleta;2.2500 gramos y más;3
34;1;2;5.30 a 34;8.Sin especificar;3.Secundario/Polimodal Completa y más;2.2500 gramos y más;1
58;1;1;7.40 a 44;5.32 a 36;3.Secundario/Polimodal Completa y más;1.Menos de 2500 gramos;6
02;1;1;5.30 a 34;7.42 y más;4.Sin especificar;2.2500 gramos y más;2
58;1;2;2.15 a 19;5.32 a 36;2.Secundaria/Polimodal Incompleta;2.2500 gramos y más;8
22;1;2;7.40 a 44;5.32 a 36;4.Sin especificar;1.Menos de 2500 gramos;1
82;2;2;5.30 a 34;5.32 a 36;1.Hasta Primaria/C.EGB Completa;2.2500 gramos y más;2
22;1;9;4.25 a 29;6.37 a 41;3.Secundario/Polimodal Completa y más;2.2500 gramos y más;1
06;1;9;9.Sin especificar;5.32 a 36;3.Secundario/Polimodal Completa y más;1.Menos de 2500 gramos;1
06;1;2;7.40 a 44;5.32 a 36;1.Hasta Primaria/C.EGB Completa;2.2500 gramos y más;29
70;1;1;5.30 a 34;6.37 a 41;2.Secundaria/Polimodal Incompleta;2.2500 gramos y más;213
06;2;1;5.30 a 34;5.32 a 36;2.Secundaria/Polimodal Incompleta;1.Menos de 2500 gramos;25
90;2;1;3.20 a 24;6.37 a 41;1.Hasta Primaria/C.EGB Completa;1.Menos de 2500 gramos;1
30;2;1;4.25 a 29;5.32 a 36;2.Secundaria/Polimodal Incompleta;2.2500 gramos y más;1
94;1;2;4.25 a 29;5.32 a 36;2.Secundaria/Polimodal Incompleta;2.2500 gramos y más;1
99;1;2;3.20 a 24;5.32 a 36;4.Sin especificar;2.2500 gramos y más;1
30;1;2;6.35 a 39;5.32 a 36;1.Hasta Primaria/C.EGB Completa;2.2500 gramos y más;2
06;1;2;6.35 a 39;6.37 a 41;4.Sin especificar;1.Menos de 2500 gramos;43
82;1;2;5.30 a 34;8.Sin especificar;1.Hasta Primaria/C.EGB Completa;2.2500 gramos y más;2
74;1;2;3.20 a 24;6.37 a 41;4.Sin especificar;2.2500 gramos y más;14
66;2;2;3.20 a 24;6.37 a 41;1.Hasta Primaria/C.EGB Completa;2.2500 gramos y más;2
06;1;1;8.De 45 y más;6.37 a 41;2.Secundaria/Polimodal Incompleta;3.Sin especificar;1
82;1;2;6.35 a 39;5.32 a 36;3.Secundario/Polimodal Completa y más;1.Menos de 2500 gramos;86
62;1;1;4.25 a 29;3.24 a 27;1.Hasta Primaria/C.EGB Completa;1.Menos de 2500 gramos;1
06;1;2;3.20 a 24;5.32 a 36;2.Secundaria/Polimodal Incompleta;3.Sin especificar;3
18;1;2;4.25 a 29;7.42 y más;4.Sin especificar;2.2500 gramos y más;5
70;1;1;3.20 a 24;3.24 a 27;1.Hasta Primaria/C.EGB Completa;1.Menos de 2500 gramos;2
02;1;1;5.30 a 34;4.28 a 31;2.Secundaria/Polimodal Incompleta;1.Menos de 2500 gramos;3
06;1;2;3.20 a 24;6.37 a 41;3.Secundario/Polimodal Completa y más;3.Sin especificar;63
02;1;1;7.40 a 44;8.Sin especificar;2.Secundaria/Polimodal Incompleta;2.2500 gramos y más;1
50;1;2;5.30 a 34;6.37 a 41;1.Hasta Primaria/C.EGB Completa;2.2500 gramos y más;239
06;1;1;5.30 a 34;8.Sin especificar;1.Hasta Primaria/C.EGB Completa;2.2500 gramos y más;9
78;1;1;6.35 a 39;5.32 a 36;1.Hasta Primaria/C.EGB Completa;1.Menos de 2500 gramos;2
90;2;2;5.30 a 34;6.37 a 41;2.Secundaria/Polimodal Incompleta;2.2500 gramos y más;3
54;1;1;6.35 a 39;6.37 a 41;1.Hasta Primaria/C.EGB Completa;2.2500 gramos y más;306
30;1;2;4.25 a 29;6.37 a 41;1.Hasta Primaria/C.EGB Completa;2.2500 gramos y más;335
82;2;1;6.35 a 39;1.Menos de 22;3.Secundario/Polimodal Completa y más;1.Menos de 2500 gramos;1
70;1;1;7.40 a 44;5.32 a 36;2.Secundaria/Polimodal Incompleta;1.Menos de 2500 gramos;2
90;1;2;4.25 a 29;5.32 a 36;2.Secundaria/Polimodal Incompleta;1.Menos de 2500 gramos;10
22;1;2;4.25 a 29;8.Sin especificar;3.Secundario/Polimodal Completa y más;2.2500 gramos y más;1
90;1;2;8.De 45 y más;5.32 a 36;3.Secundario/Polimodal Completa y más;1.Menos de 2500 gramos;1
66;1;2;2.15 a 19;8.Sin especificar;1.Hasta Primaria/C.EGB Completa;2.2500 gramos y más;7
74;2;2;7.40 a 44;5.32 a 36;3.Secundario/Polimodal Completa y más;1.Menos de 2500 gramos;2
06;1;1;1.Menor de 15;6.37 a 41;4.Sin especificar;3.Sin especificar;2
06;2;1;6.35 a 39;4.28 a 31;1.Hasta Primaria/C.EGB Completa;1.Menos de 2500 gramos;3
30;1;1;2.15 a 19;6.37 a 41;1.Hasta Primaria/C.EGB Completa;2.2500 gramos y más;199
02;1;2;7.40 a 44;6.37 a 41;2.Secundaria/Polimodal Incompleta;1.Menos de 2500 gramos;4
18;1;1;7.40 a 44;6.37 a 41;1.Hasta Primaria/C.EGB Completa;2.2500 gramos y más;43
34;1;1;6.35 a 39;6.37 a 41;1.Hasta Primaria/C.EGB Completa;1.Menos de 2500 gramos;4
62;1;1;5.30 a 34;6.37 a 41;3.Secundario/Polimodal Completa y más;2.2500 gramos y más;524
86;1;2;5.30 a 34;5.32 a 36;4.Sin especificar;1.Menos de 2500 gramos;1
86;1;1;2.15 a 19;5.32 a 36;1.Hasta Primaria/C.EGB Completa;1.Menos de 2500 gramos;15
82;2;2;6.35 a 39;6.37 a 41;3.Secundario/Polimodal Completa y más;1.Menos de 2500 gramos;11
74;1;1;5.30 a 34;5.32 a 36;1.Hasta Primaria/C.EGB Completa;2.2500 gramos y más;5
30;1;1;8.De 45 y más;5.32 a 36;3.Secundario/Polimodal Completa y más;1.Menos de 2500 gramos;3
54;1;2;7.40 a 44;6.37 a 41;2.Secundaria/Polimodal Incompleta;1.Menos de 2500 gramos;1
82;2;1;5.30 a 34;2.22 a 23;2.Secundaria/Polimodal Incompleta;1.Menos de 2500 gramos;1
54;1;1;6.35 a 39;3.24 a 27;3.Secundario/Polimodal Completa y más;1.Menos de 2500 gramos;1
82;1;1;4.25 a 29;6.37 a 41;1.Hasta Primaria/C.EGB Completa;2.2500 gramos y más;953
30;1;1;3.20 a 24;6.37 a 41;1.Hasta Primaria/C.EGB Completa;1.Menos de 2500 gramos;9
14;2;1;4.25 a 29;6.37 a 41;3.Secundario/Polimodal Completa y más;2.2500 gramos y más;24
14;1;1;3.20 a 24;8.Sin especificar;1.Hasta Primaria/C.EGB Completa;2.2500 gramos y más;1
34;1;2;6.35 a 39;6.37 a 41;1.Hasta Primaria/C.EGB Completa;2.2500 gramos y más;86
18;1;1;6.35 a 39;3.24 a 27;1.Hasta Primaria/C.EGB Completa;1.Menos de 2500 gramos;1
86;1;1;4.25 a 29;6.37 a 41;3.Secundario/Polimodal Completa y más;1.Menos de 2500 gramos;8
94;1;1;5.30 a 34;5.32 a 36;2.Secundaria/Polimodal Incompleta;1.Menos de 2500 gramos;1
10;1;1;3.20 a 24;6.37 a 41;3.Secundario/Polimodal Completa y más;2.2500 gramos y más;331
42;1;2;4.25 a 29;6.37 a 41;1.Hasta Primaria/C.EGB Completa;2.2500 gramos y más;28
82;1;2;5.30 a 34;2.22 a 23;2.Secundaria/Polimodal Incompleta;1.Menos de 2500 gramos;1
22;1;1;9.Sin especificar;6.37 a 41;1.Hasta Primaria/C.EGB Completa;3.Sin especificar;2
02;1;2;4.25 a 29;5.32 a 36;1.Hasta Primaria/C.EGB Completa;2.2500 gramos y más;3
06;1;9;5.30 a 34;4.28 a 31;1.Hasta Primaria/C.EGB Completa;1.Menos de 2500 gramos;1
54;2;1;5.30 a 34;6.37 a 41;2.Secundaria/Polimodal Incompleta;1.Menos de 2500 gramos;1
70;2;1;6.35 a 39;5.32 a 36;3.Secundario/Polimodal Completa y más;1.Menos de 2500 gramos;6
90;1;1;1.Menor de 15;6.37 a 41;1.Hasta Primaria/C.EGB Completa;2.2500 gramos y más;5
58;1;1;3.20 a 24;5.32 a 36;1.Hasta Primaria/C.EGB Completa;1.Menos de 2500 gramos;2
26;2;2;5.30 a 34;6.37 a 41;4.Sin especificar;2.2500 gramos y más;1
22;1;2;3.20 a 24;8.Sin especificar;1.Hasta Primaria/C.EGB Completa;3.Sin especificar;1
18;1;1;2.15 a 19;5.32 a 36;3.Secundario/Polimodal Completa y más;1.Menos de 2500 gramos;6
62;1;2;7.40 a 44;5.32 a 36;2.Secundaria/Polimodal Incompleta;2.2500 gramos y más;1
18;1;2;8.De 45 y más;4.28 a 31;4.Sin especificar;1.Menos de 2500 gramos;1
14;1;1;5.30 a 34;8.Sin especificar;1.Hasta Primaria/C.EGB Completa;2.2500 gramos y más;1
58;1;2;4.25 a 29;6.37 a 41;4.Sin especificar;2.2500 gramos y más;5
10;1;2;1.Menor de 15;6.37 a 41;1.Hasta Primaria/C.EGB Completa;2.2500 gramos y más;3
30;1;1;4.25 a 29;5.32 a 36;2.Secundaria/Polimodal Incompleta;1.Menos de 2500 gramos;12
22;2;2;7.40 a 44;4.28 a 31;1.Hasta Primaria/C.EGB Completa;1.Menos de 2500 gramos;1
02;2;1;4.25 a 29;5.32 a 36;1.Hasta Primaria/C.EGB Completa;2.2500 gramos y más;1
90;2;2;1.Menor de 15;4.28 a 31;2.Secundaria/Polimodal Incompleta;1.Menos de 2500 gramos;2
86;1;2;2.15 a 19;4.28 a 31;1.Hasta Primaria/C.EGB Completa;1.Menos de 2500 gramos;2
70;1;2;3.20 a 24;6.37 a 41;2.Secundaria/Polimodal Incompleta;1.Menos de 2500 gramos;14
22;2;2;5.30 a 34;4.28 a 31;3.Secundario/Polimodal Completa y más;1.Menos de 2500 gramos;1
30;2;1;8.De 45 y más;6.37 a 41;3.Secundario/Polimodal Completa y más;2.2500 gramos y más;1
66;1;2;7.40 a 44;5.32 a 36;1.Hasta Primaria/C.EGB Completa;2.2500 gramos y más;3
62;1;1;3.20 a 24;5.32 a 36;3.Secundario/Polimodal Completa y más;1.Menos de 2500 gramos;11
06;2;2;5.30 a 34;3.24 a 27;2.Secundaria/Polimodal Incompleta;1.Menos de 2500 gramos;3
62;1;1;5.30 a 34;6.37 a 41;1.Hasta Primaria/C.EGB Completa;2.2500 gramos y más;85
06;1;2;7.40 a 44;6.37 a 41;2.Secundaria/Polimodal Incompleta;1.Menos de 2500 gramos;13
82;1;1;2.15 a 19;4.28 a 31;2.Secundaria/Polimodal Incompleta;2.2500 gramos y más;1
14;1;1;6.35 a 39;7.42 y más;2.Secundaria/Polimodal Incompleta;2.2500 gramos y más;3
99;1;1;9.Sin especificar;8.Sin especificar;1.Hasta Primaria/C.EGB Completa;3.Sin especificar;1
50;2;2;7.40 a 44;4.28 a 31;3.Secundario/Polimodal Completa y más;1.Menos de 2500 gramos;2
82;1;2;6.35 a 39;3.24 a 27;3.Secundario/Polimodal Completa y más;1.Menos de 2500 gramos;1
10;1;2;6.35 a 39;6.37 a 41;3.Secundario/Polimodal Completa y más;2.2500 gramos y más;212
06;9;1;2.15 a 19;5.32 a 36;4.Sin especificar;2.2500 gramos y más;1
14;1;2;7.40 a 44;6.37 a 41;2.Secundaria/Polimodal Incompleta;1.Menos de 2500 gramos;2
30;1;2;2.15 a 19;5.32 a 36;1.Hasta Primaria/C.EGB Completa;2.2500 gramos y más;2
94;1;2;3.20 a 24;6.37 a 41;2.Secundaria/Polimodal Incompleta;2.2500 gramos y más;43
82;2;2;5.30 a 34;5.32 a 36;3.Secundario/Polimodal Completa y más;2.2500 gramos y más;11
78;2;2;4.25 a 29;5.32 a 36;1.Hasta Primaria/C.EGB Completa;2.2500 gramos y más;2
02;1;1;8.De 45 y más;5.32 a 36;2.Secundaria/Polimodal Incompleta;2.2500 gramos y más;1
22;2;1;4.25 a 29;6.37 a 41;3.Secundario/Polimodal Completa y más;2.2500 gramos y más;4
50;1;2;7.40 a 44;5.32 a 36;3.Secundario/Polimodal Completa y más;1.Menos de 2500 gramos;14
18;2;1;3.20 a 24;6.37 a 41;4.Sin especificar;2.2500 gramos y más;1
06;9;1;7.40 a 44;6.37 a 41;4.Sin especificar;3.Sin especificar;1
58;1;1;6.35 a 39;6.37 a 41;3.Secundario/Polimodal Completa y más;2.2500 gramos y más;441
38;2;1;6.35 a 39;6.37 a 41;3.Secundario/Polimodal Completa y más;2.2500 gramos y más;3
10;1;1;5.30 a 34;3.24 a 27;3.Secundario/Polimodal Completa y más;1.Menos de 2500 gramos;4
70;2;2;6.35 a 39;6.37 a 41;3.Secundario/Polimodal Completa y más;1.Menos de 2500 gramos;1
78;2;2;2.15 a 19;6.37 a 41;3.Secundario/Polimodal Completa y más;1.Menos de 2500 gramos;2
86;1;1;3.20 a 24;6.37 a 41;2.Secundaria/Polimodal Incompleta;1.Menos de 2500 gramos;6
10;1;1;2.15 a 19;2.22 a 23;3.Secundario/Polimodal Completa y más;1.Menos de 2500 gramos;1
34;1;2;6.35 a 39;6.37 a 41;3.Secundario/Polimodal Completa y más;2.2500 gramos y más;117
74;1;2;4.25 a 29;4.28 a 31;3.Secundario/Polimodal Completa y más;1.Menos de 2500 gramos;2
06;1;2;3.20 a 24;8.Sin especificar;3.Secundario/Polimodal Completa y más;3.Sin especificar;12
38;1;2;5.30 a 34;4.28 a 31;1.Hasta Primaria/C.EGB Completa;1.Menos de 2500 gramos;1
90;1;2;5.30 a 34;7.42 y más;2.Secundaria/Polimodal Incompleta;1.Menos de 2500 gramos;1
06;1;2;2.15 a 19;3.24 a 27;1.Hasta Primaria/C.EGB Completa;1.Menos de 2500 gramos;2
06;1;2;1.Menor de 15;3.24 a 27;4.Sin especificar;1.Menos de 2500 gramos;1
82;1;2;8.De 45 y más;5.32 a 36;2.Secundaria/Polimodal Incompleta;1.Menos de 2500 gramos;1
54;1;1;5.30 a 34;6.37 a 41;3.Secundario/Polimodal Completa y más;2.2500 gramos y más;910
90;1;2;3.20 a 24;6.37 a 41;1.Hasta Primaria/C.EGB Completa;1.Menos de 2500 gramos;18
30;1;2;1.Menor de 15;8.Sin especificar;1.Hasta Primaria/C.EGB Completa;3.Sin especificar;1
82;2;2;2.15 a 19;6.37 a 41;1.Hasta Primaria/C.EGB Completa;2.2500 gramos y más;1
58;1;1;5.30 a 34;6.37 a 41;1.Hasta Primaria/C.EGB Completa;2.2500 gramos y más;72
22;9;1;4.25 a 29;6.37 a 41;3.Secundario/Polimodal Completa y más;2.2500 gramos y más;1
74;1;1;4.25 a 29;5.32 a 36;4.Sin especificar;1.Menos de 2500 gramos;2
46;2;1;4.25 a 29;5.32 a 36;3.Secundario/Polimodal Completa y más;2.2500 gramos y más;2
54;1;1;2.15 a 19;8.Sin especificar;2.Secundaria/Polimodal Incompleta;2.2500 gramos y más;1
50;1;1;5.30 a 34;5.32 a 36;1.Hasta Primaria/C.EGB Completa;2.2500 gramos y más;5
74;1;1;4.25 a 29;6.37 a 41;3.Secundario/Polimodal Completa y más;1.Menos de 2500 gramos;6
66;2;2;7.40 a 44;5.32 a 36;3.Secundario/Polimodal Completa y más;1.Menos de 2500 gramos;6
10;2;1;4.25 a 29;5.32 a 36;1.Hasta Primaria/C.EGB Completa;2.2500 gramos y más;1
06;1;1;5.30 a 34;8.Sin especificar;4.Sin especificar;1.Menos de 2500 gramos;2
58;1;1;2.15 a 19;6.37 a 41;3.Secundario/Polimodal Completa y más;1.Menos de 2500 gramos;2
58;1;2;7.40 a 44;6.37 a 41;1.Hasta Primaria/C.EGB Completa;2.2500 gramos y más;26
26;1;2;4.25 a 29;6.37 a 41;2.Secundaria/Polimodal Incompleta;1.Menos de 2500 gramos;4
42;1;2;4.25 a 29;3.24 a 27;3.Secundario/Polimodal Completa y más;1.Menos de 2500 gramos;1
30;2;1;7.40 a 44;5.32 a 36;1.Hasta Primaria/C.EGB Completa;2.2500 gramos y más;1
22;9;2;3.20 a 24;6.37 a 41;1.Hasta Primaria/C.EGB Completa;2.2500 gramos y más;4
06;1;1;6.35 a 39;7.42 y más;4.Sin especificar;2.2500 gramos y más;6
50;1;1;5.30 a 34;2.22 a 23;3.Secundario/Polimodal Completa y más;1.Menos de 2500 gramos;1
38;1;1;5.30 a 34;5.32 a 36;2.Secundaria/Polimodal Incompleta;1.Menos de 2500 gramos;1
34;1;2;7.40 a 44;5.32 a 36;1.Hasta Primaria/C.EGB Completa;1.Menos de 2500 gramos;1
14;2;2;3.20 a 24;6.37 a 41;3.Secundario/Polimodal Completa y más;2.2500 gramos y más;3
70;1;2;7.40 a 44;6.37 a 41;3.Secundario/Polimodal Completa y más;2.2500 gramos y más;99
34;1;1;2.15 a 19;6.37 a 41;3.Secundario/Polimodal Completa y más;1.Menos de 2500 gramos;2
82;2;2;4.25 a 29;5.32 a 36;3.Secundario/Polimodal Completa y más;1.Menos de 2500 gramos;30
06;1;1;1.Menor de 15;5.32 a 36;2.Secundaria/Polimodal Incompleta;2.2500 gramos y más;9
22;2;1;3.20 a 24;5.32 a 36;2.Secundaria/Polimodal Incompleta;1.Menos de 2500 gramos;4
34;1;2;4.25 a 29;5.32 a 36;4.Sin especificar;1.Menos de 2500 gramos;5
54;2;2;3.20 a 24;5.32 a 36;1.Hasta Primaria/C.EGB Completa;1.Menos de 2500 gramos;1
82;2;1;4.25 a 29;5.32 a 36;1.Hasta Primaria/C.EGB Completa;2.2500 gramos y más;3
06;1;9;4.25 a 29;4.28 a 31;4.Sin especificar;1.Menos de 2500 gramos;1
54;1;1;3.20 a 24;5.32 a 36;2.Secundaria/Polimodal Incompleta;2.2500 gramos y más;29
06;1;1;2.15 a 19;8.Sin especificar;1.Hasta Primaria/C.EGB Completa;3.Sin especificar;1
62;1;2;2.15 a 19;8.Sin especificar;2.Secundaria/Polimodal Incompleta;2.2500 gramos y más;1
06;9;1;9.Sin especificar;6.37 a 41;4.Sin especificar;2.2500 gramos y más;1
90;1;2;1.Menor de 15;6.37 a 41;1.Hasta Primaria/C.EGB Completa;1.Menos de 2500 gramos;1
22;1;2;3.20 a 24;3.24 a 27;2.Secundaria/Polimodal Incompleta;1.Menos de 2500 gramos;1
14;2;2;4.25 a 29;5.32 a 36;2.Secundaria/Polimodal Incompleta;2.2500 gramos y más;4
74;1;1;3.20 a 24;8.Sin especificar;2.Secundaria/Polimodal Incompleta;3.Sin especificar;1
62;1;2;4.25 a 29;8.Sin especificar;4.Sin especificar;2.2500 gramos y más;2
06;1;2;7.40 a 44;6.37 a 41;3.Secundario/Polimodal Completa y más;3.Sin especificar;11
06;2;1;2.15 a 19;8.Sin especificar;1.Hasta Primaria/C.EGB Completa;2.2500 gramos y más;2
06;1;1;4.25 a 29;5.32 a 36;4.Sin especificar;1.Menos de 2500 gramos;83
06;1;2;2.15 a 19;5.32 a 36;3.Secundario/Polimodal Completa y más;3.Sin especificar;1
18;1;1;3.20 a 24;7.42 y más;2.Secundaria/Polimodal Incompleta;1.Menos de 2500 gramos;1
22;2;1;5.30 a 34;5.32 a 36;3.Secundario/Polimodal Completa y más;1.Menos de 2500 gramos;11
30;1;2;2.15 a 19;6.37 a 41;2.Secundaria/Polimodal Incompleta;3.Sin especificar;1
30;2;2;3.20 a 24;5.32 a 36;2.Secundaria/Polimodal Incompleta;2.2500 gramos y más;1
22;1;1;6.35 a 39;4.28 a 31;3.Secundario/Polimodal Completa y más;1.Menos de 2500 gramos;2
06;1;9;4.25 a 29;6.37 a 41;2.Secundaria/Polimodal Incompleta;2.2500 gramos y más;30
62;1;2;5.30 a 34;4.28 a 31;1.Hasta Primaria/C.EGB Completa;1.Menos de 2500 gramos;1
54;1;2;7.40 a 44;6.37 a 41;4.Sin especificar;1.Menos de 2500 gramos;1
18;2;2;7.40 a 44;5.32 a 36;3.Secundario/Polimodal Completa y más;1.Menos de 2500 gramos;2
90;1;1;4.25 a 29;6.37 a 41;3.Secundario/Polimodal Completa y más;1.Menos de 2500 gramos;22
90;1;2;6.35 a 39;7.42 y más;1.Hasta Primaria/C.EGB Completa;2.2500 gramos y más;8
22;1;2;5.30 a 34;6.37 a 41;1.Hasta Primaria/C.EGB Completa;3.Sin especificar;1
74;2;1;5.30 a 34;5.32 a 36;2.Secundaria/Polimodal Incompleta;1.Menos de 2500 gramos;2
14;2;2;6.35 a 39;6.37 a 41;2.Secundaria/Polimodal Incompleta;2.2500 gramos y más;5
66;1;1;7.40 a 44;3.24 a 27;3.Secundario/Polimodal Completa y más;1.Menos de 2500 gramos;1
54;1;1;2.15 a 19;7.42 y más;2.Secundaria/Polimodal Incompleta;2.2500 gramos y más;7
58;1;1;3.20 a 24;6.37 a 41;3.Secundario/Polimodal Completa y más;2.2500 gramos y más;341
30;1;1;4.25 a 29;8.Sin especificar;3.Secundario/Polimodal Completa y más;3.Sin especificar;1
06;1;9;6.35 a 39;4.28 a 31;3.Secundario/Polimodal Completa y más;1.Menos de 2500 gramos;1
06;1;1;3.20 a 24;5.32 a 36;3.Secundario/Polimodal Completa y más;2.2500 gramos y más;286
42;2;1;3.20 a 24;6.37 a 41;2.Secundaria/Polimodal Incompleta;2.2500 gramos y más;1
30;1;1;6.35 a 39;4.28 a 31;3.Secundario/Polimodal Completa y más;1.Menos de 2500 gramos;8
66;1;1;4.25 a 29;5.32 a 36;2.Secundaria/Polimodal Incompleta;1.Menos de 2500 gramos;7
30;1;2;5.30 a 34;6.37 a 41;4.Sin especificar;2.2500 gramos y más;10
38;1;1;3.20 a 24;3.24 a 27;3.Secundario/Polimodal Completa y más;1.Menos de 2500 gramos;1
58;1;1;1.Menor de 15;6.37 a 41;1.Hasta Primaria/C.EGB Completa;2.2500 gramos y más;3
22;9;2;3.20 a 24;5.32 a 36;4.Sin especificar;2.2500 gramos y más;1
50;1;1;2.15 a 19;6.37 a 41;2.Secundaria/Polimodal Incompleta;1.Menos de 2500 gramos;10
22;2;1;5.30 a 34;4.28 a 31;2.Secundaria/Polimodal Incompleta;1.Menos de 2500 gramos;1
66;1;2;5.30 a 34;8.Sin especificar;2.Secundaria/Polimodal Incompleta;3.Sin especificar;1
74;2;2;8.De 45 y más;4.28 a 31;3.Secundario/Polimodal Completa y más;1.Menos de 2500 gramos;1
86;1;2;6.35 a 39;5.32 a 36;2.Secundaria/Polimodal Incompleta;2.2500 gramos y más;8
06;2;2;3.20 a 24;5.32 a 36;1.Hasta Primaria/C.EGB Completa;1.Menos de 2500 gramos;14
99;1;2;4.25 a 29;6.37 a 41;4.Sin especificar;1.Menos de 2500 gramos;1
58;1;2;3.20 a 24;6.37 a 41;2.Secundaria/Polimodal Incompleta;1.Menos de 2500 gramos;10
62;1;1;3.20 a 24;7.42 y más;3.Secundario/Polimodal Completa y más;2.2500 gramos y más;1
10;1;1;5.30 a 34;8.Sin especificar;4.Sin especificar;2.2500 gramos y más;1
82;1;2;1.Menor de 15;4.28 a 31;1.Hasta Primaria/C.EGB Completa;1.Menos de 2500 gramos;2
42;1;1;3.20 a 24;5.32 a 36;1.Hasta Primaria/C.EGB Completa;2.2500 gramos y más;2
54;1;1;5.30 a 34;4.28 a 31;3.Secundario/Polimodal Completa y más;1.Menos de 2500 gramos;4
62;2;2;4.25 a 29;5.32 a 36;3.Secundario/Polimodal Completa y más;1.Menos de 2500 gramos;3
06;1;1;2.15 a 19;4.28 a 31;4.Sin especificar;3.Sin especificar;2
46;2;2;5.30 a 34;6.37 a 41;3.Secundario/Polimodal Completa y más;1.Menos de 2500 gramos;1
50;1;1;5.30 a 34;6.37 a 41;3.Secundario/Polimodal Completa y más;1.Menos de 2500 gramos;26
30;1;2;3.20 a 24;8.Sin especificar;2.Secundaria/Polimodal Incompleta;2.2500 gramos y más;10
22;1;1;6.35 a 39;8.Sin especificar;1.Hasta Primaria/C.EGB Completa;2.2500 gramos y más;1
34;1;2;2.15 a 19;5.32 a 36;1.Hasta Primaria/C.EGB Completa;1.Menos de 2500 gramos;3
06;1;9;2.15 a 19;5.32 a 36;2.Secundaria/Polimodal Incompleta;2.2500 gramos y más;1
58;1;1;6.35 a 39;4.28 a 31;2.Secundaria/Polimodal Incompleta;1.Menos de 2500 gramos;1
58;1;2;5.30 a 34;4.28 a 31;2.Secundaria/Polimodal Incompleta;2.2500 gramos y más;1
38;1;2;6.35 a 39;3.24 a 27;3.Secundario/Polimodal Completa y más;1.Menos de 2500 gramos;4
06;1;9;2.15 a 19;6.37 a 41;4.Sin especificar;1.Menos de 2500 gramos;2
34;1;1;5.30 a 34;6.37 a 41;2.Secundaria/Polimodal Incompleta;2.2500 gramos y más;92
94;1;2;6.35 a 39;5.32 a 36;2.Secundaria/Polimodal Incompleta;1.Menos de 2500 gramos;1
42;1;1;4.25 a 29;5.32 a 36;2.Secundaria/Polimodal Incompleta;1.Menos de 2500 gramos;7
30;1;2;8.De 45 y más;6.37 a 41;3.Secundario/Polimodal Completa y más;2.2500 gramos y más;8
14;2;2;4.25 a 29;6.37 a 41;2.Secundaria/Polimodal Incompleta;1.Menos de 2500 gramos;9
02;2;2;4.25 a 29;5.32 a 36;1.Hasta Primaria/C.EGB Completa;1.Menos de 2500 gramos;7
78;1;1;7.40 a 44;5.32 a 36;2.Secundaria/Polimodal Incompleta;2.2500 gramos y más;1
50;1;2;6.35 a 39;6.37 a 41;2.Secundaria/Polimodal Incompleta;2.2500 gramos y más;233
98;1;1;4.25 a 29;6.37 a 41;3.Secundario/Polimodal Completa y más;2.2500 gramos y más;4
94;1;2;4.25 a 29;6.37 a 41;1.Hasta Primaria/C.EGB Completa;2.2500 gramos y más;8
14;1;2;6.35 a 39;5.32 a 36;3.Secundario/Polimodal Completa y más;2.2500 gramos y más;66
54;1;1;6.35 a 39;6.37 a 41;2.Secundaria/Polimodal Incompleta;2.2500 gramos y más;123
30;1;1;7.40 a 44;4.28 a 31;3.Secundario/Polimodal Completa y más;1.Menos de 2500 gramos;3
10;2;2;6.35 a 39;6.37 a 41;2.Secundaria/Polimodal Incompleta;1.Menos de 2500 gramos;1
26;2;1;7.40 a 44;5.32 a 36;1.Hasta Primaria/C.EGB Completa;1.Menos de 2500 gramos;1
82;2;1;8.De 45 y más;5.32 a 36;3.Secundario/Polimodal Completa y más;2.2500 gramos y más;1
02;1;2;4.25 a 29;6.37 a 41;3.Secundario/Polimodal Completa y más;1.Menos de 2500 gramos;35
70;1;1;2.15 a 19;5.32 a 36;2.Secundaria/Polimodal Incompleta;1.Menos de 2500 gramos;20
74;1;1;3.20 a 24;7.42 y más;3.Secundario/Polimodal Completa y más;2.2500 gramos y más;15
06;1;1;3.20 a 24;6.37 a 41;3.Secundario/Polimodal Completa y más;1.Menos de 2500 gramos;155
78;1;2;2.15 a 19;6.37 a 41;2.Secundaria/Polimodal Incompleta;1.Menos de 2500 gramos;1
06;1;1;3.20 a 24;2.22 a 23;3.Secundario/Polimodal Completa y más;1.Menos de 2500 gramos;1
10;1;2;4.25 a 29;5.32 a 36;4.Sin especificar;1.Menos de 2500 gramos;1
50;1;2;4.25 a 29;7.42 y más;1.Hasta Primaria/C.EGB Completa;2.2500 gramos y más;1
22;1;1;2.15 a 19;8.Sin especificar;3.Secundario/Polimodal Completa y más;2.2500 gramos y más;2
22;1;2;2.15 a 19;5.32 a 36;1.Hasta Primaria/C.EGB Completa;2.2500 gramos y más;13
94;9;1;5.30 a 34;6.37 a 41;4.Sin especificar;2.2500 gramos y más;1
14;1;2;4.25 a 29;6.37 a 41;3.Secundario/Polimodal Completa y más;2.2500 gramos y más;2980
02;9;1;5.30 a 34;5.32 a 36;4.Sin especificar;2.2500 gramos y más;3
86;1;2;2.15 a 19;7.42 y más;2.Secundaria/Polimodal Incompleta;2.2500 gramos y más;1
06;2;1;6.35 a 39;5.32 a 36;3.Secundario/Polimodal Completa y más;2.2500 gramos y más;31
58;2;2;4.25 a 29;5.32 a 36;1.Hasta Primaria/C.EGB Completa;1.Menos de 2500 gramos;2
62;1;2;6.35 a 39;5.32 a 36;2.Secundaria/Polimodal Incompleta;2.2500 gramos y más;3
54;1;2;7.40 a 44;5.32 a 36;2.Secundaria/Polimodal Incompleta;2.2500 gramos y más;2
14;1;2;7.40 a 44;6.37 a 41;1.Hasta Primaria/C.EGB Completa;1.Menos de 2500 gramos;4
82;1;2;7.40 a 44;4.28 a 31;2.Secundaria/Polimodal Incompleta;1.Menos de 2500 gramos;2
02;2;1;5.30 a 34;4.28 a 31;3.Secundario/Polimodal Completa y más;1.Menos de 2500 gramos;2
06;1;1;7.40 a 44;8.Sin especificar;4.Sin especificar;1.Menos de 2500 gramos;1
50;2;2;6.35 a 39;5.32 a 36;2.Secundaria/Polimodal Incompleta;2.2500 gramos y más;1
10;1;1;2.15 a 19;6.37 a 41;2.Secundaria/Polimodal Incompleta;3.Sin especificar;1
18;1;2;1.Menor de 15;5.32 a 36;1.Hasta Primaria/C.EGB Completa;2.2500 gramos y más;1
54;1;1;3.20 a 24;3.24 a 27;1.Hasta Primaria/C.EGB Completa;1.Menos de 2500 gramos;2
18;1;2;6.35 a 39;5.32 a 36;3.Secundario/Polimodal Completa y más;2.2500 gramos y más;16
06;1;9;4.25 a 29;5.32 a 36;3.Secundario/Polimodal Completa y más;1.Menos de 2500 gramos;2
06;1;2;6.35 a 39;5.32 a 36;2.Secundaria/Polimodal Incompleta;2.2500 gramos y más;65
10;1;1;6.35 a 39;6.37 a 41;3.Secundario/Polimodal Completa y más;3.Sin especificar;2
82;1;2;7.40 a 44;5.32 a 36;4.Sin especificar;2.2500 gramos y más;1
34;1;1;4.25 a 29;6.37 a 41;1.Hasta Primaria/C.EGB Completa;2.2500 gramos y más;199
46;1;2;5.30 a 34;6.37 a 41;1.Hasta Primaria/C.EGB Completa;2.2500 gramos y más;62
70;1;1;4.25 a 29;6.37 a 41;2.Secundaria/Polimodal Incompleta;1.Menos de 2500 gramos;11
22;1;1;8.De 45 y más;6.37 a 41;2.Secundaria/Polimodal Incompleta;2.2500 gramos y más;1
86;1;1;5.30 a 34;4.28 a 31;3.Secundario/Polimodal Completa y más;1.Menos de 2500 gramos;4
66;1;1;6.35 a 39;3.24 a 27;3.Secundario/Polimodal Completa y más;1.Menos de 2500 gramos;2
02;9;1;3.20 a 24;6.37 a 41;4.Sin especificar;1.Menos de 2500 gramos;1
74;1;1;2.15 a 19;5.32 a 36;1.Hasta Primaria/C.EGB Completa;1.Menos de 2500 gramos;1
66;1;2;6.35 a 39;4.28 a 31;1.Hasta Primaria/C.EGB Completa;1.Menos de 2500 gramos;2
50;1;1;1.Menor de 15;6.37 a 41;2.Secundaria/Polimodal Incompleta;2.2500 gramos y más;16
06;2;2;5.30 a 34;5.32 a 36;3.Secundario/Polimodal Completa y más;3.Sin especificar;1
38;1;2;5.30 a 34;6.37 a 41;1.Hasta Primaria/C.EGB Completa;2.2500 gramos y más;96
66;1;1;4.25 a 29;6.37 a 41;1.Hasta Primaria/C.EGB Completa;1.Menos de 2500 gramos;6
06;2;1;7.40 a 44;6.37 a 41;3.Secundario/Polimodal Completa y más;1.Menos de 2500 gramos;8
46;1;1;3.20 a 24;5.32 a 36;2.Secundaria/Polimodal Incompleta;1.Menos de 2500 gramos;4
30;1;2;4.25 a 29;5.32 a 36;4.Sin especificar;2.2500 gramos y más;1
06;1;1;5.30 a 34;6.37 a 41;1.Hasta Primaria/C.EGB Completa;2.2500 gramos y más;2497
38;1;1;2.15 a 19;6.37 a 41;2.Secundaria/Polimodal Incompleta;1.Menos de 2500 gramos;7
70;2;2;5.30 a 34;6.37 a 41;3.Secundario/Polimodal Completa y más;1.Menos de 2500 gramos;3
10;1;2;6.35 a 39;7.42 y más;3.Secundario/Polimodal Completa y más;2.2500 gramos y más;1
54;2;1;3.20 a 24;5.32 a 36;1.Hasta Primaria/C.EGB Completa;2.2500 gramos y más;1
06;2;2;9.Sin especificar;6.37 a 41;4.Sin especificar;3.Sin especificar;1
62;1;2;3.20 a 24;6.37 a 41;2.Secundaria/Polimodal Incompleta;1.Menos de 2500 gramos;5
70;2;2;6.35 a 39;5.32 a 36;3.Secundario/Polimodal Completa y más;2.2500 gramos y más;1
46;1;2;4.25 a 29;5.32 a 36;2.Secundaria/Polimodal Incompleta;2.2500 gramos y más;5
26;1;1;4.25 a 29;3.24 a 27;3.Secundario/Polimodal Completa y más;1.Menos de 2500 gramos;2
62;1;1;3.20 a 24;5.32 a 36;4.Sin especificar;2.2500 gramos y más;9
02;1;2;8.De 45 y más;5.32 a 36;3.Secundario/Polimodal Completa y más;2.2500 gramos y más;6
90;2;1;5.30 a 34;4.28 a 31;1.Hasta Primaria/C.EGB Completa;1.Menos de 2500 gramos;2
42;1;2;2.15 a 19;5.32 a 36;1.Hasta Primaria/C.EGB Completa;2.2500 gramos y más;1
78;1;2;4.25 a 29;6.37 a 41;3.Secundario/Polimodal Completa y más;2.2500 gramos y más;249
22;1;2;9.Sin especificar;6.37 a 41;3.Secundario/Polimodal Completa y más;2.2500 gramos y más;10
70;1;2;3.20 a 24;5.32 a 36;2.Secundaria/Polimodal Incompleta;2.2500 gramos y más;8
14;9;1;4.25 a 29;6.37 a 41;4.Sin especificar;2.2500 gramos y más;1
46;1;1;6.35 a 39;5.32 a 36;2.Secundaria/Polimodal Incompleta;1.Menos de 2500 gramos;1
06;1;1;6.35 a 39;5.32 a 36;1.Hasta Primaria/C.EGB Completa;3.Sin especificar;5
54;1;1;4.25 a 29;5.32 a 36;1.Hasta Primaria/C.EGB Completa;2.2500 gramos y más;44
82;2;1;5.30 a 34;5.32 a 36;1.Hasta Primaria/C.EGB Completa;1.Menos de 2500 gramos;8
10;1;2;5.30 a 34;7.42 y más;3.Secundario/Polimodal Completa y más;2.2500 gramos y más;1
90;1;1;4.25 a 29;5.32 a 36;3.Secundario/Polimodal Completa y más;2.2500 gramos y más;124
26;1;2;5.30 a 34;6.37 a 41;4.Sin especificar;1.Menos de 2500 gramos;1
74;2;2;4.25 a 29;5.32 a 36;2.Secundaria/Polimodal Incompleta;2.2500 gramos y más;1
58;1;1;5.30 a 34;3.24 a 27;3.Secundario/Polimodal Completa y más;1.Menos de 2500 gramos;2
06;1;1;8.De 45 y más;6.37 a 41;3.Secundario/Polimodal Completa y más;1.Menos de 2500 gramos;7
22;1;1;6.35 a 39;5.32 a 36;3.Secundario/Polimodal Completa y más;2.2500 gramos y más;30
02;1;2;6.35 a 39;8.Sin especificar;3.Secundario/Polimodal Completa y más;2.2500 gramos y más;2
66;1;1;3.20 a 24;7.42 y más;1.Hasta Primaria/C.EGB Completa;2.2500 gramos y más;4
34;2;2;4.25 a 29;5.32 a 36;4.Sin especificar;2.2500 gramos y más;2
54;1;1;1.Menor de 15;5.32 a 36;2.Secundaria/Polimodal Incompleta;2.2500 gramos y más;4
90;1;2;8.De 45 y más;6.37 a 41;4.Sin especificar;2.2500 gramos y más;1
58;1;2;2.15 a 19;4.28 a 31;2.Secundaria/Polimodal Incompleta;1.Menos de 2500 gramos;3
54;1;2;5.30 a 34;5.32 a 36;1.Hasta Primaria/C.EGB Completa;2.2500 gramos y más;16
90;2;2;4.25 a 29;5.32 a 36;2.Secundaria/Polimodal Incompleta;2.2500 gramos y más;1
30;1;1;5.30 a 34;5.32 a 36;3.Secundario/Polimodal Completa y más;2.2500 gramos y más;41
66;1;2;3.20 a 24;3.24 a 27;2.Secundaria/Polimodal Incompleta;1.Menos de 2500 gramos;1
58;1;2;4.25 a 29;6.37 a 41;3.Secundario/Polimodal Completa y más;3.Sin especificar;1
10;1;2;3.20 a 24;6.37 a 41;2.Secundaria/Polimodal Incompleta;1.Menos de 2500 gramos;6
66;1;2;3.20 a 24;8.Sin especificar;1.Hasta Primaria/C.EGB Completa;1.Menos de 2500 gramos;1
26;1;2;4.25 a 29;5.32 a 36;3.Secundario/Polimodal Completa y más;2.2500 gramos y más;16
26;1;1;7.40 a 44;6.37 a 41;2.Secundaria/Polimodal Incompleta;2.2500 gramos y más;16
14;1;1;6.35 a 39;4.28 a 31;3.Secundario/Polimodal Completa y más;1.Menos de 2500 gramos;12
18;1;1;2.15 a 19;6.37 a 41;2.Secundaria/Polimodal Incompleta;2.2500 gramos y más;356
90;1;2;4.25 a 29;5.32 a 36;1.Hasta Primaria/C.EGB Completa;1.Menos de 2500 gramos;14
62;1;1;3.20 a 24;6.37 a 41;1.Hasta Primaria/C.EGB Completa;2.2500 gramos y más;90
14;1;1;2.15 a 19;3.24 a 27;3.Secundario/Polimodal Completa y más;1.Menos de 2500 gramos;1
54;1;1;2.15 a 19;5.32 a 36;4.Sin especificar;1.Menos de 2500 gramos;4
22;1;2;4.25 a 29;4.28 a 31;3.Secundario/Polimodal Completa y más;1.Menos de 2500 gramos;5
50;9;2;5.30 a 34;8.Sin especificar;4.Sin especificar;3.Sin especificar;1
78;1;1;7.40 a 44;6.37 a 41;1.Hasta Primaria/C.EGB Completa;2.2500 gramos y más;12
86;1;2;5.30 a 34;6.37 a 41;3.Secundario/Polimodal Completa y más;1.Menos de 2500 gramos;16
54;1;1;3.20 a 24;6.37 a 41;4.Sin especificar;1.Menos de 2500 gramos;2
06;9;9;6.35 a 39;8.Sin especificar;4.Sin especificar;3.Sin especificar;3
58;2;2;3.20 a 24;6.37 a 41;2.Secundaria/Polimodal Incompleta;2.2500 gramos y más;1
06;1;2;6.35 a 39;2.22 a 23;1.Hasta Primaria/C.EGB Completa;1.Menos de 2500 gramos;1
30;1;2;6.35 a 39;6.37 a 41;1.Hasta Primaria/C.EGB Completa;1.Menos de 2500 gramos;8
82;1;1;6.35 a 39;5.32 a 36;1.Hasta Primaria/C.EGB Completa;2.2500 gramos y más;32
74;1;2;3.20 a 24;3.24 a 27;2.Secundaria/Polimodal Incompleta;1.Menos de 2500 gramos;1
06;1;1;6.35 a 39;5.32 a 36;1.Hasta Primaria/C.EGB Completa;1.Menos de 2500 gramos;67
82;2;1;7.40 a 44;4.28 a 31;2.Secundaria/Polimodal Incompleta;1.Menos de 2500 gramos;2
70;1;1;4.25 a 29;5.32 a 36;3.Secundario/Polimodal Completa y más;2.2500 gramos y más;13
86;1;2;5.30 a 34;5.32 a 36;1.Hasta Primaria/C.EGB Completa;2.2500 gramos y más;45
06;1;2;3.20 a 24;8.Sin especificar;4.Sin especificar;2.2500 gramos y más;8
82;1;2;7.40 a 44;4.28 a 31;1.Hasta Primaria/C.EGB Completa;1.Menos de 2500 gramos;2
06;1;2;2.15 a 19;8.Sin especificar;4.Sin especificar;3.Sin especificar;123
99;1;2;4.25 a 29;5.32 a 36;4.Sin especificar;2.2500 gramos y más;1
54;1;2;5.30 a 34;2.22 a 23;3.Secundario/Polimodal Completa y más;1.Menos de 2500 gramos;1
66;1;1;8.De 45 y más;6.37 a 41;3.Secundario/Polimodal Completa y más;1.Menos de 2500 gramos;1
66;1;2;4.25 a 29;5.32 a 36;3.Secundario/Polimodal Completa y más;3.Sin especificar;1
82;1;2;3.20 a 24;7.42 y más;1.Hasta Primaria/C.EGB Completa;2.2500 gramos y más;10
18;1;1;2.15 a 19;5.32 a 36;4.Sin especificar;2.2500 gramos y más;15
82;1;1;3.20 a 24;6.37 a 41;3.Secundario/Polimodal Completa y más;2.2500 gramos y más;1592
30;1;1;6.35 a 39;7.42 y más;1.Hasta Primaria/C.EGB Completa;2.2500 gramos y más;2
94;1;1;8.De 45 y más;6.37 a 41;2.Secundaria/Polimodal Incompleta;2.2500 gramos y más;1
54;1;1;6.35 a 39;7.42 y más;4.Sin especificar;2.2500 gramos y más;1
30;2;2;3.20 a 24;6.37 a 41;2.Secundaria/Polimodal Incompleta;1.Menos de 2500 gramos;5
94;1;2;3.20 a 24;5.32 a 36;1.Hasta Primaria/C.EGB Completa;1.Menos de 2500 gramos;1
06;1;1;3.20 a 24;6.37 a 41;4.Sin especificar;3.Sin especificar;55
66;2;2;2.15 a 19;6.37 a 41;1.Hasta Primaria/C.EGB Completa;1.Menos de 2500 gramos;1
30;2;2;5.30 a 34;5.32 a 36;2.Secundaria/Polimodal Incompleta;2.2500 gramos y más;4
46;1;2;2.15 a 19;5.32 a 36;2.Secundaria/Polimodal Incompleta;1.Menos de 2500 gramos;5
46;1;2;2.15 a 19;6.37 a 41;1.Hasta Primaria/C.EGB Completa;1.Menos de 2500 gramos;2
62;1;1;5.30 a 34;5.32 a 36;3.Secundario/Polimodal Completa y más;1.Menos de 2500 gramos;18
02;1;1;7.40 a 44;6.37 a 41;2.Secundaria/Polimodal Incompleta;2.2500 gramos y más;71
06;1;2;8.De 45 y más;5.32 a 36;1.Hasta Primaria/C.EGB Completa;1.Menos de 2500 gramos;5
02;1;2;6.35 a 39;3.24 a 27;3.Secundario/Polimodal Completa y más;1.Menos de 2500 gramos;2
18;1;2;2.15 a 19;4.28 a 31;3.Secundario/Polimodal Completa y más;1.Menos de 2500 gramos;1
74;1;1;4.25 a 29;8.Sin especificar;1.Hasta Primaria/C.EGB Completa;3.Sin especificar;1
14;2;2;3.20 a 24;6.37 a 41;1.Hasta Primaria/C.EGB Completa;2.2500 gramos y más;1
78;1;2;3.20 a 24;5.32 a 36;2.Secundaria/Polimodal Incompleta;1.Menos de 2500 gramos;4
78;1;1;5.30 a 34;6.37 a 41;2.Secundaria/Polimodal Incompleta;1.Menos de 2500 gramos;2
34;1;1;4.25 a 29;5.32 a 36;1.Hasta Primaria/C.EGB Completa;1.Menos de 2500 gramos;5
86;2;2;5.30 a 34;6.37 a 41;3.Secundario/Polimodal Completa y más;2.2500 gramos y más;1
10;2;2;5.30 a 34;6.37 a 41;2.Secundaria/Polimodal Incompleta;1.Menos de 2500 gramos;1
02;1;1;5.30 a 34;6.37 a 41;2.Secundaria/Polimodal Incompleta;2.2500 gramos y más;315
06;1;2;4.25 a 29;7.42 y más;1.Hasta Primaria/C.EGB Completa;1.Menos de 2500 gramos;1
06;1;1;3.20 a 24;8.Sin especificar;4.Sin especificar;3.Sin especificar;253
18;2;2;3.20 a 24;6.37 a 41;3.Secundario/Polimodal Completa y más;2.2500 gramos y más;6
22;1;1;5.30 a 34;6.37 a 41;2.Secundaria/Polimodal Incompleta;1.Menos de 2500 gramos;6
02;1;2;8.De 45 y más;6.37 a 41;2.Secundaria/Polimodal Incompleta;3.Sin especificar;1
14;2;2;6.35 a 39;5.32 a 36;2.Secundaria/Polimodal Incompleta;1.Menos de 2500 gramos;8
74;2;2;2.15 a 19;5.32 a 36;2.Secundaria/Polimodal Incompleta;1.Menos de 2500 gramos;2
42;1;2;3.20 a 24;6.37 a 41;3.Secundario/Polimodal Completa y más;2.2500 gramos y más;240
54;1;2;5.30 a 34;5.32 a 36;4.Sin especificar;1.Menos de 2500 gramos;3
98;1;2;3.20 a 24;6.37 a 41;3.Secundario/Polimodal Completa y más;2.2500 gramos y más;5
82;1;1;6.35 a 39;8.Sin especificar;3.Secundario/Polimodal Completa y más;1.Menos de 2500 gramos;1
22;1;1;7.40 a 44;5.32 a 36;3.Secundario/Polimodal Completa y más;2.2500 gramos y más;7
14;1;1;3.20 a 24;5.32 a 36;3.Secundario/Polimodal Completa y más;2.2500 gramos y más;59
34;1;1;3.20 a 24;3.24 a 27;3.Secundario/Polimodal Completa y más;1.Menos de 2500 gramos;2
22;9;2;4.25 a 29;5.32 a 36;3.Secundario/Polimodal Completa y más;2.2500 gramos y más;1
10;1;2;6.35 a 39;5.32 a 36;3.Secundario/Polimodal Completa y más;3.Sin especificar;1
38;1;2;4.25 a 29;5.32 a 36;2.Secundaria/Polimodal Incompleta;1.Menos de 2500 gramos;7
06;1;2;2.15 a 19;4.28 a 31;2.Secundaria/Polimodal Incompleta;2.2500 gramos y más;1
30;1;2;3.20 a 24;6.37 a 41;1.Hasta Primaria/C.EGB Completa;3.Sin especificar;1
06;1;1;8.De 45 y más;8.Sin especificar;2.Secundaria/Polimodal Incompleta;3.Sin especificar;1
06;1;1;5.30 a 34;8.Sin especificar;2.Secundaria/Polimodal Incompleta;1.Menos de 2500 gramos;3
94;1;2;4.25 a 29;3.24 a 27;3.Secundario/Polimodal Completa y más;1.Menos de 2500 gramos;1
06;1;2;6.35 a 39;4.28 a 31;4.Sin especificar;2.2500 gramos y más;1
62;1;1;2.15 a 19;8.Sin especificar;3.Secundario/Polimodal Completa y más;3.Sin especificar;1
82;1;2;5.30 a 34;4.28 a 31;3.Secundario/Polimodal Completa y más;1.Menos de 2500 gramos;23
62;1;2;6.35 a 39;6.37 a 41;2.Secundaria/Polimodal Incompleta;1.Menos de 2500 gramos;3
02;1;2;3.20 a 24;4.28 a 31;1.Hasta Primaria/C.EGB Completa;1.Menos de 2500 gramos;2
62;2;1;6.35 a 39;1.Menos de 22;3.Secundario/Polimodal Completa y más;1.Menos de 2500 gramos;1
54;1;2;7.40 a 44;7.42 y más;1.Hasta Primaria/C.EGB Completa;2.2500 gramos y más;1
82;2;1;3.20 a 24;5.32 a 36;2.Secundaria/Polimodal Incompleta;2.2500 gramos y más;2
14;1;1;2.15 a 19;5.32 a 36;1.Hasta Primaria/C.EGB Completa;1.Menos de 2500 gramos;12
86;1;1;7.40 a 44;5.32 a 36;1.Hasta Primaria/C.EGB Completa;1.Menos de 2500 gramos;6
46;1;1;8.De 45 y más;6.37 a 41;2.Secundaria/Polimodal Incompleta;2.2500 gramos y más;1
99;9;2;9.Sin especificar;6.37 a 41;4.Sin especificar;3.Sin especificar;1
38;1;1;7.40 a 44;5.32 a 36;3.Secundario/Polimodal Completa y más;1.Menos de 2500 gramos;3
30;1;1;5.30 a 34;4.28 a 31;1.Hasta Primaria/C.EGB Completa;1.Menos de 2500 gramos;1
50;1;1;4.25 a 29;5.32 a 36;1.Hasta Primaria/C.EGB Completa;1.Menos de 2500 gramos;10
66;1;2;4.25 a 29;4.28 a 31;2.Secundaria/Polimodal Incompleta;1.Menos de 2500 gramos;1
06;1;2;1.Menor de 15;6.37 a 41;1.Hasta Primaria/C.EGB Completa;1.Menos de 2500 gramos;2
66;1;2;5.30 a 34;6.37 a 41;3.Secundario/Polimodal Completa y más;1.Menos de 2500 gramos;32
30;1;1;3.20 a 24;5.32 a 36;2.Secundaria/Polimodal Incompleta;1.Menos de 2500 gramos;13
94;1;2;7.40 a 44;6.37 a 41;2.Secundaria/Polimodal Incompleta;2.2500 gramos y más;3
30;1;2;8.De 45 y más;5.32 a 36;1.Hasta Primaria/C.EGB Completa;1.Menos de 2500 gramos;1
14;1;1;7.40 a 44;3.24 a 27;1.Hasta Primaria/C.EGB Completa;1.Menos de 2500 gramos;1
66;1;2;2.15 a 19;7.42 y más;1.Hasta Primaria/C.EGB Completa;2.2500 gramos y más;1
14;1;1;6.35 a 39;5.32 a 36;2.Secundaria/Polimodal Incompleta;2.2500 gramos y más;17
30;1;1;3.20 a 24;6.37 a 41;3.Secundario/Polimodal Completa y más;1.Menos de 2500 gramos;16
90;2;2;6.35 a 39;5.32 a 36;1.Hasta Primaria/C.EGB Completa;2.2500 gramos y más;2
99;1;2;3.20 a 24;6.37 a 41;1.Hasta Primaria/C.EGB Completa;2.2500 gramos y más;1
86;2;1;4.25 a 29;6.37 a 41;2.Secundaria/Polimodal Incompleta;2.2500 gramos y más;2
06;1;2;4.25 a 29;3.24 a 27;4.Sin especificar;1.Menos de 2500 gramos;4
18;1;1;7.40 a 44;5.32 a 36;1.Hasta Primaria/C.EGB Completa;1.Menos de 2500 gramos;2
18;1;2;5.30 a 34;6.37 a 41;4.Sin especificar;2.2500 gramos y más;256
26;1;1;3.20 a 24;6.37 a 41;2.Secundaria/Polimodal Incompleta;2.2500 gramos y más;190
14;1;1;6.35 a 39;6.37 a 41;3.Secundario/Polimodal Completa y más;2.2500 gramos y más;2461
46;1;1;5.30 a 34;6.37 a 41;4.Sin especificar;2.2500 gramos y más;1
46;1;1;7.40 a 44;6.37 a 41;3.Secundario/Polimodal Completa y más;1.Menos de 2500 gramos;4
30;1;1;6.35 a 39;6.37 a 41;2.Secundaria/Polimodal Incompleta;1.Menos de 2500 gramos;4
54;2;1;5.30 a 34;5.32 a 36;1.Hasta Primaria/C.EGB Completa;2.2500 gramos y más;2
54;2;1;2.15 a 19;6.37 a 41;1.Hasta Primaria/C.EGB Completa;2.2500 gramos y más;1
74;1;2;3.20 a 24;6.37 a 41;1.Hasta Primaria/C.EGB Completa;1.Menos de 2500 gramos;2
10;1;2;7.40 a 44;6.37 a 41;3.Secundario/Polimodal Completa y más;2.2500 gramos y más;47
54;2;2;6.35 a 39;6.37 a 41;1.Hasta Primaria/C.EGB Completa;1.Menos de 2500 gramos;4
14;1;1;4.25 a 29;6.37 a 41;1.Hasta Primaria/C.EGB Completa;1.Menos de 2500 gramos;16
74;1;1;2.15 a 19;4.28 a 31;2.Secundaria/Polimodal Incompleta;1.Menos de 2500 gramos;3
06;2;1;4.25 a 29;6.37 a 41;3.Secundario/Polimodal Completa y más;2.2500 gramos y más;51
06;2;2;3.20 a 24;6.37 a 41;4.Sin especificar;1.Menos de 2500 gramos;3
82;2;2;8.De 45 y más;6.37 a 41;3.Secundario/Polimodal Completa y más;2.2500 gramos y más;1
22;2;2;3.20 a 24;4.28 a 31;3.Secundario/Polimodal Completa y más;1.Menos de 2500 gramos;2
02;9;1;5.30 a 34;6.37 a 41;4.Sin especificar;1.Menos de 2500 gramos;2
14;2;1;2.15 a 19;5.32 a 36;3.Secundario/Polimodal Completa y más;2.2500 gramos y más;1
99;1;1;5.30 a 34;6.37 a 41;4.Sin especificar;2.2500 gramos y más;6
90;1;2;5.30 a 34;2.22 a 23;1.Hasta Primaria/C.EGB Completa;1.Menos de 2500 gramos;2
90;1;1;7.40 a 44;5.32 a 36;3.Secundario/Polimodal Completa y más;1.Menos de 2500 gramos;15
58;1;1;5.30 a 34;4.28 a 31;2.Secundaria/Polimodal Incompleta;1.Menos de 2500 gramos;3
30;1;1;3.20 a 24;6.37 a 41;2.Secundaria/Polimodal Incompleta;3.Sin especificar;2
02;1;1;2.15 a 19;6.37 a 41;4.Sin especificar;2.2500 gramos y más;9
82;2;2;4.25 a 29;3.24 a 27;3.Secundario/Polimodal Completa y más;1.Menos de 2500 gramos;1
06;1;2;9.Sin especificar;5.32 a 36;3.Secundario/Polimodal Completa y más;3.Sin especificar;1
02;2;1;7.40 a 44;5.32 a 36;2.Secundaria/Polimodal Incompleta;2.2500 gramos y más;1
38;1;2;8.De 45 y más;5.32 a 36;3.Secundario/Polimodal Completa y más;2.2500 gramos y más;1
38;1;2;4.25 a 29;6.37 a 41;3.Secundario/Polimodal Completa y más;1.Menos de 2500 gramos;20
46;1;1;8.De 45 y más;6.37 a 41;1.Hasta Primaria/C.EGB Completa;2.2500 gramos y más;1
90;1;1;3.20 a 24;8.Sin especificar;2.Secundaria/Polimodal Incompleta;1.Menos de 2500 gramos;2
46;1;2;5.30 a 34;5.32 a 36;3.Secundario/Polimodal Completa y más;1.Menos de 2500 gramos;12
94;1;1;2.15 a 19;5.32 a 36;2.Secundaria/Polimodal Incompleta;2.2500 gramos y más;5
70;2;1;6.35 a 39;6.37 a 41;1.Hasta Primaria/C.EGB Completa;2.2500 gramos y más;1
10;1;2;5.30 a 34;5.32 a 36;2.Secundaria/Polimodal Incompleta;2.2500 gramos y más;3
42;1;1;2.15 a 19;6.37 a 41;1.Hasta Primaria/C.EGB Completa;2.2500 gramos y más;10
58;2;1;4.25 a 29;5.32 a 36;2.Secundaria/Polimodal Incompleta;1.Menos de 2500 gramos;2
66;1;2;6.35 a 39;6.37 a 41;1.Hasta Primaria/C.EGB Completa;1.Menos de 2500 gramos;10
22;1;2;1.Menor de 15;5.32 a 36;4.Sin especificar;2.2500 gramos y más;1
14;1;2;2.15 a 19;5.32 a 36;3.Secundario/Polimodal Completa y más;2.2500 gramos y más;8
58;1;1;3.20 a 24;6.37 a 41;1.Hasta Primaria/C.EGB Completa;2.2500 gramos y más;89
38;1;2;5.30 a 34;7.42 y más;3.Secundario/Polimodal Completa y más;2.2500 gramos y más;5
86;1;2;2.15 a 19;3.24 a 27;1.Hasta Primaria/C.EGB Completa;1.Menos de 2500 gramos;1
58;1;1;5.30 a 34;7.42 y más;2.Secundaria/Polimodal Incompleta;2.2500 gramos y más;1
58;1;1;4.25 a 29;5.32 a 36;3.Secundario/Polimodal Completa y más;2.2500 gramos y más;28
74;1;2;5.30 a 34;6.37 a 41;2.Secundaria/Polimodal Incompleta;2.2500 gramos y más;62
70;2;2;4.25 a 29;6.37 a 41;2.Secundaria/Polimodal Incompleta;2.2500 gramos y más;2
14;1;1;2.15 a 19;5.32 a 36;3.Secundario/Polimodal Completa y más;1.Menos de 2500 gramos;16
14;9;2;6.35 a 39;6.37 a 41;4.Sin especificar;2.2500 gramos y más;1
46;1;1;2.15 a 19;5.32 a 36;3.Secundario/Polimodal Completa y más;2.2500 gramos y más;3
22;1;2;5.30 a 34;6.37 a 41;2.Secundaria/Polimodal Incompleta;2.2500 gramos y más;221
90;1;1;6.35 a 39;8.Sin especificar;2.Secundaria/Polimodal Incompleta;2.2500 gramos y más;2
90;1;1;7.40 a 44;6.37 a 41;2.Secundaria/Polimodal Incompleta;2.2500 gramos y más;39
82;1;2;2.15 a 19;8.Sin especificar;2.Secundaria/Polimodal Incompleta;2.2500 gramos y más;1
06;2;1;7.40 a 44;2.22 a 23;3.Secundario/Polimodal Completa y más;1.Menos de 2500 gramos;1
30;2;2;6.35 a 39;5.32 a 36;3.Secundario/Polimodal Completa y más;1.Menos de 2500 gramos;15
06;2;2;5.30 a 34;3.24 a 27;3.Secundario/Polimodal Completa y más;1.Menos de 2500 gramos;5
22;2;2;6.35 a 39;5.32 a 36;3.Secundario/Polimodal Completa y más;1.Menos de 2500 gramos;3
99;1;2;6.35 a 39;6.37 a 41;4.Sin especificar;2.2500 gramos y más;2
30;2;2;6.35 a 39;5.32 a 36;1.Hasta Primaria/C.EGB Completa;1.Menos de 2500 gramos;2
94;1;1;5.30 a 34;6.37 a 41;4.Sin especificar;2.2500 gramos y más;2
78;1;2;7.40 a 44;5.32 a 36;2.Secundaria/Polimodal Incompleta;1.Menos de 2500 gramos;2
74;1;1;3.20 a 24;5.32 a 36;3.Secundario/Polimodal Completa y más;2.2500 gramos y más;31
90;2;1;4.25 a 29;5.32 a 36;1.Hasta Primaria/C.EGB Completa;1.Menos de 2500 gramos;3
14;1;2;4.25 a 29;5.32 a 36;3.Secundario/Polimodal Completa y más;1.Menos de 2500 gramos;91
06;1;1;6.35 a 39;3.24 a 27;3.Secundario/Polimodal Completa y más;1.Menos de 2500 gramos;26
18;1;1;5.30 a 34;5.32 a 36;2.Secundaria/Polimodal Incompleta;2.2500 gramos y más;8
06;1;1;5.30 a 34;4.28 a 31;3.Secundario/Polimodal Completa y más;3.Sin especificar;4
70;2;2;3.20 a 24;6.37 a 41;2.Secundaria/Polimodal Incompleta;2.2500 gramos y más;6
26;1;1;7.40 a 44;6.37 a 41;1.Hasta Primaria/C.EGB Completa;1.Menos de 2500 gramos;1
74;1;2;8.De 45 y más;6.37 a 41;2.Secundaria/Polimodal Incompleta;2.2500 gramos y más;1
42;1;2;5.30 a 34;6.37 a 41;2.Secundaria/Polimodal Incompleta;2.2500 gramos y más;91
50;1;2;3.20 a 24;4.28 a 31;2.Secundaria/Polimodal Incompleta;1.Menos de 2500 gramos;8
26;1;1;7.40 a 44;4.28 a 31;4.Sin especificar;1.Menos de 2500 gramos;1
66;1;2;5.30 a 34;6.37 a 41;2.Secundaria/Polimodal Incompleta;2.2500 gramos y más;278
98;1;2;3.20 a 24;6.37 a 41;1.Hasta Primaria/C.EGB Completa;2.2500 gramos y más;1
50;1;2;3.20 a 24;3.24 a 27;1.Hasta Primaria/C.EGB Completa;1.Menos de 2500 gramos;1
22;2;1;3.20 a 24;5.32 a 36;3.Secundario/Polimodal Completa y más;1.Menos de 2500 gramos;3
82;1;2;6.35 a 39;6.37 a 41;1.Hasta Primaria/C.EGB Completa;2.2500 gramos y más;334
06;1;2;4.25 a 29;7.42 y más;2.Secundaria/Polimodal Incompleta;2.2500 gramos y más;17
18;1;2;4.25 a 29;3.24 a 27;2.Secundaria/Polimodal Incompleta;1.Menos de 2500 gramos;1
70;2;1;2.15 a 19;5.32 a 36;1.Hasta Primaria/C.EGB Completa;1.Menos de 2500 gramos;1
38;1;2;7.40 a 44;3.24 a 27;3.Secundario/Polimodal Completa y más;1.Menos de 2500 gramos;1
10;1;2;5.30 a 34;6.37 a 41;4.Sin especificar;1.Menos de 2500 gramos;1
50;1;2;3.20 a 24;3.24 a 27;3.Secundario/Polimodal Completa y más;1.Menos de 2500 gramos;4
22;2;1;5.30 a 34;3.24 a 27;3.Secundario/Polimodal Completa y más;1.Menos de 2500 gramos;1
66;2;1;6.35 a 39;6.37 a 41;2.Secundaria/Polimodal Incompleta;1.Menos de 2500 gramos;1
18;1;1;3.20 a 24;7.42 y más;4.Sin especificar;1.Menos de 2500 gramos;1
18;2;2;3.20 a 24;5.32 a 36;1.Hasta Primaria/C.EGB Completa;1.Menos de 2500 gramos;2
46;2;1;5.30 a 34;5.32 a 36;1.Hasta Primaria/C.EGB Completa;1.Menos de 2500 gramos;1
58;1;2;5.30 a 34;6.37 a 41;2.Secundaria/Polimodal Incompleta;1.Menos de 2500 gramos;2
22;1;1;7.40 a 44;6.37 a 41;3.Secundario/Polimodal Completa y más;1.Menos de 2500 gramos;6
99;9;2;4.25 a 29;8.Sin especificar;4.Sin especificar;3.Sin especificar;10
22;1;2;6.35 a 39;5.32 a 36;1.Hasta Primaria/C.EGB Completa;2.2500 gramos y más;12
38;1;1;5.30 a 34;8.Sin especificar;2.Secundaria/Polimodal Incompleta;2.2500 gramos y más;1
99;1;2;3.20 a 24;6.37 a 41;3.Secundario/Polimodal Completa y más;2.2500 gramos y más;9
06;1;1;9.Sin especificar;8.Sin especificar;4.Sin especificar;3.Sin especificar;2674
86;1;2;5.30 a 34;5.32 a 36;2.Secundaria/Polimodal Incompleta;1.Menos de 2500 gramos;8
02;1;1;3.20 a 24;6.37 a 41;3.Secundario/Polimodal Completa y más;2.2500 gramos y más;602
22;1;2;1.Menor de 15;4.28 a 31;2.Secundaria/Polimodal Incompleta;1.Menos de 2500 gramos;1
99;1;1;4.25 a 29;6.37 a 41;2.Secundaria/Polimodal Incompleta;2.2500 gramos y más;7
58;1;2;7.40 a 44;8.Sin especificar;3.Secundario/Polimodal Completa y más;2.2500 gramos y más;1
06;1;1;3.20 a 24;8.Sin especificar;1.Hasta Primaria/C.EGB Completa;2.2500 gramos y más;12
86;1;1;2.15 a 19;6.37 a 41;2.Secundaria/Polimodal Incompleta;2.2500 gramos y más;174
62;1;1;9.Sin especificar;8.Sin especificar;4.Sin especificar;3.Sin especificar;4
06;2;2;7.40 a 44;4.28 a 31;2.Secundaria/Polimodal Incompleta;1.Menos de 2500 gramos;5
06;2;1;8.De 45 y más;5.32 a 36;2.Secundaria/Polimodal Incompleta;1.Menos de 2500 gramos;1
10;1;1;6.35 a 39;6.37 a 41;1.Hasta Primaria/C.EGB Completa;1.Menos de 2500 gramos;2
74;1;1;6.35 a 39;7.42 y más;3.Secundario/Polimodal Completa y más;2.2500 gramos y más;3
66;1;1;6.35 a 39;5.32 a 36;1.Hasta Primaria/C.EGB Completa;1.Menos de 2500 gramos;6
18;2;2;2.15 a 19;5.32 a 36;4.Sin especificar;1.Menos de 2500 gramos;2
78;1;1;2.15 a 19;6.37 a 41;1.Hasta Primaria/C.EGB Completa;2.2500 gramos y más;28
06;1;2;9.Sin especificar;5.32 a 36;3.Secundario/Polimodal Completa y más;1.Menos de 2500 gramos;28
82;1;2;1.Menor de 15;6.37 a 41;1.Hasta Primaria/C.EGB Completa;2.2500 gramos y más;27
58;1;2;6.35 a 39;8.Sin especificar;3.Secundario/Polimodal Completa y más;2.2500 gramos y más;3
54;1;1;7.40 a 44;7.42 y más;2.Secundaria/Polimodal Incompleta;2.2500 gramos y más;1
22;2;1;6.35 a 39;6.37 a 41;1.Hasta Primaria/C.EGB Completa;1.Menos de 2500 gramos;2
02;1;2;7.40 a 44;6.37 a 41;4.Sin especificar;1.Menos de 2500 gramos;1
02;2;1;4.25 a 29;5.32 a 36;4.Sin especificar;1.Menos de 2500 gramos;2
62;1;1;6.35 a 39;3.24 a 27;4.Sin especificar;1.Menos de 2500 gramos;1
62;1;2;3.20 a 24;8.Sin especificar;4.Sin especificar;3.Sin especificar;1
98;1;1;6.35 a 39;6.37 a 41;1.Hasta Primaria/C.EGB Completa;2.2500 gramos y más;1
06;2;1;4.25 a 29;8.Sin especificar;4.Sin especificar;2.2500 gramos y más;1
94;1;2;3.20 a 24;6.37 a 41;3.Secundario/Polimodal Completa y más;2.2500 gramos y más;81
38;1;1;4.25 a 29;5.32 a 36;3.Secundario/Polimodal Completa y más;1.Menos de 2500 gramos;17
54;1;1;5.30 a 34;3.24 a 27;1.Hasta Primaria/C.EGB Completa;1.Menos de 2500 gramos;1
54;1;2;2.15 a 19;6.37 a 41;2.Secundaria/Polimodal Incompleta;1.Menos de 2500 gramos;27
06;1;2;7.40 a 44;6.37 a 41;1.Hasta Primaria/C.EGB Completa;1.Menos de 2500 gramos;28
82;1;1;3.20 a 24;7.42 y más;2.Secundaria/Polimodal Incompleta;2.2500 gramos y más;4
70;1;2;6.35 a 39;5.32 a 36;3.Secundario/Polimodal Completa y más;1.Menos de 2500 gramos;16
18;1;2;3.20 a 24;5.32 a 36;4.Sin especificar;1.Menos de 2500 gramos;15
06;1;1;5.30 a 34;4.28 a 31;1.Hasta Primaria/C.EGB Completa;1.Menos de 2500 gramos;21
82;1;2;4.25 a 29;5.32 a 36;1.Hasta Primaria/C.EGB Completa;2.2500 gramos y más;26
82;1;2;7.40 a 44;7.42 y más;2.Secundaria/Polimodal Incompleta;2.2500 gramos y más;1
06;1;2;2.15 a 19;8.Sin especificar;1.Hasta Primaria/C.EGB Completa;2.2500 gramos y más;6
06;1;2;9.Sin especificar;6.37 a 41;3.Secundario/Polimodal Completa y más;2.2500 gramos y más;633
38;1;2;6.35 a 39;6.37 a 41;3.Secundario/Polimodal Completa y más;2.2500 gramos y más;418
70;1;2;8.De 45 y más;5.32 a 36;3.Secundario/Polimodal Completa y más;2.2500 gramos y más;1
06;1;1;7.40 a 44;7.42 y más;1.Hasta Primaria/C.EGB Completa;2.2500 gramos y más;8
38;1;1;4.25 a 29;7.42 y más;3.Secundario/Polimodal Completa y más;2.2500 gramos y más;12
06;1;2;3.20 a 24;8.Sin especificar;1.Hasta Primaria/C.EGB Completa;1.Menos de 2500 gramos;1
22;2;2;6.35 a 39;5.32 a 36;1.Hasta Primaria/C.EGB Completa;1.Menos de 2500 gramos;3
78;1;2;2.15 a 19;7.42 y más;3.Secundario/Polimodal Completa y más;2.2500 gramos y más;1
82;1;1;4.25 a 29;7.42 y más;2.Secundaria/Polimodal Incompleta;2.2500 gramos y más;3
54;1;1;5.30 a 34;3.24 a 27;3.Secundario/Polimodal Completa y más;1.Menos de 2500 gramos;4
54;1;2;2.15 a 19;4.28 a 31;1.Hasta Primaria/C.EGB Completa;1.Menos de 2500 gramos;5
18;2;1;6.35 a 39;5.32 a 36;2.Secundaria/Polimodal Incompleta;2.2500 gramos y más;1
06;1;1;2.15 a 19;3.24 a 27;4.Sin especificar;3.Sin especificar;1
10;1;2;3.20 a 24;4.28 a 31;3.Secundario/Polimodal Completa y más;1.Menos de 2500 gramos;2
34;1;2;4.25 a 29;5.32 a 36;1.Hasta Primaria/C.EGB Completa;2.2500 gramos y más;4
70;1;2;3.20 a 24;5.32 a 36;1.Hasta Primaria/C.EGB Completa;2.2500 gramos y más;3
22;1;9;4.25 a 29;6.37 a 41;1.Hasta Primaria/C.EGB Completa;3.Sin especificar;1
02;2;1;3.20 a 24;6.37 a 41;2.Secundaria/Polimodal Incompleta;1.Menos de 2500 gramos;1
38;1;2;5.30 a 34;6.37 a 41;3.Secundario/Polimodal Completa y más;2.2500 gramos y más;619
54;2;1;2.15 a 19;6.37 a 41;2.Secundaria/Polimodal Incompleta;1.Menos de 2500 gramos;2
06;1;2;4.25 a 29;4.28 a 31;4.Sin especificar;3.Sin especificar;1
06;1;2;6.35 a 39;6.37 a 41;2.Secundaria/Polimodal Incompleta;3.Sin especificar;13
22;2;1;6.35 a 39;5.32 a 36;1.Hasta Primaria/C.EGB Completa;2.2500 gramos y más;1
82;2;1;7.40 a 44;6.37 a 41;3.Secundario/Polimodal Completa y más;2.2500 gramos y más;4
70;2;1;4.25 a 29;5.32 a 36;1.Hasta Primaria/C.EGB Completa;2.2500 gramos y más;1
54;1;1;4.25 a 29;6.37 a 41;4.Sin especificar;1.Menos de 2500 gramos;2
02;1;2;3.20 a 24;5.32 a 36;3.Secundario/Polimodal Completa y más;2.2500 gramos y más;14
54;2;1;2.15 a 19;4.28 a 31;1.Hasta Primaria/C.EGB Completa;1.Menos de 2500 gramos;1
22;2;1;4.25 a 29;6.37 a 41;2.Secundaria/Polimodal Incompleta;1.Menos de 2500 gramos;1
54;1;2;1.Menor de 15;5.32 a 36;1.Hasta Primaria/C.EGB Completa;2.2500 gramos y más;2
90;2;1;7.40 a 44;5.32 a 36;3.Secundario/Polimodal Completa y más;2.2500 gramos y más;1
34;1;2;3.20 a 24;4.28 a 31;3.Secundario/Polimodal Completa y más;1.Menos de 2500 gramos;2
74;1;1;5.30 a 34;6.37 a 41;2.Secundaria/Polimodal Incompleta;1.Menos de 2500 gramos;1
50;1;1;5.30 a 34;3.24 a 27;2.Secundaria/Polimodal Incompleta;1.Menos de 2500 gramos;1
22;1;1;6.35 a 39;7.42 y más;1.Hasta Primaria/C.EGB Completa;2.2500 gramos y más;4
66;1;1;6.35 a 39;1.Menos de 22;3.Secundario/Polimodal Completa y más;1.Menos de 2500 gramos;1
30;1;1;2.15 a 19;8.Sin especificar;3.Secundario/Polimodal Completa y más;2.2500 gramos y más;3
06;1;1;2.15 a 19;5.32 a 36;3.Secundario/Polimodal Completa y más;1.Menos de 2500 gramos;55
06;2;1;5.30 a 34;5.32 a 36;4.Sin especificar;1.Menos de 2500 gramos;11
06;1;1;4.25 a 29;6.37 a 41;1.Hasta Primaria/C.EGB Completa;1.Menos de 2500 gramos;65
58;1;2;5.30 a 34;5.32 a 36;1.Hasta Primaria/C.EGB Completa;2.2500 gramos y más;3
02;1;1;4.25 a 29;4.28 a 31;3.Secundario/Polimodal Completa y más;1.Menos de 2500 gramos;8
86;1;1;5.30 a 34;4.28 a 31;1.Hasta Primaria/C.EGB Completa;1.Menos de 2500 gramos;3
46;1;2;5.30 a 34;5.32 a 36;1.Hasta Primaria/C.EGB Completa;1.Menos de 2500 gramos;1
10;1;1;5.30 a 34;6.37 a 41;2.Secundaria/Polimodal Incompleta;2.2500 gramos y más;49
02;1;1;3.20 a 24;7.42 y más;2.Secundaria/Polimodal Incompleta;2.2500 gramos y más;1
78;1;2;4.25 a 29;3.24 a 27;1.Hasta Primaria/C.EGB Completa;1.Menos de 2500 gramos;1
78;1;2;4.25 a 29;4.28 a 31;2.Secundaria/Polimodal Incompleta;1.Menos de 2500 gramos;1
02;1;1;5.30 a 34;5.32 a 36;4.Sin especificar;2.2500 gramos y más;9
22;1;2;3.20 a 24;8.Sin especificar;2.Secundaria/Polimodal Incompleta;2.2500 gramos y más;2
82;1;2;7.40 a 44;6.37 a 41;3.Secundario/Polimodal Completa y más;2.2500 gramos y más;608
74;2;1;3.20 a 24;5.32 a 36;2.Secundaria/Polimodal Incompleta;1.Menos de 2500 gramos;1
26;1;1;6.35 a 39;6.37 a 41;3.Secundario/Polimodal Completa y más;1.Menos de 2500 gramos;6
54;2;2;6.35 a 39;5.32 a 36;4.Sin especificar;1.Menos de 2500 gramos;2
50;1;1;4.25 a 29;6.37 a 41;2.Secundaria/Polimodal Incompleta;2.2500 gramos y más;786
06;1;2;6.35 a 39;4.28 a 31;3.Secundario/Polimodal Completa y más;3.Sin especificar;2
30;1;1;2.15 a 19;4.28 a 31;2.Secundaria/Polimodal Incompleta;1.Menos de 2500 gramos;2
18;1;1;5.30 a 34;2.22 a 23;2.Secundaria/Polimodal Incompleta;1.Menos de 2500 gramos;1
54;1;1;8.De 45 y más;6.37 a 41;2.Secundaria/Polimodal Incompleta;1.Menos de 2500 gramos;1
02;9;2;6.35 a 39;6.37 a 41;4.Sin especificar;1.Menos de 2500 gramos;4
10;1;1;5.30 a 34;5.32 a 36;3.Secundario/Polimodal Completa y más;1.Menos de 2500 gramos;10
30;1;1;3.20 a 24;4.28 a 31;2.Secundaria/Polimodal Incompleta;2.2500 gramos y más;1
18;1;1;3.20 a 24;6.37 a 41;2.Secundaria/Polimodal Incompleta;1.Menos de 2500 gramos;13
22;1;2;5.30 a 34;8.Sin especificar;1.Hasta Primaria/C.EGB Completa;1.Menos de 2500 gramos;1
06;1;2;9.Sin especificar;8.Sin especificar;2.Secundaria/Polimodal Incompleta;2.2500 gramos y más;5
54;2;2;3.20 a 24;3.24 a 27;3.Secundario/Polimodal Completa y más;1.Menos de 2500 gramos;2
10;2;2;3.20 a 24;5.32 a 36;2.Secundaria/Polimodal Incompleta;1.Menos de 2500 gramos;2
62;1;1;4.25 a 29;6.37 a 41;2.Secundaria/Polimodal Incompleta;1.Menos de 2500 gramos;2
86;1;1;3.20 a 24;8.Sin especificar;1.Hasta Primaria/C.EGB Completa;2.2500 gramos y más;1
26;1;1;4.25 a 29;5.32 a 36;4.Sin especificar;2.2500 gramos y más;4
38;1;2;5.30 a 34;4.28 a 31;3.Secundario/Polimodal Completa y más;1.Menos de 2500 gramos;6
90;1;2;5.30 a 34;5.32 a 36;1.Hasta Primaria/C.EGB Completa;2.2500 gramos y más;42
46;1;1;5.30 a 34;5.32 a 36;2.Secundaria/Polimodal Incompleta;1.Menos de 2500 gramos;1
58;1;2;5.30 a 34;4.28 a 31;3.Secundario/Polimodal Completa y más;1.Menos de 2500 gramos;3
58;1;1;5.30 a 34;6.37 a 41;2.Secundaria/Polimodal Incompleta;2.2500 gramos y más;179
06;1;1;3.20 a 24;7.42 y más;1.Hasta Primaria/C.EGB Completa;2.2500 gramos y más;17
06;2;2;5.30 a 34;5.32 a 36;1.Hasta Primaria/C.EGB Completa;1.Menos de 2500 gramos;24
26;1;1;5.30 a 34;4.28 a 31;4.Sin especificar;1.Menos de 2500 gramos;1
66;1;2;4.25 a 29;6.37 a 41;3.Secundario/Polimodal Completa y más;2.2500 gramos y más;1443
06;1;9;3.20 a 24;6.37 a 41;3.Secundario/Polimodal Completa y más;1.Menos de 2500 gramos;2
42;1;2;4.25 a 29;6.37 a 41;3.Secundario/Polimodal Completa y más;2.2500 gramos y más;296
90;1;1;3.20 a 24;8.Sin especificar;3.Secundario/Polimodal Completa y más;2.2500 gramos y más;11
10;1;1;4.25 a 29;6.37 a 41;1.Hasta Primaria/C.EGB Completa;2.2500 gramos y más;54
38;1;2;4.25 a 29;5.32 a 36;1.Hasta Primaria/C.EGB Completa;2.2500 gramos y más;1
26;2;1;5.30 a 34;5.32 a 36;3.Secundario/Polimodal Completa y más;1.Menos de 2500 gramos;3
99;1;9;3.20 a 24;6.37 a 41;4.Sin especificar;2.2500 gramos y más;1
22;1;1;5.30 a 34;5.32 a 36;4.Sin especificar;1.Menos de 2500 gramos;1
26;1;1;5.30 a 34;3.24 a 27;2.Secundaria/Polimodal Incompleta;1.Menos de 2500 gramos;1
10;1;2;2.15 a 19;3.24 a 27;2.Secundaria/Polimodal Incompleta;1.Menos de 2500 gramos;1
90;1;2;3.20 a 24;6.37 a 41;4.Sin especificar;2.2500 gramos y más;7
06;1;1;6.35 a 39;4.28 a 31;3.Secundario/Polimodal Completa y más;1.Menos de 2500 gramos;62
94;1;2;6.35 a 39;6.37 a 41;3.Secundario/Polimodal Completa y más;1.Menos de 2500 gramos;5
90;1;2;3.20 a 24;4.28 a 31;1.Hasta Primaria/C.EGB Completa;2.2500 gramos y más;1
38;1;2;4.25 a 29;2.22 a 23;3.Secundario/Polimodal Completa y más;1.Menos de 2500 gramos;1
90;1;2;7.40 a 44;7.42 y más;3.Secundario/Polimodal Completa y más;2.2500 gramos y más;8
22;1;1;6.35 a 39;6.37 a 41;2.Secundaria/Polimodal Incompleta;1.Menos de 2500 gramos;6
82;1;2;2.15 a 19;6.37 a 41;3.Secundario/Polimodal Completa y más;2.2500 gramos y más;243
34;1;2;5.30 a 34;6.37 a 41;4.Sin especificar;1.Menos de 2500 gramos;5
06;9;2;7.40 a 44;5.32 a 36;4.Sin especificar;1.Menos de 2500 gramos;1
06;1;2;3.20 a 24;6.37 a 41;1.Hasta Primaria/C.EGB Completa;3.Sin especificar;28
06;1;2;3.20 a 24;3.24 a 27;2.Secundaria/Polimodal Incompleta;1.Menos de 2500 gramos;10
94;1;1;3.20 a 24;5.32 a 36;2.Secundaria/Polimodal Incompleta;1.Menos de 2500 gramos;1
90;1;2;4.25 a 29;6.37 a 41;2.Secundaria/Polimodal Incompleta;2.2500 gramos y más;370
02;2;1;8.De 45 y más;5.32 a 36;3.Secundario/Polimodal Completa y más;2.2500 gramos y más;2
10;1;2;6.35 a 39;8.Sin especificar;3.Secundario/Polimodal Completa y más;2.2500 gramos y más;3
66;1;2;3.20 a 24;8.Sin especificar;2.Secundaria/Polimodal Incompleta;2.2500 gramos y más;11
82;1;1;7.40 a 44;5.32 a 36;2.Secundaria/Polimodal Incompleta;1.Menos de 2500 gramos;3
06;1;2;6.35 a 39;2.22 a 23;3.Secundario/Polimodal Completa y más;1.Menos de 2500 gramos;3
62;2;2;4.25 a 29;6.37 a 41;3.Secundario/Polimodal Completa y más;2.2500 gramos y más;4
99;9;1;7.40 a 44;8.Sin especificar;4.Sin especificar;3.Sin especificar;2
10;1;2;2.15 a 19;6.37 a 41;3.Secundario/Polimodal Completa y más;2.2500 gramos y más;45
82;1;2;4.25 a 29;2.22 a 23;3.Secundario/Polimodal Completa y más;1.Menos de 2500 gramos;1
10;1;2;4.25 a 29;8.Sin especificar;2.Secundaria/Polimodal Incompleta;3.Sin especificar;1
34;2;1;2.15 a 19;6.37 a 41;2.Secundaria/Polimodal Incompleta;2.2500 gramos y más;1
66;1;1;7.40 a 44;8.Sin especificar;3.Secundario/Polimodal Completa y más;2.2500 gramos y más;2
58;2;2;3.20 a 24;3.24 a 27;3.Secundario/Polimodal Completa y más;1.Menos de 2500 gramos;2
22;1;1;4.25 a 29;8.Sin especificar;2.Secundaria/Polimodal Incompleta;2.2500 gramos y más;1
86;1;1;3.20 a 24;4.28 a 31;1.Hasta Primaria/C.EGB Completa;1.Menos de 2500 gramos;1
06;1;9;9.Sin especificar;5.32 a 36;2.Secundaria/Polimodal Incompleta;3.Sin especificar;2
34;1;2;5.30 a 34;4.28 a 31;1.Hasta Primaria/C.EGB Completa;1.Menos de 2500 gramos;1
82;2;2;3.20 a 24;6.37 a 41;2.Secundaria/Polimodal Incompleta;2.2500 gramos y más;9
26;1;2;5.30 a 34;5.32 a 36;1.Hasta Primaria/C.EGB Completa;1.Menos de 2500 gramos;3
66;1;1;5.30 a 34;6.37 a 41;4.Sin especificar;1.Menos de 2500 gramos;1
18;1;1;3.20 a 24;7.42 y más;1.Hasta Primaria/C.EGB Completa;2.2500 gramos y más;1
22;1;1;5.30 a 34;4.28 a 31;1.Hasta Primaria/C.EGB Completa;1.Menos de 2500 gramos;2
02;1;2;6.35 a 39;5.32 a 36;2.Secundaria/Polimodal Incompleta;2.2500 gramos y más;10
66;1;2;5.30 a 34;8.Sin especificar;3.Secundario/Polimodal Completa y más;3.Sin especificar;4
50;1;1;3.20 a 24;6.37 a 41;2.Secundaria/Polimodal Incompleta;2.2500 gramos y más;880
78;2;1;3.20 a 24;5.32 a 36;2.Secundaria/Polimodal Incompleta;1.Menos de 2500 gramos;2
34;2;1;3.20 a 24;5.32 a 36;3.Secundario/Polimodal Completa y más;2.2500 gramos y más;1
86;1;2;4.25 a 29;6.37 a 41;2.Secundaria/Polimodal Incompleta;2.2500 gramos y más;205
54;1;1;9.Sin especificar;8.Sin especificar;4.Sin especificar;3.Sin especificar;1
50;2;1;5.30 a 34;6.37 a 41;3.Secundario/Polimodal Completa y más;2.2500 gramos y más;8
78;1;2;6.35 a 39;5.32 a 36;1.Hasta Primaria/C.EGB Completa;2.2500 gramos y más;3
42;2;1;4.25 a 29;6.37 a 41;1.Hasta Primaria/C.EGB Completa;2.2500 gramos y más;1
70;1;2;5.30 a 34;5.32 a 36;3.Secundario/Polimodal Completa y más;2.2500 gramos y más;13
10;1;2;2.15 a 19;5.32 a 36;3.Secundario/Polimodal Completa y más;1.Menos de 2500 gramos;2
06;9;2;6.35 a 39;5.32 a 36;4.Sin especificar;1.Menos de 2500 gramos;4
34;2;1;4.25 a 29;5.32 a 36;3.Secundario/Polimodal Completa y más;2.2500 gramos y más;2
66;2;2;3.20 a 24;4.28 a 31;3.Secundario/Polimodal Completa y más;1.Menos de 2500 gramos;4
02;1;2;5.30 a 34;7.42 y más;1.Hasta Primaria/C.EGB Completa;2.2500 gramos y más;1
06;1;1;4.25 a 29;2.22 a 23;3.Secundario/Polimodal Completa y más;1.Menos de 2500 gramos;3
66;1;2;2.15 a 19;6.37 a 41;2.Secundaria/Polimodal Incompleta;1.Menos de 2500 gramos;12
18;2;2;6.35 a 39;5.32 a 36;3.Secundario/Polimodal Completa y más;1.Menos de 2500 gramos;8
99;1;2;9.Sin especificar;6.37 a 41;3.Secundario/Polimodal Completa y más;2.2500 gramos y más;9
18;1;1;6.35 a 39;5.32 a 36;1.Hasta Primaria/C.EGB Completa;1.Menos de 2500 gramos;6
66;1;2;1.Menor de 15;5.32 a 36;2.Secundaria/Polimodal Incompleta;3.Sin especificar;1
82;1;1;5.30 a 34;4.28 a 31;2.Secundaria/Polimodal Incompleta;1.Menos de 2500 gramos;10
90;2;1;5.30 a 34;5.32 a 36;1.Hasta Primaria/C.EGB Completa;2.2500 gramos y más;3
58;1;1;4.25 a 29;5.32 a 36;2.Secundaria/Polimodal Incompleta;2.2500 gramos y más;8
90;1;2;4.25 a 29;7.42 y más;1.Hasta Primaria/C.EGB Completa;1.Menos de 2500 gramos;1
06;2;2;4.25 a 29;5.32 a 36;4.Sin especificar;2.2500 gramos y más;6
82;1;1;4.25 a 29;7.42 y más;1.Hasta Primaria/C.EGB Completa;2.2500 gramos y más;4
54;1;1;5.30 a 34;7.42 y más;2.Secundaria/Polimodal Incompleta;2.2500 gramos y más;2
82;1;1;6.35 a 39;6.37 a 41;4.Sin especificar;2.2500 gramos y más;7
18;1;1;1.Menor de 15;6.37 a 41;2.Secundaria/Polimodal Incompleta;1.Menos de 2500 gramos;2
22;1;2;1.Menor de 15;6.37 a 41;2.Secundaria/Polimodal Incompleta;2.2500 gramos y más;11
02;1;2;7.40 a 44;5.32 a 36;4.Sin especificar;2.2500 gramos y más;2
10;1;1;7.40 a 44;8.Sin especificar;3.Secundario/Polimodal Completa y más;3.Sin especificar;1
34;1;1;1.Menor de 15;5.32 a 36;1.Hasta Primaria/C.EGB Completa;1.Menos de 2500 gramos;2
90;1;2;5.30 a 34;6.37 a 41;2.Secundaria/Polimodal Incompleta;1.Menos de 2500 gramos;6
90;2;1;2.15 a 19;5.32 a 36;2.Secundaria/Polimodal Incompleta;2.2500 gramos y más;1
90;1;1;2.15 a 19;6.37 a 41;2.Secundaria/Polimodal Incompleta;2.2500 gramos y más;391
02;2;2;3.20 a 24;5.32 a 36;2.Secundaria/Polimodal Incompleta;1.Menos de 2500 gramos;4
66;1;2;6.35 a 39;6.37 a 41;3.Secundario/Polimodal Completa y más;3.Sin especificar;1
54;1;2;2.15 a 19;6.37 a 41;1.Hasta Primaria/C.EGB Completa;2.2500 gramos y más;435
74;1;1;7.40 a 44;6.37 a 41;1.Hasta Primaria/C.EGB Completa;2.2500 gramos y más;13
86;1;2;2.15 a 19;7.42 y más;1.Hasta Primaria/C.EGB Completa;2.2500 gramos y más;7
66;2;2;6.35 a 39;6.37 a 41;2.Secundaria/Polimodal Incompleta;2.2500 gramos y más;1
30;2;1;3.20 a 24;5.32 a 36;3.Secundario/Polimodal Completa y más;1.Menos de 2500 gramos;1
38;1;1;4.25 a 29;5.32 a 36;2.Secundaria/Polimodal Incompleta;2.2500 gramos y más;3
06;1;1;3.20 a 24;4.28 a 31;2.Secundaria/Polimodal Incompleta;3.Sin especificar;3
14;2;2;5.30 a 34;3.24 a 27;3.Secundario/Polimodal Completa y más;1.Menos de 2500 gramos;4
50;1;1;3.20 a 24;3.24 a 27;2.Secundaria/Polimodal Incompleta;1.Menos de 2500 gramos;5
86;1;2;4.25 a 29;5.32 a 36;3.Secundario/Polimodal Completa y más;1.Menos de 2500 gramos;22
14;1;1;7.40 a 44;6.37 a 41;1.Hasta Primaria/C.EGB Completa;2.2500 gramos y más;135
66;1;2;3.20 a 24;6.37 a 41;1.Hasta Primaria/C.EGB Completa;1.Menos de 2500 gramos;9
54;1;1;3.20 a 24;6.37 a 41;1.Hasta Primaria/C.EGB Completa;2.2500 gramos y más;742
22;1;2;6.35 a 39;8.Sin especificar;3.Secundario/Polimodal Completa y más;3.Sin especificar;1
90;1;1;1.Menor de 15;8.Sin especificar;1.Hasta Primaria/C.EGB Completa;2.2500 gramos y más;1
54;2;2;6.35 a 39;6.37 a 41;3.Secundario/Polimodal Completa y más;1.Menos de 2500 gramos;2
70;1;2;2.15 a 19;5.32 a 36;1.Hasta Primaria/C.EGB Completa;1.Menos de 2500 gramos;3
74;1;2;6.35 a 39;5.32 a 36;4.Sin especificar;1.Menos de 2500 gramos;2
14;2;2;5.30 a 34;3.24 a 27;1.Hasta Primaria/C.EGB Completa;1.Menos de 2500 gramos;3
18;1;2;1.Menor de 15;5.32 a 36;2.Secundaria/Polimodal Incompleta;1.Menos de 2500 gramos;1
06;9;1;4.25 a 29;4.28 a 31;4.Sin especificar;1.Menos de 2500 gramos;3
58;1;2;6.35 a 39;5.32 a 36;2.Secundaria/Polimodal Incompleta;2.2500 gramos y más;2
30;2;2;5.30 a 34;6.37 a 41;3.Secundario/Polimodal Completa y más;2.2500 gramos y más;12
66;2;1;6.35 a 39;6.37 a 41;1.Hasta Primaria/C.EGB Completa;1.Menos de 2500 gramos;1
82;1;2;4.25 a 29;5.32 a 36;4.Sin especificar;1.Menos de 2500 gramos;1
99;1;1;4.25 a 29;6.37 a 41;3.Secundario/Polimodal Completa y más;2.2500 gramos y más;14
06;9;2;6.35 a 39;6.37 a 41;4.Sin especificar;2.2500 gramos y más;50
14;1;2;5.30 a 34;6.37 a 41;3.Secundario/Polimodal Completa y más;3.Sin especificar;5
66;1;2;4.25 a 29;1.Menos de 22;3.Secundario/Polimodal Completa y más;1.Menos de 2500 gramos;1
22;1;2;8.De 45 y más;6.37 a 41;1.Hasta Primaria/C.EGB Completa;2.2500 gramos y más;9
90;1;1;5.30 a 34;6.37 a 41;3.Secundario/Polimodal Completa y más;2.2500 gramos y más;1336
18;1;1;5.30 a 34;6.37 a 41;4.Sin especificar;1.Menos de 2500 gramos;4
94;2;1;5.30 a 34;5.32 a 36;3.Secundario/Polimodal Completa y más;1.Menos de 2500 gramos;2
06;2;1;9.Sin especificar;6.37 a 41;3.Secundario/Polimodal Completa y más;2.2500 gramos y más;4
62;2;2;4.25 a 29;5.32 a 36;1.Hasta Primaria/C.EGB Completa;1.Menos de 2500 gramos;2
66;1;1;7.40 a 44;8.Sin especificar;1.Hasta Primaria/C.EGB Completa;2.2500 gramos y más;1
58;1;1;3.20 a 24;8.Sin especificar;3.Secundario/Polimodal Completa y más;2.2500 gramos y más;1
06;1;2;6.35 a 39;8.Sin especificar;2.Secundaria/Polimodal Incompleta;1.Menos de 2500 gramos;2
06;2;1;2.15 a 19;4.28 a 31;3.Secundario/Polimodal Completa y más;1.Menos de 2500 gramos;2
38;1;1;6.35 a 39;4.28 a 31;3.Secundario/Polimodal Completa y más;2.2500 gramos y más;1
82;1;2;5.30 a 34;7.42 y más;1.Hasta Primaria/C.EGB Completa;2.2500 gramos y más;3
46;1;1;3.20 a 24;6.37 a 41;2.Secundaria/Polimodal Incompleta;2.2500 gramos y más;85
06;2;1;2.15 a 19;4.28 a 31;1.Hasta Primaria/C.EGB Completa;1.Menos de 2500 gramos;3
98;1;2;3.20 a 24;6.37 a 41;2.Secundaria/Polimodal Incompleta;2.2500 gramos y más;2
02;1;2;9.Sin especificar;8.Sin especificar;4.Sin especificar;2.2500 gramos y más;1
82;1;2;5.30 a 34;7.42 y más;3.Secundario/Polimodal Completa y más;2.2500 gramos y más;3
90;1;1;1.Menor de 15;7.42 y más;1.Hasta Primaria/C.EGB Completa;2.2500 gramos y más;1
66;1;2;5.30 a 34;8.Sin especificar;1.Hasta Primaria/C.EGB Completa;3.Sin especificar;1
58;1;2;7.40 a 44;5.32 a 36;2.Secundaria/Polimodal Incompleta;2.2500 gramos y más;1
38;1;1;2.15 a 19;5.32 a 36;1.Hasta Primaria/C.EGB Completa;2.2500 gramos y más;2
02;2;1;6.35 a 39;5.32 a 36;2.Secundaria/Polimodal Incompleta;2.2500 gramos y más;1
46;1;1;6.35 a 39;6.37 a 41;1.Hasta Primaria/C.EGB Completa;1.Menos de 2500 gramos;3
70;1;1;3.20 a 24;6.37 a 41;3.Secundario/Polimodal Completa y más;2.2500 gramos y más;502
06;1;2;5.30 a 34;6.37 a 41;2.Secundaria/Polimodal Incompleta;3.Sin especificar;20
74;1;1;6.35 a 39;5.32 a 36;1.Hasta Primaria/C.EGB Completa;1.Menos de 2500 gramos;1
50;2;2;3.20 a 24;6.37 a 41;3.Secundario/Polimodal Completa y más;1.Menos de 2500 gramos;1
90;2;2;5.30 a 34;5.32 a 36;3.Secundario/Polimodal Completa y más;1.Menos de 2500 gramos;27
62;1;1;5.30 a 34;4.28 a 31;2.Secundaria/Polimodal Incompleta;1.Menos de 2500 gramos;2
22;1;1;6.35 a 39;3.24 a 27;1.Hasta Primaria/C.EGB Completa;3.Sin especificar;1
06;1;1;4.25 a 29;4.28 a 31;2.Secundaria/Polimodal Incompleta;2.2500 gramos y más;1
42;9;1;4.25 a 29;6.37 a 41;2.Secundaria/Polimodal Incompleta;2.2500 gramos y más;1
06;1;1;9.Sin especificar;6.37 a 41;1.Hasta Primaria/C.EGB Completa;1.Menos de 2500 gramos;8
26;1;1;3.20 a 24;4.28 a 31;2.Secundaria/Polimodal Incompleta;1.Menos de 2500 gramos;2
82;1;2;3.20 a 24;4.28 a 31;3.Secundario/Polimodal Completa y más;1.Menos de 2500 gramos;10
06;9;2;2.15 a 19;8.Sin especificar;4.Sin especificar;3.Sin especificar;45
86;2;2;3.20 a 24;6.37 a 41;1.Hasta Primaria/C.EGB Completa;2.2500 gramos y más;1
38;2;1;4.25 a 29;5.32 a 36;3.Secundario/Polimodal Completa y más;2.2500 gramos y más;2
82;2;2;2.15 a 19;6.37 a 41;2.Secundaria/Polimodal Incompleta;1.Menos de 2500 gramos;2
54;1;2;5.30 a 34;8.Sin especificar;3.Secundario/Polimodal Completa y más;1.Menos de 2500 gramos;1
62;2;2;3.20 a 24;5.32 a 36;2.Secundaria/Polimodal Incompleta;1.Menos de 2500 gramos;1
66;1;1;2.15 a 19;5.32 a 36;1.Hasta Primaria/C.EGB Completa;1.Menos de 2500 gramos;8
82;2;1;4.25 a 29;8.Sin especificar;1.Hasta Primaria/C.EGB Completa;1.Menos de 2500 gramos;2
06;9;2;6.35 a 39;8.Sin especificar;4.Sin especificar;3.Sin especificar;105
94;1;2;7.40 a 44;5.32 a 36;3.Secundario/Polimodal Completa y más;1.Menos de 2500 gramos;4
50;1;2;5.30 a 34;5.32 a 36;3.Secundario/Polimodal Completa y más;1.Menos de 2500 gramos;42
46;2;2;4.25 a 29;5.32 a 36;3.Secundario/Polimodal Completa y más;1.Menos de 2500 gramos;5
62;2;1;6.35 a 39;4.28 a 31;3.Secundario/Polimodal Completa y más;1.Menos de 2500 gramos;2
02;2;1;6.35 a 39;6.37 a 41;1.Hasta Primaria/C.EGB Completa;2.2500 gramos y más;6
74;1;2;5.30 a 34;4.28 a 31;4.Sin especificar;1.Menos de 2500 gramos;1
22;1;2;2.15 a 19;7.42 y más;1.Hasta Primaria/C.EGB Completa;2.2500 gramos y más;3
06;9;1;4.25 a 29;6.37 a 41;4.Sin especificar;2.2500 gramos y más;35
30;1;2;3.20 a 24;3.24 a 27;2.Secundaria/Polimodal Incompleta;1.Menos de 2500 gramos;1
14;1;1;5.30 a 34;8.Sin especificar;3.Secundario/Polimodal Completa y más;2.2500 gramos y más;4
66;1;2;3.20 a 24;7.42 y más;4.Sin especificar;2.2500 gramos y más;1
58;1;1;5.30 a 34;5.32 a 36;3.Secundario/Polimodal Completa y más;1.Menos de 2500 gramos;30
30;1;1;8.De 45 y más;6.37 a 41;2.Secundaria/Polimodal Incompleta;2.2500 gramos y más;2
06;2;2;4.25 a 29;5.32 a 36;2.Secundaria/Polimodal Incompleta;2.2500 gramos y más;7
66;1;1;2.15 a 19;3.24 a 27;3.Secundario/Polimodal Completa y más;1.Menos de 2500 gramos;1
90;1;2;2.15 a 19;4.28 a 31;2.Secundaria/Polimodal Incompleta;1.Menos de 2500 gramos;6
86;2;1;3.20 a 24;5.32 a 36;2.Secundaria/Polimodal Incompleta;1.Menos de 2500 gramos;1
30;1;1;4.25 a 29;3.24 a 27;2.Secundaria/Polimodal Incompleta;1.Menos de 2500 gramos;1
50;2;1;3.20 a 24;5.32 a 36;1.Hasta Primaria/C.EGB Completa;1.Menos de 2500 gramos;1
90;1;2;2.15 a 19;3.24 a 27;1.Hasta Primaria/C.EGB Completa;1.Menos de 2500 gramos;3
42;1;1;2.15 a 19;3.24 a 27;3.Secundario/Polimodal Completa y más;1.Menos de 2500 gramos;1
86;1;2;8.De 45 y más;6.37 a 41;2.Secundaria/Polimodal Incompleta;2.2500 gramos y más;2
02;1;2;7.40 a 44;6.37 a 41;3.Secundario/Polimodal Completa y más;2.2500 gramos y más;783
86;1;2;4.25 a 29;4.28 a 31;3.Secundario/Polimodal Completa y más;2.2500 gramos y más;1
22;2;2;2.15 a 19;6.37 a 41;3.Secundario/Polimodal Completa y más;2.2500 gramos y más;1
06;1;1;1.Menor de 15;6.37 a 41;2.Secundaria/Polimodal Incompleta;1.Menos de 2500 gramos;1
82;1;2;6.35 a 39;8.Sin especificar;3.Secundario/Polimodal Completa y más;2.2500 gramos y más;4
99;1;2;6.35 a 39;6.37 a 41;3.Secundario/Polimodal Completa y más;1.Menos de 2500 gramos;1
86;2;1;4.25 a 29;5.32 a 36;3.Secundario/Polimodal Completa y más;1.Menos de 2500 gramos;2
26;1;1;3.20 a 24;3.24 a 27;3.Secundario/Polimodal Completa y más;1.Menos de 2500 gramos;2
26;2;1;5.30 a 34;6.37 a 41;1.Hasta Primaria/C.EGB Completa;2.2500 gramos y más;1
10;1;2;3.20 a 24;6.37 a 41;1.Hasta Primaria/C.EGB Completa;2.2500 gramos y más;53
58;1;1;3.20 a 24;5.32 a 36;2.Secundaria/Polimodal Incompleta;2.2500 gramos y más;6
06;1;2;2.15 a 19;4.28 a 31;3.Secundario/Polimodal Completa y más;1.Menos de 2500 gramos;11
94;1;2;5.30 a 34;6.37 a 41;3.Secundario/Polimodal Completa y más;2.2500 gramos y más;194
38;2;2;2.15 a 19;4.28 a 31;3.Secundario/Polimodal Completa y más;1.Menos de 2500 gramos;2
70;1;2;6.35 a 39;6.37 a 41;1.Hasta Primaria/C.EGB Completa;2.2500 gramos y más;79
90;1;1;5.30 a 34;5.32 a 36;2.Secundaria/Polimodal Incompleta;2.2500 gramos y más;33
90;1;1;7.40 a 44;6.37 a 41;1.Hasta Primaria/C.EGB Completa;2.2500 gramos y más;71
82;2;1;2.15 a 19;6.37 a 41;3.Secundario/Polimodal Completa y más;2.2500 gramos y más;2
42;9;1;3.20 a 24;6.37 a 41;2.Secundaria/Polimodal Incompleta;2.2500 gramos y más;1
99;9;1;6.35 a 39;8.Sin especificar;4.Sin especificar;3.Sin especificar;10
30;1;1;6.35 a 39;6.37 a 41;3.Secundario/Polimodal Completa y más;2.2500 gramos y más;693
34;1;1;4.25 a 29;6.37 a 41;4.Sin especificar;1.Menos de 2500 gramos;4
10;1;2;4.25 a 29;5.32 a 36;1.Hasta Primaria/C.EGB Completa;2.2500 gramos y más;2
30;1;2;4.25 a 29;4.28 a 31;2.Secundaria/Polimodal Incompleta;1.Menos de 2500 gramos;1
34;1;1;7.40 a 44;5.32 a 36;2.Secundaria/Polimodal Incompleta;1.Menos de 2500 gramos;1
22;1;2;7.40 a 44;4.28 a 31;3.Secundario/Polimodal Completa y más;2.2500 gramos y más;1
18;1;1;2.15 a 19;4.28 a 31;2.Secundaria/Polimodal Incompleta;1.Menos de 2500 gramos;7
06;1;1;8.De 45 y más;5.32 a 36;1.Hasta Primaria/C.EGB Completa;2.2500 gramos y más;5
34;1;2;5.30 a 34;5.32 a 36;2.Secundaria/Polimodal Incompleta;2.2500 gramos y más;10
90;1;2;7.40 a 44;5.32 a 36;3.Secundario/Polimodal Completa y más;2.2500 gramos y más;19
54;1;2;1.Menor de 15;5.32 a 36;2.Secundaria/Polimodal Incompleta;1.Menos de 2500 gramos;1
06;2;2;3.20 a 24;5.32 a 36;3.Secundario/Polimodal Completa y más;1.Menos de 2500 gramos;26
74;1;2;2.15 a 19;7.42 y más;3.Secundario/Polimodal Completa y más;2.2500 gramos y más;2
38;1;2;2.15 a 19;4.28 a 31;2.Secundaria/Polimodal Incompleta;1.Menos de 2500 gramos;3
14;2;2;4.25 a 29;6.37 a 41;1.Hasta Primaria/C.EGB Completa;2.2500 gramos y más;6
86;1;1;6.35 a 39;4.28 a 31;3.Secundario/Polimodal Completa y más;1.Menos de 2500 gramos;9
34;1;2;4.25 a 29;5.32 a 36;2.Secundaria/Polimodal Incompleta;1.Menos de 2500 gramos;6
82;1;1;4.25 a 29;5.32 a 36;2.Secundaria/Polimodal Incompleta;2.2500 gramos y más;56
82;1;1;4.25 a 29;6.37 a 41;2.Secundaria/Polimodal Incompleta;1.Menos de 2500 gramos;15
22;2;2;2.15 a 19;5.32 a 36;2.Secundaria/Polimodal Incompleta;1.Menos de 2500 gramos;2
10;2;1;4.25 a 29;6.37 a 41;3.Secundario/Polimodal Completa y más;1.Menos de 2500 gramos;1
06;1;1;6.35 a 39;3.24 a 27;3.Secundario/Polimodal Completa y más;3.Sin especificar;1
30;1;1;5.30 a 34;4.28 a 31;2.Secundaria/Polimodal Incompleta;2.2500 gramos y más;1
22;2;2;6.35 a 39;6.37 a 41;1.Hasta Primaria/C.EGB Completa;2.2500 gramos y más;1
10;1;1;5.30 a 34;6.37 a 41;4.Sin especificar;2.2500 gramos y más;2
06;1;1;4.25 a 29;5.32 a 36;1.Hasta Primaria/C.EGB Completa;2.2500 gramos y más;111
38;1;1;8.De 45 y más;6.37 a 41;3.Secundario/Polimodal Completa y más;2.2500 gramos y más;9
06;1;9;9.Sin especificar;8.Sin especificar;1.Hasta Primaria/C.EGB Completa;3.Sin especificar;1
02;1;2;6.35 a 39;6.37 a 41;3.Secundario/Polimodal Completa y más;2.2500 gramos y más;2559
10;1;1;2.15 a 19;6.37 a 41;3.Secundario/Polimodal Completa y más;1.Menos de 2500 gramos;2
90;1;1;4.25 a 29;2.22 a 23;3.Secundario/Polimodal Completa y más;1.Menos de 2500 gramos;1
22;1;1;2.15 a 19;4.28 a 31;2.Secundaria/Polimodal Incompleta;1.Menos de 2500 gramos;3
54;1;2;5.30 a 34;5.32 a 36;3.Secundario/Polimodal Completa y más;2.2500 gramos y más;47
14;1;1;5.30 a 34;7.42 y más;3.Secundario/Polimodal Completa y más;2.2500 gramos y más;5
74;1;2;4.25 a 29;7.42 y más;2.Secundaria/Polimodal Incompleta;2.2500 gramos y más;5
42;1;1;7.40 a 44;5.32 a 36;3.Secundario/Polimodal Completa y más;2.2500 gramos y más;1
06;9;2;4.25 a 29;6.37 a 41;3.Secundario/Polimodal Completa y más;2.2500 gramos y más;1
82;1;2;5.30 a 34;5.32 a 36;1.Hasta Primaria/C.EGB Completa;1.Menos de 2500 gramos;29
78;1;1;3.20 a 24;6.37 a 41;2.Secundaria/Polimodal Incompleta;1.Menos de 2500 gramos;1
06;1;2;5.30 a 34;6.37 a 41;4.Sin especificar;2.2500 gramos y más;1859
78;1;1;5.30 a 34;4.28 a 31;3.Secundario/Polimodal Completa y más;1.Menos de 2500 gramos;5
54;1;1;6.35 a 39;5.32 a 36;3.Secundario/Polimodal Completa y más;1.Menos de 2500 gramos;14
06;1;2;4.25 a 29;3.24 a 27;2.Secundaria/Polimodal Incompleta;3.Sin especificar;1
66;1;2;6.35 a 39;8.Sin especificar;4.Sin especificar;3.Sin especificar;2
22;1;2;3.20 a 24;7.42 y más;2.Secundaria/Polimodal Incompleta;2.2500 gramos y más;1
50;1;2;3.20 a 24;6.37 a 41;1.Hasta Primaria/C.EGB Completa;2.2500 gramos y más;228
70;2;1;3.20 a 24;5.32 a 36;1.Hasta Primaria/C.EGB Completa;2.2500 gramos y más;1
86;1;2;3.20 a 24;6.37 a 41;1.Hasta Primaria/C.EGB Completa;1.Menos de 2500 gramos;26
50;1;2;1.Menor de 15;5.32 a 36;1.Hasta Primaria/C.EGB Completa;1.Menos de 2500 gramos;1
82;1;2;3.20 a 24;5.32 a 36;3.Secundario/Polimodal Completa y más;2.2500 gramos y más;66
18;2;1;6.35 a 39;5.32 a 36;4.Sin especificar;1.Menos de 2500 gramos;2
30;1;2;5.30 a 34;6.37 a 41;2.Secundaria/Polimodal Incompleta;2.2500 gramos y más;256
14;1;1;2.15 a 19;8.Sin especificar;2.Secundaria/Polimodal Incompleta;2.2500 gramos y más;2
70;1;2;7.40 a 44;4.28 a 31;3.Secundario/Polimodal Completa y más;1.Menos de 2500 gramos;1
14;1;1;5.30 a 34;6.37 a 41;1.Hasta Primaria/C.EGB Completa;2.2500 gramos y más;500
94;1;2;3.20 a 24;6.37 a 41;1.Hasta Primaria/C.EGB Completa;2.2500 gramos y más;8
90;1;1;2.15 a 19;3.24 a 27;2.Secundaria/Polimodal Incompleta;1.Menos de 2500 gramos;2
06;1;1;9.Sin especificar;5.32 a 36;2.Secundaria/Polimodal Incompleta;1.Menos de 2500 gramos;11
22;1;1;2.15 a 19;5.32 a 36;2.Secundaria/Polimodal Incompleta;2.2500 gramos y más;18
66;2;2;5.30 a 34;6.37 a 41;3.Secundario/Polimodal Completa y más;2.2500 gramos y más;9
06;1;2;2.15 a 19;6.37 a 41;4.Sin especificar;3.Sin especificar;21
22;1;1;9.Sin especificar;4.28 a 31;3.Secundario/Polimodal Completa y más;2.2500 gramos y más;1
66;1;1;2.15 a 19;6.37 a 41;1.Hasta Primaria/C.EGB Completa;2.2500 gramos y más;298
26;1;1;7.40 a 44;6.37 a 41;3.Secundario/Polimodal Completa y más;1.Menos de 2500 gramos;4
02;1;1;7.40 a 44;3.24 a 27;2.Secundaria/Polimodal Incompleta;1.Menos de 2500 gramos;1
06;1;1;6.35 a 39;6.37 a 41;3.Secundario/Polimodal Completa y más;2.2500 gramos y más;7982
70;2;1;3.20 a 24;6.37 a 41;2.Secundaria/Polimodal Incompleta;1.Menos de 2500 gramos;1
70;1;2;1.Menor de 15;6.37 a 41;1.Hasta Primaria/C.EGB Completa;2.2500 gramos y más;3
58;1;2;2.15 a 19;6.37 a 41;3.Secundario/Polimodal Completa y más;2.2500 gramos y más;36
66;1;2;7.40 a 44;6.37 a 41;1.Hasta Primaria/C.EGB Completa;1.Menos de 2500 gramos;3
54;1;1;4.25 a 29;5.32 a 36;2.Secundaria/Polimodal Incompleta;2.2500 gramos y más;33
26;1;2;2.15 a 19;5.32 a 36;2.Secundaria/Polimodal Incompleta;1.Menos de 2500 gramos;6
78;1;1;6.35 a 39;6.37 a 41;1.Hasta Primaria/C.EGB Completa;2.2500 gramos y más;30
70;1;2;7.40 a 44;6.37 a 41;2.Secundaria/Polimodal Incompleta;1.Menos de 2500 gramos;1
02;1;1;4.25 a 29;8.Sin especificar;4.Sin especificar;3.Sin especificar;1
22;1;2;4.25 a 29;6.37 a 41;3.Secundario/Polimodal Completa y más;2.2500 gramos y más;1113
42;2;2;6.35 a 39;6.37 a 41;2.Secundaria/Polimodal Incompleta;2.2500 gramos y más;1
30;2;2;4.25 a 29;5.32 a 36;3.Secundario/Polimodal Completa y más;2.2500 gramos y más;2
14;1;2;5.30 a 34;5.32 a 36;2.Secundaria/Polimodal Incompleta;1.Menos de 2500 gramos;31
02;1;2;7.40 a 44;4.28 a 31;3.Secundario/Polimodal Completa y más;1.Menos de 2500 gramos;5
82;2;2;7.40 a 44;5.32 a 36;3.Secundario/Polimodal Completa y más;2.2500 gramos y más;5
58;2;1;4.25 a 29;6.37 a 41;1.Hasta Primaria/C.EGB Completa;1.Menos de 2500 gramos;1
02;1;2;2.15 a 19;5.32 a 36;1.Hasta Primaria/C.EGB Completa;1.Menos de 2500 gramos;2
06;2;1;5.30 a 34;6.37 a 41;3.Secundario/Polimodal Completa y más;1.Menos de 2500 gramos;22
22;2;1;5.30 a 34;6.37 a 41;2.Secundaria/Polimodal Incompleta;2.2500 gramos y más;4
78;1;1;4.25 a 29;6.37 a 41;4.Sin especificar;2.2500 gramos y más;2
34;1;1;6.35 a 39;5.32 a 36;2.Secundaria/Polimodal Incompleta;1.Menos de 2500 gramos;1
18;2;2;5.30 a 34;3.24 a 27;1.Hasta Primaria/C.EGB Completa;1.Menos de 2500 gramos;1
